"q95","q90","Median","q10","q5","Escapement"
0,0,0,0,0,0
638.278471260752,599.595843347734,484.001666791134,389.74992563371,367.767835355471,100
1274.47852640742,1197.45319312124,966.744384013934,778.577566354735,734.777609912414,200
1908.65046564568,1793.28014682597,1448.04960406301,1166.48455915425,1100.96802463115,300
2540.74687895075,2387.03831615714,1928.21406552547,1553.47253844049,1466.3612498952,400
3170.66088948883,2979.16403473027,2407.20785023463,1939.54313604256,1830.95858637094,500
3798.79522762665,3569.58463154132,2884.98240343642,2324.69798121427,2194.76133283873,600
4425.05138569282,4158.15195490349,3361.54004880791,2709.14016208439,2557.77078619549,700
5049.31834663833,4744.82408852701,3836.52426979348,3092.86128929033,2919.98824145727,800
5671.62832621279,5328.64756308421,4310.21867534487,3475.83634178528,3281.27223242473,900
6291.97322104791,5911.47444297579,4782.42000799809,3858.2827705413,3641.69855070402,1000
6910.26620054245,6493.34177706778,5253.53039859956,4239.14332823617,4001.30239400305,1100
7525.94627686498,7073.52487703218,5723.41034072635,4619.05920222474,4360.1762710032,1200
8138.62732165533,7651.24189321372,6191.54084092631,4998.81305741422,4718.90923888314,1300
8749.98276706232,8226.92510741289,6658.61837510163,5376.75162226899,5076.7332975838,1400
9359.8413485964,8800.86385537744,7124.67327368688,5753.76070682836,5432.86039558559,1500
9967.60632980331,9373.05327715665,7590.433658809,6130.48995862553,5788.10168751386,1600
10573.3327431912,9943.24454061314,8054.53756093203,6506.54103098754,6143.07117721144,1700
11176.0257787498,10511.7808637732,8517.2490966992,6882.21500544578,6497.40969288667,1800
11775.3485499256,11078.394605398,8978.65798784008,7257.14064206345,6850.97636274146,1900
12372.4425875595,11642.6612500423,9438.70574504161,7631.14118026267,7203.67109511871,2000
12967.5544578699,12205.3281414325,9897.51866401898,8003.70016330964,7555.17087868948,2100
13563.3148665748,12767.7611615133,10355.2534195792,8375.41277306513,7905.8944148749,2200
14157.1350922107,13327.046346328,10811.9476916609,8746.28044068903,8255.83593436377,2300
14749.0497765235,13884.2621999022,11267.9914822895,9116.30459519411,8605.09613148691,2400
15339.4365002666,14439.3820026097,11722.0811966452,9485.48221518164,8954.91321825591,2500
15927.930167111,14991.802300122,12174.7704064658,9853.08836280288,9304.08870735777,2600
16514.5053199707,15542.3313660548,12626.4312713876,10220.7573123692,9652.40830602064,2700
17099.1834757591,16093.001042653,13076.8851469486,10587.7328363122,9999.18856033433,2800
17681.9445494914,16642.8460421192,13526.772906872,10953.7443440419,10345.2152441336,2900
18262.8125755833,17189.4642428004,13975.3823345906,11318.7596162832,10690.4895735357,3000
18841.8636461262,17734.1782187893,14421.8429376305,11683.2042904273,11035.0127629173,3100
19418.4546215072,18276.960324892,14866.2256689299,12047.0301905179,11378.7860249173,3200
19991.0049553188,18819.6922796533,15309.7062881625,12409.8688208772,11721.706496478,3300
20562.0488871773,19358.8775265303,15752.3067000939,12771.4707786112,12063.800229728,3400
21131.8958534737,19897.8276712281,16194.198398972,13131.5339081674,12405.6206994052,3500
21699.8534767445,20432.4666061426,16635.3170198373,13491.0282783312,12746.4039911777,3600
22266.8086248776,20965.6601129716,17074.302314537,13850.0911834544,13086.7710321385,3700
22831.2874810802,21497.0043810208,17512.8078267348,14208.5076266846,13426.5148428557,3800
23393.1374140438,22027.051555458,17949.3699204252,14566.7514318375,13765.5850507192,3900
23953.055199191,22557.5253755336,18385.2467111891,14924.3924143559,14103.994524377,4000
24511.0457098438,23085.0198491145,18819.601783437,15281.2573997148,14442.1227329277,4100
25067.1138084568,23611.9141521545,19253.258578494,15637.3804609376,14778.3537196233,4200
25621.7238029411,24138.6117908197,19687.8418327105,15991.8754676118,15113.1709240031,4300
26175.3869819024,24663.9547284134,20120.5246648016,16345.5617838549,15446.1828073082,4400
26727.0076903063,25187.7142590541,20551.5516276007,16698.8477244152,15779.8702167155,4500
27276.7513819994,25705.0950893819,20979.7810278879,17049.7502919264,16113.2383767827,4600
27821.6937581301,26219.5465735144,21406.8119626229,17398.2295405948,16446.2444860685,4700
28363.9366272148,26734.1946604866,21833.9959709619,17746.5642952377,16778.9421008937,4800
28912.5199739878,27245.790679137,22258.9414046158,18097.1640364248,17110.9401418786,4900
29458.2241850767,27757.8527609461,22680.8746541779,18444.5947928951,17442.3435443483,5000
29998.9627254731,28271.1737397397,23103.9431692397,18792.0699262496,17774.4009048262,5100
30536.2468391681,28782.9171343645,23524.849880576,19138.9771660657,18105.3673713779,5200
31071.5319739263,29291.3624088306,23944.9102941724,19484.5739659045,18432.6912526548,5300
31604.7239346342,29797.9371701685,24363.8778927599,19830.8726339289,18760.7368684322,5400
32134.4782747097,30302.2211624946,24781.6080690563,20174.7024152557,19088.202981031,5500
32661.0177911372,30802.6603725446,25198.7911035423,20518.336314162,19412.3941362252,5600
33185.5994178467,31307.2875734374,25614.6091400309,20861.0968436924,19739.2731636218,5700
33708.2284250907,31807.6117270694,26026.6833745187,21203.0813491207,20065.698102892,5800
34236.543846844,32305.5856198613,26439.3553049082,21544.2658875044,20391.6060199803,5900
34765.5699706647,32803.7401209738,26850.8547105222,21884.728730013,20717.6012659271,6000
35286.4229913946,33298.5495615235,27262.1150870398,22224.7785669355,21040.7751371376,6100
35805.4253576843,33790.2466300526,27671.610563691,22563.3537100536,21364.3579269262,6200
36322.2029893715,34280.6014570707,28078.8495942783,22901.9228929276,21686.7295410392,6300
36837.1556922335,34769.3097597847,28484.9173518199,23239.0171163834,22004.8669771323,6400
37350.0860750262,35256.0264480145,28891.2377213882,23574.6450852479,22323.5527049203,6500
37861.0998493756,35742.6959883359,29294.4093769025,23909.5701831273,22643.833486635,6600
38370.2945624406,36228.2663878767,29698.941122449,24245.1555062122,22963.4365203529,6700
38877.6748790936,36712.0677084664,30103.3001497789,24580.6155366275,23282.3628568725,6800
39383.2454536735,37199.0376010692,30505.3376717012,24913.896956015,23600.6135455519,6900
39887.0109300087,37681.1495941306,30909.0265517282,25246.7294617604,23918.1896343111,7000
40388.9759414391,38160.3373129786,31309.1445802143,25578.9120202781,24235.0921696334,7100
40890.3699712719,38637.5656888069,31710.2014476606,25912.5983887777,24551.3374999269,7200
41387.8644364377,39112.5498974026,32108.4092888218,26246.0504821378,24866.9521890763,7300
41886.6683634474,39583.7890978888,32505.5258573689,26578.8050774451,25181.8978667488,7400
42385.3831775571,40054.8287309811,32901.2541242442,26904.5987608125,25493.5567867109,7500
42882.4109404901,40525.398978957,33295.6758384853,27229.2543588247,25804.2423451735,7600
43377.7557487744,40994.0215174779,33687.7831481072,27553.674073308,26116.6597956562,7700
43871.517531874,41458.1852393213,34078.7783041788,27878.0748211436,26432.7366334546,7800
44368.0703770212,41920.7131442392,34471.5852768889,28205.2242038223,26746.0067788398,7900
44863.0538011633,42381.6093559995,34860.748702362,28529.711254303,27053.5343216244,8000
45356.4713679722,42851.7776482695,35246.3788544352,28853.4223637518,27363.1436544026,8100
45841.0645211254,43316.0135120866,35630.8511073371,29176.7709206618,27672.8369950362,8200
46322.3546195912,43773.818118453,36015.4786966666,29499.4502386445,27978.7707054162,8300
46801.6217305393,44230.039935676,36399.0012285555,29821.3687520087,28284.2644575374,8400
47279.581081031,44684.6828684548,36782.2064287628,30139.902391838,28591.2391365586,8500
47757.3673370404,45138.15154129,37167.8977343674,30460.3991597034,28899.2365320395,8600
48229.7792607877,45594.0035820578,37549.5676890928,30774.2931610598,29200.6091211152,8700
48702.0952725507,46048.206811382,37929.8322005311,31093.2671229372,29501.2263942009,8800
49173.0356504637,46500.7777341128,38310.4046940908,31411.8291835418,29803.3374404014,8900
49642.1711272098,46948.2251388072,38687.5340747597,31730.2977586285,30106.0413130777,9000
50113.9779163461,47389.4121058148,39063.9528082852,32048.2170732121,30409.4156442671,9100
50584.2088651018,47828.6585566724,39442.0359443637,32360.8198389364,30712.1547035124,9200
51052.8196520879,48266.2731824895,39818.9385887802,32679.091684119,31014.2429768232,9300
51520.0108598736,48709.0260983503,40191.2221063601,32995.4838755445,31313.4170257484,9400
51985.4528217961,49151.2631405256,40562.0708279128,33309.9221056148,31614.8364018601,9500
52449.5289614345,49592.0197666832,40932.4266352746,33623.1792909701,31915.8019499996,9600
52912.0059837575,50031.2994924251,41303.7338822636,33933.9575100368,32216.1908759177,9700
53372.8877879941,50469.1058260283,41674.5218609202,34243.3531614821,32514.9812198316,9800
53832.1629236434,50905.4422684592,42042.0820594197,34551.9717397382,32806.2390642605,9900
54289.7389608665,51340.3123133872,42407.5985162144,34856.5397213562,33104.9931942546,10000
54745.9224921257,51773.7194471998,42772.4984164747,35159.2697175784,33403.2508874326,10100
55200.5274097132,52205.6671490158,43137.7513884853,35467.9918125511,33700.8917154712,10200
55657.6569779298,52636.1588907002,43503.604133055,35776.4868805501,33997.9166016576,10300
56110.5025901611,53066.4137296366,43868.4243458593,36082.9622136371,34294.3264680609,10400
56560.970148355,53495.4081754427,44230.5593845577,36386.8106954717,34588.9087502037,10500
57009.88272806,53921.2496711694,44590.0746145467,36690.9192963469,34882.6285978639,10600
57457.244105061,54344.9182048972,44947.2541203037,36995.6814476185,35175.7117329542,10700
57902.7090094367,54768.5716826801,45304.5141111143,37299.7168494583,35468.1591503778,10800
58341.2373466587,55194.227399485,45662.5094034766,37598.9133372992,35759.9718436695,10900
58777.173301787,55611.8822736823,46023.2298605301,37895.6490351155,36051.1508049967,11000
59210.5973707119,56032.1138526136,46378.6103871968,38198.0046775756,36341.6970251617,11100
59636.6072302482,56454.3118176053,46732.0053333301,38497.333816589,36631.2744824,11200
60060.8937948601,56872.0725920757,47080.005186373,38797.1826007264,36913.0984214312,11300
60484.7329723736,57288.4290835397,47436.4879311809,39097.4639904725,37194.2266508369,11400
60908.161772837,57702.4800689178,47789.6634896844,39397.5876950983,37476.3559165223,11500
61329.9170659885,58108.5501789957,48139.8443022521,39697.0133651349,37763.1267026195,11600
61750.0034237703,58526.9609357361,48489.8642246541,39996.4580384339,38046.3833142393,11700
62174.5647926959,58938.3027784079,48836.4322409552,40296.055433572,38323.8227210515,11800
62612.9918089757,59346.3675456548,49186.1075938532,40592.6389848144,38599.3651648297,11900
63046.3475748493,59746.4583975247,49534.3167608753,40886.6509912279,38879.9786700305,12000
63473.372982375,60160.2077640439,49878.2384151905,41181.9174330474,39166.7087841395,12100
63887.7644985398,60566.0069261415,50223.567688556,41471.2927349916,39452.8587313705,12200
64300.0441672975,60969.6215606976,50566.6566530847,41758.4877050319,39738.4293588909,12300
64726.3344992819,61371.5658688331,50908.7241414469,42048.3449776262,40023.4215127745,12400
65154.6799200788,61772.1423117981,51249.7722912679,42343.4426085052,40307.2809344242,12500
65568.8145971119,62171.3541271128,51588.1105156582,42637.2923701757,40587.3346758994,12600
65978.2502915794,62569.1724235771,51928.8191062098,42922.3032073229,40867.3175871552,12700
66397.9151151288,62967.5937299031,52266.8220270244,43214.4421050092,41146.6807720938,12800
66805.0803769731,63360.5245634653,52604.8846470585,43500.8718713303,41425.4252132883,12900
67207.7048282784,63749.6369270003,52942.051905272,43789.3296079857,41703.5518919396,13000
67608.7550932556,64136.9698972815,53274.8911219913,44078.1609988751,41981.0617878787,13100
68008.2353817261,64522.5707028917,53611.6910216439,44370.0818499757,42262.1861007785,13200
68406.1498937108,64906.7644472584,53945.0361242439,44653.9344474104,42548.3682944295,13300
68802.5028194509,65289.5546602803,54277.2340059931,44940.5776987472,42834.0668862718,13400
69196.3029144768,65674.2802025231,54611.2552960528,45226.6945639266,43110.1655833804,13500
69588.111830397,66051.050946244,54939.5413994879,45512.6603032947,43385.0539324397,13600
69983.5130146137,66429.5392946071,55266.812808567,45799.9252449843,43655.3952422688,13700
70378.0757662169,66806.7505271358,55598.3071241857,46084.6215583427,43925.0806925098,13800
70769.165577835,67190.556428195,55926.8884748324,46362.1477755289,44194.6583705017,13900
71165.9608908922,67563.6204046805,56252.1048988387,46638.8830182025,44470.3847165302,14000
71564.8138589071,67936.1028155883,56583.6189713897,46914.1563872474,44753.5754652227,14100
71962.8720300752,68308.4768034132,56911.354873686,47196.4540355612,45024.9774736952,14200
72358.3040681317,68678.5888461982,57233.9944590024,47479.5966642081,45293.9696980545,14300
72736.7560504057,69047.1542864778,57558.1073185726,47759.8499795079,45562.340762179,14400
73117.7811300098,69420.0389892168,57879.6402482924,48033.5008932789,45827.9340241394,14500
73516.059130395,69785.3428744728,58201.9271852228,48312.8192810851,46092.9750095367,14600
73913.7678360055,70151.5208426516,58523.9333600865,48591.8352313449,46357.4043705445,14700
74310.1890983536,70529.2133211452,58843.0879161698,48870.200885337,46621.1931481357,14800
74705.3257865115,70904.7774625501,59156.6227496924,49148.5324570012,46884.3424352214,14900
75086.3186297602,71270.5237631807,59475.8223354795,49426.7767014553,47146.853323079,15000
75459.3855841872,71626.5205827682,59791.2368234631,49704.649776168,47408.7269013546,15100
75828.8576109661,71979.6750259533,60112.6291241195,49981.7333782126,47669.9642580656,15200
76196.8406914607,72331.087797903,60427.0083794523,50258.3101235269,47930.5664796028,15300
76563.3388483885,72688.4322199894,60741.7261985666,50530.1807836935,48190.5346507323,15400
76928.3560950402,73048.0614118611,61055.8347019202,50801.1310161965,48449.8698545985,15500
77291.8964353004,73407.5176939747,61366.3478227493,51070.8816252432,48708.5731727255,15600
77653.655984739,73759.467459001,61678.7351740126,51339.2691697295,48968.0630836691,15700
78016.7227109071,74110.3466207711,61985.1208327671,51606.3633637592,49233.5534795729,15800
78383.2977390022,74459.9121901165,62290.3525426831,51872.8858927562,49488.8915178745,15900
78748.1582816743,74808.1674765676,62594.2143109532,52138.8297449743,49746.4391536094,16000
79111.5673508776,75165.3670013726,62900.3632330627,52404.0809449076,50005.2310557274,16100
79473.5874403105,75521.6137465197,63206.5975997504,52668.4681628479,50261.1012366887,16200
79834.2221055817,75876.6576396667,63511.1789362252,52939.6678695651,50520.7730584425,16300
80203.4478508474,76229.5836412102,63816.8273622686,53201.5546612501,50778.3368631703,16400
80576.6611730245,76559.8094072386,64124.1250378221,53458.664651624,51038.5100472155,16500
80946.4620634617,76887.2609205001,64429.253308607,53719.613749186,51298.1319988104,16600
81293.2660971812,77228.1410710692,64732.7659319855,53980.8188766567,51555.4784174815,16700
81655.4518781061,77575.4284683158,65032.0631843349,54239.3255471171,51813.1364626354,16800
82020.4922883043,77930.575703059,65325.2527317169,54501.3945962268,52065.2775304041,16900
82383.5753810653,78277.5490667265,65620.4374170641,54761.8873193744,52314.7078038021,17000
82745.4026077442,78607.7527717756,65920.5664438751,55022.6823641416,52568.9996518843,17100
83100.8659405142,78951.4805101686,66215.4317995726,55284.1146345934,52820.4837802561,17200
83446.9050435655,79276.427147438,66515.259007683,55543.6919131078,53069.7255640763,17300
83791.5854348358,79599.8815147419,66817.7083853639,55802.6234307907,53318.3618860674,17400
84133.9841015646,79933.45350904,67114.0771665279,56059.1056158384,53565.2368186588,17500
84474.96778051,80262.6392677159,67408.1578865135,56316.1156963805,53813.2396779381,17600
84814.5952703652,80586.9929099222,67697.8741111016,56573.6351504661,54059.5876094547,17700
85154.3138708528,80922.8120123294,67989.9396368102,56834.8489246106,54305.4488532633,17800
85499.0125258619,81257.2166114598,68281.4757375541,57097.3826982396,54550.8379423408,17900
85833.5518376143,81579.3483390808,68578.9622776276,57356.3299118114,54796.0136976026,18000
86163.8335217541,81902.2548316318,68873.0854223,57613.3608924661,55040.617888296,18100
86493.8207637958,82228.92725145,69159.2265315957,57874.153139818,55284.6264389487,18200
86825.2917202651,82550.9005612648,69443.7888760316,58134.5962750402,55528.9363354713,18300
87155.4304147464,82878.4896672714,69738.4100799642,58387.9441936928,55777.5593485062,18400
87484.2403465437,83204.9210748182,70024.0997493087,58640.991966431,56025.6407011744,18500
87808.9646004722,83530.6010151486,70306.7221934383,58894.8263301592,56273.1812179352,18600
88128.814907676,83846.6086011032,70581.8603655594,59138.2575266092,56520.1817221505,18700
88447.3009402498,84157.1646808176,70865.1537389618,59381.3373384472,56766.6430360855,18800
88764.4264527569,84466.9621460384,71151.2463432512,59622.1188039059,57006.93703573,18900
89080.1951908667,84785.4294228605,71427.6345553311,59864.8836236981,57237.6649849125,19000
89397.4432097955,85105.246061585,71707.7609020433,60122.0724481305,57467.7348908173,19100
89719.8938705499,85428.9471186631,71985.9350068618,60377.1856424853,57697.1480293991,19200
90041.0650070164,85743.2986750414,72270.9379985196,60616.2383204224,57926.2745279769,19300
90360.9599189507,86049.5145617597,72546.5107650874,60861.1744383505,58154.8404243624,19400
90679.5818987743,86363.9188587071,72822.1077861741,61111.8946662328,58385.7066766957,19500
91008.3970473519,86676.3259847216,73097.092926345,61359.4992004189,58626.5403153731,19600
91332.7834050008,86987.4865841573,73372.7013614761,61600.047560588,58869.0195511968,19700
91646.5959026062,87295.1770358541,73645.7527097476,61842.2886114833,59106.1281184013,19800
91958.5238800527,87595.8386854885,73921.2944781643,62089.5707797702,59346.0855927034,19900
92266.8264997932,87909.8650469675,74195.7845664772,62337.4879449806,59588.1325814028,20000
92579.4468185684,88214.0725606421,74465.26765592,62572.6518881117,59821.4895139557,20100
92896.0199420849,88517.1417596319,74740.7122160315,62813.7293104818,60051.0042211453,20200
93212.3417761494,88819.0754177316,75017.4719250835,63052.9957796882,60272.4703739457,20300
93526.6387376841,89119.8763029084,75287.0290249272,63284.4990090604,60499.3499852402,20400
93839.140221561,89419.5471773137,75553.7607790748,63523.0960611801,60728.0265400521,20500
94149.8619090462,89720.2550669323,75816.481659442,63766.3731235953,60966.4785184113,20600
94446.5550188098,90032.2704981208,76082.6593548675,64013.5089556078,61204.4245491526,20700
94743.9396925316,90326.171174477,76346.9121865311,64260.3760667175,61441.8653775273,20800
95037.5186223397,90618.8824039631,76610.8999010215,64503.5756114154,61678.8017478268,20900
95330.1007316343,90909.2840178002,76873.5748801472,64739.7829206652,61915.241427467,21000
95621.4152592393,91198.4760217597,77135.0130115561,64966.7731047914,62152.1619062065,21100
95920.2175380617,91486.5330247878,77391.5276882105,65199.8952131244,62381.4964364579,21200
96213.4971507229,91773.4578824901,77652.8920644562,65439.3078942285,62607.8442434676,21300
96499.1012821392,92066.8574664509,77915.9808084267,65678.6790320604,62835.1284462233,21400
96793.6348898283,92357.2977646305,78177.865550684,65917.4863688832,63055.2809248687,21500
97104.5466025072,92654.6485819721,78442.7158809272,66155.9970017855,63274.8358680393,21600
97419.346489943,92927.3210028295,78704.1254139254,66387.2285997755,63494.6796956642,21700
97733.0914588179,93210.643976451,78964.094715154,66617.4920728779,63727.7619975429,21800
98045.1431674194,93491.5952732293,79223.2557204919,66851.680812493,63953.6191045476,21900
98344.8867321435,93774.5445289991,79476.6801400395,67086.8473997851,64178.5890088942,22000
98643.4197365611,94057.7809221291,79723.0796498897,67319.0417190769,64397.8425989415,22100
98937.3026736737,94333.784445542,79976.0913344257,67547.4351117328,64612.8828653818,22200
99206.6768387766,94608.0249182336,80227.1474248804,67781.4703798079,64830.8345341279,22300
99474.2195087677,94894.315411312,80478.7221377752,68014.2896703994,65048.4830032952,22400
99740.4958848254,95171.7857117138,80733.5499025673,68244.2098404745,65264.8646113217,22500
100005.509626998,95440.5238851867,80982.1461027419,68471.3302759844,65476.3826616837,22600
100276.424881288,95714.2586894344,81226.1792204233,68698.5193232875,65687.3001302335,22700
100566.638459934,95982.3209018184,81470.7232536126,68925.1245971229,65897.6181525405,22800
100855.751968153,96248.3115492365,81719.8607860014,69142.8962114771,66107.3378623147,22900
101139.67819958,96512.6374741075,81966.7448306146,69356.82852031,66316.6938642391,23000
101408.610576909,96774.2607433551,82208.7180822006,69577.8606558358,66532.4472475101,23100
101675.606108994,97035.8203886096,82462.359808008,69799.9394140708,66750.4260606568,23200
101941.410593526,97293.6468639977,82707.724502176,70021.8532399595,66967.9954406362,23300
102206.027291944,97547.1818744752,82957.0018371505,70239.0557357297,67185.2768540286,23400
102481.308982839,97804.7199101677,83197.6532878662,70451.0167755767,67402.0322825954,23500
102745.830771224,98073.2706290575,83436.1520992941,70664.900049998,67614.329258981,23600
103005.9668476,98329.767231033,83665.2116516776,70886.70500427,67823.826000503,23700
103271.484946444,98582.2710520221,83912.1794699311,71114.6633412646,68032.7606178121,23800
103553.596462382,98840.5469297212,84157.2180443153,71341.5368470397,68241.1341165264,23900
103831.348373595,99098.3499122122,84395.9427770384,71553.715400116,68448.9475007058,24000
104106.325494661,99354.0555136322,84632.9016479864,71764.1979130884,68656.2017728546,24100
104379.976286005,99608.1485443153,84871.7984023013,71976.2437926977,68862.8979339232,24200
104646.296513214,99864.2310311861,85109.076538937,72193.9292951204,69069.4080336979,24300
104908.496812796,100116.583956545,85348.902925788,72404.7997740888,69274.9316645747,24400
105178.053745518,100366.948856486,85578.6372274557,72613.8132306584,69476.6958529706,24500
105443.624840347,100620.71900495,85810.3741086577,72822.3385580293,69681.6424252522,24600
105693.8334706,100873.136967074,86055.4395212653,73040.9723646707,69887.888744027,24700
105940.112643543,101143.11815957,86289.8129265709,73250.773172132,70094.7720933917,24800
106185.23917822,101385.053279197,86523.8584572323,73462.6423698261,70300.4451515174,24900
106431.794079915,101630.011301729,86748.2614799087,73675.052471502,70506.0095389294,25000
106682.179399602,101891.866751686,86981.763391597,73886.8945727622,70712.6161477153,25100
106941.509538645,102136.405541462,87207.8863740094,74098.7216787116,70915.0867697089,25200
107202.667729557,102381.31450399,87437.0778531929,74310.0279173044,71120.9066293158,25300
107460.743038377,102617.323718202,87667.0256105821,74520.7724933082,71327.8027653183,25400
107701.233912392,102864.09642983,87895.374972418,74731.6595424824,71530.3321372314,25500
107929.966059675,103120.188036289,88114.7962017109,74942.38798254,71728.411000628,25600
108165.728941909,103367.726698383,88340.1702712525,75160.8101569781,71928.2175106392,25700
108409.24771264,103605.577650052,88568.8199141405,75376.2737889671,72129.1641137206,25800
108686.837749503,103856.481557018,88787.8613400926,75579.2954013943,72329.7907663827,25900
108967.369064641,104095.007526412,89013.2443498663,75780.6770072566,72537.8568392444,26000
109247.008715446,104348.77966063,89246.0250962165,75985.6688226464,72748.4361909912,26100
109494.774315256,104590.871042455,89469.1259573322,76198.8200196907,72958.5559191084,26200
109731.253370036,104838.379357322,89687.3936513168,76409.9706580478,73165.648575258,26300
109966.017626688,105065.510367481,89908.1949295747,76611.706563033,73367.3574574,26400
110202.561671195,105295.492178328,90130.8866428685,76810.2296489492,73568.566857479,26500
110447.830914895,105525.713797203,90346.7595757452,77010.2213174788,73769.3475109654,26600
110690.000452208,105743.97223457,90564.0332229183,77213.6488834267,73961.7785602224,26700
110914.872191609,105978.099198677,90776.2946886216,77430.7415520125,74152.0367593511,26800
111136.655137977,106211.26576217,90988.9013747397,77640.4331670852,74341.7493511599,26900
111357.342680444,106449.571483124,91206.5989005585,77841.9933244344,74530.917351437,27000
111580.98433702,106695.448017384,91418.5304240698,78042.7866287231,74719.5417743401,27100
111796.125363698,106933.482714108,91631.8784847693,78235.4824246799,74907.6236323996,27200
112025.338518822,107143.112870909,91847.6952796499,78426.5816170776,75103.5818096879,27300
112257.194877082,107369.574986417,92055.9702909163,78616.5370330732,75302.3823415626,27400
112481.128172053,107593.134661263,92269.5039865946,78805.2046253747,75488.8742037328,27500
112704.017917945,107820.860698937,92480.7522852555,79005.8173963765,75682.1826977089,27600
112925.050334406,108049.877085658,92697.1557594279,79215.9768238045,75876.1562400185,27700
113144.828955178,108285.511198325,92912.0696575162,79416.1282857475,76073.5486549478,27800
113363.568482116,108514.991154434,93121.5012014309,79611.5667841688,76280.0430415422,27900
113570.798038105,108745.001380773,93335.8574296173,79807.0601219121,76486.1154655396,28000
113791.294067525,108984.938105665,93543.5853664515,79998.9199667339,76676.2269165064,28100
113999.471685168,109207.837105495,93749.2502129977,80198.7314074378,76861.2744645851,28200
114206.594040413,109424.823714466,93950.7521671773,80392.6940456085,77045.7997754977,28300
114414.244170316,109636.669276687,94147.9564072525,80586.7832860638,77229.8038005031,28400
114638.233724151,109852.491670752,94345.5717860345,80780.5989668903,77413.2874893685,28500
114835.244504845,110061.152681921,94548.2096760039,80974.6104297104,77596.2517903719,28600
115037.068305936,110271.533611114,94749.3246082543,81168.6155677494,77784.3119579357,28700
115229.860618878,110480.975378377,94945.6375144767,81366.2555760352,77967.9538602678,28800
115448.97763433,110689.4804257,95143.3317891729,81557.5533316164,78140.720633132,28900
115667.126411763,110899.75869012,95342.5660932618,81744.4523517596,78330.4933176612,29000
115884.309445376,111118.715449921,95540.9492781153,81934.8617265429,78532.4606039996,29100
116099.333974103,111329.327237937,95740.2292020888,82131.2729918013,78711.1916602012,29200
116305.214112765,111545.052156155,95947.2831162219,82325.7747317927,78877.0922337996,29300
116527.778380876,111754.214362863,96142.717013142,82522.1487583856,79057.1246709113,29400
116731.266635275,111964.166512753,96336.8412840833,82718.8783054992,79229.1765301816,29500
116937.378902492,112164.649880487,96530.4901595917,82914.0852810311,79400.7614765001,29600
117148.099264955,112376.842708303,96724.3310082218,83109.2159871261,79571.80984556,29700
117357.51021162,112587.165238405,96919.55261763,83303.861604592,79751.3761677417,29800
117562.747303377,112797.710949085,97115.3090455151,83498.0229216845,79919.4174862142,29900
117774.107673752,113006.995191212,97312.4208718655,83691.700725553,80087.7504679832,30000
117981.606766152,113215.401991709,97500.0700513092,83860.7146731204,80272.8073785504,30100
118201.61690708,113417.888459113,97688.6124798523,84026.5982569457,80447.8219872671,30200
118409.318889561,113603.285658396,97879.4210561884,84193.1414083957,80629.8504095368,30300
118601.667298618,113799.350482818,98069.2746398769,84385.8340265044,80824.0002492317,30400
118811.403870355,113999.493938506,98260.5415255106,84578.8689980836,81003.321135985,30500
119020.231900443,114197.842007861,98446.3245157563,84747.4634879192,81180.6521722815,30600
119216.480720001,114398.279899106,98641.58221475,84915.0635820859,81356.1365013416,30700
119413.77848996,114590.182433074,98822.7196324381,85102.3466980176,81531.5035326145,30800
119608.076598778,114763.004203691,99010.8978769628,85291.4100329417,81706.3873388494,30900
119813.161842124,114948.187511564,99198.0600922579,85458.9209711878,81880.7887705166,31000
119999.771913789,115137.311570283,99391.4839187187,85634.9007309828,82051.6851942192,31100
120196.186531545,115326.987277218,99586.9118714453,85812.3646296135,82214.3486725107,31200
120391.987953037,115528.347911743,99783.5849704064,85990.158705417,82376.7956851236,31300
120586.87745801,115723.23304846,99972.340333053,86166.5924199428,82538.7750731126,31400
120780.857428555,115894.493270774,100152.954786228,86347.2521342193,82700.688899498,31500
120973.930241529,116075.501238513,100337.001148814,86523.3028243356,82862.16473274,31600
121165.629504141,116262.600198576,100519.963813467,86699.4585274927,83041.4476922724,31700
121355.962757639,116455.635301571,100700.704434516,86872.3411787977,83219.0944052646,31800
121546.565981463,116657.260454258,100877.224565665,87040.9419411864,83394.7971454871,31900
121760.516308008,116859.539688867,101052.755529627,87209.0129861022,83553.4292500317,32000
121962.880931551,117022.478173269,101235.330481338,87378.3260274263,83711.7369718766,32100
122151.333812492,117185.775890576,101416.388923002,87549.0862744705,83881.7074723601,32200
122338.897952492,117370.48893219,101598.767723564,87708.0341371499,84051.2125620229,32300
122502.43485896,117532.391169179,101777.92855596,87872.2909994856,84201.4861655391,32400
122711.191029266,117706.723585168,101956.405212998,88036.0169158413,84349.8006243641,32500
122896.925425354,117879.688027119,102139.384900097,88203.1894675486,84506.6019508716,32600
123080.313436074,118061.222991157,102313.551902445,88367.2879202006,84665.307537579,32700
123262.072943127,118242.491526142,102484.555722048,88547.7787904979,84838.2156259978,32800
123448.482475854,118409.21467789,102658.959854632,88728.1278653949,84996.922201512,32900
123629.457593394,118591.914734025,102838.295409779,88908.0229365706,85161.8562337342,33000
123810.236311393,118781.162758726,103009.824969631,89087.7367402378,85324.1695039778,33100
123996.325670588,118944.019252299,103179.390929327,89244.3225363577,85507.3850488766,33200
124173.495259309,119109.747253046,103345.247049667,89398.6312911404,85676.4248649229,33300
124345.602006744,119279.252033686,103512.445456767,89565.8541568277,85845.5971738061,33400
124522.770906079,119457.449398965,103693.710467631,89736.7560973034,85991.7530602319,33500
124707.793103866,119616.064463843,103862.053716554,89906.7214793064,86133.0091885756,33600
124898.296567378,119784.289786314,104021.596646753,90060.5788951199,86290.9142367334,33700
125066.725433301,119955.46129818,104188.948878482,90217.5268501886,86454.4325741028,33800
125240.189876534,120120.926404547,104352.414479167,90396.5757385307,86618.6315357009,33900
125429.60052967,120288.326524534,104522.226282222,90575.1462704129,86761.5850496821,34000
125619.588897643,120454.714511804,104697.012215079,90736.405143239,86931.0710608346,34100
125801.53975426,120617.848423688,104860.819796547,90906.2399664731,87085.0027901166,34200
125995.370414032,120763.70329953,105032.219052439,91072.563327079,87249.8986307831,34300
126177.424768018,120935.592372367,105200.818716792,91223.9850540093,87407.690068687,34400
126371.971073367,121115.195947864,105363.588212921,91375.9237677622,87549.1826317599,34500
126554.733361435,121300.791725224,105528.621689185,91528.9369880153,87708.4698568769,34600
126706.37614908,121457.960871829,105691.498252025,91671.1090532114,87860.7464528275,34700
126872.081391423,121612.278887707,105857.815127683,91836.9827688206,88006.5738035727,34800
127043.809467877,121790.115405763,106011.315592669,92002.3775216357,88152.5342754202,34900
127201.066589439,121982.593841012,106168.590034841,92154.1896497602,88313.4133879401,35000
127353.323320752,122155.463891426,106321.813147717,92327.5601753603,88492.2962949891,35100
127504.095243196,122311.909625845,106488.938167828,92471.1016451474,88640.8870157005,35200
127654.229371453,122456.157188284,106661.332311401,92607.7068094322,88786.0286014584,35300
127817.965994922,122587.387981185,106831.565691814,92765.7056534571,88936.9188401565,35400
127975.078462285,122742.805532992,107005.284113007,92927.1361893275,89095.1075793815,35500
128138.415893058,122897.059983942,107158.508821514,93078.0353787071,89232.7176557384,35600
128295.054155043,123056.718938994,107305.290443912,93244.1156954035,89391.7364754442,35700
128445.146865743,123221.91039003,107463.930630758,93402.5235924972,89517.6467354568,35800
128605.196289933,123382.534912105,107630.913614868,93556.3266463706,89643.0474369554,35900
128777.765231731,123544.775368109,107788.464763825,93705.9596442789,89801.8650691505,36000
128946.112286607,123698.926223825,107938.977183581,93855.4198287627,89960.823287296,36100
129098.942032473,123838.827619614,108094.628527118,94010.1278636995,90093.116356799,36200
129234.565346362,123991.709655766,108243.46740627,94175.281034162,90252.2631008261,36300
129417.842082583,124141.470786544,108403.535057167,94337.8519662324,90412.2566307481,36400
129578.793921106,124300.370874122,108555.47945397,94499.7819354523,90563.1410714263,36500
129723.774630303,124470.628287573,108714.005781331,94659.8210435371,90707.0720936552,36600
129866.133781366,124630.912833732,108870.614686166,94812.992096637,90851.9693913005,36700
130007.683976315,124775.346992719,109031.782511543,94951.4601906959,91007.4015027617,36800
130148.427475012,124915.149448619,109186.088114513,95096.8370428324,91162.5862640214,36900
130295.757891387,125066.930550028,109335.654355177,95247.4633304515,91301.5744749043,37000
130466.278046871,125219.23066822,109479.728684961,95404.3745246306,91463.3161913712,37100
130607.450134202,125362.074480154,109623.40214187,95543.4054638431,91611.2566085227,37200
130761.78185645,125506.355116394,109769.774571596,95694.1042100013,91747.5117552663,37300
130913.953032966,125659.124634773,109914.238358988,95841.4944312062,91883.9948548344,37400
131047.136264594,125810.134439062,110058.599916941,95976.445215806,92020.0233198184,37500
131215.161686743,125961.118356386,110201.921701007,96107.3327893174,92164.4034352444,37600
131370.844166389,126093.205757335,110346.668260797,96249.0245009818,92304.1060036042,37700
131522.100030812,126223.335904953,110492.275222363,96391.6933043006,92439.1870970487,37800
131670.8466414,126352.27798098,110631.605158167,96546.450372084,92573.7662994882,37900
131791.937561549,126504.584924994,110769.283626657,96709.4115567948,92708.6146693004,38000
131914.393664049,126636.768179044,110912.676947976,96851.2245013386,92838.8856954944,38100
132068.231022461,126784.498816807,111056.460991588,97006.9041556309,92967.1971013817,38200
132205.988907643,126917.017623127,111206.437579776,97145.744867792,93095.4807136775,38300
132304.755005226,127050.229789752,111353.327531371,97282.9807665622,93226.4099186964,38400
132402.697044266,127197.157230784,111485.229175895,97431.1306116107,93364.6198791814,38500
132509.292108328,127327.456793677,111615.517922693,97574.6210975569,93501.7271283971,38600
132641.766801898,127461.681660321,111754.669803596,97709.4418085685,93635.1287480063,38700
132769.61569872,127586.430952177,111894.954166332,97854.0364306517,93766.1354225563,38800
132881.09437534,127723.797069773,112034.040891125,97998.4279031308,93897.1600520583,38900
133006.27233573,127861.244698522,112169.681469698,98142.4350145718,94028.0402088922,39000
133144.553539806,127995.974454984,112302.13368775,98284.6335733038,94166.1259832343,39100
133282.372698274,128134.480234628,112438.311994738,98421.682058314,94304.3478190555,39200
133419.466635676,128280.18769953,112573.635358928,98570.747720643,94454.5301654259,39300
133555.837239015,128411.978543608,112707.395754578,98707.0291098319,94589.077136995,39400
133691.469459908,128535.723438152,112840.566800183,98834.4833258959,94721.2162088763,39500
133828.137560149,128667.104549147,112962.330220064,98966.0096919153,94842.3134293016,39600
133930.591020896,128803.307839743,113096.640063515,99078.4982584357,94961.8049246857,39700
134075.273240454,128936.640439325,113228.19411644,99217.3780840523,95082.6240327465,39800
134182.617368716,129068.569425829,113355.163563801,99365.0654772673,95202.9958797459,39900
134296.524109695,129199.452432293,113488.535880448,99508.061937913,95322.9213914317,40000
134427.13582517,129327.892856781,113630.294206293,99632.0611938019,95442.7653267683,40100
134557.037833898,129456.415479224,113754.753274629,99758.8784106904,95569.8338771806,40200
134705.919538396,129565.03476992,113893.815485532,99884.8527622449,95697.0360777513,40300
134844.154235082,129678.52911054,114014.949277228,100002.281596937,95823.8540584003,40400
134976.653888849,129791.070176022,114149.651550366,100146.107303394,95952.6405396302,40500
135079.205747809,129908.803766756,114276.956196818,100280.73550482,96083.0205277928,40600
135197.949999479,130018.740180015,114398.168599309,100432.390092739,96214.7772378659,40700
135320.961020064,130129.51749057,114527.578883105,100573.93297298,96346.132993373,40800
135443.068370725,130238.451827225,114670.406584237,100713.081350499,96470.7947574518,40900
135569.474614517,130347.269752606,114790.64922668,100831.604818817,96595.8635131692,41000
135695.1915977,130463.853853898,114913.047426739,100952.907708616,96732.7486864122,41100
135801.57830453,130589.959463068,115042.63747081,101067.003692964,96858.820138992,41200
135894.084362159,130717.634646366,115169.552476475,101173.975179835,96986.5428359743,41300
135994.130222039,130876.423634884,115301.429564934,101283.507688024,97102.5058867081,41400
136103.848424355,131018.766224213,115432.628977915,101395.574676777,97218.4915250388,41500
136228.412208064,131125.420408856,115563.767061557,101521.684654176,97342.8993590356,41600
136354.901353931,131231.71935249,115678.164674336,101640.848926057,97466.6646924338,41700
136480.72319274,131357.705572038,115803.886797783,101767.635696793,97590.0262158501,41800
136605.879415466,131495.231681267,115928.698547542,101884.2631929,97713.2619449815,41900
136730.37170955,131625.78379395,116051.83997676,102006.07035551,97837.6604154175,42000
136837.715867276,131745.178970443,116170.642620723,102140.435929165,97963.0945147233,42100
136949.508172784,131856.732658117,116285.832713928,102271.525251251,98082.4341061819,42200
137060.973657853,131961.822540919,116405.315656976,102390.934927511,98203.9058540688,42300
137161.004828494,132076.101320621,116524.000241337,102508.881451111,98324.8160508378,42400
137260.34549501,132192.776621152,116644.235896778,102623.840615402,98433.5465960732,42500
137358.997643085,132304.119544442,116770.980461739,102748.784689042,98534.5329839426,42600
137457.713889223,132411.276846211,116877.753795191,102865.651410418,98640.2905020119,42700
137559.312340757,132518.341448923,116991.034691323,102979.407628084,98741.2442742545,42800
137659.446088475,132606.693245117,117100.76463721,103085.054612832,98855.5074437385,42900
137747.465492957,132680.462568434,117214.528287089,103203.264767159,98969.7027063737,43000
137842.40980536,132792.53151533,117332.118379942,103301.053227567,99081.9632316112,43100
137937.310622296,132904.757166982,117456.715964435,103426.540304262,99203.0910889784,43200
138038.938026508,133016.012059242,117575.615807359,103547.176943959,99337.1793133993,43300
138130.759230746,133119.604644901,117692.754069589,103684.906393077,99470.3519756086,43400
138218.444020443,133209.694741255,117811.278459199,103819.551828761,99591.0181353677,43500
138343.337297417,133302.06752806,117914.871949668,103935.557162544,99730.5693433402,43600
138446.213984477,133385.942731252,118035.032775886,104061.500683625,99864.0036515602,43700
138551.416605795,133463.723769795,118144.038610498,104185.58771735,99984.6987229548,43800
138639.256403197,133554.387411302,118239.224237327,104318.306338885,100096.668290179,43900
138726.226037212,133641.86603457,118337.736609223,104438.913091325,100196.14356304,44000
138812.5095918,133751.526896597,118442.324596147,104532.006821325,100314.058218972,44100
138903.502631244,133841.92450874,118553.187999284,104666.360916425,100418.647084266,44200
138994.374788195,133946.860418194,118652.873105673,104787.066931665,100536.14994077,44300
139081.409607449,134060.993981082,118757.38361529,104888.851358488,100648.446525311,44400
139166.924707447,134185.018659235,118872.475655653,104996.624196587,100755.915020827,44500
139261.873521037,134283.414969746,118994.647409822,105121.579858161,100867.092389405,44600
139360.528727529,134352.134967159,119112.456812198,105235.737556025,101002.944266069,44700
139454.701730392,134436.160638763,119224.551857328,105328.577511684,101121.996135967,44800
139527.388132175,134516.767305418,119320.359935379,105437.015400995,101233.497224308,44900
139615.968716533,134631.504795538,119420.745899708,105534.376552063,101344.618570411,45000
139702.015444287,134741.55162041,119536.358641164,105652.564658742,101455.360888662,45100
139795.385510896,134831.384078682,119638.623449155,105772.762381797,101532.862723813,45200
139897.17797057,134914.044276065,119749.310431095,105892.841894746,101606.012851447,45300
140007.708142132,134995.266073162,119853.54532409,105976.081392161,101709.650329042,45400
140103.762815282,135107.065496531,119950.087186177,106082.740313597,101832.264923101,45500
140190.422696233,135182.241604123,120049.132816836,106210.861476252,101972.125504375,45600
140281.888425587,135283.683837345,120157.020875692,106326.684242764,102092.984705029,45700
140376.623151564,135375.444315463,120260.684093687,106430.55507601,102195.318730032,45800
140464.715604992,135481.87695148,120360.890096621,106544.279956363,102297.914396285,45900
140560.894591364,135587.539783955,120452.70059327,106647.879425941,102400.127213318,46000
140647.697872082,135688.395974582,120558.401939885,106762.968983854,102501.957941284,46100
140750.008973711,135780.10680496,120663.793777413,106851.216875284,102616.964075041,46200
140834.345443403,135873.538400108,120757.382678458,106956.417281286,102736.750222963,46300
140920.487955217,135954.642862414,120855.544795941,107062.719543035,102831.465729259,46400
141004.098979716,136056.597558288,120953.096652262,107169.94224383,102934.896322087,46500
141090.617094757,136156.111508454,121041.486518386,107266.209551893,103035.751922955,46600
141199.091113149,136244.559918268,121133.732148124,107364.518650822,103132.737587945,46700
141286.95132864,136320.517008388,121234.028912042,107471.501410898,103222.910497329,46800
141363.031243424,136392.788203324,121334.411392489,107570.738952974,103335.248532522,46900
141461.889619378,136484.402398334,121443.365852726,107660.903821701,103449.562769778,47000
141532.12538702,136570.364278565,121541.876136765,107740.251982964,103575.912528791,47100
141609.27663255,136636.800281927,121632.192908683,107824.250806176,103702.332889263,47200
141713.468080089,136738.277453718,121736.433051998,107922.478419583,103806.292358099,47300
141803.549980732,136826.425121263,121843.061156735,108035.302547173,103921.403766977,47400
141865.371397903,136891.328851877,121934.703648161,108134.167938996,104017.260300788,47500
141959.118817311,136973.542869034,122022.940621478,108225.844156038,104118.271707373,47600
142047.447095149,137061.43718989,122120.64700447,108339.000571046,104214.288647574,47700
142124.124866495,137152.930247205,122220.310176644,108432.068096178,104312.913593091,47800
142232.329492322,137241.646085417,122308.805487926,108529.440287268,104415.848609698,47900
142312.290386313,137333.824232762,122398.554698367,108622.7258771,104516.006915411,48000
142391.678211012,137417.212573849,122494.604201945,108708.744450393,104615.807238224,48100
142467.45170368,137503.931936233,122595.477056406,108807.069649526,104711.416812889,48200
142548.740887041,137589.70347594,122692.866765008,108899.426032652,104800.617778342,48300
142626.349128179,137675.892399951,122792.71200594,108995.790529655,104911.874399275,48400
142703.529955277,137764.23787665,122871.294075515,109079.287012429,105012.447147084,48500
142780.365905689,137846.987518009,122958.638269162,109178.441970899,105110.97703064,48600
142859.263719984,137929.939163441,123050.037526834,109269.663279411,105208.886910657,48700
142935.870272745,138003.137238817,123133.831517552,109358.578632495,105305.553618846,48800
143010.94763918,138092.693558276,123224.48623112,109447.24168153,105400.0930487,48900
143084.238132133,138174.887512394,123301.914633954,109537.924695805,105484.565865432,49000
143172.10521216,138260.412983917,123383.562620454,109631.270057687,105567.270939665,49100
143261.187715009,138334.59913248,123470.482226409,109720.444781804,105650.341276952,49200
143338.950922108,138396.219712595,123555.515860866,109806.804624689,105733.380350661,49300
143412.83921428,138466.83697515,123635.448822887,109898.84676928,105821.531622445,49400
143449.727253617,138557.411467792,123723.419496074,109986.657044179,105912.280102379,49500
143520.923927737,138633.293081612,123814.030790552,110082.125947448,105984.73102578,49600
143591.560206384,138689.246252376,123895.110646018,110161.688321442,106089.27256808,49700
143660.796038787,138778.021049492,123956.868677399,110242.503345798,106197.52851752,49800
143731.17441662,138858.888007368,124047.378014781,110322.552389104,106305.030588297,49900
143798.010609852,138908.00027132,124131.632381759,110396.664775851,106401.704368541,50000
143861.466918316,138976.939896919,124222.49459242,110474.281397793,106494.151666076,50100
143929.175311074,139057.302078097,124306.216258698,110561.141568255,106572.196649747,50200
143993.312379271,139138.167685198,124390.058410523,110641.75152092,106647.837855839,50300
144052.220952855,139179.502359812,124468.434542357,110722.374749517,106729.50698706,50400
144128.898662274,139234.624218836,124545.84308082,110828.200910548,106818.0402643,50500
144194.628320628,139306.079893171,124633.794295199,110927.552186057,106924.586973146,50600
144264.058935078,139371.639324232,124695.220824639,111013.429609724,107031.107800124,50700
144333.082542228,139442.263088528,124759.955545963,111098.386110242,107137.31813381,50800
144394.251535941,139516.553635829,124836.317012502,111159.205272749,107243.218480585,50900
144458.148300658,139569.737002205,124906.256258117,111218.728119454,107348.809346132,51000
144514.449141674,139644.636433252,124982.538568768,111298.986605907,107412.218792241,51100
144576.828600677,139696.574583485,125065.733496875,111366.613433907,107471.189753311,51200
144638.683230796,139767.731920712,125128.634901892,111460.595341209,107588.223079389,51300
144708.13404578,139866.473076651,125195.445230491,111569.97310902,107714.197422561,51400
144767.520397292,139924.943746952,125271.561186758,111668.636577408,107803.229700882,51500
144827.855609065,139998.090652365,125344.21584883,111765.82459393,107884.17537617,51600
144893.386102875,140068.269570779,125417.850527114,111870.88960423,107964.029444389,51700
144959.812525453,140158.632674967,125487.512842446,111931.734866248,108043.538678158,51800
145025.102943988,140229.598433463,125562.63080152,112009.853086927,108126.157951274,51900
145088.942293661,140307.146561384,125635.278827187,112096.377042121,108229.037275663,52000
145168.686082877,140382.735949747,125706.013172929,112195.017330263,108302.703363572,52100
145219.370764567,140433.208363558,125783.500094544,112266.369744893,108363.742663502,52200
145281.459386535,140499.84621058,125843.218041255,112322.089801158,108434.597593965,52300
145341.030877601,140541.460564359,125923.893975889,112425.207586979,108506.378768717,52400
145403.320016653,140597.250288537,126000.177538901,112519.365797012,108581.727278372,52500
145455.425444535,140645.968501266,126072.3005162,112586.976786439,108657.13679414,52600
145514.933530982,140742.39534893,126146.262201117,112655.329592298,108737.252442888,52700
145586.037805741,140810.489910958,126216.965672492,112728.559739754,108836.081338634,52800
145641.21268225,140892.262099265,126280.50824977,112803.457813324,108906.576393063,52900
145683.190019714,140950.513497731,126359.213666726,112885.250986808,108970.218258375,53000
145719.371887319,141006.247103151,126433.336760196,112944.252460731,109089.27409656,53100
145768.055162802,141065.541963211,126510.096036337,113042.643619121,109194.722732495,53200
145793.996004476,141124.984184524,126592.335270901,113110.801766757,109256.646168104,53300
145853.628217292,141195.387473816,126658.292368661,113171.691366025,109328.693704819,53400
145925.92858241,141241.764723058,126725.674722545,113241.591541535,109420.633253578,53500
145995.476116015,141295.581442958,126781.28680931,113320.032542488,109541.686770869,53600
146022.347953572,141366.853835794,126850.192466482,113405.696024698,109619.42745845,53700
146085.226895942,141430.600182059,126907.313827155,113483.676140509,109693.892704169,53800
146157.729392731,141481.970419225,126969.212403874,113558.048833979,109755.663304913,53900
146229.605171135,141546.876774209,127037.215030927,113621.946919087,109837.462267247,54000
146300.288978014,141587.538828753,127098.34301771,113707.054612843,109908.025147404,54100
146370.545709041,141636.761723194,127149.244016236,113787.210016338,109990.854771466,54200
146435.31177532,141689.839149243,127211.62000638,113874.67762091,110074.037138704,54300
146461.618139689,141741.019867997,127279.629326597,113959.547847439,110162.399521552,54400
146487.269983964,141786.017473278,127328.943027767,114040.58546283,110239.754705436,54500
146512.433053066,141861.84590047,127397.458963369,114086.426635102,110315.384615405,54600
146555.919995126,141931.024574722,127462.465157463,114158.154428054,110399.105385844,54700
146603.417219124,141976.978814421,127536.701014932,114231.240243265,110483.44724502,54800
146662.652368709,142006.198364562,127599.557006311,114304.921507277,110566.362006271,54900
146713.206596174,142061.173717925,127657.829917068,114378.270816255,110644.990037253,55000
146751.489416279,142093.863804638,127714.650018277,114431.357371837,110718.874843047,55100
146794.8391635,142146.758119076,127769.238615052,114490.604485979,110794.856895106,55200
146854.808243985,142195.635834778,127829.682846386,114561.846202155,110868.311148401,55300
146920.108606086,142264.900562789,127892.222531467,114640.225738986,110953.204580172,55400
146970.094844576,142322.399252878,127963.281777555,114697.076468231,111019.177110609,55500
147012.895282138,142370.768641725,128021.054086303,114752.665252827,111081.269183974,55600
147041.219712203,142417.400283396,128087.027763681,114821.966920608,111155.243802257,55700
147098.147918281,142465.352623264,128128.614221207,114871.316490582,111240.168118115,55800
147141.709451788,142522.170983359,128190.332168807,114944.164073785,111297.670827252,55900
147199.351217019,142553.429595632,128251.071388026,115012.90448618,111365.547513024,56000
147223.37948349,142596.341289136,128304.866717342,115075.766193264,111420.832971861,56100
147263.998203765,142626.418918196,128356.110462008,115146.288408221,111471.904936013,56200
147302.963010548,142663.751200257,128418.690621681,115220.564654912,111522.682836252,56300
147341.283485407,142695.870957979,128473.645814494,115296.570514919,111589.755078877,56400
147360.356839984,142728.154496668,128539.274073767,115368.137221983,111651.657915609,56500
147399.816141552,142764.188273633,128592.041815546,115425.493914755,111714.082427952,56600
147420.985002361,142794.374679878,128645.981325663,115475.452011764,111764.792780963,56700
147441.517346164,142835.148254405,128696.816912185,115540.893757842,111810.286320237,56800
147499.275461662,142907.13579744,128752.203016924,115609.265674796,111868.56628018,56900
147554.643850491,142959.916751104,128805.238280437,115654.400191031,111939.101283317,57000
147602.417519776,142997.415602476,128857.727522595,115718.898505132,112011.651417584,57100
147622.933284808,143055.563366868,128924.147152407,115788.165720093,112091.822518573,57200
147656.129326963,143096.028374117,128970.359362603,115856.153981421,112170.783787735,57300
147711.095519408,143143.954882522,129030.770200894,115912.063422579,112228.548865615,57400
147760.774542349,143186.082499519,129096.355024035,115960.728047493,112305.921192143,57500
147776.519771088,143231.041375788,129135.678170116,116045.27514601,112361.894608069,57600
147805.718940119,143274.541864214,129183.403542197,116101.817336777,112429.547798687,57700
147845.629254858,143315.809120091,129229.643389018,116163.29500022,112485.638570372,57800
147873.601521911,143370.499103225,129290.171143983,116225.675852344,112516.781481823,57900
147894.764664098,143407.426533999,129330.722049413,116290.950992392,112554.392056731,58000
147920.900602301,143440.845378705,129395.692523489,116341.606565345,112627.170560378,58100
147963.042487955,143473.414518119,129449.995220803,116376.28794621,112699.663160693,58200
148008.198540627,143504.813207892,129488.843186429,116439.922151554,112774.862588182,58300
148035.863786478,143535.443051735,129530.726016806,116504.516306701,112810.129446962,58400
148058.967169222,143566.471126629,129571.351476151,116570.313691411,112878.759645148,58500
148077.809906768,143607.22733256,129632.485584116,116641.747220023,112933.292801101,58600
148116.796160921,143655.758057539,129671.546772444,116719.035798944,112997.644978699,58700
148153.715495367,143695.663880839,129711.296090401,116796.735625623,113030.14856207,58800
148182.231215823,143730.186302206,129760.354459936,116855.370555266,113088.660660709,58900
148233.46338892,143771.717604452,129800.450203546,116903.256758093,113135.922333738,59000
148257.206097703,143792.999492867,129840.493068704,116953.40468161,113206.247197271,59100
148267.109019771,143815.704860652,129887.825474375,117038.974511173,113276.023872814,59200
148289.426679253,143852.092682048,129925.080358635,117096.057099766,113345.28482846,59300
148291.667079778,143869.775236475,129962.557426853,117149.670594295,113415.171149218,59400
148332.477733002,143895.51347751,130006.495869413,117222.916585906,113483.459606177,59500
148333.942531344,143927.711068032,130051.780130156,117272.036652332,113540.567910896,59600
148357.540973716,143949.345403553,130093.982756968,117320.44221452,113592.746468516,59700
148391.722165892,143969.391433981,130128.2303584,117389.142791801,113657.286188836,59800
148425.49620856,144019.53890196,130153.280528347,117444.496724071,113723.174744247,59900
148451.273647319,144065.020437508,130192.499401888,117502.008571312,113793.147499475,60000
148480.164058881,144100.387048203,130228.159213667,117572.182444422,113836.76320126,60100
148497.454412684,144102.603807558,130265.074710839,117616.587082627,113886.648237664,60200
148537.170748469,144118.726952615,130307.402953934,117667.334394673,113910.41723257,60300
148559.665897641,144133.583715223,130347.024355373,117730.261709681,113947.841367568,60400
148599.505145044,144163.082514644,130395.858340237,117788.179690887,113977.889093311,60500
148654.13659931,144192.504143291,130434.528418546,117830.99904863,114048.460821394,60600
148692.936592061,144220.467070007,130486.38079417,117865.385250161,114065.847071992,60700
148741.905664678,144248.77451773,130536.509177911,117899.574722612,114164.775671753,60800
148746.797800528,144265.437780681,130581.374375993,117953.409010149,114239.099027194,60900
148797.315964471,144290.925401589,130608.339015626,118006.517699884,114278.536148338,61000
148806.051873946,144316.733669252,130634.060076332,118027.487912629,114317.679811179,61100
148851.032659448,144376.442333021,130673.99250513,118076.582542995,114356.530710059,61200
148867.825526031,144423.452112133,130722.037966024,118115.369829102,114404.049016112,61300
148891.294155217,144460.66687536,130769.366018321,118168.453058964,114447.28612971,61400
148922.207665562,144537.39807227,130818.911770494,118221.369993646,114480.805487571,61500
148946.443716583,144602.174467494,130865.11850794,118272.838329889,114530.981531086,61600
148999.741752295,144647.639567471,130916.361935713,118314.219921161,114564.315470498,61700
149051.5972676,144675.704554981,130950.018556455,118362.989755054,114606.780835087,61800
149102.665304951,144700.225513274,130985.57133468,118396.16488654,114648.683741968,61900
149136.645343593,144727.309906765,131017.551487023,118440.63923647,114670.975289779,62000
149166.719000211,144752.010504227,131042.284895788,118491.432234639,114724.179283115,62100
149166.205161176,144770.052301427,131073.926009803,118525.734959247,114798.982763966,62200
149202.074519196,144802.758022843,131106.852303661,118560.048035972,114872.746322574,62300
149211.126379864,144824.325009793,131146.892137592,118594.961924808,114913.746704366,62400
149252.121120025,144850.597520311,131171.971928478,118645.164916537,114977.045219146,62500
149256.969016641,144873.404755951,131205.114113301,118682.078563581,115027.567270663,62600
149274.442691902,144891.212299299,131232.585051725,118718.273809241,115076.045531997,62700
149314.043571637,144910.45307565,131271.529739288,118750.920526793,115110.950096607,62800
149361.842656336,144942.263974489,131292.094976987,118798.795390364,115144.898561791,62900
149378.099929578,144960.430936666,131323.496630593,118815.545790326,115203.057021387,63000
149393.411495691,144990.375340087,131363.535538259,118860.472191582,115219.868297397,63100
149408.256076882,145022.139504971,131385.950177034,118899.843738193,115241.731417733,63200
149411.097419666,145043.926398797,131412.508505031,118936.750810517,115251.31095006,63300
149418.404724579,145047.55910033,131449.830253953,118980.682972373,115303.112170766,63400
149468.024562402,145049.337952596,131493.790962034,119033.125483396,115390.390650545,63500
149491.164286196,145050.994647377,131539.362055396,119077.129899736,115455.627389003,63600
149544.817702364,145065.306400328,131577.30937174,119120.967812584,115484.385470358,63700
149518.904391729,145072.564939092,131627.031868676,119160.490602079,115512.866206246,63800
149558.566610043,145095.310104073,131646.550889113,119193.390340867,115525.857185564,63900
149619.623488539,145112.828611677,131674.627302725,119239.99989555,115547.718207778,64000
149681.128401455,145112.40175666,131704.845322842,119307.003490055,115594.040597382,64100
149666.816143284,145118.865905109,131732.319274217,119322.04093772,115619.839993764,64200
149702.904820025,145144.016469826,131763.069600146,119362.116170417,115644.032877645,64300
149735.811915131,145147.290736082,131792.982607342,119382.945838831,115665.681643268,64400
149759.88580535,145155.260548237,131804.730531072,119405.217386037,115687.652194269,64500
149768.823733498,145176.014233465,131840.118432552,119445.93387053,115708.766494618,64600
149774.97136589,145196.414041353,131866.907414723,119474.307583817,115748.641826695,64700
149780.761452057,145207.67973305,131888.05794157,119500.147094002,115774.397081112,64800
149786.195054041,145220.85202722,131904.021047866,119517.269930289,115826.906981201,64900
149813.874336506,145251.685139412,131930.440219817,119549.867792118,115880.386354159,65000
149824.623811133,145267.38027988,131958.585837296,119569.00954625,115934.165883707,65100
149831.992322147,145302.944061056,131975.583096082,119620.35303781,115988.572697458,65200
149840.763425673,145337.663220109,131991.063185144,119668.407684236,116042.732070468,65300
149851.292876858,145354.164428849,132016.256166783,119711.471355599,116096.644468148,65400
149858.958645259,145376.112620758,132040.442220687,119719.386902964,116150.439476437,65500
149879.351289199,145392.939132632,132070.865578885,119753.896710891,116180.075747393,65600
149901.431341094,145400.561999887,132108.888557554,119789.796197354,116193.854148912,65700
149922.358274065,145393.198574936,132146.269329015,119813.354782905,116244.363465772,65800
149963.309105845,145427.922025508,132162.39410066,119855.878662759,116302.799536227,65900
149997.740998266,145446.31871599,132185.487353657,119897.453735032,116360.997071435,66000
149994.463295418,145434.461169103,132199.582314336,119919.744247766,116404.062553923,66100
150011.695054959,145433.431821007,132231.814231946,119950.231446259,116418.017068126,66200
150037.645448935,145455.784788035,132251.857201367,119957.341664004,116434.891807296,66300
150064.997109405,145464.138353665,132263.851744666,119990.749957021,116443.122726213,66400
150058.258671091,145460.567449135,132285.638954872,120044.810782145,116478.636949653,66500
150070.502702558,145457.654856974,132305.724935547,120098.832011693,116522.56322963,66600
150083.978752484,145470.556491048,132325.736470125,120124.302215719,116554.921484837,66700
150102.226126009,145494.99974679,132344.605147219,120163.764130593,116587.616872948,66800
150118.650528473,145520.927617027,132345.118706524,120185.051894903,116609.524868678,66900
150150.551820463,145559.382455609,132381.270059886,120210.188921633,116641.841538349,67000
150148.451137704,145566.682640032,132397.620144008,120228.355864772,116674.744813611,67100
150152.301750932,145577.243798984,132416.966984863,120229.010759921,116715.151945382,67200
150179.067322129,145589.436553342,132455.825803428,120245.738729107,116710.601819122,67300
150193.843349599,145591.566046033,132476.148167673,120275.495882332,116732.595102175,67400
150194.204211397,145620.464786369,132482.250467504,120290.192472096,116770.960316199,67500
150186.873704486,145609.900073568,132488.408438154,120301.533698376,116810.253171578,67600
150181.441993615,145628.511311205,132509.764821287,120335.239104682,116849.303651947,67700
150213.470676176,145644.562635675,132529.967113186,120384.263882485,116898.018006717,67800
150211.79801867,145655.925978562,132553.208810174,120412.63723422,116923.445489063,67900
150231.889210449,145657.237765553,132573.170033487,120439.246254404,116959.70371173,68000
150251.05363977,145674.635392825,132576.455895342,120458.198656543,116978.774535492,68100
150272.351511324,145692.149917613,132589.921662103,120477.307389053,116993.072602628,68200
150290.867771806,145708.779745888,132592.157622149,120501.45009477,117008.478880957,68300
150285.385760885,145726.858082013,132601.542821264,120520.478410705,117059.284244509,68400
150285.4225675,145752.583317104,132616.651535121,120551.374367313,117099.079264347,68500
150280.118922868,145755.105668852,132641.307519428,120587.811976735,117108.471945197,68600
150274.146706895,145746.148048803,132649.84352579,120618.536494831,117118.174638827,68700
150276.422893041,145743.151970359,132658.785829842,120650.225079447,117134.767331146,68800
150303.772598331,145739.122050714,132663.663601116,120690.907226614,117168.372282969,68900
150329.977937625,145736.202450539,132680.733446873,120712.511767967,117190.085009328,69000
150341.521672188,145728.467500945,132697.437370735,120755.647564058,117206.319573601,69100
150362.441207696,145731.734435947,132720.375465842,120744.008014711,117231.792783822,69200
150377.930472364,145742.129670351,132738.189926452,120780.600217795,117237.369752824,69300
150385.945460015,145750.996734052,132752.901402148,120790.125009884,117250.663209247,69400
150398.392076846,145754.715740602,132755.943764006,120808.193803067,117264.763703892,69500
150403.649475858,145735.524931149,132757.509207203,120801.08505208,117279.030153951,69600
150430.552242571,145773.279292612,132776.062313501,120830.882731668,117318.731281847,69700
150434.100863779,145753.69575253,132789.5530069,120850.924728526,117358.997214699,69800
150443.912064414,145747.610144077,132802.718898865,120897.33635573,117399.036005259,69900
150441.352429071,145747.629615079,132819.1315146,120903.338110221,117427.734489645,70000
150444.368471039,145769.576330485,132825.791909432,120911.276634758,117478.433948066,70100
150458.135044062,145802.55959336,132832.810613315,120927.876437888,117501.287122428,70200
150480.193669279,145792.560587443,132856.604338658,120960.397130317,117496.197080669,70300
150504.83489714,145823.572712972,132861.52359446,120971.704630805,117486.129100838,70400
150518.641925346,145828.592701749,132885.367363745,120992.044187841,117503.95893382,70500
150516.379814797,145865.841971935,132880.691376873,121015.406323256,117561.518389548,70600
150573.622176808,145865.540387572,132891.44448849,121051.793207479,117555.992637455,70700
150598.03660277,145853.028419812,132901.465770619,121040.849954317,117556.108186049,70800
150606.878861784,145873.262577373,132917.301219496,121043.811457633,117577.879747047,70900
150596.827795655,145891.37179115,132921.921313743,121058.881729146,117608.365367853,71000
150607.404032394,145891.9909967,132940.085135592,121081.782379044,117615.900639487,71100
150664.262201735,145898.215965093,132956.648677018,121073.848474396,117642.452917005,71200
150675.921787992,145923.569751561,132952.576353382,121111.403351148,117656.642040303,71300
150643.727024781,145936.750372434,132958.685622015,121123.485753131,117649.195141473,71400
150624.447616534,145948.2519654,132963.235980829,121123.363326555,117636.591907893,71500
150650.688235048,145973.86265525,132958.870688532,121132.817315966,117655.419662237,71600
150708.239370545,145956.584819988,132961.828873396,121154.715048649,117665.530076282,71700
150724.122347253,145962.652114099,132964.066581674,121192.252113664,117691.228190201,71800
150693.188799228,145962.641955046,132965.229800779,121198.533150999,117698.766514759,71900
150690.182787908,145961.127569663,132957.983069073,121207.0399026,117705.172391992,72000
150703.272029991,145940.150295144,132974.345283708,121215.769888307,117720.944196411,72100
150728.62020833,145950.420840402,132979.257052962,121214.069841356,117743.557093397,72200
150753.778685117,145942.571435827,132987.588737859,121211.215515781,117758.135218911,72300
150744.322052809,145947.210356372,132971.942294406,121214.551415441,117746.342942941,72400
150760.373198577,145955.645056818,132977.894618142,121235.991191982,117764.328054633,72500
150757.985346433,145967.827157809,132985.988298145,121237.961855095,117780.517202789,72600
150749.52434599,145995.262451463,132982.477456847,121267.397983042,117767.607148555,72700
150760.862306868,146007.902084465,132984.200371161,121266.765322061,117754.95205105,72800
150760.606665171,146028.229348694,132995.494060223,121224.473682229,117744.722599382,72900
150732.733329634,146035.543769541,132998.160772285,121238.428543383,117724.764422035,73000
150736.230160234,146035.25995225,133014.999052026,121245.370859421,117713.33335527,73100
150750.48811064,146018.200799842,133009.678423041,121268.211645897,117696.647575444,73200
150727.495725438,146007.68907213,133012.363867663,121258.858964591,117679.744537082,73300
150683.529204048,146015.516948444,133017.35948593,121265.977767628,117684.44043948,73400
150701.503995766,146022.382360432,133029.15408357,121257.031136553,117705.396439846,73500
150721.320487445,146037.68028438,133046.083228824,121250.185138619,117720.12891389,73600
150717.203268154,146052.59074859,133056.269291557,121266.900180746,117746.044695096,73700
150710.738338653,146037.791689203,133061.558707208,121269.977863162,117772.85810722,73800
150728.580825544,146028.136867653,133076.007365696,121282.307993173,117798.113065398,73900
150745.481883745,146038.455893956,133089.698835665,121281.329022328,117815.489375168,74000
150761.924661955,146045.410181996,133089.860293668,121286.874344657,117823.464907642,74100
150767.895113608,146021.003884059,133090.03979803,121298.223341285,117800.589990153,74200
150795.186190632,146023.766822624,133087.632314552,121306.887392057,117781.112412826,74300
150787.346518798,146019.005933484,133088.587992781,121318.906553379,117787.847881379,74400
150730.029055457,146009.369002759,133087.979807472,121329.656749877,117780.85835898,74500
150715.032171052,145993.446410053,133083.095433555,121340.625402001,117802.595044164,74600
150701.362389913,146003.023924765,133089.85496462,121341.954152194,117829.128113872,74700
150686.733658171,146010.132554485,133089.443702107,121358.172235277,117855.649293279,74800
150670.657149217,146012.711632191,133082.057102896,121368.559221205,117882.944626729,74900
150612.312744894,146022.921492738,133081.849156643,121376.716875797,117919.912196551,75000
150611.08301869,146019.929206715,133076.684875473,121393.282813666,117935.54924025,75100
150604.253034355,146029.253368863,133071.02765041,121391.142142807,117951.807696061,75200
150615.151538135,146029.595587868,133074.806438923,121382.874904999,117980.709590377,75300
150593.363843728,146040.605476829,133073.546702556,121375.607550484,118000.651982196,75400
150576.876713905,146024.884158398,133069.186092359,121361.137480433,118032.159352004,75500
150560.12726395,146021.208146675,133070.038082213,121362.834185596,118036.873703686,75600
150543.116280019,146014.331895326,133064.519581723,121356.3970328,118055.580188696,75700
150528.967586972,146009.809872482,133069.892283641,121358.697299378,118049.733359533,75800
150520.532266034,146001.919168072,133078.427524958,121328.268283942,118055.755422161,75900
150520.933843033,145997.826303663,133086.272944534,121307.75756574,118037.668225657,76000
150525.961262529,145994.144758573,133081.996607001,121290.989419757,118060.167391702,76100
150508.603908052,145990.211425414,133064.723463471,121303.687080597,118082.157252723,76200
150505.97732443,146020.938642802,133057.829406871,121280.342996865,118096.104666727,76300
150519.057865354,146033.269994048,133050.940932556,121265.638717277,118086.884773175,76400
150513.395643439,146021.593730441,133033.772067785,121272.240718342,118089.460529506,76500
150517.002884052,146015.706500585,133028.688733307,121264.425053477,118099.861373455,76600
150539.851675761,146029.551815218,133013.239345615,121285.517341326,118095.540140623,76700
150532.962818798,146061.767931384,133013.397615975,121308.009947793,118090.379393068,76800
150516.781848653,146044.857335531,133015.171761918,121328.203344386,118095.304797469,76900
150509.669501478,146041.044410982,133018.920131996,121339.640143089,118087.318224232,77000
150507.493342792,146032.139454009,133009.775962796,121317.052643448,118097.717791806,77100
150489.475368526,146017.412657412,133020.335424186,121294.134863059,118081.516408178,77200
150494.442626093,146017.8083588,133008.103162325,121281.900875484,118059.430924767,77300
150493.51547332,146021.61621974,132995.580546217,121288.009804447,118058.950131994,77400
150494.956019894,146010.836081883,132991.38427111,121287.848909642,118060.765194184,77500
150491.975434229,146005.391956253,132978.752517042,121278.68962543,118054.481124877,77600
150513.374090328,146018.176511054,132966.806112331,121270.157490463,118067.169261891,77700
150519.362697205,146009.773854211,132963.345996756,121268.102595145,118057.729201796,77800
150523.110512552,145995.423350995,132956.403175375,121254.176196547,118063.303196934,77900
150523.713138216,146015.202241313,132945.911690535,121244.11221461,118067.851670903,78000
150529.796703116,146029.420031987,132927.143953746,121244.010694639,118024.194953908,78100
150554.443542546,146029.125030201,132918.628418867,121233.412972299,118035.871044631,78200
150535.246879132,146000.121131023,132914.468260332,121208.450308431,118008.702995749,78300
150531.830109095,145987.859801379,132902.243396415,121196.498670963,117981.140110635,78400
150511.444075677,145969.094645818,132904.727951226,121194.340493578,117987.987620792,78500
150539.712157518,145969.975295895,132901.00522734,121173.054487688,117993.58952399,78600
150543.287509599,145961.993562121,132887.72397277,121181.157726337,117982.499305395,78700
150545.060345632,145950.620100889,132869.683797625,121170.686298868,117969.202583709,78800
150513.617763837,145935.773117718,132855.698015465,121135.939970119,117955.063340698,78900
150469.582108767,145939.645365012,132854.36404865,121129.602894712,117940.659785256,79000
150490.337760507,145919.867530326,132847.330808052,121103.979905726,117909.679530659,79100
150519.168544598,145918.022276619,132841.62382619,121097.629120344,117912.069428771,79200
150535.101483277,145924.384770695,132824.460304447,121099.709341085,117897.770989154,79300
150542.676613954,145908.99040938,132819.685788313,121098.02849656,117883.286831114,79400
150550.481902321,145881.951352007,132808.62467219,121098.018506246,117866.5462767,79500
150509.943878773,145847.373242175,132791.465371042,121081.469323025,117855.678693569,79600
150453.565382116,145820.894401317,132789.996935648,121063.682435363,117844.498959879,79700
150410.257301147,145805.797297624,132776.105339677,121049.665724193,117835.222133881,79800
150428.136512974,145790.340278664,132755.422675432,121033.686209903,117821.343871168,79900
150427.37245111,145793.018604934,132723.819735991,121024.148600566,117821.552598756,80000
150419.343298949,145799.723151161,132697.381434131,121011.404637339,117800.441414111,80100
150456.896435692,145789.874447364,132687.838302167,121006.697715514,117805.596122556,80200
150493.474993266,145785.345875194,132684.811451602,120982.93304618,117810.595662706,80300
150492.106497239,145762.85785231,132676.691739796,120979.274224904,117798.212943037,80400
150462.490811212,145737.420313084,132675.826776097,120962.645348491,117777.911244964,80500
150480.115512547,145735.29949733,132656.329923738,120949.313768677,117748.15988149,80600
150501.096507732,145726.030438684,132644.455045605,120934.123463883,117740.078214084,80700
150520.777911133,145707.54089776,132630.308819466,120915.017605129,117746.017014465,80800
150491.503509297,145686.117616081,132620.963313783,120896.64318191,117750.13213429,80900
150456.112986537,145668.571824536,132604.995037759,120872.38721628,117726.109942691,81000
150469.499156555,145650.806156862,132583.946844223,120841.057851911,117723.397441526,81100
150468.283025543,145632.82124108,132562.150379711,120810.958401514,117698.304472493,81200
150454.767242407,145612.737528823,132537.892007457,120780.932432932,117658.895039575,81300
150466.833929016,145606.69504896,132519.996415015,120783.865824335,117635.731931332,81400
150492.429229994,145602.423622826,132500.677998702,120779.750762364,117612.702211815,81500
150483.455382264,145584.159234636,132461.899363919,120770.116880159,117581.0052854,81600
150464.640817373,145568.272110324,132444.126431644,120760.384647226,117556.06320429,81700
150467.157467083,145553.53293413,132432.846115437,120735.174315097,117543.952714015,81800
150473.522061451,145537.354333064,132408.160816537,120714.522518016,117547.022900708,81900
150440.628376083,145518.27966162,132386.581565603,120688.896456917,117522.531665291,82000
150411.411084006,145483.874395754,132378.179002321,120675.420125428,117496.121958627,82100
150395.662485774,145472.126232374,132359.896747078,120670.544434705,117473.636950718,82200
150389.475258565,145463.487441222,132327.940870445,120668.419884524,117468.945688201,82300
150410.202719049,145454.474887628,132290.424844618,120649.392704351,117462.249589705,82400
150430.088418829,145433.895936449,132275.860912608,120624.126776053,117455.380884152,82500
150435.267353132,145431.632584143,132245.889530344,120598.03526691,117438.153701864,82600
150436.521636887,145417.935142676,132238.730157884,120586.363547718,117426.206505269,82700
150429.510931065,145378.75076324,132203.599467912,120563.481114124,117409.179707234,82800
150412.670960353,145367.856873544,132182.137045852,120525.714463938,117393.591199981,82900
150404.730876187,145359.664433078,132164.113680171,120519.159067304,117383.270840758,83000
150387.355588075,145357.39677343,132141.714139877,120494.897517764,117357.600417107,83100
150350.961502604,145348.237094161,132130.947088053,120480.037206402,117329.205758148,83200
150324.113559295,145326.332883125,132118.476986474,120451.725563959,117273.635994454,83300
150297.053924841,145336.242299802,132112.913683628,120440.298743258,117259.214419158,83400
150286.64747728,145310.390676715,132093.797321025,120438.196412682,117221.205604071,83500
150287.967750787,145268.570250001,132059.817757874,120429.819124526,117203.224879101,83600
150292.801721185,145236.576516977,132041.755544724,120414.567453265,117171.225643124,83700
150301.671574957,145236.869844406,132025.022461743,120399.785920867,117139.067960307,83800
150303.651889289,145196.171338793,131994.913670248,120379.80152126,117107.529753614,83900
150273.656451601,145192.223765223,131984.70396095,120344.234638744,117076.287451706,84000
150237.43435821,145192.481918823,131963.115537093,120323.342823372,117043.956129524,84100
150233.768641066,145190.262044326,131938.776705175,120294.294470328,117011.115577985,84200
150222.287579577,145173.856415029,131915.611320764,120272.462377764,116990.850720945,84300
150211.446872859,145153.620166843,131889.950346139,120244.013351315,116991.58196572,84400
150179.258337834,145131.439563271,131866.460371285,120219.183582646,116991.763110934,84500
150146.218220745,145130.365761021,131847.709315869,120223.311066853,116971.955289608,84600
150113.12167382,145153.177407093,131827.953061601,120215.259315449,116939.333654343,84700
150102.466184862,145138.358979481,131805.828529704,120201.40309264,116896.734919334,84800
150104.493060581,145133.774142774,131781.841993514,120182.190997772,116888.054731041,84900
150093.373884571,145106.289964437,131759.057636161,120151.424983142,116878.941607246,85000
150057.164276355,145086.294713941,131727.51095103,120138.813099547,116812.078687193,85100
150037.894021488,145057.189317719,131699.85207987,120126.575266607,116773.882467697,85200
150009.179248106,145035.112757485,131677.77734404,120106.887102328,116788.699037033,85300
149977.2407474,145013.874091982,131664.391007999,120075.390194691,116761.086303399,85400
149969.517752734,144999.068942648,131639.806410672,120033.519511391,116727.031936145,85500
149966.398264952,144975.730447263,131617.867717265,119984.323182032,116677.296448355,85600
149959.23589443,144938.377786235,131602.168852658,119940.514498388,116645.010583516,85700
149907.608820069,144913.825753387,131575.657036579,119897.118908558,116635.433294316,85800
149876.70423031,144895.953806187,131553.499676586,119871.60311945,116600.99192303,85900
149884.219183081,144886.821849118,131525.5133004,119866.984640396,116552.842040405,86000
149871.183621263,144879.717621463,131515.990999466,119848.033361532,116524.318230828,86100
149837.299291384,144875.713874998,131477.762939617,119813.790818254,116490.070557751,86200
149844.766610995,144863.929661509,131468.439190583,119774.000356017,116451.241344434,86300
149852.604476049,144844.204333701,131444.49574567,119731.656699569,116424.858070722,86400
149843.755153247,144813.034711393,131394.992168536,119705.392003925,116397.92494225,86500
149802.444912451,144770.387934727,131363.214729963,119675.838324521,116379.084501405,86600
149806.779129233,144744.446667094,131353.549073504,119654.955547184,116358.808016057,86700
149814.193338846,144725.709801044,131327.637726239,119648.217929882,116332.682195382,86800
149820.417468739,144713.972402097,131295.127297912,119614.603145112,116315.799093761,86900
149807.986855391,144701.134786671,131282.185035642,119591.816796818,116282.851482654,87000
149769.97827374,144681.204481504,131255.070278234,119581.702707983,116262.167404464,87100
149736.480261744,144658.490300896,131224.048020301,119560.671828015,116243.328753148,87200
149705.636057016,144641.094906449,131193.795839066,119514.153126293,116207.497528066,87300
149681.445468499,144630.209387899,131175.443245931,119488.868736748,116164.256759713,87400
149654.116092297,144625.356307458,131141.498620393,119474.099813667,116123.933837756,87500
149649.134386525,144619.697532987,131123.180313476,119429.457165926,116094.269977535,87600
149632.269284729,144605.616489799,131083.90810428,119391.899045049,116064.887319163,87700
149623.344043648,144577.884078175,131072.717395804,119371.392331921,115998.270887108,87800
149598.819534737,144549.672339223,131049.363410212,119347.627699248,115958.065237082,87900
149588.87942217,144538.862935207,131017.768034691,119309.963998151,115939.243353853,88000
149590.083151097,144518.189255688,130988.508668206,119264.421354634,115907.595963329,88100
149584.404676738,144498.25428239,130957.687342766,119231.538599653,115867.472711771,88200
149581.386603362,144485.020154538,130935.973040578,119201.724770302,115823.051831043,88300
149554.056670912,144485.154835674,130921.209870303,119154.987425216,115778.499628387,88400
149505.123793221,144472.431070048,130900.116322506,119115.689627855,115710.143650079,88500
149489.279179542,144419.535698378,130868.997514718,119072.904440732,115651.721947221,88600
149493.083660402,144385.762651972,130839.977130299,119046.410212205,115647.531467687,88700
149495.332268178,144369.445699673,130810.303430264,119002.154618969,115582.896806525,88800
149426.962498598,144336.244276253,130776.258586531,118962.083493277,115559.568863182,88900
149354.242489506,144313.098981668,130749.605906013,118925.471319546,115516.166190993,89000
149324.191394661,144289.115098433,130711.70777992,118893.503296868,115472.634205509,89100
149346.965218652,144265.514362719,130682.129042345,118870.695513861,115451.909478964,89200
149320.571012587,144250.559630845,130639.195063139,118853.760828584,115409.583953274,89300
149337.475049014,144240.60894509,130598.712205421,118835.41897117,115384.915432955,89400
149352.511927126,144234.189777619,130566.726156359,118805.80688657,115359.943034557,89500
149311.208175647,144203.645849918,130539.346120002,118753.652455907,115335.259218627,89600
149315.223100267,144170.560838411,130506.834957901,118701.045433328,115323.996986351,89700
149317.859785698,144147.385753398,130487.934358339,118669.580823052,115283.618850852,89800
149313.127451207,144125.062580688,130458.539296645,118647.426573333,115257.24544063,89900
149306.050361654,144104.147363556,130437.104719014,118605.831580278,115232.183206374,90000
149290.73503415,144080.4510264,130409.858626026,118569.429140772,115194.295695316,90100
149301.522635815,144022.855035123,130363.576210106,118534.205538315,115137.227020718,90200
149267.086574326,144006.409051991,130327.707455083,118505.868303471,115081.463585734,90300
149241.879631283,143988.313206163,130295.311917984,118478.326180156,115040.125824605,90400
149203.402813766,143975.956062983,130271.711546542,118448.146636173,114978.579802905,90500
149166.309928193,143955.474392955,130217.702593828,118417.689152778,114962.362314822,90600
149172.038073007,143935.383659395,130191.265675726,118363.813501118,114919.18204767,90700
149152.117840274,143897.772761172,130166.907304232,118308.994950417,114867.659023701,90800
149128.120078373,143858.616354222,130131.391820324,118273.981283125,114819.137339439,90900
149104.609106002,143824.637206468,130096.275323212,118237.475185969,114776.900932756,91000
149082.335270043,143806.841495754,130078.966199991,118223.427574467,114725.551729465,91100
149085.86034183,143800.552655075,130037.304378077,118197.712669052,114713.136713739,91200
149070.732954735,143804.336255821,130024.148809412,118154.444908063,114669.042145215,91300
149044.298018446,143803.453999762,129993.444110967,118119.255731923,114615.70812682,91400
149036.942983812,143795.231406559,129957.993236578,118083.853122585,114587.889440317,91500
149035.700196891,143762.37320231,129930.74507363,118058.491298756,114550.932242116,91600
149000.089689147,143721.990877412,129899.461624159,118013.641227534,114500.323555061,91700
148948.140128654,143675.157209163,129865.496452779,117979.36270554,114472.728944289,91800
148898.597694955,143650.149666988,129823.12706238,117941.7059939,114458.092185977,91900
148857.543218933,143631.278809829,129785.89421331,117909.155615512,114433.71650413,92000
148831.702936545,143602.882844683,129748.940047061,117868.069087983,114411.977561047,92100
148805.691715418,143572.387392358,129703.552821107,117831.496328533,114372.09372864,92200
148779.510027016,143556.397288291,129678.424109851,117780.756534489,114345.312134843,92300
148756.522322331,143536.008018189,129651.224584212,117727.326852118,114284.18304948,92400
148733.962626307,143515.948620379,129629.447731427,117661.984822935,114240.120073692,92500
148702.739415923,143500.971504792,129581.127663593,117621.030242164,114210.314600291,92600
148699.52045213,143477.575244567,129560.142799524,117584.976914365,114180.387708768,92700
148668.811607343,143448.079478569,129533.372801563,117534.048274943,114153.456570459,92800
148683.516327975,143419.172831622,129493.885762987,117477.76306382,114108.074838646,92900
148650.190486582,143420.282957404,129466.703257215,117428.010484177,114046.622083135,93000
148615.783931433,143397.170857233,129439.690606537,117385.56787535,114002.582299177,93100
148578.901328736,143377.177758358,129405.607091245,117342.87410373,113981.323584485,93200
148554.754815521,143355.080683326,129363.463403298,117305.414300408,113959.130097124,93300
148527.192495255,143314.932580309,129325.055220026,117278.126369154,113909.173963144,93400
148580.091311728,143304.687513382,129286.526641849,117248.188847957,113872.057187593,93500
148600.558282849,143285.309173735,129245.480462411,117207.159774113,113825.13136815,93600
148568.012492258,143263.514676828,129210.017782942,117153.787607429,113778.867680216,93700
148497.087342698,143239.14622324,129166.638699146,117110.036921961,113730.948588089,93800
148471.55426369,143217.693834246,129113.694672774,117054.219696988,113683.692486361,93900
148428.107185728,143184.845241882,129083.808016629,117016.803868625,113636.999307235,94000
148429.720713008,143162.606407104,129043.387221725,116977.094077007,113608.785854836,94100
148389.889445416,143147.645939957,129009.443330694,116949.10390254,113584.524940666,94200
148355.235965616,143124.439180654,128971.189830016,116918.210396779,113539.700418424,94300
148339.185185893,143102.804431114,128945.761472468,116855.590366616,113488.708832167,94400
148315.863765066,143090.646636093,128912.255386128,116816.745106753,113423.680398367,94500
148282.990916904,143077.325325702,128882.505525968,116777.790797169,113364.791536776,94600
148240.835088117,143038.308044684,128839.991644534,116743.862117122,113305.032305225,94700
148197.55357451,143009.13975369,128808.30057737,116718.92000715,113256.099966755,94800
148177.98264147,142983.695006282,128776.22302251,116662.210018859,113208.448079618,94900
148144.43180718,142976.734454313,128731.684513544,116611.909331653,113139.435295358,95000
148119.504448827,142937.189921593,128679.325546895,116559.923801988,113093.036116113,95100
148087.147403176,142915.019219552,128637.908857704,116529.405869543,113021.436301196,95200
148063.144111953,142896.291139704,128584.211936191,116473.923419499,113006.080227271,95300
148048.942932515,142878.581507606,128553.200778673,116433.508614335,112950.517559567,95400
148026.814683021,142870.168702876,128517.43756932,116389.026937706,112913.488014128,95500
148030.844217314,142855.299703251,128478.369607908,116345.78371208,112838.31664222,95600
148007.361484435,142831.321164848,128443.209140791,116299.822608032,112778.334212375,95700
147959.977542076,142810.786756732,128409.501347144,116254.079165033,112721.627341011,95800
147950.356810268,142812.590852959,128370.17303532,116200.135122337,112663.970444064,95900
147902.342904009,142804.399876854,128334.704074364,116146.089826747,112619.887034977,96000
147857.204636375,142779.366101466,128288.640906628,116093.004326924,112598.31541784,96100
147832.218953735,142753.246828127,128252.948570357,116077.033152105,112568.712989217,96200
147793.237317852,142728.632753132,128211.440546778,116015.318889229,112508.965236053,96300
147717.066469969,142708.267358606,128158.081722869,115975.409465573,112474.730780205,96400
147711.123066221,142683.466603319,128118.046171815,115937.101464024,112425.064363745,96500
147720.100050049,142668.696493382,128085.173383382,115892.593773119,112367.366973941,96600
147679.901141577,142650.179630699,128051.024012552,115859.930650081,112306.772606342,96700
147640.486548057,142639.056545263,128018.467176558,115820.71687286,112274.480310072,96800
147597.295267532,142598.938220133,127976.905726636,115756.603914714,112222.916240405,96900
147609.893668999,142554.948175177,127934.202897526,115683.131426565,112177.924624484,97000
147585.280601234,142536.498193772,127888.98635893,115649.542095125,112124.310106239,97100
147570.660549621,142521.722650871,127857.12324956,115626.341037529,112073.487290851,97200
147561.98517161,142482.075548133,127811.909574648,115586.782673605,112024.100842203,97300
147553.154646693,142458.491296256,127777.047209292,115525.600315403,111967.683560561,97400
147533.830475511,142419.209996862,127732.606851538,115463.909668401,111921.321554287,97500
147537.526448521,142393.906687253,127682.680663951,115408.042435521,111871.519898034,97600
147512.733761585,142387.631834708,127641.675841839,115337.007851581,111820.530949434,97700
147502.063011215,142386.363567075,127608.02185797,115279.909736534,111767.770981262,97800
147513.083538939,142366.847632948,127565.82068224,115235.865084429,111715.446692368,97900
147506.006744597,142353.956760647,127531.725552978,115191.733134173,111661.881889369,98000
147496.413243563,142332.438245586,127488.513808084,115150.024032339,111608.906968776,98100
147474.251416197,142289.471374247,127443.567296381,115086.58011332,111557.113225166,98200
147453.995718802,142248.25711576,127397.329975599,115026.301008893,111499.399309829,98300
147433.619600614,142213.281785443,127364.896013278,114976.331042764,111426.566607591,98400
147421.434540845,142188.508989299,127318.33224468,114908.515501572,111375.851659375,98500
147408.209333079,142163.718560101,127288.850364585,114849.695011527,111325.102143068,98600
147375.493857785,142141.340661104,127231.509762094,114794.296242105,111273.478288991,98700
147325.839683114,142114.745074286,127182.511518539,114745.535746363,111222.14969553,98800
147302.864088755,142077.335278054,127138.832418465,114681.597046623,111169.363303126,98900
147272.860304956,142021.721823133,127109.064667921,114606.907996293,111114.102394156,99000
147223.22013087,141974.908468127,127068.526475762,114539.100911016,111067.727437476,99100
147183.947057089,141945.250674245,127024.100915557,114472.002178538,111018.733546107,99200
147128.414994064,141934.495238257,126985.755423352,114420.182661695,110970.181003991,99300
147079.215243805,141917.894940431,126944.429515744,114380.138370977,110917.315538722,99400
147078.043950661,141901.785523099,126901.141220985,114339.419837067,110872.731871021,99500
147028.276422031,141884.231612998,126854.575893404,114264.609807316,110827.046014206,99600
146972.864273814,141877.331159413,126813.583491199,114211.80647971,110775.382829466,99700
146969.443200932,141850.462280383,126769.961307178,114164.120693073,110720.643716151,99800
146955.196045485,141840.888077358,126727.477531838,114116.461195856,110657.067044062,99900
146938.279975196,141805.915328964,126668.86720229,114040.608654801,110605.224082729,1e+05
146929.081418309,141783.842404555,126615.842455257,114009.541478307,110556.14991906,100100
146918.256141086,141775.281293206,126574.634046935,113980.461681166,110500.079661804,100200
146878.728999873,141747.012046565,126538.800925124,113930.698493157,110442.866046746,100300
146852.372770008,141720.864750525,126508.873380863,113866.105035903,110387.517630875,100400
146814.571656617,141693.375400253,126474.209431244,113801.710973238,110343.70994828,100500
146803.473940992,141676.483323701,126436.761968179,113730.928528368,110297.227323293,100600
146796.807673122,141655.450907295,126394.519700453,113704.533954428,110250.912997871,100700
146719.835898563,141633.78922996,126348.506341584,113692.341913374,110193.698152529,100800
146711.643356285,141611.658080737,126302.40609086,113652.789458509,110142.685449898,100900
146707.652565844,141593.307494374,126251.642927156,113590.231235987,110079.959930779,101000
146662.194966426,141566.981072112,126216.779112546,113529.619920427,110026.591763147,101100
146644.304553324,141543.496036726,126170.099669252,113492.009843575,109973.141907234,101200
146632.187392066,141511.199255671,126118.968035878,113430.107116375,109920.141456266,101300
146632.399847305,141472.275649939,126079.284841906,113384.459306307,109859.240046426,101400
146625.046999693,141451.337011823,126039.003329814,113352.821211039,109812.913088161,101500
146577.472802399,141429.243635982,126003.080244553,113292.51532381,109759.918770339,101600
146539.917424359,141388.684082562,125961.818061492,113232.132330833,109706.843769795,101700
146511.1217663,141372.81100379,125911.849414548,113184.102866468,109653.688437132,101800
146477.982412758,141351.333731267,125883.816313549,113105.756826775,109598.274417742,101900
146418.756974527,141315.803257346,125826.075525159,113045.894810815,109527.428140371,102000
146374.8157409,141319.409455921,125774.666463132,112999.650791108,109474.061922466,102100
146363.901469575,141295.705491103,125719.493385112,112945.616574564,109392.215638538,102200
146379.044176744,141275.748918391,125666.24440707,112871.028427234,109319.774790865,102300
146371.009681039,141239.252585764,125615.996096675,112807.158159058,109263.57398958,102400
146321.046868998,141195.166243473,125567.659576152,112741.251112312,109208.882220327,102500
146323.23796172,141152.590175757,125523.090926272,112697.475943404,109155.921429729,102600
146325.290283999,141109.57128943,125480.533731369,112657.280144116,109102.882684736,102700
146308.768039391,141092.543163211,125422.588417232,112610.864010767,109050.094407321,102800
146274.479362171,141071.945574258,125367.771845528,112537.936691541,108981.086104944,102900
146234.153998931,141030.330161039,125328.596383238,112495.507609175,108914.654303005,103000
146203.771070769,140998.278584765,125278.592122076,112443.674646115,108846.225820983,103100
146171.147605053,140981.484107799,125232.905683702,112398.771571979,108784.473679732,103200
146154.070435004,140962.75453965,125178.934966201,112350.864769315,108725.566671426,103300
146160.639467295,140914.384730524,125125.838274121,112290.567293104,108667.113353696,103400
146153.970317161,140890.63043359,125073.683846055,112225.752534741,108608.589885701,103500
146131.900453942,140837.339824241,125024.620519733,112158.781947022,108548.231424664,103600
146109.697849576,140805.776597346,124977.48278397,112100.378123485,108490.222764606,103700
146087.362827971,140774.061902678,124921.056652005,112042.415333425,108432.165997737,103800
146064.895712476,140758.907664744,124877.584732582,111972.91981621,108372.747185949,103900
146040.8055102,140742.040588766,124832.141982495,111916.024033163,108314.016503751,104000
146016.495767072,140708.280083214,124781.281247958,111862.147546477,108254.727765521,104100
145992.055459705,140691.686916894,124736.187541957,111794.358654877,108190.261111612,104200
145962.157538726,140649.126479052,124685.419599939,111717.329519188,108124.361839873,104300
145921.070446248,140592.055595229,124639.177318393,111633.540400291,108062.196182342,104400
145902.343099626,140564.833010986,124588.3855385,111571.296244272,107998.545325905,104500
145885.353681282,140535.712755249,124544.270520701,111497.79451682,107937.841094671,104600
145815.289366962,140494.721818718,124490.162577543,111428.917025307,107874.428591597,104700
145755.504041408,140452.920824526,124439.861387498,111364.021782762,107811.093916487,104800
145711.928484395,140408.287955678,124395.434569852,111279.264015532,107736.736824247,104900
145667.896647135,140367.831472258,124353.387400847,111198.035718886,107662.200076276,105000
145647.924809063,140326.029138511,124305.040441927,111123.390248487,107588.408508282,105100
145627.873510098,140300.094231242,124254.068885113,111080.867009542,107519.891327441,105200
145616.431527336,140268.82182087,124196.114807891,111014.607725508,107449.648740026,105300
145600.898661728,140222.624957403,124154.514797678,110961.21406679,107396.533415231,105400
145511.554565996,140176.317127961,124107.136428419,110891.849173366,107347.651348394,105500
145415.105043331,140129.898691559,124061.847775067,110824.677219891,107297.76110174,105600
145366.093829312,140083.370006474,124021.420521259,110755.734676434,107211.533665449,105700
145321.158900685,140036.731430249,123980.714227794,110700.081770055,107137.447210366,105800
145279.612621766,140009.736857978,123930.414637582,110653.650639519,107081.764782027,105900
145251.148856859,139991.911945557,123876.292653641,110600.842490813,107046.386783076,106000
145229.204971621,139933.273103666,123824.667159312,110530.163500763,106993.557772422,106100
145204.264815756,139914.784371113,123762.381083438,110473.303556735,106916.761875489,106200
145179.200232927,139872.631394638,123706.391019653,110416.049396422,106844.416508627,106300
145154.011531081,139842.093656994,123647.010951841,110361.527328379,106760.293125109,106400
145127.519399539,139827.418651295,123604.260577507,110294.543836408,106697.874300405,106500
145101.802021805,139812.49330519,123555.879743324,110228.563502984,106646.115578419,106600
145074.193914406,139763.323403775,123505.012325823,110163.497563427,106590.268485885,106700
145049.826903677,139738.500777521,123456.062356471,110098.191882765,106535.820385293,106800
145038.526399253,139726.939589292,123402.976741442,110031.479792013,106486.263210125,106900
145016.277562316,139686.423160163,123357.00995746,109966.654187173,106429.536022524,107000
144999.488398523,139628.865134933,123305.425456823,109906.376482236,106359.509700279,107100
144993.375911096,139607.559257736,123257.834430618,109848.552879005,106301.673992042,107200
144978.219115594,139563.685930407,123198.500384846,109790.300485008,106221.97739181,107300
144962.621604295,139536.727192746,123147.666542884,109726.608456314,106149.643378578,107400
144946.777047638,139486.407460585,123093.036832815,109677.142554793,106086.001446448,107500
144887.043798529,139466.874506747,123040.07582038,109628.204965125,106019.483007382,107600
144867.311069736,139418.48978917,122985.47272725,109576.539509708,105961.341573773,107700
144862.291637535,139389.850574711,122938.834949342,109525.672763736,105889.687902751,107800
144857.147818363,139361.156250616,122889.573116193,109463.090684913,105817.991645949,107900
144850.632235524,139324.504081088,122856.826032446,109390.574361168,105746.253124116,108000
144809.106299637,139283.016247036,122810.740064043,109345.776616434,105674.739679808,108100
144761.86906847,139244.182815031,122764.273564583,109272.911329493,105594.644218403,108200
144745.454164245,139211.0113869,122706.215532175,109211.981438245,105513.864748767,108300
144690.419949434,139171.220736845,122660.912758323,109172.270488476,105457.841623489,108400
144635.488097101,139132.106184354,122610.256375656,109092.061533973,105385.363761577,108500
144607.793060139,139076.811983709,122569.887137589,109046.565928547,105317.25373634,108600
144571.862848503,139040.374098728,122529.599301431,108986.010720877,105241.766062923,108700
144549.415394926,138993.481505961,122470.235955106,108913.054498112,105160.817394404,108800
144524.465408775,138954.886967356,122428.442734847,108849.892706619,105080.333745528,108900
144481.160396508,138927.033428912,122372.476619138,108791.633710797,104999.823263786,109000
144428.821303925,138881.316908962,122329.524707985,108732.168581898,104919.286267566,109100
144415.036923095,138852.661781655,122279.887526351,108674.852326202,104864.854413461,109200
144400.38881133,138811.402522772,122229.223735424,108616.827145505,104794.873056387,109300
144361.304856776,138760.976392657,122179.206471331,108551.891990471,104744.344878189,109400
144328.945586226,138726.503868107,122123.824054296,108490.511253593,104672.282771596,109500
144330.951419258,138678.400713152,122070.423832832,108430.134482511,104600.183004957,109600
144326.697665819,138629.315493095,122022.848559906,108370.400746038,104528.045883444,109700
144270.306489883,138580.587225241,121974.380330064,108314.030165415,104456.315636328,109800
144256.847781392,138531.527514088,121929.271373364,108252.386029823,104383.811258298,109900
144242.62013758,138487.849892957,121880.89133261,108187.966472383,104311.907729948,110000
144212.214548514,138454.54896672,121834.118120779,108125.032599182,104239.636128674,110100
144198.968226589,138425.528571804,121782.831227583,108054.882474232,104171.302034674,110200
144164.331060175,138396.986794088,121720.681946487,107994.144191969,104126.090319779,110300
144108.420490371,138391.640265721,121678.156492596,107912.989531182,104075.383023534,110400
144059.785280334,138358.661741019,121620.978052554,107832.01759871,103996.71880913,110500
144028.660578011,138325.223482067,121570.738853487,107777.984115875,103951.49289321,110600
144018.503954311,138289.875943217,121515.795400304,107724.84940636,103906.951086819,110700
143984.254621564,138269.116714977,121462.032297474,107669.956063535,103843.724758709,110800
143949.337438341,138231.820714586,121405.729303576,107602.556168316,103761.031400271,110900
143913.387330243,138209.64495989,121354.584269802,107520.082061606,103660.735157036,111000
143876.422611466,138159.48282637,121290.612944175,107443.224856777,103582.835177049,111100
143839.350884263,138114.165819166,121244.665515662,107379.584325709,103512.540694688,111200
143802.172445692,138073.295459563,121198.469006149,107339.076954945,103443.835369657,111300
143764.887592267,138034.656625369,121145.149959789,107273.343120554,103373.442673267,111400
143741.604034865,137999.822481752,121089.789577239,107212.135462167,103309.984736909,111500
143727.509031913,137956.112674001,121040.010775737,107155.419139863,103244.096773846,111600
143714.724391805,137915.298479857,120980.480378004,107101.039898511,103187.611673859,111700
143664.18870629,137891.026075133,120926.231014073,107042.505027794,103123.66793825,111800
143612.977581287,137853.613241551,120880.580401571,106977.696334953,103056.775796329,111900
143623.842449744,137813.446957034,120824.031116999,106913.675302223,102990.581660634,112000
143594.793045465,137758.647037102,120763.535000673,106847.15209315,102915.767577312,112100
143526.279948606,137717.387912529,120707.095938359,106781.878293325,102844.049253056,112200
143519.217735207,137661.334579433,120660.391624452,106718.818829287,102777.349223076,112300
143517.864463242,137612.199822423,120616.590052542,106653.508444759,102723.257471216,112400
143484.569838474,137562.961979082,120567.602695506,106590.142159226,102653.010584055,112500
143429.540534592,137515.355673884,120513.393584817,106529.532486689,102576.643677894,112600
143373.357338038,137466.532992723,120457.127296012,106450.357005416,102522.558362428,112700
143326.066913993,137418.406726772,120409.130779173,106394.679849995,102461.419598814,112800
143315.269278128,137373.482467307,120347.056779219,106326.616467504,102395.102153222,112900
143302.90417594,137320.960363686,120294.503593454,106255.483214684,102328.747351227,113000
143240.650327331,137272.101748171,120238.548827962,106193.879473969,102262.355463054,113100
143234.701379539,137231.054620408,120179.189602531,106130.20042744,102195.926758183,113200
143187.768987753,137189.255292852,120119.237633108,106055.634036929,102129.46150536,113300
143114.838988175,137138.720583054,120057.679028804,105987.14985012,102062.95997259,113400
143107.213970695,137107.459951576,119998.789676356,105919.241089305,101997.045693484,113500
143084.391280723,137087.64776727,119970.202247192,105849.62685273,101934.292032869,113600
143030.49219711,137066.915082842,119922.374374301,105783.30787078,101889.030822563,113700
142996.293083818,136997.736793069,119855.551008685,105715.283961844,101815.647419408,113800
142976.004533592,136961.936477122,119799.249273044,105647.63608684,101733.840010796,113900
142955.608871698,136924.637129316,119752.661237216,105574.485386258,101651.220797387,114000
142926.28584755,136881.352750951,119703.174080917,105503.86143884,101568.342914832,114100
142883.45675333,136849.207870748,119655.484892285,105418.677418921,101491.663494872,114200
142840.531169234,136825.405919538,119602.0596111,105351.071645728,101423.063997763,114300
142798.810846066,136773.130659014,119545.93504478,105277.691903706,101354.433390209,114400
142803.759204901,136728.025327326,119493.723578453,105213.354028446,101260.376439029,114500
142769.78166632,136665.787426723,119435.367944552,105149.668833073,101180.524978863,114600
142759.204283623,136603.277413062,119375.716125884,105086.05648651,101149.484509057,114700
142719.349825506,136553.013340598,119313.277754906,105017.569513368,101051.067313459,114800
142661.51687409,136510.514431464,119254.941748561,104950.65015762,100974.730501348,114900
142641.035886359,136490.207339999,119198.713479041,104888.4326005,100904.699494158,115000
142626.419447644,136436.440397238,119141.905819814,104815.978529235,100836.28754244,115100
142561.697352755,136406.405185522,119096.94608756,104756.821222245,100770.342597818,115200
142511.574406447,136376.117846236,119037.589770735,104683.227216749,100701.165949425,115300
142464.688730743,136312.121047021,118988.530375889,104607.240244429,100630.589349832,115400
142411.287906962,136278.247551906,118936.637232278,104542.315740028,100562.187144988,115500
142357.800702615,136237.387434471,118878.370798923,104468.115911136,100492.11805445,115600
142304.227414617,136174.420829662,118821.911053095,104386.331209513,100417.158821628,115700
142251.463203867,136137.198598417,118770.564264252,104314.479249405,100342.180599909,115800
142216.079065112,136092.317401592,118713.187556559,104243.220341424,100260.631044559,115900
142202.808081647,136039.639725031,118655.793803767,104180.125177936,100196.386936727,116000
142188.058492237,135988.421922451,118598.742569611,104126.428753151,100140.600575308,116100
142173.206216234,135939.230969301,118534.759129236,104069.286067073,100084.692310152,116200
142106.065197485,135896.988948034,118477.757904902,104001.203101308,100030.46605855,116300
142079.393552223,135864.339532504,118419.791227824,103933.087898207,99975.5181051572,116400
142069.037510551,135834.201990932,118360.016591262,103864.383820161,99923.3278120051,116500
142017.357638205,135799.824209125,118300.413922573,103797.585318371,99856.9173647403,116600
141954.570283541,135775.946334654,118243.733060807,103725.857267543,99786.3106549064,116700
141917.591841627,135765.790225739,118179.269660009,103655.369365284,99726.5375807199,116800
141884.986307504,135744.285194324,118112.833098124,103576.165111164,99657.5090883027,116900
141849.350294284,135700.013793635,118054.350463878,103494.776189477,99580.4162943802,117000
141801.80289501,135675.978291899,118007.486050142,103438.312639204,99514.0966896487,117100
141770.364277885,135646.469873768,117954.332666104,103379.279598719,99454.2145459019,117200
141745.281164261,135594.607073994,117889.605914707,103310.406559912,99402.5654769562,117300
141720.099507517,135557.160143836,117828.05414129,103243.987433677,99351.032239926,117400
141691.766199822,135519.45742181,117774.842646344,103170.090396317,99299.7864621907,117500
141659.681944616,135474.84190085,117720.988086792,103099.714806873,99222.2248725435,117600
141627.502565234,135438.574989085,117658.205821838,103029.218128987,99141.3886884901,117700
141594.133820589,135392.271527768,117610.770734973,102946.456146203,99064.4654697308,117800
141562.049132933,135362.507280635,117557.537204202,102864.521718491,98993.3788805228,117900
141524.37121588,135309.246092499,117509.514700941,102785.517793989,98915.6773415866,118000
141496.054297741,135248.624024005,117456.212510799,102706.919248208,98840.3384657363,118100
141462.604317664,135224.31595841,117402.850327641,102649.871874627,98779.9213966333,118200
141417.391513172,135202.746851891,117344.635561691,102580.222900064,98702.3524281293,118300
141369.447367772,135162.533818385,117284.564322044,102521.318736133,98626.0810325254,118400
141342.547167608,135128.093930751,117216.486146426,102464.925413579,98560.0229685596,118500
141325.058341147,135088.477197485,117156.251564387,102408.172903092,98494.3224377995,118600
141296.508768351,135036.446479177,117084.922829969,102340.639276478,98428.5957326987,118700
141263.764818103,134984.340008607,117024.707699875,102268.959652813,98362.8430819161,118800
141249.325757679,134946.813925886,116963.587522879,102198.120543823,98282.9585864448,118900
141224.633886315,134893.59501752,116882.836718104,102129.247778043,98202.6913202646,119000
141183.901776504,134849.855376568,116829.46402775,102059.205672773,98133.2940099694,119100
141140.57253946,134800.782910236,116779.88865241,101999.217173495,98061.6325493908,119200
141113.179749071,134747.966022003,116719.698130285,101929.727317289,97994.1990456676,119300
141074.262435342,134701.138575108,116653.953160744,101872.210369613,97911.5989528085,119400
141025.092441533,134654.219217365,116596.628475884,101803.590605094,97840.0863355638,119500
140990.489073243,134596.849214067,116531.910964542,101732.826183431,97779.9978364501,119600
140952.500080103,134555.910236242,116469.218266502,101654.511146355,97718.2254272834,119700
140912.452759935,134506.44302921,116403.297059179,101593.861885396,97653.6753466796,119800
140877.258452109,134455.580117563,116343.71175374,101525.154194831,97578.5741692185,119900
140852.51660053,134403.50087873,116284.442051096,101449.209348883,97501.3958216601,120000
140800.652886417,134354.346174958,116221.931457796,101384.059148748,97425.0994373772,120100
140766.980618886,134309.138757942,116174.217819076,101316.849896308,97366.3763379218,120200
140742.425457239,134261.233805805,116118.948749242,101247.216281411,97297.0249985849,120300
140694.789779439,134212.248491082,116061.469206405,101173.496190811,97231.3552076695,120400
140658.031801384,134160.839243461,115999.187600675,101097.456619986,97161.4833348688,120500
140622.867872005,134111.221949567,115930.519363345,101023.041649072,97084.8990927399,120600
140588.563296152,134070.891251318,115868.049606721,100957.831246998,96999.3920542891,120700
140553.637843155,134018.967215486,115806.276374662,100887.60757696,96922.5269249779,120800
140519.653134047,133963.147168884,115747.91408655,100812.452352636,96838.99480546,120900
140500.738744687,133911.915821988,115692.906364086,100746.151912853,96771.1879625409,121000
140488.744887197,133861.319890703,115625.957544018,100660.731728222,96712.9843806701,121100
140444.353634676,133805.098268267,115570.126143108,100584.454638582,96631.2666630693,121200
140441.692151457,133728.389335437,115512.430394553,100519.019089426,96544.6091468625,121300
140438.935437473,133684.310618022,115446.858937615,100448.856377548,96466.8412540231,121400
140399.099394608,133646.782031407,115392.563955566,100372.127934143,96404.0295482319,121500
140352.178436942,133608.391363723,115328.492764315,100290.778107946,96328.4767884575,121600
140305.178273265,133559.402702154,115269.026842164,100207.553412203,96245.5785342674,121700
140260.626484642,133510.222970985,115216.394680863,100123.268386861,96159.1574521103,121800
140217.137823349,133479.303838205,115150.38084585,100039.162637466,96075.5696837344,121900
140172.354319561,133453.108532838,115093.25966768,99979.5092710352,95996.9231038405,122000
140134.437739072,133424.969684917,115028.503930735,99906.1296137167,95914.051778096,122100
140100.746401239,133389.701492044,114968.080453101,99832.9126723611,95832.0425464824,122200
140066.969452728,133340.720981519,114919.78462356,99769.8187750859,95759.849883055,122300
140033.107112652,133291.074534058,114861.691490244,99687.2845177717,95694.4863654354,122400
139999.480414061,133245.844572234,114804.613016598,99609.0590354382,95629.9731132172,122500
139966.511544169,133205.027373629,114736.110551117,99541.0873717808,95565.4397077042,122600
139940.027135525,133170.722678917,114673.948707579,99473.9315851396,95503.8206002634,122700
139920.700155165,133128.375827725,114616.970528832,99406.8037429822,95450.4060248293,122800
139894.848798962,133062.655006173,114569.359918301,99340.0142749943,95393.6949807728,122900
139864.921443012,132996.65174525,114510.323628913,99273.2039731728,95336.8138696793,123000
139834.850770503,132942.730741717,114454.875060038,99208.8995091845,95257.3755235451,123100
139796.053709798,132893.827443246,114397.912455392,99151.8438992619,95178.0137689905,123200
139748.417403663,132844.854693183,114346.055899183,99076.8632823951,95118.5687742399,123300
139730.377019807,132795.812723441,114291.423230424,99004.2113908973,95044.6453848836,123400
139711.896867394,132746.701765484,114238.707521985,98932.7281069178,94964.5099694048,123500
139667.278552307,132697.522050327,114179.874056034,98875.0610500924,94877.3766553356,123600
139622.760250316,132653.937359639,114120.298023362,98800.2801029158,94790.29410425,123700
139597.012989547,132613.82130501,114057.245791014,98739.5752840222,94725.6046258342,123800
139571.944826318,132548.168286701,113984.707155712,98668.2419249688,94649.3612125853,123900
139565.730219785,132517.792800358,113904.643800374,98595.4715464329,94577.9522161732,124000
139532.123127761,132487.33814472,113834.322054416,98518.3351095132,94519.0023533292,124100
139493.968815883,132456.804516349,113774.114997298,98426.0105828388,94457.8331172371,124200
139467.600219479,132420.601252335,113723.807346673,98350.542258642,94374.5310446272,124300
139440.375997635,132391.499273917,113659.289000412,98287.4815621978,94291.3944709093,124400
139384.212487376,132355.86815028,113602.211949653,98209.7509752359,94208.2705147122,124500
139327.319125051,132305.048645949,113533.287425592,98131.4105826533,94138.7683332119,124600
139270.359628856,132257.201828245,113475.844010451,98054.2845142642,94070.1155706009,124700
139217.785516528,132231.147882089,113413.19919414,97976.5490460045,93979.1496203307,124800
139179.492756856,132205.01429426,113350.065137194,97899.0795828382,93888.2113783651,124900
139099.305849067,132168.879298017,113288.604328761,97823.5031401315,93797.301030958,125000
139034.576572715,132132.246947072,113231.195152287,97742.2612827777,93715.6575402304,125100
138976.869573933,132094.253493716,113171.425423669,97657.6170710582,93648.5896488281,125200
138919.098091445,132056.186723884,113112.16771295,97572.0194267601,93568.9133183661,125300
138866.929392487,132018.046841644,113052.800387419,97499.5536756628,93469.9936256569,125400
138821.842101922,131979.834050705,112992.852757555,97430.5065650055,93378.0698826198,125500
138782.383147355,131941.548554421,112933.446457696,97362.7906953591,93304.1557178887,125600
138742.341829716,131903.19055579,112871.736809698,97274.6033758149,93230.4581390735,125700
138733.503029932,131864.760257455,112809.058843091,97196.2331929826,93156.7598739897,125800
138732.499811593,131826.257861705,112741.098731371,97122.4882671266,93082.1409954684,125900
138687.192853692,131779.208501396,112677.363151559,97052.1597796547,93000.8474686932,126000
138630.335305009,131716.766869818,112612.403252729,96975.5214262746,92938.4202571003,126100
138572.26672433,131671.107274668,112541.245008288,96899.3518680872,92864.7654199697,126200
138535.164574592,131640.264889079,112483.82834655,96824.2031472722,92792.1266256152,126300
138515.866588145,131592.895771541,112416.352193875,96751.3187389941,92713.4244817712,126400
138497.48957045,131542.864208986,112344.641446651,96666.397321986,92645.4947311252,126500
138436.327564292,131498.733964494,112258.02956945,96585.0148149387,92565.7703441589,126600
138399.767117058,131464.375397087,112189.417077689,96505.7935106168,92479.3947271794,126700
138366.878792304,131432.305819692,112122.961016284,96427.2662563514,92404.9544579922,126800
138315.441265585,131388.856498107,112062.102258249,96348.8138636338,92339.7030716649,126900
138276.195347258,131317.796809882,112003.796488558,96261.3530866426,92280.2546993286,127000
138219.617620122,131255.948995444,111949.913213488,96188.1077292209,92207.5612415103,127100
138192.713373854,131191.543126731,111894.960465219,96105.8909874433,92139.7565040682,127200
138161.72995537,131141.817508632,111842.348633181,96035.0466364158,92072.9420884319,127300
138123.176829882,131104.688784416,111780.247579645,95956.616351564,91988.236480243,127400
138091.886504055,131053.296170696,111711.206455068,95878.5855881828,91915.1837728211,127500
138059.932970608,130995.77422626,111651.897117416,95809.3172408091,91842.665859511,127600
138025.964470039,130936.525576981,111588.534208482,95745.9219328979,91772.179642901,127700
137924.887904286,130874.416246404,111524.358639015,95681.706743677,91695.5733654024,127800
137862.752310612,130820.049038351,111466.777197163,95614.0655956772,91605.7366197636,127900
137821.409429319,130762.575249876,111404.361120705,95532.8954609502,91520.7558215248,128000
137779.994904954,130705.046963729,111342.905191036,95468.3577942978,91435.7981046887,128100
137738.508940763,130647.464398521,111279.20574818,95403.9370487764,91350.8636383994,128200
137709.733525728,130607.194615401,111215.647535399,95335.9597903395,91265.9525911557,128300
137673.794816397,130563.094241083,111144.966968901,95261.3798532201,91181.0651308126,128400
137622.084891172,130514.908389703,111087.066969469,95193.0347046571,91097.6064128031,128500
137581.55797816,130461.341847802,111033.169823855,95132.6958853636,91014.4851343878,128600
137545.512614684,130421.141096896,110974.168321121,95062.6304141651,90952.2250034527,128700
137507.631712116,130363.928460334,110910.935353856,94999.1338982429,90900.1372873195,128800
137469.678552703,130305.48220705,110852.191485644,94950.8839466734,90848.0246844744,128900
137431.653330502,130252.723032458,110794.373057437,94890.4975914356,90782.9277417756,129000
137392.876683563,130217.83749618,110725.967283219,94826.3466160942,90698.4624477024,129100
137355.196614808,130164.701723412,110663.993412276,94762.1821533689,90632.0834925958,129200
137297.891855064,130118.960166761,110609.373377234,94690.3226315296,90542.2056897718,129300
137238.650291405,130095.853513365,110547.046115181,94634.7701685864,90467.6159590866,129400
137184.331794651,130044.462940038,110480.562977297,94570.2330823395,90407.6143990262,129500
137141.962308584,129994.839767129,110412.262904504,94505.3929018289,90320.0606154131,129600
137099.208547386,129988.163002919,110351.183346933,94441.163602927,90264.3478605739,129700
137057.007715944,129944.53166224,110293.711898982,94367.5740305165,90210.4433763041,129800
137014.738554434,129886.20499346,110236.236943036,94291.5071588885,90136.2740788042,129900
136972.401259221,129817.165086114,110171.763889242,94225.4761434894,90050.4763171879,130000
136941.026920195,129749.380138261,110108.46159193,94151.1472619965,89961.8960952984,130100
136890.884909091,129703.458135732,110058.437404727,94073.478229874,89873.3499099078,130200
136844.723849922,129662.568815359,110011.1008042,94000.6039746474,89784.8379135423,130300
136801.96811751,129620.574975996,109938.169309631,93941.2963268794,89696.3602580892,130400
136759.145316818,129585.487239204,109865.490816519,93875.991644691,89608.5505116889,130500
136716.255642373,129538.463425195,109803.670893886,93802.8208022049,89521.671030834,130600
136673.299288362,129497.043803434,109752.957050259,93740.9444990662,89435.1054786069,130700
136634.082706321,129442.399156188,109687.789751073,93679.0543141501,89364.4458099284,130800
136587.075200206,129382.353889141,109621.454915533,93606.3390584613,89310.8708685974,130900
136543.834190657,129338.088349649,109557.941989377,93537.5102484067,89243.0265366557,131000
136492.691384167,129307.615485451,109498.717646681,93463.1511137019,89158.0114060337,131100
136426.364429448,129270.617034798,109434.175506514,93382.7979803416,89094.950672456,131200
136370.051683157,129219.93553607,109376.629354939,93314.3322061732,89031.8832010269,131300
136337.034829972,129168.892463373,109303.787623237,93246.4008262828,88966.6828890457,131400
136306.070697677,129117.474280015,109230.876402497,93180.0337066463,88884.7374483325,131500
136275.03485134,129067.322639756,109172.084318664,93100.59529082,88802.8162078359,131600
136235.634992395,129014.974406186,109113.200904727,93027.2877939197,88720.9193177703,131700
136195.592012957,128951.748342291,109057.164548416,92962.5973606037,88639.0469277762,131800
136152.353327516,128880.606169926,108988.766081394,92899.8728113194,88557.199186922,131900
136108.886581385,128827.157745703,108915.81121027,92821.6539222751,88475.3762437053,132000
136065.016912794,128787.766334679,108851.838239817,92745.4837254745,88400.3942086034,132100
136021.083436762,128748.228711608,108785.781617868,92671.2434965623,88329.2917049605,132200
135977.086342076,128706.376795387,108726.34204766,92599.0936894017,88248.4188608058,132300
135931.907148864,128654.664240183,108670.425759683,92521.6429286817,88156.517851954,132400
135888.315078085,128602.899101205,108603.524885367,92447.734647732,88064.6623652219,132500
135844.715228976,128546.680348906,108541.200074804,92366.239145807,87981.1729305283,132600
135800.381252916,128500.12189164,108476.309790563,92284.846597116,87898.4383715926,132700
135753.320358998,128457.490413775,108409.198000063,92203.4735001843,87816.8600432482,132800
135708.463633689,128407.054229926,108342.399928639,92124.5358344779,87743.6053594298,132900
135662.325278641,128356.233708332,108278.883644868,92050.8644467366,87676.8593625699,133000
135586.44048357,128317.848587677,108216.562257137,91961.9530459802,87610.1146143707,133100
135549.752542149,128280.370163801,108168.821585378,91875.1580546973,87543.3712636498,133200
135499.597339421,128240.933236316,108102.843450537,91810.4964192797,87476.6294587723,133300
135436.064956902,128168.977266014,108039.121963893,91745.8290329043,87407.3289655696,133400
135365.118938393,128094.495492933,107979.521082774,91682.0087695133,87323.5443083285,133500
135294.134276153,128048.146366374,107912.333545351,91605.633603149,87253.3683798907,133600
135223.111183527,127989.861125758,107859.167862393,91517.6463523335,87185.1117339156,133700
135152.049873377,127937.889494358,107800.817264321,91431.2503257056,87116.8886723919,133800
135080.950558088,127884.773706676,107743.295064978,91389.9850378067,87063.8782394254,133900
135052.013498593,127831.608703428,107678.681887055,91314.8174183184,87002.6761511827,134000
135038.156933745,127785.736006166,107612.543913883,91238.1907846716,86923.3064529267,134100
135008.310290637,127725.131794096,107549.499071078,91161.5778375046,86841.4936588445,134200
134955.557054545,127667.334602808,107483.830191761,91088.1669128083,86770.8377220473,134300
134902.750289273,127613.064559742,107417.459601609,91015.4320912396,86686.1732366785,134400
134849.890185203,127560.417027976,107347.680312173,90940.8364982388,86601.0206110521,134500
134795.429026733,127493.477581379,107280.604715668,90876.0447148035,86515.9038115977,134600
134739.700420451,127431.941593835,107218.928030937,90811.2489723193,86441.6552580143,134700
134690.410452146,127401.991534638,107147.83017931,90743.5117209911,86374.9152449221,134800
134657.365184876,127357.053224691,107083.694356448,90676.7815737625,86318.4884484641,134900
134612.450949777,127320.699225938,107033.107812736,90608.2103837313,86242.8954746178,135000
134526.320922927,127288.660863301,106962.725057876,90539.8777527507,86170.164409188,135100
134461.445369373,127241.166497607,106889.073136715,90468.9608716932,86102.1654963511,135200
134411.226002674,127217.040793716,106821.07368153,90387.3767949413,86033.8120630097,135300
134388.844851299,127192.238487495,106754.120411714,90308.6286947288,85954.7296355498,135400
134365.30768239,127133.909297941,106688.523151976,90235.1054898021,85875.2039550842,135500
134341.311820009,127065.681915999,106623.401060475,90162.1399827822,85796.6214268537,135600
134317.247703557,127012.88389774,106557.325250012,90090.5497887104,85717.5231513933,135700
134284.046569178,126960.038887771,106498.962039702,90011.8977543012,85642.9200901941,135800
134264.786925065,126907.147064473,106445.568979561,89928.5752745347,85569.6734150651,135900
134245.292897063,126853.85498493,106367.861831369,89871.1804976707,85492.8736306515,136000
134195.32064565,126797.12816878,106316.398360881,89800.4769775544,85416.0965946856,136100
134144.226379498,126740.358312893,106263.623733332,89737.5410348334,85347.8521186017,136200
134092.175062593,126683.545598199,106206.764958794,89668.6983712777,85286.3766454175,136300
134039.727142117,126626.288470262,106146.894987235,89587.7593077344,85196.9474448188,136400
133987.152350895,126568.684557738,106083.405411855,89515.2527825478,85109.3091667102,136500
133934.25554146,126514.272137781,106030.655290146,89453.504177851,85032.5571861265,136600
133881.307865807,126453.253332242,105965.302673656,89375.8145431711,84953.8808723895,136700
133828.309505681,126396.614741766,105894.040786158,89296.7118199199,84863.1997822876,136800
133775.260642477,126337.853805829,105824.626353902,89221.5911786684,84794.2928637407,136900
133722.16145725,126280.043240525,105767.917132456,89138.3475638197,84727.4812897541,137000
133678.802811488,126240.115935602,105706.775747819,89061.4791206467,84651.8752017794,137100
133640.239568755,126207.842707802,105654.402710184,88995.0883623206,84576.2915850721,137200
133601.616567003,126168.420884727,105596.379373808,88928.9374225684,84500.7305654639,137300
133562.933967788,126115.126257943,105524.127596994,88860.0078240831,84425.1922683195,137400
133524.191932401,126061.787371248,105452.91219059,88791.3871841154,84349.6768185379,137500
133479.728848548,126007.848185372,105381.655277227,88715.2651114364,84274.1843405533,137600
133426.484250512,125952.951422809,105319.324181942,88652.4328603381,84198.7149583364,137700
133373.130177017,125898.012181638,105252.565897969,88590.6760628758,84123.2687953958,137800
133317.962318776,125843.897056552,105181.203898309,88510.4704181327,84044.5167211156,137900
133259.110471032,125796.200683489,105109.999699217,88445.4518098393,83972.4466190726,138000
133209.464258182,125750.034902081,105043.210412367,88379.4147281893,83897.2718027946,138100
133164.328372395,125706.528771133,104976.252603446,88303.7073425628,83824.8051384192,138200
133110.197009662,125662.971918479,104902.575120409,88229.125009761,83759.4030806642,138300
133045.851486484,125616.797918095,104839.500639561,88152.7417950811,83680.3487342001,138400
132976.287859062,125549.946268547,104780.473030705,88081.8641892972,83601.3253646746,138500
132928.375069787,125478.914958335,104712.523208075,88009.9233932366,83522.3330882343,138600
132871.025674002,125424.991564576,104649.549392947,87940.7307539516,83446.1118493109,138700
132807.347138623,125371.026178745,104584.581442443,87871.5468863203,83370.7564336819,138800
132759.986446481,125320.210306835,104515.444808411,87801.2894465966,83295.3017266272,138900
132719.018531298,125266.332680192,104449.167064722,87708.8026934561,83220.5672114696,139000
132665.56403993,125216.713785967,104396.305055396,87632.3339348395,83145.196551084,139100
132627.3646768,125167.049888427,104344.954196426,87564.6607806606,83069.8512380012,139200
132593.352034165,125116.559096958,104283.319440246,87487.5286909786,82994.531388669,139300
132558.762672445,125065.536728769,104219.592431475,87415.0895970585,82919.3870190059,139400
132523.826865737,125013.331698826,104154.406040006,87341.3234835876,82844.3540382248,139500
132488.201927476,124948.114781588,104081.768912526,87256.6664855061,82769.3464221427,139600
132431.623295162,124883.334899824,104005.171342434,87197.9800611477,82688.1347330657,139700
132372.871700308,124831.549032514,103934.767425162,87125.6407607406,82606.2197840672,139800
132348.70408627,124774.683265788,103869.324542963,87054.0752811778,82524.7890789921,139900
132319.372125648,124720.226983695,103793.249551278,86982.6447839129,82452.1560317075,140000
132255.564841548,124665.73086768,103732.669652308,86911.2285866915,82370.3350512273,140100
132189.860899298,124613.540052324,103663.501495158,86839.8268137929,82295.6301747806,140200
132124.122383173,124565.074401883,103591.427747907,86770.6602419254,82236.8181838394,140300
132058.349472973,124510.714035269,103517.970749321,86703.6982329306,82170.2123240287,140400
131992.542348118,124453.465928805,103459.108870462,86636.7439799756,82093.7483565458,140500
131926.701187639,124392.774505067,103396.793245101,86569.7976074192,82009.3016954292,140600
131883.833688666,124335.101390798,103333.520848592,86502.8592392345,81924.9005818945,140700
131850.364231579,124278.376488576,103263.119561755,86435.9289990089,81849.0692676124,140800
131795.376907493,124221.614809811,103179.0595162,86369.6926032401,81777.9840281733,140900
131733.590857253,124164.816517417,103106.196537806,86304.7920189207,81702.6911147647,141000
131671.767896575,124117.207880866,103038.878101364,86239.6709213808,81620.3598172166,141100
131609.908198504,124065.761317526,102965.847667059,86168.036932271,81538.0705590508,141200
131611.090078067,124011.034296937,102892.583789817,86096.8770819006,81455.8901874521,141300
131587.107540368,123960.932402169,102816.632240869,86022.5177949414,81380.0898031373,141400
131520.685709643,123914.671298998,102744.605112612,85945.6152383927,81304.3193214338,141500
131450.752876012,123868.593505881,102680.662718996,85871.331856534,81228.5788476034,141600
131380.528484338,123821.772122595,102625.131647368,85797.9456893986,81153.3198116442,141700
131324.60730399,123774.814045665,102567.922124152,85724.5795468119,81078.3120082739,141800
131287.653556776,123723.442888436,102508.113311133,85651.2335448381,81003.3332706383,141900
131250.645425009,123666.327007207,102440.151817447,85577.9077991307,80928.0174443877,142000
131216.264103387,123621.050337624,102367.030289068,85504.6024249332,80852.7055166313,142100
131178.547218951,123575.729048535,102303.297930563,85431.3175370804,80777.1338990339,142200
131143.590276419,123530.36328719,102251.079405125,85358.0532499992,80701.5930379401,142300
131108.577946422,123484.953200575,102192.419029248,85284.8096777101,80626.083035228,142400
131073.510369184,123439.498935412,102125.011056554,85211.7166292955,80550.6039923596,142500
131037.271530398,123396.218455815,102056.801987586,85139.7827166278,80475.4938529838,142600
131000.237619562,123348.458455017,101986.990825309,85067.3342549065,80400.9403891515,142700
130952.769951674,123301.394315609,101922.225702315,84993.3195775461,80326.4166052361,142800
130920.78887601,123243.768652075,101860.480899282,84932.2689432285,80251.9226019608,142900
130888.75151963,123184.18035545,101792.071485283,84876.4006273959,80178.8747235602,143000
130856.307341751,123123.901191661,101720.457087116,84809.5627016047,80113.4358508337,143100
130820.508728056,123085.757949655,101652.45730856,84737.8960222021,80048.0113554374,143200
130784.354965064,123015.731563887,101587.421485037,84666.2486174789,79982.601343931,143300
130737.296969075,122944.49845431,101519.229879703,84594.6205985391,79917.2059225187,143400
130687.968157999,122884.496480228,101462.020370293,84522.9721145196,79848.2656697979,143500
130639.91521649,122836.754478266,101395.32036292,84450.4185672962,79770.6842879996,143600
130611.015399659,122771.13957816,101335.506150776,84380.0171710078,79693.1396433903,143700
130582.058760953,122701.768710518,101272.645374894,84308.0338385531,79616.1437813924,143800
130552.379571675,122647.783608972,101207.654572219,84235.8881621383,79539.4326282396,143900
130504.563281084,122588.208917621,101139.109736817,84163.6777768145,79469.6648106783,144000
130455.627901621,122538.053120374,101082.191784789,84092.1102191728,79409.3178965306,144100
130406.312995118,122498.396695965,101025.257623947,84019.8197197914,79349.8604725381,144200
130365.840626294,122458.694232634,100968.479052155,83942.5219526149,79277.6957296264,144300
130327.752335397,122418.945865041,100904.430040199,83858.3665394527,79207.6999760725,144400
130289.083888167,122378.502280047,100837.618583798,83778.6129411164,79148.0369210177,144500
130249.129156278,122323.227758658,100772.576302729,83699.6670880632,79077.2923833541,144600
130193.63821315,122289.996132995,100714.183752041,83621.518833644,79001.4948733578,144700
130153.887804586,122231.458320821,100655.776967556,83547.7115206852,78945.6317352711,144800
130091.087314796,122179.012156693,100597.356079635,83476.4725307566,78882.962981912,144900
130027.88203313,122133.336941448,100538.921218333,83405.2454534227,78809.1434718892,145000
129964.645650678,122087.311250737,100472.237087346,83334.106915703,78735.385163602,145100
129902.544004477,122035.698698849,100400.761294259,83263.1885221535,78661.8424808721,145200
129851.619481232,121965.590068707,100336.939706102,83192.2910232803,78588.331214965,145300
129803.075156521,121910.343257077,100277.152131903,83121.4145227655,78514.8514574663,145400
129751.383973663,121838.081534232,100213.546934541,83050.5591239223,78439.1952843636,145500
129712.013906175,121783.812073984,100153.916666422,82979.7249296964,78359.8514732187,145600
129672.59462102,121728.162269716,100099.006828324,82908.9120426664,78286.5094229707,145700
129631.999758018,121683.663605164,100035.202997033,82838.1205650451,78222.3743659748,145800
129589.300156615,121640.518086708,99966.8523149199,82767.3505986801,78148.6888510708,145900
129546.553766962,121584.744109337,99901.3518408358,82693.5504625396,78075.0361012246,146000
129503.760727955,121527.431462828,99839.2759192738,82624.8105394345,78001.4162048421,146100
129461.549608071,121465.204013573,99776.5746282044,82555.1707801397,77928.1585655713,146200
129421.818765025,121395.697342441,99708.8350848189,82484.6658098124,77854.9664427586,146300
129382.03966661,121351.601139546,99639.3991809526,82414.9613462113,77781.3676889063,146400
129342.21244735,121300.506580251,99578.0865122189,82345.2773686549,77704.4392758995,146500
129302.840807848,121250.301619515,99512.2494789112,82275.6139772048,77627.550788783,146600
129264.01829123,121181.786116893,99445.2471955899,82205.9712715691,77550.7023089234,146700
129222.012232455,121108.47817662,99376.416386114,82134.778107287,77474.3608813823,146800
129182.153447933,121058.302389095,99306.7093788272,82059.7292359819,77398.1929358687,146900
129142.247117582,121014.0840165,99239.9637448778,81989.0291727915,77334.1843973521,147000
129102.24609973,120957.841198327,99170.6830702962,81921.5853172941,77271.3899304651,147100
129062.085782818,120900.368381029,99097.6439619404,81842.0058836721,77198.2864607153,147200
129021.87841338,120842.867108444,99032.3476514335,81770.18665012,77125.2165666959,147300
128981.245182484,120787.232362986,98974.1015702698,81693.8537523332,77052.1803322883,147400
128910.444045836,120739.836306239,98916.0813488104,81614.5601948327,76973.1255469132,147500
128853.883174204,120686.009512776,98859.6654415503,81535.3061246816,76893.3416633422,147600
128806.755754574,120623.786274421,98797.3984537025,81456.1644194114,76813.711085883,147700
128746.102550188,120580.825483643,98731.028269192,81377.7695808636,76734.2106090913,147800
128693.716340231,120542.333604991,98664.657581313,81300.1973523286,76657.3408435749,147900
128631.931976172,120493.30108804,98600.2960730559,81228.4210228562,76588.1026055449,148000
128587.101723901,120437.428407718,98543.6846851848,81160.0110396054,76519.2301065661,148100
128538.11113795,120381.527125403,98482.9482608561,81092.3362092671,76450.5169505365,148200
128479.699951205,120324.700409677,98413.1605968278,81024.8054927095,76382.2528959372,148300
128420.775351924,120270.739651245,98348.5354204886,80955.5387552875,76314.0151295618,148400
128360.499088496,120218.528135001,98287.4616608391,80874.870635582,76249.1996758531,148500
128294.318217339,120165.601730937,98222.9142845078,80804.4277502039,76178.1703596241,148600
128242.204391814,120112.258326558,98163.4600406528,80738.3971542908,76106.7797682113,148700
128183.59073806,120058.884542424,98098.688997181,80672.3840749582,76025.5011699083,148800
128124.94607644,119999.823926961,98034.4528042653,80606.3886064772,75956.0895461091,148900
128065.77326432,119937.614189269,97976.1651541969,80540.4108427993,75889.5329983042,149000
128013.601045041,119901.674035589,97918.550676116,80467.4723639417,75817.137047463,149100
127968.152025846,119851.549147192,97867.4635239451,80393.268400765,75744.7761164766,149200
127914.244956984,119777.452398648,97798.3346878684,80317.9857890153,75672.0199820422,149300
127852.556185542,119725.969808369,97729.592788588,80240.084083689,75599.099580259,149400
127790.840031208,119674.115257571,97662.3264582915,80167.8383366287,75526.2156314553,149500
127729.096638919,119620.097079784,97589.4096214302,80092.3453967964,75453.3682109285,149600
127666.386410279,119554.004758992,97525.494616781,80017.2013566711,75376.8548337732,149700
127603.600583423,119509.344040589,97458.3745449481,79942.0921657671,75298.8988616469,149800
127557.933193302,119459.079586771,97393.5419065451,79869.4364609314,75227.0097117051,149900
127531.838548963,119396.517287464,97333.4717249877,79797.9367322374,75160.1698455709,150000
127483.953208772,119332.374211268,97275.3664418462,79727.1816370847,75079.8114607531,150100
127447.981182421,119273.164087402,97212.8640348855,79663.6582617071,74999.6731313374,150200
127410.541385942,119220.255999774,97150.6680410577,79593.5924688302,74919.7885769639,150300
127372.843164862,119162.558910958,97089.4635906377,79519.9062534193,74852.6546705174,150400
127320.332385631,119109.630685146,97023.2625929621,79448.3401818484,74786.4119183015,150500
127260.646421569,119065.557704019,96953.6581526393,79378.9045552529,74716.3292289439,150600
127200.93236197,119018.512831671,96886.2575621098,79309.723403323,74636.8743690603,150700
127141.190347026,118959.637931893,96817.857150706,79240.6797872005,74560.1122145587,150800
127083.911178176,118900.740097089,96749.4627130028,79171.6614678787,74488.2369526754,150900
127050.213478093,118841.819459445,96681.0743609171,79102.6685300763,74416.3983412488,151000
127001.282942933,118778.476494316,96611.8124881314,79033.7010581925,74344.5964511391,151100
126964.079258339,118714.66363821,96541.4697939113,78965.096130622,74271.7801162715,151200
126914.795236801,118655.237844008,96477.5645459686,78896.8395448432,74189.5921789929,151300
126857.983966501,118599.64934872,96419.3706904111,78826.9811110043,74108.1948989569,151400
126801.142984272,118559.852429202,96355.1463672148,78755.0581510478,74033.6195195887,151500
126744.272425851,118511.893280179,96291.9553552027,78677.3428228459,73969.4113991838,151600
126687.372426711,118462.119551577,96231.0145800156,78612.497320386,73905.2270394142,151700
126630.443122061,118433.587021768,96167.4742027201,78549.9542973576,73841.0665173832,151800
126573.484646843,118366.547553289,96099.5132594573,78485.4867851977,73772.2673248424,151900
126516.49713574,118312.616256537,96030.0209290827,78417.9694498619,73700.6585661641,152000
126459.081188171,118271.586928459,95969.8892354117,78358.3480449038,73629.0875257227,152100
126400.635473953,118230.524803787,95912.2562679607,78297.9566479272,73558.2103043692,152200
126342.16224636,118188.395155186,95841.7724304041,78235.44704719,73487.9678229122,152300
126283.661640144,118146.133980175,95771.2996872933,78173.4205217587,73417.7608942009,152400
126240.057700895,118103.837254825,95709.5630207957,78101.5614628893,73347.5895860377,152500
126213.075359339,118057.850565639,95647.1734039107,78027.1609234886,73275.8930793616,152600
126186.045187482,118003.01897951,95582.3009263887,77956.8758596011,73197.6617654944,152700
126158.967289296,117956.544727054,95520.2129680889,77898.4867563959,73124.5823646116,152800
126112.463285816,117913.837952481,95460.986240087,77826.5866314858,73065.850003941,152900
126048.904298506,117861.544270046,95401.7555744442,77757.283010213,72994.7313050543,153000
125983.996492138,117806.737146081,95338.2555995441,77695.4459869581,72923.6507249752,153100
125919.068391826,117758.193755206,95273.1177743119,77631.2826190766,72852.6083278292,153200
125854.120133484,117705.35736762,95209.359765543,77556.7876381215,72781.604177432,153300
125802.286097356,117652.494624333,95146.0620616966,77480.4357482151,72711.5365045439,153400
125753.722823235,117601.866969171,95085.3432651587,77406.9202301556,72642.1397253405,153500
125687.069012758,117546.690558557,95018.4720859654,77339.9037559498,72572.7786993799,153600
125623.350033051,117493.749479427,94955.6959977338,77264.26384505,72511.0130214958,153700
125580.13416456,117447.270328614,94895.5327855846,77189.3347554604,72440.0601352865,153800
125536.731698687,117399.791779956,94835.3676829302,77120.7424349367,72369.1460832074,153900
125492.514049674,117344.143765033,94777.9062148137,77047.0531938882,72298.2709268778,154000
125433.328943443,117284.075883136,94716.341986483,76976.3185365956,72227.4347276137,154100
125368.858548673,117239.342082995,94649.5681142457,76904.0768765937,72156.6375464279,154200
125304.368782541,117188.154153883,94586.2652209366,76823.6890097294,72085.8794440316,154300
125266.674868101,117134.894199204,94524.4321195294,76742.4872420102,72015.1604808348,154400
125230.221358647,117082.319788323,94464.7106135149,76666.8708138741,71944.4807169474,154500
125193.726029316,117030.214976987,94409.0202799181,76592.2581535726,71873.8402121795,154600
125157.177062869,116978.4588118,94348.6069647775,76516.2546918596,71803.2390260427,154700
125120.402082733,116924.484651165,94284.4315057485,76453.0215613685,71732.6772177509,154800
125083.585756328,116856.473213329,94219.3931844228,76390.3606673755,71662.1548462207,154900
125040.014470615,116802.556372086,94152.4412803002,76319.8200617558,71591.6719700727,155000
124980.990740286,116747.618633877,94091.6987376215,76255.2300219738,71521.2286476319,155100
124921.918820496,116684.226739377,94019.3994795708,76191.0050980743,71450.8249369289,155200
124862.823039554,116620.820944384,93953.3982260505,76129.0283892423,71380.9529482356,155300
124803.703524458,116557.401371287,93888.2395566847,76067.0706420537,71311.1422126213,155400
124744.560401959,116504.075986702,93821.6028143335,76001.4199126772,71244.5140393867,155500
124685.393798549,116451.863551907,93754.0637099446,75932.0839799596,71181.6245135499,155600
124626.203840469,116399.626441656,93688.1035688705,75858.1108278912,71118.761162257,155700
124566.990653707,116347.364771866,93617.4848858978,75796.4209625775,71055.9240519204,155800
124507.754363998,116300.560748449,93556.4622351269,75733.5867300581,70991.215398155,155900
124448.495096826,116253.852068609,93490.6933145383,75673.0310876413,70921.7055698385,156000
124389.212977422,116206.549227914,93414.15201709,75601.6220478561,70852.2346962998,156100
124329.908130768,116138.074807831,93338.8452270434,75534.3807986337,70782.8028336813,156200
124270.580681592,116085.692071283,93267.1613323738,75463.7320338311,70713.4100378413,156300
124211.230754375,116033.285466012,93189.8380969878,75387.4463686965,70644.0563643548,156400
124154.7924487,115984.276160694,93117.0833524693,75312.6723046061,70574.7418685143,156500
124107.025402642,115938.932935431,93055.0483475637,75243.2954827525,70505.4666053305,156600
124059.226146586,115891.397860815,92993.1399160149,75173.9519359083,70439.3969699234,156700
124011.39479643,115838.568856236,92926.8742217438,75104.6417289721,70376.0028989654,156800
123963.531467875,115789.098631185,92858.4637164789,75035.9189497231,70309.6780699427,156900
123915.636276413,115741.257698425,92790.0658815867,74968.0586134746,70242.4713830448,157000
123867.709337338,115679.141082026,92721.6808112465,74902.6039977532,70176.557631091,157100
123819.750765739,115625.365116776,92653.3085993549,74832.8166713437,70110.6773632724,157200
123771.760676501,115571.567383135,92587.6148961595,74768.1699430276,70044.9944712081,157300
123723.739184312,115517.747994177,92523.5922697174,74704.5087360935,69979.3765899848,157400
123675.686403653,115467.359678054,92459.5767712646,74641.043797224,69913.7919690374,157500
123627.4686605,115426.167957222,92401.961871253,74577.6027108662,69848.3513917969,157600
123578.881781304,115384.944615053,92339.6270176535,74514.1855459817,69780.7315831624,157700
123530.264360268,115336.136580314,92273.5679661528,74450.792371275,69710.5856414059,157800
123481.61651138,115284.16613303,92206.0679766505,74387.423255194,69640.4712959492,157900
123432.938348423,115231.014896543,92128.4450540916,74321.5382048935,69563.9256214495,158000
123384.229984982,115177.085586572,92060.4017320577,74255.9455714358,69487.4363306598,158100
123335.491534439,115126.990818032,91996.1638160716,74189.8308571239,69418.5521188304,158200
123286.723109974,115070.298240499,91926.9825614098,74117.7309638865,69352.0782197759,158300
123237.924824567,115015.173350498,91862.6425652055,74059.887390017,69281.1138543046,158400
123189.096790998,114951.695590725,91797.1938042993,73995.5098367974,69205.9639427814,158500
123140.239121847,114894.907662882,91732.9785903219,73918.4888743933,69130.8680607108,158600
123091.351929492,114840.990725013,91672.3418681122,73848.9103620338,69055.9714375862,158700
123042.435326113,114790.884916963,91604.0397965644,73770.0126771758,68987.0547226656,158800
122993.918645454,114741.882889863,91535.2856603184,73706.4832495805,68918.1794872038,158900
122968.209903932,114694.603716774,91466.5469040952,73640.1281215953,68849.3457786741,159000
122933.271025191,114640.961388985,91397.8236162886,73569.7066747635,68780.6583791121,159100
122874.917752694,114590.226365776,91332.4072817593,73499.5788077969,68708.6900874707,159200
122808.195762012,114540.003433213,91267.5092560984,73429.4888759315,68635.7852868358,159300
122748.324331316,114489.757396031,91199.7894078293,73360.8374854175,68562.9308416537,159400
122699.204975092,114429.144676715,91124.9556319515,73291.0316275669,68490.1267896812,159500
122642.768275701,114369.532824792,91054.4422782038,73220.389212916,68417.3731684046,159600
122595.764149754,114311.846951453,90989.7129720813,73147.595778373,68347.7697637631,159700
122549.251382834,114245.57763747,90926.7202431746,73076.4916730657,68282.1341149121,159800
122502.708292451,114189.559040337,90848.6046942349,73006.4007935166,68213.8044379896,159900
122453.193039887,114136.570989818,90782.7510508269,72936.1081942357,68143.8896310573,160000
122386.272316549,114084.926019176,90713.0231306194,72865.2024104279,68075.8172372239,160100
122319.340584935,114047.022109745,90646.8039160392,72794.3371813705,68007.7863198501,160200
122252.397962667,113996.440850904,90579.1704168586,72723.9239922243,67939.7969236074,160300
122194.428346362,113943.176871349,90510.7259372498,72653.8319671889,67871.9673831249,160400
122149.793436087,113893.420432927,90449.0531569639,72583.779294476,67804.2972286645,160500
122105.127437193,113841.980419811,90385.3565963742,72513.7660256654,67736.6682494319,160600
122060.004270191,113790.519610353,90321.4331134365,72444.8161397291,67669.080489539,160700
122014.425523311,113739.03810864,90259.9222216204,72373.1177552612,67601.5339928471,160800
121968.81680494,113687.473874042,90199.0549234611,72306.7462117576,67533.2154617625,160900
121907.376292082,113635.092084374,90133.3944350443,72242.3427540529,67462.6712554023,161000
121842.151155778,113582.69061406,90074.4984143088,72176.4750812633,67396.3041852271,161100
121776.114738575,113527.080014221,90014.7189112469,72112.079319554,67330.1335718917,161200
121710.067274469,113465.272866946,89955.1692800031,72048.2358994027,67264.4596121678,161300
121649.480834993,113404.964392327,89891.1481769191,71985.0819147348,67198.3919864193,161400
121598.542382305,113351.084068828,89824.1787696572,71920.2231609732,67129.7069376113,161500
121547.578746522,113297.185907641,89763.1321810527,71854.4427607104,67062.2058532848,161600
121483.765869279,113243.270012285,89702.0927691899,71778.6315372694,66994.7470027638,161700
121419.186821187,113188.601177742,89636.7321981254,71716.7418170438,66927.5974489576,161800
121354.595836014,113133.56434547,89570.1299835361,71654.3629324455,66857.631500356,161900
121296.499967962,113069.849594237,89499.1818609118,71585.6464183082,66790.9148457852,162000
121252.409271859,113010.916702348,89430.1348397151,71516.9685563305,66725.4005292258,162100
121208.288491139,112948.303155897,89364.7087951608,71448.3293953154,66657.901611156,162200
121164.137727154,112885.681474742,89303.2939702937,71379.7289838162,66589.3751514675,162300
121119.957081083,112823.051763728,89243.3857457765,71312.0013753366,66520.9464581484,162400
121075.746653936,112760.414127468,89180.4893926935,71251.2776752171,66452.6998719904,162500
121031.506546555,112697.131748511,89120.0612970401,71186.7831178669,66384.4981636459,162600
120987.236859612,112635.398182751,89061.0116502067,71118.5079753397,66316.3413695651,162700
120942.937693608,112579.952430158,89001.0806476304,71050.4010698658,66248.2295259576,162800
120892.574681535,112524.491539507,88938.795580059,70983.0982802926,66180.1626687934,162900
120838.857933217,112469.015612156,88876.9623980782,70919.3795736957,66105.3163464792,163000
120791.497256566,112413.524749256,88817.6973952028,70851.3751933567,66026.3596756344,163100
120741.176330857,112358.019051753,88754.5733518969,70780.8712938211,65949.2792016039,163200
120690.831067346,112302.498620387,88696.2923015451,70713.0341414347,65881.6077175312,163300
120639.652819215,112246.963555694,88630.9383742164,70658.0576118138,65813.9811025821,163400
120582.054324665,112191.413958007,88568.0161684926,70594.8733448055,65746.3993913149,163500
120521.232296551,112135.849927451,88504.9301676834,70524.6916115956,65679.1317843087,163600
120460.395985228,112079.114981847,88443.1993225933,70456.5508468091,65612.068984173,163700
120399.545498255,112025.911626835,88386.5056324537,70392.5353414761,65545.0810235142,163800
120342.176516749,111968.698311772,88326.3070575915,70321.026803163,65479.0608572831,163900
120295.384366752,111908.956295116,88266.1166297138,70249.2919778081,65413.0830103799,164000
120247.941224219,111849.20459021,88205.9344280909,70176.1162899804,65347.1475186075,164100
120193.50816903,111789.443297266,88146.6303096359,70101.8904966631,65282.4358078387,164200
120116.54871024,111737.952180569,88085.5950195997,70033.1194766654,65213.9684292395,164300
120064.971381397,111692.576347605,88024.1743163015,69963.8974706056,65147.0778723921,164400
120027.659739282,111640.687137514,87959.4172319507,69892.6118403175,65080.2318760277,164500
119990.315388916,111586.609377956,87899.6569765932,69821.3730410376,65013.3392032562,164600
119952.93842189,111532.516741321,87842.0438122713,69750.1811089663,64941.3366405896,164700
119915.528929656,111478.409324609,87774.4960930271,69679.0360800623,64869.3899075633,164800
119872.896543992,111424.287224623,87709.885349028,69607.9379900433,64797.6087206414,164900
119825.798748269,111372.399730963,87647.9525896762,69538.7587429848,64726.3223612902,165000
119774.958604246,111329.184087163,87587.3570724475,69470.8166854286,64655.0907538129,165100
119724.096115243,111283.618372916,87526.2165050646,69403.0672207784,64589.8017714353,165200
119673.211381194,111238.031040767,87465.0865702898,69333.4856164991,64528.1446198632,165300
119622.304501845,111179.707242431,87402.2552981539,69267.6123448189,64467.0737973487,165400
119571.375576764,111114.366634101,87336.1817714727,69199.5320829125,64409.1982465426,165500
119520.424705337,111048.37579417,87271.9293421467,69131.8134673114,64344.1243688003,165600
119474.369003871,110983.847535633,87211.6078413336,69064.1359454128,64282.4304935896,165700
119427.345256765,110932.183808997,87146.6428108018,68996.4995566621,64219.5594198752,165800
119366.761073807,110880.503850863,87079.7077294662,68928.9043402772,64153.5681031057,165900
119316.354490671,110829.743962642,87019.5312470562,68861.3503352489,64087.6213149843,166000
119278.598100097,110786.225108157,86959.3648120422,68793.8375803414,64021.7190856478,166100
119239.963794842,110742.68344402,86899.2084990635,68726.4265195898,63955.8614450164,166200
119169.726635534,110688.797494834,86839.0623825498,68659.6970783595,63890.2340457937,166300
119111.879303166,110629.324762998,86778.9265367212,68589.2026322467,63824.9598056516,166400
119060.89558591,110570.38311248,86715.5719266441,68516.2851986513,63759.7292773422,166500
119009.730677445,110511.311174704,86652.1519947866,68446.1593488895,63694.1770471857,166600
118958.544903964,110453.004025624,86590.9019845045,68383.6328196064,63627.110665452,166700
118907.338362691,110394.687967746,86528.2298185274,68321.1930317774,63560.5248576571,166800
118856.111150678,110338.450691866,86464.7652803591,68258.7857241381,63493.9859305461,166900
118805.870059923,110296.247444942,86402.1226239034,68196.0817469617,63427.4939101151,167000
118758.63468222,110246.729134707,86343.0584672024,68133.45115679,63361.0488221479,167100
118711.375569831,110200.837768896,86274.5411419502,68071.4069315366,63294.6506922163,167200
118664.092816864,110154.926129637,86202.3499735485,68011.5244043465,63228.377209985,167300
118620.90760396,110108.994305266,86138.8657329185,67950.9167851838,63162.2897120155,167400
118582.206516293,110060.027196906,86077.5612000163,67884.2977824423,63096.2487743464,167500
118543.475836908,110009.464603794,86016.4186015703,67820.7974295892,63030.2544222521,167600
118504.71565344,109958.612608185,85950.5505341314,67755.7132419652,62964.3066807988,167700
118465.67731909,109907.068637217,85884.7025276838,67689.2291694467,62898.4152839822,167800
118426.411123379,109855.509823899,85818.8746497828,67623.5065234598,62830.5271192574,167900
118386.39594116,109803.936258237,85755.7914838818,67557.8237525891,62768.142130014,168000
118330.776342854,109750.310207764,85692.8877403348,67492.2640503868,62702.4567855186,168100
118281.134770813,109695.704125169,85631.0988515334,67427.412611646,62637.316888427,168200
118242.108385168,109641.086468861,85570.3515933488,67371.8042986003,62571.5362310507,168300
118177.649444157,109586.457329209,85510.7827529165,67316.6088193182,62505.9347829248,168400
118112.007623982,109531.816796399,85454.6079921089,67260.2077362077,62440.3800947901,168500
118049.268610121,109477.164960437,85395.8379800926,67192.677494156,62374.8721899133,168600
117997.546958949,109422.50191114,85333.1725082254,67124.1480914872,62309.4110913586,168700
117949.296562653,109367.684266052,85270.568626491,67055.6651034049,62242.0646576525,168800
117901.02458203,109311.22261862,85206.1658502568,66988.4355579524,62176.1249475131,168900
117853.262121187,109250.878404996,85141.7412472608,66925.7869322161,62110.2333388917,169000
117805.556307883,109179.919043472,85080.8122054708,66857.4310239753,62044.3898526781,169100
117755.929495728,109115.242818269,85016.4970008711,66789.063604587,61978.5945095616,169200
117698.087031844,109068.717609747,84952.7076542669,66720.7427919766,61912.8473300322,169300
117640.231982981,109022.022955139,84889.662345199,66653.4983391924,61847.265943182,169400
117582.364444062,108971.891878757,84828.7538861458,66586.8149570945,61782.2848117824,169500
117524.484509822,108924.48525727,84766.2059818168,66515.9829302619,61717.3505311775,169600
117466.592274802,108865.874187402,84703.2532493826,66442.8369748315,61652.487566703,169700
117408.687833355,108804.953100012,84640.2807573645,66378.7133098758,61592.4346201103,169800
117350.771279645,108744.028421534,84575.0636581769,66313.1371631321,61527.5369235808,169900
117292.842707645,108683.100240553,84511.9502783049,66245.5413724922,61462.6863150627,170000
117234.902211138,108631.487500243,84453.6635336957,66180.0115407288,61397.8828148492,170100
117187.133013445,108583.056571073,84394.2604730692,66114.523689884,61333.1264430399,170200
117141.429401541,108521.737855604,84333.801718055,66049.0778504585,61265.0787699661,170300
117095.703241536,108458.4237802,84273.9142005784,65983.6740527525,61196.2700516587,170400
117049.954621114,108393.779860522,84211.2947673776,65917.3591262013,61130.8803996331,170500
117004.183627806,108336.738374781,84147.8026232875,65850.4333061449,61065.6102649448,170600
116958.390348998,108269.174348487,84084.3294972842,65783.55283402,61000.9879461572,170700
116912.574871921,108199.856104222,84022.1548317232,65707.8143002185,60936.4131162119,170800
116866.737283663,108135.510802436,83960.8006295883,65635.9015318759,60871.8857935606,170900
116820.877671157,108075.143548452,83896.7887095694,65569.6883520874,60807.4059964657,171000
116774.822273345,108008.937519689,83827.3077935594,65509.7062431224,60743.4190649762,171100
116728.573767544,107945.280863377,83756.3398844816,65449.8361971048,60683.0118083782,171200
116682.303802412,107883.027508116,83696.384059415,65384.2002931743,60622.6439563456,171300
116636.01246444,107820.773346732,83648.5315795895,65317.9886358538,60559.7330515013,171400
116588.837167153,107758.518464904,83590.5883252673,65251.8218271666,60495.5910910133,171500
116529.040093683,107696.262948113,83528.5327720905,65185.6998925519,60431.4965203272,171600
116453.011272331,107635.938821711,83467.844253289,65121.5704541738,60367.4493567088,171700
116376.992990532,107573.247919659,83409.3438806315,65060.3608897273,60303.4496172392,171800
116300.91066823,107512.210402578,83345.2999368109,65000.0944358852,60239.497318816,171900
116224.454810207,107451.98917956,83279.477899771,64930.9848515011,60175.5924781534,172000
116158.779346992,107400.40113141,83218.8306786494,64866.9792943997,60111.7351117826,172100
116106.255371589,107348.801626442,83158.1995542049,64803.7470278434,60044.8236284513,172200
116053.716011686,107297.190747039,83097.5845882014,64740.5545727627,59977.5046418803,172300
116001.161355068,107245.56857542,83036.9858422132,64677.4019582367,59919.5913966298,172400
115958.627541133,107189.515450691,82976.1256803636,64614.0094328148,59854.1707568262,172500
115919.224445981,107126.049444535,82906.7380938708,64550.3906234858,59787.2341996659,172600
115879.796434024,107068.101061438,82839.4752233101,64486.8128232476,59720.4613454885,172700
115840.343584643,107016.577322565,82779.4216981799,64423.4395926141,59655.9212483304,172800
115770.52877897,106965.042576447,82716.3943563631,64359.266760732,59594.5398538858,172900
115696.899083816,106911.163231896,82642.1920753008,64295.1327370437,59528.0041045032,173000
115632.207399074,106855.645415988,82579.6776330509,64234.4245104801,59461.4704162121,173100
115592.083477781,106800.120807249,82521.7876859962,64169.5780039973,59396.2677760603,173200
115561.903165205,106744.589487364,82462.5715853299,64102.8515608294,59332.5251516143,173300
115533.870276866,106689.051537849,82399.4643368536,64041.3934204273,59269.1943616504,173400
115505.806111649,106633.507040049,82336.3782936208,63980.3410264538,59213.2582779122,173500
115452.783336602,106578.744415211,82273.3135124258,63919.3256018566,59150.6753557267,173600
115398.314858786,106525.020293484,82211.9775094021,63857.2458516551,59084.546118421,173700
115353.378944241,106470.386384014,82153.4898705371,63794.2369528538,59018.4712579401,173800
115298.87543137,106409.328342687,82091.517651708,63730.784090271,58952.4507797123,173900
115244.359687099,106350.68758942,82030.4328670308,63667.3732947053,58888.8148332865,174000
115189.831796926,106284.820987422,81970.3331446692,63605.7267988098,58825.4660077865,174100
115134.797553724,106217.207220814,81907.1203482736,63543.0918933379,58762.1659489164,174200
115079.127815101,106154.863887388,81845.1642290756,63476.7472675168,58698.9648026304,174300
115023.447143102,106099.192402461,81787.9943596776,63412.9628150008,58636.0166336677,174400
114967.755623037,106049.659108349,81730.4710342345,63349.2295314313,58573.1167160136,174500
114912.05334005,105988.616597478,81668.7312786254,63285.5395338695,58510.2650612798,174600
114856.340379116,105933.18916098,81605.6958953973,63221.892844355,58447.4616809092,174700
114800.616825044,105877.756019902,81542.6824506094,63158.2894847499,58385.7234303501,174800
114744.882762473,105822.468614762,81482.2075451335,63090.4950728751,58325.0271025947,174900
114689.138275878,105769.037636638,81421.9551779481,63022.6442691748,58264.3748304074,175000
114633.383449564,105715.599124555,81359.7315554275,62954.8458831442,58203.7666293395,175100
114577.618367671,105662.153156598,81299.9582844751,62887.0999260855,58143.2025147778,175200
114521.843114174,105608.699810694,81240.2025235717,62819.4064091216,58082.6825019453,175300
114466.057772878,105555.23916461,81180.4643288409,62751.7653431967,58022.5582900218,175400
114410.262427427,105501.771295954,81118.9498129656,62684.1767390768,57962.4886343322,175500
114351.289820605,105448.296282176,81056.3540269708,62616.6406073503,57904.8335510724,175600
114291.01596241,105394.814200567,80991.8361766197,62549.1569584285,57845.6658350727,175700
114230.260738331,105340.496197379,80923.2024613555,62482.6277765573,57783.6845952958,175800
114160.350599164,105286.780319335,80860.6959657355,62416.5870781236,57721.578777424,175900
114098.567931034,105235.048490285,80799.3440643404,62350.5960335294,57659.3017051937,176000
114045.260819019,105182.022011096,80741.8786612434,62285.0067037175,57597.0732601112,176100
113988.123683967,105128.988353902,80686.2377741047,62219.7233528396,57535.1568909825,176200
113927.953515325,105075.947594963,80621.3741438699,62163.4358040321,57473.3979245349,176300
113867.38536598,105022.624975734,80557.6655385577,62111.5277217718,57411.6867816181,176400
113806.765547454,104961.32238535,80496.2209003885,62053.9732232901,57350.0234714802,176500
113746.14148885,104896.00693216,80432.5065384599,61989.1896585502,57285.8053806881,176600
113685.513272653,104837.577754807,80371.6710462863,61924.4538819447,57218.6894186752,176700
113631.279802261,104781.6780829,80316.3936831956,61859.7659074826,57158.5592126019,176800
113570.056087082,104724.993372342,80260.1768787985,61795.2116507468,57098.5097654645,176900
113508.829139623,104667.457977773,80200.6622383134,61731.341631144,57038.5051780931,177000
113447.599041647,104609.039383345,80141.1669089576,61673.510033508,56978.5454622414,177100
113386.365874739,104553.993464392,80072.0336514599,61617.6265696124,56918.6306295086,177200
113341.280535842,104498.306784491,80005.4727415183,61561.7742792331,56858.0558163214,177300
113301.203357494,104442.604060438,79938.9420396691,61501.0531521668,56796.8056273167,177400
113249.344364537,104385.859322862,79872.4415912279,61438.9473068207,56735.6033929527,177500
113189.958630849,104329.112325621,79803.3434657489,61376.6479576338,56674.4491207122,177600
113130.211031516,104269.258120188,79740.0524525246,61312.9323586191,56613.3428179245,177700
113070.238844563,104212.449297046,79677.7523199838,61248.1947730512,56552.2844917657,177800
113010.21322329,104150.371619428,79615.475679632,61180.7522425685,56491.2741492595,177900
112949.977957574,104084.185540447,79556.4246226161,61114.1276952149,56431.3819990777,178000
112889.739177186,104018.690077829,79498.6550661999,61049.3596408139,56374.7941569784,178100
112829.496961987,103961.835295753,79435.3823244597,60990.7139415097,56318.2453144673,178200
112777.923878269,103901.684204276,79374.8373296193,60932.8237816051,56261.7354879432,178300
112727.486213259,103840.446545931,79315.4860536743,60872.3207139367,56201.7075421947,178400
112677.035972073,103788.915191706,79253.9689840085,60810.2365251247,56137.7189385572,178500
112627.932967309,103737.565213787,79191.3380516935,60751.5350219499,56073.7856079555,178600
112579.302538137,103680.417461703,79128.6042321552,60694.6694843963,56013.1610251451,178700
112542.598212013,103625.790536523,79067.4082897409,60635.2034729781,55953.6736901882,178800
112506.273912336,103572.534597221,79007.0693319274,60574.1119671834,55894.2526212356,178900
112457.640854761,103512.522864089,78940.55266924,60512.0248737307,55834.8772111088,179000
112399.293490711,103449.200145641,78878.9572020834,60449.655426162,55775.9423067609,179100
112340.941379929,103401.353731726,78820.2085529626,60387.3314469544,55717.6578042751,179200
112283.124634216,103352.927253774,78761.4794391182,60325.0529490308,55659.4168761649,179300
112233.489601662,103296.310250971,78701.3497922817,60262.8199451581,55595.9974139972,179400
112180.993152631,103238.287406953,78640.0634766,60200.6324479481,55534.3482306132,179500
112125.262671984,103180.099694236,78579.5715705808,60138.5095715199,55478.5805300644,179600
112063.056647425,103121.194878622,78518.986878785,60075.4723010403,55419.1816652941,179700
112009.340042822,103060.575328622,78459.2953577621,60012.4825233516,55360.0626132414,179800
111957.347078502,102989.507271445,78400.0940804137,59949.5402482911,55300.9895219689,179900
111901.764836717,102936.143544879,78340.9133901245,59886.7215626229,55237.0935311644,180000
111846.175688723,102882.775746034,78281.4456286389,59823.9899853172,55172.3471409114,180100
111790.579710543,102830.468703272,78223.6126242483,59761.3057017658,55107.6596749768,180200
111734.976978046,102778.880581308,78162.8347053061,59700.6462455689,55043.031122918,180300
111679.367566952,102725.662834603,78105.0315783018,59645.8282154941,54980.161842733,180400
111623.751552827,102672.305189562,78042.5316381771,59584.2246717096,54920.1003380616,180500
111568.129011085,102618.886782133,77979.4071243882,59520.0062271865,54860.5533060214,180600
111519.495256332,102558.607231867,77916.8548456662,59454.6136684071,54805.7048609616,180700
111482.034405117,102496.962257261,77855.5761695629,59392.8562793505,54753.0968008046,180800
111444.552109309,102434.68971353,77798.5770230572,59329.7770208095,54700.5225533321,180900
111407.048436666,102370.92654916,77743.2534169676,59268.6588114708,54647.982136608,181000
111369.523454843,102303.382079322,77684.1298190576,59205.3429990361,54595.475568564,181100
111321.632009455,102238.703182302,77620.3674556683,59146.4449336565,54537.2245190659,181200
111272.183131263,102179.643288813,77562.8360549092,59085.0056423556,54478.7954943607,181300
111222.722388271,102120.586453062,77505.8007242391,59022.1447156036,54420.4125128204,181400
111171.142591148,102061.532743419,77448.7838393034,58959.411832806,54362.075578834,181500
111117.872160817,102000.693344008,77391.7854470221,58896.7277516503,54303.7846966557,181600
111064.593586082,101939.077011647,77332.7555737076,58833.0472304641,54245.539870404,181700
111010.933002963,101873.180086978,77276.1286183416,58769.293113641,54187.5523381336,181800
110956.605547626,101798.087178166,77217.4407506035,58708.1814298577,54129.6589793781,181900
110895.553768876,101723.019067618,77157.2664565923,58649.8394030597,54071.8111460099,182000
110836.644215874,101662.177426162,77097.3023779454,58591.7926932189,54012.9042163758,182100
110793.209022808,101605.392045855,77038.3857696195,58533.7881552497,53951.7575786699,182200
110743.318555343,101548.60782271,76977.3328353654,58475.9281076044,53890.6639815171,182300
110690.306471085,101496.278681941,76917.3932449585,58418.0926306472,53829.6234193159,182400
110637.286557004,101444.634252624,76857.8387105549,58360.2968253148,53774.2797314849,182500
110584.258885088,101382.665308923,76794.660897925,58302.4064275181,53720.2086827304,182600
110531.223527188,101322.391075972,76730.4794306005,58241.9621683491,53662.4835211081,182700
110478.012579389,101263.470217876,76670.8947898677,58181.5631437224,53601.2185187715,182800
110424.641944238,101199.030096769,76609.2561552602,58121.2093619438,53540.0074386797,182900
110371.264105811,101135.892025361,76546.5839570891,58060.9008311798,53478.8502733656,183000
110317.879135521,101074.617857607,76483.9402126858,58000.6375594572,53418.2592294107,183100
110264.487104638,101013.350711481,76421.3249610444,57940.4195546642,53366.23057463,183200
110213.254223397,100952.090652095,76362.7954509149,57880.2999199034,53305.9990175508,183300
110172.676713127,100890.837744405,76304.0407455094,57820.3353076925,53245.8195936453,183400
110132.081437194,100829.592053203,76242.5037631901,57760.4156531019,53185.6922971165,183500
110091.468461912,100768.353643128,76180.5478862056,57700.5409638316,53125.6171220407,183600
110050.837853488,100709.728085245,76120.6504673021,57640.711247445,53065.5940623683,183700
110010.189678022,100654.562032294,76058.627962629,57580.9265113691,53005.6231119236,183800
109969.524001509,100599.396420314,75995.6052477454,57521.1867628949,52945.7042644058,183900
109927.479925667,100544.231314069,75933.0024864318,57461.4920091783,52885.8375133893,184000
109864.436374669,100489.066778186,75871.1858558511,57401.84225724,52826.0228523238,184100
109800.954779587,100433.73554878,75809.3971893999,57342.2375139658,52766.2810582498,184200
109737.454384528,100378.328807042,75747.6554563082,57282.6777861076,52706.8329560984,184300
109673.958517615,100322.923107239,75687.1962838047,57223.6918638864,52647.4363479252,184400
109610.467248497,100267.518513407,75626.7631307253,57165.7844313112,52588.0912274032,184500
109546.980646664,100212.11508944,75565.9262276068,57107.9188274896,52529.7710366889,184600
109483.498781442,100156.596498134,75502.8941910702,57050.0950622027,52474.5072679914,184700
109420.021721996,100100.728118648,75439.5121150629,56992.3131450997,52416.8112430169,184800
109356.54953733,100044.861668953,75380.3410751683,56934.5730856995,52357.7434465757,184900
109302.303608272,99988.9972122719,75322.5546537312,56875.6113483997,52308.1494107632,185000
109248.79078386,99930.0400558553,75264.7127842685,56814.9410984874,52254.4149680348,185100
109195.262009765,99869.4431261814,75204.4628460619,56754.3190049737,52199.6019871983,185200
109141.41408882,99823.8509101483,75142.7362792215,56693.7450697018,52144.8313002923,185300
109098.171095859,99768.9374335993,75080.6357815015,56633.2192943846,52090.1029112471,185400
109059.060072275,99713.5473904155,75018.3339222135,56572.348058489,52035.4168238741,185500
109019.931526426,99656.7890167731,74958.9183545986,56510.0287917204,51980.7730418658,185600
108980.785521337,99598.5845171199,74898.5183045276,56450.855048608,51926.171568796,185700
108941.622119931,99540.3851577188,74839.8090114449,56391.8879220693,51871.6124081209,185800
108902.441385036,99484.7895034543,74779.6320963614,56333.8337526823,51817.0955631785,185900
108863.243379375,99428.1973427976,74717.7233264495,56273.5977213555,51762.6210371898,186000
108824.028165578,99365.8185380271,74654.4338296471,56214.521325291,51708.1888332587,186100
108781.340438552,99307.6403559087,74591.7893997588,56168.3853573331,51652.5661206525,186200
108726.062386174,99249.4676214555,74529.1761004978,56119.6249157867,51593.505931061,186300
108670.781251978,99191.3003957169,74468.6404779065,56061.7710149785,51537.5720470268,186400
108615.497102828,99133.138739598,74407.2499684213,55998.2368942091,51480.434488952,186500
108559.955737668,99074.4070109975,74345.8888692621,55934.7587392486,51420.7728102143,186600
108504.01121268,99022.7527323741,74286.4549709415,55871.3365402491,51356.6207451985,186700
108448.064414996,98957.4943101301,74226.6836268121,55807.9702872395,51292.5340152383,186800
108392.115411155,98898.5626606307,74169.3310988143,55745.0647544382,51231.1939851889,186900
108336.164267561,98840.6142677959,74111.4495645939,55686.0119250276,51170.8159418978,187000
108280.211050477,98781.3303358043,74048.9775241623,55627.2945119827,51110.4944553168,187100
108224.255826033,98722.0538202546,73990.0945863406,55568.8921090155,51050.2295088205,187200
108168.298660221,98662.7847805803,73931.237399656,55510.5351818661,50990.0210856743,187300
108112.339618895,98603.5232760704,73872.4059996652,55452.2237329563,50929.9454518478,187400
108056.378767774,98538.0549128414,73809.4426448189,55393.9577645864,50870.2194366103,187500
108000.41617244,98472.3669947347,73749.9523895767,55335.7372789353,50810.5490208513,187600
107946.825866801,98406.6949637063,73686.9463126889,55277.5622780607,50750.9341886397,187700
107911.735984782,98341.0388761595,73623.9698594834,55219.4327639001,50691.3749239368,187800
107876.627054382,98275.3987883392,73564.6003151674,55161.3487382706,50631.8712105973,187900
107841.499134135,98209.7747563324,73505.7447977172,55103.5907795788,50572.4230323688,188000
107806.352282491,98144.1668360686,73446.057535819,55048.2056159938,50515.5722763721,188100
107771.186557813,98078.5750833196,73384.1010612564,54994.6630450769,50459.3003424519,188200
107736.002018376,98012.9995537004,73323.3850303633,54941.1570804085,50403.0768732783,188300
107698.162706073,97947.4403026688,73263.8267667985,54887.6877329463,50346.9018616485,188400
107647.395095243,97881.2355217021,73202.0189933916,54834.2550135321,50290.7753002525,188500
107595.920776022,97814.9192442978,73139.3090654684,54780.8589328924,50234.6971816734,188600
107544.120182314,97748.620416687,73078.8568289782,54722.6236629672,50178.6674983872,188700
107492.314343734,97682.3390934065,73019.8774378207,54662.0038232993,50122.6862427639,188800
107440.503323852,97622.1529789658,72960.9251785536,54601.8459615867,50066.7534070675,188900
107388.687186112,97562.3160297851,72900.6410286631,54544.9059487904,50010.8689834562,189000
107336.865993837,97502.4885072037,72840.0429705407,54493.9505530538,49955.0329639834,189100
107285.039810225,97442.6704677131,72781.895948314,54432.9464028519,49899.2529795371,189200
107233.208698353,97382.8619676634,72723.8737507952,54371.9953556698,49843.7033791876,189300
107179.755837168,97323.0630632635,72665.8775374193,54311.3780919306,49788.3296989898,189400
107125.087347476,97263.2738105814,72607.7832203082,54251.1997377745,49733.0954741006,189500
107070.416930443,97203.4942655445,72549.0217952569,54191.3713567834,49677.9087132745,189600
107015.744648915,97143.7244839397,72490.2877607541,54136.7411118623,49622.7694090869,189700
106961.070565613,97091.6659457108,72431.581148526,54081.8798896037,49567.6775540102,189800
106906.394743125,97029.7383310781,72372.9019901649,54027.0593350608,49512.6331404145,189900
106851.717243916,96967.9177141561,72314.2503171297,53972.2794530571,49457.6361605674,190000
106797.038130319,96910.0465263525,72254.595977531,53915.9881939862,49402.6866066352,190100
106742.357464543,96852.183201555,72193.4505899722,53857.4586688088,49349.9323495735,190200
106687.52873104,96796.567319411,72137.1196448629,53798.9778164087,49299.3776818757,190300
106632.183121251,96745.5568754358,72077.7461063289,53740.5456318433,49248.8612256182,190400
106576.836869511,96694.5466554852,72018.2052339751,53682.1621100594,49198.3829837505,190500
106518.50509461,96643.5367155412,71960.6238627462,53623.2368429752,49147.9429591209,190600
106454.074338477,96592.5271114675,71901.7120240383,53562.4547311906,49097.5411544772,190700
106389.653345699,96541.5178990099,71842.8286608695,53501.7268416706,49046.4594785462,190800
106325.242176373,96489.7520533336,71783.9738029731,53443.6039943527,48990.7605358909,190900
106260.840890447,96437.6700833408,71722.1684687731,53387.0638321132,48935.1114198514,191000
106196.449547723,96385.5898469616,71661.5775122856,53330.6873750951,48879.5121183914,191100
106132.068207855,96333.5113993852,71602.2427478622,53274.3075767709,48823.9626193776,191200
106067.696930348,96281.4347956812,71546.1276393244,53216.2818371546,48768.4629105797,191300
106003.335774562,96229.3600908002,71490.1281240674,53158.3047770375,48713.0129796712,191400
105938.984799708,96177.2873395738,71430.671225543,53100.3763902015,48657.6128142291,191500
105874.644064851,96125.2165967146,71372.5004920744,53045.016959545,48602.2624017349,191600
105810.313628911,96073.1479168167,71314.4324889955,52987.050283859,48546.9617295747,191700
105745.993550659,96019.9534146019,71253.9973107514,52930.4184214555,48491.7107850393,191800
105681.683888723,95959.0829087141,71193.5872379743,52873.945386154,48436.509555325,191900
105617.384701584,95891.478269521,71133.2330302978,52817.5361761872,48381.3580275336,192000
105553.096047576,95823.8578341847,71073.8362736327,52761.1728390471,48326.354248912,192100
105488.439103086,95755.6285896382,71014.469874231,52704.8553712159,48271.5189593134,192200
105423.788432961,95687.4221435291,70957.7961740366,52648.5837690714,48216.7328651013,192300
105359.148896338,95627.6965906907,70900.9169272438,52592.358028887,48161.9959535831,192400
105294.52055093,95575.8690330598,70841.5558245523,52536.1781468329,48111.6320346782,192500
105229.9034543,95524.0438308207,70783.3558858346,52480.0441189755,48061.6778945735,192600
105165.297663871,95472.2210373562,70725.9979160537,52423.9559412784,48011.7627054717,192700
105101.992918142,95420.4007059329,70669.1373101078,52367.9136096023,47961.8864671757,192800
105047.266454405,95368.5828897015,70611.2717382727,52311.9171197058,47912.0491793942,192900
104992.540379117,95316.7676416972,70554.2509297421,52255.9664672452,47858.9700242486,193000
104937.814750569,95264.9550148396,70497.2574346888,52200.0616477753,47804.8500449785,193100
104883.089626936,95213.145061933,70440.2912809069,52144.2026567494,47750.9568222691,193200
104828.365066266,95161.3378356666,70382.5704014989,52088.1054036454,47697.1115875352,193300
104773.641126488,95109.5333886146,70329.6719473073,52028.8983665332,47643.3143286818,193400
104718.91786541,95052.9715440038,70277.0454643486,51969.7449079736,47589.5650335235,193500
104664.195340719,94995.7139817447,70221.3499256251,51917.4775815559,47535.8636897852,193600
104609.473609981,94938.4656243648,70163.7361331991,51866.425832838,47482.2102851027,193700
104554.75273064,94880.2114987268,70105.6208099639,51811.1993379481,47428.6048070227,193800
104496.582037946,94826.2676869224,70047.8073296359,51756.1974858066,47375.0472430032,193900
104443.981092403,94764.0650319872,69990.6178842171,51701.4176879117,47321.5490464749,194000
104392.37009989,94706.3824997564,69933.4566205988,51646.6822015216,47270.1560647156,194100
104338.586324914,94648.3375420967,69876.3235651368,51591.9910228071,47216.3215702572,194200
104284.802613016,94590.3030812164,69818.8529114304,51538.1788323139,47162.5358808554,194300
104231.019021114,94532.2791672376,69763.0826886141,51482.5209567126,47108.7989822758,194400
104177.235606009,94474.2658501559,69704.2432676785,51426.9095804105,47055.1108601978,194500
104123.37836096,94417.6029405851,69650.8053335371,51371.7243300414,47001.4715002145,194600
104069.01298375,94363.0719039473,69597.4170206596,51318.3836017641,46947.8808878336,194700
104014.001788723,94304.8579266361,69544.6791332713,51266.9956548261,46894.3390084774,194800
103952.140126724,94255.5140070477,69491.962914865,51215.2446864638,46840.8458474831,194900
103890.28793863,94202.5184313891,69437.788622207,51158.3109431476,46787.5546333739,195000
103828.445279349,94147.4515174056,69383.7594500733,51101.4270606918,46734.4081210239,195100
103766.612203661,94097.2741089155,69326.4136270258,51044.9326131361,46681.309714576,195200
103704.788766208,94047.0987631952,69267.4061070844,50993.4787899396,46628.259399805,195300
103642.975021503,93996.9255307282,69209.3338563677,50942.3621006507,46575.257162402,195400
103581.171023924,93946.7544618906,69151.292186038,50887.4073995817,46522.3029879746,195500
103519.376827717,93896.5856069508,69093.2811193391,50830.6566850498,46469.3968620474,195600
103457.592486996,93844.5868930621,69034.4973040208,50778.5124911854,46414.5312949696,195700
103395.818055744,93786.8742534341,68973.7656938919,50724.5431913483,46361.4204296939,195800
103352.145332829,93729.1726576907,68911.8751019663,50667.8491589822,46310.8780694987,195900
103310.545114603,93674.2495078065,68853.7537440535,50611.2053153408,46258.2525509385,196000
103268.934836205,93618.2464573177,68798.2572524133,50554.6116472347,46205.5864474923,196100
103227.314550675,93566.0218252694,68740.6543808198,50498.0681413839,46152.9683039653,196200
103185.684310961,93513.4871342039,68683.0819059416,50442.4608657935,46100.3981053088,196300
103144.044169925,93460.1288008313,68625.5398503625,50392.3224274848,46047.8758363936,196400
103097.95841031,93406.7767251432,68568.0282365503,50345.1662486197,45995.40148201,196500
103044.675528145,93353.4309558167,68509.2165807409,50298.0412808538,45942.9750268685,196600
102991.393614279,93300.0915414162,68449.4619632422,50245.2564994301,45890.5964555997,196700
102938.112722779,93246.8576247555,68393.2373956648,50191.4366760458,45838.2657527548,196800
102884.832907594,93194.3263433697,68337.9633996233,50137.6615561609,45785.9829028061,196900
102831.554222566,93141.8006381567,68280.9275722843,50083.9311327657,45733.7478901467,197000
102778.276721424,93089.2805574251,68223.5990744386,50030.1279970535,45681.5606990915,197100
102725.000457783,93036.766149374,68166.3011724105,49976.4169373974,45629.4389901812,197200
102671.598719169,92984.2574620925,68110.5203028491,49922.7507364908,45577.455069795,197300
102617.844618701,92931.7545435603,68054.2423889545,49869.1293866751,45525.5186814305,197400
102582.925243353,92879.2574416477,67996.5068206205,49815.5528802035,45473.6298094171,197500
102552.898033531,92826.7662041159,67938.8029447394,49761.612848163,45423.3817541001,197600
102522.215993706,92774.2808786172,67884.1034255432,49707.5840749694,45373.2738812538,197700
102489.5249716,92721.8015126948,67830.2433487622,49653.6012620088,45323.2096915792,197800
102424.722324365,92669.1655987584,67772.8433021766,49599.8348946941,45273.1891741814,197900
102359.09989893,92615.3618476611,67715.4746492484,49550.2673246675,45222.8513319374,198000
102293.244084768,92561.565836746,67661.5093075366,49497.8057012039,45170.684479363,198100
102227.404709905,92504.4449635556,67607.5200530264,49444.5859412466,45118.5663070946,198200
102161.58182343,92442.0938609381,67552.8406855736,49391.4108302227,45066.4967970951,198300
102109.287062181,92379.7614041581,67498.188409031,49338.2803598358,45014.4759312535,198400
102068.115607382,92323.0869452442,67442.6275111483,49285.1945217041,44962.5036913854,198500
102026.891670588,92272.2170865133,67386.3329582019,49232.1533073613,44910.5800592325,198600
101985.293272524,92220.9110536069,67331.627229601,49179.1567082561,44858.7050164638,198700
101943.686167922,92159.7529923835,67277.6303595761,49126.2047157532,44806.8785446753,198800
101902.070407216,92105.3189996224,67223.6598439922,49073.2973211334,44755.1006253906,198900
101860.446040754,92059.4178552017,67168.9546977036,49020.4345155936,44703.371240061,199000
101817.316355664,92013.5163683691,67114.6339101065,48967.6162902472,44651.6903700659,199100
101759.375099402,91967.6145857759,67060.1574740119,48914.8426361248,44600.0579967131,199200
101701.441338854,91921.7125539803,67001.3702035903,48862.1135441739,44548.4741012388,199300
101643.083022605,91872.8179804271,66942.6179219592,48809.7231834314,44496.9386648086,199400
101584.339633525,91822.8081088998,66887.1883320603,48757.4045280188,44445.4516685168,199500
101525.604686864,91771.0926785666,66832.2162251943,48705.129728477,44394.0130933876,199600
101466.878232785,91718.7695251806,66776.3305422361,48652.8987762585,44342.0462806552,199700
101408.16032133,91666.453226506,66715.4137081597,48601.7344382553,44291.0660001346,199800
101349.451002428,91614.1438278425,66658.4045664479,48551.7394177737,44239.8014025879,199900
101290.750325886,91561.8413743852,66603.0993734986,48501.7837013235,44188.466267682,2e+05
101232.058341397,91509.5459112242,66548.4940572559,48448.5637454281,44137.1796688244,200100
101173.375098533,91457.2574833453,66495.1118492491,48395.0720260125,44084.290207552,200200
101114.700646752,91403.8629534581,66444.4202185285,48341.6273084976,44031.0755901055,200300
101056.035035395,91349.6617038815,66393.7507168495,48288.2295796512,43980.1780100964,200400
100997.378313683,91286.479971611,66342.0248622519,48234.8788261624,43930.1102433456,200500
100938.730530725,91223.3193839462,66287.3947883496,48181.6606979246,43880.1494416497,200600
100880.09173551,91160.1799800963,66232.7933359471,48128.0072224104,43830.32359285,200700
100821.461976913,91097.0617991473,66181.6035032645,48074.5717965526,43779.8869722378,200800
100762.841303693,91043.1168449929,66131.5406309241,48021.1837905989,43729.2528425785,200900
100704.229764492,90993.4918571199,66080.4797092364,47967.8431901924,43681.4495476757,201000
100649.831979122,90943.8714181245,66024.4657393204,47914.5499808993,43631.7689952464,201100
100599.419010838,90894.2555724415,65967.8574740913,47861.30414821,43582.1341710621,201200
100549.006478243,90844.6443644083,65910.8515888253,47808.1056775388,43532.5450583303,201300
100498.594430652,90795.0378382646,65854.5717009825,47754.9545542247,43482.9817694337,201400
100448.182917283,90745.436038153,65801.2054884362,47701.8507635312,43432.8711082873,201500
100397.771987256,90695.839008119,65747.8663298982,47648.8265067773,43382.8075110788,201600
100347.361689589,90646.2467921108,65694.5542457473,47596.4815484854,43332.7909587901,201700
100296.952073205,90596.6594339803,65640.7127443854,47546.4365363066,43282.821432338,201800
100246.356252102,90546.9570683035,65585.1009405237,47498.7526303607,43232.9034634214,201900
100169.560058002,90496.8606435673,65529.5202809041,47450.1717682188,43183.0646014982,202000
100084.724928024,90446.2901233551,65473.9707821129,47398.1714842483,43133.272623015,202100
100030.799202583,90388.6667212853,65418.4524606356,47346.4483140702,43083.5275087507,202200
99976.878084128,90327.3473488782,65362.9653328571,47297.5303290505,43031.7808845788,202300
99922.9616206958,90273.9385018102,65305.848139132,47250.9330744948,42978.261167563,202400
99869.0498602196,90217.2567808388,65249.3537637302,47199.9079328161,42926.9981272351,202500
99815.1428505287,90160.5887382371,65195.1342026499,47149.4954688768,42877.5668008601,202600
99761.2406393481,90103.4311802119,65140.6155142001,47103.7183118763,42828.2827800426,202700
99707.3432742993,90045.4928439072,65084.3430220023,47060.3888393957,42779.0449957431,202800
99653.4508029005,89987.5699014284,65027.875605905,47017.0879362926,42729.8534290113,202900
99599.5240541423,89929.6623925553,64973.115927129,46973.6546850819,42680.7080608348,203000
99545.2460437936,89871.7703569576,64922.6166178258,46927.392931949,42631.6088721386,203100
99490.9735530346,89813.8938341944,64872.5900606311,46878.9917635378,42582.5558437861,203200
99435.9044103722,89756.0026837377,64822.5864128356,46826.7054956185,42533.5489565789,203300
99371.6202428406,89698.7953872794,64771.5590675049,46774.4663074268,42484.5881912571,203400
99307.3536897546,89642.2057811173,64719.2519847166,46722.2741826494,42435.6735284996,203500
99243.1047942796,89585.6303104516,64667.4713442025,46670.1291049039,42386.8049489245,203600
99178.8735994599,89529.0690148279,64616.04602724,46618.0310577389,42337.9824330893,203700
99117.487618218,89472.5219336848,64564.6460673532,46566.8558582444,42289.2059614907,203800
99066.8496227913,89420.775592179,64513.2714843547,46519.9679658338,42240.4755145657,203900
99016.2136863921,89370.4082813284,64461.9222979645,46473.1161855526,42191.791072691,204000
98965.4620464251,89320.0478792083,64409.350741064,46426.3005143351,42143.152616184,204100
98914.669003199,89269.6242413196,64353.8490488962,46379.5209490438,42094.5601253023,204200
98863.8783389217,89218.2161244157,64299.6650886588,46332.7774864697,42046.0135802446,204300
98813.0900998984,89166.8163367238,64242.9308947504,46286.0380867784,41997.5129611504,204400
98762.3043323394,89115.4249188454,64188.8123742687,46235.1867398982,41949.058248101,204500
98711.5210823594,89064.0419112857,64134.7243585277,46184.3802221203,41900.6494211187,204600
98660.7403959787,89007.485006156,64078.5494165676,46133.6185192356,41852.286460168,204700
98607.0215162318,88948.6797710735,64020.0362405283,46083.1800983469,41803.9693451554,204800
98550.5132695821,88889.8922817852,63961.2573308062,46032.9851638566,41755.6980559295,204900
98494.0139655021,88831.1225751444,63902.5171769167,45982.833968886,41707.6223633589,205000
98437.5236486193,88772.3706878963,63845.9069589664,45932.7265002921,41659.6421706441,205100
98379.8837815972,88713.6366566781,63790.9853540073,45882.6627448644,41611.7072943477,205200
98298.8683559739,88662.3490780861,63734.24040475,45832.6426893255,41563.8177147051,205300
98212.9250659781,88613.8107967231,63676.8190632371,45782.6663203311,41515.9734118945,205400
98127.0341138147,88565.2780994337,63620.4766467128,45732.7336244702,41467.9707969267,205500
98041.1955163532,88516.7510265702,63568.7785514093,45682.8445882656,41420.3626086423,205600
97960.6605841983,88468.2296183956,63517.1074808678,45632.9991981738,41372.4778779856,205700
97902.5424609689,88419.7139150834,63465.4634520866,45583.1974405856,41324.638738845,205800
97844.435717429,88371.2039567181,63413.8464819745,45533.4393018261,41276.84517058,205900
97798.2453007459,88322.6997832952,63360.042948043,45483.724768155,41229.0971524948,206000
97753.2744049841,88274.1028293625,63307.6994534452,45434.0538257669,41181.394663839,206100
97708.3012591755,88224.8957146853,63259.4600079891,45384.4264607914,41133.7376838074,206200
97663.325907745,88175.6953772138,63210.8381374953,45337.2264740318,41086.1261915404,206300
97618.3483950355,88126.5018562912,63159.0060217966,45290.1021037791,41038.5601661243,206400
97573.3687653078,88077.1301409677,63107.201688767,45243.0161134397,40991.0395865915,206500
97528.3870627409,88020.6358308553,63055.4251541064,45195.9684954399,40943.5644319207,206600
97483.4033314321,87964.1572342253,63003.6764334259,45144.0543154167,40896.134681037,206700
97438.4176153971,87907.6943872709,62951.9555422488,45091.9654071067,40848.7503128124,206800
97393.4299585701,87850.8119126887,62898.0031993331,45040.2115399585,40801.497754337,206900
97348.4404048038,87793.7673367855,62845.7801293635,44992.6966650722,40754.3151185822,207000
97302.3333743914,87738.6421779884,62794.255553447,44941.778480413,40708.8655500782,207100
97246.3423714413,87693.8566374473,62739.6105037985,44891.0114397964,40663.5377796927,207200
97190.3610221822,87649.021978559,62683.0235945507,44840.2913060119,40618.2510234442,207300
97134.3893688758,87604.0221579546,62631.3333464969,44789.6180597304,40573.005265846,207400
97078.4274536839,87549.4917794436,62576.9085983565,44739.3105302068,40527.8004913566,207500
97022.4753186677,87493.2261040821,62520.893547827,44689.8567341784,40482.6366843796,207600
96966.5330057887,87436.9763060172,62464.914146618,44640.4472492618,40437.5138292641,207700
96910.6005569082,87380.7424206486,62410.6349815666,44591.082059334,40392.4319103048,207800
96854.6780137882,87324.5244832765,62359.8394232254,44541.7611482121,40347.3909117423,207900
96798.7654180909,87268.3225291015,62306.0963643866,44492.4844996525,40302.3908177631,208000
96742.8628113791,87215.9753500848,62251.2309507808,44443.2520973521,40257.4316125003,208100
96690.3182121252,87170.5802201271,62196.7307069778,44390.9590084822,40212.5132800332,208200
96640.9053526462,87120.5011765723,62141.6732281826,44336.7216530675,40165.7632029808,208300
96591.3090815063,87067.2912767878,62088.2104645369,44283.9845807788,40115.9407114786,208400
96541.7160670225,87014.0939391937,62036.3952654672,44233.2625144248,40066.1708085197,208500
96492.1263516255,86960.2881636591,61984.7767305652,44182.588417609,40016.45346057,208600
96442.5399776581,86905.7397795347,61934.8847315981,44131.9622683208,39966.788634055,208700
96392.9569873759,86851.2056887658,61882.1119950912,44081.3840444941,39917.1762953607,208800
96343.3774229472,86796.6859264784,61826.6599301925,44030.9864825123,39867.6164108329,208900
96293.8013264533,86742.1805277031,61771.2435580809,43981.0885264118,39818.1755862018,209000
96244.2287398883,86687.6895273756,61715.8628853977,43931.2370650439,39771.676765142,209100
96194.6597051596,86633.2449504217,61661.2385002965,43881.4320781146,39725.2231715912,209200
96145.0942640877,86580.0050620629,61606.5874961709,43831.673545275,39678.8276093852,209300
96095.5324584067,86525.6277990504,61551.9709059609,43781.9671864797,39632.6156054243,209400
96045.9743297642,86472.0993302435,61497.2060786024,43732.3935136078,39586.4483943783,209500
95996.4199197212,86418.5843135302,61441.6849625165,43682.8660326595,39540.3259537207,209600
95946.8692697528,86365.0827837034,61386.2000823846,43633.3847233325,39494.2482608783,209700
95897.3224212479,86310.5170298623,61330.1353444524,43583.9495652703,39448.2152932311,209800
95841.3870152931,86255.8247068098,61273.4391433827,43534.5605380623,39402.227028113,209900
95784.5689791115,86201.1475280988,61216.781475486,43486.6215554155,39356.2834428116,210000
95727.7629520647,86145.1087903537,61160.1623440288,43441.1962823488,39310.3845145688,210100
95670.9689733955,86080.2322075648,61103.5817521927,43397.3889429234,39264.5302205807,210200
95614.1870822491,86026.5382012626,61049.3869630067,43351.2954417594,39218.720537998,210300
95557.4173176733,85976.9113158849,60995.9966014495,43300.826624927,39172.955443926,210400
95500.6597186183,85926.6945551301,60942.639241063,43251.8372733931,39127.2349154249,210500
95443.9143239375,85876.3158499249,60890.2982908972,43204.6110451067,39081.5589295103,210600
95387.181172387,85823.5544665444,60841.4741710237,43157.4266842437,39035.927463153,210700
95330.4603026261,85770.0924859405,60792.6755951462,43110.363789787,38989.2184728005,210800
95273.7517532176,85716.6445345168,60743.9025775884,43063.564305519,38942.5812575591,210900
95217.0555626275,85663.2106458369,60693.34480363,43016.8059559571,38896.0029198605,211000
95160.3717692257,85609.3726097705,60643.0394026117,42970.0887266021,38849.4715712029,211100
95103.7004112857,85554.825815986,60592.7621999898,42923.4126029,38802.9871845099,211200
95047.0060505421,85499.6613270696,60542.5132076374,42876.7775702423,38756.5497326651,211300
94990.1555486415,85439.1217362914,60492.2924373484,42830.183613966,38710.1591885113,211400
94933.3178158895,85378.6059667136,60442.0999008383,42783.630719354,38664.0543376151,211500
94876.4928901362,85318.1140465051,60391.9356097438,42737.1188716353,38619.3450618567,211600
94819.4401525989,85257.646003735,60341.7995756233,42690.6480559849,38574.6788742912,211700
94762.0471893168,85197.2018663729,60291.9449837933,42644.2663952765,38530.0557531427,211800
94704.6678852276,85142.2265074078,60239.3603748391,42595.5622943834,38485.4756765921,211900
94647.3022775033,85091.3046539741,60186.8082765873,42546.5443018294,38440.938622777,212000
94589.95040322,85040.3943441867,60134.2886966134,42497.5733348546,38396.4588023115,212100
94532.612299358,84989.4956116024,60081.294048305,42450.2161735649,38352.0540524139,212200
94475.2880028018,84938.608489693,60026.7665017775,42405.4954541322,38307.6921492083,212300
94417.9775503405,84887.7330118455,59972.2753821784,42357.3487755831,38263.3730708278,212400
94360.6809786678,84836.8692113622,59921.5712838789,42309.2473880794,38219.0967953627,212500
94303.3983243823,84786.0171214606,59871.037052416,42261.1912703053,38174.8633008617,212600
94246.1296239877,84735.1767752741,59819.3870562861,42213.1925983293,38130.6725653314,212700
94188.8749138925,84684.3482058516,59767.5627683549,42165.4698968045,38086.5245667366,212800
94131.634230411,84633.5314461578,59715.3035978683,42117.7918479513,38042.4192830007,212900
94074.4076097625,84582.7265290737,59663.0770103016,42070.1584310452,37998.356692006,213000
94017.1950880723,84529.9667691598,59610.8830124476,42022.6092915706,37954.0674987337,213100
93963.3000965757,84464.1468623761,59558.4998402098,41975.2454731972,37909.5414104662,213200
93913.3527929025,84412.226970087,59505.478467626,41928.0044301775,37865.0592280003,213300
93865.5174301505,84359.7761037136,59453.8108477406,41882.1149198439,37820.6209271785,213400
93817.6858313242,84301.6963864508,59401.4611830288,41835.9764584626,37776.2264838043,213500
93769.8580347909,84243.6382600813,59348.7239384849,41790.9606934697,37731.8758736424,213600
93722.0340788397,84185.6017523789,59296.0209195033,41746.0574566194,37687.569072419,213700
93674.2140016811,84127.5076861339,59245.0490623071,41701.1933525765,37643.3060558216,213800
93626.2104596486,84069.1712492657,59195.773446894,41656.3683674165,37599.0867994996,213900
93578.1337091379,84010.8569354854,59144.4737429908,41610.6255574182,37554.9112790645,214000
93530.061222725,83952.5647720302,59093.0290602059,41559.8363868291,37510.7794700897,214100
93481.9930382723,83894.2947860445,59041.6162532303,41509.1002080386,37466.691348111,214200
93433.9291935634,83844.9694370721,58990.235328751,41458.4169867917,37422.6468886268,214300
93378.1802387937,83796.9431251297,58938.8862933804,41411.8114951375,37378.6460670982,214400
93320.2235370527,83748.9261399403,58887.5691536561,41365.9467921974,37334.6888589491,214500
93262.2825923397,83700.9185139752,58836.2839160413,41321.0776684568,37290.0035928389,214600
93204.3574388617,83652.9202796281,58785.030586925,41276.9224354509,37242.5685875897,214700
93146.4481107321,83604.9314692154,58733.8091726219,41232.8054502615,37195.185869085,214800
93088.5546419721,83556.952114976,58682.6196793731,41188.7266994385,37147.8553988099,214900
93030.6770665097,83508.9822490717,58631.4621133459,41144.6861694828,37100.5771382253,215000
92972.8154181804,83461.0219035871,58580.3364806339,41100.683846847,37053.3510487686,215100
92914.9697307275,83413.0711105298,58529.2427872576,41056.7197179352,37006.6344947153,215200
92857.1400378019,83362.0424566659,58478.1330347795,41012.8020166943,36962.6560985906,215300
92799.3263729624,83309.4724675894,58425.7357133782,40969.018965227,36918.72201721,215400
92741.528769676,83256.9177222561,58373.3727668895,40925.2738356029,36874.8322241912,215500
92686.0604052431,83209.1019290239,58321.0441987169,40881.5666143486,36830.9866931181,215600
92636.9818618686,83161.6445338166,58271.269083012,40832.7950647357,36787.1853975411,215700
92587.9094069361,83114.1963415907,58221.9068007039,40783.8484153911,36743.428310977,215800
92538.8232689519,83066.7573840284,58171.684911526,40734.9517456289,36699.7154069093,215900
92489.3848711606,83019.3276927365,58117.8249873367,40687.279155055,36656.0466587884,216000
92439.953093332,82971.9072992468,58064.0025777754,40642.4230034987,36612.4220400318,216100
92390.5279714114,82924.4962350159,58010.2176824956,40597.7959156825,36568.8415240245,216200
92341.1095412662,82877.0945314253,57959.2163221003,40553.4090207093,36525.3611068191,216300
92291.6978386852,82829.1561458638,57911.0154053737,40509.0619993291,36481.9968233213,216400
92242.2928993796,82780.8413343928,57862.8423954148,40464.7548348718,36438.676243315,216500
92192.8947589823,82727.2259792152,57814.6973006821,40420.4875106228,36395.3993405705,216600
92143.5034530486,82671.6121619334,57766.5801295651,40376.2600098229,36352.1660888263,216700
92094.119017056,82615.5996932179,57715.6028917092,40332.0723156689,36308.9764617881,216800
92044.7414864046,82559.2594375059,57660.7684374056,40287.9244113134,36265.8304331301,216900
91995.3708964167,82502.9400689851,57605.7617938075,40243.8162798651,36222.7279764946,217000
91946.0072823378,82450.9780357342,57551.1146241394,40199.7479043891,36179.6690654922,217100
91896.6506793356,82404.470467958,57498.8304569828,40155.719267907,36136.653673702,217200
91847.3011225011,82357.9717718534,57446.9488039925,40110.7104321396,36093.6817746722,217300
91797.9586468483,82305.2088666016,57395.5365416571,40063.7406098609,36050.7533419196,217400
91748.6232873142,82251.2383069248,57345.426765905,40016.8173347761,36007.86834893,217500
91699.2950787591,82197.2858581059,57295.3486425648,39969.94057996,35965.026769159,217600
91649.9740559669,82143.3515469064,57240.187124809,39923.1103184512,35922.2488773663,217700
91600.6602536445,82089.4354000055,57188.8795709316,39876.3265232525,35879.5267048953,217800
91551.3537064231,82035.537444,57138.3751034921,39829.5891673312,35836.8477871293,217900
91500.9382554859,81981.6577054046,57087.9032167564,39782.8982236193,35794.2277377221,218000
91445.9798311262,81928.3438111922,57037.4639142093,39736.2669114693,35751.8069787228,218100
91391.0352242825,81879.8218493472,56986.9913946196,39692.3783863365,35709.4290004882,218200
91336.1044673197,81830.2149268273,56936.6830752796,39649.1198985128,35667.0937769554,218300
91281.1875925187,81780.6210479495,56886.3415455272,39605.9002488541,35624.8012820321,218400
91226.2846320762,81731.0402411187,56836.032613224,39562.7194207448,35582.5514895959,218500
91171.3956181054,81681.4725346645,56785.7562815164,39519.577397528,35540.3443734951,218600
91116.5205826356,81631.9179568409,56735.5125534837,39476.4741625053,35498.1799075485,218700
91061.6595576128,81582.3765358271,56685.3014321385,39433.5424834213,35456.0580655457,218800
91006.8125748995,81524.7629620515,56635.1229204262,39390.7831411969,35413.9788212473,218900
90951.9796662751,81465.9422946958,56584.9770212259,39348.0619569078,35371.9421483851,219000
90897.1608634359,81407.1472427755,56534.8637373503,39305.3789144722,35329.948020662,219100
90842.3561979951,81348.377827593,56484.7830715456,39262.7339977676,35287.9964117526,219200
90787.5657014833,81289.6340703646,56434.6540475897,39219.0206630009,35246.0872953029,219300
90732.7894053483,81230.915992221,56381.8705473259,39174.8516197816,35204.1588953122,219400
90680.4232137792,81184.2097298105,56330.9350101894,39130.5714764307,35162.1437128202,219500
90631.2638394346,81142.4239615723,56282.9596636801,39088.4054987708,35120.2679966526,219600
90582.1123317174,81100.2487537715,56234.8691050926,39044.2188041909,35078.2741029866,219700
90532.9687238266,81058.0792545018,56183.7196023328,39000.0739796861,35036.3231684735,219800
90483.833048887,80998.897116648,56132.2146961391,38955.9710035398,34994.4151656926,219900
90434.7053399494,80938.4823346994,56080.745436416,38911.9098539989,34952.5500671969,220000
90385.5856299909,80877.3482492281,56029.3309641247,38867.8905092744,34910.7278455126,220100
90336.4739519149,80815.3896611655,55979.2803309743,38823.9129475409,34868.9484731401,220200
90287.3703385513,80755.5221637358,55929.418008624,38779.9771469376,34826.412847481,220300
90238.2748226563,80712.2388360409,55880.1826762783,38736.0830855676,34781.0081060846,220400
90189.187436913,80668.9623819949,55831.2264070146,38692.2307414988,34735.6554155135,220500
90140.108213931,80625.6928304309,55782.5474341129,38648.4200927635,34690.3547330188,220600
90091.037186247,80582.4302101175,55733.8994514574,38604.6511173591,34645.1060158412,220700
90041.9743863247,80530.5008381276,55684.0853619758,38560.9237932478,34599.9092212113,220800
89992.9198465548,80473.5251998524,55635.516321626,38517.238098357,34554.7643063491,220900
89943.8735992551,80416.2727362329,55587.4196575656,38473.5940105795,34509.6712284652,221000
89894.8356766709,80359.0445569369,55539.3532054204,38429.9915077736,34464.6299447599,221100
89845.806110975,80301.8406829699,55491.1245060413,38386.430567763,34420.9497676143,221200
89796.5132493057,80244.6611352558,55442.662532483,38342.9111683376,34377.7822702004,221300
89747.1802695719,80187.5059346365,55394.2315711248,38299.433287253,34334.6619038861,221400
89697.8561130944,80130.3751018729,55347.1417768435,38255.996902231,34291.5922258993,221500
89648.5408116311,80073.2686576442,55300.1418402632,38212.6019909599,34248.8152263328,221600
89599.2343968671,80016.1866225487,55252.2716660845,38169.2485310942,34206.0846358513,221700
89549.9369004155,79959.1290171037,55204.2233471469,38125.9365002552,34165.0257234132,221800
89500.6483538169,79902.0958617457,55155.6813915969,38082.6692378789,34125.0971701266,221900
89451.3687885402,79845.0871768305,55107.1709295333,38039.4970965351,34085.2083715103,222000
89402.0982359818,79789.3090366204,55059.569518836,37996.3661873104,34045.3593034847,222100
89352.8367274667,79737.00678395,55012.8640095317,37953.2764878801,34005.549941944,222200
89303.5842942478,79684.7226861815,54966.1870604912,37910.2279758869,33965.7802627561,222300
89254.3409675066,79632.4567670772,54921.1757454827,37867.2206289407,33926.0926658725,222400
89205.1067783528,79580.2090503248,54875.9181104908,37824.2544246194,33886.4854127511,222500
89155.8817578251,79527.9795595372,54827.9491865519,37781.3293404683,33846.9175649578,222600
89106.6659368903,79475.7683182531,54781.5212875579,37738.4453540009,33807.3890985848,222700
89057.4593464445,79423.5753499367,54735.6120018067,37695.8423778131,33767.8999896983,222800
89004.2900460293,79371.400677978,54688.302476503,37653.7817899072,33728.4502143392,222900
88949.7083845259,79319.2443256931,54639.7944003729,37611.7605641773,33689.0397485231,223000
88895.142338356,79267.1063163241,54591.3184124334,37569.7786803784,33649.6685682402,223100
88840.5919358683,79214.9866730393,54542.8745134631,37527.836118232,33610.3366494556,223200
88786.0572053337,79162.8854189335,54494.4627041815,37485.9328574271,33571.0439681095,223300
88731.5381749453,79112.1492795146,54445.4094032146,37444.0688776202,33531.7905001175,223400
88677.0348728188,79059.0941920083,54396.2052041401,37402.2571370125,33492.5762213702,223500
88622.5473269924,79007.5074171867,54347.0351633001,37360.5461485382,33453.4011077339,223600
88568.0755654271,78956.6244903065,54299.2872481727,37318.8742119283,33414.2651350504,223700
88513.6196160067,78907.3310761194,54249.5311171787,37277.2413069495,33375.1682791374,223800
88459.1232887893,78858.0526927463,54199.5950180701,37235.6474133363,33336.0440269197,223900
88404.5152100716,78808.7893645223,54149.6941795641,37194.0925107911,33294.9659180436,224000
88349.9232371115,78759.5411157131,54099.8285985508,37152.5765789848,33253.9318009854,224100
88295.3473974147,78710.3079705153,54051.7569164532,37111.0995975565,33212.9416437772,224200
88240.7877184101,78657.9584524578,54004.3825457179,37069.6615461139,33171.9954144347,224300
88186.2442274499,78602.8913199604,53957.0389724324,37028.2624042335,33131.0930809569,224400
88131.7169518099,78547.7918779934,53909.7261979575,36986.9021514603,33090.2346113267,224500
88081.5372991252,78493.1834663274,53862.4442235968,36945.5807673086,33049.4199735107,224600
88031.695916878,78446.7006694132,53815.1930505964,36904.2982312617,33008.6491354596,224700
87981.8653157792,78400.2298878833,53767.9726801454,36863.0545227721,32967.922065108,224800
87932.0455249459,78353.7711468057,53723.1398896346,36821.8496212618,32927.2387303751,224900
87882.2365734254,78307.3244711832,53678.4148258271,36780.6835061223,32886.5990991642,225000
87832.4384901951,78260.8898859539,53631.3703538627,36739.5561567149,32846.0031393635,225100
87782.6513041628,78212.662427578,53583.4189423629,36698.4675523706,32805.4508188456,225200
87732.875044167,78163.2173753234,53532.332903768,36657.4176723906,32764.9421054681,225300
87683.1097389764,78113.6813318326,53485.2973704035,36616.406496046,32724.4769670734,225400
87633.3554172905,78063.973780512,53438.292646325,36573.8530634931,32684.0553714894,225500
87583.6121077398,78014.2825193912,53391.3187322699,36534.484434443,32643.6772865288,225600
87533.8798388855,77964.6075712269,53344.326660012,36493.604981092,32603.3426799901,225700
87484.1586392197,77914.7683092514,53296.7998989938,36452.7484114091,32563.051519657,225800
87434.4485371661,77861.5430949583,53249.3050418527,36411.9304412747,32522.8037732993,225900
87384.7495610792,77800.094280131,53201.8420880089,36371.151049784,32482.5994086722,226000
87335.0617392449,77756.0534573057,53154.4110368276,36330.4102160031,32442.4383935171,226100
87285.3850998806,77712.0526814682,53107.0118876189,36289.7079189694,32402.3206955614,226200
87235.7196711355,77665.5815749288,53059.6446396381,36249.0441376919,32361.5382280516,226300
87186.0654810901,77616.5674115276,53011.7482510737,36206.3004025348,32319.5247317221,226400
87136.4225577569,77567.5690934041,52963.6377406202,36163.588480353,32277.5594949384,226500
87086.7909290803,77518.2708420422,52916.0309166961,36120.9199170145,32235.642476922,226600
87037.1706229366,77468.760260141,52868.2216302819,36079.8060147054,32193.7736368906,226700
86987.5616671343,77419.2662370518,52820.4452616601,36039.0569303193,32151.9529340575,226800
86937.9640894141,77369.7887947219,52772.7018087202,35998.3468833259,32111.5144329274,226900
86888.377917449,77320.3279550318,52724.9912692979,35957.6758515782,32072.415652764,227000
86838.8031788443,77270.8837397957,52677.3136411755,35917.0438129022,32033.4993233485,227100
86789.2399011383,77221.4561707612,52629.6689220814,35876.5236947153,31994.6240110716,227200
86739.6881118014,77172.0452696094,52582.0571096909,35836.1941692064,31955.8396556409,227300
86690.1478382372,77122.6510579555,52534.478201626,35795.9030505098,31917.1250610122,227400
86638.6239967446,77073.2735573485,52486.9321954555,35755.6503171179,31879.4402858429,227500
86586.7821240314,77023.3596045795,52439.4190886956,35715.4359474963,31842.4061712079,227600
86534.9545705276,76973.3471500594,52391.9388788094,35675.2599200841,31805.4089437128,227700
86483.1413623227,76923.3523728868,52340.7547927716,35635.1252920851,31766.3022812289,227800
86431.3425254368,76873.3752938192,52293.8309162063,35594.6861931203,31726.9160251531,227900
86379.5580858204,76819.4959194058,52246.9390544162,35552.7328525409,31687.5725031484,228000
86327.7880693549,76761.0146295832,52200.0792055447,35510.8221490456,31648.2716827039,228100
86276.0325018522,76702.5631340607,52153.251367683,35468.9540544221,31609.0135312974,228200
86224.2914090554,76649.7358889817,52106.4555388705,35427.1285404378,31569.7980163954,228300
86174.6585358196,76600.6592857577,52060.891903114,35387.4591298514,31531.3291689247,228400
86128.7118529297,76546.5962675924,52014.2957024635,35348.0340411435,31492.9641778896,228500
86082.7731876002,76492.1974964448,51967.6934970194,35308.7944242709,31454.6600265982,228600
86036.8425675533,76437.8228101871,51921.1231137801,35269.5916190835,31416.396452014,228700
85990.8166829758,76383.4722252094,51874.5845507146,35230.4256055967,31378.1734246614,228800
85944.7550454685,76329.1457578323,51828.0778057409,35191.2963637997,31339.9909150516,228900
85899.055542424,76278.9743107426,51781.7978811812,35152.2038736557,31301.8769026132,229000
85851.9783980206,76231.4674169078,51736.4113317096,35113.1481151016,31263.9565058486,229100
85802.9510548333,76183.9755965575,51691.8859030704,35074.1290680486,31226.0760981729,229200
85751.9319738324,76136.4988710459,51645.7280497497,35035.1467123823,31188.2356507433,229300
85695.5199941269,76089.0372616653,51600.4313164137,34996.2010279622,31150.4351347037,229400
85639.128883548,76041.5907896457,51555.0803749031,34957.2919946228,31112.4849070522,229500
85588.3660184951,75994.1594761553,51508.5510012732,34918.4195921729,31073.7836648406,229600
85539.9145753736,75946.7433423006,51462.0538691871,34879.7326004663,31035.8726409121,229700
85491.4435344105,75899.3424091262,51413.9167794277,34840.8043218716,30998.0019956712,229800
85442.9837835835,75851.9566976153,51366.6606870423,34801.7393049237,30960.1716992968,229900
85394.5353489011,75803.9535360847,51320.5181169946,34762.7115311171,30922.3817219556,230000
85346.0982563078,75755.7830632273,51273.8957979411,34723.7209791164,30884.632033803,230100
85297.6725316852,75707.6289980304,51226.365493336,34686.3754603476,30846.9226049822,230200
85249.2582008515,75653.9043426496,51178.8695954238,34648.6482215523,30806.0254266297,230300
85198.7291252337,75598.1036078123,51131.40809859,34610.0698258139,30765.3175204019,230400
85147.9243662096,75541.8341401869,51083.9809971717,34571.527872381,30726.8084430569,230500
85097.133889823,75485.5923486599,51036.5882854576,34533.0240210098,30688.3418044307,230600
85046.3577205436,75429.3782460984,50989.2299576883,34494.7331101037,30649.9175708347,230700
84995.5958827748,75373.1918453008,50942.6675571695,34456.4781863193,30611.636167136,230800
84946.1156428726,75321.1015266016,50896.2878173203,34418.2592297093,30573.4411221471,230900
84901.5089095233,75270.6525439004,50849.940768995,34380.0762203022,30535.2880068914,231000
84856.9097055172,75221.8909809668,50803.6264080441,34342.1221258363,30497.176788299,231100
84812.318057354,75172.7771366439,50757.3447302704,34303.5229944204,30459.1074332927,231200
84767.1014740748,75122.8638854253,50710.5359150845,34264.9456722541,30421.0799087884,231300
84719.1322277204,75072.9697914913,50663.153926914,34225.903192978,30383.0941816948,231400
84670.9501784113,75023.7926553961,50616.7769448817,34187.0723358468,30345.1502189136,231500
84622.7797417496,74975.4634623345,50570.4329812288,34148.4191516839,30307.24798734,231600
84574.6209427248,74925.6533686738,50524.1220311487,34109.8033110719,30269.3874538623,231700
84526.4738062648,74875.2762616865,50477.8440897879,34071.2247916541,30231.5685853624,231800
84478.338357236,74820.6695290504,50431.599152246,34032.6835710524,30193.7913487157,231900
84429.9900113516,74766.0887623279,50385.3872135758,33994.1796268674,30156.0557107912,232000
84381.181762709,74711.5339747811,50339.2082687837,33955.7129366791,30118.3616384519,232100
84332.3860753508,74657.0051796063,50293.0623128298,33916.0288873113,30080.7090985545,232200
84283.6029735965,74605.7694111704,50246.9493406276,33875.8674008697,30043.09805795,232300
84234.8324817038,74557.8698361593,50200.8693470446,33835.7472109637,30005.5284834832,232400
84186.0746238686,74509.9872207384,50154.8223269025,33795.6682889112,29968.0003419933,232500
84137.3294242252,74462.121583596,50108.8082749767,33755.630606015,29930.513600314,232600
84088.5969068464,74414.2729433605,50062.8271859971,33716.1473445322,29893.1003372525,232700
84039.8770957434,74366.4413186008,50016.879054648,33677.7094773703,29855.8391714809,232800
83991.1700148662,74318.6267278267,49970.963875568,33639.3092336596,29818.6189622445,232900
83942.4756881036,74270.8291894887,49926.1165099261,33600.9465899642,29781.535184673,233000
83893.794139283,74223.048721978,49882.2083533125,33562.6215228292,29746.9845797756,233100
83845.1253921711,74175.2853436269,49837.0515058207,33524.3340087806,29712.4686031113,233200
83796.4694704733,74127.5390727087,49791.2200461452,33486.1656365805,29677.9872318494,233300
83747.8263978344,74079.809927438,49745.4215962956,33448.3266927253,29643.5404431441,233400
83699.1961978384,74032.0979259705,49700.0359205663,33410.5243824998,29609.128214135,233500
83650.5788940085,73984.4030864034,49655.2946500421,33372.7586835983,29574.7068167535,233600
83601.9745098076,73936.7254267754,49610.5845757131,33335.0295736955,29537.7744552403,233700
83553.3830686379,73889.0649650667,49567.9513493189,33297.337030447,29500.8828126815,233800
83504.8045938415,73841.4217191993,49527.6667645812,33259.681031489,29464.0318563357,233900
83456.2391086999,73793.795707037,49483.2799164397,33223.5241816153,29427.2215534565,234000
83407.6866364348,73746.1869463855,49438.8788716203,33187.4101957226,29390.4518712932,234100
83359.1472002076,73698.5954549924,49394.5086599525,33151.3294256994,29353.7227770906,234200
83310.6208231198,73651.0212505476,49350.1692776282,33115.2818537333,29317.0342380891,234300
83262.107528213,73603.464350683,49305.1232545482,33076.6335933456,29280.386221525,234400
83213.6073384691,73555.0332701249,49257.1400760511,33037.3466395913,29243.7786946304,234500
83165.1202768104,73505.6685763692,49208.7083079915,32998.1003576836,29207.2116246335,234600
83116.6463660993,73447.5949636168,49162.6517670523,32958.8091288796,29170.6849787587,234700
83068.1856291391,73391.0794188525,49119.1211389261,32919.5231327169,29134.2119676292,234800
83019.7380886734,73343.2584418322,49075.620347176,32881.9552324925,29097.7981310563,234900
82971.3037673868,73295.455341991,49032.1493883789,32845.1438385664,29061.4245404493,235000
82922.8826879045,73247.6701362922,48985.6215580519,32807.8050823772,29025.0911631497,235100
82874.4748727927,73199.9028416423,48937.7101999725,32770.2606416974,28988.8478562778,235200
82826.0803445585,73152.15347489,48890.944507505,32731.6797107305,28952.6712719156,235300
82777.6991256503,73104.4220528274,48844.6329594135,32692.8336309586,28916.5346181053,235400
82729.3312384575,73056.7085921895,48801.8928177521,32654.0283696087,28880.4378624682,235500
82680.9767053109,73009.0131096544,48758.7530982916,32615.4418783319,28844.3809726222,235600
82632.6355484825,72961.3356218434,48713.2113991978,32576.8951210336,28808.3639161822,235700
82584.3077901861,72913.6761453211,48668.7225247186,32538.3880695931,28772.3866607594,235800
82535.9934525769,72866.0346965959,48626.3112576985,32499.9206958781,28736.4491739625,235900
82487.6925577516,72818.4112921192,48583.9282317751,32461.4929717437,28701.6793178839,236000
82439.4051277491,72770.8059482865,48541.5734449266,32423.1048690335,28667.6398984532,236100
82391.1311845496,72723.2186814368,48499.2468950891,32385.4012627719,28633.6357189211,236200
82342.8707500757,72675.6495078531,48456.9485801566,32348.2788040234,28599.6667540078,236300
82294.623846192,72628.0984437623,48414.6784979811,32311.1931171787,28565.7329784233,236400
82246.3904947051,72580.5655053352,48371.5306168475,32274.1441782312,28531.8343668681,236500
82198.1707173638,72533.050708687,48326.3542919671,32237.131963159,28497.9708940328,236600
82149.9645358594,72485.5407203251,48279.232277382,32200.1564479252,28464.1425345985,236700
82101.7719718256,72437.8670432476,48230.4361430592,32163.2176084777,28430.3492632368,236800
82053.5930468385,72388.3935343607,48183.4316928934,32125.1939310329,28396.5910546098,236900
82005.4277824169,72338.5185225619,48138.2583924855,32086.5511807615,28363.0256559304,237000
81957.2762000224,72288.6650141286,48093.1189598215,32048.092271736,28329.5195739146,237100
81909.1383210593,72238.7542803097,48048.0133862749,32009.6737924166,28296.0480447634,237200
81861.0141668747,72188.8590557671,48003.7963592435,31972.1828218998,28262.611043781,237300
81812.9037587589,72138.9854877625,47960.3660418541,31936.1186744602,28229.208546262,237400
81764.8071179451,72089.1335898177,47916.1479148887,31897.7303896379,28195.8405274916,237500
81716.7242656099,72039.3033753978,47872.2703459268,31859.5183283378,28162.5069627454,237600
81668.655222873,71989.2927328422,47827.5649144773,31821.5220456082,28129.2078272898,237700
81620.6000107974,71939.2466915068,47784.320513826,31785.6715893205,28095.9430963819,237800
81572.5586503897,71889.2227293095,47741.712503741,31750.040577555,28062.7127452699,237900
81524.4339642928,71839.2208592604,47699.1340789299,31714.5727217281,28029.5167491927,238000
81476.1370518926,71789.0696011484,47656.5852350843,31679.2233672238,27996.3200885167,238100
81427.8544024668,71738.9118806074,47613.5978963985,31643.9078331535,27963.0441348291,238200
81379.5860366243,71688.7765784072,47569.6210657801,31608.6260989435,27929.8028129613,238300
81331.3319749176,71638.6637071286,47525.6764890068,31573.3781440038,27896.5960975728,238400
81283.0922378431,71588.5732792958,47481.7641587564,31537.4149794463,27863.4239633149,238500
81234.8668458407,71538.3913388819,47438.1590233434,31500.1470033009,27830.2863848313,238600
81186.6558192946,71486.2300075965,47394.7809258605,31462.9175476927,27796.6240566303,238700
81138.4591785328,71434.0941806935,47351.4342029065,31425.7265847735,27761.261641501,238800
81089.2618286369,71381.9838683436,47308.1188479117,31388.5740866855,27725.9393538262,238900
81036.6924819873,71329.8990806606,47265.368790689,31351.4600255615,27690.6571589891,239000
80984.1430518763,71277.8398277017,47223.3818663459,31314.3843735247,27655.415022375,239100
80931.5183269025,71225.8061194671,47181.4239889571,31278.4954033747,27620.2129093721,239200
80878.6590469407,71173.7979659005,47139.4951542759,31242.4813351725,27585.0507853709,239300
80825.8201794156,71121.8153768891,47096.6000008519,31204.5035634138,27549.9286157645,239400
80773.0017412178,71069.8583622637,47053.3804450226,31166.5665213053,27515.3789050175,239500
80720.2037491781,71017.9269317989,47009.9557903825,31129.2561896525,27481.2981388376,239600
80667.4262200682,70966.021095213,46966.4938965332,31093.6791043316,27447.254806265,239700
80615.8108783009,70914.1408621686,46923.583421254,31058.1372811612,27413.2488767591,239800
80572.7555465027,70862.2862422719,46881.0648345026,31022.6306966848,27379.2803197774,239900
80531.4198162855,70810.4572450739,46838.3793939562,30987.1593274332,27345.3491047763,240000
80489.1532570931,70758.6538800694,46795.8026706169,30951.6443065051,27311.4552012108,240100
80446.8949280438,70706.8761566979,46754.4359028701,30913.4749865694,27277.5985785347,240200
80404.6448510826,70655.1240843433,46713.0977144253,30875.3473918929,27243.7792062006,240300
80362.4030481063,70603.3812353706,46671.7881008768,30837.2614886534,27209.9970536603,240400
80320.0095721617,70551.6162899378,46629.6334500808,30799.2172430267,27176.2520903645,240500
80277.4337731846,70499.8771137146,46586.4518087447,30761.2146211867,27142.5442857629,240600
80230.1561928055,70448.8628913625,46542.8765606425,30723.8186985847,27108.8736093047,240700
80186.395465515,70399.9791674564,46498.301348367,30687.0897019664,27075.2400304382,240800
80146.7961044417,70351.1177249326,46453.7608436826,30650.3993338173,27041.6435186113,240900
80107.2025001003,70295.9367324481,46410.0588542021,30613.747564966,27007.6214831926,241000
80066.1050690376,70247.7841148951,46367.5962908044,30576.5491198756,26973.1247373803,241100
80023.9902561969,70199.6524080096,46324.964157407,30539.0935640897,26938.7555106401,241200
79981.8838525477,70151.54162402,46280.7189934614,30501.6786483525,26904.4254601707,241300
79939.7858795185,70103.4517751024,46236.9512034161,30464.3043400659,26870.13455165,241400
79897.6963584899,70055.3828733808,46196.1268365076,30426.9706066295,26835.8827507602,241500
79855.615310795,70007.3349309273,46155.4366850832,30389.6774154405,26801.6700231878,241600
79813.2408444596,69959.3079597623,46114.7745235485,30352.4247338941,26767.4963346235,241700
79770.8056176436,69911.301971854,46072.5599615447,30315.2125293834,26733.3616507628,241800
79728.379329135,69863.3169791193,46028.7254476192,30278.0407692997,26700.1114646082,241900
79684.716657841,69815.3529934234,45984.9248442399,30240.9094210323,26667.8875038426,242000
79638.1580972477,69767.41002658,45941.8178469481,30203.8184519688,26635.6978929385,242100
79591.6131734759,69719.4880903514,45898.6539407524,30166.8430731693,26603.5426051537,242200
79545.0591498314,69671.3047992837,45854.237271788,30130.0610903727,26571.4216137424,242300
79497.81275359,69621.3656589244,45810.2395995249,30093.3188390299,26539.3348919555,242400
79445.9008029099,69560.2259987857,45768.1723366559,30056.6162873998,26507.2824130404,242500
79389.7248248692,69495.5430894562,45726.1359283916,30019.9534037386,26475.2641502414,242600
79333.575148438,69452.1277623301,45684.130367086,29983.3301563009,26442.4893335353,242700
79277.4517851085,69408.7278068728,45642.1556450586,29946.8549390063,26409.0553275699,242800
79221.3547463144,69365.3432378656,45600.2288391314,29911.7317717438,26375.6591219843,242900
79165.2840434309,69321.9740700425,45559.030396767,29876.6447443649,26342.3006839776,243000
79109.2396877745,69278.6203180907,45517.8614757396,29841.5938305029,26308.9799807525,243100
79053.2216906032,69235.2819966499,45476.7220696299,29805.1803700373,26275.6969795157,243200
78999.4553010466,69189.8796477335,45435.6121719848,29768.6654627711,26242.4516474778,243300
78952.2065167277,69142.5714567377,45394.5317763169,29732.1902678761,26209.2439518533,243400
78904.9726730049,69095.203280759,45353.353292574,29695.7547531307,26176.073859861,243500
78859.7296597768,69047.2844486804,45311.7416040839,29659.3588863123,26142.9413387237,243600
78816.9562013707,68999.0934010601,45270.1604654919,29623.0026351978,26109.8463556687,243700
78774.1926886742,68950.8787550541,45228.6098690253,29586.6859675633,26076.7888779273,243800
78731.4391415503,68899.449922092,45186.1451255372,29550.4088511842,26043.7688727355,243900
78688.6955798154,68847.3557063414,45142.8212712435,29514.1712538357,26010.7863073336,244000
78645.9620232389,68795.2893547479,45099.5314529828,29477.9731432924,25977.8411489666,244100
78603.2384915436,68743.2508731357,45057.7432792374,29441.8144873286,25944.9333648841,244200
78560.5250044055,68691.1986513992,45016.2302017609,29405.6952537186,25912.0629223403,244300
78517.821581454,68639.064341262,44974.7478361021,29369.6865904944,25879.2297885943,244400
78475.1282422723,68586.9581316871,44933.2961740142,29333.804726175,25846.4784456548,244500
78432.4450063967,68534.8800281443,44892.2012323572,29297.9618060693,25813.7917513392,244600
78389.7718933173,68482.8300360521,44851.3363261464,29262.15779856,25781.1297209887,244700
78347.108922478,68430.808160778,44810.4886201366,29226.8344562705,25748.2108466424,244800
78304.4561132764,68378.8144076388,44767.4055769506,29192.3248415168,25715.3297171473,244900
78261.8134850638,68326.8487819002,44726.4981262303,29158.0238926936,25682.4862987601,245000
78219.1427809919,68277.7951942264,44685.2305105734,29123.85722373,25649.680557744,245100
78176.0690343533,68236.260089842,44643.993539857,29090.1508997662,25616.9124603691,245200
78128.4048268938,68194.7389978831,44603.4737852148,29057.0088569374,25584.181972912,245300
78072.3753313345,68153.2319327561,44564.5028326224,29023.8997533446,25551.4890616559,245400
78016.2260584966,68111.738908823,44525.1247271801,28990.8235663691,25518.8336928913,245500
77960.1042453404,68070.2599404024,44483.9586060191,28957.7802733837,25486.2158329153,245600
77904.0099012356,68026.9296366835,44442.8231779356,28924.7698517522,25453.635448032,245700
77847.9430354959,67978.965262681,44401.7184341697,28891.7922788299,25421.0925045527,245800
77791.9036573793,67931.023551522,44360.6443659303,28858.8475319634,25388.5869687957,245900
77735.8917760878,67883.021613641,44319.6009643957,28825.9355884908,25356.1188070867,246000
77679.9074007681,67834.462247727,44278.5882207129,28793.0564257418,25323.6879857584,246100
77632.2892762028,67785.9264289681,44237.6061259982,28760.210021038,25291.1099146972,246200
77585.2063004452,67737.4141656175,44196.6146055859,28727.3963516923,25258.8867352474,246300
77538.1391124448,67688.9254658804,44155.3938020976,28694.6153950097,25226.4677543448,246400
77491.087728485,67640.4603379137,44114.6497815862,28661.8671282871,25194.0862334237,246500
77444.0521648,67592.0187898267,44073.9840580768,28628.5674411761,25161.7421384191,246600
77397.0324375747,67543.6008296807,44033.1550738779,28594.2608435086,25129.4354352738,246700
77350.0285629454,67495.2064654892,43992.3566847045,28559.9906651976,25097.1660899394,246800
77303.0405569993,67446.8357052181,43951.58888146,28525.7568776442,25064.9340683754,246900
77256.0684357747,67398.3435782954,43910.8516550181,28491.5594522475,25032.73933655,247000
77205.8787535454,67349.8467451913,43870.1449962225,28457.3983604048,25000.6220915277,247100
77154.6318245227,67301.3737858603,43828.8576674601,28423.2735735116,24968.6418502103,247200
77103.406308165,67252.9011982892,43788.2333124307,28389.1850629617,24936.6984448966,247300
77052.2022171935,67203.8732436647,43747.4799966192,28355.1328001475,24905.299666698,247400
77001.0195642774,67154.8701116785,43706.1851342596,28321.1167564598,24875.3098397057,247500
76949.8583620346,67107.2108614528,43664.9221307805,28287.2209998238,24845.3520774534,247600
76898.7186230315,67060.9252811046,43622.8490524086,28253.4347064186,24815.4263543512,247700
76847.6003597832,67014.096765316,43581.5247130294,28219.6841833849,24785.5326448085,247800
76796.5035847534,66960.4863852446,43540.3546931038,28185.9694026589,24754.6926334664,247900
76745.428310355,66912.1379177902,43498.6762214309,28152.2903361753,24723.1849018246,248000
76694.3745489495,66864.2019965711,43457.4086039762,28120.1874658757,24691.7132587027,248100
76643.3423128476,66817.6164909543,43416.4058442135,28088.3259888619,24660.2776716201,248200
76592.3316143092,66771.9687553196,43375.3780897758,28056.4960732735,24628.8781081036,248300
76541.3424655433,66726.3413821899,43334.4952746839,28024.6976973006,24597.5145356876,248400
76490.3748787084,66680.7343811531,43293.5874430378,27992.9308391261,24566.1869219142,248500
76439.4288659123,66635.1477617524,43252.7112321715,27961.1954769255,24534.8952343332,248600
76388.5044392123,66589.5815334862,43211.8666310758,27929.5157534889,24503.6394405023,248700
76337.6016106155,66543.2712118029,43170.2798235137,27897.9460354026,24472.419507987,248800
76286.7203920784,66496.8060348417,43128.1524503152,27866.407504148,24441.2354043606,248900
76236.774110278,66446.2556374766,43086.0592453776,27832.6624377301,24410.0870972045,249000
76192.2808680605,66392.6940417727,43044.0001944886,27798.0751045245,24378.9745541082,249100
76147.8013234811,66339.1650383641,43002.4108726324,27763.5262956949,24347.8977426693,249200
76103.3354927142,66288.5435505593,42961.6815106063,27729.0159780335,24316.8566304934,249300
76058.8833918889,66240.8694236867,42922.8955509988,27694.5441183377,24285.8511851945,249400
76014.4450370894,66193.1017677268,42882.6464641423,27660.1106834103,24254.9111890782,249500
75970.0204443548,66145.2039511962,42839.5189410606,27625.7156400589,24224.0122087193,249600
75925.6096296792,66097.3301844604,42797.7950225761,27591.8959399229,24193.1487083943,249700
75881.2126090119,66049.4804739661,42756.9682439945,27559.4176677448,24162.3206559051,249800
75836.8293982576,66001.6548261148,42717.0565321688,27526.9732314631,24131.5280190622,249900
75792.4600132761,65953.8532472635,42677.5525904819,27494.5626051209,24100.7707656843,250000
75748.1044698826,65906.0757437244,42638.0783833824,27462.2804177999,24070.048863599,250100
75703.7627838477,65858.3223217651,42598.6339013981,27430.1255480724,24039.3622806419,250200
75659.4349708976,65810.5929876087,42559.2191350297,27398.0039515102,24008.7109846577,250300
75615.121046714,65762.8877474339,42519.8340747509,27365.952604715,23978.109808873,250400
75570.8210269343,65715.206607375,42480.4787110084,27334.0886349728,23947.6076723721,250500
75526.5349271517,65667.5495735223,42441.1530342223,27302.25742307,23917.1405333315,250600
75482.262762915,65619.9166519216,42401.8570347856,27270.4589444492,23886.7083599486,250700
75438.004549729,65572.3078485751,42362.5907030649,27238.69317455,23856.0011864246,250800
75393.7603030545,65524.7231694407,42323.1235869328,27206.9600888087,23825.8165584791,250900
75349.5300383081,65477.1626204325,42282.5979187296,27175.2596626583,23795.4087424973,251000
75305.3137708627,65435.1296938502,42242.104352384,27144.2735589137,23764.967618774,251100
75261.1115160474,65399.0358650594,42201.6428753312,27113.8340372721,23734.561675678,251200
75216.9232891472,65359.9215889121,42161.2134749813,27083.424365805,23704.1908808237,251300
75172.7491054037,65313.5162172916,42120.8161387196,27053.0445240613,23673.8664813774,251400
75128.5889800147,65267.133696327,42080.4508539067,27021.9859598635,23643.3826995106,251500
75084.4429281347,65220.4947245395,42040.1176078784,26987.6574480539,23612.7083074959,251600
75040.3109648744,65172.9516561066,41999.8163879462,26953.3683183292,23582.0699880662,251700
74996.1931053012,65125.4329657854,41959.5471813969,26921.4174374738,23551.4677070413,251800
74952.0893644393,65077.9386589532,41919.3099754929,26889.5676779695,23520.9014302531,251900
74907.9997572693,65030.4687409443,41879.1047574725,26857.751395289,23490.3711235462,252000
74863.924298729,64983.0232170503,41838.9315145495,26825.968563127,23459.8767527771,252100
74819.8630037127,64935.6020925198,41798.790233914,26792.8833333467,23430.1063926843,252200
74775.8158870718,64900.4538983541,41758.6809027317,26759.4855436094,23400.4827128999,252300
74731.7829636149,64866.6346931304,41719.5572194137,26726.3617951704,23370.8928177171,252400
74687.7642481072,64832.8232153807,41680.845103104,26693.2748657573,23341.3366766071,252500
74643.7597552716,64790.1608035789,41642.1624414122,26660.2247234654,23311.8142590495,252600
74599.7694997877,64744.994489542,41603.5092241769,26627.2113363963,23282.3255345322,252700
74555.7934962928,64699.2812084417,41566.1482878242,26594.2346726571,23252.8704725514,252800
74511.8317593813,64652.3715034526,41529.1357976985,26561.2947003616,23223.4490426117,252900
74467.8843036053,64605.4857274693,41492.1497779689,26528.3913876292,23193.9570908145,253000
74423.951143474,64558.6238857443,41454.896535118,26495.524702586,23164.2373324189,253100
74380.0322934545,64511.7859834884,41416.4083654893,26462.6946133642,23134.5520447591,253200
74336.1277679714,64464.9720258706,41377.0549727906,26430.7177429593,23104.9011957694,253300
74292.237581407,64418.1820180183,41336.4602166423,26400.8141039684,23075.2847533949,253400
74248.3617481014,64371.4159650173,41295.8988672359,26370.9463947112,23045.7026855915,253500
74204.5002823527,64324.6738719118,41255.3709094655,26341.1083862117,23016.1549603259,253600
74160.6531984166,64277.955743705,41214.8763282036,26311.3000573509,22986.6415455754,253700
74115.6704223654,64228.9882367694,41174.4151083009,26281.5213870049,22957.1624093282,253800
74070.1444916258,64179.4111022028,41133.9872345868,26251.7723540454,22927.7175195837,253900
74024.6350448488,64129.8623058252,41093.5926918694,26222.0529373395,22898.306844352,254000
73979.1420950528,64080.3418489224,41053.2314649351,26192.3631157496,22868.9303516544,254100
73933.665655213,64030.8497327388,41012.9035385496,26160.7808161894,22839.5880095232,254200
73888.205738262,63981.3859584776,40972.6088974571,26129.0163237944,22810.2797860019,254300
73842.7623570893,63931.9505273003,40932.347526381,26097.286365999,22781.0056491451,254400
73797.3355245418,63882.5434403274,40892.5629951826,26065.5909138373,22751.7655670187,254500
73751.9252534235,63832.9492798087,40853.4776521201,26033.9299383473,22722.1425335489,254600
73706.5315564961,63783.1899401572,40815.0009214932,26002.3356360421,22692.1621036948,254700
73661.1544464784,63733.4595649611,40775.3960057104,25970.8257759402,22662.2177380325,254800
73615.7939360469,63683.7581546665,40735.7400791303,25939.3501121944,22632.3094009349,254900
73570.4500378356,63634.0857096793,40696.1165823742,25907.9086161623,22602.4370567911,255000
73525.1227644365,63584.442230364,40656.5255007499,25876.5012592053,22572.6006700068,255100
73479.8121283988,63534.827717045,40618.0468863177,25845.128012689,22542.8002050039,255200
73434.5181422299,63485.242170006,40578.956068855,25813.7888479826,22513.0356262209,255300
73389.2408183951,63435.6855894902,40539.6892513091,25783.5050738571,22483.3068981127,255400
73343.9801693173,63386.1579757004,40500.4493743981,25753.4260109021,22453.6139851508,255500
73298.7362073778,63338.9183307307,40461.2412858394,25723.3781055238,22423.9568518234,255600
73253.5089449159,63294.7896705819,40422.0649717004,25693.3613336301,22394.335462635,255700
73208.2983942291,63250.6821396041,40382.9204180278,25663.3756711283,22364.7497821071,255800
73163.1045675728,63206.5957440316,40343.8076108476,25633.4210939251,22335.1997747779,255900
73117.9274771613,63159.7215797632,40304.7265361649,25603.7496215299,22305.6854052024,256000
73072.7671351669,63110.5668137851,40265.6771799644,25574.1394241758,22276.2066379523,256100
73027.6235537204,63065.8730494288,40226.6595282102,25544.5595820056,22246.7634376162,256200
72982.4967449113,63022.1004288872,40187.6735668461,25515.0100719463,22217.3557687998,256300
72937.3867207874,62978.3486030002,40150.8974530893,25485.4908709234,22187.9835961255,256400
72892.2934933555,62934.6175781188,40112.834820565,25456.0019558614,22158.646884233,256500
72847.217074581,62890.9073605561,40073.6281661724,25426.8911038074,22129.3455977788,256600
72802.1574763881,62847.2179565867,40034.9757565121,25397.4431107261,22100.0797014366,256700
72757.1147106598,62803.5493724476,39996.3545599523,25367.2993764697,22070.8639909695,256800
72712.0887892384,62759.9016143374,39958.4104228594,25336.528914835,22041.7351774017,256900
72667.0797239247,62716.2746884171,39921.2930324071,25305.66661435,22012.6414783686,257000
72622.0875264792,62672.6686008097,39884.2041509641,25274.8380806392,21983.5828589081,257100
72577.112208621,62629.0833576006,39847.1437678332,25244.0432848677,21956.9398750004,257200
72532.1537820289,62585.5189648373,39810.1118722957,25213.2821982061,21927.9591606972,257300
72487.2122583407,62541.9754285299,39773.1084536114,25182.5547918307,21900.140928046,257400
72442.2876491536,62498.4527546509,39736.2844790779,25151.8610369232,21872.7039633293,257500
72397.3799660245,62454.9509491353,39699.557636355,25121.200904671,21845.2980866613,257600
72352.4892204697,62411.4700178809,39662.8588135821,25090.5743662672,21817.9232698816,257700
72307.6154239649,62368.0099667478,39626.1880004507,25059.9813929107,21790.5794848386,257800
72262.7585879456,62324.5708015593,39589.5451866313,25029.4219558064,21763.2667033893,257900
72217.9187238071,62281.1525281013,39552.9303617731,24998.8960261647,21736.0303558017,258000
72173.0958429045,62237.7551521228,39516.3435155042,24968.6047800199,21708.8771260101,258100
72128.2025318706,62194.3786793355,39479.7846374317,24938.5807671229,21681.7545620134,258200
72083.2461607597,62151.0231154144,39443.2537171417,24910.5900492502,21654.6626361537,258300
72038.3070144396,62107.5898987943,39407.2952659071,24881.3773894281,21627.6013207818,258400
71993.3851039871,62064.0456148164,39371.6057459207,24851.2545885403,21600.5705882567,258500
71948.4804404391,62020.522583744,39335.9426720231,24823.1789425404,21573.570410946,258600
71903.5930347926,61977.02081086,39298.7205288051,24793.4037104049,21546.600761226,258700
71858.7228980046,61933.5403014106,39260.9669521433,24761.4314053787,21519.6616114813,258800
71813.8700409926,61890.0810606054,39223.2438464706,24729.9333369973,21492.7529341053,258900
71769.273716636,61846.6430936176,39185.5511981756,24699.4910729604,21465.8747015002,259000
71726.8768281693,61803.2264055837,39147.8889936285,24669.1517773758,21439.0268860767,259100
71684.4943179931,61759.8310016041,39110.2572191807,24638.9672606054,21412.2094602545,259200
71642.1261984536,61716.456886743,39072.7376225611,24608.8160139697,21385.422396462,259300
71599.7724818591,61673.0817287856,39036.2229022342,24578.6980085463,21358.6656671364,259400
71557.4331804803,61628.4182050228,38999.7366775822,24548.6132154202,21331.939244724,259500
71515.10830655,61582.4770413078,38963.2789369595,24518.5616056832,21305.2431016798,259600
71472.7978722634,61536.560995235,38926.8496687012,24488.5431504341,21278.5772104682,259700
71430.5018897783,61490.670068721,38890.4488611235,24458.5578207788,21251.1808987163,259800
71388.2203712146,61444.8042636459,38854.0765025236,24428.6279688864,21223.7915075919,259900
71345.9533286551,61398.9635818536,38817.6434346169,24398.7632856705,21196.4342803321,260000
71303.7007741451,61353.1480251515,38778.3053130076,24368.9315094676,21169.1091859799,260100
71261.4627196923,61307.357595311,38739.9497075448,24339.1326116282,21141.8161935919,260200
71219.2391772676,61261.5922940672,38702.1669577599,24309.3665635096,21114.5552722381,260300
71177.0301588042,61215.8521231195,38664.4154507982,24280.1802073403,21087.3263910024,260400
71134.8356761985,61170.137084131,38625.7650795999,24251.0912255791,21060.1295189822,260500
71092.6557413097,61124.4471787292,38585.1005614287,24222.3936908062,21032.9646252888,260600
71050.019555938,61078.7111503369,38545.0297650592,24194.23828642,21005.8316790469,260700
71004.267979229,61032.7528691407,38507.9271357531,24166.1120556754,20978.7306493955,260800
70958.535441726,60986.8202090546,38470.8547237217,24138.0149756473,20951.6615054869,260900
70912.8219525864,60940.9131711544,38433.8125147942,24109.9470234114,20924.6242164878,261000
70867.1275209293,60895.0317564807,38396.8004947829,24081.9081760449,20897.6187515783,261100
70821.4521558345,60849.1759660385,38361.1503409146,24053.8984106261,20870.6450799529,261200
70775.7958663432,60803.3458007975,38325.7682494943,24025.9177042346,20843.7031708199,261300
70730.158661458,60756.5453901616,38290.4132052311,23997.9660339515,20816.7929934015,261400
70684.5405501428,60709.0888505857,38255.3815437838,23970.0433768594,20789.9145169343,261500
70638.7757685809,60661.6605145548,38220.981813997,23942.1497100422,20763.5572317986,261600
70592.9651468547,60614.260380667,38186.3449403338,23914.2850105854,20737.4065620264,261700
70547.160327521,60566.8884474851,38150.2294702145,23886.449255576,20711.2858048497,261800
70501.3749432911,60519.5447135373,38114.1426787363,23858.6424221029,20685.1949325175,261900
70455.6090027553,60475.0804688893,38078.0845533825,23830.8644872563,20659.1339172895,262000
70409.8625144657,60432.4336892624,38042.0550816186,23803.1154281285,20633.1027314357,262100
70364.1354869359,60389.8082071775,38006.054250893,23775.3952218133,20607.1013472371,262200
70318.4279286416,60347.2040266968,37970.0820486369,23747.7656250253,20581.1297369849,262300
70276.5763632762,60303.2801745765,37934.138462264,23720.4509402346,20555.1878729814,262400
70234.8081648167,60258.0953353034,37898.2234791712,23693.1642594726,20529.2757275392,262500
70193.0546211159,60212.6906887876,37862.3370867381,23665.9055610033,20503.393272982,262600
70151.3157433079,60167.3115316144,37826.4792723274,23638.6748230918,20477.5404816441,262700
70109.5915424913,60121.6205060489,37792.9899102953,23612.0886534923,20451.7173258709,262800
70064.9929268388,60075.3856128529,37759.746277186,23587.0662461191,20425.9237780182,262900
70018.7315937417,60029.1775920358,37725.6053422537,23562.0669742778,20400.1598104533,263000
69972.2091543041,59982.9964428898,37691.4899851845,23537.0908232061,20374.425395554,263100
69925.707526836,59936.8421646731,37656.7473272451,23509.6372189959,20348.7205057093,263200
69879.2267186032,59890.7147566099,37621.5252118724,23479.7677765265,20323.0451133192,263300
69831.4925765553,59844.6142178912,37587.282744727,23449.9329314821,20297.3991907948,263400
69783.2133995956,59798.5405476738,37553.4016541515,23420.1326509934,20271.7827105582,263500
69734.9575605038,59752.4937450814,37519.5457001523,23392.3873256287,20246.1956450428,263600
69686.7250646466,59706.473809204,37485.3176909881,23364.8912744101,20220.6379666931,263700
69638.5159173525,59660.4807390983,37449.0123418915,23337.4242168191,20195.1096479648,263800
69594.0991977574,59614.5145337877,37412.6711782343,23309.9861291342,20169.6106613249,263900
69550.096017121,59568.5751922623,37376.3202085879,23282.5769876375,20144.1409792516,264000
69506.1106899466,59522.6627134792,37339.2562553298,23255.1967686149,20118.7005742347,264100
69462.1432251024,59476.7770963621,37303.9578738769,23227.8454483561,20093.289418775,264200
69416.6375308503,59439.126142828,37268.5481589613,23200.5230031544,20068.0151930206,264300
69370.6039520352,59402.0415077554,37231.3827820865,23173.2294093072,20042.8024773939,264400
69324.5909874425,59358.4827992183,37194.2491472267,23145.9646431157,20017.6185849893,264500
69278.5986440458,59315.3128191008,37157.1472373598,23118.728680885,19991.9167391514,264600
69232.6269287817,59275.7864447049,37120.0770354505,23091.7002699033,19965.618102856,264700
69186.6758485501,59236.2780541912,37083.0385244503,23064.7222036556,19939.35124181,264800
69140.7454102141,59195.8776558425,37046.0316872979,23037.7723726045,19913.1161237838,264900
69094.8356206003,59155.2625006557,37009.9065468424,23010.8507539133,19889.1595350033,265000
69048.9464864984,59114.6668115542,36974.2548640776,22983.9573247482,19865.9557915438,265100
69003.0780146619,59074.0905930576,36938.6323114096,22957.0920622788,19841.6819421524,265200
68960.6666464202,59033.5338496537,36903.0388747828,22929.5258554226,19816.5635992783,265300
68919.059464101,58992.9965857989,36867.4745401266,22900.1233078208,19791.4742463425,265400
68877.4676098683,58952.4788059178,36832.5617058723,22870.7552340167,19766.4138558726,265500
68835.8910936344,58911.9805144038,36798.0593344718,22841.4216005309,19741.3824004087,265600
68794.2469046782,58871.5017156189,36763.5840728652,22812.1223739002,19716.3798525025,265700
68752.5194145597,58831.0424138937,36729.1359093387,22782.8575206777,19691.4061847181,265800
68710.4702777128,58790.6026135274,36694.7148321627,22753.6270074328,19666.4613696316,265900
68663.6034222809,58750.1823187883,36660.3208295917,22724.4308007511,19641.5453798314,266000
68616.7588595101,58709.7815339133,36625.9538898642,22695.2688672347,19616.6581879181,266100
68569.9365946813,58669.4002631085,36591.701510599,22666.141173502,19591.7997665043,266200
68523.1366330391,58626.4401948443,36558.0267290743,22637.0476861878,19566.9700882153,266300
68476.2263279033,58583.42552603,36524.3777917155,22607.9883719435,19542.1691256883,266400
68429.3021628027,58540.4341858239,36490.7546880751,22578.9631974368,19517.396851573,266500
68382.4005285761,58497.4661753778,36457.022662474,22549.9721293522,19492.6532385316,266600
68335.5214301953,58454.5214958121,36422.8671834501,22521.0796063483,19467.9382592386,266700
68288.6648725965,58411.6001482162,36388.7386137684,22492.2805595384,19443.2518863809,266800
68241.83086068,58368.7021336483,36354.6369415882,22465.7127772297,19418.5940926579,266900
68195.0574756566,58325.8274531354,36320.002383585,22439.812908406,19393.9648507816,267000
68150.3434572679,58282.9761076737,36284.7360166436,22413.9769788662,19369.3641334765,267100
68105.6492105994,58239.7930316566,36248.9489400036,22388.1676633449,19344.7919134795,267200
68060.9747423491,58196.6071040883,36214.344390064,22362.3849407592,19320.2878678079,267300
68016.3200591804,58153.4450609689,36180.0829743177,22336.6287900284,19295.8179813291,267400
67971.6851677221,58110.3069027431,36145.8489295714,22310.8991900742,19271.3763919031,267500
67927.070074568,58067.1926298248,36111.6422432493,22285.196119821,19246.9630725305,267600
67882.4747862778,58024.1022425974,36077.4629027611,22259.5195581954,19222.5779962244,267700
67837.8993093762,57981.0357414136,36043.3108955019,22233.5329863161,19198.2211360104,267800
67793.343650354,57937.9931265957,36009.1862088526,22205.7779212841,19173.8924649264,267900
67748.8078156671,57894.9743984354,35975.0888301798,22178.0544192394,19149.5919560233,268000
67704.2918117373,57851.9795571942,35941.0187468357,22150.3624507867,19125.319582364,268100
67659.7956449524,57809.0086031033,35906.9759461585,22122.701986543,19101.0753170245,268200
67615.3193216656,57766.0615363635,35872.960415472,22095.0729971379,19076.8591330931,268300
67570.8628481962,57723.1383571456,35838.9721420863,22067.4754532131,19052.671003671,268400
67526.4262308294,57680.2390655903,35805.0111132972,22039.9093254231,19028.5109018719,268500
67482.0094758163,57637.3636618082,35771.0773163865,22012.3745844347,19004.3788008224,268600
67437.6125893744,57594.5121458799,35737.6240013206,21984.8712009273,18980.2746736618,268700
67393.2355776868,57551.6845178563,35705.019318391,21957.3991455928,18956.1984935421,268800
67348.8784469033,57508.8807777581,35671.4179982293,21929.9583891359,18932.1502336283,268900
67304.5412031396,57466.1009255767,35637.8434628893,21902.5521654467,18908.1235901776,269000
67260.223852478,57423.3449612734,35604.2956999302,21876.075766179,18883.7897878327,269100
67215.926400967,57380.6128847802,35570.7746968976,21849.482716817,18859.4846975138,269200
67171.6488546215,57337.9046959992,35536.4298893452,21822.0175285035,18835.2082909064,269300
67127.3912194231,57295.2203948032,35500.9772845956,21796.1847703717,18810.9605397109,269400
67085.0177100907,57252.5599810357,35465.5551631072,21770.3866206367,18786.741415643,269500
67044.6450250964,57209.9234545105,35430.1635078412,21744.1281593019,18762.550890433,269600
67004.2874291385,57167.3108150123,35394.8023017483,21717.8896218418,18738.3889358264,269700
66963.944931053,57124.7220622966,35360.2680301123,21691.8772218221,18714.255523584,269800
66923.6175396444,57082.1571960896,35326.055835178,21665.8930108187,18689.8043012541,269900
66883.3052636857,57039.6162160885,35292.8186298935,21639.9369643805,18665.2755235644,270000
66843.0081119187,56997.0991219614,35259.6078624788,21614.0090580635,18640.7763815657,270100
66802.7260930537,56954.6059133475,35226.4235207352,21588.3569558171,18616.3068449649,270200
66762.45921577,56912.1365898569,35193.2655924503,21563.6774808015,18591.866883487,270300
66722.2074887156,56869.6911510711,35160.1340653984,21539.0232801985,18567.4564668753,270400
66681.8867045762,56827.2695965427,35126.6516907944,21514.3943340122,18543.075564891,270500
66634.5932160822,56784.8719257955,35092.6430709618,21489.7906222493,18518.7241473134,270600
66586.5051296827,56742.4981383248,35058.662600492,21465.2121249194,18494.40218394,270700
66539.5187018422,56700.1482335973,35024.7102649163,21440.3239478763,18470.1096445865,270800
66499.0031733508,56662.1305870099,34990.7860497545,21415.0797961804,18445.8464990869,270900
66458.5032673233,56625.0381504854,34956.8899405149,21389.8624546102,18421.6127172931,271000
66418.018991946,56582.9655688427,34923.339768515,21364.6719006074,18397.4082690757,271100
66377.4148989194,56540.9166199808,34890.4818160405,21339.5081116192,18373.2331243231,271200
66333.825649827,56498.8913033519,34857.6500427115,21313.8045666204,18349.0872529423,271300
66290.2560275821,56456.8644536865,34824.7430402076,21287.7737025203,18324.9706248586,271400
66246.7060377486,56414.0446478267,34789.4132532824,21261.7717442407,18300.8832100155,271500
66203.1756858586,56371.2496776009,34754.1147311477,21235.7986656526,18276.8249783749,271600
66159.6649774123,56328.4795413924,34720.3255185966,21209.854440637,18252.7958999173,271700
66116.1739178777,56285.7342375565,34685.6431723842,21183.9390430851,18228.7959446413,271800
66072.7025126913,56243.0137644207,34651.4173710498,21158.0524468982,18204.8250825641,271900
66029.2507672574,56200.318120285,34617.553923496,21132.1946259875,18180.8832837213,272000
65985.8186869489,56157.6473034213,34583.7189332776,21106.3655542748,18156.9705181671,272100
65942.4062771067,56115.0013120742,34549.9123850792,21080.5652056918,18133.086755974,272200
65899.0135430404,56072.3801444607,34516.1342635755,21054.7935541805,18109.2319672333,272300
65855.6404900279,56029.7837987701,34482.3845534305,21029.0505736932,18085.4061220545,272400
65812.8092290814,55987.2122731645,34448.6632392984,21003.3362381925,18061.609190566,272500
65773.1215565682,55944.6655657785,34414.9703058231,20977.6505216513,18037.8411429146,272600
65733.4489716121,55901.8759906989,34381.3336041572,20951.993398053,18014.1019492657,272700
65693.7914822693,55858.8624469488,34348.9594466058,20926.3648413914,17990.3915798035,272800
65654.1490965661,55817.7069059365,34315.9879138487,20900.7648256705,17966.7100047307,272900
65614.5218224991,55775.9795812613,34282.5193448652,20875.193324905,17943.0571942687,273000
65574.9096680352,55735.0547792599,34249.0788690932,20849.6503131201,17919.4331186577,273100
65535.3126411116,55694.1525393704,34215.6664713696,20824.1357643514,17895.8377481565,273200
65495.7307496359,55653.2728614588,34182.2821365213,20798.6496526452,17872.2710530428,273300
65456.1640014862,55612.4157453639,34148.9258493655,20773.1919520584,17848.7330036128,273400
65416.612404511,55571.5811908976,34115.5975947094,20747.7626366584,17825.2235701818,273500
65376.9131363946,55530.7691978452,34082.2973573505,20722.3616805233,17801.7427230837,273600
65337.112660794,55490.565330717,34049.0251220768,20696.9890577422,17778.2904326712,273700
65297.3277243999,55452.4465860978,34015.7808736664,20671.6447424144,17754.866669316,273800
65257.5583346973,55415.3325532066,33982.5645968879,20646.3287086503,17731.4714034087,273900
65217.8044991417,55378.5610188562,33949.3762765003,20621.0409305712,17708.1046053585,274000
65178.0662251595,55339.1064413336,33916.2158972532,20595.7813823088,17684.7662455937,274100
65138.3435201477,55299.3230773489,33883.4910284285,20570.5500380061,17661.4562945617,274200
65094.9320862758,55259.7144005744,33850.5678174504,20545.3468718166,17638.1747227285,274300
65058.1684284277,55220.1267611325,33817.1811277027,20520.171857905,17614.9215005793,274400
65020.178147033,55180.560159807,33783.9670991603,20495.0249704469,17591.6965986182,274500
64980.9519240355,55140.8042713001,33750.8090796849,20469.9061836287,17568.4999873683,274600
64941.7407591529,55100.8910996788,33717.6791424516,20444.9121963878,17545.3316373719,274700
64902.5446599545,55060.9995281101,33684.5772719094,20420.1126932524,17522.1915191901,274800
64863.3126957421,55021.1295568221,33651.5034524985,20395.3405713464,17499.0796034032,274900
64823.8797953331,54980.6346911616,33618.4576686501,20370.595805971,17475.9958606105,275000
64784.4623060392,54939.2828294768,33585.4399047866,20345.878372437,17452.9402614305,275100
64745.0602351273,54897.9548212186,33552.4501453214,20321.1882460652,17429.9127765009,275200
64705.6735898362,54856.6506646189,33519.4883746593,20296.5254021862,17406.9133764783,275300
64664.9334222284,54815.3703578841,33485.9182543595,20271.8898161408,17383.9420320386,275400
64623.2622199579,54774.1138991946,33452.5035912308,20247.2814632793,17361.0629474713,275500
64581.6093674478,54732.8812867055,33419.3417211937,20222.7003189623,17338.8091784891,275600
64539.9748700065,54691.6725185463,33386.7296711785,20198.1463585603,17318.090026003,275700
64498.3587329129,54650.4875928208,33356.1575844267,20173.6195574539,17297.3933710047,275800
64456.7609614169,54609.3265076075,33324.9836178966,20149.1198910336,17276.7191936614,275900
64415.1815607389,54568.1892609595,33292.794657787,20124.6473347001,17256.0674741476,276000
64373.6205360705,54527.0758509046,33260.6324631752,20100.2018638644,17235.4457462346,276100
64331.9240858496,54492.4929436295,33228.4970197263,20075.7834539473,17214.0693670477,276200
64290.2272066464,54458.1438864519,33196.5982067339,20050.9888320818,17191.0743851135,276300
64248.5489380365,54423.8094034578,33165.0901329742,20025.833905517,17168.1078732995,276400
64206.8892849543,54389.1065139169,33133.6076376691,20000.7079204032,17145.169801204,276500
64165.0396727161,54350.3469725633,33102.1507078901,19975.6108488894,17122.2601384464,276600
64123.2036761726,54311.6080050345,33070.719330699,19950.5426631388,17099.3788546672,276700
64081.3866069292,54272.8896118469,33039.3134931471,19925.5033353293,17076.5259195284,276800
64035.6765871676,54234.1917934921,33007.933182276,19900.4928376531,17053.7013027129,276900
63989.2612636698,54195.1974661981,32976.2216050048,19875.5111423171,17030.9049739251,277000
63942.8712697464,54155.836342261,32944.136000344,19850.5582215425,17008.1369028906,277100
63896.5066051041,54116.4967615569,32912.0773294384,19825.7691667395,16985.3970593561,277200
63850.1672694204,54077.1787237542,32880.0455775114,19801.313481083,16962.6854130899,277300
63803.8532623436,54037.8822284971,32848.040729778,19776.8853917024,16940.0019338812,277400
63757.564583493,53998.6072754046,32816.0627714447,19752.4848727513,16917.346591541,277500
63711.3012324587,53959.3538640715,32784.1116877096,19728.1118983956,16894.7193559013,277600
63665.0632088018,53920.1219940678,32752.1874637626,19703.7664428132,16872.1201968155,277700
63618.8505120547,53880.911664939,32720.290084785,19679.4964109032,16849.5490841584,277800
63572.6631417206,53841.7228762062,32688.4195359502,19655.361980178,16827.4172919159,277900
63526.5010972743,53802.555627366,32656.5758024231,19631.2546100439,16805.5929716642,278000
63480.3643781616,53763.4099178909,32624.7588693608,19607.2403621935,16783.7947864281,278100
63434.2529837997,53724.2857472286,32592.968721912,19583.9964507547,16762.0227095008,278200
63388.1669135773,53685.183114803,32561.2053452175,19560.7775717251,16740.2767141926,278300
63342.0704572997,53646.1020200137,32529.46872441,19537.5837032251,16718.5567738303,278400
63295.991042173,53607.0424622361,32497.7588446142,19514.4148233831,16696.8628617576,278500
63249.9370070389,53568.0044408214,32466.0756909472,19491.2709103353,16675.1949513351,278600
63203.9083511322,53528.693355827,32434.4192485179,19468.1519422258,16653.55301594,278700
63157.9050736594,53488.5170311157,32402.7895024276,19444.3781520938,16631.9370289668,278800
63111.9271737986,53448.3639884791,32370.2067711552,19420.4195138333,16610.3469638264,278900
63067.162429504,53408.2342256881,32337.5176558604,19396.4879029189,16588.7827939469,279000
63027.8338396273,53368.1277404901,32304.8574532536,19372.5832939796,16567.2444927732,279100
62988.5216945416,53328.0159025051,32272.2261453869,19348.7056616565,16545.7320337672,279200
62949.2259998607,53287.5829358625,32240.6231484447,19324.8549806033,16524.2453904077,279300
62909.9467611711,53247.1738080326,32210.3753222402,19301.031225486,16502.7845361904,279400
62870.6839840328,53206.7885161624,32180.1517854758,19277.234370983,16481.3494446281,279500
62831.4376739789,53165.1525020809,32149.9525259835,19253.4643917851,16459.9400892505,279600
62792.172042562,53123.0144879686,32119.455742929,19229.7212625958,16438.5564436043,279700
62752.7904620783,53080.90309543,32088.2335167876,19206.0049581307,16417.1984812535,279800
62713.4255982109,53038.8183189552,32057.0375491261,19182.3154531183,16395.8661757787,279900
62674.0774562082,52996.7601530118,32025.8678252981,19158.6527222994,16374.5595007779,280000
62634.7460412922,52954.7285920447,31994.7243306499,19135.0167404275,16353.2784298659,280100
62595.4313586582,52912.7236304767,31963.6070505202,19111.4074822686,16332.022936675,280200
62556.1334134751,52870.745262708,31932.5159702405,19087.3353606932,16310.7929948542,280300
62516.8522108854,52830.2547357103,31901.4510751349,19063.1370909591,16289.5885780698,280400
62477.5877560052,52792.6133562508,31870.6481908717,19038.9670797582,16268.4098407218,280500
62438.3400539242,52754.9921020154,31840.9122024262,19014.8252991243,16247.2887012038,280600
62399.109109706,52717.3909729808,31812.2600333277,18990.7117211077,16226.192922284,280700
62359.8949283879,52679.8099691011,31783.6296181512,18966.6263177748,16205.122477855,280800
62320.6975149809,52642.2490903071,31754.0308100633,18942.5690612084,16184.0773418262,280900
62281.51687447,52604.7083365071,31721.7743633478,18918.5399235077,16163.0574881242,281000
62240.5887443932,52567.1877075864,31689.2839844495,18894.5388767881,16142.0628906925,281100
62196.0051912694,52527.832742096,31658.1146457885,18870.884094724,16121.0935234917,281200
62151.4457416811,52488.3462458505,31627.3508712271,18847.4927045954,16100.1493604993,281300
62106.910395172,52448.8828151698,31596.6130002371,18824.1279326376,16079.23037571,281400
62062.3991512587,52409.4424473735,31565.9010182398,18800.7897534369,16058.3365431356,281500
62017.9120094314,52370.0251397585,31535.2149106494,18777.4781415934,16037.4678368047,281600
61973.4489691537,52330.6308895997,31504.5546628732,18754.1930717203,16016.6242307633,281700
61929.0100298624,52291.2596941497,31474.9672996943,18730.9345184442,15995.8056990744,281800
61884.595190968,52251.9115506388,31445.7245302936,18707.7024564053,15975.0122158182,281900
61840.2044518545,52212.5864562753,31416.5050587459,18684.496860257,15954.2437550918,282000
61795.8378118795,52173.6281902642,31387.0561471755,18661.3177046665,15933.5654593282,282100
61751.4952703741,52136.3069528676,31356.0388279945,18638.1649643141,15912.9205895005,282200
61707.1768266435,52099.0058704817,31325.0482290828,18615.038613894,15892.3004789969,282300
61662.8824799664,52061.7249426816,31294.1084986725,18591.9386281137,15871.7051023068,282400
61618.6122295953,52024.4641690199,31263.4129480237,18568.8649816943,15851.1344339361,282500
61574.3660747568,51987.2235490274,31232.7435996054,18545.8176493705,15830.5884484076,282600
61530.1440146513,51950.0030822128,31202.1004381476,18522.7966058906,15810.067120261,282700
61485.9117203163,51912.8027680627,31171.483448374,18499.8176211393,15789.5704240528,282800
61441.6037679768,51875.2004131653,31141.771721593,18476.9308483788,15769.0983343563,282900
61397.320081636,51837.5300575472,31112.2672862748,18454.0700839167,15748.6508257616,283000
61353.0606602716,51799.8806291367,31082.7869991388,18430.6404378021,15728.2278728758,283100
61308.8255028359,51762.2521266373,31052.8608713395,18406.8845401706,15707.8294503227,283200
61264.6146082552,51724.6445487309,31022.2054963054,18383.1569771824,15687.4555327433,283300
61220.4279754303,51685.912789675,30991.5765360564,18359.4577198239,15667.1060947952,283400
61176.6219439284,51644.5302083799,30960.973974837,18335.9158086547,15646.781111153,283500
61137.9847600775,51603.1743793859,30930.3977968866,18312.4054163672,15627.5350653525,283600
61099.3643864678,51561.8452960201,30899.8479864393,18289.8273748524,15608.4775447426,283700
61060.7608274258,51520.5429515894,30869.3245277242,18268.3754799054,15589.4413331276,283800
61022.174087253,51479.2673393805,30838.8274049653,18246.9465109658,15570.4264105954,283900
60983.6041702263,51438.01845266,30808.3566023813,18225.6150677636,15551.4327572439,284000
60945.0510805977,51396.7962846744,30777.9121041863,18204.3111270245,15532.4603531808,284100
60906.5148225947,51355.6008286504,30748.5517965647,18181.7605282181,15513.5091785239,284200
60867.9954004203,51314.2769098482,30719.2674183457,18159.2356157943,15494.5792134009,284300
60829.4928182526,51276.0130592662,30690.0071403141,18136.7363650841,15475.6704379498,284400
60791.0070802454,51237.7714426736,30660.7709494042,18114.2627514322,15456.7828323183,284500
60752.538190528,51199.5520573332,30631.5588325439,18091.8147501967,15437.9163766644,284600
60714.0861532051,51161.3549004872,30601.8147105374,18069.3923367491,15419.071051156,284700
60675.3118131847,51123.1799693566,30571.6692030321,18046.9954864747,15400.2468359713,284800
60636.5037442474,51085.0272611421,30541.5496346627,18024.6241747722,15381.4437112985,284900
60597.7131142525,51046.8967730235,30511.4559899201,18002.2783770542,15361.3775749494,285000
60558.9399267151,51008.7885021603,30481.3882532906,17979.9580687465,15341.2881975912,285100
60520.1841851258,50970.2599913432,30450.7081502933,17957.6632252888,15321.2232078844,285200
60481.4458929515,50928.5820844844,30419.4593895049,17935.3938221343,15301.1825801859,285300
60442.7250536349,50886.932041538,30388.2389803222,17913.1498347502,15281.1662888707,285400
60404.0216705945,50845.3098542663,30357.046903892,17890.9927539856,15261.1743083318,285500
60365.335747225,50803.7155144132,30325.8831413594,17868.8647059378,15241.2066129799,285600
60319.434434366,50765.6987825468,30294.7476738676,17846.7618415805,15221.2631772443,285700
60271.5852293486,50733.7649197214,30263.6581639095,17824.6841367009,15201.3439755717,285800
60223.7666907177,50701.84500509,30233.8178882628,17802.6315670997,15181.4489824273,285900
60175.9788108814,50669.9390419372,30204.2506269018,17780.6041085907,15161.5781722942,286000
60128.2215822251,50633.5810804776,30174.7086112832,17758.6017370016,15141.7315196735,286100
60086.6079958673,50596.7780482457,30145.1918264724,17736.6244281733,15121.9089990845,286200
60047.5959761339,50559.7103060474,30115.7002575302,17714.6721579603,15102.1105850644,286300
60008.6019653139,50522.1112735539,30086.2338895124,17692.6463373171,15082.3362521688,286400
59969.625966331,50484.5340558172,30056.8879579421,17670.6002959359,15062.585974971,286500
59930.6679820852,50446.9786500502,30026.9564081035,17648.5795772797,15042.8597280628,286600
59891.7280154528,50409.4450534458,29997.0510211419,17626.584156647,15023.1574860538,286700
59852.8060692865,50371.9332631769,29967.1717808067,17604.6140093503,15003.479223572,286800
59813.902146415,50334.4432763967,29937.3186708437,17582.6691107166,14983.8249152635,286900
59775.0162496437,50296.5515155532,29907.4916749953,17560.8116254284,14964.1945357923,287000
59736.1483817544,50257.3373700985,29877.6907770002,17539.0355681237,14944.5880598408,287100
59697.2985455053,50220.3653000154,29847.9159605938,17517.2843901741,14925.0054621095,287200
59658.4667436312,50184.6488264281,29818.275734587,17495.5580674739,14905.4467173172,287300
59619.6529788432,50148.3324973157,29788.9436195819,17473.8565759314,14885.9118002008,287400
59580.8572538295,50111.3553155348,29759.6367558695,17452.1798914686,14866.4006855152,287500
59542.0795712545,50074.3993456931,29730.3551282029,17430.5279900216,14846.9133480338,287600
59503.1236527376,50038.0768607294,29701.0987213306,17408.9253035722,14827.4497625481,287700
59464.1763237232,50002.510430017,29671.8675199973,17387.743281712,14808.0099038678,287800
59425.2473205294,49966.9632469433,29642.6615089435,17366.5849374705,14788.593746821,287900
59386.3366455253,49931.4353105923,29613.4806729057,17345.4502485926,14769.2012662538,288000
59347.4443010568,49895.9266200283,29584.3249966165,17324.3391928343,14749.8324370307,288100
59308.5702894469,49860.437174296,29555.1944648042,17303.2979312432,14730.4872340345,288200
59269.7146129953,49824.9669724206,29526.0890621935,17282.3815579697,14711.165632166,288300
59230.8772739788,49789.516013408,29497.0203553061,17261.2378100442,14691.8676063447,288400
59192.0582746513,49754.0842962445,29468.3286616148,17239.8433226151,14672.5931315081,288500
59153.2576172436,49718.6718198968,29439.6613416203,17218.0856225391,14653.3553951439,288600
59114.2808312198,49683.2785833126,29411.0183809403,17196.3533174414,14634.1463608985,288700
59075.281539284,49647.5911882491,29382.399765188,17174.7414116055,14614.960754826,288800
59036.3009465467,49610.7194517424,29353.8054799722,17153.1772568768,14595.7985520233,288900
58997.3390548398,49571.3613774651,29325.2355108974,17131.6381250504,14576.6597276056,289000
58956.1404924489,49532.0286330023,29296.6898435636,17110.1239912814,14557.5442567062,289100
58910.2425346157,49492.7212117152,29268.1684635665,17088.6348307405,14538.4521144767,289200
58864.6864446288,49453.4391069467,29239.6713564976,17067.1706186137,14519.3832760871,289300
58827.4843277621,49414.1823120223,29211.1985079441,17045.7313301023,14500.3377167253,289400
58790.2987043453,49375.5528364937,29182.749903489,17024.3169404234,14481.3154115978,289500
58753.1295776735,49339.0088300936,29154.3255287112,17002.9274248091,14462.3163359291,289600
58715.9769510195,49302.4859961811,29125.9253691854,16981.5839583626,14443.340464962,289700
58678.7791234234,49265.9843318385,29097.549410482,16960.2747407864,14424.3877739577,289800
58641.5074683714,49229.5038341297,29069.1976381677,16938.9902461354,14405.4582381955,289900
58604.2525299817,49193.0445001,29040.870037805,16917.7304498378,14386.5518329732,290000
58563.8019374488,49156.6063267762,29012.5665949523,16896.4953273373,14367.6685336067,290100
58522.6371689104,49120.1893111666,28984.2872951642,16875.284854093,14348.8083154302,290200
58481.4944066426,49083.793450261,28956.0321239913,16854.0990055794,14329.9711537965,290300
58440.373649701,49047.4187410311,28927.8010669803,16832.9377572862,14311.1570240762,290400
58399.2748971189,49011.0651804298,28899.5941096742,16811.8618963398,14292.3659016587,290500
58358.1981479075,48974.7327653922,28871.411237612,16790.8816369118,14273.5977619514,290600
58317.0775181859,48938.4214928346,28843.2524363289,16769.949943828,14254.8525803804,290700
58275.9776401008,48902.1313596556,28815.1176913565,16749.0905401503,14236.1303323896,290800
58234.899848808,48865.8623627353,28787.2027302593,16728.3080213753,14217.4309934418,290900
58193.8441431708,48829.6144989358,28759.3682650416,16707.5493155865,14198.7545390178,291000
58155.2606801775,48793.3877651011,28731.3715723247,16686.8143994916,14180.1009446169,291100
58117.4161787263,48757.1821580572,28702.7569767847,16666.1032498122,14161.4701857567,291200
58079.5894554308,48720.997674612,28674.1675214739,16645.4158432841,14142.8622379733,291300
58041.7805123372,48684.8343115556,28645.6031903634,16624.752156657,14124.277076821,291400
58003.9893514697,48648.6920656599,28617.0639674217,16604.1121666948,14105.7146778726,291500
57966.2159748315,48612.5709336793,28588.5498366157,16583.4958501755,14087.1750167192,291600
57928.4603844036,48576.47091235,28560.2791636508,16562.9031838911,14068.6580689706,291700
57890.722582146,48540.3919983909,28532.8730313346,16542.3341446478,14050.1638102545,291800
57853.0025699969,48504.3341885026,28505.4898519166,16520.8420607407,14031.6922162174,291900
57815.3003498733,48468.2974793684,28478.1296120848,16499.76805496,14013.2432625241,292000
57777.6159236708,48432.2818676537,28450.7922985231,16479.0219221787,13994.9361672817,292100
57739.9492932634,48396.2873500065,28423.4778979112,16458.4013825559,13976.904674851,292200
57702.3004605041,48360.3139230571,28395.1197475883,16437.8251656064,13958.8947804152,292300
57664.6694272245,48324.3615834183,28365.84540911,16417.2727515679,13940.9064614757,292400
57627.0561952349,48288.4303276853,28338.2524436324,16396.7441167992,13922.9396955499,292500
57589.4607663247,48252.5201524361,28311.0416254921,16376.2392376744,13904.9944601713,292600
57551.8831422618,48216.631054231,28282.5616255636,16355.7580905825,13887.0707328892,292700
57514.3233247931,48180.7630296132,28254.1071369656,16335.3006519272,13869.1684912689,292800
57476.5975461667,48144.9160751084,28225.3542694281,16314.8668981275,13851.2877128918,292900
57438.8345343545,48109.3713240136,28197.4684932836,16294.4568056174,13833.4283753553,293000
57401.0896685955,48074.1805433727,28168.865806164,16274.0703508456,13815.5904562725,293100
57363.3629502846,48038.8371320293,28140.2227506278,16253.7075102761,13797.7739332729,293200
57325.6543807957,48003.4784636981,28111.2717422619,16233.3682603879,13779.9787840018,293300
57287.963961482,47968.1402480929,28083.0620111356,16213.0525776749,13762.2049861205,293400
57247.9808017205,47932.8224821625,28054.8773367231,16192.7604386463,13744.4525173066,293500
57205.7614854427,47897.5251628389,28026.7177026254,16172.491819826,13726.7213552533,293600
57163.5666950544,47862.2482870367,27998.5830924429,16152.2466977534,13709.0114776702,293700
57121.3964267333,47826.9918516536,27970.4734897743,16132.0250489827,13691.3337076371,293800
57079.2506766373,47791.7558535703,27942.3888782175,16111.8268500832,13673.7392961623,293900
57037.1294409035,47756.5402896503,27914.4342040283,16091.6520776396,13656.1659177236,294000
56995.0327156493,47721.3451567403,27886.8973628122,16071.5007082515,13638.6135504201,294100
56952.9604969718,47686.1704516703,27858.666928629,16051.3727185336,13621.0821723667,294200
56910.9127809479,47651.016171253,27830.2996445615,16031.2680851157,13603.5717616938,294300
56868.8895636345,47615.8823122846,27801.9580667962,16011.2373847981,13586.0822965474,294400
56826.7396571745,47580.7688715444,27773.6456785955,15991.234161755,13569.1435368319,294500
56784.5726385465,47545.675845795,27745.7870442502,15971.2540886155,13552.6366363299,294600
56742.4303722227,47510.6032317822,27718.5315010826,15951.2971423059,13536.1482606889,294700
56700.3128539726,47475.5510262354,27691.8654472758,15931.3632997675,13519.6783922159,294800
56658.2200795457,47440.519225867,27665.2218789065,15911.4525379563,13503.2270132282,294900
56616.1520446717,47405.5078273731,27638.6007825962,15891.5648338434,13486.7941060534,295000
56574.1087450609,47370.5168274332,27612.002144963,15871.7001644148,13470.3796530292,295100
56532.0901764037,47335.5246015591,27585.4259526221,15851.8585066713,13453.9836365035,295200
56490.0963343709,47300.318611933,27558.3185491031,15832.0398376288,13437.6060388348,295300
56448.1272146138,47265.1334150794,27531.0917970308,15812.244134318,13421.2468423915,295400
56406.1828127643,47229.9690072204,27502.9332130811,15792.4713737848,13404.9060295524,295500
56364.2631244347,47194.825384562,27474.748501939,15772.7215330898,13388.5835827066,295600
56322.368145218,47159.7025432937,27446.5895736992,15752.9945893088,13372.2794842537,295700
56280.4978706877,47124.6004795892,27418.4564104174,15733.333618386,13355.9937166032,295800
56238.6522963981,47089.5191896059,27390.3198265846,15713.9640112866,13339.7262621753,295900
56196.8314178842,47054.4586694853,27362.1743620452,15694.6164588412,13323.4771034003,296000
56155.0352306618,47019.4189153527,27334.4306331224,15675.2909395195,13307.2462227191,296100
56113.2637302274,46984.3999233178,27306.5886567461,15655.9874318044,13291.0336025826,296200
56071.5169120586,46949.4016894739,27278.6273686329,15636.7059141919,13274.8392254524,296300
56029.7947716138,46914.4242098989,27250.6916396591,15616.912296007,13258.6630738002,296400
55988.0973043322,46878.4346950777,27222.7814520383,15596.8713833515,13242.5051301084,296500
55946.4245056343,46840.4409839843,27194.896787985,15576.8544184662,13226.3653768695,296600
55904.7763709215,46802.4727736514,27167.0149019406,15556.8613763569,13210.2437965866,296700
55863.1528955764,46764.5300555758,27138.5262876407,15537.0878411798,13194.1403717731,296800
55821.5540749626,46726.6128212404,27110.9144191077,15517.5455173372,13178.0550849529,296900
55779.9799044249,46688.721062114,27083.5279468173,15498.0260168671,13161.9879186603,297000
55743.0237641422,46650.8547696513,27056.1660947337,15478.2946199986,13145.93885544,297100
55707.4441340445,46613.0139352932,27028.7395248109,15458.4490860105,13129.9078778473,297200
55671.8809330377,46577.8566425856,27000.4177230825,15438.6272491911,13113.8949684478,297300
55636.33416289,46542.8882990544,26972.1225484148,15418.8290848138,13097.9001098178,297400
55600.8038253505,46507.9409505662,26943.9588115138,15399.0545681698,13081.1006480683,297500
55565.2899221493,46473.0145927866,26916.2666141166,15379.3036745684,13063.4327878589,297600
55529.7924549976,46438.1092213658,26889.3324879058,15359.5763793368,13045.7873198353,297700
55494.3114255876,46403.2248319387,26863.0837817215,15339.8726578203,13028.1642187155,297800
55458.8468355924,46368.3614201248,26836.990826571,15320.1924853821,13010.5634592389,297900
55423.3986866664,46333.5189815285,26811.1272953289,15300.5358374034,12992.9850161664,298000
55387.9669804451,46298.6975117387,26784.4714106774,15280.9445442289,12975.4288642805,298100
55352.5517185451,46263.8970063294,26757.8390658193,15261.449349072,12957.8949783855,298200
55317.1529025644,46230.4043527997,26731.6836399565,15242.1259058924,12940.3833333071,298300
55281.7705340819,46197.948666575,26705.60069085,15223.5208460446,12922.8939038926,298400
55246.4046146581,46165.5105880108,26679.540210956,15204.9367951375,12905.4266650109,298500
55209.031508322,46133.0901154876,26653.5021861736,15186.3737328225,12887.9815915526,298600
55169.1515876554,46100.6872473707,26627.4866024004,15167.8316387631,12870.5586584297,298700
55129.2943170767,46068.3019820098,26601.4934455322,15149.3104926354,12853.157840576,298800
55089.4596932558,46035.9343177388,26574.998321545,15130.8102741282,12835.7791129466,298900
55049.6477128441,46003.5371185778,26547.6912959382,15112.3309629426,12818.4224505185,299000
55009.8583724747,45971.0778244986,26520.4093825174,15093.6666696776,12801.0878282899,299100
54971.4375878293,45938.6363176519,26493.1525635173,15074.6517161267,12783.775221281,299200
54937.4118674183,45906.2125961363,26465.9208211744,15055.6719865878,12766.4846045332,299300
54903.4010798363,45873.8066580351,26438.7141377271,15036.8004414253,12749.2159531098,299400
54869.4052275197,45841.4185014162,26411.5324954155,15017.9508775242,12731.9692420953,299500
54835.4243128864,45809.0481243325,26384.3758764816,14999.1232726449,12714.7444465962,299600
54801.4583383362,45774.7818094223,26357.2442631696,14980.3176045625,12697.5415417402,299700
54767.5073062509,45739.9306184264,26330.1376377254,14961.5338510678,12680.3605026768,299800
54733.571218994,45705.1008961635,26303.0559823967,14942.7795620915,12663.2013045768,299900
54699.6500789112,45670.2926373923,26275.9992794337,14924.0583250273,12646.063922633,3e+05
54665.7438883299,45635.442949995,26248.9675110881,14905.3588905119,12628.9483320593,300100
54631.8526495595,45600.4896346015,26221.960659614,14886.6812364736,12611.8545080914,300200
54597.9763648916,45565.5580378425,26194.9787072674,14868.0253408556,12594.7824259865,300300
54564.1150365997,45530.6481541897,26168.0216363065,14849.3911816166,12577.7320610234,300400
54530.2686669396,45495.7599781005,26141.0894289916,14830.7787367302,12560.7033885024,300500
54496.353583734,45460.8935040182,26114.1820675852,14812.2444425233,12543.6963837453,300600
54462.359247428,45426.0487263723,26087.2995343519,14794.2865972792,12526.7110220956,300700
54428.3801149641,45391.2256395783,26060.4418115586,14776.3488928625,12509.7472789182,300800
54394.4161883453,45356.4242380377,26033.6088814745,14758.4739441206,12492.8051295996,300900
54357.9509326106,45321.6445161381,26006.8007263709,14740.634001262,12475.8845495477,301000
54319.9450848145,45286.8864682533,25980.0173285214,14722.8139983976,12458.9855141923,301100
54281.95984041,45252.1500887432,25953.2586702022,14705.0139164305,12442.1079989843,301200
54243.9951973144,45217.4353719542,25926.5247336915,14687.2337362755,12425.3574829413,301300
54206.0511534276,45182.7423122186,25899.81550127,14669.4734388589,12409.557181793,301400
54168.1277066318,45148.0709038552,25873.130955221,14651.7330051184,12394.0480368697,301500
54130.224854792,45113.4211411691,25846.47107783,14633.6615959965,12378.5644744119,301600
54092.3425957551,45078.7930184518,25820.2586422379,14615.2914829965,12363.1034152547,301700
54054.480927351,45044.1865299811,25795.2084218771,14596.9428288733,12347.6603112609,301800
54016.639847392,45009.6016700214,25770.0416772937,14578.6156117722,12332.2351442898,301900
53978.8193536731,44975.0384328235,25744.8158210727,14560.3098098537,12316.8278962128,302000
53941.0194439716,44940.4968126246,25719.6118833118,14542.0254012937,12301.3627459071,302100
53903.2061963203,44905.9768036487,25694.4298498532,14524.2018258573,12284.4283276845,302200
53865.2557327488,44871.4784001062,25669.2697065386,14506.4045295765,12267.5158847963,302300
53827.3260983675,44837.0015961942,25644.1314392094,14488.6274577655,12251.1439316444,302400
53789.4172906992,44802.5463860965,25618.3266140164,14470.8705905704,12235.4104912215,302500
53751.5293072494,44768.1127639835,25592.3584539171,14453.1339081502,12219.7239380523,302600
53713.6621455067,44733.7007240125,25566.4139726582,14435.417390677,12204.0792072243,302700
53675.8158029424,44700.7926211766,25540.4931534412,14417.7210183352,12188.4531761121,302800
53637.9902770108,44668.7761114207,25514.5959794696,14400.0447713225,12172.8458250583,302900
53600.1855651491,44636.7776719057,25488.2371849232,14382.3886298493,12157.2571344199,303000
53562.4016647778,44604.5923805707,25461.3187713703,14364.7525741387,12141.687084569,303100
53524.6385733002,44572.2065996622,25434.4260477977,14347.136584427,12126.1356558924,303200
53486.8962881027,44539.8395515516,25407.5589946839,14329.2903778302,12110.6028287917,303300
53449.1748065549,44507.4912327679,25380.7175925122,14311.3086799418,12094.4631165522,303400
53411.4741260096,44475.1616398267,25353.9018217705,14293.3479944297,12078.0120688197,303500
53374.6799034451,44442.8507692296,25327.1116629517,14275.4082998448,12061.5820909063,303600
53339.570927776,44410.5586174651,25300.3470965533,14257.4895747534,12045.1731585702,303700
53304.4792706059,44378.285181008,25273.6447139672,14239.5917977368,12028.7852475916,303800
53269.4049319445,44341.6100589363,25247.9515038313,14221.7149473918,12012.5238011355,303900
53234.3479117845,44304.9133298926,25222.0495817255,14203.8590023302,11996.8665756322,304000
53199.3082101018,44268.2422438364,25195.7382459387,14186.0239411792,11981.2284637605,304100
53164.2858268556,44231.5967905249,25169.4516629585,14168.2097425813,11965.609444833,304200
53129.2734278578,44194.9769597044,25143.1898143738,14150.4163851941,11950.0094981786,304300
53094.2466171027,44158.3827411108,25116.9526817772,14132.6438476905,11934.4286031429,304400
53059.2371794263,44121.8141244693,25090.7402467653,14114.8921087587,11918.8667390881,304500
53024.2451146755,44085.2710994946,25064.5524909389,14097.1611471024,11903.323885393,304600
52989.2704226807,44048.7536558907,25038.3893959023,14079.4509414401,11887.8000214532,304700
52954.3131032557,44014.2493968157,25012.3065772281,14061.761470506,11872.2951266806,304800
52919.3731561974,43980.4483150188,24986.3972332577,14043.8469768661,11856.8091805041,304900
52884.4505812865,43946.6684773175,24960.5120845182,14025.9061361745,11841.3421623688,305000
52849.545378287,43912.9098777362,24934.6511131821,14007.9867116081,11825.8940517369,305100
52814.6575469465,43879.1725102869,24908.8369933945,13990.0886806347,11810.4648280868,305200
52779.7870869961,43845.4563689692,24883.6498316255,13972.2120207392,11795.0544709137,305300
52744.9339981505,43812.0997882765,24859.0040761863,13954.3567094237,11779.6629597295,305400
52710.098280108,43778.953208095,24834.3800688849,13936.5227242075,11764.2902740626,305500
52675.2799325507,43745.6194930581,24809.7777951961,13918.7100426269,11748.936393458,305600
52640.478955144,43712.2584960471,24785.1972405954,13900.9186422356,11733.6012974775,305700
52605.6953475374,43678.9182673458,24760.6383905586,13883.1485006042,11718.2849656994,305800
52570.929109364,43645.5988012992,24736.1012305623,13865.3995953208,11702.9873777187,305900
52536.1802402406,43612.30009224,24710.7302601155,13847.6719039905,11687.7085131468,306000
52500.1058377418,43579.0221344887,24685.2116469662,13830.3743749234,11672.4483516121,306100
52462.8588331545,43545.7649223533,24659.7167875343,13813.2050767632,11657.2068727592,306200
52425.4385293525,43512.5284501299,24634.2456643758,13796.0556241728,11641.9840562498,306300
52387.7671597407,43479.3127121022,24608.9168653558,13778.9259971218,11626.2874642104,306400
52348.6892064023,43446.1177025418,24584.1863362975,13761.8851043224,11610.5802128495,306500
52309.6348376989,43412.9434157081,24559.4780473108,13744.9152952736,11594.8929480616,306600
52270.6040479709,43379.7898458485,24534.7919830011,13727.9649534217,11579.2256469832,306700
52231.5968315441,43346.6569871982,24509.9266161495,13711.0340593097,11563.5782867718,306800
52192.6131827288,43313.5448339805,24484.5331970479,13694.0657186188,11547.950844605,306900
52153.6530958211,43280.4533804068,24459.303179212,13677.1409116502,11532.3432976811,307000
52114.7165651016,43247.3826206763,24434.1365539672,13660.1706133711,11516.7556232188,307100
52075.8035848366,43214.3325489763,24408.9932567419,13643.2199259995,11501.1877984571,307200
52036.9141492773,43181.3031594823,24383.8732704984,13626.2888297306,11485.6398006557,307300
51998.0482526602,43148.294446358,24358.7765782026,13609.3773047736,11470.1116070946,307400
51959.2058892073,43115.3064037551,24333.7031628235,13592.4853313513,11454.640109187,307500
51920.3870531256,43082.3390258136,24309.1975485374,13574.9903891871,11439.1930710503,307600
51881.5917386079,43049.3923066616,24284.7168869195,13557.4702335344,11423.7656582301,307700
51842.819939832,43016.4662404158,24260.2583175843,13539.9712603605,11408.3578482966,307800
51804.0716509614,42983.5608211807,24235.8218251057,13522.4934469448,11392.9696188401,307900
51765.3468661451,42950.6760430496,24211.4073940597,13505.0367705848,11377.6009474711,308000
51728.0923610455,42917.8119001039,24187.015009024,13487.6012085962,11362.25181182,308100
51695.52234129,42884.9683864134,24162.6446545782,13470.1867383127,11346.9221895376,308200
51662.967413576,42852.1454960365,24138.2963153041,13452.7933370864,11331.6120582945,308300
51630.4275787454,42819.3432230198,24113.9699757855,13435.6688811823,11316.3213957816,308400
51597.902837625,42786.5615613987,24089.6656206079,13418.5748182211,11301.0501797098,308500
51565.393191026,42753.8005051969,24065.3832343591,13401.501096423,11285.7983878101,308600
51532.8677415078,42721.0600484266,24041.122801629,13384.4476944013,11270.5659978335,308700
51495.7590606217,42688.3401850889,24016.8843070094,13367.4145907857,11255.3529875513,308800
51458.5255009711,42655.6409091732,23992.6677350942,13350.4017642221,11240.1593347546,308900
51421.313473942,42623.9809495042,23968.2499888589,13333.4091933732,11224.9850172547,309000
51384.1229752449,42592.8892059414,23943.7513037732,13316.4368569181,11209.830012883,309100
51346.9540005753,42561.815698483,23919.2751569732,13299.4847335521,11194.6942994909,309200
51309.8065456143,42530.7604231893,23894.8215321562,13282.5528019872,11179.5778549497,309300
51272.6806060285,42499.7233761085,23870.3904130221,13265.6410409518,11164.4806571509,309400
51235.5761774699,42468.704553277,23845.9817832744,13248.7494291909,11149.4026840062,309500
51198.4932555762,42437.7039507194,23821.5956266191,13231.8779454656,11134.343913447,309600
51161.4318359705,42406.7215644483,23797.2319267659,13215.0265685539,11119.304323425,309700
51124.3919142617,42375.7573904647,23772.8906674274,13198.1952772499,11104.2838919116,309800
51087.3734860441,42344.8114247576,23748.5718323194,13181.3840503645,11089.2825968986,309900
51050.3765468978,42313.8836633044,23724.2754051609,13164.5928667249,11074.3004163976,310000
51013.4010923886,42282.9741020708,23700.0013696741,13147.8217051747,11059.3373284403,310100
50976.4471180681,42252.0827370106,23675.7497095845,13131.0989084235,11044.3933110781,310200
50939.5146194736,42221.2095640663,23651.5204086209,13114.4036530582,11029.4683423829,310300
50902.6035921283,42190.3545791683,23627.3134505152,13097.7282642398,11014.5624004462,310400
50865.7140315411,42159.5177782359,23603.2397991559,13081.072721044,10999.8608144024,310500
50828.8459332069,42128.6991571765,23579.4002184228,13064.4370025629,10985.5513230099,310600
50791.9992926065,42097.8987118859,23555.582283674,13047.8210879046,10971.259310959,310700
50755.1741052067,42067.1164382487,23531.7859795308,13030.9319529785,10956.9847591969,310800
50718.3703664602,42036.3523321378,23508.0112906171,13013.7662931427,10942.7276486867,310900
50681.5880718057,42005.6063894146,23484.2582015591,12996.6219044424,10928.4879604072,311000
50644.8272166681,41974.3407452855,23460.5266969859,12979.4987632549,10914.2656753532,311100
50608.0877964583,41941.8176621281,23436.8167615292,12962.3968459773,10900.060774535,311200
50571.3698065732,41909.3154624912,23413.1495445477,12945.3161290273,10885.5316218296,311300
50534.6732423961,41876.834139662,23389.6293543267,12928.2565888428,10870.8285368227,311400
50497.9980992964,41844.3736869174,23366.1303865809,12911.2182018821,10856.1441917446,311500
50461.3443726296,41811.9340975239,23342.6526263695,12894.6389765058,10841.4785650256,311600
50427.4052723862,41779.5153647377,23319.1960587537,12878.1963019205,10826.8316351157,311700
50394.0293663294,41747.1174818047,23295.7606687973,12861.7732738409,10812.2033804847,311800
50360.6703784892,41714.7404419604,23272.3464415663,12845.3698714305,10797.5937796224,311900
50327.3283078344,41682.3842384303,23248.9533621291,12828.9860738691,10783.0028110379,312000
50294.0031533197,41650.0488644297,23225.5814155567,12812.6218603531,10768.4304532602,312100
50260.1771449621,41617.7343131636,23202.2305869222,12796.2772100954,10753.8766848382,312200
50224.2499037249,41585.4405778269,23178.9008613014,12779.9521023254,10739.3414843404,312300
50188.3432064226,41553.1676516044,23155.5922237724,12763.6465162887,10724.8248303548,312400
50152.4570490087,41520.9155276709,23132.3046594158,12747.3604312478,10710.3267014893,312500
50116.591427423,41488.6841991909,23109.0381533149,12731.0998807992,10695.8470763716,312600
50080.7463375915,41456.4736593194,23085.7926905553,12714.9201363606,10681.385933649,312700
50044.9217754269,41424.2839012009,23062.5682562251,12698.7596558021,10666.9432519883,312800
50009.1177368284,41392.1149179702,23039.3648354152,12682.6184187722,10652.5190100763,312900
49973.3342176814,41359.7388409562,23016.1824132189,12666.4964049353,10638.1131866191,313000
49937.5712138581,41327.1831133266,22993.0209747321,12650.3935939717,10623.725760343,313100
49901.8287212171,41294.6488082122,22969.8805050533,12634.309965578,10609.3567099934,313200
49866.1067356039,41262.1359180558,22946.7609892839,12618.2454994665,10595.0060143357,313300
49830.4052528501,41229.6444352909,22923.6624125275,12602.2001753657,10580.6736521547,313400
49794.7242687744,41197.1743523415,22900.5847598908,12586.1739730201,10566.3596022553,313500
49759.0637791821,41164.7256616219,22877.528016483,12570.1720672088,10552.0638434614,313600
49723.4237798651,41132.2983555374,22854.4921674159,12554.1911596949,10537.786354617,313700
49687.8042666021,41099.8924264836,22831.4771978043,12538.2292951947,10523.5271145857,313800
49652.2052351586,41067.5078668468,22808.4830927655,12522.2864535489,10509.2861022504,313900
49616.626681287,41035.0667978345,22785.5098374198,12506.3626146143,10495.0632965138,314000
49581.0686007265,41002.6107378264,22762.5574168901,12490.4622250217,10480.8586762984,314100
49545.5907424371,40970.1762178161,22739.6258163021,12474.6103659384,10466.672220546,314200
49511.3560755973,40937.7632299417,22716.7150207845,12458.7773638744,10452.503908218,314300
49477.1400576628,40905.3717663322,22693.8250154687,12442.9631989007,10438.3537182957,314400
49442.9426858513,40873.0018191078,22670.9557854891,12427.1678511038,10424.2216297795,314500
49408.763957367,40840.6533803792,22648.0616840098,12411.3913005861,10410.1076216899,314600
49374.6038694007,40806.1139383292,22625.0903522273,12395.6335274659,10396.0116730665,314700
49340.4624191301,40771.2862183957,22602.1400386684,12379.8945118771,10381.9337629687,314800
49306.2787740542,40736.4841349378,22579.2107280907,12364.1742339693,10367.8738704754,314900
49272.0670381515,40701.6981693398,22556.3024052554,12348.472673908,10353.8319746851,315000
49237.8740785846,40668.0242486229,22533.415054927,12332.7898118745,10339.8080547157,315100
49203.6998923595,40636.5479939982,22510.5486618732,12317.1256280657,10325.8020897047,315200
49169.5444764691,40605.8922473828,22487.7032108654,12301.4801026943,10311.8140588092,315300
49135.407827893,40575.255574217,22464.7108117886,12285.8532159889,10297.7248040624,315400
49101.2899435979,40543.3010565604,22442.265387343,12270.2449481938,10283.5247061536,315500
49067.1908205375,40510.6745171261,22420.0376796562,12254.6552795689,10269.3431580667,315600
49033.1104556522,40479.5184633256,22397.8298285994,12239.08419039,10255.1801377204,315700
48999.0488458695,40448.3823151373,22375.6418202051,12223.5316609488,10241.0356230545,315800
48965.0059881043,40417.2660660601,22353.4736405086,12208.2892818427,10226.9095920307,315900
48930.981879258,40386.1697095833,22331.3252755475,12193.0879137314,10212.8020226319,316000
48896.9765162194,40354.9939115632,22309.1967113622,12177.9042554658,10198.7128928628,316100
48862.9898958645,40323.7805546852,22287.0879339955,12162.7382887993,10184.6421807494,316200
48829.0220150563,40292.5873110489,22264.9989294928,12147.5899954992,10170.5898643395,316300
48795.072870645,40261.4141738776,22242.9296839021,12132.4593573464,10156.555921702,316400
48761.1424594681,40230.2611363852,22220.8801832742,12117.2759459623,10142.5403309276,316500
48727.2307783501,40199.1281917769,22198.6925299745,12101.7920635482,10128.5564282963,316600
48693.3378241032,40168.0153332486,22175.3073682036,12086.3267612053,10114.6019988115,316700
48659.4635935264,40136.9225539871,22151.9446329297,12070.8800190338,10100.6657900122,316800
48625.6080834063,40105.8498471704,22128.6043065741,12055.4518171498,10086.7477801991,316900
48591.771290517,40074.7972059675,22105.2863715643,12040.042135686,10072.847947694,317000
48557.9532116196,40043.7646235382,22081.9908103337,12024.6509547911,10058.96627084,317100
48524.153843463,40012.7520930339,22058.7176053221,12009.2782546302,10045.6603303149,317200
48490.3731827833,39981.7596075966,22035.4667389752,11993.9244748144,10032.4376565316,317300
48456.6112263041,39950.7871603597,22012.2381937451,11978.6190708292,10019.2313942954,317400
48422.8679707366,39919.8347444477,21989.03195209,11963.332011396,10006.0415252447,317500
48389.1434127794,39888.9023529764,21965.8479964743,11948.0632768813,9992.86803103403,317600
48355.4375491188,39857.9883029398,21943.2004576418,11932.8128476675,9979.71089333407,317700
48321.7503764285,39826.676322028,21920.7587570647,11917.5807041531,9966.57009383184,317800
48288.08189137,39795.3849998117,21898.3378600679,11902.3668267526,9953.44561423058,317900
48254.4320905924,39764.1143287292,21875.9377511319,11887.2924518355,9940.3374362497,318000
48220.8009707323,39732.8643012107,21853.5584147414,11872.3885750405,9927.24554162488,318100
48187.1885284143,39701.6349096776,21831.1998353854,11857.5022132642,9913.89466651531,318200
48153.5947602505,39670.4261465436,21808.8619975572,11842.6333482188,9900.42487973084,318300
48120.0196628408,39639.2380042138,21786.5448857545,11827.7819616308,9886.97241848091,318400
48086.4632327729,39608.0704750849,21764.2484844794,11812.9480352412,9873.54257828771,318500
48052.9254666224,39576.9235515456,21741.9337418077,11798.1315508052,9860.13480764772,318600
48019.4063609525,39545.7972259764,21719.0187382772,11783.3324900921,9846.74427402639,318700
47985.9059123146,39514.6440779842,21696.1257500292,11768.5508348858,9833.37095725943,318800
47952.4241172477,39483.3066139886,21673.2547597025,11753.7865669842,9820.0148372018,318900
47918.9609722789,39451.9901322486,21650.4057499419,11739.0396681997,9806.6758937277,319000
47885.5164739232,39420.0865715701,21627.5787033989,11724.3101203589,9793.35410673054,319100
47852.0906186836,39387.2138074369,21604.7736027309,11709.5979053028,9780.049456123,319200
47818.9533430475,39354.3646028263,21581.9904306021,11694.9030048865,9766.76192183696,319300
47786.7238389032,39321.5389469369,21559.2291696827,11680.2254009795,9753.4914838235,319400
47754.5113793584,39288.7368289613,21536.4898026497,11665.5650754657,9740.23812205293,319500
47722.3159621598,39255.9582380856,21513.7723121861,11650.8787647655,9727.00181651474,319600
47690.1375850421,39223.20316349,21491.0766809816,11635.921669912,9713.78254721761,319700
47657.9762457277,39190.4715943485,21468.4028917322,11620.9826396032,9700.5802941894,319800
47625.8319419268,39157.7635198287,21445.7509271404,11606.0616542781,9687.39503747713,319900
47593.7046713378,39125.0789290926,21423.1776051076,11591.1586943918,9674.2443741005,320000
47561.5944316469,39092.4178112959,21401.0054689585,11576.2737404161,9661.12329285159,320100
47529.5012205281,39063.2678221113,21378.8542024619,11561.406772839,9648.01906752537,320200
47497.4250356438,39034.6031601538,21356.7237896214,11546.5577721651,9634.93167839794,320300
47465.3658746441,39005.9557437122,21335.5809261905,11531.7267189153,9621.86110576427,320400
47433.3237351673,38977.3255680634,21314.6880355332,11516.9135936269,9608.80732993824,320500
47401.2986148398,38948.7126284757,21293.268063283,11502.1183768537,9595.77033125261,320600
47369.2905112759,38920.116920208,21270.8218636179,11487.3410491658,9582.75009005901,320700
47337.2994220782,38891.5384385107,21248.7144800689,11472.5815911497,9569.74658672793,320800
47305.3253448375,38862.9771786248,21226.7429273873,11457.8399834085,9556.75980164871,320900
47273.3682771328,38833.9332736504,21204.7920418593,11443.1162065614,9543.78971522956,321000
47241.428216531,38803.4888936556,21182.8618076397,11428.4102412441,9530.8363078975,321100
47209.5051605876,38773.0646337247,21160.9522088891,11413.7220681089,9517.89956009842,321200
47177.5991068462,38742.6604863007,21139.0632297729,11399.0516678241,9504.97945229698,321300
47145.7100528387,38712.276443819,21117.1948544619,11384.3990210746,9492.07596497669,321400
47112.663435279,38681.9124987075,21095.3470671323,11369.7641085618,9479.55151243969,321500
47079.1947301815,38651.5686433867,21073.5198519653,11355.1469110033,9466.99159528473,321600
47045.7452556927,38621.2448702693,21051.7131931476,11340.5624866279,9453.7424376492,321700
47012.3150074363,38590.9411717607,21030.5115541807,11325.9984696826,9440.52508215378,321800
46978.9039810249,38560.5845215024,21009.4779723152,11311.452064487,9427.65800618983,321900
46945.5121720599,38530.1336023089,20988.4634071147,11296.9232519058,9414.80755971416,322000
46912.1395761318,38499.7030173348,20967.4678448576,11282.4120128205,9401.97372309987,322100
46878.7523880681,38469.2927586902,20946.4912718256,11267.9183281283,9389.15647673915,322200
46845.3272279117,38438.9028184783,20925.5336743035,11253.442178743,9376.35580104332,322300
46811.9213938664,38408.5331887951,20904.5950385798,11238.9835455945,9363.57167644281,322400
46778.5348813734,38378.183861729,20883.6753509461,11224.5424096288,9350.80408338714,322500
46745.1676858627,38347.8548293618,20862.7745976973,11210.1187518085,9338.05300234492,322600
46711.8198027537,38317.5460837677,20841.8927651318,11195.712553112,9325.31841380384,322700
46678.4912274545,38287.2576170139,20821.0298395514,11181.3237945343,9312.60029827065,322800
46645.181955363,38256.9894211606,20800.1858072613,11166.9524570862,9299.89863627116,322900
46611.8919818657,38226.7414882608,20778.4816171954,11152.5985217951,9287.21340835025,323000
46578.6213023388,38196.5138103606,20756.7233142786,11138.2619697044,9274.54459507182,323100
46545.3699121475,38166.3063794991,20734.9858276892,11123.9427818738,9261.89217701881,323200
46512.1378066465,38136.1191877081,20713.2691409791,11109.6409393791,9249.25613479319,323300
46478.9249811795,38105.9522270128,20691.5732377065,11095.3564233124,9236.63644901592,323400
46445.7314310798,38075.7915366752,20669.8981014359,11081.0892147819,9224.033100327,323500
46412.5571516701,38045.5036690043,20648.8784350471,11066.8392949122,9211.44606938538,323600
46379.4021382622,38015.2362668356,20627.9724291142,11052.6066448438,9198.87533686904,323700
46346.2663861577,37984.989321902,20606.7107201114,11038.3912457336,9186.32088347491,323800
46313.1498906474,37954.7628259302,20585.4264429259,11024.2931341799,9173.78268991889,323900
46280.0526470116,37924.5567706398,20564.1622035271,11010.2755935762,9161.26073693584,324000
46246.9746505202,37895.6286540977,20542.9179864483,10996.2748293059,9148.75500527958,324100
46213.9158964325,37867.0371431838,20521.8040970353,10982.2908233464,9136.26547572285,324200
46180.8763799975,37838.4636233429,20501.0680571972,10968.3333677074,9123.79212905731,324300
46147.8560964537,37809.9080886222,20480.3510227169,10954.4391782801,9111.33494609358,324400
46114.8550410291,37781.3705330613,20459.652979525,10940.5615508217,9098.90518356354,324500
46081.8732089417,37752.8509506919,20438.9739135568,10926.8928358926,9086.49659799226,324600
46048.9105953986,37724.3493355384,20418.2301236274,10913.335198403,9074.10407337108,324700
46015.9671955971,37695.8656816172,20397.4736103109,10899.7933498905,9061.72759067577,324800
45983.043004724,37665.7348610592,20376.7362659966,10886.2672739636,9049.36713090082,324900
45950.1380179557,37635.0175297748,20356.0180763129,10872.1333606811,9037.02267505943,325000
45917.2522304587,37604.3217083087,20335.3190268925,10857.7213034177,9024.69420418352,325100
45886.0881527146,37573.6473870847,20314.6391033727,10843.6074981244,9012.38169932371,325200
45856.1392093294,37542.994556521,20293.6884646103,10829.760311905,9000.0851415493,325300
45826.205492312,37512.3632070303,20272.5651932984,10815.9648963214,8987.82097620281,325400
45796.2870000249,37481.7533290196,20251.4620102305,10802.2412264381,8975.57857827892,325500
45764.306334158,37451.1649128904,20230.3788996238,10788.533951848,8963.35201070757,325600
45731.6494401626,37420.5979490386,20209.3158457014,10774.8430549558,8951.14125474754,325700
45699.0115516364,37390.0524278547,20188.2728326925,10760.9123769728,8938.94629167612,325800
45666.1447073494,37359.5002540126,20167.2498448325,10747.3637202821,8926.76710278901,325900
45633.2953026067,37328.7336662762,20146.2468663627,10733.7537836107,8914.60366940037,326000
45600.4652407789,37297.9889062165,20125.2638815307,10720.068118958,8902.4559728428,326100
45567.6545167498,37268.2211548237,20104.3008745899,10706.39889799,8890.32399446732,326200
45533.8528924754,37238.4981889223,20083.3578298,10692.746102922,8878.20771564336,326300
45499.3573086155,37208.7954356195,20062.9017991574,10679.1097159844,8866.10711775877,326400
45464.8835942625,37179.1128865064,20042.5418372789,10665.4897194229,8854.02218221976,326500
45430.6126511568,37149.4505331681,20022.2006586173,10651.8860954981,8841.95289045098,326600
45398.5721427187,37119.8083671833,20001.8782490725,10638.2988264859,8829.89922389543,326700
45366.5499811562,37090.1863801251,19981.574594549,10624.7278946771,8817.86116401446,326800
45334.546162125,37060.5845635604,19961.2896809559,10611.1732823779,8805.83869228781,326900
45302.5606812708,37031.0029090501,19941.0234942067,10597.6349719093,8793.83179021355,327000
45270.5935342295,37001.4414081494,19920.7760202195,10584.1129456077,8781.84043930811,327100
45238.6447166271,36971.9000524072,19900.5472449168,10570.6071858245,8769.8646211062,327200
45206.7142240793,36942.3788333667,19880.3371542257,10557.117674926,8757.90431716091,327300
45174.8020521924,36912.8777425654,19860.1457340779,10543.6443952937,8745.9595090436,327400
45142.9081965626,36883.3967715347,19839.9729704096,10530.1873293245,8734.03017834394,327500
45111.0326527764,36853.9359118001,19819.8188491616,10516.7464594299,8722.1163066699,327600
45079.1754164103,36824.4951548816,19799.6010388654,10503.3217680368,8710.21787564772,327700
45046.8152112645,36795.0744922932,19778.7118525617,10489.9352595906,8698.33486692191,327800
45014.456000582,36765.6739155432,19757.8428975798,10476.5704259333,8686.75250940888,327900
44982.1158517284,36736.2934161342,19736.9941575094,10463.2216468048,8675.25101537892,328000
44949.7947595707,36706.932985563,19716.1656159475,10449.888904823,8663.76394516635,328100
44917.4927189667,36677.5926153207,19695.3572564982,10436.5721826208,8652.07654183362,328200
44885.2097247645,36648.2722968928,19674.569062773,10423.2714628457,8640.23993454785,328300
44852.9457718029,36618.9720217592,19653.8010183904,10409.9867281604,8628.41871996461,328400
44820.7008549113,36589.6917813942,19633.0531069763,10396.7179612422,8616.61287970313,328500
44788.4749689098,36560.4315672662,19612.5729501667,10383.4651447834,8604.82239540105,328600
44756.2681086092,36531.1913708383,19592.770197943,10370.2282614911,8593.04724871444,328700
44724.0802688108,36501.9711835682,19572.9856297121,10357.0072940871,8581.28742131777,328800
44691.9114443069,36472.7709969076,19553.2192318718,10343.8022253084,8569.5428949039,328900
44659.7616298803,36443.590802303,19533.4709908238,10330.6130379065,8557.81365118413,329000
44627.6308203048,36414.4305911955,19513.7408929745,10317.439714648,8546.09967188808,329100
44595.5190103447,36385.2903550205,19494.0289247344,10304.2822383141,8534.40093876377,329200
44563.4261947555,36356.1700852081,19474.3350725185,10291.1405917009,8522.71743357756,329300
44531.3523682831,36327.0697731829,19455.0564495418,10278.0147576194,8511.04913811417,329400
44499.2975256648,36297.439447844,19435.8948104851,10264.9047188954,8499.39603417667,329500
44467.2616616282,36267.6701838215,19416.7502754654,10251.8104583695,8487.75810358641,329600
44435.2447708923,36237.9220012287,19397.6228322048,10238.7319588971,8476.13532818312,329700
44403.2468481669,36209.0963677542,19378.5124684288,10225.6692033484,8464.52768982479,329800
44371.2678881525,36180.646607423,19359.2525424422,10212.6221746084,8452.93517038771,329900
44339.307885541,36152.2158791596,19339.1488186749,10199.590855577,8441.35775176649,330000
44307.3668350151,36123.8041752414,19319.0642063981,10186.5752291687,8429.79541587397,330100
44275.4447312485,36095.4114879402,19298.9986905058,10173.5752783131,8418.24814464128,330200
44243.541568906,36066.859508114,19278.9522558983,10160.5909859542,8406.63165707687,330300
44211.6573426436,36038.0967689109,19258.9248874819,10147.6223350511,8395.02469822081,330400
44179.7920471082,36009.3536695357,19239.4169569401,10134.6693085776,8383.43299708158,330500
44147.9456769381,35980.6302015813,19219.9573788278,10121.7318895222,8371.85653517768,330600
44116.1182267624,35951.9263566354,19200.5157270182,10108.8100608882,8360.29529404663,330700
44084.3096912017,35923.340351981,19181.0919879935,10095.9038056936,8348.74925524492,330800
44052.5200648677,35895.0685949763,19161.6861482407,10083.0131069715,8337.21840034801,330900
44020.7493423632,35866.8158122627,19141.9338689052,10070.1379477693,8325.7027109503,331000
43988.9975182825,35838.5819960416,19121.9121894289,10057.2783111494,8314.20216866517,331100
43957.2645872109,35810.3671385089,19101.5467046561,10044.469554241,8302.72671916274,331200
43925.5505437253,35782.1712318549,19081.2011712887,10031.6836011505,8291.34911128733,331300
43893.8553823936,35753.9942682645,19060.8755728301,10018.9130120583,8279.98634035727,331400
43862.1790977752,35725.8362399171,19041.1361821494,10006.1577702785,8268.63838856296,331500
43830.5216844209,35697.6971389868,19021.5402477314,9993.41785913969,8257.30523811283,331600
43798.8831368729,35669.5769576421,19001.9627682522,9980.69326198467,8245.98687123341,331700
43767.2634496647,35641.4756880462,18982.1479728878,9967.98396217089,8234.68327016928,331800
43735.6626173213,35613.393322357,18961.9970462097,9955.28994307018,8223.39441718307,331900
43704.0806343593,35585.329852727,18941.8657918536,9942.61118806884,8212.12029455544,332000
43672.5174952865,35557.2852713033,18921.7541936215,9929.94768056756,8200.86088458509,332100
43640.9731946024,35529.2595702278,18901.6622353228,9917.29940398151,8189.46418161875,332200
43609.447726798,35501.2527416371,18881.5899007749,9904.66634174026,8178.07357084639,332300
43577.9410863559,35473.2647776625,18861.5371738023,9892.0484772878,8166.69806356,332400
43546.4532677501,35445.29567043,18841.5040382376,9879.44579408256,8155.34138747917,332500
43514.9842654464,35417.3454120604,18821.4904779208,9866.85827559737,8144.00811641171,332600
43483.5340739022,35389.4139946695,18801.4964766997,9854.28590531947,8132.71831678663,332700
43452.1026875663,35361.5014103677,18781.5220184298,9841.7286667505,8121.69249981054,332800
43420.6901008795,35333.6076512604,18761.567086974,9829.18654340652,8110.68089918106,332900
43389.2963082742,35305.7327094475,18741.6316662033,9816.65951881797,8099.68349804818,333000
43357.9213041743,35277.8765770244,18721.7157399961,9804.1475765297,8088.70027957866,333100
43326.5650829957,35250.0392460807,18702.1538929327,9791.65070010093,8077.73122695614,333200
43295.227639146,35222.2207087015,18682.9350905039,9779.16887310526,8066.77632338102,333300
43263.9089670244,35194.4209569666,18663.7343770748,9766.7020791307,8055.8221193732,333400
43232.6090610221,35166.6399829507,18644.5517384768,9754.2503017796,8044.76410409508,333500
43201.3279155221,35138.8777787236,18625.3871605473,9741.81352466869,8033.72327205256,333600
43170.0655248992,35111.1343363501,18606.2406291294,9729.39173142907,8022.69687188929,333700
43138.8218835202,35083.4096478899,18586.4471895023,9717.15386146862,8011.68488620876,333800
43107.5969857435,35055.7037053979,18566.4792898474,9705.03554834012,8000.68729763231,333900
43076.3908259198,35028.016500924,18546.5311823352,9692.40958813409,7989.70408879907,334000
43045.2033983914,35000.3480265131,18526.6028502643,9679.73660585727,7978.73524236602,334100
43014.0346974928,34972.6982742054,18506.694276942,9667.31954172056,7967.78074100791,334200
42982.8847175503,34945.0672360361,18486.8054456839,9654.92284604012,7956.84056741729,334300
42951.7534528824,34917.4549040355,18466.9363398144,9642.5411850742,7945.91470430447,334400
42920.6408977995,34889.8612702291,18447.0869426664,9630.17454226943,7935.00313439754,334500
42889.5470466041,34862.2863266377,18427.2572375812,9617.82290108721,7924.10584044234,334600
42858.4718935907,34834.7300652772,18407.4472079089,9605.48624500368,7913.22280520246,334700
42827.4154330461,34807.1924781587,18387.6568370081,9593.16455750973,7902.35401145921,334800
42796.3776592489,34779.6735572886,18367.886108246,9580.86378356501,7891.49944201162,334900
42765.3585664701,34752.1732946685,18348.1350049983,9568.64275824771,7880.65907967644,335000
42734.3581489727,34724.6916822955,18328.4035106495,9556.43647164821,7869.83290728812,335100
42703.3764010121,34697.2287121616,18308.6916085926,9544.24490764257,7859.02090769879,335200
42672.4133168357,34669.7843762545,18288.9992822292,9532.06805012111,7848.22306377826,335300
42641.4688906832,34642.358666557,18269.3265149697,9519.90588298836,7837.439358414,335400
42610.5431167865,34614.9515750476,18249.6732902329,9507.8069932888,7826.66977451113,335500
42579.6359893699,34587.5630936997,18229.9732045838,9495.99499944842,7815.94125429106,335600
42548.6003856015,34560.1932144825,18210.2821547086,9484.19683963771,7805.22806938525,335700
42517.5753183807,34532.8419293604,18190.6107625854,9472.41249925973,7794.52887854979,335800
42486.5691130135,34505.5092302933,18170.9590114227,9460.64196372965,7783.84366490721,335900
42455.5817634729,34478.1951092366,18151.7206077647,9448.88521847482,7773.17241159742,336000
42424.6132637241,34450.8995581412,18132.175439092,9437.14224893473,7762.5151017777,336100
42393.6636077251,34423.6225689535,18112.1214359187,9425.413040561,7751.87171862266,336200
42362.7327894262,34396.3641336152,18092.5480808637,9413.6975788174,7741.24224532423,336300
42331.8208027703,34369.1242440639,18073.0612388298,9401.99584917982,7730.63282717898,336400
42300.927641693,34341.9028922325,18053.9858075966,9390.30783713632,7720.36422311627,336500
42270.0533001223,34314.7000700495,18034.9289202043,9378.63352818704,7709.74433442397,336600
42240.0847614375,34287.5157694391,18015.8905613816,9366.97290784427,7699.13837457665,336700
42211.0478480566,34260.3499823211,17996.8707158646,9355.32596163245,7688.54632668693,336800
42182.0271986828,34233.2027006107,17977.8693683969,9343.71555685722,7677.96817388498,336900
42153.0228094227,34206.0739162192,17959.0616057898,9332.11874446836,7667.40389931849,337000
42122.4166332953,34178.9636210532,17940.6072558121,9320.53550485924,7656.85348615263,337100
42089.4837019191,34151.8718070151,17922.1702960978,9308.96582370718,7646.31691757009,337200
42056.5728418538,34124.798466003,17903.7507129445,9297.40968670147,7635.79417677103,337300
42024.4844349425,34097.7435899109,17885.3484926559,9285.52755360555,7625.28524697309,337400
41993.9982832641,34070.7071706282,17866.6659690309,9273.45271747704,7614.79011141137,337500
41963.5305673725,34043.6892000404,17847.8455356675,9261.39277220628,7604.30875333841,337600
41933.0812814146,34016.6896700286,17829.0433649764,9249.34770102025,7593.84115602419,337700
41902.6504195301,33989.7085724698,17810.2594419375,9237.31748716156,7583.38730275612,337800
41872.2379758515,33962.7458992367,17791.4937515378,9225.30211388838,7572.94717683902,337900
41841.8439445038,33935.801642198,17773.3456827554,9213.30156447452,7562.46439659516,338000
41811.468319605,33908.8757932182,17755.3705872884,9201.31582220932,7551.87948427929,338100
41781.1110952659,33881.9683441576,17737.6610788012,9189.34487039774,7541.47365918705,338200
41750.77226559,33855.0792868725,17719.96768487,9177.38869236029,7531.08151456891,338300
41720.4518246737,33828.2086132151,17702.2903934275,9165.44727143303,7520.70303377609,338400
41690.1497666064,33801.3563150335,17684.6291924107,9153.52059096761,7510.33820017721,338500
41659.8660854701,33774.5223841717,17666.9840697609,9141.60863433118,7499.98699715829,338600
41629.6007753399,33747.7068124698,17649.3550134237,9129.71138490646,7489.65769443277,338700
41599.3538302838,33720.9095917638,17631.1684327374,9118.1676188279,7479.35374154137,338800
41569.1252443627,33694.1307138859,17612.9587377071,9106.40637909235,7469.0633137516,338900
41538.9150116306,33667.9323469652,17595.3231017707,9094.44215999864,7458.78639463001,339000
41508.7231261343,33641.9613870251,17577.7215536331,9082.492869518,7448.52296776034,339100
41478.5495819136,33616.0075389652,17560.1360861741,9070.55849057905,7438.2730167435,339200
41449.6755432218,33590.0346020322,17542.5666872624,9058.63900612674,7428.03652519749,339300
41420.9723783512,33563.9683724096,17525.0133447712,9046.73439912227,7417.81347675746,339400
41392.2854967341,33537.9194726114,17507.2727876459,9034.84465254313,7407.60385507569,339500
41363.6148941873,33510.1776982311,17489.0908080338,9022.9697493831,7397.40764382154,339600
41334.9605665194,33482.3654748527,17470.9262197703,9011.11472107196,7387.22482668147,339700
41306.3225095321,33454.573449082,17452.7790087826,8999.32840343991,7377.05538735902,339800
41277.7007190189,33427.2151474292,17434.6491610046,8987.55672369141,7366.89930957481,339900
41249.0951907663,33400.5794342615,17416.5366623768,8975.79966517408,7356.75657706651,340000
41220.5059205529,33373.9620588466,17398.4414988463,8964.05721125134,7346.62717358882,340100
41191.93290415,33347.3630128692,17380.3636563668,8952.32934530239,7336.5110829135,340200
41163.3761373212,33320.7822880102,17362.3031208988,8940.6160507222,7326.40828882931,340300
41134.8356158229,33294.219875947,17344.2598784091,8928.91731092151,7316.31877514205,340400
41106.2578699301,33267.6757683532,17325.8041111883,8917.24805532876,7306.2425256745,340500
41077.6848903513,33241.1499568989,17307.3561985653,8905.60630048813,7296.19218684875,340600
41049.128234448,33214.6424332504,17288.9264405346,8893.97897809716,7286.12971885587,340700
41020.5878978676,33188.1531890707,17270.5148218092,8882.5090614139,7276.0816592043,340800
40992.0638762502,33161.6822160191,17252.1213271098,8871.0749503787,7266.05322381021,340900
40963.5561652285,33135.2295057512,17233.7459411652,8859.65479609731,7256.03798597493,341000
40935.064760428,33108.7950499192,17215.3886487123,8848.24858301201,7246.03592959551,341100
40906.5896574669,33082.3788401719,17197.3064214135,8836.85629557944,7236.04703858598,341200
40878.1308519562,33055.9702031582,17179.3444051278,8825.47791827056,7226.07129687734,341300
40849.6883394993,33029.1830650122,17161.3996778947,8814.11343557061,7216.1086884175,341400
40821.2621156928,33002.4148032041,17143.472225593,8802.76283197912,7206.15919717132,341500
40792.8521761258,32975.6654086829,17125.5620341083,8791.42609200994,7196.22280712055,341600
40764.4585163804,32948.9348723942,17107.6690893332,8780.10320019119,7186.29950226387,341700
40736.0811320313,32922.2231852809,17089.793377167,8768.79414106527,7176.38926661685,341800
40707.7200186462,32895.5303382828,17071.9037652189,8757.49889918885,7166.49208421191,341900
40679.3751717857,32868.8563223368,17053.9778315013,8746.21745913288,7156.60793909839,342000
40651.0465870032,32842.2011283769,17036.0692675662,8734.94980548255,7146.73681534243,342100
40622.7342598448,32815.5647473341,17018.1780590771,8723.69592283733,7136.87869702707,342200
40594.4381858499,32788.9471701367,17000.3041917043,8712.45579581089,7127.03356825213,342300
40566.1583605506,32762.3483877098,16982.4476511258,8701.22940903119,7117.2014131343,342400
40537.8947794719,32735.7683909759,16964.6084230263,8690.0167471404,7107.38221580705,342500
40509.6474381321,32709.2071708546,16946.786493098,8678.81779479492,7097.57596042066,342600
40481.4163320419,32682.6647182627,16928.9818470403,8667.63253666535,7087.78263114217,342700
40453.2014567056,32656.141024114,16911.1944705599,8656.46095743654,7078.00221215545,342800
40425.0028076202,32629.6360793198,16893.4243493703,8645.30304180753,7068.23468766107,342900
40396.8203802758,32603.1498747885,16875.6714691929,8634.15877449155,7058.4800418764,343000
40368.6541701557,32576.6824014256,16857.9358157558,8623.02814021604,7048.73825903551,343100
40340.504172736,32550.2336501342,16840.2173747945,8611.91112372261,7039.00932338923,343200
40312.3703834862,32523.8036118142,16822.516132052,8600.80770976706,7029.31488844749,343300
40284.2527978686,32497.3922773632,16804.8320732783,8589.71788311937,7019.96257305798,343400
40256.1514113389,32470.9996376761,16787.1651842307,8578.64162856368,7010.62210708852,343500
40228.0662193459,32444.531556678,16769.5154506739,8567.57893089827,7001.29805531163,343600
40199.9972173314,32418.0304544124,16751.8828583796,8556.52977493562,6991.9962986539,343700
40171.9444007306,32391.5482590985,16734.2673931273,8545.49414550231,6982.70630901168,343800
40143.9077649718,32365.0849613625,16716.6690407032,8534.47202743908,6973.42807266566,343900
40115.8873054764,32338.6405518279,16699.0877869012,8523.46340560081,6964.16157591015,344000
40087.8830176594,32312.2150211161,16681.7356380798,8512.46826485649,6954.906805053,344100
40059.8948969287,32285.8083598457,16664.4766575021,8501.48659008923,6945.62708914707,344200
40031.9229386856,32259.4205586335,16647.234128106,8490.51836619626,6936.13419216435,344300
40003.9671383247,32233.0516080933,16630.008036594,8479.56357808893,6926.65368552736,344400
39976.027491234,32206.701498837,16612.7983696749,8468.62221069265,6917.18555423703,344500
39948.1039927947,32180.370221474,16595.6051140639,8457.69424894695,6907.72978330998,344600
39920.1966383813,32154.0577666115,16578.4282564825,8446.77967780545,6898.28635777853,344700
39892.3054233619,32127.0219974712,16561.2677836587,8435.87848223583,6888.85526269066,344800
39864.4303430976,32099.9882834385,16544.1170616704,8424.99064721984,6879.52118037106,344900
39836.5713929434,32072.9746236076,16526.7853892974,8414.11615775331,6870.30134707934,345000
39808.7285682474,32045.9810071989,16509.4704881078,8403.25499884612,6861.09329392877,345100
39780.901864351,32019.0074234318,16491.9734971936,8392.40715552219,6851.89700700975,345200
39753.0912765895,31993.3705825992,16474.478954507,8381.57261281949,6842.71247242676,345300
39725.2968002911,31968.1067400095,16457.001589814,8370.75135579005,6833.53967629831,345400
39697.5184307781,31942.8601720696,16439.5413886187,8359.94336949989,6824.37860475693,345500
39669.7561633659,31917.6308709122,16422.0983364334,8349.14863902907,6815.22924394921,345600
39642.0099933634,31892.4188286673,16404.6724187779,8338.36714947167,6805.81005033685,345700
39614.2799160733,31866.9312523045,16387.2636211799,8327.59888593577,6796.37365346347,345800
39585.9133602989,31841.0279461161,16369.8719291752,8316.84383354345,6786.94977287691,345900
39557.3186899243,31815.143038888,16352.4973283071,8306.1019774308,6777.53839312455,346000
39527.5376118611,31789.2765215197,16335.139804127,8295.37330274787,6768.13949877038,346100
39497.6083896804,31763.4283849087,16317.7993421941,8284.65779465872,6758.75307439501,346200
39467.6985387566,31737.5986199501,16300.4759280753,8273.95543834136,6749.37910459573,346300
39437.808051306,31711.6698750122,16283.1695473457,8263.26621898776,6740.01757398639,346400
39407.9369195401,31685.6920199442,16265.8801855879,8252.59012180389,6730.66846719744,346500
39378.0851356654,31659.7328112476,16248.6078283928,8241.92713200961,6721.33176887593,346600
39348.2526918835,31633.7922394843,16231.3524613587,8231.27723483879,6712.0074636855,346700
39318.4395803913,31607.8702952143,16214.1140700923,8220.64041553918,6702.6955363063,346800
39288.6457933809,31581.8724461954,16196.8926402078,8210.0166593725,6693.41633782114,346900
39258.8713230393,31555.2343603631,16179.6881573275,8199.40595161437,6684.23695276553,347000
39229.116161549,31528.6161267915,16162.5006070815,8188.80827755433,6675.06960210062,347100
39199.3803010877,31502.0177346569,16145.329975108,8178.22362249583,6665.91427116169,347200
39169.663733828,31475.4391731347,16128.1762470528,8167.56936085282,6656.77094529957,347300
39139.9664519382,31448.8804313993,16111.03940857,8156.71120200709,6647.63960988063,347400
39110.2884475817,31422.3414986242,16093.9194453212,8145.86680352084,6638.52025028671,347500
39080.629712917,31395.822363982,16076.8163429764,8135.03614928282,6629.42109905627,347600
39050.9902400984,31369.3230166446,16059.7300872131,8124.21922319788,6620.35366169456,347700
39021.370021275,31342.8434457828,16042.6606637171,8113.41600918698,6611.47349147557,347800
38991.7690485915,31316.3836405669,16025.6080581818,8102.62649118721,6602.8261214677,347900
38962.1873141881,31289.9435901662,16008.5722563089,8091.85065315173,6594.18951822352,348000
38932.6248102001,31263.5232837491,15991.5532438078,8081.08847904981,6585.56366939506,348100
38903.0815287584,31237.1227104835,15974.5510063959,8070.33995286678,6576.94856264633,348200
38873.5574619893,31210.7418595362,15957.5655297987,8059.60505860404,6568.34418565335,348300
38844.0526020145,31184.3807200735,15940.5967997494,8048.88378027904,6559.75052610412,348400
38814.5669409512,31158.039281261,15923.3631947782,8038.17610192529,6551.16757169862,348500
38785.1004709121,31131.7175322633,15906.1224839499,8027.48200759233,6542.59531014878,348600
38756.2720171254,31105.4154622446,15889.2119173671,8016.8014813457,6534.03372917854,348700
38729.1166809985,31079.1330603682,15872.3180439914,8006.134507267,6525.48281652374,348800
38701.9771917746,31052.8703157969,15855.9330759298,7995.48106945381,6516.94255993223,348900
38674.8535446295,31026.6272176928,15839.5945221074,7984.84115201969,6508.41294716377,349000
38647.7457347327,31000.4037552172,15823.271505151,7974.21473909423,6499.89396599005,349100
38620.653757248,30974.199917531,15806.9640124715,7963.60181482294,6491.38560419471,349200
38593.5776073333,30948.0156937943,15790.4937668652,7953.00236336734,6482.88784957331,349300
38566.5172801405,30921.8510731667,15773.9591415058,7942.41636890487,6474.40068993331,349400
38539.4727708159,30895.7060448073,15757.440542202,7931.84381562894,6465.92411309411,349500
38512.4440744996,30869.5805978744,15740.9379556074,7921.28468774889,6457.45810688698,349600
38485.4311863262,30843.4747215261,15724.4513683828,7910.73896948996,6449.00265915511,349700
38458.4341014244,30817.3884049196,15707.980767196,7900.20664509334,6440.55775775355,349800
38431.452814917,30791.3216372119,15691.5261387222,7889.68769881609,6432.12339054926,349900
38404.4873219211,30765.2744075592,15675.0874696434,7879.18211493118,6423.69954542106,350000
38377.5376175482,30739.2467051174,15658.6647466488,7868.68987772746,6415.28621025964,350100
38350.6036969038,30713.238519042,15642.2579564349,7858.21097150966,6406.78129324661,350200
38323.6855550878,30688.1228764339,15625.802265938,7847.74538059836,6398.16696655937,350300
38296.7831871945,30663.0663138304,15609.1539125966,7837.29308932999,6389.53187880758,350400
38269.8965883123,30638.0277143461,15592.522027343,7826.85408205684,6380.78322275301,350500
38243.0257535241,30613.0070688124,15575.9065960613,7816.42834314701,6372.04602682935,350600
38216.1706779069,30588.0043680588,15559.3076046436,7806.01585698444,6363.3202770611,350700
38189.3313565324,30563.0196029134,15542.7250389899,7795.61660796887,6354.60595948768,350800
38162.5077844664,30538.0527642027,15526.1588850085,7785.23058051585,6345.90306016335,350900
38135.6999567692,30513.1038427516,15509.6091286159,7774.8577590567,6337.21156515723,351000
38108.9078684955,30488.1728293835,15493.0757557365,7764.50719436584,6328.5314605533,351100
38082.1315146944,30463.2597149202,15476.7506037714,7754.17298473932,6319.86273245035,351200
38055.3708904095,30438.3644901821,15460.4876659265,7743.85190242065,6311.205366962,351300
38028.6259906786,30413.487145988,15444.2405713764,7733.54393196422,6302.55935021671,351400
38001.8968105344,30388.6276731554,15428.0093068027,7723.24905794008,6293.92466835769,351500
37975.1833450037,30363.7860625,15411.7938588944,7712.96726493394,6285.30130754299,351600
37948.4855891079,30338.9623048364,15395.5942143479,7702.69853754709,6276.6892539454,351700
37921.8035378631,30314.1563909776,15379.4103598669,7692.44286039647,6268.0884937525,351800
37895.1371862798,30289.3683117351,15363.2422821624,7682.20021811462,6259.49901316662,351900
37868.4865293628,30264.598057919,15347.0899679527,7671.97059534966,6250.92079840485,352000
37841.851562112,30239.8456203383,15330.9534039634,7661.75397676532,6242.35383569898,352100
37815.2322795213,30215.1109898002,15314.8841473864,7651.55034704088,6233.79811129556,352200
37788.6286765797,30190.3941571109,15299.3110134416,7641.35969087119,6225.25361145584,352300
37762.0407482704,30165.6951130748,15283.7524875448,7631.18199296666,6216.72032245577,352400
37735.4684895714,30141.0138484954,15268.2085580366,7621.01723805326,6208.19823058597,352500
37708.9118954555,30116.3503541748,15252.6792132635,7610.86541087245,6199.68732215178,352600
37682.3709608899,30091.7046209135,15237.1644415775,7600.72649618127,6191.18758347319,352700
37655.0576596699,30067.0766395109,15221.6642313362,7590.60047875221,6182.69900088484,352800
37627.7168547613,30042.4664007653,15205.9918828344,7580.4873433733,6174.22156073603,352900
37600.3928835212,30017.8738954733,15189.9891750128,7570.38707484807,6165.75524939067,353000
37573.0857398196,29993.2991144307,15173.9893424269,7560.29965799551,6157.30005322733,353100
37545.7954175216,29968.7420484317,15158.005153144,7550.22507765009,6148.85595863917,353200
37518.5219104878,29944.2026882694,15142.0365939228,7540.16331866173,6140.42295203396,353300
37491.2652125738,29919.6810247358,15126.0836515292,7530.11436589583,6132.00101983406,353400
37464.0253176306,29895.1770486215,15110.146312737,7520.0782042332,6123.59014847639,353500
37436.8022195044,29870.6907507161,15094.3638506915,7510.0583275653,6115.19032441249,353600
37409.5959120368,29846.222121808,15079.0176323844,7500.24830953156,6106.8015341084,353700
37382.4063890646,29821.7711526842,15063.6858165657,7490.45050785372,6098.42376404475,353800
37355.2336444202,29797.3378341308,15048.3683917126,7480.43875508991,6090.05700071668,353900
37328.077671931,29772.9221569328,15033.0653463075,7470.32786662052,6081.71437214765,354000
37300.93846542,29748.5241118738,15017.7766688386,7460.23004934664,6073.38860837867,354100
37273.8160187055,29724.1436897367,15002.5023478,7450.14528754535,6065.07375971185,354200
37246.7103256013,29699.780881303,14987.242371691,7440.07356551019,6056.76981279916,354300
37219.6213799164,29675.4356773532,14971.996729017,7430.1142410518,6048.47675430691,354400
37192.5491754555,29651.1080686668,14956.4197340407,7420.16816119647,6040.19457091571,354500
37165.4937060186,29626.7980460221,14940.6283908002,7410.23480586743,6031.9232493205,354600
37138.4549654011,29602.5056001967,14924.8525404155,7400.31415994177,6023.61072192977,354700
37111.432947394,29578.2307219666,14909.0921696895,7390.4062083122,6015.12790782689,354800
37084.4276457837,29553.9734021074,14893.3472654326,7380.51093588699,6006.65656538265,354900
37057.4390543522,29529.7336313934,14877.6178144627,7370.62832759002,5998.19668004685,355000
37030.467166877,29505.5114005979,14861.757002651,7360.75836836071,5989.74823728567,355100
37003.5119771311,29481.3067004933,14845.6308025364,7350.92621772092,5981.31122258175,355200
36976.573478883,29457.1195218511,14829.5209260378,7341.11920339985,5972.88562143407,355300
36949.6516658969,29432.9498554417,14813.4273586531,7331.32469284392,5964.47141935803,355400
36922.7465319325,29408.7976920347,14797.3500858892,7321.54267124559,5956.06860188534,355500
36895.8580707452,29384.6630223987,14781.2890932621,7311.89875580637,5947.67715456411,355600
36868.9862760858,29360.5458373015,14765.2443662971,7302.34358014374,5939.29706295877,355700
36842.131141701,29336.44612751,14749.2158905285,7292.8003155487,5930.92831265003,355800
36815.292661333,29312.3638837901,14733.2036514999,7283.26894828396,5922.57088923497,355900
36788.4708287196,29288.2990969069,14717.207634764,7273.76119646899,5914.22477832692,356000
36761.6656375943,29264.2517576247,14701.2278258827,7264.26636048594,5906.01191608813,356100
36734.8770816866,29240.221856707,14685.264210427,7254.78334670543,5898.215006574,356200
36708.1051547211,29216.2093849162,14669.3167739772,7245.31214150932,5890.42792876375,356300
36681.3498504188,29192.2143330143,14653.3855021226,7235.85273129293,5882.6506711565,356400
36654.6111624959,29169.7831765224,14637.4703804619,7226.40510246502,5874.883222263,356500
36627.8890846646,29147.6068271748,14621.5713946028,7216.96924144783,5867.12557060565,356600
36601.1529859876,29125.445060358,14605.6885301621,7207.545134677,5859.37770471843,356700
36574.3576388889,29103.2978697306,14589.8217727661,7198.16120266958,5851.63961314694,356800
36547.5790395265,29081.165248949,14573.97110805,7188.79416756294,5843.91128444838,356900
36520.8171814481,29059.0471916665,14558.1365216583,7179.438758808,5836.19270719153,357000
36494.0720581973,29036.9436915342,14542.3179992446,7170.09496305614,5828.33590147321,357100
36467.3436633136,29014.8547422003,14526.5155264719,7160.76276697193,5820.31389816527,357200
36440.6319903325,28992.7803373109,14510.729089012,7151.44215723303,5812.30248110068,357300
36413.9370327853,28970.7204705091,14494.9586725464,7142.13312053028,5804.28473559131,357400
36387.2587841992,28948.6751354358,14479.338062336,7132.83564356759,5796.08099174281,357500
36360.5972380978,28925.2964940137,14463.9288381505,7123.54971306202,5787.88839015721,357600
36333.9523880002,28901.6323551258,14448.5348863993,7114.43715008464,5779.70691661923,357700
36307.3242274218,28877.9853323909,14433.1561938576,7105.3436163444,5771.53655692981,357800
36280.7127498738,28854.355416739,14417.8182654165,7096.26115204329,5763.37729690604,357900
36254.1179488638,28830.7425990994,14402.7249204867,7087.18974475758,5755.22912238122,358000
36227.5398178951,28807.1468704008,14387.6462535517,7078.12938207535,5747.09201920479,358100
36200.9783504672,28783.5682215711,14372.5822522223,7069.08005159653,5738.96597324233,358200
36174.4335400756,28759.978309149,14357.5329041168,7060.0417409329,5730.85097037555,358300
36147.905380212,28736.16720708,14342.4981968601,7051.01443770806,5722.74699650227,358400
36121.3938643643,28712.3735847149,14327.4781180846,7041.99812955742,5714.65403753643,358500
36094.8989860161,28688.5974325274,14312.4726554295,7032.99280412823,5706.57207940803,358600
36068.4207386478,28664.8387409911,14297.481796541,7023.99844907953,5698.50110806315,358700
36041.9591157353,28641.0975005791,14282.5055290725,7015.01505208217,5690.44110946395,358800
36015.5141107511,28617.3737017641,14267.5438406845,7006.04260081879,5682.3920695886,358900
35989.0857171637,28593.6673350187,14252.5967190444,6997.08108298383,5674.35397443132,359000
35962.6739284378,28569.9783908152,14237.6641518269,6988.1304862835,5666.32681000235,359100
35936.2787380345,28546.3068596256,14222.7461267135,6979.19079843578,5658.3105623279,359200
35909.9001394107,28522.6527319217,14207.8426313931,6970.26200717044,5650.30521745022,359300
35883.53812602,28499.015998175,14192.9536535614,6961.34410022897,5642.31076142748,359400
35857.1926913119,28475.3966488567,14178.0791809214,6952.43706536467,5634.32718033384,359500
35830.5215072662,28451.794674438,14163.2192011829,6943.54089034254,5626.35446025941,359600
35803.1261083008,28428.2100653896,14148.3737020632,6934.50154547936,5618.39258731021,359700
35775.7488922247,28404.6428121824,14133.5426712863,6925.43409965379,5610.4438023699,359800
35748.3898508974,28381.0929052868,14118.7260965835,6916.37797601484,5602.51377059815,359900
35721.0489761753,28357.5603351732,14103.9239656932,6907.33316145157,5594.59451585117,360000
35693.7262599122,28334.0450923117,14089.1362663609,6898.29964286616,5586.68602435609,360100
35666.421693959,28310.5471671724,14074.3629863392,6889.27740717391,5578.78828235578,360200
35639.1352701642,28287.0665502252,14059.6041133876,6880.26644130319,5570.90127610885,360300
35611.8669803732,28263.60323194,14044.859635273,6871.26673219551,5563.02499188967,360400
35584.6168164288,28240.1572027863,14030.1295397694,6862.2782668054,5555.15941598832,360500
35557.3847701712,28216.7284532339,14015.3876884475,6853.30103210051,5547.30453471059,360600
35530.1708334378,28193.3169737522,14000.3326492517,6844.33501506155,5539.46033437795,360700
35502.9749980633,28169.9227548107,13985.2927143859,6835.38020268225,5531.62680132759,360800
35475.7972558799,28146.3370911375,13970.2678705139,6826.43658196942,5523.80392191233,360900
35448.6375987171,28123.2332214091,13955.2581043083,6817.50413994291,5515.99168250064,361000
35421.4960184017,28100.0337697612,13940.7887754434,6808.58286363557,5508.19006947667,361100
35394.372506758,28076.8165734696,13927.1984606134,6799.67274009331,5500.39906924014,361200
35367.2670556075,28053.6164104783,13912.8050849494,6790.77375637503,5492.61866820642,361300
35340.1796567694,28031.2666531163,13898.2038839441,6781.88589955262,5484.84885280647,361400
35313.11030206,28009.3900437281,13883.6169436804,6773.00915671099,5477.08960948682,361500
35286.0589832934,27986.7682328148,13869.0442520107,6764.14351494803,5469.34092470959,361600
35259.0256922809,27964.1625568094,13854.4857967945,6755.28896137461,5461.60278495243,361700
35232.0104208314,27941.5730073121,13839.9415658982,6746.44548311456,5453.87517670855,361800
35205.0131607513,27918.9995759227,13825.4115471956,6737.61306730466,5446.15808648669,361900
35178.0339038442,27896.4422542398,13810.8957285677,6728.79170109468,5438.45150081108,362000
35151.0726419117,27873.9010338616,13796.3940979024,6719.98137164727,5430.75540622148,362100
35124.1293667527,27851.3759063855,13781.906643095,6711.18206613809,5423.06978927311,362200
35097.2040701635,27828.8668634081,13767.4333520478,6702.39377175566,5415.39463653668,362300
35070.2967439381,27806.8444446093,13752.9742126704,6693.61647570146,5407.72993459836,362400
35043.4073798682,27784.968186767,13738.5292128794,6684.85016518984,5400.07567005973,362500
35016.5359697429,27763.1070269822,13724.0983405986,6676.09482744809,5392.43182953785,362600
34989.6825053488,27741.2609578655,13709.6815837592,6667.35044971635,5384.79839966516,362700
34962.8469784705,27719.4299720261,13695.0567747854,6658.61701924767,5377.17536708953,362800
34936.0293808897,27697.6140620721,13679.9183492746,6649.89452330795,5369.56271847418,362900
34909.2297043863,27675.8132206102,13664.7956579468,6641.18294917598,5361.96044049776,363000
34882.4479407376,27654.0274402456,13649.6886861908,6632.48228414339,5354.36851985422,363100
34855.6840817183,27632.2567135825,13634.5974194059,6623.79251551465,5346.88169193231,363200
34828.9381191012,27610.5010332236,13619.5218430017,6615.11363060708,5339.4755024805,363300
34802.2100446566,27588.7603917703,13605.115030029,6606.44561675081,5332.07916796517,363400
34775.4998501526,27567.034781823,13590.8447262967,6597.78846128881,5324.69267607626,363500
34748.8075273549,27545.3241959806,13576.5883633394,6589.14215157687,5317.31601451738,363600
34722.1330680271,27523.6286268408,13562.3459292545,6580.50667498353,5309.94917100588,363700
34695.4764639303,27501.9480670002,13548.1174121464,6571.88201889018,5302.59213327278,363800
34668.8377068237,27480.2825090541,13533.9028001264,6563.26817069098,5295.24488906279,363900
34642.216788464,27458.6319455966,13519.7020813133,6554.66511779284,5287.90742613427,364000
34615.6137006058,27436.9454783635,13505.5152438325,6546.07284761547,5280.57973225925,364100
34589.0284350015,27415.1690992065,13491.1146362774,6537.49134759131,5273.26179522341,364200
34562.4609834014,27393.4079437035,13476.7065714148,6528.92060516557,5265.95360282604,364300
34535.9113375534,27371.662004175,13462.3128865452,6520.3606077962,5258.65514288006,364400
34509.3794892035,27349.9312729401,13447.9335690191,6511.81134295385,5251.36640321201,364500
34482.8654300954,27328.2157423169,13433.5686061953,6503.27279812194,5244.08737166202,364600
34456.3691519708,27306.515404623,13419.2179854402,6494.74496079657,5236.81803608377,364700
34429.8906465692,27284.8302521746,13404.8816941287,6486.22781848656,5229.55838434459,364800
34403.429905628,27263.1602772872,13390.5597196434,6477.72135871342,5222.3084043253,364900
34376.9869208825,27241.5054722754,13376.2520493753,6469.22556901134,5215.06808392031,365000
34350.561684066,27219.8658294529,13361.9586707231,6460.65136421935,5207.83741103756,365100
34324.1541869097,27197.2618114507,13347.5116839309,6451.91511810233,5200.61637359851,365200
34297.7644211428,27174.6531515013,13332.9449244487,6443.1902034821,5193.40495953815,365300
34271.3923784923,27152.0612562357,13318.3930642977,6434.47660660335,5186.20315680495,365400
34245.0380506833,27129.4861162054,13303.856089942,6425.77431372559,5179.01095336091,365500
34218.701429439,27106.927721962,13289.3339878547,6417.08331112305,5171.82833718148,365600
34192.3825064804,27084.3860640575,13274.8267445181,6408.40358508475,5164.65529625559,365700
34166.0812735266,27063.2950040318,13260.3343464237,6399.73512191442,5157.49181858563,365800
34139.7977222949,27042.2306351689,13245.8567800723,6391.07790793053,5150.33789218744,365900
34113.5318445003,27021.1806436515,13231.3940319737,6382.43192946629,5143.19350509027,366000
34087.2836318562,27000.1450225325,13216.9460886471,6373.79717286957,5136.05864533684,366100
34061.0530760738,26979.1237648637,13202.5129366207,6365.17362450298,5128.93330098323,366200
34034.8401688626,26958.1168636955,13187.9761304845,6356.72666798401,5121.81746009896,366300
34008.6449019301,26937.1243120771,13173.3872204255,6348.36017237558,5114.71111076691,366400
33982.4672669818,26916.1461030565,13158.8134713801,6340.00421741192,5107.61424108336,366500
33956.3072557216,26895.1822296803,13144.2548692739,6331.65879071713,5100.52683915794,366600
33931.0896637402,26874.232684994,13129.711400043,6323.32387992803,5093.44889311364,366700
33905.9754074309,26853.2974620417,13115.1830496332,6314.99947269414,5086.3803910868,366800
33880.8772213313,26832.3765538666,13100.6698040004,6306.6855566777,5079.32132122707,366900
33855.7950986468,26811.4699535104,13086.1716491104,6298.38211955363,5072.27167169743,367000
33830.7290325802,26790.5776540137,13071.688570939,6290.08914900954,5065.23143067418,367100
33805.6790163313,26769.699648416,13057.547884506,6281.80663274569,5058.2005863469,367200
33780.6450430974,26748.7187204483,13043.4506993477,6273.5561237805,5051.17912691845,367300
33755.6271060731,26726.4477489039,13029.3677703529,6265.33040779563,5044.16704060499,367400
33730.6251984503,26703.814781268,13015.2990847359,6257.11501366652,5037.16431563591,367500
33705.6393134183,26681.199018519,13001.2446297196,6248.90992932685,5030.17094025386,367600
33680.6694441637,26658.6004504845,12987.3167835922,6240.71514272265,5023.18690271474,367700
33655.7155838705,26636.0048483665,12973.4591583781,6232.53064181224,5016.21219128766,367800
33630.77772572,26613.4050415357,12959.6842752412,6224.35641456629,5009.24679425497,367900
33605.8558628911,26590.8224548249,12945.9878242745,6216.19244896776,5002.29069991218,368000
33580.9499885598,26568.2570780086,12932.0493356294,6208.03873301193,4995.34389656805,368100
33556.0600958998,26545.7089008626,12918.1668181645,6199.89525470637,4988.40637254446,368200
33531.1861780822,26523.1779131641,12904.3782123801,6191.76200207091,4981.4781161765,368300
33507.0638241484,26500.6641046916,12890.6033739742,6183.63896313767,4974.55911581241,368400
33485.9638491362,26478.1674652247,12876.8422907959,6175.52612595106,4967.64935981356,368500
33464.8747179533,26455.6879845447,12863.0949507022,6167.4234785677,4960.74883655448,368600
33443.7964281827,26433.2256524339,12849.361341558,6159.3310090565,4953.8575344228,368700
33422.7289774029,26410.7804586762,12835.6414512362,6151.24870549858,4946.97544181927,368800
33401.6723631879,26388.3523930568,12822.0352193959,6143.17655598731,4940.10254715773,368900
33380.6265831074,26365.9414453621,12808.5416335823,6135.11454862827,4933.23883886513,369000
33359.5916347265,26343.5476053803,12795.0968986053,6127.06267153926,4926.38430538149,369100
33338.5675156062,26321.1708629005,12781.8117052283,6119.02091285028,4919.53893515987,369200
33317.5542233026,26298.8112077136,12768.5393691856,6110.98926070353,4912.70271666641,369300
33296.5517553679,26276.4686296117,12755.2798795794,6102.96770325338,4905.8756383803,369400
33275.5601093496,26254.1431183883,12742.0332255185,6094.95622866641,4899.05768879373,369500
33254.5792827908,26231.8346638386,12728.7993961183,6086.95482512132,4892.24885641192,369600
33233.6092732306,26209.4293959652,12715.5783805007,6078.96348080903,4885.44912975312,369700
33212.6500782032,26186.913055924,12702.3701677938,6070.98218393255,4878.65849734854,369800
33191.7016952389,26164.414148271,12689.1747471326,6063.01092270708,4871.8769477424,369900
33170.7641218635,26141.9326623478,12675.9921076584,6055.04968535993,4865.1044694919,370000
33149.8373555983,26119.4685874979,12662.822238519,6047.09846013052,4858.34105116717,370100
33128.9213939606,26097.0219130667,12649.3839186592,6039.15723527043,4851.5866813513,370200
33108.0162344632,26076.1657616132,12635.9342210806,6031.2259990433,4844.84134864035,370300
33087.1218746147,26055.3520956816,12622.4979104885,6023.30473972489,4838.10504164327,370400
33065.0249860378,26034.5531676655,12609.0749750886,6015.39344560305,4831.37774898193,370500
33040.7198153698,26013.768969817,12595.665403094,6007.4921049777,4824.65945929113,370600
33016.4301277384,25992.9994943879,12582.2691827257,5999.60070616084,4817.95016121854,370700
32992.1559165643,25972.2447336299,12568.8863022123,5991.71923747652,4811.24984342471,370800
32967.8971752659,25951.5046797943,12555.51674979,5983.84768726086,4804.55849458306,370900
32943.653897259,25930.7793251321,12542.1605137027,5975.986043862,4797.87610337989,371000
32919.4260759571,25910.0686618942,12528.817582202,5968.13429564015,4791.20265851433,371100
32895.2137047714,25889.3726823312,12515.487943547,5960.29243096751,4784.53814869833,371200
32871.0167771107,25868.6913786936,12502.1715860046,5952.46043822832,4777.88361753335,371300
32846.8352863811,25848.0247432315,12488.8684978493,5944.63830581882,4771.27617234891,371400
32822.669225987,25827.3727681949,12475.5786673633,5936.86497841731,4764.67752317555,371500
32798.5185893298,25806.7354458336,12462.2798581207,5929.11543236931,4758.08765898002,371600
32774.3833698089,25784.1018163013,12448.9622354007,5921.37557325781,4751.50656874151,371700
32750.2635608213,25761.4845210224,12435.6579487419,5913.64538978802,4744.93424145165,371800
32726.1243399948,25738.885225272,12422.3669862911,5905.92487067668,4738.37066611451,371900
32701.809985882,25716.3039174917,12409.0927755706,5898.21400465211,4731.81583174655,372000
32677.5113358739,25693.7405861259,12395.9411415003,5890.51278045412,4725.26972737668,372100
32653.2283830792,25671.1952196216,12382.8025529111,5882.82118683411,4718.73234204614,372200
32628.9611206044,25649.7073383605,12369.6769983502,5875.13921255496,4712.20366480862,372300
32604.709541554,25628.7715338217,12356.5644663723,5867.46684639109,4705.68368473015,372400
32580.4736390303,25607.8509729654,12343.4649455394,5859.80407712839,4699.1723908891,372500
32556.2534061336,25586.9456473516,12330.3784244209,5852.15089356429,4692.66977237624,372600
32532.0488359621,25566.0555485404,12317.3048915938,5844.50728450768,4686.17581829464,372700
32507.8599216117,25545.1806680923,12304.2443356422,5836.87323877895,4679.69051775971,372800
32483.6866561765,25524.3209975684,12291.1967451578,5829.25152933836,4673.21385989919,372900
32459.5290327485,25503.4765285301,12277.9517929796,5821.64315480217,4666.74583385311,373000
32435.3870444177,25482.6472525392,12264.5133806709,5814.04429287392,4660.28642877379,373100
32411.2606842719,25461.8331611578,12251.0888039519,5806.45493245233,4653.83563382585,373200
32387.1499453971,25441.0342459487,12237.6780500616,5798.87506244752,4647.39343818619,373300
32363.0548208771,25420.2504984748,12224.2811062479,5791.30467178098,4640.95983104394,373400
32338.9753037938,25399.4819102998,12210.897959768,5783.74374938556,4634.83200042404,373500
32314.9113872272,25378.7284729877,12197.528597888,5776.19228420551,4628.95875413932,373600
32290.8630642552,25357.9901781029,12184.1730078833,5768.65026519639,4623.09262293322,373700
32266.8303279538,25337.2670172103,12170.8311770381,5761.11768132513,4617.23359879614,373800
32242.813171397,25316.5589818754,12157.503092646,5753.59452156999,4611.38167372632,373900
32218.8115876569,25295.8660636641,12144.1887420095,5746.08077492057,4605.44759045462,374000
32194.8255698037,25275.1882541428,12130.8881124402,5738.57643037778,4598.94241459625,374100
32170.8551109056,25254.5255448784,12117.6011912587,5731.08147695383,4592.44609923313,374200
32146.900204029,25233.8779274385,12104.3930255553,5723.59590367228,4585.95863295174,374300
32122.9608422383,25213.2453933908,12091.2795269251,5716.11969956793,4579.48000435191,374400
32099.0370185962,25192.6279343041,12078.179389198,5708.65285368689,4573.01020204678,374500
32075.1287261633,25172.0255417473,12065.0926001918,5701.19535508657,4566.54921466286,374600
32051.2359579985,25151.43820729,12052.0191477326,5693.74719283562,4560.09703083992,374700
32027.3587071587,25130.8659225025,12038.9590196552,5686.30835601396,4553.65363923104,374800
32003.4969666991,25110.3086789554,12025.9122038029,5678.87883371276,4547.2190285026,374900
31979.650729673,25089.7664682202,12012.9292290244,5671.45861503447,4540.79318733423,375000
31955.819989132,25069.2392818687,12000.1981873288,5664.04768909273,4534.37610441881,375100
31932.0047381257,25048.7271114734,11987.4797874772,5656.64434535095,4527.96776846249,375200
31908.204969702,25028.2299486076,11974.774018328,5649.1893295101,4521.56816818464,375300
31884.420676907,25007.6457399147,11962.080868747,5641.74373832771,4515.17729231784,375400
31860.6518527852,24987.0229858559,11949.400327607,5634.30756065158,4508.79512960789,375500
31836.8984903789,24966.4154702881,11936.7323837886,5626.88078534116,4502.42166881377,375600
31813.1605827292,24945.8231845034,11924.0770261792,5619.46340126761,4496.05689870767,375700
31789.438122875,24925.2461197947,11911.4342436738,5612.05539731375,4489.70080807492,375800
31765.7311038537,24904.6842674559,11898.8040251748,5604.65676237403,4483.35338571401,375900
31742.0395187009,24884.1376187817,11886.1863595916,5597.26748535458,4477.0146204366,376000
31718.3633604506,24863.6061650676,11873.2186407819,5589.88755517313,4470.68450106744,376100
31694.7026221349,24843.0898976101,11860.2209535772,5582.51696075907,4464.36301644444,376200
31671.0572967844,24822.5888077067,11847.236663702,5575.15569105341,4458.05015541858,376300
31647.427377428,24802.1028866556,11834.2657587548,5567.80373500875,4451.74590685396,376400
31623.8128570927,24781.6321257561,11821.308226343,5560.48762427124,4445.45025962776,376500
31600.2137288042,24761.1765163083,11808.3640540831,5553.2096028669,4439.16320263021,376600
31576.6299855862,24740.7360496134,11795.4332296004,5545.94071657624,4432.88472476462,376700
31553.0616204611,24720.3107169734,11782.5157405292,5538.6809546733,4426.61481494732,376800
31529.5086264493,24699.9005096913,11769.6115745127,5531.43030644324,4420.35346210768,376900
31505.9709965701,24679.5054190711,11756.720719203,5524.18876118238,4414.1006551881,377000
31482.4487238406,24659.1254364178,11743.8431622614,5516.95630819811,4407.85638314397,377100
31458.9418012767,24638.7605530373,11730.9788913578,5509.73293680897,4401.65819566086,377200
31435.4502218926,24618.4107602365,11718.3259962553,5502.51863634457,4395.51902783697,377300
31411.973978701,24598.0760493234,11705.7414204797,5495.31339614561,4389.38811431779,377400
31388.5130647128,24577.7564116068,11693.1695385953,5488.1172055639,4383.26544461374,377500
31365.0674729377,24557.4518383968,11680.6103391676,5480.9300539623,4377.15100824735,377600
31341.6371963835,24537.1623210042,11668.0638107702,5473.75193071474,4371.04479475319,377700
31318.2222280567,24516.8878507412,11655.5299419846,5466.5828252062,4364.94679367792,377800
31294.8225609622,24496.6284189208,11643.0087213998,5459.42272683272,4358.85699458023,377900
31271.4381881035,24476.3840168569,11630.5001376131,5452.27162500137,4352.77538703085,378000
31248.0691024823,24456.1546358649,11618.0041792295,5445.12950913026,4346.70196061255,378100
31224.7152970992,24435.9402672608,11605.5208348618,5437.99636864852,4340.6367049201,378200
31201.3767649529,24415.740902362,11593.0500931307,5430.87219299629,4334.57960956029,378300
31178.0534990411,24395.5565324868,11580.5919426648,5423.75697162472,4328.5306641519,378400
31154.7454923596,24375.3871489547,11568.1463721005,5416.65069399595,4322.48985832569,378500
31131.452737903,24355.2327430862,11555.7133700821,5409.55334958312,4316.45718172439,378600
31108.1752286644,24335.0933062029,11543.2929252619,5402.46492787033,4310.43262400268,378700
31084.9129576354,24314.9688296277,11530.8850262997,5395.38541835268,4304.41617482723,378800
31061.6659178063,24294.8593046843,11518.4896618634,5388.31481053621,4298.40782387661,378900
31038.4341021658,24274.7647226978,11506.1068206289,5381.25309393793,4292.40756084131,379000
31015.2175037016,24254.6850749943,11493.7364912796,5374.20025808579,4286.41537542377,379100
30992.0161153994,24234.6203529012,11481.3786625071,5367.15629251868,4280.43125733831,379200
30968.7059654382,24214.5705477467,11469.0333230106,5360.1211867864,4274.45519631116,379300
30944.9177524079,24194.5356508606,11456.7004614973,5353.0949304497,4268.48718208042,379400
30921.1456645772,24174.5156535736,11444.3800666822,5346.07751308023,4262.52720439605,379500
30897.38969399,24154.5105472175,11432.0721272882,5339.06892426054,4256.57525301991,379600
30873.6498326899,24134.5203231256,11419.7766320459,5332.06915358409,4250.63131772565,379700
30849.9260727195,24114.5449726321,11407.493569694,5325.0781906552,4244.69538829883,379800
30826.2184061208,24094.5844870725,11395.2229289789,5318.09602508909,4238.76745453677,379900
30802.526824935,24074.467215606,11382.9646986548,5311.12264651185,4232.84750624863,380000
30778.8513212028,24053.903141729,11370.7188674838,5304.15804456042,4226.9355332554,380100
30755.191886964,24033.3549722563,11358.485424236,5297.2022088826,4221.03152538983,380200
30731.5485142577,24012.8226973151,11346.2643576891,5290.25512913703,4215.13547249646,380300
30707.9211951224,23992.3063070348,11334.0556566289,5283.31679499319,4209.2473644316,380400
30684.309921596,23971.8057915469,11321.8593098487,5276.38719613138,4203.36719106334,380500
30660.7146857156,23951.3211409852,11309.8275192131,5269.46632224274,4197.49494227148,380600
30637.1354795178,23930.8523454857,11297.8793970057,5262.55416302919,4191.6306079476,380700
30613.5722950384,23910.3993951867,11285.9431227633,5255.65070820347,4185.78662303422,380800
30590.0251243128,23889.9622802286,11274.0186860141,5248.75594748912,4179.95082196925,380900
30566.4939593756,23869.5409907542,11262.1060762936,5241.86987062044,4174.12286974231,381000
30542.9787922607,23849.1355169085,11250.2052831443,5234.99246734254,4168.30275636286,381100
30519.4796150018,23828.7458488388,11238.3162961155,5228.12372741127,4162.49047185191,381200
30495.9964196316,23808.3719766947,11226.4391047637,5221.26364059325,4156.68600624202,381300
30472.5291981823,23788.013890628,11214.5736986524,5214.41219666585,4150.88934957731,381400
30449.0779426859,23767.6715807928,11202.7200673519,5207.56938541718,4145.10049191339,381500
30425.6426451732,23747.3450373456,11190.8782004399,5200.7351966461,4139.31942331743,381600
30402.2232976751,23727.034250445,11179.0480875007,5193.90962016217,4133.5461338681,381700
30378.8198922216,23706.7392102522,11167.2297181258,5187.09264578568,4127.78061365555,381800
30355.4324208421,23686.4599069305,11155.470979582,5180.28426334763,4122.02285278142,381900
30332.0608755658,23666.1963306457,11143.7524130767,5173.48446268973,4116.27284135885,382000
30308.7052484211,23645.9484715656,11132.0453955297,5166.69323366435,4110.5305695124,382100
30285.365531436,23625.7163198607,11120.3499168071,5159.91056613457,4104.79602737813,382200
30262.0417166381,23605.4998657037,11108.6659667817,5153.13644997414,4099.06920510351,382300
30240.8780715256,23585.2990992697,11096.9935353333,5146.37087506748,4093.35009284746,382400
30220.0587576447,23565.114010736,11085.332612348,5139.61383130965,4087.63868078032,382500
30199.2517185789,23544.9445902826,11073.6831877189,5132.86530860637,4081.93495908382,382600
30178.45694979,23524.7908280915,11062.0452513456,5126.12529687401,4076.23891795111,382700
30157.6744467371,23504.6527143473,11050.4187931347,5119.39378603955,4070.63767369794,382800
30136.9042048768,23484.530239237,11038.8038029993,5112.67076604062,4065.09873455737,382900
30116.1462196633,23464.4233929498,11027.2002708592,5105.95622682545,4059.56705568077,383000
30095.4004865485,23444.3321656776,11015.6081866409,5099.25015835287,4053.86220759082,383100
30074.6670009817,23424.2565476145,11004.0275402777,5092.55255059232,4048.07142901748,383200
30053.94575841,23404.196528957,10992.3437383007,5085.86339352383,4042.28864725838,383300
30032.6052719268,23384.1520999041,10980.4614842505,5079.182677138,4036.52829013162,383400
30010.1795219946,23364.1232506573,10968.5913314129,5072.51039143602,4030.87906248396,383500
29987.7684845291,23344.1099714205,10956.7332687019,5065.84652642963,4025.23746758896,383600
29965.3721526436,23324.1122523998,10944.8872850399,5059.19107214113,4019.60349567242,383700
29942.9905194503,23304.1300838042,10933.053369357,5052.54401860336,4013.97713697154,383800
29920.6235780602,23284.1634558447,10921.2315105912,5045.90535585973,4008.35838173497,383900
29898.2713215836,23264.212358735,10909.4216976887,5039.27507396413,4002.74722022273,384000
29875.9337431295,23244.2767826914,10897.6239196035,5032.65316298101,3997.14364270622,384100
29853.6108358059,23224.3567179324,10885.8381652976,5026.03961298533,3991.54763946822,384200
29831.3025927199,23204.4521546792,10874.0644237409,5019.43441406253,3985.9592008029,384300
29809.0090069775,23184.5630831552,10862.3026839113,5012.83755630858,3980.37831701574,384400
29786.7300716838,23164.6894935867,10850.5529347947,5006.2490298299,3974.80497842358,384500
29764.4657799427,23144.8313762023,10838.815165385,4999.66882474344,3969.2391753546,384600
29742.2161248575,23124.9887212329,10827.0893646837,4993.09693117657,3963.68089814828,384700
29719.9810995302,23105.1615189123,10815.3755217008,4986.53333926714,3958.13013715542,384800
29697.760697062,23085.3497594767,10803.6736254537,4979.9471934041,3952.58688273813,384900
29675.554910553,23065.5534331646,10791.9836649682,4973.27268796679,3947.05112526978,385000
29653.3637331026,23046.4382049806,10780.3056292777,4966.60679325375,3941.52285513503,385100
29631.1871578092,23027.6437859125,10768.6395074237,4959.95304235933,3936.0020627298,385200
29609.02517777,23008.8631434562,10756.9852884557,4953.30984345566,3930.48873846128,385300
29586.8777860816,22990.0962697099,10745.342961431,4946.67520935548,3924.98287274788,385400
29564.7449758397,22971.3431567727,10733.7125154149,4940.04912965179,3919.48445601925,385500
29542.6267401389,22952.6037967449,10722.0939394807,4933.43159394902,3913.99347871627,385600
29520.523072073,22933.8781817279,10710.4872227095,4926.82259186291,3908.50993129103,385700
29498.433964735,22915.166303824,10698.8923541904,4920.22211302063,3903.0338042068,385800
29476.359411217,22896.4681551369,10687.3093230205,4913.63014706067,3897.56508793806,385900
29454.2994046101,22877.7837277711,10675.7381183048,4907.04668363289,3892.10377297046,386000
29432.2539380047,22859.1130138325,10664.1787291561,4900.47171239844,3886.64984980082,386100
29410.2230044904,22840.4560054278,10652.6311446952,4893.90522302987,3881.20330893711,386200
29388.2065971558,22821.8126946652,10641.0953540509,4887.34720521098,3875.76414089845,386300
29366.2047090887,22803.1830736536,10629.593180764,4880.79764863693,3870.33233621509,386400
29344.2173333763,22784.5671345035,10618.3578683824,4874.25654301413,3864.9078854284,386500
29322.2444631047,22765.964869326,10607.1337223484,4867.72387806031,3859.49077909088,386600
29300.2860913594,22747.3762702339,10595.9207327256,4861.19964350446,3854.08100776612,386700
29278.3146625782,22728.8013293409,10584.7188895845,4854.68382908687,3848.6785620288,386800
29256.2676691755,22710.2400387618,10573.5281830023,4848.17642455905,3843.28343246468,386900
29234.2353248782,22691.6923906126,10562.3486030632,4841.67741968379,3837.89560967059,387000
29212.2176226046,22673.1583770106,10551.180139858,4835.18680423507,3832.51508425442,387100
29190.2145552726,22654.6379900743,10540.0227834844,4828.70456799818,3827.14184683511,387200
29168.2261157993,22636.131221923,10528.8765240469,4822.23070076955,3821.77588804264,387300
29146.2522971013,22617.6380646778,10517.7413516569,4815.76519235686,3816.41719851801,387400
29124.2930920944,22599.1585104606,10506.6172564325,4809.30803257899,3811.06576891322,387500
29102.3484936938,22580.6759354898,10495.5042284987,4802.85921126601,3805.72158989131,387600
29080.4184948142,22562.1869874012,10484.4022579873,4796.41871825914,3800.38465212629,387700
29058.5030883697,22543.7116800212,10473.3113350368,4789.98654341082,3795.05494630315,387800
29036.6022672736,22525.2500054067,10462.2314497927,4783.5626765846,3789.73246311787,387900
29014.7160244389,22506.8019556163,10451.1625924071,4777.14710765524,3784.41719327738,388000
28992.8443527777,22488.3675227096,10440.1047530391,4770.73982650857,3779.10912749956,388100
28970.9872452017,22469.9466987476,10429.0579218545,4764.34082304162,3773.80825651323,388200
28949.1446946221,22451.5394757926,10418.0220890259,4757.9500871625,3768.51457105815,388300
28927.3166939494,22433.1458459082,10406.9972447328,4751.56760879044,3763.22806188497,388400
28905.5032360936,22414.7658011595,10395.9833791613,4745.19337785578,3757.9487197553,388500
28883.7043139642,22396.3993336126,10384.9804825046,4738.82738429996,3752.67653544159,388600
28861.9199204702,22378.0464353352,10373.9885449625,4732.46961807549,3747.41149972721,388700
28840.1500485199,22359.7070983962,10363.0075567417,4726.12006914593,3742.1536034064,388800
28818.3946910213,22341.3813148661,10352.0375080555,4719.83138828681,3736.90283728426,388900
28796.6538408818,22323.0690768163,10341.0783891243,4713.60058240352,3731.65919217675,389000
28774.9274910081,22304.77037632,10330.1301901751,4707.37769124052,3726.42265891066,389100
28753.2156343068,22286.4852054515,10319.1929014417,4701.16270532959,3721.19322832364,389200
28731.5182636838,22268.2135562867,10308.2665131648,4694.95561521266,3715.97089126413,389300
28709.8353720446,22249.9554209026,10297.3510155919,4688.75641144186,3710.7556385914,389400
28688.1669522939,22231.7107913779,10286.4463989771,4682.56508457946,3705.54746117552,389500
28666.5129973366,22213.4796597924,10275.5526535816,4676.38162519789,3700.34634989735,389600
28644.8735000765,22195.2620182275,10264.6697696731,4670.20602387972,3695.15229564852,389700
28623.2484534174,22177.057858766,10253.6125734138,4664.03827121768,3689.96528933144,389800
28601.6378502623,22158.8671734919,10242.5512913114,4657.87835781461,3684.78532185927,389900
28580.0416835142,22140.6899544909,10231.5012698837,4651.72627428348,3679.61238415593,390000
28558.4599460754,22122.5261938499,10220.4624987777,4645.58201124735,3674.44646715606,390100
28536.8926308477,22104.3758836574,10209.4349676477,4639.44555933943,3669.28756180504,390200
28515.3397307329,22086.2390160032,10198.4186661557,4633.31690920296,3664.13565905896,390300
28493.8012386319,22068.1155829786,10187.4135839713,4627.19605149133,3658.99074988462,390400
28472.2771474457,22050.0055766764,10176.4197107715,4621.08297686797,3653.85282525949,390500
28450.7674500745,22031.9089891908,10165.4370362411,4614.97767600637,3648.72187617177,390600
28429.2721394185,22014.413143886,10154.4655500723,4608.88013959013,3643.59789362028,390700
28407.7912083772,21997.4846381827,10143.5052419648,4602.79035831285,3638.48086861455,390800
28386.32464985,21980.5677260964,10132.5561016262,4596.7083228782,3633.37079217474,390900
28364.8724567359,21963.662401637,10121.6181187713,4590.63402399988,3628.26765533163,391000
28343.4346219335,21946.4604844904,10110.6912831226,4584.56745240163,3623.17144912668,391100
28322.0111383411,21928.0374456608,10099.7755844101,4578.51236110317,3618.08216461193,391200
28300.6019988566,21909.6284556872,10088.8710123715,4572.47478989446,3612.99979285004,391300
28279.2071963778,21891.2335058869,10077.9775567518,4566.41717423088,3607.92432491428,391400
28257.8267238021,21872.852587579,10067.0952073039,4560.24926147145,3602.8557518885,391500
28236.4605740264,21854.4856920848,10056.2239537879,4554.08938325245,3597.79406486712,391600
28215.1087399476,21835.9446408845,10045.3637859717,4547.93752967421,3592.73925495514,391700
28193.7712144622,21817.3769237169,10034.5146936305,4541.7936908481,3587.69131326811,391800
28172.4479904663,21798.8235757202,10023.6766665473,4535.65785689657,3582.65712177752,391900
28151.139060856,21780.8486137124,10012.8496945124,4529.53001795314,3577.63123579708,392000
28129.844418527,21762.9144673766,10002.033767324,4523.41016416234,3572.61216785836,392100
28108.5640563747,21744.9936778376,9991.22887478734,4517.29573242472,3567.59990916741,392200
28087.2979672942,21727.0862371402,9980.4350067156,4511.16772915897,3562.5944509407,392300
28066.0461441807,21709.1921373308,9969.6521529293,4505.0477469825,3557.59578440514,392400
28044.8085799288,21691.3113704574,9958.88030325656,4498.93577595533,3552.60390079799,392500
28023.5852674331,21673.4439285698,9948.11944753298,4492.83180614868,3547.61879136693,392600
28002.3761995878,21655.5898037193,9937.36957560174,4486.73582764497,3542.64044737002,392700
27981.1813692872,21637.7489879589,9926.63067731351,4480.64783053781,3537.66886007568,392800
27959.9760559163,21619.1161460547,9915.90274252649,4474.56780493199,3532.70402076269,392900
27938.770839678,21600.4863481799,9905.18576110641,4468.63308904974,3527.74592072018,393000
27917.579900766,21581.8712111113,9894.4797229265,4462.61187470222,3522.79455124761,393100
27896.4032320091,21563.2707253268,9883.78461786753,4456.55965672587,3517.84990365478,393200
27875.2408262359,21544.6848813072,9873.10043581778,4450.51535895253,3512.91196926179,393300
27854.0926762751,21526.1136695364,9862.42716667303,4444.47897156777,3507.98073939906,393400
27832.9587749552,21508.2985667294,9851.76480033658,4438.45048476822,3503.0562054073,393500
27811.8391151045,21490.8410125382,9841.11332671924,4432.42988876156,3498.1383586375,393600
27790.7336895514,21473.3962421145,9830.32328203713,4426.41717376654,3493.22719045095,393700
27769.6424911241,21455.9642480358,9819.54008842944,4420.41233001296,3488.32269221918,393800
27748.5655126506,21438.5450228808,9808.76809100312,4414.42408915536,3483.42485532397,393900
27727.5027469593,21421.1385592295,9798.00727918465,4408.44830161639,3478.53367115737,394000
27706.4541868779,21403.7448496632,9787.25764240865,4402.48032011211,3473.64913112165,394100
27685.4198252347,21386.3638867647,9776.5191701179,4396.52013498647,3468.77122662931,394200
27664.3996548573,21368.995663118,9765.7918517633,4390.62302946435,3463.89994910304,394300
27643.4324452885,21351.5924286194,9755.07567680387,4384.7637888924,3459.03528997578,394400
27623.5638594871,21334.0723774222,9744.37063470677,4378.91208614058,3454.17724069061,394500
27603.7077903472,21316.5653488422,9733.67671494728,4373.06791204302,3449.32579270083,394600
27583.8642323057,21297.5985466529,9722.9939070088,4367.23916361423,3444.48093746991,394700
27564.0331797984,21278.5530136146,9712.32220038287,4361.43799466372,3439.64266647146,394800
27544.2146272604,21259.5231644189,9701.6615845691,4355.64425280042,3434.81097118926,394900
27524.237029503,21240.5089881425,9691.01204907526,4349.94265675377,3429.98584311723,395000
27502.2950448364,21221.5104738665,9680.37358341719,4344.30198628612,3425.16727375942,395100
27480.3688014978,21202.5276106762,9669.74617711889,4338.66835288967,3420.35525462999,395200
27458.4582906208,21183.5603876617,9659.1595156028,4333.04174829897,3415.54977725325,395300
27436.56350334,21164.6087939171,9648.69682127285,4327.4221642573,3410.75083316356,395400
27414.6844307914,21145.6728185412,9638.2448473514,4321.80959251666,3405.95841390539,395500
27393.1485388769,21126.7524506372,9627.80358386498,4316.20402483773,3401.17251103332,395600
27372.4445662839,21107.8476793126,9617.37302084762,4310.60545298991,3396.39311611196,395700
27351.7544974696,21089.1573553124,9606.9531483409,4305.01386875129,3391.62022071601,395800
27331.0783254448,21071.2872542513,9596.54395639387,4299.42926390863,3386.85381643018,395900
27310.4160432201,21053.4309552491,9586.14543506311,4293.85163025737,3382.09389484927,396000
27289.6927151729,21035.5884495598,9575.7575744127,4288.28095960162,3377.34044757808,396100
27268.9777324325,21017.7597284405,9565.38036451423,4282.71724375416,3372.59346623144,396200
27248.2767384612,20999.9447831504,9555.01379544678,4277.16047453642,3367.85294243418,396300
27227.5897261505,20982.1436049515,9544.65785729693,4271.41138476861,3363.11886782114,396400
27206.9166883924,20964.3561851083,9534.31254015877,4265.57793060761,3358.39123403713,396500
27186.2576180788,20946.5825148877,9524.01251599811,4259.75217271742,3353.67003273698,396600
27165.6125081017,20928.8225855595,9513.84422753419,4253.9341014625,3348.95525558544,396700
27144.9813513532,20911.0742893769,9503.68619143311,4248.12370721835,3344.24689425725,396800
27124.3641407255,20893.3232627147,9493.53839834234,4242.32098037148,3339.54494043709,396900
27103.7608691109,20875.5704818285,9483.40083891622,4236.52591131943,3334.84938581959,397000
27083.1715294019,20858.0467075297,9473.27350381589,4230.73849047073,3330.16022210928,397100
27062.596114491,20840.9292951758,9463.15638370933,4224.95870824492,3325.47744102063,397200
27042.0346172708,20823.8246110729,9453.04946927134,4219.1865550725,3320.80103427802,397300
27021.4870306341,20806.732647605,9442.95275118355,4213.42202139498,3316.13099361572,397400
27000.953347474,20789.6533971577,9432.86622013442,4207.66509766478,3311.4673107779,397500
26980.4335606835,20772.5868521185,9422.7615415142,4201.91577434531,3306.80997751858,397600
26959.9276631558,20755.5330048764,9412.53539058594,4196.17404191091,3302.15898560169,397700
26939.4356477843,20738.4918478221,9402.31974493859,4190.43989084684,3297.51432680098,397800
26918.9575074627,20721.4633733483,9392.11459475641,4184.74394656713,3292.87599290006,397900
26898.4932350846,20704.447573849,9381.9199302311,4179.1936361421,3288.2439756924,398000
26878.042823544,20687.4444417203,9371.73574156188,4173.7602480115,3283.61826698126,398100
26857.6062657351,20670.4539693599,9361.56201895539,4168.33366138579,3278.99885857976,398200
26837.1835545522,20653.4761491671,9351.39875262576,4162.9138682367,3274.38574231078,398300
26816.7746828897,20636.5109735432,9341.24593279459,4157.50086054452,3269.77891000703,398400
26796.3796436424,20619.5584348912,9331.10354969091,4152.0946302981,3265.17835351101,398500
26775.9984297054,20602.6185256156,9320.97159355124,4146.69516949476,3260.58406467498,398600
26755.6310339737,20585.6912381229,9310.85005461955,4141.3024701404,3255.99603536099,398700
26735.2774493427,20568.7765648213,9300.73892314725,4135.91652424939,3251.41425744081,398800
26714.9376687082,20551.8744981208,9290.63818939319,4130.53732384464,3246.838722796,398900
26694.6116849659,20534.9850304331,9280.65725718938,4125.16486095753,3242.11620917099,399000
26674.2994910121,20518.1081541718,9270.72597432282,4119.79912762794,3237.3912689386,399100
26654.0010797431,20501.2438617522,9260.80473762543,4114.33518022925,3232.6730123955,399200
26633.7164440557,20484.3921455913,9250.893537882,4108.74683521306,3227.96143049228,399300
26613.4455768467,20467.5529981081,9240.99236588417,4103.16582352936,3223.25651419094,399400
26593.1884710133,20450.7264117233,9231.10121243037,4097.59213604471,3218.55825446488,399500
26572.945119453,20433.9123788593,9221.22006832587,4092.02576363611,3213.8666422989,399600
26552.7155150637,20417.1108919405,9211.34892438275,4086.46669719093,3209.18166868917,399700
26532.4996507434,20400.3219433929,9201.48777141989,4080.91492760695,3204.50332464322,399800
26512.2975193905,20383.8293007625,9191.63660026298,4075.37044579231,3199.83160117996,399900
26492.1091139038,20367.4277816016,9181.74350817749,4069.83324266553,3195.16648932962,4e+05
26471.9344271822,20351.0381901922,9171.72553833021,4064.30330915551,3190.50798013376,400100
