"oy_0.9","oy_0.8","oy_0.7","of_0.9","of_0.8","of_0.7","or_0.9","or_0.8","or_0.7","Escapement"
0,0,0,1,1,1,0,0,0,0
0,0,0,1,1,1,0,0,0,100
0,0,0,1,1,1,0,0,0,200
0,0,0,1,1,1,0,0,0,300
0,0,0,1,1,1,0,0,0,400
0,0,0,1,1,1,0,0,0,500
0,0,0,1,1,1,0,0,0,600
0,0,0,1,1,1,0,0,0,700
0,0,0,1,1,1,0,0,0,800
0,0,0,1,1,1,0,0,0,900
0,0,0,1,1,1,0,0,0,1000
0,0,0,1,1,1,0,0,0,1100
0,0,0,1,1,1,0,0,0,1200
0,0,0,1,1,1,0,0,0,1300
0,0,0,1,1,1,0,0,0,1400
0,0,0,1,1,1,0,0,0,1500
0,0,0,1,1,1,0,0,0,1600
0,0,0,1,1,1,0,0,0,1700
0,0,0,1,1,1,0,0,0,1800
0,0,0,1,1,1,0,0,0,1900
0,0,0,1,1,1,0,0,0,2000
0,0,0,1,1,1,0,0,0,2100
0,0,0,1,1,1,0,0,0,2200
0,0,0,1,1,1,0,0,0,2300
0,0,0,1,1,1,0,0,0,2400
0,0,0,1,1,1,0,0,0,2500
0,0,0,1,1,1,0,0,0,2600
0,0,0,1,1,1,0,0,0,2700
0,0,0,1,1,1,0,0,0,2800
0,0,0,1,1,1,0,0,0,2900
0,0,0,1,1,1,0,0,0,3000
0,0,0,1,1,1,0,0,0,3100
0,0,0,1,1,1,0,0,0,3200
0,0,0,1,1,1,0,0,0,3300
0,0,0,1,1,1,0,0,0,3400
0,0,0,1,1,1,0,0,0,3500
0,0,0,1,1,1,0,0,0,3600
0,0,0,1,1,1,0,0,0,3700
0,0,0,1,1,1,0,0,0,3800
0,0,0,1,1,1,0,0,0,3900
0,0,0,1,1,1,0,0,0,4000
0,0,0,1,1,1,0,0,0,4100
0,0,0,1,1,1,0,0,0,4200
0,0,0,1,1,1,0,0,0,4300
0,0,0,1,1,1,0,0,0,4400
0,0,0,1,1,1,0,0,0,4500
0,0,0,1,1,1,0,0,0,4600
0,0,0,1,1,1,0,0,0,4700
0,0,0,1,1,1,0,0,0,4800
0,0,0,1,1,1,0,0,0,4900
0,0,0,1,1,1,0,0,0,5000
0,0,0,1,1,1,0,0,0,5100
0,0,0,1,1,1,0,0,0,5200
0,0,0,1,1,1,0,0,0,5300
0,0,0,1,1,1,0,0,0,5400
0,0,0,1,1,1,0,0,0,5500
0,0,0,1,1,1,0,0,0,5600
0,0,0,1,1,1,0,0,0,5700
0,0,0,1,1,1,0,0,0,5800
0,0,0,1,1,1,0,0,0,5900
0,0,0,1,1,1,0,0,0,6000
0,0,0,1,1,1,0,0,0,6100
0,0,0,1,1,1,0,0,0,6200
0,0,0,1,1,1,0,0,0,6300
0,0,0,1,1,1,0,0,0,6400
0,0,0,1,1,1,0,0,0,6500
0,0,0,1,1,1,0,0,0,6600
0,0,0,1,1,1,0,0,0,6700
0,0,0,1,1,1,0,0,0,6800
0,0,0,1,1,1,0,0,0,6900
0,0,0,1,1,1,0,0,0,7000
0,0,0,1,1,1,0,0,0,7100
0,0,0,1,1,1,0,0,0,7200
0,0,0,1,1,1,0,0,0,7300
0,0,0,1,1,1,0,0,0,7400
0,0,0,1,1,1,0,0,0,7500
0,0,0,1,1,1,0,0,0,7600
0,0,0,1,1,1,0,0,0,7700
0,0,0,1,1,1,0,0,0,7800
0,0,0,1,1,1,0,0,0,7900
0,0,0,1,1,1,0,0,0,8000
0,0,0,1,1,1,0,0,0,8100
0,0,0,1,1,1,0,0,0,8200
0,0,0,1,1,1,0,0,0,8300
0,0,0,1,1,1,0,0,0,8400
0,0,0,1,1,1,0,0,0,8500
0,0,0,1,1,1,0,0,0,8600
0,0,0,1,1,1,0,0,0,8700
0,0,0,1,1,1,0,0,0,8800
0,0,0,1,1,1,0,0,0,8900
0,0,0,1,1,1,0,0,0,9000
0,0,0,1,1,1,0,0,0,9100
0,0,0,1,1,1,0,0,0,9200
0,0,0,1,1,1,0,0,0,9300
0,0,0,1,1,1,0,0,0,9400
0,0,0,1,1,1,0,0,0,9500
0,0,0,1,1,1,0,0,0,9600
0,0,0,1,1,1,0,0,0,9700
0,0,0,1,1,1,0,0,0,9800
0,0,0,1,1,1,0,0,0,9900
0,0,0,1,1,1,0,0,0,10000
0,0,0,1,1,1,0,0,0,10100
0,0,0,1,1,1,0,0,0,10200
0,0,0,1,1,1,0,0,0,10300
0,0,0,1,1,1,0,0,0,10400
0,0,0,1,1,1,0,0,0,10500
0,0,0,1,1,1,0,0,0,10600
0,0,0,1,1,1,0,0,0,10700
0,0,0,1,1,1,0,0,0,10800
0,0,0,1,1,1,0,0,0,10900
0,0,0,1,1,1,0,0,0,11000
0,0,0,1,1,1,0,0,0,11100
0,0,0,1,1,1,0,0,0,11200
0,0,0,1,1,1,0,0,0,11300
0,0,0,1,1,1,0,0,0,11400
0,0,0,1,1,1,0,0,0,11500
0,0,0,1,1,1,0,0,0,11600
0,0,0,1,1,1,0,0,0,11700
0,0,0,1,1,1,0,0,0,11800
0,0,0,1,1,1,0,0,0,11900
0,0,0,1,1,1,0,0,0,12000
0,0,0,1,1,1,0,0,0,12100
0,0,0,1,1,1,0,0,0,12200
0,0,0,1,1,1,0,0,0,12300
0,0,0,1,1,1,0,0,0,12400
0,0,0,1,1,1,0,0,0,12500
0,0,0,1,1,1,0,0,0,12600
0,0,0,1,1,1,0,0,0,12700
0,0,0,1,1,1,0,0,0,12800
0,0,0,1,1,1,0,0,0,12900
0,0,0,1,1,1,0,0,0,13000
0,0,0,1,1,1,0,0,0,13100
0,0,0,1,1,1,0,0,0,13200
0,0,0,1,1,1,0,0,0,13300
0,0,0,1,1,1,0,0,0,13400
0,0,0,1,1,1,0,0,0,13500
0,0,0,1,1,1,0,0,0,13600
0,0,0,1,1,1,0,0,0,13700
0,0,0,1,1,1,0,0,0,13800
0,0,0,1,1,1,0,0,0,13900
0,0,0,1,1,1,0,0,0,14000
0,0,0,1,1,1,0,0,0,14100
0,0,0,1,1,1,0,0,0,14200
0,0,0,1,1,1,0,0,0,14300
0,0,0,1,1,1,0,0,0,14400
0,0,0.000166666666666667,1,1,0.999833333333333,0,0,0,14500
0,0,0.000166666666666667,1,1,0.999833333333333,0,0,0,14600
0,0,0.001,1,1,0.999,0,0,0,14700
0,0,0.0015,1,1,0.9985,0,0,0,14800
0,0,0.0015,1,1,0.9985,0,0,0,14900
0,0,0.0015,1,1,0.9985,0,0,0,15000
0,0,0.003,1,1,0.997,0,0,0,15100
0,0,0.00316666666666667,1,1,0.996833333333333,0,0,0,15200
0,0,0.00483333333333333,1,1,0.995166666666667,0,0,0,15300
0,0,0.00566666666666667,1,1,0.994333333333333,0,0,0,15400
0,0,0.00783333333333333,1,1,0.992166666666667,0,0,0,15500
0,0,0.00966666666666667,1,1,0.990333333333333,0,0,0,15600
0,0,0.0123333333333333,1,1,0.987666666666667,0,0,0,15700
0,0,0.0158333333333333,1,1,0.984166666666667,0,0,0,15800
0,0,0.0193333333333333,1,1,0.980666666666667,0,0,0,15900
0,0,0.025,1,1,0.975,0,0,0,16000
0,0,0.0288333333333333,1,1,0.971166666666667,0,0,0,16100
0,0,0.0345,1,1,0.9655,0,0,0,16200
0,0,0.041,1,1,0.959,0,0,0,16300
0,0,0.0478333333333333,1,1,0.952166666666667,0,0,0,16400
0,0,0.056,1,1,0.944,0,0,0,16500
0,0,0.0658333333333333,1,1,0.934166666666667,0,0,0,16600
0,0,0.0748333333333333,1,1,0.925166666666667,0,0,0,16700
0,0,0.086,1,1,0.914,0,0,0,16800
0,0,0.0985,1,1,0.9015,0,0,0,16900
0,0,0.111166666666667,1,1,0.888833333333333,0,0,0,17000
0,0,0.127666666666667,1,1,0.872333333333333,0,0,0,17100
0,0,0.145666666666667,1,1,0.854333333333333,0,0,0,17200
0,0,0.162,1,1,0.838,0,0,0,17300
0,0,0.179666666666667,1,1,0.820333333333333,0,0,0,17400
0,0,0.196833333333333,1,1,0.803166666666667,0,0,0,17500
0,0,0.217833333333333,1,1,0.782166666666667,0,0,0,17600
0,0,0.234666666666667,1,1,0.765333333333333,0,0,0,17700
0,0,0.256666666666667,1,1,0.743333333333333,0,0,0,17800
0,0,0.280333333333333,1,1,0.719666666666667,0,0,0,17900
0,0,0.301833333333333,1,1,0.698166666666667,0,0,0.000166666666666667,18000
0,0.000166666666666667,0.327666666666667,1,0.999833333333333,0.672333333333333,0,0,0.000166666666666667,18100
0,0.000333333333333333,0.357,1,0.999666666666667,0.643,0,0,0.000166666666666667,18200
0,0.001,0.382833333333333,1,0.999,0.617166666666667,0,0,0.000166666666666667,18300
0,0.00133333333333333,0.407333333333333,1,0.998666666666667,0.592666666666667,0,0,0.000166666666666667,18400
0,0.0015,0.432333333333333,1,0.9985,0.567666666666667,0,0,0.000166666666666667,18500
0,0.0015,0.455166666666667,1,0.9985,0.544833333333333,0,0,0.000166666666666667,18600
0,0.0015,0.477166666666667,1,0.9985,0.522833333333333,0,0,0.000166666666666667,18700
0,0.00233333333333333,0.499,1,0.997666666666667,0.501,0,0,0.000166666666666667,18800
0,0.003,0.526333333333333,1,0.997,0.473666666666667,0,0,0.000166666666666667,18900
0,0.0035,0.546666666666667,1,0.9965,0.453333333333333,0,0,0.000333333333333333,19000
0,0.00483333333333333,0.569,1,0.995166666666667,0.431,0,0,0.000833333333333333,19100
0,0.00583333333333333,0.588666666666667,1,0.994166666666667,0.411333333333333,0,0,0.001,19200
0,0.00783333333333333,0.609333333333333,1,0.992166666666667,0.390666666666667,0,0,0.00116666666666667,19300
0,0.009,0.632166666666667,1,0.991,0.367833333333333,0,0,0.00116666666666667,19400
0,0.0105,0.653166666666667,1,0.9895,0.346833333333333,0,0,0.0015,19500
0,0.0135,0.673666666666667,1,0.9865,0.326333333333333,0,0,0.0015,19600
0,0.017,0.694833333333333,1,0.983,0.305166666666667,0,0,0.00166666666666667,19700
0,0.0196666666666667,0.713166666666667,1,0.980333333333333,0.286833333333333,0,0,0.00183333333333333,19800
0,0.0235,0.7315,1,0.9765,0.2685,0,0,0.002,19900
0,0.0266666666666667,0.7515,1,0.973333333333333,0.2485,0,0,0.0025,20000
0,0.031,0.768,1,0.969,0.232,0,0,0.00333333333333333,20100
0,0.035,0.782833333333333,1,0.965,0.217166666666667,0,0,0.00416666666666667,20200
0,0.0405,0.796333333333333,1,0.9595,0.203666666666667,0,0,0.0045,20300
0,0.0453333333333333,0.809,1,0.954666666666667,0.191,0,0,0.00516666666666667,20400
0,0.0513333333333333,0.822833333333333,1,0.948666666666667,0.177166666666667,0,0,0.006,20500
0,0.0596666666666667,0.8355,1,0.940333333333333,0.1645,0,0,0.00616666666666667,20600
0,0.0681666666666667,0.846,1,0.931833333333333,0.154,0,0,0.007,20700
0,0.0753333333333333,0.856833333333333,1,0.924666666666667,0.143166666666667,0,0,0.0085,20800
0,0.0838333333333333,0.867,1,0.916166666666667,0.133,0,0,0.00983333333333333,20900
0,0.0931666666666667,0.873333333333333,1,0.906833333333333,0.126666666666667,0,0,0.0118333333333333,21000
0,0.103833333333333,0.880833333333333,1,0.896166666666667,0.119166666666667,0,0,0.0123333333333333,21100
0,0.114166666666667,0.888166666666667,1,0.885833333333333,0.111833333333333,0,0,0.0143333333333333,21200
0,0.129333333333333,0.896,1,0.870666666666667,0.104,0,0,0.0158333333333333,21300
0,0.1425,0.903166666666667,1,0.8575,0.0968333333333333,0,0,0.0175,21400
0,0.156333333333333,0.908833333333333,1,0.843666666666667,0.0911666666666667,0,0,0.0191666666666667,21500
0,0.171166666666667,0.9145,1,0.828833333333333,0.0855,0,0,0.0211666666666667,21600
0,0.186,0.92,1,0.814,0.08,0,0,0.023,21700
0,0.198666666666667,0.924666666666667,1,0.801333333333333,0.0753333333333333,0,0,0.026,21800
0,0.2165,0.931,1,0.7835,0.069,0,0,0.0293333333333333,21900
0,0.230833333333333,0.936166666666667,1,0.769166666666667,0.0638333333333333,0,0,0.032,22000
0,0.2455,0.939833333333333,1,0.7545,0.0601666666666667,0,0,0.0341666666666667,22100
0,0.266166666666667,0.944333333333333,1,0.733833333333333,0.0556666666666667,0,0,0.0386666666666667,22200
0,0.284333333333333,0.948,1,0.715666666666667,0.052,0,0,0.0416666666666667,22300
0,0.301166666666667,0.950833333333333,1,0.698833333333333,0.0491666666666667,0,0,0.0468333333333333,22400
0,0.322166666666667,0.954166666666667,1,0.677833333333333,0.0458333333333333,0,0,0.0491666666666667,22500
0,0.3465,0.957166666666667,1,0.6535,0.0428333333333333,0,0,0.0538333333333333,22600
0,0.369166666666667,0.9595,1,0.630833333333333,0.0405,0,0.000166666666666667,0.0575,22700
0,0.387833333333333,0.963166666666667,1,0.612166666666667,0.0368333333333333,0,0.000166666666666667,0.0621666666666667,22800
0,0.4085,0.966333333333333,1,0.5915,0.0336666666666667,0,0.000166666666666667,0.066,22900
0.000333333333333333,0.428833333333333,0.968666666666667,0.999666666666667,0.571166666666667,0.0313333333333333,0,0.000166666666666667,0.0696666666666667,23000
5e-04,0.4485,0.97,0.9995,0.5515,0.03,0,0.000166666666666667,0.074,23100
5e-04,0.468166666666667,0.971666666666667,0.9995,0.531833333333333,0.0283333333333333,0,0.000166666666666667,0.0798333333333333,23200
0.000833333333333333,0.484833333333333,0.973333333333333,0.999166666666667,0.515166666666667,0.0266666666666667,0,0.000166666666666667,0.085,23300
0.00133333333333333,0.503333333333333,0.974833333333333,0.998666666666667,0.496666666666667,0.0251666666666667,0,0.000166666666666667,0.0908333333333333,23400
0.0015,0.526166666666667,0.976833333333333,0.9985,0.473833333333333,0.0231666666666667,0,0.000166666666666667,0.0958333333333333,23500
0.0015,0.542166666666667,0.978333333333333,0.9985,0.457833333333333,0.0216666666666667,0,0.000166666666666667,0.102333333333333,23600
0.0015,0.559,0.979833333333333,0.9985,0.441,0.0201666666666667,0,0.000166666666666667,0.107333333333333,23700
0.00166666666666667,0.5775,0.980833333333333,0.998333333333333,0.4225,0.0191666666666667,0,0.000166666666666667,0.112,23800
0.00233333333333333,0.592,0.981833333333333,0.997666666666667,0.408,0.0181666666666667,0,0.000333333333333333,0.119166666666667,23900
0.003,0.6115,0.982666666666667,0.997,0.3885,0.0173333333333333,0,5e-04,0.125666666666667,24000
0.0035,0.629,0.983833333333333,0.9965,0.371,0.0161666666666667,0,0.000833333333333333,0.132166666666667,24100
0.00416666666666667,0.647833333333333,0.985,0.995833333333333,0.352166666666667,0.015,0,0.001,0.1395,24200
0.00533333333333333,0.662,0.9855,0.994666666666667,0.338,0.0145,0,0.00116666666666667,0.146166666666667,24300
0.006,0.678,0.987166666666667,0.994,0.322,0.0128333333333333,0,0.00116666666666667,0.152833333333333,24400
0.00733333333333333,0.695833333333333,0.9875,0.992666666666667,0.304166666666667,0.0125,0,0.00116666666666667,0.159833333333333,24500
0.00866666666666667,0.711666666666667,0.988166666666667,0.991333333333333,0.288333333333333,0.0118333333333333,0,0.0015,0.169166666666667,24600
0.0095,0.724666666666667,0.9885,0.9905,0.275333333333333,0.0115,0,0.0015,0.176666666666667,24700
0.0108333333333333,0.741833333333333,0.99,0.989166666666667,0.258166666666667,0.01,0,0.00166666666666667,0.183,24800
0.0141666666666667,0.756666666666667,0.991,0.985833333333333,0.243333333333333,0.009,0,0.00166666666666667,0.192166666666667,24900
0.0168333333333333,0.769333333333333,0.991666666666667,0.983166666666667,0.230666666666667,0.00833333333333333,0,0.00183333333333333,0.2005,25000
0.0188333333333333,0.783,0.992166666666667,0.981166666666667,0.217,0.00783333333333333,0,0.002,0.208333333333333,25100
0.0211666666666667,0.792833333333333,0.992666666666667,0.978833333333333,0.207166666666667,0.00733333333333333,0,0.00266666666666667,0.216333333333333,25200
0.024,0.804666666666667,0.993166666666667,0.976,0.195333333333333,0.00683333333333333,0,0.00316666666666667,0.224666666666667,25300
0.0265,0.814833333333333,0.9935,0.9735,0.185166666666667,0.0065,0,0.00383333333333333,0.234833333333333,25400
0.0298333333333333,0.825833333333333,0.993666666666667,0.970166666666667,0.174166666666667,0.00633333333333333,0,0.00433333333333333,0.243833333333333,25500
0.0333333333333333,0.836166666666667,0.993833333333333,0.966666666666667,0.163833333333333,0.00616666666666667,0,0.0045,0.253666666666667,25600
0.0368333333333333,0.845,0.994166666666667,0.963166666666667,0.155,0.00583333333333333,0,0.00516666666666667,0.263666666666667,25700
0.0418333333333333,0.853333333333333,0.994833333333333,0.958166666666667,0.146666666666667,0.00516666666666667,0,0.00583333333333333,0.273,25800
0.0456666666666667,0.862333333333333,0.995333333333333,0.954333333333333,0.137666666666667,0.00466666666666667,0,0.00616666666666667,0.284166666666667,25900
0.0513333333333333,0.868166666666667,0.995666666666667,0.948666666666667,0.131833333333333,0.00433333333333333,0,0.00666666666666667,0.293666666666667,26000
0.057,0.874,0.995833333333333,0.943,0.126,0.00416666666666667,0,0.00716666666666667,0.302833333333333,26100
0.0623333333333333,0.879333333333333,0.995833333333333,0.937666666666667,0.120666666666667,0.00416666666666667,0,0.0085,0.313333333333333,26200
0.0686666666666667,0.8855,0.996,0.931333333333333,0.1145,0.004,0,0.0095,0.325,26300
0.0756666666666667,0.891833333333333,0.996,0.924333333333333,0.108166666666667,0.004,0,0.0108333333333333,0.336,26400
0.0833333333333333,0.899166666666667,0.996333333333333,0.916666666666667,0.100833333333333,0.00366666666666667,0,0.012,0.349666666666667,26500
0.0896666666666667,0.9035,0.996333333333333,0.910333333333333,0.0965,0.00366666666666667,0,0.0126666666666667,0.359666666666667,26600
0.0968333333333333,0.908333333333333,0.9965,0.903166666666667,0.0916666666666667,0.0035,0,0.0143333333333333,0.3685,26700
0.107333333333333,0.912833333333333,0.996666666666667,0.892666666666667,0.0871666666666667,0.00333333333333333,0,0.0155,0.3785,26800
0.115666666666667,0.918333333333333,0.996833333333333,0.884333333333333,0.0816666666666667,0.00316666666666667,0,0.0166666666666667,0.389333333333333,26900
0.127666666666667,0.9215,0.997,0.872333333333333,0.0785,0.003,0,0.018,0.399166666666667,27000
0.138833333333333,0.926166666666667,0.997,0.861166666666667,0.0738333333333333,0.003,0,0.0196666666666667,0.408166666666667,27100
0.147833333333333,0.931166666666667,0.997166666666667,0.852166666666667,0.0688333333333333,0.00283333333333333,0,0.021,0.417666666666667,27200
0.16,0.935,0.997166666666667,0.84,0.065,0.00283333333333333,0,0.0225,0.428833333333333,27300
0.172333333333333,0.9385,0.997166666666667,0.827666666666667,0.0615,0.00283333333333333,0,0.0245,0.437833333333333,27400
0.184166666666667,0.941666666666667,0.997166666666667,0.815833333333333,0.0583333333333333,0.00283333333333333,0,0.027,0.4495,27500
0.193666666666667,0.945,0.997166666666667,0.806333333333333,0.055,0.00283333333333333,0,0.0296666666666667,0.462,27600
0.207666666666667,0.948833333333333,0.997333333333333,0.792333333333333,0.0511666666666667,0.00266666666666667,0,0.0318333333333333,0.472,27700
0.221166666666667,0.950666666666667,0.997666666666667,0.778833333333333,0.0493333333333333,0.00233333333333333,0,0.0338333333333333,0.4815,27800
0.232833333333333,0.953166666666667,0.998,0.767166666666667,0.0468333333333333,0.002,0,0.0363333333333333,0.491833333333333,27900
0.244,0.956,0.998,0.756,0.044,0.002,0,0.0398333333333333,0.501333333333333,28000
0.259833333333333,0.958333333333333,0.998166666666667,0.740166666666667,0.0416666666666667,0.00183333333333333,0,0.0416666666666667,0.509833333333333,28100
0.275666666666667,0.960166666666667,0.998333333333333,0.724333333333333,0.0398333333333333,0.00166666666666667,0,0.0466666666666667,0.5195,28200
0.288333333333333,0.963333333333333,0.9985,0.711666666666667,0.0366666666666667,0.0015,0,0.049,0.533833333333333,28300
0.302166666666667,0.9655,0.9985,0.697833333333333,0.0345,0.0015,0,0.0515,0.543833333333333,28400
0.319666666666667,0.967666666666667,0.9985,0.680333333333333,0.0323333333333333,0.0015,0,0.0553333333333333,0.553333333333333,28500
0.339666666666667,0.969333333333333,0.999,0.660333333333333,0.0306666666666667,0.001,0,0.058,0.564166666666667,28600
0.358,0.970166666666667,0.999,0.642,0.0298333333333333,0.001,0,0.0613333333333333,0.5735,28700
0.374833333333333,0.971333333333333,0.999,0.625166666666667,0.0286666666666667,0.001,0,0.0645,0.580333333333333,28800
0.390666666666667,0.972833333333333,0.999166666666667,0.609333333333333,0.0271666666666667,0.000833333333333333,0,0.067,0.5885,28900
0.407166666666667,0.974333333333333,0.999166666666667,0.592833333333333,0.0256666666666667,0.000833333333333333,0,0.0703333333333333,0.5975,29000
0.4235,0.975333333333333,0.999166666666667,0.5765,0.0246666666666667,0.000833333333333333,0,0.0746666666666667,0.605666666666667,29100
0.440166666666667,0.9775,0.999166666666667,0.559833333333333,0.0225,0.000833333333333333,0.000166666666666667,0.0791666666666667,0.614333333333333,29200
0.455166666666667,0.9785,0.999333333333333,0.544833333333333,0.0215,0.000666666666666667,0.000166666666666667,0.084,0.622833333333333,29300
0.471333333333333,0.9795,0.9995,0.528666666666667,0.0205,5e-04,0.000166666666666667,0.0878333333333333,0.633,29400
0.484833333333333,0.980166666666667,0.9995,0.515166666666667,0.0198333333333333,5e-04,0.000166666666666667,0.0916666666666667,0.641833333333333,29500
0.498666666666667,0.981333333333333,0.999666666666667,0.501333333333333,0.0186666666666667,0.000333333333333333,0.000166666666666667,0.096,0.649666666666667,29600
0.515666666666667,0.981833333333333,0.999666666666667,0.484333333333333,0.0181666666666667,0.000333333333333333,0.000166666666666667,0.101,0.659166666666667,29700
0.5305,0.982833333333333,0.999666666666667,0.4695,0.0171666666666667,0.000333333333333333,0.000166666666666667,0.1055,0.6655,29800
0.544666666666667,0.983833333333333,0.999666666666667,0.455333333333333,0.0161666666666667,0.000333333333333333,0.000166666666666667,0.109,0.673666666666667,29900
0.557833333333333,0.985,0.999666666666667,0.442166666666667,0.015,0.000333333333333333,0.000166666666666667,0.113333333333333,0.681,30000
0.5735,0.985333333333333,0.999666666666667,0.4265,0.0146666666666667,0.000333333333333333,0.000166666666666667,0.119,0.689333333333333,30100
0.5855,0.9865,0.999666666666667,0.4145,0.0135,0.000333333333333333,0.000166666666666667,0.124666666666667,0.696333333333333,30200
0.597666666666667,0.987,0.999666666666667,0.402333333333333,0.013,0.000333333333333333,0.000166666666666667,0.128833333333333,0.705833333333333,30300
0.6135,0.9875,0.999666666666667,0.3865,0.0125,0.000333333333333333,0.000166666666666667,0.135166666666667,0.7145,30400
0.628,0.987833333333333,0.999666666666667,0.372,0.0121666666666667,0.000333333333333333,0.000166666666666667,0.140333333333333,0.720333333333333,30500
0.643166666666667,0.9885,0.999666666666667,0.356833333333333,0.0115,0.000333333333333333,0.000166666666666667,0.146,0.727833333333333,30600
0.656333333333333,0.989166666666667,0.999666666666667,0.343666666666667,0.0108333333333333,0.000333333333333333,0.000166666666666667,0.151,0.7335,30700
0.667833333333333,0.990166666666667,0.999666666666667,0.332166666666667,0.00983333333333333,0.000333333333333333,0.000333333333333333,0.156166666666667,0.7395,30800
0.680666666666667,0.991,0.999666666666667,0.319333333333333,0.009,0.000333333333333333,0.000333333333333333,0.163166666666667,0.744666666666667,30900
0.694666666666667,0.9915,0.999666666666667,0.305333333333333,0.0085,0.000333333333333333,0.000666666666666667,0.169833333333333,0.75,31000
0.706833333333333,0.991833333333333,0.999666666666667,0.293166666666667,0.00816666666666667,0.000333333333333333,0.000833333333333333,0.176166666666667,0.756333333333333,31100
0.719166666666667,0.992666666666667,0.999666666666667,0.280833333333333,0.00733333333333333,0.000333333333333333,0.001,0.181166666666667,0.764333333333333,31200
0.730833333333333,0.992833333333333,0.999666666666667,0.269166666666667,0.00716666666666667,0.000333333333333333,0.00116666666666667,0.188666666666667,0.769,31300
0.744166666666667,0.993166666666667,0.999666666666667,0.255833333333333,0.00683333333333333,0.000333333333333333,0.00116666666666667,0.195833333333333,0.775166666666667,31400
0.755833333333333,0.9935,0.999666666666667,0.244166666666667,0.0065,0.000333333333333333,0.00116666666666667,0.2015,0.7815,31500
0.767,0.993666666666667,0.999833333333333,0.233,0.00633333333333333,0.000166666666666667,0.00116666666666667,0.2075,0.787833333333333,31600
0.777166666666667,0.993666666666667,0.999833333333333,0.222833333333333,0.00633333333333333,0.000166666666666667,0.0015,0.213833333333333,0.794166666666667,31700
0.787,0.994,0.999833333333333,0.213,0.006,0.000166666666666667,0.0015,0.219666666666667,0.7995,31800
0.794666666666667,0.9945,0.999833333333333,0.205333333333333,0.0055,0.000166666666666667,0.0015,0.229,0.804833333333333,31900
0.8035,0.995,0.999833333333333,0.1965,0.005,0.000166666666666667,0.00166666666666667,0.235333333333333,0.8125,32000
0.813,0.995333333333333,0.999833333333333,0.187,0.00466666666666667,0.000166666666666667,0.00166666666666667,0.242166666666667,0.817833333333333,32100
0.820833333333333,0.9955,0.999833333333333,0.179166666666667,0.0045,0.000166666666666667,0.00183333333333333,0.250833333333333,0.822,32200
0.8295,0.995666666666667,0.999833333333333,0.1705,0.00433333333333333,0.000166666666666667,0.002,0.256833333333333,0.826833333333333,32300
0.837833333333333,0.995833333333333,0.999833333333333,0.162166666666667,0.00416666666666667,0.000166666666666667,0.00216666666666667,0.266833333333333,0.831333333333333,32400
0.8455,0.996,0.999833333333333,0.1545,0.004,0.000166666666666667,0.00266666666666667,0.273,0.836333333333333,32500
0.851333333333333,0.996,0.999833333333333,0.148666666666667,0.004,0.000166666666666667,0.003,0.282166666666667,0.841333333333333,32600
0.857666666666667,0.996,0.999833333333333,0.142333333333333,0.004,0.000166666666666667,0.00366666666666667,0.289833333333333,0.844666666666667,32700
0.865,0.996166666666667,0.999833333333333,0.135,0.00383333333333333,0.000166666666666667,0.00383333333333333,0.297833333333333,0.849333333333333,32800
0.868833333333333,0.996333333333333,0.999833333333333,0.131166666666667,0.00366666666666667,0.000166666666666667,0.00433333333333333,0.305666666666667,0.8535,32900
0.8735,0.9965,0.999833333333333,0.1265,0.0035,0.000166666666666667,0.0045,0.313666666666667,0.8575,33000
0.878,0.9965,0.999833333333333,0.122,0.0035,0.000166666666666667,0.00516666666666667,0.322666666666667,0.861333333333333,33100
0.8825,0.9965,0.999833333333333,0.1175,0.0035,0.000166666666666667,0.00516666666666667,0.331333333333333,0.8645,33200
0.888166666666667,0.996833333333333,0.999833333333333,0.111833333333333,0.00316666666666667,0.000166666666666667,0.006,0.340166666666667,0.870166666666667,33300
0.8935,0.997,0.999833333333333,0.1065,0.003,0.000166666666666667,0.00616666666666667,0.351333333333333,0.8735,33400
0.899666666666667,0.997,0.999833333333333,0.100333333333333,0.003,0.000166666666666667,0.00666666666666667,0.359333333333333,0.875666666666667,33500
0.901833333333333,0.997,0.999833333333333,0.0981666666666667,0.003,0.000166666666666667,0.00683333333333333,0.367,0.8785,33600
0.905666666666667,0.997166666666667,0.999833333333333,0.0943333333333333,0.00283333333333333,0.000166666666666667,0.008,0.3735,0.882,33700
0.909333333333333,0.997166666666667,0.999833333333333,0.0906666666666667,0.00283333333333333,0.000166666666666667,0.0085,0.3815,0.884333333333333,33800
0.912833333333333,0.997166666666667,0.999833333333333,0.0871666666666667,0.00283333333333333,0.000166666666666667,0.00916666666666667,0.390166666666667,0.886666666666667,33900
0.917833333333333,0.997166666666667,0.999833333333333,0.0821666666666667,0.00283333333333333,0.000166666666666667,0.0101666666666667,0.398833333333333,0.8885,34000
0.921166666666667,0.997166666666667,0.999833333333333,0.0788333333333333,0.00283333333333333,0.000166666666666667,0.0116666666666667,0.406333333333333,0.891333333333333,34100
0.924333333333333,0.997166666666667,0.999833333333333,0.0756666666666667,0.00283333333333333,0.000166666666666667,0.012,0.412833333333333,0.894666666666667,34200
0.928,0.997166666666667,0.999833333333333,0.072,0.00283333333333333,0.000166666666666667,0.0125,0.420666666666667,0.897166666666667,34300
0.932666666666667,0.9975,1,0.0673333333333333,0.0025,0,0.0138333333333333,0.430333333333333,0.900833333333333,34400
0.9355,0.997833333333333,1,0.0645,0.00216666666666667,0,0.0148333333333333,0.437,0.904,34500
0.9385,0.998,1,0.0615,0.002,0,0.0158333333333333,0.446333333333333,0.907666666666667,34600
0.941166666666667,0.998,1,0.0588333333333333,0.002,0,0.0166666666666667,0.457666666666667,0.909166666666667,34700
0.9435,0.998166666666667,1,0.0565,0.00183333333333333,0,0.0176666666666667,0.465833333333333,0.911,34800
0.945333333333333,0.998333333333333,1,0.0546666666666667,0.00166666666666667,0,0.0191666666666667,0.4735,0.914166666666667,34900
0.9485,0.998333333333333,1,0.0515,0.00166666666666667,0,0.0201666666666667,0.480666666666667,0.916666666666667,35000
0.951,0.9985,1,0.049,0.0015,0,0.0213333333333333,0.488166666666667,0.918166666666667,35100
0.952333333333333,0.9985,1,0.0476666666666667,0.0015,0,0.0221666666666667,0.496166666666667,0.920666666666667,35200
0.954666666666667,0.9985,1,0.0453333333333333,0.0015,0,0.024,0.503333333333333,0.922833333333333,35300
0.956833333333333,0.999,1,0.0431666666666667,0.001,0,0.026,0.51,0.924166666666667,35400
0.9585,0.999,1,0.0415,0.001,0,0.028,0.518,0.926833333333333,35500
0.960333333333333,0.999,1,0.0396666666666667,0.001,0,0.0296666666666667,0.5285,0.928,35600
0.962,0.999,1,0.038,0.001,0,0.0315,0.539,0.929,35700
0.964333333333333,0.999166666666667,1,0.0356666666666667,0.000833333333333333,0,0.0326666666666667,0.546333333333333,0.9305,35800
0.9655,0.999166666666667,1,0.0345,0.000833333333333333,0,0.0341666666666667,0.553333333333333,0.932333333333333,35900
0.967666666666667,0.999166666666667,1,0.0323333333333333,0.000833333333333333,0,0.037,0.562333333333333,0.934333333333333,36000
0.968833333333333,0.999166666666667,1,0.0311666666666667,0.000833333333333333,0,0.0393333333333333,0.570833333333333,0.935833333333333,36100
0.969833333333333,0.999166666666667,1,0.0301666666666667,0.000833333333333333,0,0.0411666666666667,0.5755,0.937333333333333,36200
0.970666666666667,0.999166666666667,1,0.0293333333333333,0.000833333333333333,0,0.0441666666666667,0.582333333333333,0.939833333333333,36300
0.971666666666667,0.999333333333333,1,0.0283333333333333,0.000666666666666667,0,0.0468333333333333,0.588666666666667,0.9415,36400
0.9725,0.9995,1,0.0275,5e-04,0,0.049,0.595666666666667,0.942833333333333,36500
0.973666666666667,0.999666666666667,1,0.0263333333333333,0.000333333333333333,0,0.0506666666666667,0.601833333333333,0.944,36600
0.975333333333333,0.999666666666667,1,0.0246666666666667,0.000333333333333333,0,0.0533333333333333,0.609,0.946,36700
0.975833333333333,0.999666666666667,1,0.0241666666666667,0.000333333333333333,0,0.0558333333333333,0.6155,0.948,36800
0.977666666666667,0.999666666666667,1,0.0223333333333333,0.000333333333333333,0,0.0585,0.6225,0.950333333333333,36900
0.9785,0.999666666666667,1,0.0215,0.000333333333333333,0,0.0608333333333333,0.630333333333333,0.952166666666667,37000
0.9795,0.999666666666667,1,0.0205,0.000333333333333333,0,0.0635,0.638666666666667,0.954,37100
0.98,0.999666666666667,1,0.02,0.000333333333333333,0,0.066,0.645166666666667,0.954833333333333,37200
0.980166666666667,0.999666666666667,1,0.0198333333333333,0.000333333333333333,0,0.0671666666666667,0.650833333333333,0.955666666666667,37300
0.981333333333333,0.999666666666667,1,0.0186666666666667,0.000333333333333333,0,0.0703333333333333,0.658666666666667,0.9565,37400
0.982,0.999666666666667,1,0.018,0.000333333333333333,0,0.0733333333333333,0.662666666666667,0.958,37500
0.982833333333333,0.999666666666667,1,0.0171666666666667,0.000333333333333333,0,0.077,0.670666666666667,0.9595,37600
0.983666666666667,0.999666666666667,1,0.0163333333333333,0.000333333333333333,0,0.0801666666666667,0.676666666666667,0.9605,37700
0.984833333333333,0.999666666666667,1,0.0151666666666667,0.000333333333333333,0,0.0841666666666667,0.682,0.961833333333333,37800
0.985,0.999666666666667,1,0.015,0.000333333333333333,0,0.0866666666666667,0.6885,0.962833333333333,37900
0.985666666666667,0.999666666666667,1,0.0143333333333333,0.000333333333333333,0,0.0906666666666667,0.694166666666667,0.963833333333333,38000
0.986333333333333,0.999666666666667,1,0.0136666666666667,0.000333333333333333,0,0.0931666666666667,0.701666666666667,0.964666666666667,38100
0.986833333333333,0.999666666666667,1,0.0131666666666667,0.000333333333333333,0,0.0965,0.708166666666667,0.9655,38200
0.987166666666667,0.999666666666667,1,0.0128333333333333,0.000333333333333333,0,0.100833333333333,0.715166666666667,0.9665,38300
0.987833333333333,0.999666666666667,1,0.0121666666666667,0.000333333333333333,0,0.103833333333333,0.719833333333333,0.9675,38400
0.988,0.999666666666667,1,0.012,0.000333333333333333,0,0.107333333333333,0.725166666666667,0.968,38500
0.988166666666667,0.999666666666667,1,0.0118333333333333,0.000333333333333333,0,0.11,0.731333333333333,0.968833333333333,38600
0.989,0.999666666666667,1,0.011,0.000333333333333333,0,0.113666666666667,0.734666666666667,0.97,38700
0.99,0.999666666666667,1,0.01,0.000333333333333333,0,0.118,0.74,0.9705,38800
0.990666666666667,0.999666666666667,1,0.00933333333333333,0.000333333333333333,0,0.122,0.743166666666667,0.971,38900
0.991333333333333,0.999666666666667,1,0.00866666666666667,0.000333333333333333,0,0.125833333333333,0.7475,0.971333333333333,39000
0.9915,0.999666666666667,1,0.0085,0.000333333333333333,0,0.129333333333333,0.753833333333333,0.9715,39100
0.9915,0.999833333333333,1,0.0085,0.000166666666666667,0,0.134833333333333,0.758166666666667,0.9725,39200
0.9925,0.999833333333333,1,0.0075,0.000166666666666667,0,0.139166666666667,0.764333333333333,0.973666666666667,39300
0.992833333333333,0.999833333333333,1,0.00716666666666667,0.000166666666666667,0,0.142166666666667,0.7685,0.974833333333333,39400
0.992833333333333,0.999833333333333,1,0.00716666666666667,0.000166666666666667,0,0.147,0.773166666666667,0.975666666666667,39500
0.993,0.999833333333333,1,0.007,0.000166666666666667,0,0.1515,0.7775,0.976,39600
0.993166666666667,0.999833333333333,1,0.00683333333333333,0.000166666666666667,0,0.155333333333333,0.782166666666667,0.9765,39700
0.993666666666667,0.999833333333333,1,0.00633333333333333,0.000166666666666667,0,0.16,0.787833333333333,0.977166666666667,39800
0.993666666666667,0.999833333333333,1,0.00633333333333333,0.000166666666666667,0,0.166333333333333,0.792833333333333,0.977666666666667,39900
0.993666666666667,0.999833333333333,1,0.00633333333333333,0.000166666666666667,0,0.170833333333333,0.798,0.978166666666667,40000
0.994166666666667,0.999833333333333,1,0.00583333333333333,0.000166666666666667,0,0.1755,0.802,0.978666666666667,40100
0.9945,0.999833333333333,1,0.0055,0.000166666666666667,0,0.179666666666667,0.805833333333333,0.979,40200
0.9945,0.999833333333333,1,0.0055,0.000166666666666667,0,0.183666666666667,0.812333333333333,0.979166666666667,40300
0.994833333333333,0.999833333333333,1,0.00516666666666667,0.000166666666666667,0,0.189666666666667,0.8165,0.9795,40400
0.995333333333333,0.999833333333333,1,0.00466666666666667,0.000166666666666667,0,0.195833333333333,0.819666666666667,0.9795,40500
0.9955,0.999833333333333,1,0.0045,0.000166666666666667,0,0.200333333333333,0.824166666666667,0.979833333333333,40600
0.9955,0.999833333333333,1,0.0045,0.000166666666666667,0,0.204833333333333,0.8275,0.980166666666667,40700
0.995833333333333,0.999833333333333,1,0.00416666666666667,0.000166666666666667,0,0.210166666666667,0.831333333333333,0.980666666666667,40800
0.996,0.999833333333333,1,0.004,0.000166666666666667,0,0.214,0.834333333333333,0.981666666666667,40900
0.996,0.999833333333333,1,0.004,0.000166666666666667,0,0.219166666666667,0.839333333333333,0.982166666666667,41000
0.996,0.999833333333333,1,0.004,0.000166666666666667,0,0.224833333333333,0.8425,0.982333333333333,41100
0.996,0.999833333333333,1,0.004,0.000166666666666667,0,0.232166666666667,0.8455,0.983166666666667,41200
0.996166666666667,0.999833333333333,1,0.00383333333333333,0.000166666666666667,0,0.236833333333333,0.849166666666667,0.984166666666667,41300
0.996333333333333,0.999833333333333,1,0.00366666666666667,0.000166666666666667,0,0.242166666666667,0.851833333333333,0.984666666666667,41400
0.996333333333333,0.999833333333333,1,0.00366666666666667,0.000166666666666667,0,0.248333333333333,0.855666666666667,0.985166666666667,41500
0.996333333333333,0.999833333333333,1,0.00366666666666667,0.000166666666666667,0,0.254666666666667,0.8585,0.985666666666667,41600
0.9965,0.999833333333333,1,0.0035,0.000166666666666667,0,0.259666666666667,0.862333333333333,0.985833333333333,41700
0.9965,0.999833333333333,1,0.0035,0.000166666666666667,0,0.267,0.864166666666667,0.985833333333333,41800
0.996666666666667,0.999833333333333,1,0.00333333333333333,0.000166666666666667,0,0.272333333333333,0.868666666666667,0.986,41900
0.996833333333333,0.999833333333333,1,0.00316666666666667,0.000166666666666667,0,0.278333333333333,0.871,0.986333333333333,42000
0.997,0.999833333333333,1,0.003,0.000166666666666667,0,0.286,0.874166666666667,0.986666666666667,42100
0.997,0.999833333333333,1,0.003,0.000166666666666667,0,0.291833333333333,0.875833333333333,0.9875,42200
0.997,0.999833333333333,1,0.003,0.000166666666666667,0,0.2975,0.878333333333333,0.988,42300
0.997,0.999833333333333,1,0.003,0.000166666666666667,0,0.303,0.880166666666667,0.988666666666667,42400
0.997166666666667,1,1,0.00283333333333333,0,0,0.3095,0.883,0.989,42500
0.997166666666667,1,1,0.00283333333333333,0,0,0.316833333333333,0.884833333333333,0.989,42600
0.997166666666667,1,1,0.00283333333333333,0,0,0.3235,0.886666666666667,0.989666666666667,42700
0.997166666666667,1,1,0.00283333333333333,0,0,0.330333333333333,0.888166666666667,0.99,42800
0.997166666666667,1,1,0.00283333333333333,0,0,0.337666666666667,0.890333333333333,0.99,42900
0.997166666666667,1,1,0.00283333333333333,0,0,0.345,0.893,0.99,43000
0.997166666666667,1,1,0.00283333333333333,0,0,0.352666666666667,0.895333333333333,0.990333333333333,43100
0.997166666666667,1,1,0.00283333333333333,0,0,0.359,0.897166666666667,0.990333333333333,43200
0.9975,1,1,0.0025,0,0,0.365666666666667,0.9,0.990333333333333,43300
0.9975,1,1,0.0025,0,0,0.370333333333333,0.903166666666667,0.990333333333333,43400
0.997833333333333,1,1,0.00216666666666667,0,0,0.376,0.906,0.9905,43500
0.997833333333333,1,1,0.00216666666666667,0,0,0.381833333333333,0.908,0.990666666666667,43600
0.998,1,1,0.002,0,0,0.389333333333333,0.909166666666667,0.990666666666667,43700
0.998166666666667,1,1,0.00183333333333333,0,0,0.394833333333333,0.910166666666667,0.991,43800
0.998166666666667,1,1,0.00183333333333333,0,0,0.401833333333333,0.912,0.9915,43900
0.998333333333333,1,1,0.00166666666666667,0,0,0.407333333333333,0.915,0.9915,44000
0.998333333333333,1,1,0.00166666666666667,0,0,0.4125,0.917333333333333,0.991666666666667,44100
0.998333333333333,1,1,0.00166666666666667,0,0,0.4185,0.918166666666667,0.991666666666667,44200
0.9985,1,1,0.0015,0,0,0.425833333333333,0.919833333333333,0.992166666666667,44300
0.9985,1,1,0.0015,0,0,0.432666666666667,0.921666666666667,0.992333333333333,44400
0.998666666666667,1,1,0.00133333333333333,0,0,0.437,0.923166666666667,0.992666666666667,44500
0.999,1,1,0.001,0,0,0.443166666666667,0.924166666666667,0.992666666666667,44600
0.999,1,1,0.001,0,0,0.452333333333333,0.926333333333333,0.992666666666667,44700
0.999,1,1,0.001,0,0,0.459666666666667,0.927833333333333,0.992833333333333,44800
0.999,1,1,0.001,0,0,0.466333333333333,0.928666666666667,0.993,44900
0.999,1,1,0.001,0,0,0.4725,0.929666666666667,0.9935,45000
0.999,1,1,0.001,0,0,0.479,0.930833333333333,0.9935,45100
0.999166666666667,1,1,0.000833333333333333,0,0,0.483666666666667,0.932,0.9935,45200
0.999166666666667,1,1,0.000833333333333333,0,0,0.4895,0.933666666666667,0.9935,45300
0.999166666666667,1,1,0.000833333333333333,0,0,0.496166666666667,0.935,0.993666666666667,45400
0.999166666666667,1,1,0.000833333333333333,0,0,0.502166666666667,0.936333333333333,0.993833333333333,45500
0.999166666666667,1,1,0.000833333333333333,0,0,0.507666666666667,0.937666666666667,0.993833333333333,45600
0.999166666666667,1,1,0.000833333333333333,0,0,0.5125,0.9395,0.993833333333333,45700
0.999166666666667,1,1,0.000833333333333333,0,0,0.5185,0.940833333333333,0.994333333333333,45800
0.999333333333333,1,1,0.000666666666666667,0,0,0.526166666666667,0.941666666666667,0.994333333333333,45900
0.999666666666667,1,1,0.000333333333333333,0,0,0.536166666666667,0.943,0.994333333333333,46000
0.999666666666667,1,1,0.000333333333333333,0,0,0.541833333333333,0.944,0.994333333333333,46100
0.999666666666667,1,1,0.000333333333333333,0,0,0.548,0.945833333333333,0.994333333333333,46200
0.999666666666667,1,1,0.000333333333333333,0,0,0.553333333333333,0.947,0.994333333333333,46300
0.999666666666667,1,1,0.000333333333333333,0,0,0.559666666666667,0.9485,0.994333333333333,46400
0.999666666666667,1,1,0.000333333333333333,0,0,0.567166666666667,0.950666666666667,0.9945,46500
0.999666666666667,1,1,0.000333333333333333,0,0,0.571833333333333,0.952166666666667,0.994666666666667,46600
0.999666666666667,1,1,0.000333333333333333,0,0,0.576166666666667,0.9535,0.994833333333333,46700
0.999666666666667,1,1,0.000333333333333333,0,0,0.5815,0.9545,0.995166666666667,46800
0.999666666666667,1,1,0.000333333333333333,0,0,0.586666666666667,0.954833333333333,0.995166666666667,46900
0.999666666666667,1,1,0.000333333333333333,0,0,0.5915,0.956,0.995166666666667,47000
0.999666666666667,1,1,0.000333333333333333,0,0,0.597,0.9565,0.995166666666667,47100
0.999666666666667,1,1,0.000333333333333333,0,0,0.6015,0.957666666666667,0.995166666666667,47200
0.999666666666667,1,1,0.000333333333333333,0,0,0.606666666666667,0.958666666666667,0.995166666666667,47300
0.999666666666667,1,1,0.000333333333333333,0,0,0.612666666666667,0.9595,0.9955,47400
0.999666666666667,1,1,0.000333333333333333,0,0,0.6175,0.9605,0.9955,47500
0.999666666666667,1,1,0.000333333333333333,0,0,0.623,0.961333333333333,0.995666666666667,47600
0.999666666666667,1,1,0.000333333333333333,0,0,0.629333333333333,0.9625,0.995833333333333,47700
0.999666666666667,1,1,0.000333333333333333,0,0,0.636,0.963333333333333,0.995833333333333,47800
0.999666666666667,1,1,0.000333333333333333,0,0,0.641166666666667,0.964166666666667,0.995833333333333,47900
0.999666666666667,1,1,0.000333333333333333,0,0,0.646166666666667,0.964833333333333,0.996,48000
0.999666666666667,1,1,0.000333333333333333,0,0,0.650333333333333,0.9655,0.996166666666667,48100
0.999666666666667,1,1,0.000333333333333333,0,0,0.656833333333333,0.966166666666667,0.996333333333333,48200
0.999666666666667,1,1,0.000333333333333333,0,0,0.661166666666667,0.967,0.9965,48300
0.999666666666667,1,1,0.000333333333333333,0,0,0.664833333333333,0.9675,0.9965,48400
0.999666666666667,1,1,0.000333333333333333,0,0,0.670666666666667,0.968166666666667,0.996833333333333,48500
0.999666666666667,1,1,0.000333333333333333,0,0,0.675833333333333,0.968333333333333,0.997166666666667,48600
0.999666666666667,1,1,0.000333333333333333,0,0,0.68,0.969666666666667,0.997166666666667,48700
0.999666666666667,1,1,0.000333333333333333,0,0,0.683666666666667,0.970333333333333,0.997166666666667,48800
0.999666666666667,1,1,0.000333333333333333,0,0,0.689333333333333,0.970833333333333,0.997166666666667,48900
0.999666666666667,1,1,0.000333333333333333,0,0,0.694,0.971,0.997166666666667,49000
0.999666666666667,1,1,0.000333333333333333,0,0,0.6995,0.971333333333333,0.997166666666667,49100
0.999666666666667,1,1,0.000333333333333333,0,0,0.704833333333333,0.9715,0.997166666666667,49200
0.999666666666667,1,1,0.000333333333333333,0,0,0.710166666666667,0.972166666666667,0.997166666666667,49300
0.999666666666667,1,1,0.000166666666666667,0,0,0.715166666666667,0.972666666666667,0.997333333333333,49400
0.999666666666667,1,1,0.000166666666666667,0,0,0.718833333333333,0.973666666666667,0.997333333333333,49500
0.999666666666667,1,1,0.000166666666666667,0,0,0.7235,0.974666666666667,0.997333333333333,49600
0.999666666666667,1,1,0.000166666666666667,0,0,0.727333333333333,0.975333333333333,0.997333333333333,49700
0.999666666666667,1,1,0.000166666666666667,0,0,0.7315,0.975666666666667,0.997333333333333,49800
0.999666666666667,1,1,0.000166666666666667,0,0,0.734166666666667,0.976,0.997333333333333,49900
0.999666666666667,1,1,0.000166666666666667,0,0,0.738,0.9765,0.997333333333333,50000
0.999666666666667,1,1,0.000166666666666667,0,0,0.7415,0.977,0.997333333333333,50100
0.9995,1,1,0.000166666666666667,0,0,0.744666666666667,0.9775,0.997333333333333,50200
0.9995,1,1,0.000166666666666667,0,0,0.7475,0.977666666666667,0.997333333333333,50300
0.9995,1,1,0.000166666666666667,0,0,0.753,0.978333333333333,0.997333333333333,50400
0.9995,1,1,0.000166666666666667,0,0,0.755833333333333,0.978666666666667,0.9975,50500
0.9995,1,1,0.000166666666666667,0,0,0.7605,0.978833333333333,0.997666666666667,50600
0.999333333333333,1,1,0.000166666666666667,0,0,0.764666666666667,0.979,0.997833333333333,50700
0.999333333333333,1,1,0.000166666666666667,0,0,0.7675,0.979333333333333,0.997833333333333,50800
0.999333333333333,1,1,0.000166666666666667,0,0,0.771666666666667,0.9795,0.997833333333333,50900
0.999333333333333,1,1,0.000166666666666667,0,0,0.774833333333333,0.9795,0.997833333333333,51000
0.999333333333333,1,1,0.000166666666666667,0,0,0.778666666666667,0.979666666666667,0.997833333333333,51100
0.999333333333333,1,1,0.000166666666666667,0,0,0.782166666666667,0.980166666666667,0.997833333333333,51200
0.999333333333333,1,1,0.000166666666666667,0,0,0.786666666666667,0.980666666666667,0.997833333333333,51300
0.999333333333333,1,1,0.000166666666666667,0,0,0.790833333333333,0.980833333333333,0.997833333333333,51400
0.999333333333333,1,1,0.000166666666666667,0,0,0.794333333333333,0.981666666666667,0.997833333333333,51500
0.999,1,1,0.000166666666666667,0,0,0.798166666666667,0.982166666666667,0.997833333333333,51600
0.999,1,1,0.000166666666666667,0,0,0.801333333333333,0.982333333333333,0.997833333333333,51700
0.999,1,1,0.000166666666666667,0,0,0.804666666666667,0.982666666666667,0.998,51800
0.999,1,1,0.000166666666666667,0,0,0.809,0.983166666666667,0.998,51900
0.999,1,1,0.000166666666666667,0,0,0.813166666666667,0.984166666666667,0.998,52000
0.999,1,1,0.000166666666666667,0,0,0.816333333333333,0.9845,0.998,52100
0.999,1,1,0.000166666666666667,0,0,0.819166666666667,0.984833333333333,0.998,52200
0.999,1,1,0.000166666666666667,0,0,0.821833333333333,0.9855,0.998,52300
0.998833333333333,1,1,0.000166666666666667,0,0,0.825166666666667,0.985666666666667,0.998,52400
0.998666666666667,1,1,0.000166666666666667,0,0,0.8275,0.985833333333333,0.998,52500
0.998333333333333,1,1,0.000166666666666667,0,0,0.830666666666667,0.985833333333333,0.998,52600
0.998333333333333,1,1,0.000166666666666667,0,0,0.833166666666667,0.986,0.998,52700
0.998166666666667,1,1,0.000166666666666667,0,0,0.8365,0.986166666666667,0.998,52800
0.998166666666667,1,1,0.000166666666666667,0,0,0.8395,0.986333333333333,0.998,52900
0.998166666666667,1,1,0.000166666666666667,0,0,0.842166666666667,0.9865,0.998,53000
0.998,1,1,0.000166666666666667,0,0,0.8445,0.9875,0.998166666666667,53100
0.998,1,1,0.000166666666666667,0,0,0.848166666666667,0.987833333333333,0.998166666666667,53200
0.997833333333333,1,1,0.000166666666666667,0,0,0.849833333333333,0.988166666666667,0.998166666666667,53300
0.997833333333333,1,1,0,0,0,0.852,0.988666666666667,0.998166666666667,53400
0.997333333333333,1,1,0,0,0,0.854666666666667,0.989,0.998166666666667,53500
0.9965,1,1,0,0,0,0.857333333333333,0.989,0.998166666666667,53600
0.996166666666667,1,1,0,0,0,0.859,0.9895,0.998166666666667,53700
0.995833333333333,1,1,0,0,0,0.862666666666667,0.989833333333333,0.998166666666667,53800
0.995666666666667,1,1,0,0,0,0.864,0.99,0.998333333333333,53900
0.995333333333333,1,1,0,0,0,0.867,0.99,0.9985,54000
0.995333333333333,1,1,0,0,0,0.870166666666667,0.99,0.9985,54100
0.994666666666667,1,1,0,0,0,0.871666666666667,0.990333333333333,0.998666666666667,54200
0.9945,1,1,0,0,0,0.874166666666667,0.990333333333333,0.998833333333333,54300
0.994,1,1,0,0,0,0.875666666666667,0.990333333333333,0.998833333333333,54400
0.9935,1,1,0,0,0,0.877333333333333,0.990333333333333,0.998833333333333,54500
0.9925,1,1,0,0,0,0.8785,0.990333333333333,0.998833333333333,54600
0.991666666666667,1,1,0,0,0,0.880666666666667,0.9905,0.998833333333333,54700
0.990666666666667,1,1,0,0,0,0.882666666666667,0.9905,0.998833333333333,54800
0.989333333333333,1,1,0,0,0,0.884333333333333,0.990666666666667,0.998833333333333,54900
0.989166666666667,1,1,0,0,0,0.8855,0.990666666666667,0.998833333333333,55000
0.989,1,1,0,0,0,0.886833333333333,0.990833333333333,0.998833333333333,55100
0.9885,1,1,0,0,0,0.888166666666667,0.991,0.998833333333333,55200
0.987333333333333,1,1,0,0,0,0.8895,0.9915,0.998833333333333,55300
0.986166666666667,1,1,0,0,0,0.8915,0.9915,0.998833333333333,55400
0.9855,1,1,0,0,0,0.894,0.9915,0.998833333333333,55500
0.9845,1,1,0,0,0,0.895333333333333,0.991666666666667,0.998833333333333,55600
0.983166666666667,0.999833333333333,1,0,0,0,0.896833333333333,0.991666666666667,0.999,55700
0.981833333333333,0.999833333333333,1,0,0,0,0.898833333333333,0.992166666666667,0.999,55800
0.981166666666667,0.999833333333333,1,0,0,0,0.9015,0.992333333333333,0.999,55900
0.980333333333333,0.999833333333333,1,0,0,0,0.9035,0.9925,0.999,56000
0.979,0.999833333333333,1,0,0,0,0.906,0.992666666666667,0.999,56100
0.9775,0.999666666666667,1,0,0,0,0.9075,0.992666666666667,0.999,56200
0.9765,0.999666666666667,1,0,0,0,0.908666666666667,0.992666666666667,0.999,56300
0.975166666666667,0.999666666666667,1,0,0,0,0.9095,0.992666666666667,0.999,56400
0.974333333333333,0.999666666666667,1,0,0,0,0.910166666666667,0.993,0.999,56500
0.973166666666667,0.999666666666667,1,0,0,0,0.911666666666667,0.993166666666667,0.999,56600
0.970833333333333,0.999666666666667,1,0,0,0,0.914333333333333,0.9935,0.999,56700
0.9685,0.999666666666667,1,0,0,0,0.915833333333333,0.9935,0.999,56800
0.965833333333333,0.999666666666667,1,0,0,0,0.917333333333333,0.9935,0.999,56900
0.965,0.999666666666667,1,0,0,0,0.918166666666667,0.9935,0.999,57000
0.963,0.999666666666667,1,0,0,0,0.918666666666667,0.9935,0.999166666666667,57100
0.959666666666667,0.999666666666667,1,0,0,0,0.920666666666667,0.993666666666667,0.9995,57200
0.958833333333333,0.999666666666667,1,0,0,0,0.922166666666667,0.993833333333333,0.999666666666667,57300
0.956166666666667,0.999666666666667,1,0,0,0,0.923166666666667,0.993833333333333,0.999666666666667,57400
0.954166666666667,0.9995,1,0,0,0,0.924,0.993833333333333,0.999666666666667,57500
0.951333333333333,0.9995,1,0,0,0,0.925166666666667,0.994,0.999666666666667,57600
0.949166666666667,0.9995,1,0,0,0,0.9275,0.994333333333333,0.999666666666667,57700
0.945666666666667,0.9995,1,0,0,0,0.927833333333333,0.994333333333333,0.999666666666667,57800
0.943666666666667,0.9995,1,0,0,0,0.9285,0.994333333333333,0.999666666666667,57900
0.9405,0.9995,1,0,0,0,0.929166666666667,0.994333333333333,0.999666666666667,58000
0.937333333333333,0.9995,1,0,0,0,0.930166666666667,0.994333333333333,0.999666666666667,58100
0.9345,0.9995,1,0,0,0,0.930833333333333,0.994333333333333,0.999666666666667,58200
0.930833333333333,0.9995,1,0,0,0,0.932,0.994333333333333,0.999666666666667,58300
0.926166666666667,0.9995,1,0,0,0,0.9335,0.994333333333333,0.999666666666667,58400
0.923333333333333,0.9995,1,0,0,0,0.934666666666667,0.9945,0.999666666666667,58500
0.92,0.9995,1,0,0,0,0.935333333333333,0.9945,0.999666666666667,58600
0.915166666666667,0.999333333333333,1,0,0,0,0.9365,0.994666666666667,0.999666666666667,58700
0.911833333333333,0.999333333333333,1,0,0,0,0.937333333333333,0.994666666666667,0.999666666666667,58800
0.907333333333333,0.999166666666667,1,0,0,0,0.938666666666667,0.995166666666667,0.999666666666667,58900
0.9035,0.999166666666667,1,0,0,0,0.939833333333333,0.995166666666667,0.999666666666667,59000
0.899833333333333,0.999166666666667,1,0,0,0,0.941333333333333,0.995166666666667,0.999666666666667,59100
0.896333333333333,0.999166666666667,1,0,0,0,0.941666666666667,0.995166666666667,0.999666666666667,59200
0.891666666666667,0.999166666666667,1,0,0,0,0.942833333333333,0.995166666666667,0.999833333333333,59300
0.886166666666667,0.999166666666667,1,0,0,0,0.9435,0.995166666666667,0.999833333333333,59400
0.881333333333333,0.999,1,0,0,0,0.944666666666667,0.995166666666667,0.999833333333333,59500
0.876,0.999,1,0,0,0,0.945833333333333,0.995166666666667,0.999833333333333,59600
0.87,0.999,1,0,0,0,0.947,0.9955,0.999833333333333,59700
0.864333333333333,0.998666666666667,1,0,0,0,0.948333333333333,0.9955,0.999833333333333,59800
0.858666666666667,0.998666666666667,1,0,0,0,0.949333333333333,0.995666666666667,0.999833333333333,59900
0.855333333333333,0.998666666666667,1,0,0,0,0.950833333333333,0.995666666666667,0.999833333333333,60000
0.850333333333333,0.9985,1,0,0,0,0.952166666666667,0.995833333333333,0.999833333333333,60100
0.844666666666667,0.998333333333333,1,0,0,0,0.953166666666667,0.995833333333333,0.999833333333333,60200
0.838166666666667,0.998333333333333,1,0,0,0,0.9545,0.995833333333333,0.999833333333333,60300
0.8315,0.998166666666667,1,0,0,0,0.954666666666667,0.995833333333333,0.999833333333333,60400
0.8265,0.998,1,0,0,0,0.954833333333333,0.996,0.999833333333333,60500
0.818,0.998,1,0,0,0,0.955833333333333,0.996166666666667,0.999833333333333,60600
0.812666666666667,0.998,0.999833333333333,0,0,0,0.956166666666667,0.996333333333333,0.999833333333333,60700
0.8075,0.997666666666667,0.999833333333333,0,0,0,0.956666666666667,0.9965,0.999833333333333,60800
0.801333333333333,0.9975,0.999666666666667,0,0,0,0.958,0.9965,0.999833333333333,60900
0.796833333333333,0.997,0.999666666666667,0,0,0,0.958666666666667,0.9965,0.999833333333333,61000
0.789833333333333,0.996333333333333,0.999666666666667,0,0,0,0.9595,0.996833333333333,0.999833333333333,61100
0.782333333333333,0.996,0.999666666666667,0,0,0,0.960166666666667,0.997166666666667,0.999833333333333,61200
0.776166666666667,0.995333333333333,0.999666666666667,0,0,0,0.961166666666667,0.997166666666667,0.999833333333333,61300
0.769833333333333,0.995333333333333,0.999666666666667,0,0,0,0.961666666666667,0.997166666666667,0.999833333333333,61400
0.7625,0.995,0.999666666666667,0,0,0,0.962,0.997166666666667,0.999833333333333,61500
0.755,0.994833333333333,0.999666666666667,0,0,0,0.963166666666667,0.997166666666667,0.999833333333333,61600
0.748166666666667,0.994666666666667,0.999666666666667,0,0,0,0.963666666666667,0.997166666666667,0.999833333333333,61700
0.7415,0.9945,0.999666666666667,0,0,0,0.964166666666667,0.997166666666667,0.999833333333333,61800
0.7355,0.994166666666667,0.999666666666667,0,0,0,0.964666666666667,0.997166666666667,0.999833333333333,61900
0.728666666666667,0.994,0.999666666666667,0,0,0,0.965333333333333,0.997166666666667,0.999833333333333,62000
0.722333333333333,0.993,0.999666666666667,0,0,0,0.965833333333333,0.997166666666667,0.999833333333333,62100
0.712333333333333,0.992,0.999666666666667,0,0,0,0.966333333333333,0.997333333333333,0.999833333333333,62200
0.7045,0.991166666666667,0.999666666666667,0,0,0,0.967,0.997333333333333,0.999833333333333,62300
0.696333333333333,0.991,0.999666666666667,0,0,0,0.9675,0.997333333333333,0.999833333333333,62400
0.687833333333333,0.990833333333333,0.999666666666667,0,0,0,0.968,0.997333333333333,0.999833333333333,62500
0.680166666666667,0.989166666666667,0.999666666666667,0,0,0,0.968333333333333,0.997333333333333,0.999833333333333,62600
0.671833333333333,0.988666666666667,0.999666666666667,0,0,0,0.968833333333333,0.997333333333333,0.999833333333333,62700
0.662833333333333,0.988333333333333,0.999666666666667,0,0,0,0.9695,0.997333333333333,0.999833333333333,62800
0.654,0.9875,0.999666666666667,0,0,0,0.97,0.997333333333333,0.999833333333333,62900
0.6465,0.987166666666667,0.999666666666667,0,0,0,0.9705,0.997333333333333,0.999833333333333,63000
0.637166666666667,0.986166666666667,0.9995,0,0,0,0.971,0.997333333333333,0.999833333333333,63100
0.627333333333333,0.9855,0.9995,0,0,0,0.971,0.997333333333333,0.999833333333333,63200
0.619666666666667,0.984666666666667,0.9995,0,0,0,0.971333333333333,0.997333333333333,0.999833333333333,63300
0.611666666666667,0.983333333333333,0.9995,0,0,0,0.971333333333333,0.997333333333333,0.999833333333333,63400
0.603833333333333,0.9825,0.9995,0,0,0,0.9715,0.997333333333333,0.999833333333333,63500
0.595,0.9815,0.9995,0,0,0,0.972166666666667,0.9975,0.999833333333333,63600
0.5855,0.980666666666667,0.9995,0,0,0,0.972666666666667,0.997666666666667,0.999833333333333,63700
0.577166666666667,0.979166666666667,0.9995,0,0,0,0.9735,0.997666666666667,0.999833333333333,63800
0.569166666666667,0.978166666666667,0.9995,0,0,0,0.974166666666667,0.997833333333333,0.999833333333333,63900
0.558833333333333,0.977,0.9995,0,0,0,0.974833333333333,0.997833333333333,0.999833333333333,64000
0.549833333333333,0.976666666666667,0.9995,0,0,0,0.975333333333333,0.997833333333333,0.999833333333333,64100
0.543833333333333,0.975,0.9995,0,0,0,0.975666666666667,0.997833333333333,0.999833333333333,64200
0.536333333333333,0.973166666666667,0.9995,0,0,0,0.975833333333333,0.997833333333333,0.999833333333333,64300
0.528333333333333,0.972166666666667,0.999333333333333,0,0,0,0.976333333333333,0.997833333333333,0.999833333333333,64400
0.520333333333333,0.9705,0.999333333333333,0,0,0,0.9765,0.997833333333333,0.999833333333333,64500
0.511166666666667,0.969666666666667,0.999333333333333,0,0,0,0.977,0.997833333333333,0.999833333333333,64600
0.502,0.966833333333333,0.999333333333333,0,0,0,0.977333333333333,0.997833333333333,0.999833333333333,64700
0.4965,0.965833333333333,0.999333333333333,0,0,0,0.977666666666667,0.997833333333333,0.999833333333333,64800
0.489666666666667,0.963833333333333,0.999166666666667,0,0,0,0.977833333333333,0.997833333333333,0.999833333333333,64900
0.481,0.962166666666667,0.999166666666667,0,0,0,0.978333333333333,0.997833333333333,0.999833333333333,65000
0.473833333333333,0.960166666666667,0.999,0,0,0,0.978666666666667,0.997833333333333,0.999833333333333,65100
0.466833333333333,0.958333333333333,0.999,0,0,0,0.978833333333333,0.998,0.999833333333333,65200
0.458333333333333,0.956333333333333,0.998833333333333,0,0,0,0.979,0.998,0.999833333333333,65300
0.450666666666667,0.953,0.998833333333333,0,0,0,0.979,0.998,0.999833333333333,65400
0.445833333333333,0.9515,0.998833333333333,0,0,0,0.979333333333333,0.998,0.999833333333333,65500
0.4385,0.949166666666667,0.998833333333333,0,0,0,0.979333333333333,0.998,0.999833333333333,65600
0.4305,0.946833333333333,0.998833333333333,0,0,0,0.9795,0.998,0.999833333333333,65700
0.422333333333333,0.944333333333333,0.998833333333333,0,0,0,0.9795,0.998,0.999833333333333,65800
0.416333333333333,0.941666666666667,0.998666666666667,0,0,0,0.979666666666667,0.998,0.999833333333333,65900
0.409666666666667,0.939,0.9985,0,0,0,0.980166666666667,0.998,0.999833333333333,66000
0.4045,0.935833333333333,0.9985,0,0,0,0.980166666666667,0.998,0.999833333333333,66100
0.400166666666667,0.9335,0.9985,0,0,0,0.980666666666667,0.998,0.999833333333333,66200
0.393833333333333,0.930166666666667,0.9985,0,0,0,0.980833333333333,0.998,0.999833333333333,66300
0.384333333333333,0.925833333333333,0.998333333333333,0,0,0,0.981666666666667,0.998,0.999833333333333,66400
0.375,0.9235,0.998,0,0,0,0.981833333333333,0.998,0.999833333333333,66500
0.368166666666667,0.919666666666667,0.998,0,0,0,0.982166666666667,0.998,0.999833333333333,66600
0.363333333333333,0.9155,0.997666666666667,0,0,0,0.982333333333333,0.998,0.999833333333333,66700
0.356833333333333,0.912333333333333,0.997666666666667,0,0,0,0.982333333333333,0.998,0.999833333333333,66800
0.35,0.908166666666667,0.997333333333333,0,0,0,0.983,0.998166666666667,0.999833333333333,66900
0.344666666666667,0.904833333333333,0.997333333333333,0,0,0,0.9835,0.998166666666667,0.999833333333333,67000
0.339,0.901166666666667,0.996666666666667,0,0,0,0.984333333333333,0.998166666666667,0.999833333333333,67100
0.332833333333333,0.898333333333333,0.996166666666667,0,0,0,0.9845,0.998166666666667,0.999833333333333,67200
0.326666666666667,0.894666666666667,0.996166666666667,0,0,0,0.984833333333333,0.998166666666667,0.999833333333333,67300
0.32,0.891,0.9955,0,0,0,0.985,0.998166666666667,0.999833333333333,67400
0.311833333333333,0.886333333333333,0.995166666666667,0,0,0,0.9855,0.998166666666667,0.999833333333333,67500
0.304333333333333,0.8815,0.995,0,0,0,0.985666666666667,0.998166666666667,0.999833333333333,67600
0.297833333333333,0.876,0.995,0,0,0,0.985833333333333,0.998166666666667,0.999833333333333,67700
0.29,0.871,0.994833333333333,0,0,0,0.985833333333333,0.998166666666667,0.999833333333333,67800
0.285333333333333,0.865333333333333,0.994333333333333,0,0,0,0.985833333333333,0.998333333333333,0.999833333333333,67900
0.279833333333333,0.861333333333333,0.994166666666667,0,0,0,0.986,0.9985,0.999833333333333,68000
0.275166666666667,0.858,0.993833333333333,0,0,0,0.986166666666667,0.9985,0.999833333333333,68100
0.268666666666667,0.853666666666667,0.993333333333333,0,0,0,0.986333333333333,0.998666666666667,0.999833333333333,68200
0.262333333333333,0.849,0.992833333333333,0,0,0,0.9865,0.998833333333333,0.999833333333333,68300
0.255,0.843833333333333,0.991833333333333,0,0,0,0.986833333333333,0.998833333333333,0.999833333333333,68400
0.249333333333333,0.837666666666667,0.991333333333333,0,0,0,0.9875,0.998833333333333,0.999833333333333,68500
0.243,0.831166666666667,0.9905,0,0,0,0.987833333333333,0.998833333333333,0.999833333333333,68600
0.237166666666667,0.824666666666667,0.9905,0,0,0,0.988,0.998833333333333,0.999833333333333,68700
0.232833333333333,0.820333333333333,0.990166666666667,0,0,0,0.988333333333333,0.998833333333333,0.999833333333333,68800
0.227,0.814,0.989666666666667,0,0,0,0.988666666666667,0.998833333333333,0.999833333333333,68900
0.222166666666667,0.809166666666667,0.988833333333333,0,0,0,0.988833333333333,0.998833333333333,0.999833333333333,69000
0.218333333333333,0.805166666666667,0.988166666666667,0,0,0,0.989,0.998833333333333,0.999833333333333,69100
0.214333333333333,0.800166666666667,0.987333333333333,0,0,0,0.989,0.998833333333333,0.999833333333333,69200
0.2105,0.794166666666667,0.986666666666667,0,0,0,0.9895,0.998833333333333,0.999833333333333,69300
0.205833333333333,0.787,0.986333333333333,0,0,0,0.989833333333333,0.998833333333333,0.999833333333333,69400
0.201166666666667,0.7805,0.985833333333333,0,0,0,0.99,0.998833333333333,0.999833333333333,69500
0.1975,0.775166666666667,0.984666666666667,0,0,0,0.99,0.998833333333333,0.999833333333333,69600
0.191666666666667,0.766666666666667,0.984166666666667,0,0,0,0.99,0.998833333333333,0.999833333333333,69700
0.1865,0.761833333333333,0.983333333333333,0,0,0,0.99,0.998833333333333,0.999833333333333,69800
0.182166666666667,0.754833333333333,0.981833333333333,0,0,0,0.990333333333333,0.998833333333333,0.999833333333333,69900
0.178,0.748833333333333,0.981166666666667,0,0,0,0.990333333333333,0.998833333333333,0.999833333333333,70000
0.1735,0.743333333333333,0.98,0,0,0,0.990333333333333,0.999,0.999833333333333,70100
0.1695,0.738333333333333,0.979,0,0,0,0.990333333333333,0.999,0.999833333333333,70200
0.164333333333333,0.732833333333333,0.977666666666667,0,0,0,0.990333333333333,0.999,0.999833333333333,70300
0.160666666666667,0.726166666666667,0.975833333333333,0,0,0,0.990333333333333,0.999,0.999833333333333,70400
0.157,0.718166666666667,0.974666666666667,0,0,0,0.990333333333333,0.999,0.999833333333333,70500
0.1545,0.710666666666667,0.974333333333333,0,0,0,0.9905,0.999,0.999833333333333,70600
0.151833333333333,0.703,0.972666666666667,0,0,0,0.9905,0.999,0.999833333333333,70700
0.148166666666667,0.6955,0.9715,0,0,0,0.9905,0.999,0.999833333333333,70800
0.145333333333333,0.689666666666667,0.970333333333333,0,0,0,0.990666666666667,0.999,0.999833333333333,70900
0.142833333333333,0.681333333333333,0.969,0,0,0,0.990666666666667,0.999,0.999833333333333,71000
0.14,0.674166666666667,0.967666666666667,0,0,0,0.991,0.999,0.999833333333333,71100
0.135833333333333,0.666,0.965333333333333,0,0,0,0.991,0.999,0.999833333333333,71200
0.133166666666667,0.658333333333333,0.9635,0,0,0,0.9915,0.999,0.999833333333333,71300
0.13,0.650833333333333,0.962166666666667,0,0,0,0.9915,0.999,0.999833333333333,71400
0.128,0.642166666666667,0.961333333333333,0,0,0,0.9915,0.999,0.999833333333333,71500
0.125666666666667,0.634,0.959833333333333,0,0,0,0.991666666666667,0.999,0.999833333333333,71600
0.123333333333333,0.6255,0.958333333333333,0,0,0,0.991666666666667,0.999,0.999833333333333,71700
0.12,0.62,0.955666666666667,0,0,0,0.991666666666667,0.999,0.999833333333333,71800
0.117666666666667,0.6115,0.952333333333333,0,0,0,0.991833333333333,0.999166666666667,0.999833333333333,71900
0.115833333333333,0.605166666666667,0.95,0,0,0,0.992166666666667,0.999333333333333,0.999833333333333,72000
0.113833333333333,0.5975,0.9485,0,0,0,0.992333333333333,0.9995,0.999833333333333,72100
0.111833333333333,0.59,0.946666666666667,0,0,0,0.9925,0.999666666666667,0.999833333333333,72200
0.109166666666667,0.58,0.944166666666667,0,0,0,0.992666666666667,0.999666666666667,0.999833333333333,72300
0.106833333333333,0.572,0.941666666666667,0,0,0,0.992666666666667,0.999666666666667,0.999833333333333,72400
0.103666666666667,0.5645,0.939333333333333,0,0,0,0.992666666666667,0.999666666666667,0.999833333333333,72500
0.101333333333333,0.556166666666667,0.936,0,0,0,0.992666666666667,0.999666666666667,0.999833333333333,72600
0.0998333333333333,0.5505,0.933,0,0,0,0.992666666666667,0.999666666666667,0.999833333333333,72700
0.0981666666666667,0.5435,0.9295,0,0,0,0.993,0.999666666666667,0.999833333333333,72800
0.0955,0.536666666666667,0.928333333333333,0,0,0,0.993,0.999666666666667,0.999833333333333,72900
0.0923333333333333,0.5295,0.925333333333333,0,0,0,0.993166666666667,0.999666666666667,0.999833333333333,73000
0.0905,0.519666666666667,0.921833333333333,0,0,0,0.9935,0.999666666666667,0.999833333333333,73100
0.0883333333333333,0.513166666666667,0.917,0,0,0,0.9935,0.999666666666667,0.999833333333333,73200
0.0856666666666667,0.505833333333333,0.9135,0,0,0,0.9935,0.999666666666667,1,73300
0.0833333333333333,0.497833333333333,0.910333333333333,0,0,0,0.9935,0.999666666666667,1,73400
0.082,0.4915,0.906666666666667,0,0,0,0.993333333333333,0.999666666666667,1,73500
0.0798333333333333,0.485,0.9045,0,0,0,0.993333333333333,0.999666666666667,1,73600
0.0775,0.4795,0.900833333333333,0,0,0,0.993333333333333,0.999666666666667,1,73700
0.0758333333333333,0.472166666666667,0.896833333333333,0,0,0,0.993666666666667,0.999666666666667,1,73800
0.075,0.463666666666667,0.892833333333333,0,0,0,0.993666666666667,0.999666666666667,1,73900
0.0731666666666667,0.457666666666667,0.8905,0,0,0,0.993666666666667,0.999666666666667,1,74000
0.0721666666666667,0.450333333333333,0.886833333333333,0,0,0,0.993666666666667,0.999666666666667,1,74100
0.0706666666666667,0.444833333333333,0.882833333333333,0,0,0,0.993666666666667,0.999666666666667,1,74200
0.0691666666666667,0.437666666666667,0.879166666666667,0,0,0,0.993833333333333,0.999666666666667,1,74300
0.0678333333333333,0.432333333333333,0.872833333333333,0,0,0,0.994166666666667,0.999666666666667,1,74400
0.0668333333333333,0.426333333333333,0.869666666666667,0,0,0,0.994166666666667,0.999666666666667,1,74500
0.0648333333333333,0.419833333333333,0.865166666666667,0,0,0,0.994166666666667,0.999833333333333,1,74600
0.0641666666666667,0.4135,0.860166666666667,0,0,0,0.994166666666667,0.999833333333333,1,74700
0.0626666666666667,0.408,0.856333333333333,0,0,0,0.994166666666667,0.999833333333333,1,74800
0.0605,0.402166666666667,0.852833333333333,0,0,0,0.994166666666667,0.999833333333333,1,74900
0.0586666666666667,0.3975,0.847833333333333,0,0,0,0.994166666666667,0.999833333333333,1,75000
0.0568333333333333,0.39,0.8445,0,0,0,0.994166666666667,0.999833333333333,1,75100
0.0553333333333333,0.384,0.839,0,0,0,0.994166666666667,0.999833333333333,1,75200
0.0546666666666667,0.377666666666667,0.831833333333333,0,0,0,0.994166666666667,0.999833333333333,1,75300
0.053,0.371,0.8255,0,0,0,0.994333333333333,0.999833333333333,1,75400
0.0518333333333333,0.365666666666667,0.8205,0,0,0,0.994333333333333,0.999833333333333,1,75500
0.0508333333333333,0.358833333333333,0.815333333333333,0,0,0,0.994333333333333,0.999833333333333,1,75600
0.0495,0.353666666666667,0.810666666666667,0,0,0,0.9945,0.999833333333333,1,75700
0.049,0.348333333333333,0.804833333333333,0,0,0,0.9945,0.999833333333333,1,75800
0.048,0.341333333333333,0.799833333333333,0,0,0,0.994833333333333,0.999833333333333,1,75900
0.0465,0.3375,0.795833333333333,0,0,0,0.995,0.999833333333333,1,76000
0.0451666666666667,0.330833333333333,0.790833333333333,0,0,0,0.995,0.999833333333333,1,76100
0.044,0.325333333333333,0.7845,0,0,0,0.995,0.999833333333333,1,76200
0.0435,0.321,0.7795,0,0,0,0.995,0.999833333333333,1,76300
0.0431666666666667,0.314833333333333,0.772666666666667,0,0,0,0.995,0.999833333333333,1,76400
0.0416666666666667,0.3095,0.765833333333333,0,0,0,0.995,0.999833333333333,1,76500
0.041,0.303,0.758833333333333,0,0,0,0.995,0.999833333333333,1,76600
0.0398333333333333,0.2965,0.7535,0,0,0,0.995,0.999833333333333,1,76700
0.0388333333333333,0.290166666666667,0.748166666666667,0,0,0,0.995,0.999833333333333,1,76800
0.0381666666666667,0.284666666666667,0.7425,0,0,0,0.995,0.999833333333333,1,76900
0.0373333333333333,0.279333333333333,0.737,0,0,0,0.995333333333333,0.999833333333333,1,77000
0.0366666666666667,0.2735,0.7305,0,0,0,0.995333333333333,0.999833333333333,1,77100
0.0358333333333333,0.268833333333333,0.725,0,0,0,0.9955,0.999833333333333,1,77200
0.0346666666666667,0.262333333333333,0.720333333333333,0,0,0,0.9955,0.999833333333333,1,77300
0.0336666666666667,0.257666666666667,0.713166666666667,0,0,0,0.9955,0.999833333333333,1,77400
0.0331666666666667,0.252666666666667,0.707,0,0,0,0.9955,0.999833333333333,1,77500
0.033,0.2475,0.6985,0,0,0,0.9955,0.999833333333333,1,77600
0.0325,0.242666666666667,0.6905,0,0,0,0.9955,0.999833333333333,1,77700
0.0315,0.237666666666667,0.685,0,0,0,0.9955,0.999833333333333,1,77800
0.0308333333333333,0.2315,0.679333333333333,0,0,0,0.9955,0.999833333333333,1,77900
0.0301666666666667,0.2285,0.672333333333333,0,0,0,0.9955,0.999833333333333,1,78000
0.03,0.223833333333333,0.665166666666667,0,0,0,0.995333333333333,0.999833333333333,1,78100
0.0293333333333333,0.2205,0.658666666666667,0,0,0,0.995333333333333,0.999833333333333,1,78200
0.029,0.216333333333333,0.651333333333333,0,0,0,0.9955,0.999833333333333,1,78300
0.0288333333333333,0.210833333333333,0.643833333333333,0,0,0,0.995666666666667,0.999833333333333,1,78400
0.0281666666666667,0.205833333333333,0.636166666666667,0,0,0,0.995666666666667,0.999833333333333,1,78500
0.0276666666666667,0.203166666666667,0.628166666666667,0,0,0,0.9955,0.999833333333333,1,78600
0.0271666666666667,0.198833333333333,0.621333333333333,0,0,0,0.995333333333333,0.999833333333333,1,78700
0.0261666666666667,0.194833333333333,0.616,0,0,0,0.995666666666667,0.999833333333333,1,78800
0.0256666666666667,0.189166666666667,0.609,0,0,0,0.995833333333333,0.999833333333333,1,78900
0.0251666666666667,0.185833333333333,0.599666666666667,0,0,0,0.996,0.999833333333333,1,79000
0.0245,0.182833333333333,0.592833333333333,0,0,0,0.996,0.999833333333333,1,79100
0.0243333333333333,0.178666666666667,0.585,0,0,0,0.996,0.999833333333333,1,79200
0.0236666666666667,0.174833333333333,0.578333333333333,0,0,0,0.996,0.999833333333333,1,79300
0.023,0.1705,0.57,0,0,0,0.996,0.999833333333333,1,79400
0.0225,0.166333333333333,0.562833333333333,0,0,0,0.996,0.999833333333333,1,79500
0.0221666666666667,0.162833333333333,0.555833333333333,0,0,0,0.996,0.999833333333333,1,79600
0.0211666666666667,0.160166666666667,0.548166666666667,0,0,0,0.995833333333333,0.999833333333333,1,79700
0.0206666666666667,0.1565,0.542666666666667,0,0,0,0.995666666666667,0.999833333333333,1,79800
0.0203333333333333,0.154,0.536,0,0,0,0.995666666666667,0.999833333333333,1,79900
0.0201666666666667,0.151,0.529333333333333,0,0,0,0.995666666666667,0.999833333333333,1,80000
0.0198333333333333,0.148833333333333,0.5235,0,0,0,0.995666666666667,0.999833333333333,1,80100
0.0196666666666667,0.146333333333333,0.515333333333333,0,0,0,0.995666666666667,0.999833333333333,1,80200
0.019,0.1435,0.506333333333333,0,0,0,0.995833333333333,0.999833333333333,1,80300
0.0185,0.141166666666667,0.499666666666667,0,0,0,0.995833333333333,0.999833333333333,1,80400
0.0181666666666667,0.1375,0.494166666666667,0,0,0,0.995666666666667,0.999833333333333,1,80500
0.0178333333333333,0.134166666666667,0.487833333333333,0,0,0,0.995666666666667,0.999833333333333,1,80600
0.0173333333333333,0.131833333333333,0.482,0,0,0,0.995666666666667,0.999833333333333,1,80700
0.0171666666666667,0.129833333333333,0.475333333333333,0,0,0,0.995666666666667,0.999833333333333,1,80800
0.0166666666666667,0.1275,0.468833333333333,0,0,0,0.995666666666667,0.999833333333333,1,80900
0.0161666666666667,0.1255,0.4625,0,0,0,0.9955,0.999833333333333,1,81000
0.0155,0.123166666666667,0.456833333333333,0,0,0,0.9955,0.999833333333333,1,81100
0.0151666666666667,0.119833333333333,0.448166666666667,0,0,0,0.9955,0.999833333333333,1,81200
0.0146666666666667,0.117,0.442833333333333,0,0,0,0.995333333333333,0.999833333333333,1,81300
0.0146666666666667,0.116,0.436166666666667,0,0,0,0.995333333333333,0.999833333333333,1,81400
0.0141666666666667,0.1135,0.431833333333333,0,0,0,0.995333333333333,0.999833333333333,1,81500
0.0135,0.111833333333333,0.425833333333333,0,0,0,0.995166666666667,0.999833333333333,1,81600
0.0133333333333333,0.109666666666667,0.421666666666667,0,0,0,0.995,0.999833333333333,1,81700
0.0133333333333333,0.106666666666667,0.414333333333333,0,0,0,0.994833333333333,0.999833333333333,1,81800
0.0131666666666667,0.104666666666667,0.409833333333333,0,0,0,0.994666666666667,0.999833333333333,1,81900
0.0128333333333333,0.101833333333333,0.404166666666667,0,0,0,0.994833333333333,0.999833333333333,1,82000
0.0126666666666667,0.0998333333333333,0.397833333333333,0,0,0,0.994666666666667,0.999833333333333,1,82100
0.0123333333333333,0.0976666666666667,0.391333333333333,0,0,0,0.994333333333333,0.999833333333333,1,82200
0.0123333333333333,0.0951666666666667,0.386833333333333,0,0,0,0.994166666666667,0.999833333333333,1,82300
0.012,0.0943333333333333,0.380833333333333,0,0,0,0.994166666666667,0.999833333333333,1,82400
0.0115,0.0921666666666667,0.374333333333333,0,0,0,0.994,0.999833333333333,1,82500
0.0108333333333333,0.0905,0.370666666666667,0,0,0,0.994,0.999833333333333,1,82600
0.0106666666666667,0.0888333333333333,0.363666666666667,0,0,0,0.9935,0.999833333333333,1,82700
0.0105,0.0863333333333333,0.359833333333333,0,0,0,0.9935,0.999833333333333,1,82800
0.00966666666666667,0.0851666666666667,0.354166666666667,0,0,0,0.993333333333333,0.999833333333333,1,82900
0.00933333333333333,0.083,0.347166666666667,0,0,0,0.993333333333333,0.999833333333333,1,83000
0.00933333333333333,0.0811666666666667,0.342,0,0,0,0.993333333333333,0.999833333333333,1,83100
0.00933333333333333,0.0791666666666667,0.337166666666667,0,0,0,0.993166666666667,0.999833333333333,1,83200
0.00916666666666667,0.0776666666666667,0.332833333333333,0,0,0,0.992833333333333,0.999833333333333,1,83300
0.00866666666666667,0.0758333333333333,0.3275,0,0,0,0.992666666666667,0.999833333333333,1,83400
0.00866666666666667,0.0748333333333333,0.321666666666667,0,0,0,0.992666666666667,0.999833333333333,1,83500
0.00866666666666667,0.0735,0.316333333333333,0,0,0,0.992666666666667,0.999833333333333,1,83600
0.0085,0.0726666666666667,0.312166666666667,0,0,0,0.992333333333333,0.999833333333333,1,83700
0.00833333333333333,0.0711666666666667,0.306833333333333,0,0,0,0.992,0.999833333333333,1,83800
0.00833333333333333,0.0696666666666667,0.301333333333333,0,0,0,0.991833333333333,0.999833333333333,1,83900
0.00816666666666667,0.0686666666666667,0.296833333333333,0,0,0,0.991666666666667,0.999833333333333,1,84000
0.008,0.067,0.291666666666667,0,0,0,0.991833333333333,0.999833333333333,1,84100
0.00783333333333333,0.066,0.2855,0,0,0,0.991833333333333,0.999833333333333,1,84200
0.0075,0.0645,0.278833333333333,0,0,0,0.991666666666667,0.999833333333333,1,84300
0.0075,0.0631666666666667,0.273833333333333,0,0,0,0.991333333333333,0.999833333333333,1,84400
0.0075,0.0621666666666667,0.269,0,0,0,0.991333333333333,0.999833333333333,1,84500
0.00733333333333333,0.0606666666666667,0.265,0,0,0,0.991166666666667,0.999833333333333,1,84600
0.00733333333333333,0.0595,0.259666666666667,0,0,0,0.990833333333333,0.999833333333333,1,84700
0.00683333333333333,0.0576666666666667,0.254333333333333,0,0,0,0.990666666666667,0.999833333333333,1,84800
0.00683333333333333,0.0563333333333333,0.2495,0,0,0,0.99,0.999833333333333,1,84900
0.00666666666666667,0.0553333333333333,0.245,0,0,0,0.989666666666667,0.999833333333333,1,85000
0.0065,0.0546666666666667,0.240666666666667,0,0,0,0.9895,0.999833333333333,1,85100
0.0065,0.0525,0.236666666666667,0,0,0,0.989333333333333,0.999833333333333,1,85200
0.00616666666666667,0.052,0.232833333333333,0,0,0,0.989,0.999833333333333,1,85300
0.006,0.051,0.229,0,0,0,0.9885,0.999833333333333,1,85400
0.00583333333333333,0.0495,0.225333333333333,0,0,0,0.988166666666667,0.999833333333333,1,85500
0.00583333333333333,0.0491666666666667,0.221166666666667,0,0,0,0.987833333333333,0.999833333333333,1,85600
0.00583333333333333,0.0485,0.216333333333333,0,0,0,0.987333333333333,0.999833333333333,1,85700
0.00566666666666667,0.0475,0.211333333333333,0,0,0,0.986833333333333,0.999833333333333,1,85800
0.00566666666666667,0.046,0.206,0,0,0,0.986166666666667,0.999833333333333,1,85900
0.0055,0.0451666666666667,0.203,0,0,0,0.986,0.999833333333333,1,86000
0.00516666666666667,0.0438333333333333,0.2,0,0,0,0.986,0.999833333333333,1,86100
0.00516666666666667,0.043,0.194833333333333,0,0,0,0.985833333333333,0.999833333333333,1,86200
0.005,0.042,0.191833333333333,0,0,0,0.985833333333333,0.999833333333333,1,86300
0.005,0.0413333333333333,0.1875,0,0,0,0.9855,0.999833333333333,1,86400
0.005,0.0406666666666667,0.1845,0,0,0,0.985,0.999833333333333,1,86500
0.00483333333333333,0.0393333333333333,0.181833333333333,0,0,0,0.984333333333333,0.999833333333333,1,86600
0.00483333333333333,0.0386666666666667,0.178,0,0,0,0.983833333333333,0.999833333333333,1,86700
0.00483333333333333,0.038,0.1745,0,0,0,0.983666666666667,0.999833333333333,1,86800
0.00466666666666667,0.0371666666666667,0.170833333333333,0,0,0,0.983166666666667,0.999833333333333,1,86900
0.00466666666666667,0.0368333333333333,0.1675,0,0,0,0.982666666666667,0.999833333333333,1,87000
0.00466666666666667,0.0365,0.163666666666667,0,0,0,0.982333333333333,0.999833333333333,1,87100
0.00466666666666667,0.0355,0.159666666666667,0,0,0,0.982166666666667,0.999833333333333,1,87200
0.00466666666666667,0.035,0.157666666666667,0,0,0,0.981666666666667,0.999833333333333,1,87300
0.00433333333333333,0.0346666666666667,0.155666666666667,0,0,0,0.981,0.999833333333333,1,87400
0.004,0.0336666666666667,0.152166666666667,0,0,0,0.980666666666667,0.999666666666667,1,87500
0.004,0.0333333333333333,0.150333333333333,0,0,0,0.980666666666667,0.999666666666667,1,87600
0.004,0.033,0.148333333333333,0,0,0,0.9805,0.999666666666667,1,87700
0.004,0.0321666666666667,0.1455,0,0,0,0.979833333333333,0.999666666666667,1,87800
0.00383333333333333,0.0315,0.142333333333333,0,0,0,0.979333333333333,0.999666666666667,1,87900
0.00383333333333333,0.0311666666666667,0.14,0,0,0,0.979166666666667,0.999666666666667,1,88000
0.00383333333333333,0.0301666666666667,0.137833333333333,0,0,0,0.978666666666667,0.999666666666667,1,88100
0.00383333333333333,0.0296666666666667,0.134666666666667,0,0,0,0.978166666666667,0.999666666666667,1,88200
0.00383333333333333,0.0295,0.132333333333333,0,0,0,0.977833333333333,0.999666666666667,1,88300
0.00383333333333333,0.0286666666666667,0.129333333333333,0,0,0,0.9775,0.999666666666667,1,88400
0.00366666666666667,0.0285,0.1265,0,0,0,0.977166666666667,0.999666666666667,1,88500
0.00366666666666667,0.0281666666666667,0.124,0,0,0,0.976833333333333,0.999666666666667,1,88600
0.0035,0.0273333333333333,0.122333333333333,0,0,0,0.976166666666667,0.999666666666667,1,88700
0.0035,0.0266666666666667,0.120666666666667,0,0,0,0.9755,0.999666666666667,1,88800
0.00333333333333333,0.0265,0.1185,0,0,0,0.974833333333333,0.999666666666667,1,88900
0.00333333333333333,0.0265,0.1165,0,0,0,0.974166666666667,0.999666666666667,1,89000
0.00333333333333333,0.0261666666666667,0.114,0,0,0,0.973166666666667,0.999666666666667,1,89100
0.00333333333333333,0.0256666666666667,0.112166666666667,0,0,0,0.972666666666667,0.999666666666667,1,89200
0.00333333333333333,0.0248333333333333,0.11,0,0,0,0.972166666666667,0.999666666666667,1,89300
0.00333333333333333,0.0241666666666667,0.107666666666667,0,0,0,0.970833333333333,0.999666666666667,1,89400
0.00333333333333333,0.0235,0.105,0,0,0,0.970166666666667,0.999666666666667,1,89500
0.00333333333333333,0.0226666666666667,0.101666666666667,0,0,0,0.969333333333333,0.999666666666667,1,89600
0.00333333333333333,0.0225,0.100166666666667,0,0,0,0.968833333333333,0.999666666666667,1,89700
0.00333333333333333,0.0215,0.0975,0,0,0,0.968,0.999666666666667,1,89800
0.00333333333333333,0.0208333333333333,0.0961666666666667,0,0,0,0.967166666666667,0.999666666666667,1,89900
0.00333333333333333,0.0206666666666667,0.0946666666666667,0,0,0,0.966833333333333,0.999666666666667,1,90000
0.00333333333333333,0.0203333333333333,0.0933333333333333,0,0,0,0.966166666666667,0.999666666666667,1,90100
0.00333333333333333,0.0203333333333333,0.0913333333333333,0,0,0,0.965833333333333,0.999666666666667,1,90200
0.00316666666666667,0.0198333333333333,0.0896666666666667,0,0,0,0.965,0.999666666666667,1,90300
0.00316666666666667,0.0195,0.0883333333333333,0,0,0,0.964833333333333,0.999666666666667,1,90400
0.00316666666666667,0.0188333333333333,0.087,0,0,0,0.963666666666667,0.999666666666667,1,90500
0.003,0.0186666666666667,0.0853333333333333,0,0,0,0.962833333333333,0.999666666666667,1,90600
0.003,0.0185,0.084,0,0,0,0.961333333333333,0.999666666666667,1,90700
0.003,0.018,0.0818333333333333,0,0,0,0.960333333333333,0.999666666666667,1,90800
0.003,0.018,0.0808333333333333,0,0,0,0.959666666666667,0.999666666666667,1,90900
0.003,0.0178333333333333,0.0786666666666667,0,0,0,0.959,0.999666666666667,1,91000
0.00283333333333333,0.0176666666666667,0.0771666666666667,0,0,0,0.958333333333333,0.999666666666667,1,91100
0.00283333333333333,0.0176666666666667,0.0755,0,0,0,0.9575,0.999666666666667,1,91200
0.00283333333333333,0.0166666666666667,0.0746666666666667,0,0,0,0.957166666666667,0.999666666666667,1,91300
0.00283333333333333,0.0161666666666667,0.074,0,0,0,0.954833333333333,0.999666666666667,1,91400
0.00283333333333333,0.0156666666666667,0.0725,0,0,0,0.9535,0.999666666666667,1,91500
0.00283333333333333,0.0156666666666667,0.0715,0,0,0,0.952166666666667,0.999666666666667,1,91600
0.00266666666666667,0.0151666666666667,0.0698333333333333,0,0,0,0.951833333333333,0.999666666666667,1,91700
0.00266666666666667,0.0143333333333333,0.0686666666666667,0,0,0,0.9505,0.999666666666667,1,91800
0.00266666666666667,0.0141666666666667,0.0675,0,0,0,0.95,0.999666666666667,1,91900
0.00266666666666667,0.0141666666666667,0.0658333333333333,0,0,0,0.949833333333333,0.999666666666667,1,92000
0.00266666666666667,0.014,0.0636666666666667,0,0,0,0.949166666666667,0.999666666666667,1,92100
0.00233333333333333,0.0136666666666667,0.0633333333333333,0,0,0,0.948,0.999666666666667,1,92200
0.00233333333333333,0.0131666666666667,0.0625,0,0,0,0.9465,0.999666666666667,1,92300
0.00233333333333333,0.0128333333333333,0.0613333333333333,0,0,0,0.945666666666667,0.999666666666667,1,92400
0.00216666666666667,0.0125,0.0596666666666667,0,0,0,0.9445,0.999666666666667,1,92500
0.00216666666666667,0.0123333333333333,0.0588333333333333,0,0,0,0.9435,0.999666666666667,1,92600
0.00216666666666667,0.0118333333333333,0.0575,0,0,0,0.942833333333333,0.999666666666667,1,92700
0.00183333333333333,0.0116666666666667,0.057,0,0,0,0.942166666666667,0.9995,1,92800
0.00183333333333333,0.0115,0.0558333333333333,0,0,0,0.941333333333333,0.9995,1,92900
0.00183333333333333,0.0111666666666667,0.0546666666666667,0,0,0,0.94,0.999166666666667,1,93000
0.00183333333333333,0.011,0.0536666666666667,0,0,0,0.939166666666667,0.999166666666667,1,93100
0.00166666666666667,0.0103333333333333,0.0528333333333333,0,0,0,0.9385,0.999166666666667,1,93200
0.00166666666666667,0.01,0.0515,0,0,0,0.9375,0.999166666666667,1,93300
0.00166666666666667,0.0095,0.051,0,0,0,0.936166666666667,0.999166666666667,1,93400
0.00166666666666667,0.0095,0.0498333333333333,0,0,0,0.935333333333333,0.999166666666667,1,93500
0.00166666666666667,0.00933333333333333,0.049,0,0,0,0.933833333333333,0.999,1,93600
0.00166666666666667,0.00933333333333333,0.0478333333333333,0,0,0,0.9335,0.998833333333333,1,93700
0.00166666666666667,0.00916666666666667,0.0465,0,0,0,0.932833333333333,0.998833333333333,1,93800
0.00166666666666667,0.00916666666666667,0.0455,0,0,0,0.9325,0.998833333333333,1,93900
0.0015,0.009,0.0445,0,0,0,0.931333333333333,0.998833333333333,1,94000
0.0015,0.0085,0.0438333333333333,0,0,0,0.93,0.998833333333333,1,94100
0.0015,0.0085,0.0428333333333333,0,0,0,0.929166666666667,0.998833333333333,1,94200
0.0015,0.0085,0.0423333333333333,0,0,0,0.928,0.998833333333333,1,94300
0.0015,0.0085,0.0416666666666667,0,0,0,0.927333333333333,0.998833333333333,1,94400
0.0015,0.0085,0.0411666666666667,0,0,0,0.925333333333333,0.998833333333333,1,94500
0.00133333333333333,0.0085,0.04,0,0,0,0.923833333333333,0.998833333333333,1,94600
0.00116666666666667,0.00833333333333333,0.039,0,0,0,0.922666666666667,0.998833333333333,1,94700
0.00116666666666667,0.00816666666666667,0.038,0,0,0,0.921166666666667,0.998833333333333,1,94800
0.001,0.00783333333333333,0.0373333333333333,0,0,0,0.919833333333333,0.998833333333333,1,94900
0.001,0.0075,0.0371666666666667,0,0,0,0.9185,0.9985,1,95000
0.001,0.00716666666666667,0.0365,0,0,0,0.916833333333333,0.9985,1,95100
0.001,0.00716666666666667,0.0358333333333333,0,0,0,0.915166666666667,0.9985,1,95200
0.001,0.007,0.0353333333333333,0,0,0,0.914666666666667,0.9985,1,95300
0.001,0.00683333333333333,0.0343333333333333,0,0,0,0.913333333333333,0.9985,1,95400
0.001,0.00683333333333333,0.034,0,0,0,0.911666666666667,0.9985,1,95500
0.001,0.00683333333333333,0.0338333333333333,0,0,0,0.9105,0.9985,1,95600
0.001,0.00666666666666667,0.0335,0,0,0,0.908833333333333,0.9985,1,95700
0.001,0.00666666666666667,0.0331666666666667,0,0,0,0.908,0.998333333333333,1,95800
0.001,0.00666666666666667,0.0323333333333333,0,0,0,0.907,0.998333333333333,1,95900
0.001,0.00666666666666667,0.0313333333333333,0,0,0,0.9055,0.998333333333333,1,96000
0.001,0.0065,0.0308333333333333,0,0,0,0.904166666666667,0.998333333333333,1,96100
0.001,0.00616666666666667,0.0306666666666667,0,0,0,0.903,0.998333333333333,1,96200
0.001,0.00583333333333333,0.0301666666666667,0,0,0,0.901166666666667,0.998333333333333,1,96300
0.001,0.00583333333333333,0.0296666666666667,0,0,0,0.899666666666667,0.998166666666667,1,96400
0.001,0.00566666666666667,0.029,0,0,0,0.898166666666667,0.998166666666667,1,96500
0.001,0.00566666666666667,0.0283333333333333,0,0,0,0.897166666666667,0.998166666666667,1,96600
0.000833333333333333,0.0055,0.0281666666666667,0,0,0,0.895833333333333,0.998166666666667,1,96700
0.000833333333333333,0.00533333333333333,0.0273333333333333,0,0,0,0.894166666666667,0.998,1,96800
0.000833333333333333,0.00516666666666667,0.0273333333333333,0,0,0,0.893166666666667,0.998,1,96900
0.000833333333333333,0.00516666666666667,0.0271666666666667,0,0,0,0.8915,0.998,1,97000
0.000833333333333333,0.00516666666666667,0.0271666666666667,0,0,0,0.890833333333333,0.998,1,97100
0.000833333333333333,0.00516666666666667,0.0266666666666667,0,0,0,0.889833333333333,0.997666666666667,1,97200
0.000833333333333333,0.00516666666666667,0.0261666666666667,0,0,0,0.8885,0.997666666666667,1,97300
0.000666666666666667,0.00516666666666667,0.026,0,0,0,0.886833333333333,0.9975,1,97400
0.000666666666666667,0.005,0.0256666666666667,0,0,0,0.885166666666667,0.997333333333333,1,97500
0.000666666666666667,0.00483333333333333,0.0246666666666667,0,0,0,0.883333333333333,0.997333333333333,1,97600
0.000666666666666667,0.00483333333333333,0.0241666666666667,0,0,0,0.881833333333333,0.997166666666667,1,97700
0.000666666666666667,0.00483333333333333,0.0235,0,0,0,0.879833333333333,0.997,1,97800
0.000666666666666667,0.00483333333333333,0.0228333333333333,0,0,0,0.878,0.996666666666667,1,97900
0.000666666666666667,0.00466666666666667,0.0221666666666667,0,0,0,0.877333333333333,0.9965,1,98000
5e-04,0.00466666666666667,0.021,0,0,0,0.874666666666667,0.996333333333333,1,98100
5e-04,0.00466666666666667,0.0205,0,0,0,0.874,0.996166666666667,1,98200
5e-04,0.00466666666666667,0.0203333333333333,0,0,0,0.8725,0.996166666666667,1,98300
5e-04,0.00466666666666667,0.0198333333333333,0,0,0,0.871,0.996,1,98400
5e-04,0.0045,0.0196666666666667,0,0,0,0.8695,0.995666666666667,1,98500
0.000333333333333333,0.00416666666666667,0.0195,0,0,0,0.867,0.995666666666667,1,98600
0.000333333333333333,0.004,0.019,0,0,0,0.865,0.995666666666667,1,98700
0.000333333333333333,0.004,0.0188333333333333,0,0,0,0.8635,0.9955,1,98800
0.000333333333333333,0.004,0.0183333333333333,0,0,0,0.862333333333333,0.9955,1,98900
0.000333333333333333,0.00383333333333333,0.0183333333333333,0,0,0,0.860333333333333,0.9955,1,99000
0.000333333333333333,0.00383333333333333,0.0181666666666667,0,0,0,0.858833333333333,0.995166666666667,1,99100
0.000333333333333333,0.00383333333333333,0.018,0,0,0,0.857833333333333,0.995,1,99200
0.000333333333333333,0.00383333333333333,0.0178333333333333,0,0,0,0.855,0.994833333333333,1,99300
0.000333333333333333,0.00383333333333333,0.0175,0,0,0,0.853666666666667,0.994833333333333,1,99400
0.000333333333333333,0.00383333333333333,0.0171666666666667,0,0,0,0.8525,0.994833333333333,1,99500
0.000333333333333333,0.00383333333333333,0.0168333333333333,0,0,0,0.850666666666667,0.994833333333333,1,99600
0.000333333333333333,0.00383333333333333,0.0166666666666667,0,0,0,0.849,0.994333333333333,1,99700
0.000333333333333333,0.00383333333333333,0.0165,0,0,0,0.847,0.994166666666667,1,99800
0.000333333333333333,0.00366666666666667,0.0156666666666667,0,0,0,0.845666666666667,0.994,1,99900
0.000333333333333333,0.00366666666666667,0.0156666666666667,0,0,0,0.844,0.993833333333333,1,1e+05
0.000333333333333333,0.0035,0.0148333333333333,0,0,0,0.841833333333333,0.993833333333333,1,100100
0.000333333333333333,0.0035,0.0148333333333333,0,0,0,0.840166666666667,0.993833333333333,1,100200
0.000333333333333333,0.0035,0.0148333333333333,0,0,0,0.837833333333333,0.993833333333333,1,100300
0.000333333333333333,0.0035,0.0145,0,0,0,0.835166666666667,0.993666666666667,1,100400
0.000333333333333333,0.00333333333333333,0.0141666666666667,0,0,0,0.833,0.993333333333333,1,100500
0.000333333333333333,0.00333333333333333,0.0138333333333333,0,0,0,0.830833333333333,0.993333333333333,0.999833333333333,100600
0.000333333333333333,0.00333333333333333,0.0135,0,0,0,0.829666666666667,0.993166666666667,0.999833333333333,100700
0.000333333333333333,0.00333333333333333,0.013,0,0,0,0.8275,0.993166666666667,0.999833333333333,100800
0.000333333333333333,0.00333333333333333,0.0126666666666667,0,0,0,0.826666666666667,0.992833333333333,0.999833333333333,100900
0.000333333333333333,0.00333333333333333,0.0118333333333333,0,0,0,0.823666666666667,0.9925,0.999833333333333,101000
0.000333333333333333,0.00316666666666667,0.0116666666666667,0,0,0,0.822666666666667,0.992,0.999833333333333,101100
0.000333333333333333,0.00316666666666667,0.0116666666666667,0,0,0,0.8205,0.991833333333333,0.999833333333333,101200
0.000333333333333333,0.00316666666666667,0.0115,0,0,0,0.818833333333333,0.991666666666667,0.999833333333333,101300
0.000333333333333333,0.00316666666666667,0.011,0,0,0,0.817166666666667,0.9915,0.999833333333333,101400
0.000333333333333333,0.00316666666666667,0.0106666666666667,0,0,0,0.8155,0.991166666666667,0.999833333333333,101500
0.000333333333333333,0.00316666666666667,0.0105,0,0,0,0.813333333333333,0.991,0.999833333333333,101600
0.000333333333333333,0.00316666666666667,0.0105,0,0,0,0.8105,0.990666666666667,0.999833333333333,101700
0.000333333333333333,0.00316666666666667,0.00983333333333333,0,0,0,0.808666666666667,0.990166666666667,0.999833333333333,101800
0.000333333333333333,0.00316666666666667,0.00983333333333333,0,0,0,0.806333333333333,0.990166666666667,0.999833333333333,101900
0.000333333333333333,0.003,0.0095,0,0,0,0.803833333333333,0.989666666666667,0.999833333333333,102000
0.000333333333333333,0.003,0.00916666666666667,0,0,0,0.802,0.989166666666667,0.999833333333333,102100
0.000333333333333333,0.003,0.00916666666666667,0,0,0,0.8,0.988666666666667,0.999833333333333,102200
0.000333333333333333,0.003,0.009,0,0,0,0.798333333333333,0.988333333333333,0.999833333333333,102300
0.000333333333333333,0.003,0.009,0,0,0,0.7965,0.988,0.999833333333333,102400
0.000333333333333333,0.003,0.00883333333333333,0,0,0,0.7945,0.988,0.999833333333333,102500
0.000333333333333333,0.003,0.00866666666666667,0,0,0,0.793,0.988,0.999833333333333,102600
0.000333333333333333,0.003,0.00866666666666667,0,0,0,0.791,0.987833333333333,0.999833333333333,102700
0.000333333333333333,0.003,0.0085,0,0,0,0.788,0.987666666666667,0.999833333333333,102800
0.000333333333333333,0.003,0.0085,0,0,0,0.786666666666667,0.987333333333333,0.999833333333333,102900
0.000333333333333333,0.003,0.0085,0,0,0,0.785333333333333,0.986833333333333,0.999833333333333,103000
0.000333333333333333,0.003,0.00833333333333333,0,0,0,0.7835,0.986333333333333,0.999833333333333,103100
0.000333333333333333,0.003,0.00816666666666667,0,0,0,0.781166666666667,0.985833333333333,0.999833333333333,103200
0.000333333333333333,0.00283333333333333,0.00816666666666667,0,0,0,0.779166666666667,0.985666666666667,0.999833333333333,103300
0.000333333333333333,0.00266666666666667,0.00816666666666667,0,0,0,0.777,0.9855,0.999833333333333,103400
0.000333333333333333,0.00266666666666667,0.008,0,0,0,0.7745,0.985,0.999833333333333,103500
0.000333333333333333,0.00266666666666667,0.00766666666666667,0,0,0,0.770833333333333,0.9845,0.999833333333333,103600
0.000333333333333333,0.00216666666666667,0.007,0,0,0,0.7685,0.984166666666667,0.999833333333333,103700
0.000333333333333333,0.00216666666666667,0.007,0,0,0,0.767,0.984,0.999833333333333,103800
0.000333333333333333,0.00216666666666667,0.00683333333333333,0,0,0,0.764833333333333,0.983666666666667,0.999833333333333,103900
0.000333333333333333,0.00216666666666667,0.00683333333333333,0,0,0,0.762833333333333,0.983333333333333,0.999833333333333,104000
0.000333333333333333,0.00216666666666667,0.00683333333333333,0,0,0,0.761166666666667,0.982833333333333,0.999833333333333,104100
0.000333333333333333,0.00216666666666667,0.00683333333333333,0,0,0,0.758666666666667,0.9825,0.999833333333333,104200
0.000333333333333333,0.00216666666666667,0.00683333333333333,0,0,0,0.756,0.982333333333333,0.999833333333333,104300
0.000333333333333333,0.00183333333333333,0.00666666666666667,0,0,0,0.753666666666667,0.982333333333333,0.999833333333333,104400
0.000333333333333333,0.00166666666666667,0.00633333333333333,0,0,0,0.7515,0.981666666666667,0.999833333333333,104500
0.000333333333333333,0.00166666666666667,0.00633333333333333,0,0,0,0.7485,0.981166666666667,0.999833333333333,104600
0.000333333333333333,0.00166666666666667,0.00633333333333333,0,0,0,0.746333333333333,0.980833333333333,0.999833333333333,104700
0.000333333333333333,0.00166666666666667,0.00633333333333333,0,0,0,0.744666666666667,0.980666666666667,0.999833333333333,104800
0.000333333333333333,0.00166666666666667,0.00616666666666667,0,0,0,0.743,0.980333333333333,0.999833333333333,104900
0.000333333333333333,0.00166666666666667,0.00616666666666667,0,0,0,0.740166666666667,0.9795,0.999833333333333,105000
0.000333333333333333,0.00166666666666667,0.00583333333333333,0,0,0,0.736833333333333,0.979166666666667,0.999833333333333,105100
0.000333333333333333,0.00166666666666667,0.00566666666666667,0,0,0,0.734,0.979,0.999833333333333,105200
0.000333333333333333,0.00166666666666667,0.00566666666666667,0,0,0,0.731666666666667,0.9785,0.999833333333333,105300
0.000333333333333333,0.00166666666666667,0.00566666666666667,0,0,0,0.73,0.978333333333333,0.999833333333333,105400
0.000333333333333333,0.0015,0.0055,0,0,0,0.7275,0.978,0.999833333333333,105500
0.000166666666666667,0.0015,0.00533333333333333,0,0,0,0.725166666666667,0.977333333333333,0.999833333333333,105600
0.000166666666666667,0.0015,0.00533333333333333,0,0,0,0.7225,0.977,0.999833333333333,105700
0.000166666666666667,0.0015,0.00533333333333333,0,0,0,0.720333333333333,0.976666666666667,0.999833333333333,105800
0.000166666666666667,0.0015,0.00516666666666667,0,0,0,0.716666666666667,0.976,0.999833333333333,105900
0.000166666666666667,0.0015,0.005,0,0,0,0.714,0.975333333333333,0.999833333333333,106000
0.000166666666666667,0.0015,0.005,0,0,0,0.711833333333333,0.9745,0.999833333333333,106100
0.000166666666666667,0.0015,0.005,0,0,0,0.71,0.974,0.999666666666667,106200
0.000166666666666667,0.0015,0.005,0,0,0,0.7075,0.973333333333333,0.999666666666667,106300
0.000166666666666667,0.0015,0.005,0,0,0,0.704666666666667,0.972666666666667,0.999666666666667,106400
0.000166666666666667,0.0015,0.005,0,0,0,0.7025,0.971666666666667,0.999666666666667,106500
0.000166666666666667,0.00133333333333333,0.005,0,0,0,0.700666666666667,0.971333333333333,0.999666666666667,106600
0.000166666666666667,0.00116666666666667,0.005,0,0,0,0.698333333333333,0.970666666666667,0.9995,106700
0.000166666666666667,0.00116666666666667,0.00483333333333333,0,0,0,0.6955,0.97,0.9995,106800
0.000166666666666667,0.001,0.00466666666666667,0,0,0,0.692666666666667,0.969333333333333,0.999166666666667,106900
0.000166666666666667,0.001,0.00466666666666667,0,0,0,0.690333333333333,0.969,0.999166666666667,107000
0.000166666666666667,0.001,0.00466666666666667,0,0,0,0.688666666666667,0.968166666666667,0.999166666666667,107100
0.000166666666666667,0.001,0.00466666666666667,0,0,0,0.685333333333333,0.968,0.999166666666667,107200
0.000166666666666667,0.001,0.0045,0,0,0,0.682333333333333,0.967333333333333,0.999166666666667,107300
0.000166666666666667,0.001,0.0045,0,0,0,0.679166666666667,0.967,0.999166666666667,107400
0.000166666666666667,0.001,0.00433333333333333,0,0,0,0.677,0.966333333333333,0.999166666666667,107500
0.000166666666666667,0.001,0.00433333333333333,0,0,0,0.674166666666667,0.966,0.999,107600
0.000166666666666667,0.001,0.00416666666666667,0,0,0,0.671333333333333,0.965666666666667,0.998833333333333,107700
0.000166666666666667,0.001,0.00416666666666667,0,0,0,0.668833333333333,0.964666666666667,0.998833333333333,107800
0.000166666666666667,0.001,0.004,0,0,0,0.6655,0.963833333333333,0.998833333333333,107900
0.000166666666666667,0.001,0.004,0,0,0,0.663333333333333,0.9625,0.998833333333333,108000
0.000166666666666667,0.001,0.004,0,0,0,0.660666666666667,0.9615,0.998833333333333,108100
0.000166666666666667,0.001,0.004,0,0,0,0.657166666666667,0.961,0.998833333333333,108200
0.000166666666666667,0.001,0.00383333333333333,0,0,0,0.654166666666667,0.960166666666667,0.998833333333333,108300
0.000166666666666667,0.001,0.00383333333333333,0,0,0,0.650166666666667,0.959833333333333,0.998833333333333,108400
0.000166666666666667,0.000833333333333333,0.00383333333333333,0,0,0,0.647833333333333,0.959333333333333,0.998833333333333,108500
0.000166666666666667,0.000833333333333333,0.00366666666666667,0,0,0,0.6455,0.958833333333333,0.998833333333333,108600
0.000166666666666667,0.000833333333333333,0.00366666666666667,0,0,0,0.642833333333333,0.958333333333333,0.998833333333333,108700
0.000166666666666667,0.000833333333333333,0.00366666666666667,0,0,0,0.640166666666667,0.956666666666667,0.998833333333333,108800
0.000166666666666667,0.000833333333333333,0.00366666666666667,0,0,0,0.637833333333333,0.9555,0.998833333333333,108900
0.000166666666666667,0.000833333333333333,0.00366666666666667,0,0,0,0.635166666666667,0.954166666666667,0.998833333333333,109000
0.000166666666666667,0.000833333333333333,0.00366666666666667,0,0,0,0.633,0.953166666666667,0.998833333333333,109100
0.000166666666666667,0.000833333333333333,0.00366666666666667,0,0,0,0.631666666666667,0.953,0.9985,109200
0.000166666666666667,0.000833333333333333,0.00366666666666667,0,0,0,0.6295,0.951833333333333,0.9985,109300
0.000166666666666667,0.000833333333333333,0.0035,0,0,0,0.627333333333333,0.951333333333333,0.9985,109400
0.000166666666666667,0.000833333333333333,0.0035,0,0,0,0.6245,0.950833333333333,0.9985,109500
0.000166666666666667,0.000833333333333333,0.0035,0,0,0,0.621666666666667,0.950833333333333,0.9985,109600
0.000166666666666667,0.000833333333333333,0.00333333333333333,0,0,0,0.62,0.949833333333333,0.9985,109700
0.000166666666666667,0.000833333333333333,0.00333333333333333,0,0,0,0.617333333333333,0.949,0.9985,109800
0.000166666666666667,0.000666666666666667,0.00333333333333333,0,0,0,0.614666666666667,0.947833333333333,0.9985,109900
0.000166666666666667,0.000666666666666667,0.00333333333333333,0,0,0,0.612166666666667,0.946833333333333,0.9985,110000
0.000166666666666667,0.000666666666666667,0.00316666666666667,0,0,0,0.6095,0.946166666666667,0.998333333333333,110100
0.000166666666666667,0.000666666666666667,0.00316666666666667,0,0,0,0.607,0.945166666666667,0.998333333333333,110200
0.000166666666666667,0.000666666666666667,0.00316666666666667,0,0,0,0.604666666666667,0.9445,0.998333333333333,110300
0.000166666666666667,5e-04,0.00316666666666667,0,0,0,0.6025,0.943833333333333,0.998333333333333,110400
0.000166666666666667,5e-04,0.00316666666666667,0,0,0,0.599333333333333,0.943333333333333,0.998333333333333,110500
0.000166666666666667,5e-04,0.00316666666666667,0,0,0,0.596333333333333,0.9425,0.998333333333333,110600
0.000166666666666667,5e-04,0.00316666666666667,0,0,0,0.594333333333333,0.941,0.998333333333333,110700
0.000166666666666667,5e-04,0.00316666666666667,0,0,0,0.592333333333333,0.94,0.998333333333333,110800
0.000166666666666667,5e-04,0.00316666666666667,0,0,0,0.590833333333333,0.939166666666667,0.998166666666667,110900
0.000166666666666667,5e-04,0.00316666666666667,0,0,0,0.587833333333333,0.938833333333333,0.998166666666667,111000
0,5e-04,0.003,0,0,0,0.585666666666667,0.937833333333333,0.998166666666667,111100
0,0.000333333333333333,0.003,0,0,0,0.583666666666667,0.937,0.998166666666667,111200
0,0.000333333333333333,0.003,0,0,0,0.581333333333333,0.936166666666667,0.998,111300
0,0.000333333333333333,0.003,0,0,0,0.5785,0.935333333333333,0.998,111400
0,0.000333333333333333,0.003,0,0,0,0.575,0.934166666666667,0.998,111500
0,0.000333333333333333,0.003,0,0,0,0.572333333333333,0.933833333333333,0.998,111600
0,0.000333333333333333,0.003,0,0,0,0.569833333333333,0.933166666666667,0.997833333333333,111700
0,0.000333333333333333,0.003,0,0,0,0.567166666666667,0.933,0.997666666666667,111800
0,0.000333333333333333,0.003,0,0,0,0.5655,0.9325,0.997666666666667,111900
0,0.000333333333333333,0.003,0,0,0,0.563333333333333,0.930833333333333,0.9975,112000
0,0.000333333333333333,0.003,0,0,0,0.5615,0.93,0.997333333333333,112100
0,0.000333333333333333,0.003,0,0,0,0.5595,0.9295,0.997333333333333,112200
0,0.000333333333333333,0.003,0,0,0,0.556666666666667,0.9285,0.997166666666667,112300
0,0.000333333333333333,0.00283333333333333,0,0,0,0.552333333333333,0.927666666666667,0.997,112400
0,0.000333333333333333,0.00283333333333333,0,0,0,0.549833333333333,0.926,0.996833333333333,112500
0,0.000333333333333333,0.00283333333333333,0,0,0,0.545833333333333,0.924833333333333,0.9965,112600
0,0.000333333333333333,0.00266666666666667,0,0,0,0.542166666666667,0.923333333333333,0.9965,112700
0,0.000333333333333333,0.00266666666666667,0,0,0,0.540166666666667,0.923,0.996333333333333,112800
0,0.000333333333333333,0.0025,0,0,0,0.537833333333333,0.9215,0.996166666666667,112900
0,0.000333333333333333,0.0025,0,0,0,0.534166666666667,0.9205,0.996166666666667,113000
0,0.000333333333333333,0.00233333333333333,0,0,0,0.532333333333333,0.9195,0.996166666666667,113100
0,0.000333333333333333,0.00233333333333333,0,0,0,0.530333333333333,0.918333333333333,0.995833333333333,113200
0,0.000333333333333333,0.00216666666666667,0,0,0,0.527833333333333,0.916333333333333,0.995666666666667,113300
0,0.000333333333333333,0.00216666666666667,0,0,0,0.5255,0.915333333333333,0.995666666666667,113400
0,0.000333333333333333,0.00216666666666667,0,0,0,0.5225,0.915,0.9955,113500
0,0.000333333333333333,0.002,0,0,0,0.52,0.913666666666667,0.9955,113600
0,0.000333333333333333,0.00183333333333333,0,0,0,0.518833333333333,0.912333333333333,0.9955,113700
0,0.000333333333333333,0.00183333333333333,0,0,0,0.516166666666667,0.911666666666667,0.9955,113800
0,0.000333333333333333,0.00166666666666667,0,0,0,0.514166666666667,0.9105,0.995333333333333,113900
0,0.000333333333333333,0.00166666666666667,0,0,0,0.511666666666667,0.909166666666667,0.995,114000
0,0.000333333333333333,0.00166666666666667,0,0,0,0.509333333333333,0.908333333333333,0.995,114100
0,0.000333333333333333,0.00166666666666667,0,0,0,0.506666666666667,0.9075,0.994833333333333,114200
0,0.000333333333333333,0.00166666666666667,0,0,0,0.504166666666667,0.906166666666667,0.994833333333333,114300
0,0.000333333333333333,0.00166666666666667,0,0,0,0.500333333333333,0.9055,0.994833333333333,114400
0,0.000333333333333333,0.00166666666666667,0,0,0,0.498833333333333,0.904,0.994833333333333,114500
0,0.000333333333333333,0.00166666666666667,0,0,0,0.497,0.902666666666667,0.9945,114600
0,0.000333333333333333,0.0015,0,0,0,0.495,0.901166666666667,0.994166666666667,114700
0,0.000333333333333333,0.0015,0,0,0,0.492833333333333,0.899833333333333,0.994,114800
0,0.000333333333333333,0.0015,0,0,0,0.4905,0.898666666666667,0.994,114900
0,0.000333333333333333,0.0015,0,0,0,0.4885,0.897333333333333,0.993833333333333,115000
0,0.000333333333333333,0.0015,0,0,0,0.487,0.896833333333333,0.993833333333333,115100
0,0.000333333333333333,0.0015,0,0,0,0.484,0.895333333333333,0.993833333333333,115200
0,0.000333333333333333,0.0015,0,0,0,0.481666666666667,0.894333333333333,0.993833333333333,115300
0,0.000333333333333333,0.0015,0,0,0,0.478833333333333,0.893333333333333,0.993666666666667,115400
0,0.000333333333333333,0.0015,0,0,0,0.4765,0.891833333333333,0.993333333333333,115500
0,0.000333333333333333,0.0015,0,0,0,0.472,0.891166666666667,0.993333333333333,115600
0,0.000333333333333333,0.0015,0,0,0,0.467166666666667,0.8905,0.993333333333333,115700
0,0.000333333333333333,0.0015,0,0,0,0.464833333333333,0.889666666666667,0.993166666666667,115800
0,0.000333333333333333,0.0015,0,0,0,0.461666666666667,0.888333333333333,0.993166666666667,115900
0,0.000333333333333333,0.0015,0,0,0,0.459666666666667,0.887,0.992833333333333,116000
0,0.000333333333333333,0.0015,0,0,0,0.457333333333333,0.8855,0.992833333333333,116100
0,0.000333333333333333,0.00133333333333333,0,0,0,0.455166666666667,0.884333333333333,0.992,116200
0,0.000333333333333333,0.00116666666666667,0,0,0,0.452833333333333,0.882833333333333,0.992,116300
0,0.000333333333333333,0.00116666666666667,0,0,0,0.4495,0.881166666666667,0.991666666666667,116400
0,0.000333333333333333,0.00116666666666667,0,0,0,0.448,0.879333333333333,0.9915,116500
0,0.000333333333333333,0.00116666666666667,0,0,0,0.4465,0.878166666666667,0.991333333333333,116600
0,0.000333333333333333,0.00116666666666667,0,0,0,0.444166666666667,0.877666666666667,0.991166666666667,116700
0,0.000333333333333333,0.00116666666666667,0,0,0,0.441166666666667,0.875833333333333,0.991,116800
0,0.000333333333333333,0.001,0,0,0,0.438333333333333,0.874333333333333,0.990666666666667,116900
0,0.000333333333333333,0.001,0,0,0,0.4355,0.873833333333333,0.990166666666667,117000
0,0.000333333333333333,0.001,0,0,0,0.4325,0.872166666666667,0.990166666666667,117100
0,0.000333333333333333,0.001,0,0,0,0.430333333333333,0.871,0.989833333333333,117200
0,0.000333333333333333,0.001,0,0,0,0.428666666666667,0.87,0.989666666666667,117300
0,0.000333333333333333,0.001,0,0,0,0.426333333333333,0.867833333333333,0.989,117400
0,0.000333333333333333,0.001,0,0,0,0.425,0.865833333333333,0.988666666666667,117500
0,0.000333333333333333,0.001,0,0,0,0.423666666666667,0.864833333333333,0.988333333333333,117600
0,0.000333333333333333,0.001,0,0,0,0.421333333333333,0.863666666666667,0.988,117700
0,0.000333333333333333,0.001,0,0,0,0.419666666666667,0.862333333333333,0.988,117800
0,0.000333333333333333,0.000833333333333333,0,0,0,0.417333333333333,0.8605,0.988,117900
0,0.000333333333333333,0.000833333333333333,0,0,0,0.414833333333333,0.859333333333333,0.987833333333333,118000
0,0.000333333333333333,0.000833333333333333,0,0,0,0.413166666666667,0.858166666666667,0.987833333333333,118100
0,0.000333333333333333,0.000833333333333333,0,0,0,0.411833333333333,0.8565,0.987666666666667,118200
0,0.000333333333333333,0.000833333333333333,0,0,0,0.409166666666667,0.854833333333333,0.987333333333333,118300
0,0.000333333333333333,0.000833333333333333,0,0,0,0.406833333333333,0.853666666666667,0.987,118400
0,0.000333333333333333,0.000833333333333333,0,0,0,0.4055,0.852666666666667,0.986333333333333,118500
0,0.000333333333333333,0.000833333333333333,0,0,0,0.402833333333333,0.851166666666667,0.986166666666667,118600
0,0.000333333333333333,0.000833333333333333,0,0,0,0.401166666666667,0.850166666666667,0.985666666666667,118700
0,0.000333333333333333,0.000833333333333333,0,0,0,0.399333333333333,0.847833333333333,0.9855,118800
0,0.000166666666666667,0.000833333333333333,0,0,0,0.397166666666667,0.846333333333333,0.9855,118900
0,0.000166666666666667,0.000833333333333333,0,0,0,0.394666666666667,0.845666666666667,0.985,119000
0,0.000166666666666667,0.000833333333333333,0,0,0,0.393333333333333,0.844166666666667,0.9845,119100
0,0.000166666666666667,0.000833333333333333,0,0,0,0.391,0.8425,0.984166666666667,119200
0,0.000166666666666667,0.000833333333333333,0,0,0,0.389,0.841,0.984,119300
0,0.000166666666666667,0.000833333333333333,0,0,0,0.386666666666667,0.839,0.984,119400
0,0.000166666666666667,0.000833333333333333,0,0,0,0.384666666666667,0.837166666666667,0.9835,119500
0,0.000166666666666667,0.000833333333333333,0,0,0,0.3825,0.835,0.983333333333333,119600
0,0.000166666666666667,0.000833333333333333,0,0,0,0.38,0.833166666666667,0.982666666666667,119700
0,0.000166666666666667,0.000833333333333333,0,0,0,0.378,0.831333333333333,0.9825,119800
0,0.000166666666666667,0.000833333333333333,0,0,0,0.375833333333333,0.830333333333333,0.982333333333333,119900
0,0.000166666666666667,0.000666666666666667,0,0,0,0.373,0.828833333333333,0.982333333333333,120000
0,0.000166666666666667,0.000666666666666667,0,0,0,0.370833333333333,0.827,0.982,120100
0,0.000166666666666667,0.000666666666666667,0,0,0,0.368833333333333,0.825666666666667,0.981333333333333,120200
0,0.000166666666666667,5e-04,0,0,0,0.3655,0.823833333333333,0.980833333333333,120300
0,0.000166666666666667,5e-04,0,0,0,0.362666666666667,0.822833333333333,0.980833333333333,120400
0,0.000166666666666667,5e-04,0,0,0,0.360833333333333,0.821333333333333,0.980333333333333,120500
0,0.000166666666666667,5e-04,0,0,0,0.359333333333333,0.8195,0.980166666666667,120600
0,0.000166666666666667,5e-04,0,0,0,0.356666666666667,0.818,0.979666666666667,120700
0,0.000166666666666667,5e-04,0,0,0,0.3555,0.817,0.979166666666667,120800
0,0.000166666666666667,5e-04,0,0,0,0.353333333333333,0.815333333333333,0.979,120900
0,0.000166666666666667,5e-04,0,0,0,0.351833333333333,0.8135,0.978666666666667,121000
0,0.000166666666666667,5e-04,0,0,0,0.349833333333333,0.810833333333333,0.978333333333333,121100
0,0.000166666666666667,5e-04,0,0,0,0.347833333333333,0.8095,0.978166666666667,121200
0,0.000166666666666667,5e-04,0,0,0,0.345333333333333,0.807833333333333,0.978,121300
0,0.000166666666666667,0.000333333333333333,0,0,0,0.342333333333333,0.805666666666667,0.977333333333333,121400
0,0.000166666666666667,0.000333333333333333,0,0,0,0.340833333333333,0.804,0.977,121500
0,0.000166666666666667,0.000333333333333333,0,0,0,0.339,0.802166666666667,0.976666666666667,121600
0,0.000166666666666667,0.000333333333333333,0,0,0,0.337666666666667,0.800833333333333,0.976,121700
0,0.000166666666666667,0.000333333333333333,0,0,0,0.336833333333333,0.799333333333333,0.975833333333333,121800
0,0.000166666666666667,0.000333333333333333,0,0,0,0.3345,0.797833333333333,0.975,121900
0,0.000166666666666667,0.000333333333333333,0,0,0,0.332666666666667,0.796,0.974333333333333,122000
0,0.000166666666666667,0.000333333333333333,0,0,0,0.329333333333333,0.7945,0.974,122100
0,0.000166666666666667,0.000333333333333333,0,0,0,0.329166666666667,0.793166666666667,0.973333333333333,122200
0,0.000166666666666667,0.000333333333333333,0,0,0,0.3265,0.791333333333333,0.973,122300
0,0.000166666666666667,0.000333333333333333,0,0,0,0.323833333333333,0.788833333333333,0.972,122400
0,0.000166666666666667,0.000333333333333333,0,0,0,0.321666666666667,0.787666666666667,0.971333333333333,122500
0,0.000166666666666667,0.000333333333333333,0,0,0,0.320333333333333,0.786166666666667,0.971166666666667,122600
0,0.000166666666666667,0.000333333333333333,0,0,0,0.319166666666667,0.784666666666667,0.9705,122700
0,0.000166666666666667,0.000333333333333333,0,0,0,0.317333333333333,0.783666666666667,0.97,122800
0,0.000166666666666667,0.000333333333333333,0,0,0,0.315833333333333,0.781666666666667,0.969333333333333,122900
0,0.000166666666666667,0.000333333333333333,0,0,0,0.3135,0.780333333333333,0.969166666666667,123000
0,0.000166666666666667,0.000333333333333333,0,0,0,0.311333333333333,0.778,0.968333333333333,123100
0,0.000166666666666667,0.000333333333333333,0,0,0,0.309166666666667,0.776166666666667,0.968,123200
0,0.000166666666666667,0.000333333333333333,0,0,0,0.307666666666667,0.773666666666667,0.967666666666667,123300
0,0.000166666666666667,0.000333333333333333,0,0,0,0.305833333333333,0.770833333333333,0.967333333333333,123400
0,0.000166666666666667,0.000333333333333333,0,0,0,0.304166666666667,0.769,0.967,123500
0,0.000166666666666667,0.000333333333333333,0,0,0,0.3015,0.767166666666667,0.966166666666667,123600
0,0.000166666666666667,0.000333333333333333,0,0,0,0.298833333333333,0.7655,0.966,123700
0,0.000166666666666667,0.000333333333333333,0,0,0,0.297,0.764,0.965833333333333,123800
0,0.000166666666666667,0.000333333333333333,0,0,0,0.294833333333333,0.762166666666667,0.964666666666667,123900
0,0.000166666666666667,0.000333333333333333,0,0,0,0.292833333333333,0.761166666666667,0.964166666666667,124000
0,0.000166666666666667,0.000333333333333333,0,0,0,0.291,0.758833333333333,0.963333333333333,124100
0,0.000166666666666667,0.000333333333333333,0,0,0,0.288333333333333,0.756666666666667,0.962,124200
0,0,0.000333333333333333,0,0,0,0.2865,0.755,0.961333333333333,124300
0,0,0.000333333333333333,0,0,0,0.284833333333333,0.752333333333333,0.960833333333333,124400
0,0,0.000333333333333333,0,0,0,0.283,0.750666666666667,0.960333333333333,124500
0,0,0.000333333333333333,0,0,0,0.281666666666667,0.748333333333333,0.959833333333333,124600
0,0,0.000333333333333333,0,0,0,0.280166666666667,0.7465,0.9595,124700
0,0,0.000333333333333333,0,0,0,0.279166666666667,0.744833333333333,0.958833333333333,124800
0,0,0.000333333333333333,0,0,0,0.2765,0.744,0.958333333333333,124900
0,0,0.000333333333333333,0,0,0,0.275,0.741666666666667,0.958166666666667,125000
0,0,0.000333333333333333,0,0,0,0.2735,0.7395,0.956666666666667,125100
0,0,0.000333333333333333,0,0,0,0.271833333333333,0.736333333333333,0.9555,125200
0,0,0.000333333333333333,0,0,0,0.2695,0.734166666666667,0.954333333333333,125300
0,0,0.000333333333333333,0,0,0,0.2685,0.731833333333333,0.953166666666667,125400
0,0,0.000333333333333333,0,0,0,0.267,0.7305,0.953166666666667,125500
0,0,0.000333333333333333,0,0,0,0.266,0.7285,0.9525,125600
0,0,0.000333333333333333,0,0,0,0.265,0.727,0.9515,125700
0,0,0.000333333333333333,0,0,0,0.263666666666667,0.724666666666667,0.951166666666667,125800
0,0,0.000333333333333333,0,0,0,0.262,0.7225,0.950833333333333,125900
0,0,0.000333333333333333,0,0,0,0.260166666666667,0.720833333333333,0.950833333333333,126000
0,0,0.000333333333333333,0,0,0,0.258833333333333,0.717666666666667,0.950166666666667,126100
0,0,0.000333333333333333,0,0,0,0.257666666666667,0.715,0.949333333333333,126200
0,0,0.000333333333333333,0,0,0,0.256833333333333,0.7135,0.948333333333333,126300
0,0,0.000333333333333333,0,0,0,0.255333333333333,0.711166666666667,0.947333333333333,126400
0,0,0.000333333333333333,0,0,0,0.254166666666667,0.709833333333333,0.946666666666667,126500
0,0,0.000333333333333333,0,0,0,0.252666666666667,0.707666666666667,0.945833333333333,126600
0,0,0.000333333333333333,0,0,0,0.252,0.705666666666667,0.945166666666667,126700
0,0,0.000333333333333333,0,0,0,0.250166666666667,0.703166666666667,0.9445,126800
0,0,0.000333333333333333,0,0,0,0.247,0.701333333333333,0.943833333333333,126900
0,0,0.000333333333333333,0,0,0,0.246166666666667,0.700333333333333,0.943333333333333,127000
0,0,0.000333333333333333,0,0,0,0.245,0.697833333333333,0.9425,127100
0,0,0.000333333333333333,0,0,0,0.243666666666667,0.695666666666667,0.941833333333333,127200
0,0,0.000333333333333333,0,0,0,0.241833333333333,0.693333333333333,0.940666666666667,127300
0,0,0.000333333333333333,0,0,0,0.239833333333333,0.691,0.939666666666667,127400
0,0,0.000333333333333333,0,0,0,0.238,0.69,0.939166666666667,127500
0,0,0.000333333333333333,0,0,0,0.235833333333333,0.688,0.938833333333333,127600
0,0,0.000333333333333333,0,0,0,0.235,0.684666666666667,0.937833333333333,127700
0,0,0.000333333333333333,0,0,0,0.234333333333333,0.6825,0.937166666666667,127800
0,0,0.000333333333333333,0,0,0,0.2325,0.679333333333333,0.9365,127900
0,0,0.000333333333333333,0,0,0,0.231166666666667,0.677833333333333,0.935666666666667,128000
0,0,0.000333333333333333,0,0,0,0.229666666666667,0.675666666666667,0.934833333333333,128100
0,0,0.000333333333333333,0,0,0,0.228166666666667,0.673,0.934166666666667,128200
0,0,0.000333333333333333,0,0,0,0.226666666666667,0.671,0.933666666666667,128300
0,0,0.000333333333333333,0,0,0,0.225166666666667,0.669,0.933166666666667,128400
0,0,0.000333333333333333,0,0,0,0.2235,0.665833333333333,0.933,128500
0,0,0.000333333333333333,0,0,0,0.2225,0.664166666666667,0.932833333333333,128600
0,0,0.000333333333333333,0,0,0,0.220166666666667,0.6615,0.931666666666667,128700
0,0,0.000333333333333333,0,0,0,0.219,0.66,0.9305,128800
0,0,0.000333333333333333,0,0,0,0.218166666666667,0.656166666666667,0.929833333333333,128900
0,0,0.000333333333333333,0,0,0,0.2165,0.654,0.929333333333333,129000
0,0,0.000333333333333333,0,0,0,0.215166666666667,0.650333333333333,0.9285,129100
0,0,0.000333333333333333,0,0,0,0.212833333333333,0.6485,0.927833333333333,129200
0,0,0.000333333333333333,0,0,0,0.211166666666667,0.646333333333333,0.9265,129300
0,0,0.000333333333333333,0,0,0,0.209333333333333,0.6445,0.925333333333333,129400
0,0,0.000333333333333333,0,0,0,0.208,0.642166666666667,0.924166666666667,129500
0,0,0.000166666666666667,0,0,0,0.207,0.639833333333333,0.923333333333333,129600
0,0,0.000166666666666667,0,0,0,0.205333333333333,0.638,0.922333333333333,129700
0,0,0.000166666666666667,0,0,0,0.203666666666667,0.635666666666667,0.9215,129800
0,0,0.000166666666666667,0,0,0,0.202166666666667,0.634,0.9205,129900
0,0,0.000166666666666667,0,0,0,0.2015,0.632666666666667,0.919666666666667,130000
0,0,0.000166666666666667,0,0,0,0.200166666666667,0.631166666666667,0.918333333333333,130100
0,0,0.000166666666666667,0,0,0,0.198333333333333,0.6295,0.917333333333333,130200
0,0,0.000166666666666667,0,0,0,0.197166666666667,0.627333333333333,0.916,130300
0,0,0.000166666666666667,0,0,0,0.195666666666667,0.625,0.915333333333333,130400
0,0,0.000166666666666667,0,0,0,0.194833333333333,0.622666666666667,0.915,130500
0,0,0.000166666666666667,0,0,0,0.193166666666667,0.6215,0.913666666666667,130600
0,0,0.000166666666666667,0,0,0,0.190833333333333,0.618833333333333,0.912666666666667,130700
0,0,0.000166666666666667,0,0,0,0.188666666666667,0.616666666666667,0.911666666666667,130800
0,0,0.000166666666666667,0,0,0,0.187333333333333,0.614833333333333,0.910833333333333,130900
0,0,0.000166666666666667,0,0,0,0.186,0.612833333333333,0.9095,131000
0,0,0.000166666666666667,0,0,0,0.184,0.609833333333333,0.909,131100
0,0,0.000166666666666667,0,0,0,0.1835,0.608666666666667,0.908166666666667,131200
0,0,0.000166666666666667,0,0,0,0.182166666666667,0.606,0.907333333333333,131300
0,0,0.000166666666666667,0,0,0,0.181666666666667,0.604166666666667,0.906166666666667,131400
0,0,0.000166666666666667,0,0,0,0.1805,0.601833333333333,0.905666666666667,131500
0,0,0.000166666666666667,0,0,0,0.1795,0.5995,0.904166666666667,131600
0,0,0.000166666666666667,0,0,0,0.178166666666667,0.597166666666667,0.9035,131700
0,0,0.000166666666666667,0,0,0,0.177166666666667,0.594666666666667,0.901666666666667,131800
0,0,0.000166666666666667,0,0,0,0.1755,0.593666666666667,0.900833333333333,131900
0,0,0.000166666666666667,0,0,0,0.174,0.592,0.899666666666667,132000
0,0,0.000166666666666667,0,0,0,0.173166666666667,0.590166666666667,0.8985,132100
0,0,0.000166666666666667,0,0,0,0.1725,0.588,0.897333333333333,132200
0,0,0.000166666666666667,0,0,0,0.171333333333333,0.586666666666667,0.897166666666667,132300
0,0,0.000166666666666667,0,0,0,0.169833333333333,0.584333333333333,0.896,132400
0,0,0.000166666666666667,0,0,0,0.168666666666667,0.5825,0.8945,132500
0,0,0.000166666666666667,0,0,0,0.168333333333333,0.580833333333333,0.894,132600
0,0,0.000166666666666667,0,0,0,0.166833333333333,0.5785,0.893,132700
0,0,0.000166666666666667,0,0,0,0.165666666666667,0.575166666666667,0.891666666666667,132800
0,0,0.000166666666666667,0,0,0,0.164,0.573,0.891166666666667,132900
0,0,0.000166666666666667,0,0,0,0.163,0.570833333333333,0.8905,133000
0,0,0.000166666666666667,0,0,0,0.161833333333333,0.568833333333333,0.889833333333333,133100
0,0,0.000166666666666667,0,0,0,0.1605,0.566833333333333,0.889166666666667,133200
0,0,0.000166666666666667,0,0,0,0.1595,0.565333333333333,0.887833333333333,133300
0,0,0.000166666666666667,0,0,0,0.158333333333333,0.563333333333333,0.886666666666667,133400
0,0,0.000166666666666667,0,0,0,0.1575,0.561833333333333,0.885333333333333,133500
0,0,0.000166666666666667,0,0,0,0.157,0.560333333333333,0.884166666666667,133600
0,0,0.000166666666666667,0,0,0,0.1555,0.558333333333333,0.882833333333333,133700
0,0,0.000166666666666667,0,0,0,0.1545,0.555166666666667,0.881333333333333,133800
0,0,0.000166666666666667,0,0,0,0.153,0.552166666666667,0.88,133900
0,0,0.000166666666666667,0,0,0,0.151833333333333,0.5495,0.8785,134000
0,0,0.000166666666666667,0,0,0,0.150833333333333,0.546166666666667,0.878,134100
0,0,0.000166666666666667,0,0,0,0.150166666666667,0.543166666666667,0.877166666666667,134200
0,0,0.000166666666666667,0,0,0,0.149166666666667,0.541333333333333,0.875166666666667,134300
0,0,0.000166666666666667,0,0,0,0.149,0.539,0.874333333333333,134400
0,0,0.000166666666666667,0,0,0,0.147166666666667,0.5365,0.873833333333333,134500
0,0,0.000166666666666667,0,0,0,0.1465,0.534166666666667,0.8725,134600
0,0,0,0,0,0,0.145666666666667,0.5325,0.8715,134700
0,0,0,0,0,0,0.144333333333333,0.530833333333333,0.870666666666667,134800
0,0,0,0,0,0,0.143666666666667,0.528833333333333,0.869,134900
0,0,0,0,0,0,0.142333333333333,0.526333333333333,0.867166666666667,135000
0,0,0,0,0,0,0.1415,0.524333333333333,0.865666666666667,135100
0,0,0,0,0,0,0.141333333333333,0.522166666666667,0.864833333333333,135200
0,0,0,0,0,0,0.139666666666667,0.520166666666667,0.863666666666667,135300
0,0,0,0,0,0,0.1385,0.519333333333333,0.8625,135400
0,0,0,0,0,0,0.137333333333333,0.516833333333333,0.860833333333333,135500
0,0,0,0,0,0,0.136666666666667,0.5155,0.86,135600
0,0,0,0,0,0,0.136,0.513333333333333,0.858666666666667,135700
0,0,0,0,0,0,0.1355,0.511333333333333,0.858,135800
0,0,0,0,0,0,0.133833333333333,0.509,0.856166666666667,135900
0,0,0,0,0,0,0.1325,0.507,0.854833333333333,136000
0,0,0,0,0,0,0.130833333333333,0.505166666666667,0.853833333333333,136100
0,0,0,0,0,0,0.129833333333333,0.502,0.852666666666667,136200
0,0,0,0,0,0,0.129666666666667,0.4995,0.851666666666667,136300
0,0,0,0,0,0,0.129,0.498833333333333,0.8505,136400
0,0,0,0,0,0,0.128166666666667,0.497166666666667,0.8495,136500
0,0,0,0,0,0,0.126666666666667,0.4955,0.847666666666667,136600
0,0,0,0,0,0,0.126,0.4935,0.846333333333333,136700
0,0,0,0,0,0,0.124833333333333,0.491333333333333,0.845666666666667,136800
0,0,0,0,0,0,0.1245,0.490166666666667,0.844166666666667,136900
0,0,0,0,0,0,0.124333333333333,0.488666666666667,0.8435,137000
0,0,0,0,0,0,0.124,0.4865,0.841166666666667,137100
0,0,0,0,0,0,0.123166666666667,0.484166666666667,0.840333333333333,137200
0,0,0,0,0,0,0.122333333333333,0.482,0.838166666666667,137300
0,0,0,0,0,0,0.121666666666667,0.480333333333333,0.836833333333333,137400
0,0,0,0,0,0,0.1215,0.4775,0.834666666666667,137500
0,0,0,0,0,0,0.121,0.475833333333333,0.833166666666667,137600
0,0,0,0,0,0,0.119833333333333,0.4715,0.832,137700
0,0,0,0,0,0,0.1185,0.467333333333333,0.830333333333333,137800
0,0,0,0,0,0,0.118,0.465333333333333,0.8295,137900
0,0,0,0,0,0,0.117166666666667,0.4625,0.827833333333333,138000
0,0,0,0,0,0,0.1165,0.460833333333333,0.827,138100
0,0,0,0,0,0,0.116,0.458333333333333,0.825166666666667,138200
0,0,0,0,0,0,0.1155,0.456666666666667,0.823833333333333,138300
0,0,0,0,0,0,0.115,0.455333333333333,0.823,138400
0,0,0,0,0,0,0.1145,0.453166666666667,0.8215,138500
0,0,0,0,0,0,0.113833333333333,0.450666666666667,0.820333333333333,138600
0,0,0,0,0,0,0.113333333333333,0.4495,0.819,138700
0,0,0,0,0,0,0.112833333333333,0.4475,0.817666666666667,138800
0,0,0,0,0,0,0.112333333333333,0.445666666666667,0.816833333333333,138900
0,0,0,0,0,0,0.111833333333333,0.443833333333333,0.815166666666667,139000
0,0,0,0,0,0,0.1115,0.441666666666667,0.813666666666667,139100
0,0,0,0,0,0,0.111,0.439333333333333,0.811,139200
0,0,0,0,0,0,0.11,0.436166666666667,0.810333333333333,139300
0,0,0,0,0,0,0.1095,0.4335,0.808666666666667,139400
0,0,0,0,0,0,0.1085,0.432333333333333,0.807166666666667,139500
0,0,0,0,0,0,0.107666666666667,0.429666666666667,0.8055,139600
0,0,0,0,0,0,0.106833333333333,0.428833333333333,0.803666666666667,139700
0,0,0,0,0,0,0.105333333333333,0.426833333333333,0.802166666666667,139800
0,0,0,0,0,0,0.105,0.425666666666667,0.801,139900
0,0,0,0,0,0,0.104666666666667,0.424833333333333,0.7995,140000
0,0,0,0,0,0,0.104,0.423333333333333,0.798166666666667,140100
0,0,0,0,0,0,0.103333333333333,0.421166666666667,0.797166666666667,140200
0,0,0,0,0,0,0.102833333333333,0.419833333333333,0.7955,140300
0,0,0,0,0,0,0.102,0.417666666666667,0.794166666666667,140400
0,0,0,0,0,0,0.101166666666667,0.415333333333333,0.792833333333333,140500
0,0,0,0,0,0,0.100333333333333,0.413833333333333,0.791333333333333,140600
0,0,0,0,0,0,0.0995,0.412833333333333,0.789,140700
0,0,0,0,0,0,0.0976666666666667,0.411166666666667,0.787833333333333,140800
0,0,0,0,0,0,0.0973333333333333,0.409166666666667,0.786833333333333,140900
0,0,0,0,0,0,0.0965,0.407333333333333,0.786,141000
0,0,0,0,0,0,0.096,0.406166666666667,0.783666666666667,141100
0,0,0,0,0,0,0.095,0.403833333333333,0.783,141200
0,0,0,0,0,0,0.0938333333333333,0.402166666666667,0.781333333333333,141300
0,0,0,0,0,0,0.0928333333333333,0.401,0.7805,141400
0,0,0,0,0,0,0.0925,0.399333333333333,0.778833333333333,141500
0,0,0,0,0,0,0.092,0.397666666666667,0.776833333333333,141600
0,0,0,0,0,0,0.0913333333333333,0.3955,0.775166666666667,141700
0,0,0,0,0,0,0.0911666666666667,0.394,0.772166666666667,141800
0,0,0,0,0,0,0.0908333333333333,0.392,0.770333333333333,141900
0,0,0,0,0,0,0.0906666666666667,0.3905,0.7685,142000
0,0,0,0,0,0,0.0905,0.3885,0.767166666666667,142100
0,0,0,0,0,0,0.0901666666666667,0.386666666666667,0.7655,142200
0,0,0,0,0,0,0.0891666666666667,0.385166666666667,0.7645,142300
0,0,0,0,0,0,0.0885,0.383333333333333,0.763,142400
0,0,0,0,0,0,0.0883333333333333,0.381833333333333,0.761833333333333,142500
0,0,0,0,0,0,0.0875,0.3795,0.759833333333333,142600
0,0,0,0,0,0,0.0861666666666667,0.378,0.7585,142700
0,0,0,0,0,0,0.0856666666666667,0.375833333333333,0.7565,142800
0,0,0,0,0,0,0.0848333333333333,0.373666666666667,0.755,142900
0,0,0,0,0,0,0.0846666666666667,0.372,0.752333333333333,143000
0,0,0,0,0,0,0.0836666666666667,0.37,0.751333333333333,143100
0,0,0,0,0,0,0.083,0.3675,0.748833333333333,143200
0,0,0,0,0,0,0.0826666666666667,0.365333333333333,0.747,143300
0,0,0,0,0,0,0.0823333333333333,0.362666666666667,0.745666666666667,143400
0,0,0,0,0,0,0.082,0.361333333333333,0.744833333333333,143500
0,0,0,0,0,0,0.0818333333333333,0.359833333333333,0.7435,143600
0,0,0,0,0,0,0.0813333333333333,0.358333333333333,0.741666666666667,143700
0,0,0,0,0,0,0.0808333333333333,0.356,0.739666666666667,143800
0,0,0,0,0,0,0.0796666666666667,0.354833333333333,0.737,143900
0,0,0,0,0,0,0.0793333333333333,0.353166666666667,0.734333333333333,144000
0,0,0,0,0,0,0.0788333333333333,0.352,0.733,144100
0,0,0,0,0,0,0.0783333333333333,0.350333333333333,0.731333333333333,144200
0,0,0,0,0,0,0.0776666666666667,0.3485,0.7305,144300
0,0,0,0,0,0,0.0771666666666667,0.3465,0.728333333333333,144400
0,0,0,0,0,0,0.0768333333333333,0.344,0.727,144500
0,0,0,0,0,0,0.0768333333333333,0.342166666666667,0.725333333333333,144600
0,0,0,0,0,0,0.0765,0.340833333333333,0.723333333333333,144700
0,0,0,0,0,0,0.0758333333333333,0.339333333333333,0.721666666666667,144800
0,0,0,0,0,0,0.0758333333333333,0.338166666666667,0.719333333333333,144900
0,0,0,0,0,0,0.0751666666666667,0.337666666666667,0.716833333333333,145000
0,0,0,0,0,0,0.0741666666666667,0.3365,0.714666666666667,145100
0,0,0,0,0,0,0.0731666666666667,0.3345,0.713333333333333,145200
0,0,0,0,0,0,0.0725,0.332833333333333,0.711333333333333,145300
0,0,0,0,0,0,0.0725,0.329833333333333,0.710166666666667,145400
0,0,0,0,0,0,0.0721666666666667,0.329333333333333,0.708166666666667,145500
0,0,0,0,0,0,0.0721666666666667,0.3285,0.707,145600
0,0,0,0,0,0,0.0716666666666667,0.325666666666667,0.704333333333333,145700
0,0,0,0,0,0,0.0713333333333333,0.323333333333333,0.702666666666667,145800
0,0,0,0,0,0,0.071,0.321666666666667,0.701333333333333,145900
0,0,0,0,0,0,0.071,0.320333333333333,0.700333333333333,146000
0,0,0,0,0,0,0.0708333333333333,0.319166666666667,0.698333333333333,146100
0,0,0,0,0,0,0.07,0.318,0.6965,146200
0,0,0,0,0,0,0.0698333333333333,0.317,0.694166666666667,146300
0,0,0,0,0,0,0.0696666666666667,0.315,0.692333333333333,146400
0,0,0,0,0,0,0.0691666666666667,0.313166666666667,0.6905,146500
0,0,0,0,0,0,0.0691666666666667,0.3115,0.689833333333333,146600
0,0,0,0,0,0,0.0685,0.3095,0.687833333333333,146700
0,0,0,0,0,0,0.068,0.307833333333333,0.685,146800
0,0,0,0,0,0,0.0673333333333333,0.306833333333333,0.6825,146900
0,0,0,0,0,0,0.0666666666666667,0.3055,0.680166666666667,147000
0,0,0,0,0,0,0.0665,0.303833333333333,0.678333333333333,147100
0,0,0,0,0,0,0.0656666666666667,0.301666666666667,0.676833333333333,147200
0,0,0,0,0,0,0.0653333333333333,0.299333333333333,0.674666666666667,147300
0,0,0,0,0,0,0.065,0.297833333333333,0.6725,147400
0,0,0,0,0,0,0.065,0.296,0.671,147500
0,0,0,0,0,0,0.0645,0.294166666666667,0.669,147600
0,0,0,0,0,0,0.064,0.292333333333333,0.6665,147700
0,0,0,0,0,0,0.0636666666666667,0.291,0.665,147800
0,0,0,0,0,0,0.063,0.289,0.6625,147900
0,0,0,0,0,0,0.0628333333333333,0.286833333333333,0.661,148000
0,0,0,0,0,0,0.0623333333333333,0.285333333333333,0.659166666666667,148100
0,0,0,0,0,0,0.062,0.284333333333333,0.655666666666667,148200
0,0,0,0,0,0,0.0613333333333333,0.282666666666667,0.654,148300
0,0,0,0,0,0,0.0605,0.281666666666667,0.650666666666667,148400
0,0,0,0,0,0,0.0601666666666667,0.2805,0.648833333333333,148500
0,0,0,0,0,0,0.06,0.279666666666667,0.647166666666667,148600
0,0,0,0,0,0,0.0595,0.277833333333333,0.645666666666667,148700
0,0,0,0,0,0,0.0586666666666667,0.276166666666667,0.643666666666667,148800
0,0,0,0,0,0,0.0585,0.274833333333333,0.641666666666667,148900
0,0,0,0,0,0,0.0583333333333333,0.2735,0.639833333333333,149000
0,0,0,0,0,0,0.058,0.271833333333333,0.638,149100
0,0,0,0,0,0,0.0573333333333333,0.270333333333333,0.636333333333333,149200
0,0,0,0,0,0,0.0571666666666667,0.268666666666667,0.634333333333333,149300
0,0,0,0,0,0,0.0568333333333333,0.267833333333333,0.633166666666667,149400
0,0,0,0,0,0,0.0566666666666667,0.267,0.632166666666667,149500
0,0,0,0,0,0,0.0563333333333333,0.266,0.63,149600
0,0,0,0,0,0,0.056,0.265,0.629,149700
0,0,0,0,0,0,0.0553333333333333,0.263833333333333,0.627333333333333,149800
0,0,0,0,0,0,0.0548333333333333,0.262833333333333,0.625333333333333,149900
0,0,0,0,0,0,0.0543333333333333,0.261333333333333,0.6235,150000
0,0,0,0,0,0,0.054,0.259833333333333,0.6215,150100
0,0,0,0,0,0,0.0538333333333333,0.258833333333333,0.620333333333333,150200
0,0,0,0,0,0,0.0531666666666667,0.257666666666667,0.6185,150300
0,0,0,0,0,0,0.0525,0.257,0.616166666666667,150400
0,0,0,0,0,0,0.0521666666666667,0.2565,0.614333333333333,150500
0,0,0,0,0,0,0.0515,0.254833333333333,0.612833333333333,150600
0,0,0,0,0,0,0.0515,0.253833333333333,0.609833333333333,150700
0,0,0,0,0,0,0.0506666666666667,0.252666666666667,0.609166666666667,150800
0,0,0,0,0,0,0.0498333333333333,0.252,0.606833333333333,150900
0,0,0,0,0,0,0.0493333333333333,0.2505,0.605333333333333,151000
0,0,0,0,0,0,0.0491666666666667,0.248166666666667,0.603833333333333,151100
0,0,0,0,0,0,0.0481666666666667,0.246666666666667,0.601,151200
0,0,0,0,0,0,0.0481666666666667,0.245833333333333,0.5995,151300
0,0,0,0,0,0,0.0476666666666667,0.244833333333333,0.597166666666667,151400
0,0,0,0,0,0,0.0471666666666667,0.243666666666667,0.594833333333333,151500
0,0,0,0,0,0,0.0466666666666667,0.242,0.594,151600
0,0,0,0,0,0,0.0463333333333333,0.240333333333333,0.592666666666667,151700
0,0,0,0,0,0,0.0456666666666667,0.239333333333333,0.591333333333333,151800
0,0,0,0,0,0,0.0455,0.237166666666667,0.589333333333333,151900
0,0,0,0,0,0,0.0455,0.235666666666667,0.588,152000
0,0,0,0,0,0,0.0453333333333333,0.234833333333333,0.586333333333333,152100
0,0,0,0,0,0,0.0451666666666667,0.234333333333333,0.584333333333333,152200
0,0,0,0,0,0,0.0451666666666667,0.233333333333333,0.583,152300
0,0,0,0,0,0,0.0451666666666667,0.2315,0.581333333333333,152400
0,0,0,0,0,0,0.0448333333333333,0.2305,0.579666666666667,152500
0,0,0,0,0,0,0.0441666666666667,0.2295,0.576666666666667,152600
0,0,0,0,0,0,0.0438333333333333,0.228166666666667,0.574333333333333,152700
0,0,0,0,0,0,0.0438333333333333,0.226833333333333,0.5725,152800
0,0,0,0,0,0,0.0435,0.225333333333333,0.570833333333333,152900
0,0,0,0,0,0,0.0435,0.2245,0.569,153000
0,0,0,0,0,0,0.0433333333333333,0.223,0.567,153100
0,0,0,0,0,0,0.0426666666666667,0.221833333333333,0.566,153200
0,0,0,0,0,0,0.042,0.22,0.563833333333333,153300
0,0,0,0,0,0,0.042,0.219,0.563,153400
0,0,0,0,0,0,0.0418333333333333,0.218166666666667,0.561666666666667,153500
0,0,0,0,0,0,0.0413333333333333,0.217333333333333,0.560166666666667,153600
0,0,0,0,0,0,0.0408333333333333,0.216,0.558333333333333,153700
0,0,0,0,0,0,0.0405,0.214666666666667,0.5555,153800
0,0,0,0,0,0,0.0405,0.212666666666667,0.5525,153900
0,0,0,0,0,0,0.0405,0.211,0.550666666666667,154000
0,0,0,0,0,0,0.0398333333333333,0.209333333333333,0.548166666666667,154100
0,0,0,0,0,0,0.0395,0.2085,0.545166666666667,154200
0,0,0,0,0,0,0.0393333333333333,0.207166666666667,0.542333333333333,154300
0,0,0,0,0,0,0.0388333333333333,0.2065,0.541166666666667,154400
0,0,0,0,0,0,0.0388333333333333,0.205,0.539,154500
0,0,0,0,0,0,0.0383333333333333,0.2035,0.537333333333333,154600
0,0,0,0,0,0,0.0381666666666667,0.202333333333333,0.5345,154700
0,0,0,0,0,0,0.038,0.201666666666667,0.5335,154800
0,0,0,0,0,0,0.0376666666666667,0.200833333333333,0.5315,154900
0,0,0,0,0,0,0.0371666666666667,0.1995,0.530333333333333,155000
0,0,0,0,0,0,0.0368333333333333,0.198,0.528333333333333,155100
0,0,0,0,0,0,0.0366666666666667,0.197166666666667,0.526333333333333,155200
0,0,0,0,0,0,0.0363333333333333,0.195833333333333,0.524833333333333,155300
0,0,0,0,0,0,0.0363333333333333,0.195166666666667,0.522833333333333,155400
0,0,0,0,0,0,0.0358333333333333,0.194,0.521,155500
0,0,0,0,0,0,0.0358333333333333,0.192,0.519666666666667,155600
0,0,0,0,0,0,0.0355,0.190166666666667,0.518333333333333,155700
0,0,0,0,0,0,0.0355,0.188666666666667,0.5165,155800
0,0,0,0,0,0,0.0351666666666667,0.187333333333333,0.515166666666667,155900
0,0,0,0,0,0,0.0348333333333333,0.186333333333333,0.513333333333333,156000
0,0,0,0,0,0,0.0348333333333333,0.184333333333333,0.511666666666667,156100
0,0,0,0,0,0,0.0345,0.183833333333333,0.510166666666667,156200
0,0,0,0,0,0,0.0345,0.183166666666667,0.507833333333333,156300
0,0,0,0,0,0,0.0341666666666667,0.182166666666667,0.5065,156400
0,0,0,0,0,0,0.0338333333333333,0.181666666666667,0.504166666666667,156500
0,0,0,0,0,0,0.0338333333333333,0.1805,0.5015,156600
0,0,0,0,0,0,0.0335,0.18,0.4995,156700
0,0,0,0,0,0,0.0331666666666667,0.1785,0.498833333333333,156800
0,0,0,0,0,0,0.0328333333333333,0.1775,0.497333333333333,156900
0,0,0,0,0,0,0.0326666666666667,0.176333333333333,0.496,157000
0,0,0,0,0,0,0.0325,0.175333333333333,0.494333333333333,157100
0,0,0,0,0,0,0.0325,0.174333333333333,0.492666666666667,157200
0,0,0,0,0,0,0.0321666666666667,0.1735,0.490666666666667,157300
0,0,0,0,0,0,0.032,0.172833333333333,0.49,157400
0,0,0,0,0,0,0.0318333333333333,0.172333333333333,0.488666666666667,157500
0,0,0,0,0,0,0.0316666666666667,0.171166666666667,0.487,157600
0,0,0,0,0,0,0.0316666666666667,0.169666666666667,0.484333333333333,157700
0,0,0,0,0,0,0.0316666666666667,0.168666666666667,0.482833333333333,157800
0,0,0,0,0,0,0.0311666666666667,0.168333333333333,0.4815,157900
0,0,0,0,0,0,0.0308333333333333,0.167166666666667,0.479666666666667,158000
0,0,0,0,0,0,0.0305,0.166333333333333,0.477,158100
0,0,0,0,0,0,0.0303333333333333,0.165666666666667,0.475166666666667,158200
0,0,0,0,0,0,0.03,0.164,0.4715,158300
0,0,0,0,0,0,0.03,0.163,0.467666666666667,158400
0,0,0,0,0,0,0.0296666666666667,0.161833333333333,0.466166666666667,158500
0,0,0,0,0,0,0.0295,0.160666666666667,0.463666666666667,158600
0,0,0,0,0,0,0.0295,0.160166666666667,0.461833333333333,158700
0,0,0,0,0,0,0.0291666666666667,0.159166666666667,0.459833333333333,158800
0,0,0,0,0,0,0.029,0.158,0.458166666666667,158900
0,0,0,0,0,0,0.029,0.1575,0.456666666666667,159000
0,0,0,0,0,0,0.029,0.157,0.4555,159100
0,0,0,0,0,0,0.029,0.155666666666667,0.453666666666667,159200
0,0,0,0,0,0,0.0288333333333333,0.155333333333333,0.451666666666667,159300
0,0,0,0,0,0,0.0286666666666667,0.154333333333333,0.449666666666667,159400
0,0,0,0,0,0,0.0286666666666667,0.152666666666667,0.448833333333333,159500
0,0,0,0,0,0,0.0286666666666667,0.151833333333333,0.447,159600
0,0,0,0,0,0,0.0286666666666667,0.150833333333333,0.4455,159700
0,0,0,0,0,0,0.0285,0.1505,0.443833333333333,159800
0,0,0,0,0,0,0.0285,0.1495,0.441666666666667,159900
0,0,0,0,0,0,0.0283333333333333,0.149166666666667,0.4395,160000
0,0,0,0,0,0,0.0278333333333333,0.148666666666667,0.437333333333333,160100
0,0,0,0,0,0,0.0278333333333333,0.147166666666667,0.435666666666667,160200
0,0,0,0,0,0,0.0276666666666667,0.1465,0.433,160300
0,0,0,0,0,0,0.0273333333333333,0.145833333333333,0.432,160400
0,0,0,0,0,0,0.0271666666666667,0.1445,0.429666666666667,160500
0,0,0,0,0,0,0.0268333333333333,0.144,0.428833333333333,160600
0,0,0,0,0,0,0.0263333333333333,0.143333333333333,0.427,160700
0,0,0,0,0,0,0.0263333333333333,0.142166666666667,0.426166666666667,160800
0,0,0,0,0,0,0.0258333333333333,0.1415,0.425,160900
0,0,0,0,0,0,0.0253333333333333,0.141333333333333,0.423833333333333,161000
0,0,0,0,0,0,0.0253333333333333,0.1405,0.4225,161100
0,0,0,0,0,0,0.025,0.139333333333333,0.421,161200
0,0,0,0,0,0,0.0248333333333333,0.137666666666667,0.419333333333333,161300
0,0,0,0,0,0,0.0246666666666667,0.137166666666667,0.418,161400
0,0,0,0,0,0,0.0246666666666667,0.136666666666667,0.416166666666667,161500
0,0,0,0,0,0,0.0243333333333333,0.136166666666667,0.414,161600
0,0,0,0,0,0,0.0243333333333333,0.135833333333333,0.413333333333333,161700
0,0,0,0,0,0,0.0241666666666667,0.134666666666667,0.4125,161800
0,0,0,0,0,0,0.0241666666666667,0.1335,0.410666666666667,161900
0,0,0,0,0,0,0.024,0.132166666666667,0.408666666666667,162000
0,0,0,0,0,0,0.0236666666666667,0.130833333333333,0.407333333333333,162100
0,0,0,0,0,0,0.0236666666666667,0.13,0.406166666666667,162200
0,0,0,0,0,0,0.0235,0.129666666666667,0.404666666666667,162300
0,0,0,0,0,0,0.0235,0.129166666666667,0.4025,162400
0,0,0,0,0,0,0.0231666666666667,0.128666666666667,0.401833333333333,162500
0,0,0,0,0,0,0.023,0.1275,0.400333333333333,162600
0,0,0,0,0,0,0.023,0.126666666666667,0.398666666666667,162700
0,0,0,0,0,0,0.0228333333333333,0.126,0.397166666666667,162800
0,0,0,0,0,0,0.0226666666666667,0.125,0.3955,162900
0,0,0,0,0,0,0.0226666666666667,0.1245,0.394333333333333,163000
0,0,0,0,0,0,0.0225,0.1245,0.3925,163100
0,0,0,0,0,0,0.0223333333333333,0.124333333333333,0.391,163200
0,0,0,0,0,0,0.0223333333333333,0.123833333333333,0.389333333333333,163300
0,0,0,0,0,0,0.0221666666666667,0.123333333333333,0.387666666666667,163400
0,0,0,0,0,0,0.022,0.122333333333333,0.386333333333333,163500
0,0,0,0,0,0,0.0218333333333333,0.121833333333333,0.384833333333333,163600
0,0,0,0,0,0,0.0215,0.1215,0.383333333333333,163700
0,0,0,0,0,0,0.0213333333333333,0.121333333333333,0.382,163800
0,0,0,0,0,0,0.0213333333333333,0.120666666666667,0.38,163900
0,0,0,0,0,0,0.0213333333333333,0.119833333333333,0.378333333333333,164000
0,0,0,0,0,0,0.0213333333333333,0.1185,0.377166666666667,164100
0,0,0,0,0,0,0.0211666666666667,0.118,0.375,164200
0,0,0,0,0,0,0.0211666666666667,0.1175,0.373,164300
0,0,0,0,0,0,0.021,0.117,0.371666666666667,164400
0,0,0,0,0,0,0.021,0.1165,0.370333333333333,164500
0,0,0,0,0,0,0.021,0.116,0.368666666666667,164600
0,0,0,0,0,0,0.0208333333333333,0.1155,0.365833333333333,164700
0,0,0,0,0,0,0.0208333333333333,0.115166666666667,0.364,164800
0,0,0,0,0,0,0.0206666666666667,0.114666666666667,0.362166666666667,164900
0,0,0,0,0,0,0.0206666666666667,0.113833333333333,0.360666666666667,165000
0,0,0,0,0,0,0.0206666666666667,0.1135,0.359833333333333,165100
0,0,0,0,0,0,0.0205,0.113333333333333,0.358333333333333,165200
0,0,0,0,0,0,0.0205,0.112833333333333,0.356333333333333,165300
0,0,0,0,0,0,0.0205,0.1125,0.3555,165400
0,0,0,0,0,0,0.0205,0.112,0.353666666666667,165500
0,0,0,0,0,0,0.0205,0.1115,0.352333333333333,165600
0,0,0,0,0,0,0.0205,0.111333333333333,0.351166666666667,165700
0,0,0,0,0,0,0.0205,0.111,0.349833333333333,165800
0,0,0,0,0,0,0.0203333333333333,0.11,0.348333333333333,165900
0,0,0,0,0,0,0.0203333333333333,0.1095,0.346666666666667,166000
0,0,0,0,0,0,0.02,0.109,0.345166666666667,166100
0,0,0,0,0,0,0.0198333333333333,0.108166666666667,0.342833333333333,166200
0,0,0,0,0,0,0.0198333333333333,0.107166666666667,0.341333333333333,166300
0,0,0,0,0,0,0.0198333333333333,0.1065,0.34,166400
0,0,0,0,0,0,0.0198333333333333,0.105333333333333,0.338833333333333,166500
0,0,0,0,0,0,0.0193333333333333,0.105333333333333,0.338,166600
0,0,0,0,0,0,0.0193333333333333,0.104666666666667,0.337666666666667,166700
0,0,0,0,0,0,0.0193333333333333,0.104,0.3365,166800
0,0,0,0,0,0,0.0193333333333333,0.104,0.3345,166900
0,0,0,0,0,0,0.0191666666666667,0.103333333333333,0.3335,167000
0,0,0,0,0,0,0.0186666666666667,0.102833333333333,0.331333333333333,167100
0,0,0,0,0,0,0.0183333333333333,0.102,0.329333333333333,167200
0,0,0,0,0,0,0.0183333333333333,0.101333333333333,0.329166666666667,167300
0,0,0,0,0,0,0.0181666666666667,0.100666666666667,0.3285,167400
0,0,0,0,0,0,0.018,0.1,0.325666666666667,167500
0,0,0,0,0,0,0.0178333333333333,0.0991666666666667,0.323666666666667,167600
0,0,0,0,0,0,0.0178333333333333,0.0976666666666667,0.322333333333333,167700
0,0,0,0,0,0,0.0176666666666667,0.0973333333333333,0.3205,167800
0,0,0,0,0,0,0.0176666666666667,0.0965,0.32,167900
0,0,0,0,0,0,0.0176666666666667,0.096,0.319166666666667,168000
0,0,0,0,0,0,0.0176666666666667,0.0958333333333333,0.318,168100
0,0,0,0,0,0,0.0176666666666667,0.0945,0.317,168200
0,0,0,0,0,0,0.0173333333333333,0.0938333333333333,0.315,168300
0,0,0,0,0,0,0.0173333333333333,0.0928333333333333,0.3135,168400
0,0,0,0,0,0,0.017,0.0925,0.311833333333333,168500
0,0,0,0,0,0,0.0168333333333333,0.0921666666666667,0.310333333333333,168600
0,0,0,0,0,0,0.0166666666666667,0.0915,0.309,168700
0,0,0,0,0,0,0.0161666666666667,0.0913333333333333,0.307666666666667,168800
0,0,0,0,0,0,0.0158333333333333,0.0911666666666667,0.306333333333333,168900
0,0,0,0,0,0,0.0156666666666667,0.0908333333333333,0.3055,169000
0,0,0,0,0,0,0.0156666666666667,0.0906666666666667,0.304,169100
0,0,0,0,0,0,0.0155,0.0905,0.302,169200
0,0,0,0,0,0,0.0153333333333333,0.0901666666666667,0.300166666666667,169300
0,0,0,0,0,0,0.0151666666666667,0.0898333333333333,0.2985,169400
0,0,0,0,0,0,0.0151666666666667,0.089,0.297166666666667,169500
0,0,0,0,0,0,0.0151666666666667,0.0885,0.295333333333333,169600
0,0,0,0,0,0,0.015,0.0885,0.294,169700
0,0,0,0,0,0,0.0145,0.088,0.292333333333333,169800
0,0,0,0,0,0,0.0145,0.0866666666666667,0.291333333333333,169900
0,0,0,0,0,0,0.0143333333333333,0.086,0.289166666666667,170000
0,0,0,0,0,0,0.0143333333333333,0.0853333333333333,0.287333333333333,170100
0,0,0,0,0,0,0.0143333333333333,0.0848333333333333,0.2865,170200
0,0,0,0,0,0,0.0143333333333333,0.0846666666666667,0.284833333333333,170300
0,0,0,0,0,0,0.0143333333333333,0.0838333333333333,0.284,170400
0,0,0,0,0,0,0.0141666666666667,0.0835,0.282666666666667,170500
0,0,0,0,0,0,0.0141666666666667,0.0826666666666667,0.281666666666667,170600
0,0,0,0,0,0,0.0141666666666667,0.0825,0.280666666666667,170700
0,0,0,0,0,0,0.0141666666666667,0.0821666666666667,0.279833333333333,170800
0,0,0,0,0,0,0.0141666666666667,0.082,0.278666666666667,170900
0,0,0,0,0,0,0.0141666666666667,0.0818333333333333,0.276666666666667,171000
0,0,0,0,0,0,0.014,0.0813333333333333,0.275666666666667,171100
0,0,0,0,0,0,0.014,0.0813333333333333,0.274666666666667,171200
0,0,0,0,0,0,0.014,0.0805,0.2735,171300
0,0,0,0,0,0,0.014,0.0796666666666667,0.271833333333333,171400
0,0,0,0,0,0,0.0138333333333333,0.0793333333333333,0.271166666666667,171500
0,0,0,0,0,0,0.0138333333333333,0.0791666666666667,0.269333333333333,171600
0,0,0,0,0,0,0.0136666666666667,0.0785,0.2685,171700
0,0,0,0,0,0,0.0136666666666667,0.0778333333333333,0.267333333333333,171800
0,0,0,0,0,0,0.0136666666666667,0.0775,0.266833333333333,171900
0,0,0,0,0,0,0.0135,0.0771666666666667,0.265833333333333,172000
0,0,0,0,0,0,0.0135,0.0768333333333333,0.265,172100
0,0,0,0,0,0,0.0133333333333333,0.0768333333333333,0.263833333333333,172200
0,0,0,0,0,0,0.0128333333333333,0.0768333333333333,0.262833333333333,172300
0,0,0,0,0,0,0.0126666666666667,0.0763333333333333,0.261666666666667,172400
0,0,0,0,0,0,0.0125,0.0758333333333333,0.2605,172500
0,0,0,0,0,0,0.0125,0.0758333333333333,0.259333333333333,172600
0,0,0,0,0,0,0.0123333333333333,0.0751666666666667,0.2585,172700
0,0,0,0,0,0,0.0121666666666667,0.0743333333333333,0.257666666666667,172800
0,0,0,0,0,0,0.012,0.0735,0.257,172900
0,0,0,0,0,0,0.012,0.0728333333333333,0.256666666666667,173000
0,0,0,0,0,0,0.0118333333333333,0.0725,0.255333333333333,173100
0,0,0,0,0,0,0.0118333333333333,0.0723333333333333,0.254166666666667,173200
0,0,0,0,0,0,0.0115,0.0721666666666667,0.253166666666667,173300
0,0,0,0,0,0,0.0113333333333333,0.0721666666666667,0.252666666666667,173400
0,0,0,0,0,0,0.0113333333333333,0.0716666666666667,0.251833333333333,173500
0,0,0,0,0,0,0.0111666666666667,0.0715,0.250166666666667,173600
0,0,0,0,0,0,0.0111666666666667,0.0711666666666667,0.248166666666667,173700
0,0,0,0,0,0,0.011,0.071,0.246833333333333,173800
0,0,0,0,0,0,0.011,0.071,0.246166666666667,173900
0,0,0,0,0,0,0.011,0.0708333333333333,0.245166666666667,174000
0,0,0,0,0,0,0.011,0.0701666666666667,0.244166666666667,174100
0,0,0,0,0,0,0.011,0.0698333333333333,0.243666666666667,174200
0,0,0,0,0,0,0.0108333333333333,0.0696666666666667,0.241833333333333,174300
0,0,0,0,0,0,0.0105,0.0695,0.240333333333333,174400
0,0,0,0,0,0,0.0105,0.0691666666666667,0.239333333333333,174500
0,0,0,0,0,0,0.0103333333333333,0.0691666666666667,0.237666666666667,174600
0,0,0,0,0,0,0.0101666666666667,0.0685,0.235833333333333,174700
0,0,0,0,0,0,0.0101666666666667,0.0681666666666667,0.235166666666667,174800
0,0,0,0,0,0,0.0101666666666667,0.0675,0.234833333333333,174900
0,0,0,0,0,0,0.01,0.067,0.234166666666667,175000
0,0,0,0,0,0,0.01,0.0666666666666667,0.233333333333333,175100
0,0,0,0,0,0,0.01,0.0665,0.2315,175200
0,0,0,0,0,0,0.01,0.0658333333333333,0.231,175300
0,0,0,0,0,0,0.01,0.0655,0.229666666666667,175400
0,0,0,0,0,0,0.01,0.0653333333333333,0.228166666666667,175500
0,0,0,0,0,0,0.01,0.065,0.227333333333333,175600
0,0,0,0,0,0,0.01,0.065,0.226166666666667,175700
0,0,0,0,0,0,0.01,0.0645,0.225333333333333,175800
0,0,0,0,0,0,0.00983333333333333,0.064,0.224,175900
0,0,0,0,0,0,0.00983333333333333,0.0636666666666667,0.223,176000
0,0,0,0,0,0,0.00966666666666667,0.0633333333333333,0.221833333333333,176100
0,0,0,0,0,0,0.00966666666666667,0.063,0.220666666666667,176200
0,0,0,0,0,0,0.00966666666666667,0.0626666666666667,0.2195,176300
0,0,0,0,0,0,0.00966666666666667,0.0621666666666667,0.218666666666667,176400
0,0,0,0,0,0,0.00966666666666667,0.062,0.218166666666667,176500
0,0,0,0,0,0,0.00966666666666667,0.0613333333333333,0.216666666666667,176600
0,0,0,0,0,0,0.00966666666666667,0.0606666666666667,0.216,176700
0,0,0,0,0,0,0.00966666666666667,0.0601666666666667,0.214666666666667,176800
0,0,0,0,0,0,0.00966666666666667,0.0601666666666667,0.212833333333333,176900
0,0,0,0,0,0,0.00966666666666667,0.06,0.211833333333333,177000
0,0,0,0,0,0,0.00966666666666667,0.0595,0.2105,177100
0,0,0,0,0,0,0.00966666666666667,0.0586666666666667,0.209166666666667,177200
0,0,0,0,0,0,0.00966666666666667,0.0586666666666667,0.208,177300
0,0,0,0,0,0,0.00966666666666667,0.0585,0.207166666666667,177400
0,0,0,0,0,0,0.00966666666666667,0.0583333333333333,0.2065,177500
0,0,0,0,0,0,0.00966666666666667,0.058,0.205,177600
0,0,0,0,0,0,0.0095,0.0573333333333333,0.203833333333333,177700
0,0,0,0,0,0,0.0095,0.0571666666666667,0.203,177800
0,0,0,0,0,0,0.0095,0.057,0.201833333333333,177900
0,0,0,0,0,0,0.0095,0.0568333333333333,0.2015,178000
0,0,0,0,0,0,0.0095,0.0566666666666667,0.2005,178100
0,0,0,0,0,0,0.0095,0.0563333333333333,0.1995,178200
0,0,0,0,0,0,0.00933333333333333,0.056,0.198166666666667,178300
0,0,0,0,0,0,0.00933333333333333,0.0555,0.197166666666667,178400
0,0,0,0,0,0,0.00933333333333333,0.0551666666666667,0.196333333333333,178500
0,0,0,0,0,0,0.00933333333333333,0.0543333333333333,0.195333333333333,178600
0,0,0,0,0,0,0.00933333333333333,0.0541666666666667,0.194666666666667,178700
0,0,0,0,0,0,0.00933333333333333,0.054,0.193166666666667,178800
0,0,0,0,0,0,0.00916666666666667,0.0538333333333333,0.1915,178900
0,0,0,0,0,0,0.009,0.0531666666666667,0.19,179000
0,0,0,0,0,0,0.009,0.0526666666666667,0.188666666666667,179100
0,0,0,0,0,0,0.009,0.0523333333333333,0.187666666666667,179200
0,0,0,0,0,0,0.009,0.0518333333333333,0.186833333333333,179300
0,0,0,0,0,0,0.009,0.0515,0.185333333333333,179400
0,0,0,0,0,0,0.00866666666666667,0.0511666666666667,0.184,179500
0,0,0,0,0,0,0.0085,0.0506666666666667,0.183666666666667,179600
0,0,0,0,0,0,0.0085,0.0501666666666667,0.183166666666667,179700
0,0,0,0,0,0,0.0085,0.0493333333333333,0.182166666666667,179800
0,0,0,0,0,0,0.0085,0.0491666666666667,0.181666666666667,179900
0,0,0,0,0,0,0.0085,0.049,0.180666666666667,180000
0,0,0,0,0,0,0.0085,0.0481666666666667,0.180166666666667,180100
0,0,0,0,0,0,0.0085,0.0481666666666667,0.179333333333333,180200
0,0,0,0,0,0,0.00833333333333333,0.0476666666666667,0.178333333333333,180300
0,0,0,0,0,0,0.00833333333333333,0.0471666666666667,0.177166666666667,180400
0,0,0,0,0,0,0.00833333333333333,0.047,0.176166666666667,180500
0,0,0,0,0,0,0.00833333333333333,0.0466666666666667,0.175333333333333,180600
0,0,0,0,0,0,0.00833333333333333,0.0461666666666667,0.174666666666667,180700
0,0,0,0,0,0,0.00833333333333333,0.0456666666666667,0.173666666666667,180800
0,0,0,0,0,0,0.00833333333333333,0.0455,0.173166666666667,180900
0,0,0,0,0,0,0.00833333333333333,0.0455,0.1725,181000
0,0,0,0,0,0,0.00816666666666667,0.0455,0.172,181100
0,0,0,0,0,0,0.00783333333333333,0.0451666666666667,0.171,181200
0,0,0,0,0,0,0.00783333333333333,0.0451666666666667,0.169666666666667,181300
0,0,0,0,0,0,0.00766666666666667,0.0451666666666667,0.169,181400
0,0,0,0,0,0,0.00766666666666667,0.0451666666666667,0.1685,181500
0,0,0,0,0,0,0.00766666666666667,0.045,0.168166666666667,181600
0,0,0,0,0,0,0.00766666666666667,0.0443333333333333,0.166833333333333,181700
0,0,0,0,0,0,0.0075,0.044,0.166166666666667,181800
0,0,0,0,0,0,0.00733333333333333,0.0438333333333333,0.165,181900
0,0,0,0,0,0,0.00733333333333333,0.0438333333333333,0.163833333333333,182000
0,0,0,0,0,0,0.00733333333333333,0.0435,0.163,182100
0,0,0,0,0,0,0.00733333333333333,0.0435,0.161833333333333,182200
0,0,0,0,0,0,0.00733333333333333,0.0435,0.160833333333333,182300
0,0,0,0,0,0,0.00733333333333333,0.0431666666666667,0.1605,182400
0,0,0,0,0,0,0.00733333333333333,0.0423333333333333,0.1595,182500
0,0,0,0,0,0,0.00733333333333333,0.042,0.1585,182600
0,0,0,0,0,0,0.00733333333333333,0.042,0.158,182700
0,0,0,0,0,0,0.00733333333333333,0.042,0.1575,182800
0,0,0,0,0,0,0.00733333333333333,0.0415,0.157,182900
0,0,0,0,0,0,0.00733333333333333,0.041,0.1565,183000
0,0,0,0,0,0,0.00733333333333333,0.0406666666666667,0.155333333333333,183100
0,0,0,0,0,0,0.00716666666666667,0.0405,0.1545,183200
0,0,0,0,0,0,0.007,0.0405,0.1535,183300
0,0,0,0,0,0,0.007,0.0405,0.151833333333333,183400
0,0,0,0,0,0,0.007,0.0403333333333333,0.1515,183500
0,0,0,0,0,0,0.007,0.0395,0.150833333333333,183600
0,0,0,0,0,0,0.007,0.0395,0.1505,183700
0,0,0,0,0,0,0.00683333333333333,0.0388333333333333,0.149833333333333,183800
0,0,0,0,0,0,0.00683333333333333,0.0388333333333333,0.149166666666667,183900
0,0,0,0,0,0,0.00666666666666667,0.0388333333333333,0.149166666666667,184000
0,0,0,0,0,0,0.0065,0.0386666666666667,0.148,184100
0,0,0,0,0,0,0.0065,0.0381666666666667,0.147,184200
0,0,0,0,0,0,0.0065,0.0381666666666667,0.146333333333333,184300
0,0,0,0,0,0,0.0065,0.038,0.145833333333333,184400
0,0,0,0,0,0,0.0065,0.0375,0.144666666666667,184500
0,0,0,0,0,0,0.0065,0.0371666666666667,0.144166666666667,184600
0,0,0,0,0,0,0.0065,0.0368333333333333,0.143666666666667,184700
0,0,0,0,0,0,0.0065,0.0366666666666667,0.142666666666667,184800
0,0,0,0,0,0,0.0065,0.0365,0.141833333333333,184900
0,0,0,0,0,0,0.0065,0.0363333333333333,0.1415,185000
0,0,0,0,0,0,0.0065,0.0363333333333333,0.141333333333333,185100
0,0,0,0,0,0,0.0065,0.0358333333333333,0.1405,185200
0,0,0,0,0,0,0.0065,0.0358333333333333,0.139333333333333,185300
0,0,0,0,0,0,0.0065,0.0355,0.138333333333333,185400
0,0,0,0,0,0,0.0065,0.0355,0.137333333333333,185500
0,0,0,0,0,0,0.00633333333333333,0.0353333333333333,0.137,185600
0,0,0,0,0,0,0.00633333333333333,0.0351666666666667,0.1365,185700
0,0,0,0,0,0,0.00633333333333333,0.0348333333333333,0.136,185800
0,0,0,0,0,0,0.00616666666666667,0.0348333333333333,0.135833333333333,185900
0,0,0,0,0,0,0.00616666666666667,0.0345,0.134666666666667,186000
0,0,0,0,0,0,0.00616666666666667,0.0345,0.133666666666667,186100
0,0,0,0,0,0,0.00616666666666667,0.0341666666666667,0.132833333333333,186200
0,0,0,0,0,0,0.00616666666666667,0.034,0.131333333333333,186300
0,0,0,0,0,0,0.00616666666666667,0.0338333333333333,0.130833333333333,186400
0,0,0,0,0,0,0.00616666666666667,0.0338333333333333,0.129833333333333,186500
0,0,0,0,0,0,0.00616666666666667,0.0335,0.129666666666667,186600
0,0,0,0,0,0,0.00616666666666667,0.0331666666666667,0.129166666666667,186700
0,0,0,0,0,0,0.00616666666666667,0.0331666666666667,0.128666666666667,186800
0,0,0,0,0,0,0.00616666666666667,0.0328333333333333,0.128,186900
0,0,0,0,0,0,0.006,0.0325,0.126833333333333,187000
0,0,0,0,0,0,0.006,0.0325,0.126333333333333,187100
0,0,0,0,0,0,0.00583333333333333,0.0325,0.125833333333333,187200
0,0,0,0,0,0,0.00566666666666667,0.0321666666666667,0.124833333333333,187300
0,0,0,0,0,0,0.00566666666666667,0.032,0.1245,187400
0,0,0,0,0,0,0.00566666666666667,0.032,0.1245,187500
0,0,0,0,0,0,0.00566666666666667,0.0318333333333333,0.124333333333333,187600
0,0,0,0,0,0,0.00566666666666667,0.0316666666666667,0.124,187700
0,0,0,0,0,0,0.00566666666666667,0.0316666666666667,0.1235,187800
0,0,0,0,0,0,0.00566666666666667,0.0316666666666667,0.122666666666667,187900
0,0,0,0,0,0,0.00566666666666667,0.0315,0.122333333333333,188000
0,0,0,0,0,0,0.00566666666666667,0.031,0.121666666666667,188100
0,0,0,0,0,0,0.00566666666666667,0.0306666666666667,0.1215,188200
0,0,0,0,0,0,0.00566666666666667,0.0305,0.121333333333333,188300
0,0,0,0,0,0,0.00566666666666667,0.0303333333333333,0.121,188400
0,0,0,0,0,0,0.00566666666666667,0.03,0.120166666666667,188500
0,0,0,0,0,0,0.00566666666666667,0.03,0.119,188600
0,0,0,0,0,0,0.00566666666666667,0.0296666666666667,0.118333333333333,188700
0,0,0,0,0,0,0.00566666666666667,0.0296666666666667,0.118,188800
0,0,0,0,0,0,0.00566666666666667,0.0295,0.1175,188900
0,0,0,0,0,0,0.00566666666666667,0.0295,0.117,189000
0,0,0,0,0,0,0.00566666666666667,0.0293333333333333,0.1165,189100
0,0,0,0,0,0,0.00566666666666667,0.029,0.116,189200
0,0,0,0,0,0,0.00566666666666667,0.029,0.115666666666667,189300
0,0,0,0,0,0,0.00566666666666667,0.029,0.115333333333333,189400
0,0,0,0,0,0,0.00566666666666667,0.029,0.115,189500
0,0,0,0,0,0,0.00566666666666667,0.029,0.1145,189600
0,0,0,0,0,0,0.00566666666666667,0.029,0.113833333333333,189700
0,0,0,0,0,0,0.00566666666666667,0.0286666666666667,0.1135,189800
0,0,0,0,0,0,0.0055,0.0286666666666667,0.113333333333333,189900
0,0,0,0,0,0,0.0055,0.0286666666666667,0.113,190000
0,0,0,0,0,0,0.0055,0.0286666666666667,0.112666666666667,190100
0,0,0,0,0,0,0.0055,0.0286666666666667,0.112166666666667,190200
0,0,0,0,0,0,0.0055,0.0285,0.111833333333333,190300
0,0,0,0,0,0,0.0055,0.0285,0.1115,190400
0,0,0,0,0,0,0.00533333333333333,0.0285,0.111166666666667,190500
0,0,0,0,0,0,0.00533333333333333,0.0283333333333333,0.111,190600
0,0,0,0,0,0,0.00533333333333333,0.0278333333333333,0.11,190700
0,0,0,0,0,0,0.00533333333333333,0.0278333333333333,0.109666666666667,190800
0,0,0,0,0,0,0.00533333333333333,0.0276666666666667,0.109166666666667,190900
0,0,0,0,0,0,0.00516666666666667,0.0275,0.1085,191000
0,0,0,0,0,0,0.005,0.0273333333333333,0.107666666666667,191100
0,0,0,0,0,0,0.00483333333333333,0.027,0.107,191200
0,0,0,0,0,0,0.00483333333333333,0.0268333333333333,0.1065,191300
0,0,0,0,0,0,0.00483333333333333,0.0263333333333333,0.1055,191400
0,0,0,0,0,0,0.00483333333333333,0.0263333333333333,0.105333333333333,191500
0,0,0,0,0,0,0.00483333333333333,0.0258333333333333,0.104833333333333,191600
0,0,0,0,0,0,0.00483333333333333,0.0256666666666667,0.104666666666667,191700
0,0,0,0,0,0,0.00483333333333333,0.0253333333333333,0.104,191800
0,0,0,0,0,0,0.00483333333333333,0.0253333333333333,0.104,191900
0,0,0,0,0,0,0.00483333333333333,0.025,0.103333333333333,192000
0,0,0,0,0,0,0.00483333333333333,0.0248333333333333,0.102833333333333,192100
0,0,0,0,0,0,0.00483333333333333,0.0246666666666667,0.102,192200
0,0,0,0,0,0,0.00483333333333333,0.0246666666666667,0.1015,192300
0,0,0,0,0,0,0.00483333333333333,0.0245,0.101,192400
0,0,0,0,0,0,0.00483333333333333,0.0243333333333333,0.100333333333333,192500
0,0,0,0,0,0,0.00483333333333333,0.0243333333333333,0.1,192600
0,0,0,0,0,0,0.00483333333333333,0.0241666666666667,0.0986666666666667,192700
0,0,0,0,0,0,0.00483333333333333,0.0241666666666667,0.0976666666666667,192800
0,0,0,0,0,0,0.00483333333333333,0.024,0.0973333333333333,192900
0,0,0,0,0,0,0.00483333333333333,0.024,0.0966666666666667,193000
0,0,0,0,0,0,0.00483333333333333,0.0236666666666667,0.0961666666666667,193100
0,0,0,0,0,0,0.00483333333333333,0.0236666666666667,0.096,193200
0,0,0,0,0,0,0.00483333333333333,0.0235,0.0955,193300
0,0,0,0,0,0,0.00483333333333333,0.0235,0.094,193400
0,0,0,0,0,0,0.00483333333333333,0.0235,0.0935,193500
0,0,0,0,0,0,0.00483333333333333,0.023,0.0928333333333333,193600
0,0,0,0,0,0,0.00483333333333333,0.023,0.0925,193700
0,0,0,0,0,0,0.0045,0.023,0.0923333333333333,193800
0,0,0,0,0,0,0.0045,0.0228333333333333,0.092,193900
0,0,0,0,0,0,0.0045,0.0226666666666667,0.0913333333333333,194000
0,0,0,0,0,0,0.0045,0.0226666666666667,0.0913333333333333,194100
0,0,0,0,0,0,0.0045,0.0225,0.091,194200
0,0,0,0,0,0,0.0045,0.0223333333333333,0.0908333333333333,194300
0,0,0,0,0,0,0.00433333333333333,0.0223333333333333,0.0906666666666667,194400
0,0,0,0,0,0,0.00433333333333333,0.0223333333333333,0.0905,194500
0,0,0,0,0,0,0.00433333333333333,0.0221666666666667,0.0901666666666667,194600
0,0,0,0,0,0,0.00433333333333333,0.022,0.0901666666666667,194700
0,0,0,0,0,0,0.00433333333333333,0.0218333333333333,0.0896666666666667,194800
0,0,0,0,0,0,0.00433333333333333,0.0216666666666667,0.089,194900
0,0,0,0,0,0,0.00416666666666667,0.0213333333333333,0.0885,195000
0,0,0,0,0,0,0.00416666666666667,0.0213333333333333,0.0885,195100
0,0,0,0,0,0,0.00416666666666667,0.0213333333333333,0.088,195200
0,0,0,0,0,0,0.00416666666666667,0.0213333333333333,0.087,195300
0,0,0,0,0,0,0.00416666666666667,0.0213333333333333,0.0861666666666667,195400
0,0,0,0,0,0,0.00416666666666667,0.0211666666666667,0.0856666666666667,195500
0,0,0,0,0,0,0.00416666666666667,0.0211666666666667,0.085,195600
0,0,0,0,0,0,0.00416666666666667,0.0211666666666667,0.0848333333333333,195700
0,0,0,0,0,0,0.00416666666666667,0.021,0.0846666666666667,195800
0,0,0,0,0,0,0.00416666666666667,0.021,0.0838333333333333,195900
0,0,0,0,0,0,0.00416666666666667,0.021,0.0835,196000
0,0,0,0,0,0,0.00416666666666667,0.021,0.0826666666666667,196100
0,0,0,0,0,0,0.00416666666666667,0.0208333333333333,0.0826666666666667,196200
0,0,0,0,0,0,0.00416666666666667,0.0208333333333333,0.0823333333333333,196300
0,0,0,0,0,0,0.004,0.0206666666666667,0.0821666666666667,196400
0,0,0,0,0,0,0.004,0.0206666666666667,0.082,196500
0,0,0,0,0,0,0.00383333333333333,0.0206666666666667,0.0818333333333333,196600
0,0,0,0,0,0,0.00383333333333333,0.0206666666666667,0.0813333333333333,196700
0,0,0,0,0,0,0.00383333333333333,0.0205,0.0813333333333333,196800
0,0,0,0,0,0,0.00383333333333333,0.0205,0.0805,196900
0,0,0,0,0,0,0.00383333333333333,0.0205,0.0801666666666667,197000
0,0,0,0,0,0,0.00366666666666667,0.0205,0.0795,197100
0,0,0,0,0,0,0.00366666666666667,0.0205,0.0793333333333333,197200
0,0,0,0,0,0,0.00366666666666667,0.0205,0.079,197300
0,0,0,0,0,0,0.0035,0.0205,0.0783333333333333,197400
0,0,0,0,0,0,0.0035,0.0205,0.0778333333333333,197500
0,0,0,0,0,0,0.0035,0.0203333333333333,0.0776666666666667,197600
0,0,0,0,0,0,0.0035,0.0203333333333333,0.0771666666666667,197700
0,0,0,0,0,0,0.0035,0.0201666666666667,0.077,197800
0,0,0,0,0,0,0.0035,0.0198333333333333,0.0768333333333333,197900
0,0,0,0,0,0,0.0035,0.0198333333333333,0.0768333333333333,198000
0,0,0,0,0,0,0.0035,0.0198333333333333,0.0765,198100
0,0,0,0,0,0,0.00333333333333333,0.0198333333333333,0.0763333333333333,198200
0,0,0,0,0,0,0.00316666666666667,0.0198333333333333,0.0758333333333333,198300
0,0,0,0,0,0,0.00316666666666667,0.0193333333333333,0.0758333333333333,198400
0,0,0,0,0,0,0.003,0.0193333333333333,0.0751666666666667,198500
0,0,0,0,0,0,0.003,0.0193333333333333,0.0748333333333333,198600
0,0,0,0,0,0,0.003,0.0193333333333333,0.074,198700
0,0,0,0,0,0,0.00283333333333333,0.0191666666666667,0.0733333333333333,198800
0,0,0,0,0,0,0.00283333333333333,0.0191666666666667,0.0726666666666667,198900
0,0,0,0,0,0,0.00283333333333333,0.0186666666666667,0.0725,199000
0,0,0,0,0,0,0.00283333333333333,0.0183333333333333,0.0725,199100
0,0,0,0,0,0,0.00283333333333333,0.0183333333333333,0.0721666666666667,199200
0,0,0,0,0,0,0.00283333333333333,0.0183333333333333,0.0721666666666667,199300
0,0,0,0,0,0,0.00283333333333333,0.0181666666666667,0.0718333333333333,199400
0,0,0,0,0,0,0.00283333333333333,0.018,0.0715,199500
0,0,0,0,0,0,0.00283333333333333,0.0178333333333333,0.0715,199600
0,0,0,0,0,0,0.00283333333333333,0.0178333333333333,0.0711666666666667,199700
0,0,0,0,0,0,0.00283333333333333,0.0178333333333333,0.071,199800
0,0,0,0,0,0,0.00283333333333333,0.0176666666666667,0.071,199900
0,0,0,0,0,0,0.00283333333333333,0.0176666666666667,0.0708333333333333,2e+05
0,0,0,0,0,0,0.00283333333333333,0.0176666666666667,0.0703333333333333,200100
0,0,0,0,0,0,0.00283333333333333,0.0176666666666667,0.07,200200
0,0,0,0,0,0,0.00283333333333333,0.0176666666666667,0.0698333333333333,200300
0,0,0,0,0,0,0.00283333333333333,0.0173333333333333,0.0696666666666667,200400
0,0,0,0,0,0,0.00283333333333333,0.0173333333333333,0.0695,200500
0,0,0,0,0,0,0.00283333333333333,0.0171666666666667,0.0691666666666667,200600
0,0,0,0,0,0,0.00283333333333333,0.0168333333333333,0.0691666666666667,200700
0,0,0,0,0,0,0.00283333333333333,0.0168333333333333,0.0688333333333333,200800
0,0,0,0,0,0,0.00283333333333333,0.0168333333333333,0.0685,200900
0,0,0,0,0,0,0.00283333333333333,0.0161666666666667,0.0678333333333333,201000
0,0,0,0,0,0,0.00283333333333333,0.016,0.0673333333333333,201100
0,0,0,0,0,0,0.00283333333333333,0.0158333333333333,0.067,201200
0,0,0,0,0,0,0.00283333333333333,0.0156666666666667,0.0665,201300
0,0,0,0,0,0,0.00283333333333333,0.0156666666666667,0.0665,201400
0,0,0,0,0,0,0.00283333333333333,0.0155,0.0661666666666667,201500
0,0,0,0,0,0,0.00283333333333333,0.0155,0.0656666666666667,201600
0,0,0,0,0,0,0.00283333333333333,0.0151666666666667,0.0653333333333333,201700
0,0,0,0,0,0,0.00283333333333333,0.0151666666666667,0.065,201800
0,0,0,0,0,0,0.00283333333333333,0.0151666666666667,0.065,201900
0,0,0,0,0,0,0.00266666666666667,0.0151666666666667,0.065,202000
0,0,0,0,0,0,0.00266666666666667,0.015,0.0645,202100
0,0,0,0,0,0,0.00266666666666667,0.0146666666666667,0.0641666666666667,202200
0,0,0,0,0,0,0.00266666666666667,0.0145,0.0638333333333333,202300
0,0,0,0,0,0,0.00266666666666667,0.0145,0.0633333333333333,202400
0,0,0,0,0,0,0.00266666666666667,0.0143333333333333,0.063,202500
0,0,0,0,0,0,0.00266666666666667,0.0143333333333333,0.063,202600
0,0,0,0,0,0,0.00266666666666667,0.0143333333333333,0.0626666666666667,202700
0,0,0,0,0,0,0.00266666666666667,0.0143333333333333,0.0621666666666667,202800
0,0,0,0,0,0,0.00266666666666667,0.0143333333333333,0.062,202900
0,0,0,0,0,0,0.00266666666666667,0.0141666666666667,0.0616666666666667,203000
0,0,0,0,0,0,0.00266666666666667,0.0141666666666667,0.0613333333333333,203100
0,0,0,0,0,0,0.00266666666666667,0.0141666666666667,0.0605,203200
0,0,0,0,0,0,0.00266666666666667,0.0141666666666667,0.0601666666666667,203300
0,0,0,0,0,0,0.00266666666666667,0.0141666666666667,0.0601666666666667,203400
0,0,0,0,0,0,0.00266666666666667,0.0141666666666667,0.0598333333333333,203500
0,0,0,0,0,0,0.00266666666666667,0.0141666666666667,0.0595,203600
0,0,0,0,0,0,0.00266666666666667,0.0141666666666667,0.0586666666666667,203700
0,0,0,0,0,0,0.00266666666666667,0.014,0.0586666666666667,203800
0,0,0,0,0,0,0.00266666666666667,0.014,0.0585,203900
0,0,0,0,0,0,0.00266666666666667,0.014,0.0583333333333333,204000
0,0,0,0,0,0,0.00266666666666667,0.014,0.0583333333333333,204100
0,0,0,0,0,0,0.00266666666666667,0.0138333333333333,0.0578333333333333,204200
0,0,0,0,0,0,0.00266666666666667,0.0138333333333333,0.0573333333333333,204300
0,0,0,0,0,0,0.00266666666666667,0.0138333333333333,0.0571666666666667,204400
0,0,0,0,0,0,0.00266666666666667,0.0136666666666667,0.057,204500
0,0,0,0,0,0,0.00266666666666667,0.0136666666666667,0.0568333333333333,204600
0,0,0,0,0,0,0.00266666666666667,0.0136666666666667,0.0566666666666667,204700
0,0,0,0,0,0,0.00266666666666667,0.0136666666666667,0.0565,204800
0,0,0,0,0,0,0.00266666666666667,0.0135,0.0563333333333333,204900
0,0,0,0,0,0,0.00266666666666667,0.0135,0.0558333333333333,205000
0,0,0,0,0,0,0.00266666666666667,0.0133333333333333,0.0553333333333333,205100
0,0,0,0,0,0,0.00266666666666667,0.0128333333333333,0.0551666666666667,205200
0,0,0,0,0,0,0.00266666666666667,0.0126666666666667,0.0543333333333333,205300
0,0,0,0,0,0,0.00266666666666667,0.0125,0.0543333333333333,205400
0,0,0,0,0,0,0.00266666666666667,0.0125,0.054,205500
0,0,0,0,0,0,0.00266666666666667,0.0125,0.0538333333333333,205600
0,0,0,0,0,0,0.00266666666666667,0.0123333333333333,0.0536666666666667,205700
0,0,0,0,0,0,0.00266666666666667,0.0121666666666667,0.0531666666666667,205800
0,0,0,0,0,0,0.00266666666666667,0.012,0.0526666666666667,205900
0,0,0,0,0,0,0.00266666666666667,0.012,0.0523333333333333,206000
0,0,0,0,0,0,0.00266666666666667,0.0118333333333333,0.052,206100
0,0,0,0,0,0,0.00266666666666667,0.0118333333333333,0.0515,206200
0,0,0,0,0,0,0.00266666666666667,0.0116666666666667,0.0515,206300
0,0,0,0,0,0,0.00266666666666667,0.0115,0.0511666666666667,206400
0,0,0,0,0,0,0.0025,0.0113333333333333,0.0506666666666667,206500
0,0,0,0,0,0,0.0025,0.0113333333333333,0.0498333333333333,206600
0,0,0,0,0,0,0.0025,0.0113333333333333,0.0493333333333333,206700
0,0,0,0,0,0,0.00233333333333333,0.0111666666666667,0.0491666666666667,206800
0,0,0,0,0,0,0.00233333333333333,0.0111666666666667,0.0491666666666667,206900
0,0,0,0,0,0,0.00233333333333333,0.011,0.0486666666666667,207000
0,0,0,0,0,0,0.00233333333333333,0.011,0.0481666666666667,207100
0,0,0,0,0,0,0.00233333333333333,0.011,0.0478333333333333,207200
0,0,0,0,0,0,0.00216666666666667,0.011,0.0476666666666667,207300
0,0,0,0,0,0,0.00216666666666667,0.011,0.0471666666666667,207400
0,0,0,0,0,0,0.00216666666666667,0.011,0.047,207500
0,0,0,0,0,0,0.00216666666666667,0.0108333333333333,0.0466666666666667,207600
0,0,0,0,0,0,0.00216666666666667,0.0106666666666667,0.0463333333333333,207700
0,0,0,0,0,0,0.00216666666666667,0.0105,0.0456666666666667,207800
0,0,0,0,0,0,0.00216666666666667,0.0103333333333333,0.0455,207900
0,0,0,0,0,0,0.00216666666666667,0.0103333333333333,0.0455,208000
0,0,0,0,0,0,0.00216666666666667,0.0101666666666667,0.0455,208100
0,0,0,0,0,0,0.00216666666666667,0.0101666666666667,0.0455,208200
0,0,0,0,0,0,0.00216666666666667,0.0101666666666667,0.0453333333333333,208300
0,0,0,0,0,0,0.00216666666666667,0.01,0.0451666666666667,208400
0,0,0,0,0,0,0.00216666666666667,0.01,0.0451666666666667,208500
0,0,0,0,0,0,0.00216666666666667,0.01,0.0451666666666667,208600
0,0,0,0,0,0,0.00216666666666667,0.01,0.0451666666666667,208700
0,0,0,0,0,0,0.00216666666666667,0.01,0.0448333333333333,208800
0,0,0,0,0,0,0.00216666666666667,0.01,0.0443333333333333,208900
0,0,0,0,0,0,0.00216666666666667,0.01,0.044,209000
0,0,0,0,0,0,0.00216666666666667,0.01,0.0438333333333333,209100
0,0,0,0,0,0,0.00216666666666667,0.01,0.0438333333333333,209200
0,0,0,0,0,0,0.00216666666666667,0.01,0.0436666666666667,209300
0,0,0,0,0,0,0.00216666666666667,0.01,0.0435,209400
0,0,0,0,0,0,0.00216666666666667,0.00983333333333333,0.0435,209500
0,0,0,0,0,0,0.00216666666666667,0.00983333333333333,0.0433333333333333,209600
0,0,0,0,0,0,0.00216666666666667,0.00966666666666667,0.043,209700
0,0,0,0,0,0,0.00216666666666667,0.00966666666666667,0.0425,209800
0,0,0,0,0,0,0.00216666666666667,0.00966666666666667,0.042,209900
0,0,0,0,0,0,0.00216666666666667,0.00966666666666667,0.042,210000
0,0,0,0,0,0,0.00216666666666667,0.00966666666666667,0.042,210100
0,0,0,0,0,0,0.00216666666666667,0.00966666666666667,0.0418333333333333,210200
0,0,0,0,0,0,0.00216666666666667,0.00966666666666667,0.0413333333333333,210300
0,0,0,0,0,0,0.00216666666666667,0.00966666666666667,0.041,210400
0,0,0,0,0,0,0.00216666666666667,0.00966666666666667,0.0406666666666667,210500
0,0,0,0,0,0,0.00216666666666667,0.00966666666666667,0.0405,210600
0,0,0,0,0,0,0.00216666666666667,0.00966666666666667,0.0405,210700
0,0,0,0,0,0,0.00216666666666667,0.00966666666666667,0.0405,210800
0,0,0,0,0,0,0.00216666666666667,0.00966666666666667,0.0403333333333333,210900
0,0,0,0,0,0,0.00216666666666667,0.00966666666666667,0.0396666666666667,211000
0,0,0,0,0,0,0.00216666666666667,0.00966666666666667,0.0395,211100
0,0,0,0,0,0,0.00216666666666667,0.00966666666666667,0.0395,211200
0,0,0,0,0,0,0.00216666666666667,0.00966666666666667,0.0388333333333333,211300
0,0,0,0,0,0,0.00216666666666667,0.00966666666666667,0.0388333333333333,211400
0,0,0,0,0,0,0.00216666666666667,0.00966666666666667,0.0388333333333333,211500
0,0,0,0,0,0,0.002,0.0095,0.0388333333333333,211600
0,0,0,0,0,0,0.002,0.0095,0.0381666666666667,211700
0,0,0,0,0,0,0.002,0.0095,0.0381666666666667,211800
0,0,0,0,0,0,0.002,0.0095,0.038,211900
0,0,0,0,0,0,0.002,0.0095,0.038,212000
0,0,0,0,0,0,0.002,0.0095,0.0375,212100
0,0,0,0,0,0,0.002,0.0095,0.0371666666666667,212200
0,0,0,0,0,0,0.002,0.0095,0.0371666666666667,212300
0,0,0,0,0,0,0.002,0.00933333333333333,0.0368333333333333,212400
0,0,0,0,0,0,0.002,0.00933333333333333,0.0366666666666667,212500
0,0,0,0,0,0,0.002,0.00933333333333333,0.0365,212600
0,0,0,0,0,0,0.002,0.00933333333333333,0.0363333333333333,212700
0,0,0,0,0,0,0.002,0.00933333333333333,0.0363333333333333,212800
0,0,0,0,0,0,0.002,0.00933333333333333,0.0358333333333333,212900
0,0,0,0,0,0,0.002,0.00933333333333333,0.0358333333333333,213000
0,0,0,0,0,0,0.002,0.00916666666666667,0.0356666666666667,213100
0,0,0,0,0,0,0.002,0.009,0.0355,213200
0,0,0,0,0,0,0.002,0.009,0.0355,213300
0,0,0,0,0,0,0.002,0.009,0.0353333333333333,213400
0,0,0,0,0,0,0.002,0.009,0.035,213500
0,0,0,0,0,0,0.002,0.009,0.0348333333333333,213600
0,0,0,0,0,0,0.002,0.00883333333333333,0.0348333333333333,213700
0,0,0,0,0,0,0.002,0.00866666666666667,0.0345,213800
0,0,0,0,0,0,0.002,0.0085,0.0345,213900
0,0,0,0,0,0,0.002,0.0085,0.0345,214000
0,0,0,0,0,0,0.002,0.0085,0.0341666666666667,214100
0,0,0,0,0,0,0.002,0.0085,0.034,214200
0,0,0,0,0,0,0.002,0.0085,0.0338333333333333,214300
0,0,0,0,0,0,0.002,0.0085,0.0338333333333333,214400
0,0,0,0,0,0,0.002,0.0085,0.0335,214500
0,0,0,0,0,0,0.002,0.0085,0.0331666666666667,214600
0,0,0,0,0,0,0.002,0.0085,0.0331666666666667,214700
0,0,0,0,0,0,0.002,0.00833333333333333,0.0328333333333333,214800
0,0,0,0,0,0,0.002,0.00833333333333333,0.0328333333333333,214900
0,0,0,0,0,0,0.002,0.00833333333333333,0.0325,215000
0,0,0,0,0,0,0.002,0.00833333333333333,0.0325,215100
0,0,0,0,0,0,0.002,0.00833333333333333,0.0325,215200
0,0,0,0,0,0,0.002,0.00833333333333333,0.0325,215300
0,0,0,0,0,0,0.002,0.00833333333333333,0.032,215400
0,0,0,0,0,0,0.002,0.00833333333333333,0.032,215500
0,0,0,0,0,0,0.002,0.00833333333333333,0.032,215600
0,0,0,0,0,0,0.002,0.00816666666666667,0.0318333333333333,215700
0,0,0,0,0,0,0.002,0.00783333333333333,0.0316666666666667,215800
0,0,0,0,0,0,0.002,0.00783333333333333,0.0316666666666667,215900
0,0,0,0,0,0,0.002,0.00766666666666667,0.0316666666666667,216000
0,0,0,0,0,0,0.002,0.00766666666666667,0.0316666666666667,216100
0,0,0,0,0,0,0.002,0.00766666666666667,0.0311666666666667,216200
0,0,0,0,0,0,0.002,0.00766666666666667,0.0308333333333333,216300
0,0,0,0,0,0,0.002,0.00766666666666667,0.0306666666666667,216400
0,0,0,0,0,0,0.002,0.0075,0.0305,216500
0,0,0,0,0,0,0.002,0.0075,0.0303333333333333,216600
0,0,0,0,0,0,0.002,0.00733333333333333,0.03,216700
0,0,0,0,0,0,0.002,0.00733333333333333,0.03,216800
0,0,0,0,0,0,0.002,0.00733333333333333,0.0296666666666667,216900
0,0,0,0,0,0,0.002,0.00733333333333333,0.0296666666666667,217000
0,0,0,0,0,0,0.002,0.00733333333333333,0.0295,217100
0,0,0,0,0,0,0.00183333333333333,0.00733333333333333,0.0295,217200
0,0,0,0,0,0,0.00183333333333333,0.00733333333333333,0.0295,217300
0,0,0,0,0,0,0.00183333333333333,0.00733333333333333,0.0293333333333333,217400
0,0,0,0,0,0,0.00183333333333333,0.00733333333333333,0.029,217500
0,0,0,0,0,0,0.00183333333333333,0.00733333333333333,0.029,217600
0,0,0,0,0,0,0.00183333333333333,0.00733333333333333,0.029,217700
0,0,0,0,0,0,0.00183333333333333,0.00733333333333333,0.029,217800
0,0,0,0,0,0,0.00183333333333333,0.00733333333333333,0.029,217900
0,0,0,0,0,0,0.00183333333333333,0.00733333333333333,0.029,218000
0,0,0,0,0,0,0.00183333333333333,0.00733333333333333,0.0288333333333333,218100
0,0,0,0,0,0,0.00183333333333333,0.00716666666666667,0.0286666666666667,218200
0,0,0,0,0,0,0.00183333333333333,0.007,0.0286666666666667,218300
0,0,0,0,0,0,0.00183333333333333,0.007,0.0286666666666667,218400
0,0,0,0,0,0,0.00183333333333333,0.007,0.0286666666666667,218500
0,0,0,0,0,0,0.00183333333333333,0.007,0.0286666666666667,218600
0,0,0,0,0,0,0.00183333333333333,0.007,0.0286666666666667,218700
0,0,0,0,0,0,0.00183333333333333,0.007,0.0285,218800
0,0,0,0,0,0,0.00183333333333333,0.00683333333333333,0.0285,218900
0,0,0,0,0,0,0.00183333333333333,0.00683333333333333,0.0285,219000
0,0,0,0,0,0,0.00183333333333333,0.00683333333333333,0.0283333333333333,219100
0,0,0,0,0,0,0.00183333333333333,0.0065,0.0278333333333333,219200
0,0,0,0,0,0,0.00183333333333333,0.0065,0.0278333333333333,219300
0,0,0,0,0,0,0.00183333333333333,0.0065,0.0276666666666667,219400
0,0,0,0,0,0,0.00183333333333333,0.0065,0.0275,219500
0,0,0,0,0,0,0.00183333333333333,0.0065,0.0275,219600
0,0,0,0,0,0,0.00183333333333333,0.0065,0.0273333333333333,219700
0,0,0,0,0,0,0.00183333333333333,0.0065,0.0271666666666667,219800
0,0,0,0,0,0,0.00183333333333333,0.0065,0.0268333333333333,219900
0,0,0,0,0,0,0.00183333333333333,0.0065,0.0265,220000
0,0,0,0,0,0,0.00183333333333333,0.0065,0.0263333333333333,220100
0,0,0,0,0,0,0.00183333333333333,0.0065,0.0263333333333333,220200
0,0,0,0,0,0,0.00183333333333333,0.0065,0.0258333333333333,220300
0,0,0,0,0,0,0.00166666666666667,0.0065,0.0255,220400
0,0,0,0,0,0,0.00166666666666667,0.0065,0.0253333333333333,220500
0,0,0,0,0,0,0.00166666666666667,0.0065,0.0253333333333333,220600
0,0,0,0,0,0,0.00166666666666667,0.0065,0.025,220700
0,0,0,0,0,0,0.0015,0.0065,0.0248333333333333,220800
0,0,0,0,0,0,0.0015,0.0065,0.0248333333333333,220900
0,0,0,0,0,0,0.0015,0.0065,0.0246666666666667,221000
0,0,0,0,0,0,0.0015,0.00633333333333333,0.0246666666666667,221100
0,0,0,0,0,0,0.0015,0.00633333333333333,0.0245,221200
0,0,0,0,0,0,0.0015,0.00633333333333333,0.0243333333333333,221300
0,0,0,0,0,0,0.0015,0.00616666666666667,0.0243333333333333,221400
0,0,0,0,0,0,0.00133333333333333,0.00616666666666667,0.0241666666666667,221500
0,0,0,0,0,0,0.00133333333333333,0.00616666666666667,0.0241666666666667,221600
0,0,0,0,0,0,0.00133333333333333,0.00616666666666667,0.0241666666666667,221700
0,0,0,0,0,0,0.00116666666666667,0.00616666666666667,0.024,221800
0,0,0,0,0,0,0.00116666666666667,0.00616666666666667,0.024,221900
0,0,0,0,0,0,0.00116666666666667,0.00616666666666667,0.0236666666666667,222000
0,0,0,0,0,0,0.00116666666666667,0.00616666666666667,0.0236666666666667,222100
0,0,0,0,0,0,0.00116666666666667,0.00616666666666667,0.0236666666666667,222200
0,0,0,0,0,0,0.00116666666666667,0.00616666666666667,0.0235,222300
0,0,0,0,0,0,0.00116666666666667,0.00616666666666667,0.0235,222400
0,0,0,0,0,0,0.00116666666666667,0.00616666666666667,0.0231666666666667,222500
0,0,0,0,0,0,0.00116666666666667,0.00616666666666667,0.023,222600
0,0,0,0,0,0,0.00116666666666667,0.006,0.023,222700
0,0,0,0,0,0,0.00116666666666667,0.006,0.023,222800
0,0,0,0,0,0,0.00116666666666667,0.00583333333333333,0.0228333333333333,222900
0,0,0,0,0,0,0.00116666666666667,0.00566666666666667,0.0228333333333333,223000
0,0,0,0,0,0,0.00116666666666667,0.00566666666666667,0.0226666666666667,223100
0,0,0,0,0,0,0.00116666666666667,0.00566666666666667,0.0225,223200
0,0,0,0,0,0,0.00116666666666667,0.00566666666666667,0.0225,223300
0,0,0,0,0,0,0.00116666666666667,0.00566666666666667,0.0223333333333333,223400
0,0,0,0,0,0,0.00116666666666667,0.00566666666666667,0.0223333333333333,223500
0,0,0,0,0,0,0.00116666666666667,0.00566666666666667,0.0223333333333333,223600
0,0,0,0,0,0,0.00116666666666667,0.00566666666666667,0.0223333333333333,223700
0,0,0,0,0,0,0.00116666666666667,0.00566666666666667,0.0221666666666667,223800
0,0,0,0,0,0,0.00116666666666667,0.00566666666666667,0.022,223900
0,0,0,0,0,0,0.00116666666666667,0.00566666666666667,0.0218333333333333,224000
0,0,0,0,0,0,0.00116666666666667,0.00566666666666667,0.0216666666666667,224100
0,0,0,0,0,0,0.00116666666666667,0.00566666666666667,0.0213333333333333,224200
0,0,0,0,0,0,0.00116666666666667,0.00566666666666667,0.0213333333333333,224300
0,0,0,0,0,0,0.00116666666666667,0.00566666666666667,0.0213333333333333,224400
0,0,0,0,0,0,0.00116666666666667,0.00566666666666667,0.0213333333333333,224500
0,0,0,0,0,0,0.00116666666666667,0.00566666666666667,0.0213333333333333,224600
0,0,0,0,0,0,0.00116666666666667,0.00566666666666667,0.0213333333333333,224700
0,0,0,0,0,0,0.00116666666666667,0.00566666666666667,0.0211666666666667,224800
0,0,0,0,0,0,0.00116666666666667,0.00566666666666667,0.0211666666666667,224900
0,0,0,0,0,0,0.00116666666666667,0.00566666666666667,0.0211666666666667,225000
0,0,0,0,0,0,0.00116666666666667,0.00566666666666667,0.021,225100
0,0,0,0,0,0,0.00116666666666667,0.00566666666666667,0.021,225200
0,0,0,0,0,0,0.00116666666666667,0.00566666666666667,0.021,225300
0,0,0,0,0,0,0.00116666666666667,0.00566666666666667,0.021,225400
0,0,0,0,0,0,0.00116666666666667,0.00566666666666667,0.0208333333333333,225500
0,0,0,0,0,0,0.00116666666666667,0.00566666666666667,0.0208333333333333,225600
0,0,0,0,0,0,0.00116666666666667,0.00566666666666667,0.0208333333333333,225700
0,0,0,0,0,0,0.00116666666666667,0.00566666666666667,0.0206666666666667,225800
0,0,0,0,0,0,0.00116666666666667,0.00566666666666667,0.0206666666666667,225900
0,0,0,0,0,0,0.00116666666666667,0.00566666666666667,0.0206666666666667,226000
0,0,0,0,0,0,0.00116666666666667,0.0055,0.0206666666666667,226100
0,0,0,0,0,0,0.00116666666666667,0.0055,0.0205,226200
0,0,0,0,0,0,0.00116666666666667,0.0055,0.0205,226300
0,0,0,0,0,0,0.00116666666666667,0.0055,0.0205,226400
0,0,0,0,0,0,0.00116666666666667,0.0055,0.0205,226500
0,0,0,0,0,0,0.00116666666666667,0.0055,0.0205,226600
0,0,0,0,0,0,0.00116666666666667,0.0055,0.0205,226700
0,0,0,0,0,0,0.00116666666666667,0.0055,0.0205,226800
0,0,0,0,0,0,0.00116666666666667,0.00533333333333333,0.0205,226900
0,0,0,0,0,0,0.00116666666666667,0.00533333333333333,0.0205,227000
0,0,0,0,0,0,0.00116666666666667,0.00533333333333333,0.0203333333333333,227100
0,0,0,0,0,0,0.00116666666666667,0.00533333333333333,0.0203333333333333,227200
0,0,0,0,0,0,0.00116666666666667,0.00533333333333333,0.0203333333333333,227300
0,0,0,0,0,0,0.00116666666666667,0.00533333333333333,0.0201666666666667,227400
0,0,0,0,0,0,0.001,0.00516666666666667,0.0198333333333333,227500
0,0,0,0,0,0,0.001,0.005,0.0198333333333333,227600
0,0,0,0,0,0,0.001,0.00483333333333333,0.0198333333333333,227700
0,0,0,0,0,0,0.001,0.00483333333333333,0.0198333333333333,227800
0,0,0,0,0,0,0.001,0.00483333333333333,0.0198333333333333,227900
0,0,0,0,0,0,0.001,0.00483333333333333,0.0198333333333333,228000
0,0,0,0,0,0,0.001,0.00483333333333333,0.0193333333333333,228100
0,0,0,0,0,0,0.001,0.00483333333333333,0.0193333333333333,228200
0,0,0,0,0,0,0.001,0.00483333333333333,0.0193333333333333,228300
0,0,0,0,0,0,0.001,0.00483333333333333,0.0193333333333333,228400
0,0,0,0,0,0,0.001,0.00483333333333333,0.0193333333333333,228500
0,0,0,0,0,0,0.001,0.00483333333333333,0.0191666666666667,228600
0,0,0,0,0,0,0.001,0.00483333333333333,0.0191666666666667,228700
0,0,0,0,0,0,0.001,0.00483333333333333,0.0186666666666667,228800
0,0,0,0,0,0,0.001,0.00483333333333333,0.0183333333333333,228900
0,0,0,0,0,0,0.001,0.00483333333333333,0.0183333333333333,229000
0,0,0,0,0,0,0.001,0.00483333333333333,0.0183333333333333,229100
0,0,0,0,0,0,0.001,0.00483333333333333,0.0181666666666667,229200
0,0,0,0,0,0,0.001,0.00483333333333333,0.018,229300
0,0,0,0,0,0,0.001,0.00483333333333333,0.0178333333333333,229400
0,0,0,0,0,0,0.001,0.00483333333333333,0.0178333333333333,229500
0,0,0,0,0,0,0.001,0.00483333333333333,0.0178333333333333,229600
0,0,0,0,0,0,0.001,0.00483333333333333,0.0178333333333333,229700
0,0,0,0,0,0,0.001,0.00483333333333333,0.0176666666666667,229800
0,0,0,0,0,0,0.001,0.00483333333333333,0.0176666666666667,229900
0,0,0,0,0,0,0.001,0.00483333333333333,0.0176666666666667,230000
0,0,0,0,0,0,0.001,0.00483333333333333,0.0176666666666667,230100
0,0,0,0,0,0,0.001,0.00483333333333333,0.0176666666666667,230200
0,0,0,0,0,0,0.001,0.00483333333333333,0.0176666666666667,230300
0,0,0,0,0,0,0.001,0.00483333333333333,0.0173333333333333,230400
0,0,0,0,0,0,0.001,0.00483333333333333,0.0173333333333333,230500
0,0,0,0,0,0,0.001,0.00483333333333333,0.0173333333333333,230600
0,0,0,0,0,0,0.001,0.00483333333333333,0.017,230700
0,0,0,0,0,0,0.001,0.0045,0.0168333333333333,230800
0,0,0,0,0,0,0.001,0.0045,0.0168333333333333,230900
0,0,0,0,0,0,0.001,0.0045,0.0165,231000
0,0,0,0,0,0,0.001,0.0045,0.0161666666666667,231100
0,0,0,0,0,0,0.001,0.0045,0.0158333333333333,231200
0,0,0,0,0,0,0.001,0.0045,0.0158333333333333,231300
0,0,0,0,0,0,0.001,0.0045,0.0156666666666667,231400
0,0,0,0,0,0,0.001,0.00433333333333333,0.0156666666666667,231500
0,0,0,0,0,0,0.001,0.00433333333333333,0.0156666666666667,231600
0,0,0,0,0,0,0.001,0.00433333333333333,0.0155,231700
0,0,0,0,0,0,0.001,0.00433333333333333,0.0153333333333333,231800
0,0,0,0,0,0,0.001,0.00433333333333333,0.0151666666666667,231900
0,0,0,0,0,0,0.001,0.00433333333333333,0.0151666666666667,232000
0,0,0,0,0,0,0.001,0.00433333333333333,0.0151666666666667,232100
0,0,0,0,0,0,0.001,0.00433333333333333,0.0151666666666667,232200
0,0,0,0,0,0,0.001,0.00416666666666667,0.015,232300
0,0,0,0,0,0,0.001,0.00416666666666667,0.0148333333333333,232400
0,0,0,0,0,0,0.001,0.00416666666666667,0.0145,232500
0,0,0,0,0,0,0.001,0.00416666666666667,0.0145,232600
0,0,0,0,0,0,0.001,0.00416666666666667,0.0145,232700
0,0,0,0,0,0,0.001,0.00416666666666667,0.0143333333333333,232800
0,0,0,0,0,0,0.001,0.00416666666666667,0.0143333333333333,232900
0,0,0,0,0,0,0.001,0.00416666666666667,0.0143333333333333,233000
0,0,0,0,0,0,0.001,0.00416666666666667,0.0143333333333333,233100
0,0,0,0,0,0,0.001,0.00416666666666667,0.0143333333333333,233200
0,0,0,0,0,0,0.001,0.00416666666666667,0.0143333333333333,233300
0,0,0,0,0,0,0.001,0.00416666666666667,0.0141666666666667,233400
0,0,0,0,0,0,0.000833333333333333,0.00416666666666667,0.0141666666666667,233500
0,0,0,0,0,0,0.000833333333333333,0.00416666666666667,0.0141666666666667,233600
0,0,0,0,0,0,0.000833333333333333,0.00416666666666667,0.0141666666666667,233700
0,0,0,0,0,0,0.000666666666666667,0.004,0.0141666666666667,233800
0,0,0,0,0,0,5e-04,0.004,0.0141666666666667,233900
0,0,0,0,0,0,5e-04,0.004,0.0141666666666667,234000
0,0,0,0,0,0,5e-04,0.00383333333333333,0.0141666666666667,234100
0,0,0,0,0,0,5e-04,0.00383333333333333,0.014,234200
0,0,0,0,0,0,5e-04,0.00383333333333333,0.014,234300
0,0,0,0,0,0,0.000333333333333333,0.00383333333333333,0.014,234400
0,0,0,0,0,0,0.000333333333333333,0.00383333333333333,0.014,234500
0,0,0,0,0,0,0.000333333333333333,0.00383333333333333,0.014,234600
0,0,0,0,0,0,0.000333333333333333,0.00383333333333333,0.014,234700
0,0,0,0,0,0,0.000333333333333333,0.00366666666666667,0.0138333333333333,234800
0,0,0,0,0,0,0.000333333333333333,0.00366666666666667,0.0138333333333333,234900
0,0,0,0,0,0,0.000333333333333333,0.00366666666666667,0.0138333333333333,235000
0,0,0,0,0,0,0.000333333333333333,0.0035,0.0136666666666667,235100
0,0,0,0,0,0,0.000333333333333333,0.0035,0.0136666666666667,235200
0,0,0,0,0,0,0.000333333333333333,0.0035,0.0136666666666667,235300
0,0,0,0,0,0,0.000333333333333333,0.0035,0.0136666666666667,235400
0,0,0,0,0,0,0.000333333333333333,0.0035,0.0135,235500
0,0,0,0,0,0,0.000333333333333333,0.0035,0.0135,235600
0,0,0,0,0,0,0.000333333333333333,0.0035,0.0135,235700
0,0,0,0,0,0,0.000333333333333333,0.0035,0.0131666666666667,235800
0,0,0,0,0,0,0.000333333333333333,0.0035,0.0128333333333333,235900
0,0,0,0,0,0,0.000333333333333333,0.0035,0.0126666666666667,236000
0,0,0,0,0,0,0.000333333333333333,0.00333333333333333,0.0125,236100
0,0,0,0,0,0,0.000333333333333333,0.00316666666666667,0.0125,236200
0,0,0,0,0,0,0.000333333333333333,0.00316666666666667,0.0125,236300
0,0,0,0,0,0,0.000333333333333333,0.003,0.0125,236400
0,0,0,0,0,0,0.000333333333333333,0.003,0.0121666666666667,236500
0,0,0,0,0,0,0.000333333333333333,0.003,0.0121666666666667,236600
0,0,0,0,0,0,0.000333333333333333,0.003,0.012,236700
0,0,0,0,0,0,0.000333333333333333,0.00283333333333333,0.012,236800
0,0,0,0,0,0,0.000333333333333333,0.00283333333333333,0.012,236900
0,0,0,0,0,0,0.000333333333333333,0.00283333333333333,0.0118333333333333,237000
0,0,0,0,0,0,0.000333333333333333,0.00283333333333333,0.0118333333333333,237100
0,0,0,0,0,0,0.000333333333333333,0.00283333333333333,0.0116666666666667,237200
0,0,0,0,0,0,0.000333333333333333,0.00283333333333333,0.0115,237300
0,0,0,0,0,0,0.000333333333333333,0.00283333333333333,0.0113333333333333,237400
0,0,0,0,0,0,0.000333333333333333,0.00283333333333333,0.0113333333333333,237500
0,0,0,0,0,0,0.000333333333333333,0.00283333333333333,0.0113333333333333,237600
0,0,0,0,0,0,0.000333333333333333,0.00283333333333333,0.0111666666666667,237700
0,0,0,0,0,0,0.000333333333333333,0.00283333333333333,0.0111666666666667,237800
0,0,0,0,0,0,0.000333333333333333,0.00283333333333333,0.011,237900
0,0,0,0,0,0,0.000333333333333333,0.00283333333333333,0.011,238000
0,0,0,0,0,0,0.000333333333333333,0.00283333333333333,0.011,238100
0,0,0,0,0,0,0.000333333333333333,0.00283333333333333,0.011,238200
0,0,0,0,0,0,0.000333333333333333,0.00283333333333333,0.011,238300
0,0,0,0,0,0,0.000333333333333333,0.00283333333333333,0.011,238400
0,0,0,0,0,0,0.000333333333333333,0.00283333333333333,0.011,238500
0,0,0,0,0,0,0.000333333333333333,0.00283333333333333,0.011,238600
0,0,0,0,0,0,0.000333333333333333,0.00283333333333333,0.0106666666666667,238700
0,0,0,0,0,0,0.000333333333333333,0.00283333333333333,0.0105,238800
0,0,0,0,0,0,0.000333333333333333,0.00283333333333333,0.0105,238900
0,0,0,0,0,0,0.000333333333333333,0.00283333333333333,0.0103333333333333,239000
0,0,0,0,0,0,0.000333333333333333,0.00283333333333333,0.0103333333333333,239100
0,0,0,0,0,0,0.000333333333333333,0.00283333333333333,0.0101666666666667,239200
0,0,0,0,0,0,0.000333333333333333,0.00283333333333333,0.0101666666666667,239300
0,0,0,0,0,0,0.000333333333333333,0.00283333333333333,0.0101666666666667,239400
0,0,0,0,0,0,0.000333333333333333,0.00283333333333333,0.0101666666666667,239500
0,0,0,0,0,0,0.000333333333333333,0.00283333333333333,0.01,239600
0,0,0,0,0,0,0.000333333333333333,0.00283333333333333,0.01,239700
0,0,0,0,0,0,0.000333333333333333,0.00283333333333333,0.01,239800
0,0,0,0,0,0,0.000333333333333333,0.00283333333333333,0.01,239900
0,0,0,0,0,0,0.000333333333333333,0.00283333333333333,0.01,240000
0,0,0,0,0,0,0.000333333333333333,0.00283333333333333,0.01,240100
0,0,0,0,0,0,0.000333333333333333,0.00283333333333333,0.01,240200
0,0,0,0,0,0,0.000333333333333333,0.00283333333333333,0.01,240300
0,0,0,0,0,0,0.000333333333333333,0.00283333333333333,0.01,240400
0,0,0,0,0,0,0.000333333333333333,0.00283333333333333,0.01,240500
0,0,0,0,0,0,0.000333333333333333,0.00266666666666667,0.01,240600
0,0,0,0,0,0,0.000333333333333333,0.00266666666666667,0.01,240700
0,0,0,0,0,0,0.000333333333333333,0.00266666666666667,0.01,240800
0,0,0,0,0,0,0.000333333333333333,0.00266666666666667,0.00983333333333333,240900
0,0,0,0,0,0,0.000333333333333333,0.00266666666666667,0.00966666666666667,241000
0,0,0,0,0,0,0.000333333333333333,0.00266666666666667,0.00966666666666667,241100
0,0,0,0,0,0,0.000333333333333333,0.00266666666666667,0.00966666666666667,241200
0,0,0,0,0,0,0.000333333333333333,0.00266666666666667,0.00966666666666667,241300
0,0,0,0,0,0,0.000333333333333333,0.00266666666666667,0.00966666666666667,241400
0,0,0,0,0,0,0.000333333333333333,0.00266666666666667,0.00966666666666667,241500
0,0,0,0,0,0,0.000333333333333333,0.00266666666666667,0.00966666666666667,241600
0,0,0,0,0,0,0.000333333333333333,0.00266666666666667,0.00966666666666667,241700
0,0,0,0,0,0,0.000333333333333333,0.00266666666666667,0.00966666666666667,241800
0,0,0,0,0,0,0.000333333333333333,0.00266666666666667,0.00966666666666667,241900
0,0,0,0,0,0,0.000333333333333333,0.00266666666666667,0.00966666666666667,242000
0,0,0,0,0,0,0.000333333333333333,0.00266666666666667,0.00966666666666667,242100
0,0,0,0,0,0,0.000166666666666667,0.00266666666666667,0.00966666666666667,242200
0,0,0,0,0,0,0.000166666666666667,0.00266666666666667,0.00966666666666667,242300
0,0,0,0,0,0,0.000166666666666667,0.00266666666666667,0.00966666666666667,242400
0,0,0,0,0,0,0.000166666666666667,0.00266666666666667,0.00966666666666667,242500
0,0,0,0,0,0,0.000166666666666667,0.00266666666666667,0.00966666666666667,242600
0,0,0,0,0,0,0.000166666666666667,0.00266666666666667,0.00966666666666667,242700
0,0,0,0,0,0,0.000166666666666667,0.00266666666666667,0.00966666666666667,242800
0,0,0,0,0,0,0.000166666666666667,0.00266666666666667,0.00966666666666667,242900
0,0,0,0,0,0,0.000166666666666667,0.00266666666666667,0.00966666666666667,243000
0,0,0,0,0,0,0.000166666666666667,0.00266666666666667,0.00966666666666667,243100
0,0,0,0,0,0,0.000166666666666667,0.00266666666666667,0.00966666666666667,243200
0,0,0,0,0,0,0.000166666666666667,0.00266666666666667,0.0095,243300
0,0,0,0,0,0,0.000166666666666667,0.00266666666666667,0.0095,243400
0,0,0,0,0,0,0.000166666666666667,0.00266666666666667,0.0095,243500
0,0,0,0,0,0,0.000166666666666667,0.00266666666666667,0.0095,243600
0,0,0,0,0,0,0.000166666666666667,0.00266666666666667,0.0095,243700
0,0,0,0,0,0,0.000166666666666667,0.00266666666666667,0.0095,243800
0,0,0,0,0,0,0.000166666666666667,0.00266666666666667,0.0095,243900
0,0,0,0,0,0,0.000166666666666667,0.00266666666666667,0.0095,244000
0,0,0,0,0,0,0.000166666666666667,0.00266666666666667,0.0095,244100
0,0,0,0,0,0,0.000166666666666667,0.00266666666666667,0.00933333333333333,244200
0,0,0,0,0,0,0.000166666666666667,0.00266666666666667,0.00933333333333333,244300
0,0,0,0,0,0,0.000166666666666667,0.00266666666666667,0.00933333333333333,244400
0,0,0,0,0,0,0.000166666666666667,0.00266666666666667,0.00933333333333333,244500
0,0,0,0,0,0,0.000166666666666667,0.00266666666666667,0.00933333333333333,244600
0,0,0,0,0,0,0.000166666666666667,0.00266666666666667,0.00933333333333333,244700
0,0,0,0,0,0,0.000166666666666667,0.00266666666666667,0.00933333333333333,244800
0,0,0,0,0,0,0.000166666666666667,0.00266666666666667,0.00933333333333333,244900
0,0,0,0,0,0,0.000166666666666667,0.00266666666666667,0.00916666666666667,245000
0,0,0,0,0,0,0.000166666666666667,0.00266666666666667,0.009,245100
0,0,0,0,0,0,0.000166666666666667,0.00266666666666667,0.009,245200
0,0,0,0,0,0,0.000166666666666667,0.00266666666666667,0.009,245300
0,0,0,0,0,0,0.000166666666666667,0.00266666666666667,0.009,245400
0,0,0,0,0,0,0.000166666666666667,0.00266666666666667,0.009,245500
0,0,0,0,0,0,0.000166666666666667,0.00266666666666667,0.009,245600
0,0,0,0,0,0,0.000166666666666667,0.00266666666666667,0.00883333333333333,245700
0,0,0,0,0,0,0.000166666666666667,0.00266666666666667,0.0085,245800
0,0,0,0,0,0,0.000166666666666667,0.0025,0.0085,245900
0,0,0,0,0,0,0.000166666666666667,0.0025,0.0085,246000
0,0,0,0,0,0,0.000166666666666667,0.0025,0.0085,246100
0,0,0,0,0,0,0.000166666666666667,0.00233333333333333,0.0085,246200
0,0,0,0,0,0,0.000166666666666667,0.00233333333333333,0.0085,246300
0,0,0,0,0,0,0.000166666666666667,0.00233333333333333,0.0085,246400
0,0,0,0,0,0,0.000166666666666667,0.00233333333333333,0.0085,246500
0,0,0,0,0,0,0.000166666666666667,0.00233333333333333,0.0085,246600
0,0,0,0,0,0,0.000166666666666667,0.00233333333333333,0.0085,246700
0,0,0,0,0,0,0.000166666666666667,0.00233333333333333,0.0085,246800
0,0,0,0,0,0,0.000166666666666667,0.00216666666666667,0.00833333333333333,246900
0,0,0,0,0,0,0.000166666666666667,0.00216666666666667,0.00833333333333333,247000
0,0,0,0,0,0,0.000166666666666667,0.00216666666666667,0.00833333333333333,247100
0,0,0,0,0,0,0.000166666666666667,0.00216666666666667,0.00833333333333333,247200
0,0,0,0,0,0,0.000166666666666667,0.00216666666666667,0.00833333333333333,247300
0,0,0,0,0,0,0.000166666666666667,0.00216666666666667,0.00833333333333333,247400
0,0,0,0,0,0,0.000166666666666667,0.00216666666666667,0.00833333333333333,247500
0,0,0,0,0,0,0.000166666666666667,0.00216666666666667,0.00833333333333333,247600
0,0,0,0,0,0,0.000166666666666667,0.00216666666666667,0.00833333333333333,247700
0,0,0,0,0,0,0.000166666666666667,0.00216666666666667,0.00833333333333333,247800
0,0,0,0,0,0,0.000166666666666667,0.00216666666666667,0.00816666666666667,247900
0,0,0,0,0,0,0.000166666666666667,0.00216666666666667,0.008,248000
0,0,0,0,0,0,0.000166666666666667,0.00216666666666667,0.00783333333333333,248100
0,0,0,0,0,0,0.000166666666666667,0.00216666666666667,0.00783333333333333,248200
0,0,0,0,0,0,0.000166666666666667,0.00216666666666667,0.00766666666666667,248300
0,0,0,0,0,0,0.000166666666666667,0.00216666666666667,0.00766666666666667,248400
0,0,0,0,0,0,0.000166666666666667,0.00216666666666667,0.00766666666666667,248500
0,0,0,0,0,0,0.000166666666666667,0.00216666666666667,0.00766666666666667,248600
0,0,0,0,0,0,0.000166666666666667,0.00216666666666667,0.00766666666666667,248700
0,0,0,0,0,0,0.000166666666666667,0.00216666666666667,0.00766666666666667,248800
0,0,0,0,0,0,0.000166666666666667,0.00216666666666667,0.0075,248900
0,0,0,0,0,0,0.000166666666666667,0.00216666666666667,0.0075,249000
0,0,0,0,0,0,0.000166666666666667,0.00216666666666667,0.00733333333333333,249100
0,0,0,0,0,0,0.000166666666666667,0.00216666666666667,0.00733333333333333,249200
0,0,0,0,0,0,0.000166666666666667,0.00216666666666667,0.00733333333333333,249300
0,0,0,0,0,0,0.000166666666666667,0.00216666666666667,0.00733333333333333,249400
0,0,0,0,0,0,0.000166666666666667,0.00216666666666667,0.00733333333333333,249500
0,0,0,0,0,0,0.000166666666666667,0.00216666666666667,0.00733333333333333,249600
0,0,0,0,0,0,0.000166666666666667,0.00216666666666667,0.00733333333333333,249700
0,0,0,0,0,0,0.000166666666666667,0.00216666666666667,0.00733333333333333,249800
0,0,0,0,0,0,0.000166666666666667,0.00216666666666667,0.00733333333333333,249900
0,0,0,0,0,0,0.000166666666666667,0.00216666666666667,0.00733333333333333,250000
0,0,0,0,0,0,0.000166666666666667,0.00216666666666667,0.00733333333333333,250100
0,0,0,0,0,0,0.000166666666666667,0.00216666666666667,0.00733333333333333,250200
0,0,0,0,0,0,0.000166666666666667,0.00216666666666667,0.00733333333333333,250300
0,0,0,0,0,0,0.000166666666666667,0.00216666666666667,0.00733333333333333,250400
0,0,0,0,0,0,0.000166666666666667,0.00216666666666667,0.00733333333333333,250500
0,0,0,0,0,0,0.000166666666666667,0.00216666666666667,0.00733333333333333,250600
0,0,0,0,0,0,0.000166666666666667,0.00216666666666667,0.00733333333333333,250700
0,0,0,0,0,0,0.000166666666666667,0.00216666666666667,0.00733333333333333,250800
0,0,0,0,0,0,0.000166666666666667,0.00216666666666667,0.00716666666666667,250900
0,0,0,0,0,0,0.000166666666666667,0.00216666666666667,0.007,251000
0,0,0,0,0,0,0.000166666666666667,0.00216666666666667,0.007,251100
0,0,0,0,0,0,0.000166666666666667,0.00216666666666667,0.007,251200
0,0,0,0,0,0,0.000166666666666667,0.00216666666666667,0.007,251300
0,0,0,0,0,0,0.000166666666666667,0.00216666666666667,0.007,251400
0,0,0,0,0,0,0.000166666666666667,0.00216666666666667,0.007,251500
0,0,0,0,0,0,0.000166666666666667,0.00216666666666667,0.007,251600
0,0,0,0,0,0,0.000166666666666667,0.00216666666666667,0.00683333333333333,251700
0,0,0,0,0,0,0.000166666666666667,0.00216666666666667,0.00683333333333333,251800
0,0,0,0,0,0,0.000166666666666667,0.00216666666666667,0.00666666666666667,251900
0,0,0,0,0,0,0.000166666666666667,0.002,0.0065,252000
0,0,0,0,0,0,0.000166666666666667,0.002,0.0065,252100
0,0,0,0,0,0,0.000166666666666667,0.002,0.0065,252200
0,0,0,0,0,0,0.000166666666666667,0.002,0.0065,252300
0,0,0,0,0,0,0.000166666666666667,0.002,0.0065,252400
0,0,0,0,0,0,0.000166666666666667,0.002,0.0065,252500
0,0,0,0,0,0,0.000166666666666667,0.002,0.0065,252600
0,0,0,0,0,0,0.000166666666666667,0.002,0.0065,252700
0,0,0,0,0,0,0.000166666666666667,0.002,0.0065,252800
0,0,0,0,0,0,0.000166666666666667,0.002,0.0065,252900
0,0,0,0,0,0,0.000166666666666667,0.002,0.0065,253000
0,0,0,0,0,0,0.000166666666666667,0.002,0.0065,253100
0,0,0,0,0,0,0.000166666666666667,0.002,0.0065,253200
0,0,0,0,0,0,0.000166666666666667,0.002,0.0065,253300
0,0,0,0,0,0,0.000166666666666667,0.002,0.0065,253400
0,0,0,0,0,0,0.000166666666666667,0.002,0.0065,253500
0,0,0,0,0,0,0.000166666666666667,0.002,0.0065,253600
0,0,0,0,0,0,0.000166666666666667,0.002,0.0065,253700
0,0,0,0,0,0,0.000166666666666667,0.002,0.0065,253800
0,0,0,0,0,0,0.000166666666666667,0.002,0.0065,253900
0,0,0,0,0,0,0.000166666666666667,0.002,0.0065,254000
0,0,0,0,0,0,0.000166666666666667,0.002,0.0065,254100
0,0,0,0,0,0,0.000166666666666667,0.002,0.00633333333333333,254200
0,0,0,0,0,0,0.000166666666666667,0.002,0.00633333333333333,254300
0,0,0,0,0,0,0.000166666666666667,0.002,0.00633333333333333,254400
0,0,0,0,0,0,0.000166666666666667,0.002,0.00616666666666667,254500
0,0,0,0,0,0,0.000166666666666667,0.002,0.00616666666666667,254600
0,0,0,0,0,0,0.000166666666666667,0.002,0.00616666666666667,254700
0,0,0,0,0,0,0.000166666666666667,0.002,0.00616666666666667,254800
0,0,0,0,0,0,0.000166666666666667,0.002,0.00616666666666667,254900
0,0,0,0,0,0,0.000166666666666667,0.002,0.00616666666666667,255000
0,0,0,0,0,0,0.000166666666666667,0.002,0.00616666666666667,255100
0,0,0,0,0,0,0.000166666666666667,0.002,0.00616666666666667,255200
0,0,0,0,0,0,0.000166666666666667,0.002,0.00616666666666667,255300
0,0,0,0,0,0,0.000166666666666667,0.002,0.00616666666666667,255400
0,0,0,0,0,0,0.000166666666666667,0.002,0.00616666666666667,255500
0,0,0,0,0,0,0.000166666666666667,0.002,0.00616666666666667,255600
0,0,0,0,0,0,0.000166666666666667,0.002,0.00616666666666667,255700
0,0,0,0,0,0,0.000166666666666667,0.002,0.00616666666666667,255800
0,0,0,0,0,0,0.000166666666666667,0.002,0.00616666666666667,255900
0,0,0,0,0,0,0.000166666666666667,0.002,0.006,256000
0,0,0,0,0,0,0.000166666666666667,0.002,0.006,256100
0,0,0,0,0,0,0.000166666666666667,0.002,0.006,256200
0,0,0,0,0,0,0.000166666666666667,0.002,0.00583333333333333,256300
0,0,0,0,0,0,0.000166666666666667,0.002,0.00566666666666667,256400
0,0,0,0,0,0,0.000166666666666667,0.002,0.00566666666666667,256500
0,0,0,0,0,0,0.000166666666666667,0.002,0.00566666666666667,256600
0,0,0,0,0,0,0.000166666666666667,0.002,0.00566666666666667,256700
0,0,0,0,0,0,0.000166666666666667,0.002,0.00566666666666667,256800
0,0,0,0,0,0,0.000166666666666667,0.002,0.00566666666666667,256900
0,0,0,0,0,0,0.000166666666666667,0.002,0.00566666666666667,257000
0,0,0,0,0,0,0.000166666666666667,0.002,0.00566666666666667,257100
0,0,0,0,0,0,0.000166666666666667,0.002,0.00566666666666667,257200
0,0,0,0,0,0,0.000166666666666667,0.002,0.00566666666666667,257300
0,0,0,0,0,0,0.000166666666666667,0.002,0.00566666666666667,257400
0,0,0,0,0,0,0.000166666666666667,0.002,0.00566666666666667,257500
0,0,0,0,0,0,0.000166666666666667,0.002,0.00566666666666667,257600
0,0,0,0,0,0,0.000166666666666667,0.002,0.00566666666666667,257700
0,0,0,0,0,0,0.000166666666666667,0.002,0.00566666666666667,257800
0,0,0,0,0,0,0.000166666666666667,0.002,0.00566666666666667,257900
0,0,0,0,0,0,0.000166666666666667,0.002,0.00566666666666667,258000
0,0,0,0,0,0,0.000166666666666667,0.002,0.00566666666666667,258100
0,0,0,0,0,0,0.000166666666666667,0.002,0.00566666666666667,258200
0,0,0,0,0,0,0.000166666666666667,0.002,0.00566666666666667,258300
0,0,0,0,0,0,0.000166666666666667,0.002,0.00566666666666667,258400
0,0,0,0,0,0,0.000166666666666667,0.002,0.00566666666666667,258500
0,0,0,0,0,0,0.000166666666666667,0.00183333333333333,0.00566666666666667,258600
0,0,0,0,0,0,0.000166666666666667,0.00183333333333333,0.00566666666666667,258700
0,0,0,0,0,0,0.000166666666666667,0.00183333333333333,0.00566666666666667,258800
0,0,0,0,0,0,0.000166666666666667,0.00183333333333333,0.00566666666666667,258900
0,0,0,0,0,0,0.000166666666666667,0.00183333333333333,0.00566666666666667,259000
0,0,0,0,0,0,0.000166666666666667,0.00183333333333333,0.00566666666666667,259100
0,0,0,0,0,0,0.000166666666666667,0.00183333333333333,0.00566666666666667,259200
0,0,0,0,0,0,0.000166666666666667,0.00183333333333333,0.00566666666666667,259300
0,0,0,0,0,0,0.000166666666666667,0.00183333333333333,0.00566666666666667,259400
0,0,0,0,0,0,0.000166666666666667,0.00183333333333333,0.00566666666666667,259500
0,0,0,0,0,0,0.000166666666666667,0.00183333333333333,0.00566666666666667,259600
0,0,0,0,0,0,0.000166666666666667,0.00183333333333333,0.00566666666666667,259700
0,0,0,0,0,0,0.000166666666666667,0.00183333333333333,0.00566666666666667,259800
0,0,0,0,0,0,0.000166666666666667,0.00183333333333333,0.0055,259900
0,0,0,0,0,0,0.000166666666666667,0.00183333333333333,0.0055,260000
0,0,0,0,0,0,0.000166666666666667,0.00183333333333333,0.0055,260100
0,0,0,0,0,0,0.000166666666666667,0.00183333333333333,0.0055,260200
0,0,0,0,0,0,0.000166666666666667,0.00183333333333333,0.0055,260300
0,0,0,0,0,0,0.000166666666666667,0.00183333333333333,0.0055,260400
0,0,0,0,0,0,0.000166666666666667,0.00183333333333333,0.0055,260500
0,0,0,0,0,0,0.000166666666666667,0.00183333333333333,0.0055,260600
0,0,0,0,0,0,0.000166666666666667,0.00183333333333333,0.0055,260700
0,0,0,0,0,0,0.000166666666666667,0.00183333333333333,0.0055,260800
0,0,0,0,0,0,0.000166666666666667,0.00183333333333333,0.00533333333333333,260900
0,0,0,0,0,0,0.000166666666666667,0.00183333333333333,0.00533333333333333,261000
0,0,0,0,0,0,0.000166666666666667,0.00183333333333333,0.00533333333333333,261100
0,0,0,0,0,0,0.000166666666666667,0.00183333333333333,0.00533333333333333,261200
0,0,0,0,0,0,0.000166666666666667,0.00183333333333333,0.00533333333333333,261300
0,0,0,0,0,0,0.000166666666666667,0.00183333333333333,0.00533333333333333,261400
0,0,0,0,0,0,0.000166666666666667,0.00183333333333333,0.00516666666666667,261500
0,0,0,0,0,0,0.000166666666666667,0.00183333333333333,0.00516666666666667,261600
0,0,0,0,0,0,0.000166666666666667,0.00183333333333333,0.005,261700
0,0,0,0,0,0,0.000166666666666667,0.00183333333333333,0.00483333333333333,261800
0,0,0,0,0,0,0.000166666666666667,0.00183333333333333,0.00483333333333333,261900
0,0,0,0,0,0,0.000166666666666667,0.00183333333333333,0.00483333333333333,262000
0,0,0,0,0,0,0.000166666666666667,0.00183333333333333,0.00483333333333333,262100
0,0,0,0,0,0,0.000166666666666667,0.00183333333333333,0.00483333333333333,262200
0,0,0,0,0,0,0.000166666666666667,0.00183333333333333,0.00483333333333333,262300
0,0,0,0,0,0,0.000166666666666667,0.00183333333333333,0.00483333333333333,262400
0,0,0,0,0,0,0.000166666666666667,0.00166666666666667,0.00483333333333333,262500
0,0,0,0,0,0,0.000166666666666667,0.00166666666666667,0.00483333333333333,262600
0,0,0,0,0,0,0.000166666666666667,0.00166666666666667,0.00483333333333333,262700
0,0,0,0,0,0,0.000166666666666667,0.00166666666666667,0.00483333333333333,262800
0,0,0,0,0,0,0.000166666666666667,0.00166666666666667,0.00483333333333333,262900
0,0,0,0,0,0,0.000166666666666667,0.0015,0.00483333333333333,263000
0,0,0,0,0,0,0.000166666666666667,0.0015,0.00483333333333333,263100
0,0,0,0,0,0,0.000166666666666667,0.0015,0.00483333333333333,263200
0,0,0,0,0,0,0.000166666666666667,0.0015,0.00483333333333333,263300
0,0,0,0,0,0,0.000166666666666667,0.0015,0.00483333333333333,263400
0,0,0,0,0,0,0.000166666666666667,0.0015,0.00483333333333333,263500
0,0,0,0,0,0,0.000166666666666667,0.0015,0.00483333333333333,263600
0,0,0,0,0,0,0.000166666666666667,0.0015,0.00483333333333333,263700
0,0,0,0,0,0,0.000166666666666667,0.00133333333333333,0.00483333333333333,263800
0,0,0,0,0,0,0.000166666666666667,0.00133333333333333,0.00483333333333333,263900
0,0,0,0,0,0,0.000166666666666667,0.00133333333333333,0.00483333333333333,264000
0,0,0,0,0,0,0.000166666666666667,0.00133333333333333,0.00483333333333333,264100
0,0,0,0,0,0,0.000166666666666667,0.00116666666666667,0.00483333333333333,264200
0,0,0,0,0,0,0.000166666666666667,0.00116666666666667,0.00483333333333333,264300
0,0,0,0,0,0,0.000166666666666667,0.00116666666666667,0.00483333333333333,264400
0,0,0,0,0,0,0.000166666666666667,0.00116666666666667,0.00483333333333333,264500
0,0,0,0,0,0,0.000166666666666667,0.00116666666666667,0.00483333333333333,264600
0,0,0,0,0,0,0.000166666666666667,0.00116666666666667,0.00483333333333333,264700
0,0,0,0,0,0,0.000166666666666667,0.00116666666666667,0.00483333333333333,264800
0,0,0,0,0,0,0.000166666666666667,0.00116666666666667,0.00483333333333333,264900
0,0,0,0,0,0,0.000166666666666667,0.00116666666666667,0.00483333333333333,265000
0,0,0,0,0,0,0.000166666666666667,0.00116666666666667,0.00483333333333333,265100
0,0,0,0,0,0,0.000166666666666667,0.00116666666666667,0.00483333333333333,265200
0,0,0,0,0,0,0.000166666666666667,0.00116666666666667,0.0045,265300
0,0,0,0,0,0,0.000166666666666667,0.00116666666666667,0.0045,265400
0,0,0,0,0,0,0.000166666666666667,0.00116666666666667,0.0045,265500
0,0,0,0,0,0,0.000166666666666667,0.00116666666666667,0.0045,265600
0,0,0,0,0,0,0.000166666666666667,0.00116666666666667,0.0045,265700
0,0,0,0,0,0,0.000166666666666667,0.00116666666666667,0.0045,265800
0,0,0,0,0,0,0.000166666666666667,0.00116666666666667,0.0045,265900
0,0,0,0,0,0,0.000166666666666667,0.00116666666666667,0.0045,266000
0,0,0,0,0,0,0.000166666666666667,0.00116666666666667,0.00433333333333333,266100
0,0,0,0,0,0,0.000166666666666667,0.00116666666666667,0.00433333333333333,266200
0,0,0,0,0,0,0.000166666666666667,0.00116666666666667,0.00433333333333333,266300
0,0,0,0,0,0,0.000166666666666667,0.00116666666666667,0.00433333333333333,266400
0,0,0,0,0,0,0.000166666666666667,0.00116666666666667,0.00433333333333333,266500
0,0,0,0,0,0,0.000166666666666667,0.00116666666666667,0.00433333333333333,266600
0,0,0,0,0,0,0.000166666666666667,0.00116666666666667,0.00433333333333333,266700
0,0,0,0,0,0,0.000166666666666667,0.00116666666666667,0.00433333333333333,266800
0,0,0,0,0,0,0.000166666666666667,0.00116666666666667,0.00433333333333333,266900
0,0,0,0,0,0,0.000166666666666667,0.00116666666666667,0.00416666666666667,267000
0,0,0,0,0,0,0.000166666666666667,0.00116666666666667,0.00416666666666667,267100
0,0,0,0,0,0,0.000166666666666667,0.00116666666666667,0.00416666666666667,267200
0,0,0,0,0,0,0.000166666666666667,0.00116666666666667,0.00416666666666667,267300
0,0,0,0,0,0,0.000166666666666667,0.00116666666666667,0.00416666666666667,267400
0,0,0,0,0,0,0.000166666666666667,0.00116666666666667,0.00416666666666667,267500
0,0,0,0,0,0,0.000166666666666667,0.00116666666666667,0.00416666666666667,267600
0,0,0,0,0,0,0.000166666666666667,0.00116666666666667,0.00416666666666667,267700
0,0,0,0,0,0,0.000166666666666667,0.00116666666666667,0.00416666666666667,267800
0,0,0,0,0,0,0.000166666666666667,0.00116666666666667,0.00416666666666667,267900
0,0,0,0,0,0,0.000166666666666667,0.00116666666666667,0.00416666666666667,268000
0,0,0,0,0,0,0.000166666666666667,0.00116666666666667,0.00416666666666667,268100
0,0,0,0,0,0,0.000166666666666667,0.00116666666666667,0.00416666666666667,268200
0,0,0,0,0,0,0.000166666666666667,0.00116666666666667,0.00416666666666667,268300
0,0,0,0,0,0,0.000166666666666667,0.00116666666666667,0.00416666666666667,268400
0,0,0,0,0,0,0.000166666666666667,0.00116666666666667,0.00416666666666667,268500
0,0,0,0,0,0,0.000166666666666667,0.00116666666666667,0.00416666666666667,268600
0,0,0,0,0,0,0.000166666666666667,0.00116666666666667,0.00416666666666667,268700
0,0,0,0,0,0,0.000166666666666667,0.00116666666666667,0.004,268800
0,0,0,0,0,0,0.000166666666666667,0.00116666666666667,0.004,268900
0,0,0,0,0,0,0.000166666666666667,0.00116666666666667,0.004,269000
0,0,0,0,0,0,0.000166666666666667,0.00116666666666667,0.00383333333333333,269100
0,0,0,0,0,0,0.000166666666666667,0.00116666666666667,0.00383333333333333,269200
0,0,0,0,0,0,0.000166666666666667,0.00116666666666667,0.00383333333333333,269300
0,0,0,0,0,0,0.000166666666666667,0.00116666666666667,0.00383333333333333,269400
0,0,0,0,0,0,0.000166666666666667,0.00116666666666667,0.00383333333333333,269500
0,0,0,0,0,0,0.000166666666666667,0.00116666666666667,0.00383333333333333,269600
0,0,0,0,0,0,0.000166666666666667,0.00116666666666667,0.00383333333333333,269700
0,0,0,0,0,0,0.000166666666666667,0.00116666666666667,0.00383333333333333,269800
0,0,0,0,0,0,0.000166666666666667,0.00116666666666667,0.00366666666666667,269900
0,0,0,0,0,0,0.000166666666666667,0.00116666666666667,0.00366666666666667,270000
0,0,0,0,0,0,0.000166666666666667,0.00116666666666667,0.00366666666666667,270100
0,0,0,0,0,0,0.000166666666666667,0.00116666666666667,0.00366666666666667,270200
0,0,0,0,0,0,0.000166666666666667,0.00116666666666667,0.0035,270300
0,0,0,0,0,0,0.000166666666666667,0.00116666666666667,0.0035,270400
0,0,0,0,0,0,0.000166666666666667,0.00116666666666667,0.0035,270500
0,0,0,0,0,0,0.000166666666666667,0.00116666666666667,0.0035,270600
0,0,0,0,0,0,0.000166666666666667,0.00116666666666667,0.0035,270700
0,0,0,0,0,0,0.000166666666666667,0.00116666666666667,0.0035,270800
0,0,0,0,0,0,0.000166666666666667,0.00116666666666667,0.0035,270900
0,0,0,0,0,0,0.000166666666666667,0.001,0.0035,271000
0,0,0,0,0,0,0.000166666666666667,0.001,0.0035,271100
0,0,0,0,0,0,0.000166666666666667,0.001,0.0035,271200
0,0,0,0,0,0,0.000166666666666667,0.001,0.0035,271300
0,0,0,0,0,0,0.000166666666666667,0.001,0.00333333333333333,271400
0,0,0,0,0,0,0.000166666666666667,0.001,0.00316666666666667,271500
0,0,0,0,0,0,0.000166666666666667,0.001,0.00316666666666667,271600
0,0,0,0,0,0,0.000166666666666667,0.001,0.003,271700
0,0,0,0,0,0,0.000166666666666667,0.001,0.003,271800
0,0,0,0,0,0,0.000166666666666667,0.001,0.003,271900
0,0,0,0,0,0,0.000166666666666667,0.001,0.003,272000
0,0,0,0,0,0,0.000166666666666667,0.001,0.003,272100
0,0,0,0,0,0,0.000166666666666667,0.001,0.00283333333333333,272200
0,0,0,0,0,0,0.000166666666666667,0.001,0.00283333333333333,272300
0,0,0,0,0,0,0.000166666666666667,0.001,0.00283333333333333,272400
0,0,0,0,0,0,0.000166666666666667,0.001,0.00283333333333333,272500
0,0,0,0,0,0,0.000166666666666667,0.001,0.00283333333333333,272600
0,0,0,0,0,0,0.000166666666666667,0.001,0.00283333333333333,272700
0,0,0,0,0,0,0.000166666666666667,0.001,0.00283333333333333,272800
0,0,0,0,0,0,0.000166666666666667,0.001,0.00283333333333333,272900
0,0,0,0,0,0,0.000166666666666667,0.001,0.00283333333333333,273000
0,0,0,0,0,0,0.000166666666666667,0.001,0.00283333333333333,273100
0,0,0,0,0,0,0.000166666666666667,0.001,0.00283333333333333,273200
0,0,0,0,0,0,0.000166666666666667,0.001,0.00283333333333333,273300
0,0,0,0,0,0,0.000166666666666667,0.001,0.00283333333333333,273400
0,0,0,0,0,0,0.000166666666666667,0.001,0.00283333333333333,273500
0,0,0,0,0,0,0.000166666666666667,0.001,0.00283333333333333,273600
0,0,0,0,0,0,0.000166666666666667,0.001,0.00283333333333333,273700
0,0,0,0,0,0,0.000166666666666667,0.001,0.00283333333333333,273800
0,0,0,0,0,0,0.000166666666666667,0.001,0.00283333333333333,273900
0,0,0,0,0,0,0.000166666666666667,0.001,0.00283333333333333,274000
0,0,0,0,0,0,0.000166666666666667,0.001,0.00283333333333333,274100
0,0,0,0,0,0,0.000166666666666667,0.001,0.00283333333333333,274200
0,0,0,0,0,0,0.000166666666666667,0.001,0.00283333333333333,274300
0,0,0,0,0,0,0.000166666666666667,0.001,0.00283333333333333,274400
0,0,0,0,0,0,0.000166666666666667,0.001,0.00283333333333333,274500
0,0,0,0,0,0,0.000166666666666667,0.001,0.00283333333333333,274600
0,0,0,0,0,0,0.000166666666666667,0.001,0.00283333333333333,274700
0,0,0,0,0,0,0.000166666666666667,0.001,0.00283333333333333,274800
0,0,0,0,0,0,0.000166666666666667,0.001,0.00283333333333333,274900
0,0,0,0,0,0,0.000166666666666667,0.001,0.00283333333333333,275000
0,0,0,0,0,0,0.000166666666666667,0.001,0.00283333333333333,275100
0,0,0,0,0,0,0.000166666666666667,0.001,0.00283333333333333,275200
0,0,0,0,0,0,0.000166666666666667,0.001,0.00283333333333333,275300
0,0,0,0,0,0,0.000166666666666667,0.001,0.00283333333333333,275400
0,0,0,0,0,0,0.000166666666666667,0.001,0.00283333333333333,275500
0,0,0,0,0,0,0.000166666666666667,0.001,0.00283333333333333,275600
0,0,0,0,0,0,0.000166666666666667,0.001,0.00283333333333333,275700
0,0,0,0,0,0,0.000166666666666667,0.001,0.00283333333333333,275800
0,0,0,0,0,0,0.000166666666666667,0.001,0.00283333333333333,275900
0,0,0,0,0,0,0.000166666666666667,0.001,0.00283333333333333,276000
0,0,0,0,0,0,0.000166666666666667,0.001,0.00283333333333333,276100
0,0,0,0,0,0,0.000166666666666667,0.001,0.00283333333333333,276200
0,0,0,0,0,0,0.000166666666666667,0.001,0.00283333333333333,276300
0,0,0,0,0,0,0.000166666666666667,0.001,0.00283333333333333,276400
0,0,0,0,0,0,0.000166666666666667,0.001,0.00283333333333333,276500
0,0,0,0,0,0,0.000166666666666667,0.001,0.00266666666666667,276600
0,0,0,0,0,0,0.000166666666666667,0.001,0.00266666666666667,276700
0,0,0,0,0,0,0.000166666666666667,0.001,0.00266666666666667,276800
0,0,0,0,0,0,0.000166666666666667,0.001,0.00266666666666667,276900
0,0,0,0,0,0,0.000166666666666667,0.001,0.00266666666666667,277000
0,0,0,0,0,0,0.000166666666666667,0.001,0.00266666666666667,277100
0,0,0,0,0,0,0.000166666666666667,0.001,0.00266666666666667,277200
0,0,0,0,0,0,0.000166666666666667,0.001,0.00266666666666667,277300
0,0,0,0,0,0,0.000166666666666667,0.001,0.00266666666666667,277400
0,0,0,0,0,0,0.000166666666666667,0.001,0.00266666666666667,277500
0,0,0,0,0,0,0.000166666666666667,0.001,0.00266666666666667,277600
0,0,0,0,0,0,0.000166666666666667,0.001,0.00266666666666667,277700
0,0,0,0,0,0,0.000166666666666667,0.001,0.00266666666666667,277800
0,0,0,0,0,0,0.000166666666666667,0.001,0.00266666666666667,277900
0,0,0,0,0,0,0.000166666666666667,0.001,0.00266666666666667,278000
0,0,0,0,0,0,0.000166666666666667,0.000833333333333333,0.00266666666666667,278100
0,0,0,0,0,0,0.000166666666666667,0.000833333333333333,0.00266666666666667,278200
0,0,0,0,0,0,0.000166666666666667,0.000833333333333333,0.00266666666666667,278300
0,0,0,0,0,0,0.000166666666666667,0.000666666666666667,0.00266666666666667,278400
0,0,0,0,0,0,0.000166666666666667,0.000666666666666667,0.00266666666666667,278500
0,0,0,0,0,0,0.000166666666666667,5e-04,0.00266666666666667,278600
0,0,0,0,0,0,0.000166666666666667,5e-04,0.00266666666666667,278700
0,0,0,0,0,0,0.000166666666666667,5e-04,0.00266666666666667,278800
0,0,0,0,0,0,0.000166666666666667,5e-04,0.00266666666666667,278900
0,0,0,0,0,0,0.000166666666666667,5e-04,0.00266666666666667,279000
0,0,0,0,0,0,0.000166666666666667,5e-04,0.00266666666666667,279100
0,0,0,0,0,0,0.000166666666666667,0.000333333333333333,0.00266666666666667,279200
0,0,0,0,0,0,0.000166666666666667,0.000333333333333333,0.00266666666666667,279300
0,0,0,0,0,0,0.000166666666666667,0.000333333333333333,0.00266666666666667,279400
0,0,0,0,0,0,0.000166666666666667,0.000333333333333333,0.00266666666666667,279500
0,0,0,0,0,0,0.000166666666666667,0.000333333333333333,0.00266666666666667,279600
0,0,0,0,0,0,0.000166666666666667,0.000333333333333333,0.00266666666666667,279700
0,0,0,0,0,0,0.000166666666666667,0.000333333333333333,0.00266666666666667,279800
0,0,0,0,0,0,0.000166666666666667,0.000333333333333333,0.00266666666666667,279900
0,0,0,0,0,0,0.000166666666666667,0.000333333333333333,0.00266666666666667,280000
0,0,0,0,0,0,0.000166666666666667,0.000333333333333333,0.00266666666666667,280100
0,0,0,0,0,0,0.000166666666666667,0.000333333333333333,0.00266666666666667,280200
0,0,0,0,0,0,0.000166666666666667,0.000333333333333333,0.00266666666666667,280300
0,0,0,0,0,0,0.000166666666666667,0.000333333333333333,0.00266666666666667,280400
0,0,0,0,0,0,0.000166666666666667,0.000333333333333333,0.00266666666666667,280500
0,0,0,0,0,0,0.000166666666666667,0.000333333333333333,0.00266666666666667,280600
0,0,0,0,0,0,0.000166666666666667,0.000333333333333333,0.00266666666666667,280700
0,0,0,0,0,0,0.000166666666666667,0.000333333333333333,0.00266666666666667,280800
0,0,0,0,0,0,0.000166666666666667,0.000333333333333333,0.00266666666666667,280900
0,0,0,0,0,0,0.000166666666666667,0.000333333333333333,0.00266666666666667,281000
0,0,0,0,0,0,0.000166666666666667,0.000333333333333333,0.00266666666666667,281100
0,0,0,0,0,0,0.000166666666666667,0.000333333333333333,0.00266666666666667,281200
0,0,0,0,0,0,0.000166666666666667,0.000333333333333333,0.00266666666666667,281300
0,0,0,0,0,0,0.000166666666666667,0.000333333333333333,0.00266666666666667,281400
0,0,0,0,0,0,0.000166666666666667,0.000333333333333333,0.00266666666666667,281500
0,0,0,0,0,0,0.000166666666666667,0.000333333333333333,0.00266666666666667,281600
0,0,0,0,0,0,0.000166666666666667,0.000333333333333333,0.00266666666666667,281700
0,0,0,0,0,0,0.000166666666666667,0.000333333333333333,0.00266666666666667,281800
0,0,0,0,0,0,0.000166666666666667,0.000333333333333333,0.00266666666666667,281900
0,0,0,0,0,0,0.000166666666666667,0.000333333333333333,0.00266666666666667,282000
0,0,0,0,0,0,0.000166666666666667,0.000333333333333333,0.00266666666666667,282100
0,0,0,0,0,0,0.000166666666666667,0.000333333333333333,0.00266666666666667,282200
0,0,0,0,0,0,0.000166666666666667,0.000333333333333333,0.00266666666666667,282300
0,0,0,0,0,0,0.000166666666666667,0.000333333333333333,0.00266666666666667,282400
0,0,0,0,0,0,0.000166666666666667,0.000333333333333333,0.00266666666666667,282500
0,0,0,0,0,0,0.000166666666666667,0.000333333333333333,0.00266666666666667,282600
0,0,0,0,0,0,0.000166666666666667,0.000333333333333333,0.0025,282700
0,0,0,0,0,0,0.000166666666666667,0.000333333333333333,0.0025,282800
0,0,0,0,0,0,0.000166666666666667,0.000333333333333333,0.0025,282900
0,0,0,0,0,0,0.000166666666666667,0.000333333333333333,0.0025,283000
0,0,0,0,0,0,0.000166666666666667,0.000333333333333333,0.00233333333333333,283100
0,0,0,0,0,0,0.000166666666666667,0.000333333333333333,0.00233333333333333,283200
0,0,0,0,0,0,0.000166666666666667,0.000333333333333333,0.00233333333333333,283300
0,0,0,0,0,0,0.000166666666666667,0.000333333333333333,0.00233333333333333,283400
0,0,0,0,0,0,0.000166666666666667,0.000333333333333333,0.00233333333333333,283500
0,0,0,0,0,0,0.000166666666666667,0.000333333333333333,0.00233333333333333,283600
0,0,0,0,0,0,0.000166666666666667,0.000333333333333333,0.00233333333333333,283700
0,0,0,0,0,0,0.000166666666666667,0.000333333333333333,0.00216666666666667,283800
0,0,0,0,0,0,0.000166666666666667,0.000333333333333333,0.00216666666666667,283900
0,0,0,0,0,0,0.000166666666666667,0.000333333333333333,0.00216666666666667,284000
0,0,0,0,0,0,0.000166666666666667,0.000333333333333333,0.00216666666666667,284100
0,0,0,0,0,0,0.000166666666666667,0.000333333333333333,0.00216666666666667,284200
0,0,0,0,0,0,0.000166666666666667,0.000333333333333333,0.00216666666666667,284300
0,0,0,0,0,0,0.000166666666666667,0.000333333333333333,0.00216666666666667,284400
0,0,0,0,0,0,0.000166666666666667,0.000333333333333333,0.00216666666666667,284500
0,0,0,0,0,0,0.000166666666666667,0.000333333333333333,0.00216666666666667,284600
0,0,0,0,0,0,0.000166666666666667,0.000333333333333333,0.00216666666666667,284700
0,0,0,0,0,0,0.000166666666666667,0.000333333333333333,0.00216666666666667,284800
0,0,0,0,0,0,0.000166666666666667,0.000333333333333333,0.00216666666666667,284900
0,0,0,0,0,0,0.000166666666666667,0.000333333333333333,0.00216666666666667,285000
0,0,0,0,0,0,0.000166666666666667,0.000333333333333333,0.00216666666666667,285100
0,0,0,0,0,0,0.000166666666666667,0.000333333333333333,0.00216666666666667,285200
0,0,0,0,0,0,0.000166666666666667,0.000333333333333333,0.00216666666666667,285300
0,0,0,0,0,0,0.000166666666666667,0.000333333333333333,0.00216666666666667,285400
0,0,0,0,0,0,0.000166666666666667,0.000333333333333333,0.00216666666666667,285500
0,0,0,0,0,0,0.000166666666666667,0.000333333333333333,0.00216666666666667,285600
0,0,0,0,0,0,0.000166666666666667,0.000333333333333333,0.00216666666666667,285700
0,0,0,0,0,0,0.000166666666666667,0.000333333333333333,0.00216666666666667,285800
0,0,0,0,0,0,0.000166666666666667,0.000333333333333333,0.00216666666666667,285900
0,0,0,0,0,0,0.000166666666666667,0.000333333333333333,0.00216666666666667,286000
0,0,0,0,0,0,0.000166666666666667,0.000333333333333333,0.00216666666666667,286100
0,0,0,0,0,0,0.000166666666666667,0.000333333333333333,0.00216666666666667,286200
0,0,0,0,0,0,0.000166666666666667,0.000333333333333333,0.00216666666666667,286300
0,0,0,0,0,0,0.000166666666666667,0.000333333333333333,0.00216666666666667,286400
0,0,0,0,0,0,0.000166666666666667,0.000333333333333333,0.00216666666666667,286500
0,0,0,0,0,0,0.000166666666666667,0.000333333333333333,0.00216666666666667,286600
0,0,0,0,0,0,0.000166666666666667,0.000333333333333333,0.00216666666666667,286700
0,0,0,0,0,0,0.000166666666666667,0.000333333333333333,0.00216666666666667,286800
0,0,0,0,0,0,0.000166666666666667,0.000333333333333333,0.00216666666666667,286900
0,0,0,0,0,0,0.000166666666666667,0.000333333333333333,0.00216666666666667,287000
0,0,0,0,0,0,0.000166666666666667,0.000333333333333333,0.00216666666666667,287100
0,0,0,0,0,0,0.000166666666666667,0.000333333333333333,0.00216666666666667,287200
0,0,0,0,0,0,0.000166666666666667,0.000333333333333333,0.00216666666666667,287300
0,0,0,0,0,0,0.000166666666666667,0.000333333333333333,0.00216666666666667,287400
0,0,0,0,0,0,0.000166666666666667,0.000333333333333333,0.00216666666666667,287500
0,0,0,0,0,0,0.000166666666666667,0.000333333333333333,0.00216666666666667,287600
0,0,0,0,0,0,0.000166666666666667,0.000333333333333333,0.00216666666666667,287700
0,0,0,0,0,0,0.000166666666666667,0.000333333333333333,0.00216666666666667,287800
0,0,0,0,0,0,0.000166666666666667,0.000333333333333333,0.00216666666666667,287900
0,0,0,0,0,0,0.000166666666666667,0.000333333333333333,0.00216666666666667,288000
0,0,0,0,0,0,0.000166666666666667,0.000333333333333333,0.00216666666666667,288100
0,0,0,0,0,0,0.000166666666666667,0.000333333333333333,0.00216666666666667,288200
0,0,0,0,0,0,0.000166666666666667,0.000333333333333333,0.00216666666666667,288300
0,0,0,0,0,0,0.000166666666666667,0.000333333333333333,0.00216666666666667,288400
0,0,0,0,0,0,0.000166666666666667,0.000166666666666667,0.00216666666666667,288500
0,0,0,0,0,0,0.000166666666666667,0.000166666666666667,0.00216666666666667,288600
0,0,0,0,0,0,0.000166666666666667,0.000166666666666667,0.00216666666666667,288700
0,0,0,0,0,0,0.000166666666666667,0.000166666666666667,0.00216666666666667,288800
0,0,0,0,0,0,0.000166666666666667,0.000166666666666667,0.00216666666666667,288900
0,0,0,0,0,0,0.000166666666666667,0.000166666666666667,0.00216666666666667,289000
0,0,0,0,0,0,0.000166666666666667,0.000166666666666667,0.00216666666666667,289100
0,0,0,0,0,0,0.000166666666666667,0.000166666666666667,0.00216666666666667,289200
0,0,0,0,0,0,0.000166666666666667,0.000166666666666667,0.00216666666666667,289300
0,0,0,0,0,0,0.000166666666666667,0.000166666666666667,0.00216666666666667,289400
0,0,0,0,0,0,0.000166666666666667,0.000166666666666667,0.00216666666666667,289500
0,0,0,0,0,0,0.000166666666666667,0.000166666666666667,0.00216666666666667,289600
0,0,0,0,0,0,0.000166666666666667,0.000166666666666667,0.002,289700
0,0,0,0,0,0,0.000166666666666667,0.000166666666666667,0.002,289800
0,0,0,0,0,0,0.000166666666666667,0.000166666666666667,0.002,289900
0,0,0,0,0,0,0.000166666666666667,0.000166666666666667,0.002,290000
0,0,0,0,0,0,0.000166666666666667,0.000166666666666667,0.002,290100
0,0,0,0,0,0,0.000166666666666667,0.000166666666666667,0.002,290200
0,0,0,0,0,0,0.000166666666666667,0.000166666666666667,0.002,290300
0,0,0,0,0,0,0.000166666666666667,0.000166666666666667,0.002,290400
0,0,0,0,0,0,0.000166666666666667,0.000166666666666667,0.002,290500
0,0,0,0,0,0,0.000166666666666667,0.000166666666666667,0.002,290600
0,0,0,0,0,0,0.000166666666666667,0.000166666666666667,0.002,290700
0,0,0,0,0,0,0.000166666666666667,0.000166666666666667,0.002,290800
0,0,0,0,0,0,0.000166666666666667,0.000166666666666667,0.002,290900
0,0,0,0,0,0,0.000166666666666667,0.000166666666666667,0.002,291000
0,0,0,0,0,0,0.000166666666666667,0.000166666666666667,0.002,291100
0,0,0,0,0,0,0.000166666666666667,0.000166666666666667,0.002,291200
0,0,0,0,0,0,0.000166666666666667,0.000166666666666667,0.002,291300
0,0,0,0,0,0,0.000166666666666667,0.000166666666666667,0.002,291400
0,0,0,0,0,0,0.000166666666666667,0.000166666666666667,0.002,291500
0,0,0,0,0,0,0.000166666666666667,0.000166666666666667,0.002,291600
0,0,0,0,0,0,0.000166666666666667,0.000166666666666667,0.002,291700
0,0,0,0,0,0,0.000166666666666667,0.000166666666666667,0.002,291800
0,0,0,0,0,0,0.000166666666666667,0.000166666666666667,0.002,291900
0,0,0,0,0,0,0.000166666666666667,0.000166666666666667,0.002,292000
0,0,0,0,0,0,0.000166666666666667,0.000166666666666667,0.002,292100
0,0,0,0,0,0,0.000166666666666667,0.000166666666666667,0.002,292200
0,0,0,0,0,0,0.000166666666666667,0.000166666666666667,0.002,292300
0,0,0,0,0,0,0.000166666666666667,0.000166666666666667,0.002,292400
0,0,0,0,0,0,0.000166666666666667,0.000166666666666667,0.002,292500
0,0,0,0,0,0,0.000166666666666667,0.000166666666666667,0.002,292600
0,0,0,0,0,0,0.000166666666666667,0.000166666666666667,0.002,292700
0,0,0,0,0,0,0.000166666666666667,0.000166666666666667,0.002,292800
0,0,0,0,0,0,0.000166666666666667,0.000166666666666667,0.002,292900
0,0,0,0,0,0,0.000166666666666667,0.000166666666666667,0.002,293000
0,0,0,0,0,0,0.000166666666666667,0.000166666666666667,0.002,293100
0,0,0,0,0,0,0.000166666666666667,0.000166666666666667,0.002,293200
0,0,0,0,0,0,0.000166666666666667,0.000166666666666667,0.002,293300
0,0,0,0,0,0,0.000166666666666667,0.000166666666666667,0.002,293400
0,0,0,0,0,0,0.000166666666666667,0.000166666666666667,0.002,293500
0,0,0,0,0,0,0.000166666666666667,0.000166666666666667,0.002,293600
0,0,0,0,0,0,0.000166666666666667,0.000166666666666667,0.002,293700
0,0,0,0,0,0,0.000166666666666667,0.000166666666666667,0.002,293800
0,0,0,0,0,0,0.000166666666666667,0.000166666666666667,0.002,293900
0,0,0,0,0,0,0.000166666666666667,0.000166666666666667,0.002,294000
0,0,0,0,0,0,0.000166666666666667,0.000166666666666667,0.002,294100
0,0,0,0,0,0,0.000166666666666667,0.000166666666666667,0.002,294200
0,0,0,0,0,0,0.000166666666666667,0.000166666666666667,0.002,294300
0,0,0,0,0,0,0.000166666666666667,0.000166666666666667,0.002,294400
0,0,0,0,0,0,0.000166666666666667,0.000166666666666667,0.002,294500
0,0,0,0,0,0,0.000166666666666667,0.000166666666666667,0.002,294600
0,0,0,0,0,0,0.000166666666666667,0.000166666666666667,0.002,294700
0,0,0,0,0,0,0.000166666666666667,0.000166666666666667,0.002,294800
0,0,0,0,0,0,0.000166666666666667,0.000166666666666667,0.002,294900
0,0,0,0,0,0,0.000166666666666667,0.000166666666666667,0.002,295000
0,0,0,0,0,0,0.000166666666666667,0.000166666666666667,0.002,295100
0,0,0,0,0,0,0.000166666666666667,0.000166666666666667,0.002,295200
0,0,0,0,0,0,0.000166666666666667,0.000166666666666667,0.002,295300
0,0,0,0,0,0,0.000166666666666667,0.000166666666666667,0.002,295400
0,0,0,0,0,0,0.000166666666666667,0.000166666666666667,0.002,295500
0,0,0,0,0,0,0.000166666666666667,0.000166666666666667,0.002,295600
0,0,0,0,0,0,0.000166666666666667,0.000166666666666667,0.002,295700
0,0,0,0,0,0,0.000166666666666667,0.000166666666666667,0.002,295800
0,0,0,0,0,0,0.000166666666666667,0.000166666666666667,0.002,295900
0,0,0,0,0,0,0.000166666666666667,0.000166666666666667,0.002,296000
0,0,0,0,0,0,0.000166666666666667,0.000166666666666667,0.002,296100
0,0,0,0,0,0,0.000166666666666667,0.000166666666666667,0.002,296200
0,0,0,0,0,0,0.000166666666666667,0.000166666666666667,0.002,296300
0,0,0,0,0,0,0.000166666666666667,0.000166666666666667,0.002,296400
0,0,0,0,0,0,0.000166666666666667,0.000166666666666667,0.002,296500
0,0,0,0,0,0,0.000166666666666667,0.000166666666666667,0.002,296600
0,0,0,0,0,0,0.000166666666666667,0.000166666666666667,0.002,296700
0,0,0,0,0,0,0.000166666666666667,0.000166666666666667,0.002,296800
0,0,0,0,0,0,0.000166666666666667,0.000166666666666667,0.002,296900
0,0,0,0,0,0,0.000166666666666667,0.000166666666666667,0.002,297000
0,0,0,0,0,0,0.000166666666666667,0.000166666666666667,0.002,297100
0,0,0,0,0,0,0.000166666666666667,0.000166666666666667,0.002,297200
0,0,0,0,0,0,0.000166666666666667,0.000166666666666667,0.00183333333333333,297300
0,0,0,0,0,0,0.000166666666666667,0.000166666666666667,0.00183333333333333,297400
0,0,0,0,0,0,0.000166666666666667,0.000166666666666667,0.00183333333333333,297500
0,0,0,0,0,0,0.000166666666666667,0.000166666666666667,0.00183333333333333,297600
0,0,0,0,0,0,0.000166666666666667,0.000166666666666667,0.00183333333333333,297700
0,0,0,0,0,0,0.000166666666666667,0.000166666666666667,0.00183333333333333,297800
0,0,0,0,0,0,0.000166666666666667,0.000166666666666667,0.00183333333333333,297900
0,0,0,0,0,0,0.000166666666666667,0.000166666666666667,0.00183333333333333,298000
0,0,0,0,0,0,0.000166666666666667,0.000166666666666667,0.00183333333333333,298100
0,0,0,0,0,0,0.000166666666666667,0.000166666666666667,0.00183333333333333,298200
0,0,0,0,0,0,0.000166666666666667,0.000166666666666667,0.00183333333333333,298300
0,0,0,0,0,0,0.000166666666666667,0.000166666666666667,0.00183333333333333,298400
0,0,0,0,0,0,0.000166666666666667,0.000166666666666667,0.00183333333333333,298500
0,0,0,0,0,0,0.000166666666666667,0.000166666666666667,0.00183333333333333,298600
0,0,0,0,0,0,0.000166666666666667,0.000166666666666667,0.00183333333333333,298700
0,0,0,0,0,0,0.000166666666666667,0.000166666666666667,0.00183333333333333,298800
0,0,0,0,0,0,0.000166666666666667,0.000166666666666667,0.00183333333333333,298900
0,0,0,0,0,0,0.000166666666666667,0.000166666666666667,0.00183333333333333,299000
0,0,0,0,0,0,0.000166666666666667,0.000166666666666667,0.00183333333333333,299100
0,0,0,0,0,0,0.000166666666666667,0.000166666666666667,0.00183333333333333,299200
0,0,0,0,0,0,0.000166666666666667,0.000166666666666667,0.00183333333333333,299300
0,0,0,0,0,0,0.000166666666666667,0.000166666666666667,0.00183333333333333,299400
0,0,0,0,0,0,0.000166666666666667,0.000166666666666667,0.00183333333333333,299500
0,0,0,0,0,0,0.000166666666666667,0.000166666666666667,0.00183333333333333,299600
0,0,0,0,0,0,0,0.000166666666666667,0.00183333333333333,299700
0,0,0,0,0,0,0,0.000166666666666667,0.00183333333333333,299800
0,0,0,0,0,0,0,0.000166666666666667,0.00183333333333333,299900
0,0,0,0,0,0,0,0.000166666666666667,0.00183333333333333,3e+05
0,0,0,0,0,0,0,0.000166666666666667,0.00183333333333333,300100
0,0,0,0,0,0,0,0.000166666666666667,0.00183333333333333,300200
0,0,0,0,0,0,0,0.000166666666666667,0.00183333333333333,300300
0,0,0,0,0,0,0,0.000166666666666667,0.00183333333333333,300400
0,0,0,0,0,0,0,0.000166666666666667,0.00183333333333333,300500
0,0,0,0,0,0,0,0.000166666666666667,0.00183333333333333,300600
0,0,0,0,0,0,0,0.000166666666666667,0.00183333333333333,300700
0,0,0,0,0,0,0,0.000166666666666667,0.00183333333333333,300800
0,0,0,0,0,0,0,0.000166666666666667,0.00183333333333333,300900
0,0,0,0,0,0,0,0.000166666666666667,0.00183333333333333,301000
0,0,0,0,0,0,0,0.000166666666666667,0.00183333333333333,301100
0,0,0,0,0,0,0,0.000166666666666667,0.00183333333333333,301200
0,0,0,0,0,0,0,0.000166666666666667,0.00183333333333333,301300
0,0,0,0,0,0,0,0.000166666666666667,0.00183333333333333,301400
0,0,0,0,0,0,0,0.000166666666666667,0.00183333333333333,301500
0,0,0,0,0,0,0,0.000166666666666667,0.00183333333333333,301600
0,0,0,0,0,0,0,0.000166666666666667,0.00183333333333333,301700
0,0,0,0,0,0,0,0.000166666666666667,0.00166666666666667,301800
0,0,0,0,0,0,0,0.000166666666666667,0.00166666666666667,301900
0,0,0,0,0,0,0,0.000166666666666667,0.00166666666666667,302000
0,0,0,0,0,0,0,0.000166666666666667,0.00166666666666667,302100
0,0,0,0,0,0,0,0.000166666666666667,0.00166666666666667,302200
0,0,0,0,0,0,0,0.000166666666666667,0.0015,302300
0,0,0,0,0,0,0,0.000166666666666667,0.0015,302400
0,0,0,0,0,0,0,0.000166666666666667,0.0015,302500
0,0,0,0,0,0,0,0.000166666666666667,0.0015,302600
0,0,0,0,0,0,0,0.000166666666666667,0.0015,302700
0,0,0,0,0,0,0,0.000166666666666667,0.0015,302800
0,0,0,0,0,0,0,0.000166666666666667,0.0015,302900
0,0,0,0,0,0,0,0.000166666666666667,0.0015,303000
0,0,0,0,0,0,0,0.000166666666666667,0.0015,303100
0,0,0,0,0,0,0,0.000166666666666667,0.0015,303200
0,0,0,0,0,0,0,0.000166666666666667,0.00133333333333333,303300
0,0,0,0,0,0,0,0.000166666666666667,0.00133333333333333,303400
0,0,0,0,0,0,0,0.000166666666666667,0.00133333333333333,303500
0,0,0,0,0,0,0,0.000166666666666667,0.00133333333333333,303600
0,0,0,0,0,0,0,0.000166666666666667,0.00116666666666667,303700
0,0,0,0,0,0,0,0.000166666666666667,0.00116666666666667,303800
0,0,0,0,0,0,0,0.000166666666666667,0.00116666666666667,303900
0,0,0,0,0,0,0,0.000166666666666667,0.00116666666666667,304000
0,0,0,0,0,0,0,0.000166666666666667,0.00116666666666667,304100
0,0,0,0,0,0,0,0.000166666666666667,0.00116666666666667,304200
0,0,0,0,0,0,0,0.000166666666666667,0.00116666666666667,304300
0,0,0,0,0,0,0,0.000166666666666667,0.00116666666666667,304400
0,0,0,0,0,0,0,0.000166666666666667,0.00116666666666667,304500
0,0,0,0,0,0,0,0.000166666666666667,0.00116666666666667,304600
0,0,0,0,0,0,0,0.000166666666666667,0.00116666666666667,304700
0,0,0,0,0,0,0,0.000166666666666667,0.00116666666666667,304800
0,0,0,0,0,0,0,0.000166666666666667,0.00116666666666667,304900
0,0,0,0,0,0,0,0.000166666666666667,0.00116666666666667,305000
0,0,0,0,0,0,0,0.000166666666666667,0.00116666666666667,305100
0,0,0,0,0,0,0,0.000166666666666667,0.00116666666666667,305200
0,0,0,0,0,0,0,0.000166666666666667,0.00116666666666667,305300
0,0,0,0,0,0,0,0.000166666666666667,0.00116666666666667,305400
0,0,0,0,0,0,0,0.000166666666666667,0.00116666666666667,305500
0,0,0,0,0,0,0,0.000166666666666667,0.00116666666666667,305600
0,0,0,0,0,0,0,0.000166666666666667,0.00116666666666667,305700
0,0,0,0,0,0,0,0.000166666666666667,0.00116666666666667,305800
0,0,0,0,0,0,0,0.000166666666666667,0.00116666666666667,305900
0,0,0,0,0,0,0,0.000166666666666667,0.00116666666666667,306000
0,0,0,0,0,0,0,0.000166666666666667,0.00116666666666667,306100
0,0,0,0,0,0,0,0.000166666666666667,0.00116666666666667,306200
0,0,0,0,0,0,0,0.000166666666666667,0.00116666666666667,306300
0,0,0,0,0,0,0,0.000166666666666667,0.00116666666666667,306400
0,0,0,0,0,0,0,0.000166666666666667,0.00116666666666667,306500
0,0,0,0,0,0,0,0.000166666666666667,0.00116666666666667,306600
0,0,0,0,0,0,0,0.000166666666666667,0.00116666666666667,306700
0,0,0,0,0,0,0,0.000166666666666667,0.00116666666666667,306800
0,0,0,0,0,0,0,0.000166666666666667,0.00116666666666667,306900
0,0,0,0,0,0,0,0.000166666666666667,0.00116666666666667,307000
0,0,0,0,0,0,0,0.000166666666666667,0.00116666666666667,307100
0,0,0,0,0,0,0,0.000166666666666667,0.00116666666666667,307200
0,0,0,0,0,0,0,0.000166666666666667,0.00116666666666667,307300
0,0,0,0,0,0,0,0.000166666666666667,0.00116666666666667,307400
0,0,0,0,0,0,0,0.000166666666666667,0.00116666666666667,307500
0,0,0,0,0,0,0,0.000166666666666667,0.00116666666666667,307600
0,0,0,0,0,0,0,0.000166666666666667,0.00116666666666667,307700
0,0,0,0,0,0,0,0.000166666666666667,0.00116666666666667,307800
0,0,0,0,0,0,0,0.000166666666666667,0.00116666666666667,307900
0,0,0,0,0,0,0,0.000166666666666667,0.00116666666666667,308000
0,0,0,0,0,0,0,0.000166666666666667,0.00116666666666667,308100
0,0,0,0,0,0,0,0.000166666666666667,0.00116666666666667,308200
0,0,0,0,0,0,0,0.000166666666666667,0.00116666666666667,308300
0,0,0,0,0,0,0,0.000166666666666667,0.00116666666666667,308400
0,0,0,0,0,0,0,0.000166666666666667,0.00116666666666667,308500
0,0,0,0,0,0,0,0.000166666666666667,0.00116666666666667,308600
0,0,0,0,0,0,0,0.000166666666666667,0.00116666666666667,308700
0,0,0,0,0,0,0,0.000166666666666667,0.00116666666666667,308800
0,0,0,0,0,0,0,0.000166666666666667,0.00116666666666667,308900
0,0,0,0,0,0,0,0.000166666666666667,0.00116666666666667,309000
0,0,0,0,0,0,0,0.000166666666666667,0.00116666666666667,309100
0,0,0,0,0,0,0,0.000166666666666667,0.00116666666666667,309200
0,0,0,0,0,0,0,0.000166666666666667,0.00116666666666667,309300
0,0,0,0,0,0,0,0.000166666666666667,0.00116666666666667,309400
0,0,0,0,0,0,0,0.000166666666666667,0.00116666666666667,309500
0,0,0,0,0,0,0,0.000166666666666667,0.00116666666666667,309600
0,0,0,0,0,0,0,0.000166666666666667,0.00116666666666667,309700
0,0,0,0,0,0,0,0.000166666666666667,0.00116666666666667,309800
0,0,0,0,0,0,0,0.000166666666666667,0.00116666666666667,309900
0,0,0,0,0,0,0,0.000166666666666667,0.00116666666666667,310000
0,0,0,0,0,0,0,0.000166666666666667,0.00116666666666667,310100
0,0,0,0,0,0,0,0.000166666666666667,0.00116666666666667,310200
0,0,0,0,0,0,0,0.000166666666666667,0.00116666666666667,310300
0,0,0,0,0,0,0,0.000166666666666667,0.00116666666666667,310400
0,0,0,0,0,0,0,0.000166666666666667,0.00116666666666667,310500
0,0,0,0,0,0,0,0.000166666666666667,0.00116666666666667,310600
0,0,0,0,0,0,0,0.000166666666666667,0.00116666666666667,310700
0,0,0,0,0,0,0,0.000166666666666667,0.00116666666666667,310800
0,0,0,0,0,0,0,0.000166666666666667,0.00116666666666667,310900
0,0,0,0,0,0,0,0.000166666666666667,0.00116666666666667,311000
0,0,0,0,0,0,0,0.000166666666666667,0.00116666666666667,311100
0,0,0,0,0,0,0,0.000166666666666667,0.00116666666666667,311200
0,0,0,0,0,0,0,0.000166666666666667,0.00116666666666667,311300
0,0,0,0,0,0,0,0.000166666666666667,0.00116666666666667,311400
0,0,0,0,0,0,0,0.000166666666666667,0.001,311500
0,0,0,0,0,0,0,0.000166666666666667,0.001,311600
0,0,0,0,0,0,0,0.000166666666666667,0.001,311700
0,0,0,0,0,0,0,0.000166666666666667,0.001,311800
0,0,0,0,0,0,0,0.000166666666666667,0.001,311900
0,0,0,0,0,0,0,0.000166666666666667,0.001,312000
0,0,0,0,0,0,0,0.000166666666666667,0.001,312100
0,0,0,0,0,0,0,0.000166666666666667,0.001,312200
0,0,0,0,0,0,0,0.000166666666666667,0.001,312300
0,0,0,0,0,0,0,0.000166666666666667,0.001,312400
0,0,0,0,0,0,0,0.000166666666666667,0.001,312500
0,0,0,0,0,0,0,0.000166666666666667,0.001,312600
0,0,0,0,0,0,0,0.000166666666666667,0.001,312700
0,0,0,0,0,0,0,0.000166666666666667,0.001,312800
0,0,0,0,0,0,0,0.000166666666666667,0.001,312900
0,0,0,0,0,0,0,0.000166666666666667,0.001,313000
0,0,0,0,0,0,0,0.000166666666666667,0.001,313100
0,0,0,0,0,0,0,0.000166666666666667,0.001,313200
0,0,0,0,0,0,0,0.000166666666666667,0.001,313300
0,0,0,0,0,0,0,0.000166666666666667,0.001,313400
0,0,0,0,0,0,0,0.000166666666666667,0.001,313500
0,0,0,0,0,0,0,0.000166666666666667,0.001,313600
0,0,0,0,0,0,0,0.000166666666666667,0.001,313700
0,0,0,0,0,0,0,0.000166666666666667,0.001,313800
0,0,0,0,0,0,0,0.000166666666666667,0.001,313900
0,0,0,0,0,0,0,0.000166666666666667,0.001,314000
0,0,0,0,0,0,0,0.000166666666666667,0.001,314100
0,0,0,0,0,0,0,0.000166666666666667,0.001,314200
0,0,0,0,0,0,0,0.000166666666666667,0.001,314300
0,0,0,0,0,0,0,0.000166666666666667,0.001,314400
0,0,0,0,0,0,0,0.000166666666666667,0.001,314500
0,0,0,0,0,0,0,0.000166666666666667,0.001,314600
0,0,0,0,0,0,0,0.000166666666666667,0.001,314700
0,0,0,0,0,0,0,0.000166666666666667,0.001,314800
0,0,0,0,0,0,0,0.000166666666666667,0.001,314900
0,0,0,0,0,0,0,0.000166666666666667,0.001,315000
0,0,0,0,0,0,0,0.000166666666666667,0.001,315100
0,0,0,0,0,0,0,0.000166666666666667,0.001,315200
0,0,0,0,0,0,0,0.000166666666666667,0.001,315300
0,0,0,0,0,0,0,0.000166666666666667,0.001,315400
0,0,0,0,0,0,0,0.000166666666666667,0.001,315500
0,0,0,0,0,0,0,0.000166666666666667,0.001,315600
0,0,0,0,0,0,0,0.000166666666666667,0.001,315700
0,0,0,0,0,0,0,0.000166666666666667,0.001,315800
0,0,0,0,0,0,0,0.000166666666666667,0.001,315900
0,0,0,0,0,0,0,0.000166666666666667,0.001,316000
0,0,0,0,0,0,0,0.000166666666666667,0.001,316100
0,0,0,0,0,0,0,0.000166666666666667,0.001,316200
0,0,0,0,0,0,0,0.000166666666666667,0.001,316300
0,0,0,0,0,0,0,0.000166666666666667,0.001,316400
0,0,0,0,0,0,0,0.000166666666666667,0.001,316500
0,0,0,0,0,0,0,0.000166666666666667,0.001,316600
0,0,0,0,0,0,0,0.000166666666666667,0.001,316700
0,0,0,0,0,0,0,0.000166666666666667,0.001,316800
0,0,0,0,0,0,0,0.000166666666666667,0.001,316900
0,0,0,0,0,0,0,0.000166666666666667,0.001,317000
0,0,0,0,0,0,0,0.000166666666666667,0.001,317100
0,0,0,0,0,0,0,0.000166666666666667,0.001,317200
0,0,0,0,0,0,0,0.000166666666666667,0.001,317300
0,0,0,0,0,0,0,0.000166666666666667,0.001,317400
0,0,0,0,0,0,0,0.000166666666666667,0.001,317500
0,0,0,0,0,0,0,0.000166666666666667,0.001,317600
0,0,0,0,0,0,0,0.000166666666666667,0.001,317700
0,0,0,0,0,0,0,0.000166666666666667,0.001,317800
0,0,0,0,0,0,0,0.000166666666666667,0.001,317900
0,0,0,0,0,0,0,0.000166666666666667,0.001,318000
0,0,0,0,0,0,0,0.000166666666666667,0.001,318100
0,0,0,0,0,0,0,0.000166666666666667,0.001,318200
0,0,0,0,0,0,0,0.000166666666666667,0.001,318300
0,0,0,0,0,0,0,0.000166666666666667,0.001,318400
0,0,0,0,0,0,0,0.000166666666666667,0.001,318500
0,0,0,0,0,0,0,0.000166666666666667,0.001,318600
0,0,0,0,0,0,0,0.000166666666666667,0.001,318700
0,0,0,0,0,0,0,0.000166666666666667,0.001,318800
0,0,0,0,0,0,0,0.000166666666666667,0.001,318900
0,0,0,0,0,0,0,0.000166666666666667,0.001,319000
0,0,0,0,0,0,0,0.000166666666666667,0.001,319100
0,0,0,0,0,0,0,0.000166666666666667,0.001,319200
0,0,0,0,0,0,0,0.000166666666666667,0.001,319300
0,0,0,0,0,0,0,0.000166666666666667,0.001,319400
0,0,0,0,0,0,0,0.000166666666666667,0.001,319500
0,0,0,0,0,0,0,0.000166666666666667,0.001,319600
0,0,0,0,0,0,0,0.000166666666666667,0.001,319700
0,0,0,0,0,0,0,0.000166666666666667,0.000833333333333333,319800
0,0,0,0,0,0,0,0.000166666666666667,0.000833333333333333,319900
0,0,0,0,0,0,0,0.000166666666666667,0.000833333333333333,320000
0,0,0,0,0,0,0,0.000166666666666667,0.000666666666666667,320100
0,0,0,0,0,0,0,0.000166666666666667,0.000666666666666667,320200
0,0,0,0,0,0,0,0.000166666666666667,5e-04,320300
0,0,0,0,0,0,0,0.000166666666666667,5e-04,320400
0,0,0,0,0,0,0,0.000166666666666667,5e-04,320500
0,0,0,0,0,0,0,0.000166666666666667,5e-04,320600
0,0,0,0,0,0,0,0.000166666666666667,5e-04,320700
0,0,0,0,0,0,0,0.000166666666666667,5e-04,320800
0,0,0,0,0,0,0,0.000166666666666667,0.000333333333333333,320900
0,0,0,0,0,0,0,0.000166666666666667,0.000333333333333333,321000
0,0,0,0,0,0,0,0.000166666666666667,0.000333333333333333,321100
0,0,0,0,0,0,0,0.000166666666666667,0.000333333333333333,321200
0,0,0,0,0,0,0,0.000166666666666667,0.000333333333333333,321300
0,0,0,0,0,0,0,0.000166666666666667,0.000333333333333333,321400
0,0,0,0,0,0,0,0.000166666666666667,0.000333333333333333,321500
0,0,0,0,0,0,0,0.000166666666666667,0.000333333333333333,321600
0,0,0,0,0,0,0,0.000166666666666667,0.000333333333333333,321700
0,0,0,0,0,0,0,0.000166666666666667,0.000333333333333333,321800
0,0,0,0,0,0,0,0.000166666666666667,0.000333333333333333,321900
0,0,0,0,0,0,0,0.000166666666666667,0.000333333333333333,322000
0,0,0,0,0,0,0,0.000166666666666667,0.000333333333333333,322100
0,0,0,0,0,0,0,0.000166666666666667,0.000333333333333333,322200
0,0,0,0,0,0,0,0.000166666666666667,0.000333333333333333,322300
0,0,0,0,0,0,0,0.000166666666666667,0.000333333333333333,322400
0,0,0,0,0,0,0,0.000166666666666667,0.000333333333333333,322500
0,0,0,0,0,0,0,0.000166666666666667,0.000333333333333333,322600
0,0,0,0,0,0,0,0.000166666666666667,0.000333333333333333,322700
0,0,0,0,0,0,0,0.000166666666666667,0.000333333333333333,322800
0,0,0,0,0,0,0,0.000166666666666667,0.000333333333333333,322900
0,0,0,0,0,0,0,0.000166666666666667,0.000333333333333333,323000
0,0,0,0,0,0,0,0.000166666666666667,0.000333333333333333,323100
0,0,0,0,0,0,0,0.000166666666666667,0.000333333333333333,323200
0,0,0,0,0,0,0,0.000166666666666667,0.000333333333333333,323300
0,0,0,0,0,0,0,0.000166666666666667,0.000333333333333333,323400
0,0,0,0,0,0,0,0.000166666666666667,0.000333333333333333,323500
0,0,0,0,0,0,0,0.000166666666666667,0.000333333333333333,323600
0,0,0,0,0,0,0,0.000166666666666667,0.000333333333333333,323700
0,0,0,0,0,0,0,0.000166666666666667,0.000333333333333333,323800
0,0,0,0,0,0,0,0.000166666666666667,0.000333333333333333,323900
0,0,0,0,0,0,0,0.000166666666666667,0.000333333333333333,324000
0,0,0,0,0,0,0,0.000166666666666667,0.000333333333333333,324100
0,0,0,0,0,0,0,0.000166666666666667,0.000333333333333333,324200
0,0,0,0,0,0,0,0.000166666666666667,0.000333333333333333,324300
0,0,0,0,0,0,0,0.000166666666666667,0.000333333333333333,324400
0,0,0,0,0,0,0,0.000166666666666667,0.000333333333333333,324500
0,0,0,0,0,0,0,0.000166666666666667,0.000333333333333333,324600
0,0,0,0,0,0,0,0.000166666666666667,0.000333333333333333,324700
0,0,0,0,0,0,0,0.000166666666666667,0.000333333333333333,324800
0,0,0,0,0,0,0,0.000166666666666667,0.000333333333333333,324900
0,0,0,0,0,0,0,0.000166666666666667,0.000333333333333333,325000
0,0,0,0,0,0,0,0.000166666666666667,0.000333333333333333,325100
0,0,0,0,0,0,0,0.000166666666666667,0.000333333333333333,325200
0,0,0,0,0,0,0,0.000166666666666667,0.000333333333333333,325300
0,0,0,0,0,0,0,0.000166666666666667,0.000333333333333333,325400
0,0,0,0,0,0,0,0.000166666666666667,0.000333333333333333,325500
0,0,0,0,0,0,0,0.000166666666666667,0.000333333333333333,325600
0,0,0,0,0,0,0,0.000166666666666667,0.000333333333333333,325700
0,0,0,0,0,0,0,0.000166666666666667,0.000333333333333333,325800
0,0,0,0,0,0,0,0.000166666666666667,0.000333333333333333,325900
0,0,0,0,0,0,0,0.000166666666666667,0.000333333333333333,326000
0,0,0,0,0,0,0,0.000166666666666667,0.000333333333333333,326100
0,0,0,0,0,0,0,0.000166666666666667,0.000333333333333333,326200
0,0,0,0,0,0,0,0.000166666666666667,0.000333333333333333,326300
0,0,0,0,0,0,0,0.000166666666666667,0.000333333333333333,326400
0,0,0,0,0,0,0,0.000166666666666667,0.000333333333333333,326500
0,0,0,0,0,0,0,0.000166666666666667,0.000333333333333333,326600
0,0,0,0,0,0,0,0.000166666666666667,0.000333333333333333,326700
0,0,0,0,0,0,0,0.000166666666666667,0.000333333333333333,326800
0,0,0,0,0,0,0,0.000166666666666667,0.000333333333333333,326900
0,0,0,0,0,0,0,0.000166666666666667,0.000333333333333333,327000
0,0,0,0,0,0,0,0.000166666666666667,0.000333333333333333,327100
0,0,0,0,0,0,0,0.000166666666666667,0.000333333333333333,327200
0,0,0,0,0,0,0,0.000166666666666667,0.000333333333333333,327300
0,0,0,0,0,0,0,0.000166666666666667,0.000333333333333333,327400
0,0,0,0,0,0,0,0.000166666666666667,0.000333333333333333,327500
0,0,0,0,0,0,0,0.000166666666666667,0.000333333333333333,327600
0,0,0,0,0,0,0,0.000166666666666667,0.000333333333333333,327700
0,0,0,0,0,0,0,0.000166666666666667,0.000333333333333333,327800
0,0,0,0,0,0,0,0.000166666666666667,0.000333333333333333,327900
0,0,0,0,0,0,0,0.000166666666666667,0.000333333333333333,328000
0,0,0,0,0,0,0,0.000166666666666667,0.000333333333333333,328100
0,0,0,0,0,0,0,0.000166666666666667,0.000333333333333333,328200
0,0,0,0,0,0,0,0.000166666666666667,0.000333333333333333,328300
0,0,0,0,0,0,0,0.000166666666666667,0.000333333333333333,328400
0,0,0,0,0,0,0,0.000166666666666667,0.000333333333333333,328500
0,0,0,0,0,0,0,0.000166666666666667,0.000333333333333333,328600
0,0,0,0,0,0,0,0.000166666666666667,0.000333333333333333,328700
0,0,0,0,0,0,0,0.000166666666666667,0.000333333333333333,328800
0,0,0,0,0,0,0,0.000166666666666667,0.000333333333333333,328900
0,0,0,0,0,0,0,0.000166666666666667,0.000333333333333333,329000
0,0,0,0,0,0,0,0.000166666666666667,0.000333333333333333,329100
0,0,0,0,0,0,0,0.000166666666666667,0.000333333333333333,329200
0,0,0,0,0,0,0,0.000166666666666667,0.000333333333333333,329300
0,0,0,0,0,0,0,0.000166666666666667,0.000333333333333333,329400
0,0,0,0,0,0,0,0.000166666666666667,0.000333333333333333,329500
0,0,0,0,0,0,0,0.000166666666666667,0.000333333333333333,329600
0,0,0,0,0,0,0,0.000166666666666667,0.000333333333333333,329700
0,0,0,0,0,0,0,0.000166666666666667,0.000333333333333333,329800
0,0,0,0,0,0,0,0.000166666666666667,0.000333333333333333,329900
0,0,0,0,0,0,0,0.000166666666666667,0.000333333333333333,330000
0,0,0,0,0,0,0,0.000166666666666667,0.000333333333333333,330100
0,0,0,0,0,0,0,0.000166666666666667,0.000333333333333333,330200
0,0,0,0,0,0,0,0.000166666666666667,0.000333333333333333,330300
0,0,0,0,0,0,0,0.000166666666666667,0.000333333333333333,330400
0,0,0,0,0,0,0,0.000166666666666667,0.000333333333333333,330500
0,0,0,0,0,0,0,0.000166666666666667,0.000333333333333333,330600
0,0,0,0,0,0,0,0.000166666666666667,0.000333333333333333,330700
0,0,0,0,0,0,0,0.000166666666666667,0.000333333333333333,330800
0,0,0,0,0,0,0,0.000166666666666667,0.000333333333333333,330900
0,0,0,0,0,0,0,0.000166666666666667,0.000333333333333333,331000
0,0,0,0,0,0,0,0.000166666666666667,0.000333333333333333,331100
0,0,0,0,0,0,0,0.000166666666666667,0.000333333333333333,331200
0,0,0,0,0,0,0,0.000166666666666667,0.000333333333333333,331300
0,0,0,0,0,0,0,0.000166666666666667,0.000333333333333333,331400
0,0,0,0,0,0,0,0.000166666666666667,0.000333333333333333,331500
0,0,0,0,0,0,0,0.000166666666666667,0.000166666666666667,331600
0,0,0,0,0,0,0,0.000166666666666667,0.000166666666666667,331700
0,0,0,0,0,0,0,0.000166666666666667,0.000166666666666667,331800
0,0,0,0,0,0,0,0.000166666666666667,0.000166666666666667,331900
0,0,0,0,0,0,0,0.000166666666666667,0.000166666666666667,332000
0,0,0,0,0,0,0,0.000166666666666667,0.000166666666666667,332100
0,0,0,0,0,0,0,0.000166666666666667,0.000166666666666667,332200
0,0,0,0,0,0,0,0.000166666666666667,0.000166666666666667,332300
0,0,0,0,0,0,0,0.000166666666666667,0.000166666666666667,332400
0,0,0,0,0,0,0,0.000166666666666667,0.000166666666666667,332500
0,0,0,0,0,0,0,0.000166666666666667,0.000166666666666667,332600
0,0,0,0,0,0,0,0.000166666666666667,0.000166666666666667,332700
0,0,0,0,0,0,0,0.000166666666666667,0.000166666666666667,332800
0,0,0,0,0,0,0,0.000166666666666667,0.000166666666666667,332900
0,0,0,0,0,0,0,0.000166666666666667,0.000166666666666667,333000
0,0,0,0,0,0,0,0.000166666666666667,0.000166666666666667,333100
0,0,0,0,0,0,0,0.000166666666666667,0.000166666666666667,333200
0,0,0,0,0,0,0,0.000166666666666667,0.000166666666666667,333300
0,0,0,0,0,0,0,0.000166666666666667,0.000166666666666667,333400
0,0,0,0,0,0,0,0.000166666666666667,0.000166666666666667,333500
0,0,0,0,0,0,0,0.000166666666666667,0.000166666666666667,333600
0,0,0,0,0,0,0,0.000166666666666667,0.000166666666666667,333700
0,0,0,0,0,0,0,0.000166666666666667,0.000166666666666667,333800
0,0,0,0,0,0,0,0.000166666666666667,0.000166666666666667,333900
0,0,0,0,0,0,0,0.000166666666666667,0.000166666666666667,334000
0,0,0,0,0,0,0,0.000166666666666667,0.000166666666666667,334100
0,0,0,0,0,0,0,0.000166666666666667,0.000166666666666667,334200
0,0,0,0,0,0,0,0.000166666666666667,0.000166666666666667,334300
0,0,0,0,0,0,0,0.000166666666666667,0.000166666666666667,334400
0,0,0,0,0,0,0,0.000166666666666667,0.000166666666666667,334500
0,0,0,0,0,0,0,0.000166666666666667,0.000166666666666667,334600
0,0,0,0,0,0,0,0.000166666666666667,0.000166666666666667,334700
0,0,0,0,0,0,0,0.000166666666666667,0.000166666666666667,334800
0,0,0,0,0,0,0,0.000166666666666667,0.000166666666666667,334900
0,0,0,0,0,0,0,0.000166666666666667,0.000166666666666667,335000
0,0,0,0,0,0,0,0.000166666666666667,0.000166666666666667,335100
0,0,0,0,0,0,0,0.000166666666666667,0.000166666666666667,335200
0,0,0,0,0,0,0,0.000166666666666667,0.000166666666666667,335300
0,0,0,0,0,0,0,0.000166666666666667,0.000166666666666667,335400
0,0,0,0,0,0,0,0.000166666666666667,0.000166666666666667,335500
0,0,0,0,0,0,0,0.000166666666666667,0.000166666666666667,335600
0,0,0,0,0,0,0,0.000166666666666667,0.000166666666666667,335700
0,0,0,0,0,0,0,0.000166666666666667,0.000166666666666667,335800
0,0,0,0,0,0,0,0.000166666666666667,0.000166666666666667,335900
0,0,0,0,0,0,0,0.000166666666666667,0.000166666666666667,336000
0,0,0,0,0,0,0,0.000166666666666667,0.000166666666666667,336100
0,0,0,0,0,0,0,0.000166666666666667,0.000166666666666667,336200
0,0,0,0,0,0,0,0.000166666666666667,0.000166666666666667,336300
0,0,0,0,0,0,0,0.000166666666666667,0.000166666666666667,336400
0,0,0,0,0,0,0,0.000166666666666667,0.000166666666666667,336500
0,0,0,0,0,0,0,0.000166666666666667,0.000166666666666667,336600
0,0,0,0,0,0,0,0.000166666666666667,0.000166666666666667,336700
0,0,0,0,0,0,0,0.000166666666666667,0.000166666666666667,336800
0,0,0,0,0,0,0,0.000166666666666667,0.000166666666666667,336900
0,0,0,0,0,0,0,0.000166666666666667,0.000166666666666667,337000
0,0,0,0,0,0,0,0.000166666666666667,0.000166666666666667,337100
0,0,0,0,0,0,0,0.000166666666666667,0.000166666666666667,337200
0,0,0,0,0,0,0,0.000166666666666667,0.000166666666666667,337300
0,0,0,0,0,0,0,0.000166666666666667,0.000166666666666667,337400
0,0,0,0,0,0,0,0.000166666666666667,0.000166666666666667,337500
0,0,0,0,0,0,0,0.000166666666666667,0.000166666666666667,337600
0,0,0,0,0,0,0,0.000166666666666667,0.000166666666666667,337700
0,0,0,0,0,0,0,0.000166666666666667,0.000166666666666667,337800
0,0,0,0,0,0,0,0.000166666666666667,0.000166666666666667,337900
0,0,0,0,0,0,0,0.000166666666666667,0.000166666666666667,338000
0,0,0,0,0,0,0,0.000166666666666667,0.000166666666666667,338100
0,0,0,0,0,0,0,0.000166666666666667,0.000166666666666667,338200
0,0,0,0,0,0,0,0.000166666666666667,0.000166666666666667,338300
0,0,0,0,0,0,0,0.000166666666666667,0.000166666666666667,338400
0,0,0,0,0,0,0,0.000166666666666667,0.000166666666666667,338500
0,0,0,0,0,0,0,0.000166666666666667,0.000166666666666667,338600
0,0,0,0,0,0,0,0.000166666666666667,0.000166666666666667,338700
0,0,0,0,0,0,0,0.000166666666666667,0.000166666666666667,338800
0,0,0,0,0,0,0,0.000166666666666667,0.000166666666666667,338900
0,0,0,0,0,0,0,0.000166666666666667,0.000166666666666667,339000
0,0,0,0,0,0,0,0.000166666666666667,0.000166666666666667,339100
0,0,0,0,0,0,0,0.000166666666666667,0.000166666666666667,339200
0,0,0,0,0,0,0,0.000166666666666667,0.000166666666666667,339300
0,0,0,0,0,0,0,0.000166666666666667,0.000166666666666667,339400
0,0,0,0,0,0,0,0.000166666666666667,0.000166666666666667,339500
0,0,0,0,0,0,0,0.000166666666666667,0.000166666666666667,339600
0,0,0,0,0,0,0,0.000166666666666667,0.000166666666666667,339700
0,0,0,0,0,0,0,0.000166666666666667,0.000166666666666667,339800
0,0,0,0,0,0,0,0.000166666666666667,0.000166666666666667,339900
0,0,0,0,0,0,0,0.000166666666666667,0.000166666666666667,340000
0,0,0,0,0,0,0,0.000166666666666667,0.000166666666666667,340100
0,0,0,0,0,0,0,0.000166666666666667,0.000166666666666667,340200
0,0,0,0,0,0,0,0.000166666666666667,0.000166666666666667,340300
0,0,0,0,0,0,0,0.000166666666666667,0.000166666666666667,340400
0,0,0,0,0,0,0,0.000166666666666667,0.000166666666666667,340500
0,0,0,0,0,0,0,0.000166666666666667,0.000166666666666667,340600
0,0,0,0,0,0,0,0.000166666666666667,0.000166666666666667,340700
0,0,0,0,0,0,0,0.000166666666666667,0.000166666666666667,340800
0,0,0,0,0,0,0,0.000166666666666667,0.000166666666666667,340900
0,0,0,0,0,0,0,0.000166666666666667,0.000166666666666667,341000
0,0,0,0,0,0,0,0.000166666666666667,0.000166666666666667,341100
0,0,0,0,0,0,0,0.000166666666666667,0.000166666666666667,341200
0,0,0,0,0,0,0,0.000166666666666667,0.000166666666666667,341300
0,0,0,0,0,0,0,0.000166666666666667,0.000166666666666667,341400
0,0,0,0,0,0,0,0.000166666666666667,0.000166666666666667,341500
0,0,0,0,0,0,0,0.000166666666666667,0.000166666666666667,341600
0,0,0,0,0,0,0,0.000166666666666667,0.000166666666666667,341700
0,0,0,0,0,0,0,0.000166666666666667,0.000166666666666667,341800
0,0,0,0,0,0,0,0.000166666666666667,0.000166666666666667,341900
0,0,0,0,0,0,0,0.000166666666666667,0.000166666666666667,342000
0,0,0,0,0,0,0,0.000166666666666667,0.000166666666666667,342100
0,0,0,0,0,0,0,0.000166666666666667,0.000166666666666667,342200
0,0,0,0,0,0,0,0.000166666666666667,0.000166666666666667,342300
0,0,0,0,0,0,0,0.000166666666666667,0.000166666666666667,342400
0,0,0,0,0,0,0,0.000166666666666667,0.000166666666666667,342500
0,0,0,0,0,0,0,0.000166666666666667,0.000166666666666667,342600
0,0,0,0,0,0,0,0.000166666666666667,0.000166666666666667,342700
0,0,0,0,0,0,0,0.000166666666666667,0.000166666666666667,342800
0,0,0,0,0,0,0,0.000166666666666667,0.000166666666666667,342900
0,0,0,0,0,0,0,0.000166666666666667,0.000166666666666667,343000
0,0,0,0,0,0,0,0.000166666666666667,0.000166666666666667,343100
0,0,0,0,0,0,0,0.000166666666666667,0.000166666666666667,343200
0,0,0,0,0,0,0,0.000166666666666667,0.000166666666666667,343300
0,0,0,0,0,0,0,0.000166666666666667,0.000166666666666667,343400
0,0,0,0,0,0,0,0.000166666666666667,0.000166666666666667,343500
0,0,0,0,0,0,0,0.000166666666666667,0.000166666666666667,343600
0,0,0,0,0,0,0,0.000166666666666667,0.000166666666666667,343700
0,0,0,0,0,0,0,0.000166666666666667,0.000166666666666667,343800
0,0,0,0,0,0,0,0.000166666666666667,0.000166666666666667,343900
0,0,0,0,0,0,0,0.000166666666666667,0.000166666666666667,344000
0,0,0,0,0,0,0,0.000166666666666667,0.000166666666666667,344100
0,0,0,0,0,0,0,0.000166666666666667,0.000166666666666667,344200
0,0,0,0,0,0,0,0.000166666666666667,0.000166666666666667,344300
0,0,0,0,0,0,0,0.000166666666666667,0.000166666666666667,344400
0,0,0,0,0,0,0,0.000166666666666667,0.000166666666666667,344500
0,0,0,0,0,0,0,0.000166666666666667,0.000166666666666667,344600
0,0,0,0,0,0,0,0.000166666666666667,0.000166666666666667,344700
0,0,0,0,0,0,0,0.000166666666666667,0.000166666666666667,344800
0,0,0,0,0,0,0,0.000166666666666667,0.000166666666666667,344900
0,0,0,0,0,0,0,0.000166666666666667,0.000166666666666667,345000
0,0,0,0,0,0,0,0.000166666666666667,0.000166666666666667,345100
0,0,0,0,0,0,0,0.000166666666666667,0.000166666666666667,345200
0,0,0,0,0,0,0,0.000166666666666667,0.000166666666666667,345300
0,0,0,0,0,0,0,0.000166666666666667,0.000166666666666667,345400
0,0,0,0,0,0,0,0.000166666666666667,0.000166666666666667,345500
0,0,0,0,0,0,0,0.000166666666666667,0.000166666666666667,345600
0,0,0,0,0,0,0,0.000166666666666667,0.000166666666666667,345700
0,0,0,0,0,0,0,0.000166666666666667,0.000166666666666667,345800
0,0,0,0,0,0,0,0.000166666666666667,0.000166666666666667,345900
0,0,0,0,0,0,0,0.000166666666666667,0.000166666666666667,346000
0,0,0,0,0,0,0,0.000166666666666667,0.000166666666666667,346100
0,0,0,0,0,0,0,0.000166666666666667,0.000166666666666667,346200
0,0,0,0,0,0,0,0.000166666666666667,0.000166666666666667,346300
0,0,0,0,0,0,0,0.000166666666666667,0.000166666666666667,346400
0,0,0,0,0,0,0,0.000166666666666667,0.000166666666666667,346500
0,0,0,0,0,0,0,0.000166666666666667,0.000166666666666667,346600
0,0,0,0,0,0,0,0.000166666666666667,0.000166666666666667,346700
0,0,0,0,0,0,0,0.000166666666666667,0.000166666666666667,346800
0,0,0,0,0,0,0,0.000166666666666667,0.000166666666666667,346900
0,0,0,0,0,0,0,0.000166666666666667,0.000166666666666667,347000
0,0,0,0,0,0,0,0.000166666666666667,0.000166666666666667,347100
0,0,0,0,0,0,0,0.000166666666666667,0.000166666666666667,347200
0,0,0,0,0,0,0,0.000166666666666667,0.000166666666666667,347300
0,0,0,0,0,0,0,0.000166666666666667,0.000166666666666667,347400
0,0,0,0,0,0,0,0.000166666666666667,0.000166666666666667,347500
0,0,0,0,0,0,0,0.000166666666666667,0.000166666666666667,347600
0,0,0,0,0,0,0,0.000166666666666667,0.000166666666666667,347700
0,0,0,0,0,0,0,0.000166666666666667,0.000166666666666667,347800
0,0,0,0,0,0,0,0.000166666666666667,0.000166666666666667,347900
0,0,0,0,0,0,0,0.000166666666666667,0.000166666666666667,348000
0,0,0,0,0,0,0,0.000166666666666667,0.000166666666666667,348100
0,0,0,0,0,0,0,0.000166666666666667,0.000166666666666667,348200
0,0,0,0,0,0,0,0.000166666666666667,0.000166666666666667,348300
0,0,0,0,0,0,0,0.000166666666666667,0.000166666666666667,348400
0,0,0,0,0,0,0,0.000166666666666667,0.000166666666666667,348500
0,0,0,0,0,0,0,0.000166666666666667,0.000166666666666667,348600
0,0,0,0,0,0,0,0.000166666666666667,0.000166666666666667,348700
0,0,0,0,0,0,0,0.000166666666666667,0.000166666666666667,348800
0,0,0,0,0,0,0,0.000166666666666667,0.000166666666666667,348900
0,0,0,0,0,0,0,0.000166666666666667,0.000166666666666667,349000
0,0,0,0,0,0,0,0.000166666666666667,0.000166666666666667,349100
0,0,0,0,0,0,0,0.000166666666666667,0.000166666666666667,349200
0,0,0,0,0,0,0,0.000166666666666667,0.000166666666666667,349300
0,0,0,0,0,0,0,0.000166666666666667,0.000166666666666667,349400
0,0,0,0,0,0,0,0.000166666666666667,0.000166666666666667,349500
0,0,0,0,0,0,0,0.000166666666666667,0.000166666666666667,349600
0,0,0,0,0,0,0,0.000166666666666667,0.000166666666666667,349700
0,0,0,0,0,0,0,0.000166666666666667,0.000166666666666667,349800
0,0,0,0,0,0,0,0.000166666666666667,0.000166666666666667,349900
0,0,0,0,0,0,0,0.000166666666666667,0.000166666666666667,350000
0,0,0,0,0,0,0,0.000166666666666667,0.000166666666666667,350100
0,0,0,0,0,0,0,0.000166666666666667,0.000166666666666667,350200
0,0,0,0,0,0,0,0.000166666666666667,0.000166666666666667,350300
0,0,0,0,0,0,0,0.000166666666666667,0.000166666666666667,350400
0,0,0,0,0,0,0,0.000166666666666667,0.000166666666666667,350500
0,0,0,0,0,0,0,0.000166666666666667,0.000166666666666667,350600
0,0,0,0,0,0,0,0.000166666666666667,0.000166666666666667,350700
0,0,0,0,0,0,0,0.000166666666666667,0.000166666666666667,350800
0,0,0,0,0,0,0,0.000166666666666667,0.000166666666666667,350900
0,0,0,0,0,0,0,0.000166666666666667,0.000166666666666667,351000
0,0,0,0,0,0,0,0.000166666666666667,0.000166666666666667,351100
0,0,0,0,0,0,0,0.000166666666666667,0.000166666666666667,351200
0,0,0,0,0,0,0,0.000166666666666667,0.000166666666666667,351300
0,0,0,0,0,0,0,0.000166666666666667,0.000166666666666667,351400
0,0,0,0,0,0,0,0.000166666666666667,0.000166666666666667,351500
0,0,0,0,0,0,0,0.000166666666666667,0.000166666666666667,351600
0,0,0,0,0,0,0,0.000166666666666667,0.000166666666666667,351700
0,0,0,0,0,0,0,0.000166666666666667,0.000166666666666667,351800
0,0,0,0,0,0,0,0.000166666666666667,0.000166666666666667,351900
0,0,0,0,0,0,0,0.000166666666666667,0.000166666666666667,352000
0,0,0,0,0,0,0,0.000166666666666667,0.000166666666666667,352100
0,0,0,0,0,0,0,0.000166666666666667,0.000166666666666667,352200
0,0,0,0,0,0,0,0.000166666666666667,0.000166666666666667,352300
0,0,0,0,0,0,0,0.000166666666666667,0.000166666666666667,352400
0,0,0,0,0,0,0,0.000166666666666667,0.000166666666666667,352500
0,0,0,0,0,0,0,0.000166666666666667,0.000166666666666667,352600
0,0,0,0,0,0,0,0.000166666666666667,0.000166666666666667,352700
0,0,0,0,0,0,0,0.000166666666666667,0.000166666666666667,352800
0,0,0,0,0,0,0,0.000166666666666667,0.000166666666666667,352900
0,0,0,0,0,0,0,0.000166666666666667,0.000166666666666667,353000
0,0,0,0,0,0,0,0.000166666666666667,0.000166666666666667,353100
0,0,0,0,0,0,0,0.000166666666666667,0.000166666666666667,353200
0,0,0,0,0,0,0,0.000166666666666667,0.000166666666666667,353300
0,0,0,0,0,0,0,0.000166666666666667,0.000166666666666667,353400
0,0,0,0,0,0,0,0.000166666666666667,0.000166666666666667,353500
0,0,0,0,0,0,0,0.000166666666666667,0.000166666666666667,353600
0,0,0,0,0,0,0,0.000166666666666667,0.000166666666666667,353700
0,0,0,0,0,0,0,0.000166666666666667,0.000166666666666667,353800
0,0,0,0,0,0,0,0.000166666666666667,0.000166666666666667,353900
0,0,0,0,0,0,0,0.000166666666666667,0.000166666666666667,354000
0,0,0,0,0,0,0,0.000166666666666667,0.000166666666666667,354100
0,0,0,0,0,0,0,0.000166666666666667,0.000166666666666667,354200
0,0,0,0,0,0,0,0.000166666666666667,0.000166666666666667,354300
0,0,0,0,0,0,0,0.000166666666666667,0.000166666666666667,354400
0,0,0,0,0,0,0,0.000166666666666667,0.000166666666666667,354500
0,0,0,0,0,0,0,0.000166666666666667,0.000166666666666667,354600
0,0,0,0,0,0,0,0.000166666666666667,0.000166666666666667,354700
0,0,0,0,0,0,0,0.000166666666666667,0.000166666666666667,354800
0,0,0,0,0,0,0,0.000166666666666667,0.000166666666666667,354900
0,0,0,0,0,0,0,0.000166666666666667,0.000166666666666667,355000
0,0,0,0,0,0,0,0.000166666666666667,0.000166666666666667,355100
0,0,0,0,0,0,0,0.000166666666666667,0.000166666666666667,355200
0,0,0,0,0,0,0,0.000166666666666667,0.000166666666666667,355300
0,0,0,0,0,0,0,0.000166666666666667,0.000166666666666667,355400
0,0,0,0,0,0,0,0.000166666666666667,0.000166666666666667,355500
0,0,0,0,0,0,0,0.000166666666666667,0.000166666666666667,355600
0,0,0,0,0,0,0,0.000166666666666667,0.000166666666666667,355700
0,0,0,0,0,0,0,0.000166666666666667,0.000166666666666667,355800
0,0,0,0,0,0,0,0.000166666666666667,0.000166666666666667,355900
0,0,0,0,0,0,0,0.000166666666666667,0.000166666666666667,356000
0,0,0,0,0,0,0,0.000166666666666667,0.000166666666666667,356100
0,0,0,0,0,0,0,0.000166666666666667,0.000166666666666667,356200
0,0,0,0,0,0,0,0.000166666666666667,0.000166666666666667,356300
0,0,0,0,0,0,0,0.000166666666666667,0.000166666666666667,356400
0,0,0,0,0,0,0,0.000166666666666667,0.000166666666666667,356500
0,0,0,0,0,0,0,0.000166666666666667,0.000166666666666667,356600
0,0,0,0,0,0,0,0.000166666666666667,0.000166666666666667,356700
0,0,0,0,0,0,0,0.000166666666666667,0.000166666666666667,356800
0,0,0,0,0,0,0,0.000166666666666667,0.000166666666666667,356900
0,0,0,0,0,0,0,0,0.000166666666666667,357000
0,0,0,0,0,0,0,0,0.000166666666666667,357100
0,0,0,0,0,0,0,0,0.000166666666666667,357200
0,0,0,0,0,0,0,0,0.000166666666666667,357300
0,0,0,0,0,0,0,0,0.000166666666666667,357400
0,0,0,0,0,0,0,0,0.000166666666666667,357500
0,0,0,0,0,0,0,0,0.000166666666666667,357600
0,0,0,0,0,0,0,0,0.000166666666666667,357700
0,0,0,0,0,0,0,0,0.000166666666666667,357800
0,0,0,0,0,0,0,0,0.000166666666666667,357900
0,0,0,0,0,0,0,0,0.000166666666666667,358000
0,0,0,0,0,0,0,0,0.000166666666666667,358100
0,0,0,0,0,0,0,0,0.000166666666666667,358200
0,0,0,0,0,0,0,0,0.000166666666666667,358300
0,0,0,0,0,0,0,0,0.000166666666666667,358400
0,0,0,0,0,0,0,0,0.000166666666666667,358500
0,0,0,0,0,0,0,0,0.000166666666666667,358600
0,0,0,0,0,0,0,0,0.000166666666666667,358700
0,0,0,0,0,0,0,0,0.000166666666666667,358800
0,0,0,0,0,0,0,0,0.000166666666666667,358900
0,0,0,0,0,0,0,0,0.000166666666666667,359000
0,0,0,0,0,0,0,0,0.000166666666666667,359100
0,0,0,0,0,0,0,0,0.000166666666666667,359200
0,0,0,0,0,0,0,0,0.000166666666666667,359300
0,0,0,0,0,0,0,0,0.000166666666666667,359400
0,0,0,0,0,0,0,0,0.000166666666666667,359500
0,0,0,0,0,0,0,0,0.000166666666666667,359600
0,0,0,0,0,0,0,0,0.000166666666666667,359700
0,0,0,0,0,0,0,0,0.000166666666666667,359800
0,0,0,0,0,0,0,0,0.000166666666666667,359900
0,0,0,0,0,0,0,0,0.000166666666666667,360000
0,0,0,0,0,0,0,0,0.000166666666666667,360100
0,0,0,0,0,0,0,0,0.000166666666666667,360200
0,0,0,0,0,0,0,0,0.000166666666666667,360300
0,0,0,0,0,0,0,0,0.000166666666666667,360400
0,0,0,0,0,0,0,0,0.000166666666666667,360500
0,0,0,0,0,0,0,0,0.000166666666666667,360600
0,0,0,0,0,0,0,0,0.000166666666666667,360700
0,0,0,0,0,0,0,0,0.000166666666666667,360800
0,0,0,0,0,0,0,0,0.000166666666666667,360900
0,0,0,0,0,0,0,0,0.000166666666666667,361000
0,0,0,0,0,0,0,0,0.000166666666666667,361100
0,0,0,0,0,0,0,0,0.000166666666666667,361200
0,0,0,0,0,0,0,0,0.000166666666666667,361300
0,0,0,0,0,0,0,0,0.000166666666666667,361400
0,0,0,0,0,0,0,0,0.000166666666666667,361500
0,0,0,0,0,0,0,0,0.000166666666666667,361600
0,0,0,0,0,0,0,0,0.000166666666666667,361700
0,0,0,0,0,0,0,0,0.000166666666666667,361800
0,0,0,0,0,0,0,0,0.000166666666666667,361900
0,0,0,0,0,0,0,0,0.000166666666666667,362000
0,0,0,0,0,0,0,0,0.000166666666666667,362100
0,0,0,0,0,0,0,0,0.000166666666666667,362200
0,0,0,0,0,0,0,0,0.000166666666666667,362300
0,0,0,0,0,0,0,0,0.000166666666666667,362400
0,0,0,0,0,0,0,0,0.000166666666666667,362500
0,0,0,0,0,0,0,0,0.000166666666666667,362600
0,0,0,0,0,0,0,0,0.000166666666666667,362700
0,0,0,0,0,0,0,0,0.000166666666666667,362800
0,0,0,0,0,0,0,0,0.000166666666666667,362900
0,0,0,0,0,0,0,0,0.000166666666666667,363000
0,0,0,0,0,0,0,0,0.000166666666666667,363100
0,0,0,0,0,0,0,0,0.000166666666666667,363200
0,0,0,0,0,0,0,0,0.000166666666666667,363300
0,0,0,0,0,0,0,0,0.000166666666666667,363400
0,0,0,0,0,0,0,0,0.000166666666666667,363500
0,0,0,0,0,0,0,0,0.000166666666666667,363600
0,0,0,0,0,0,0,0,0.000166666666666667,363700
0,0,0,0,0,0,0,0,0.000166666666666667,363800
0,0,0,0,0,0,0,0,0.000166666666666667,363900
0,0,0,0,0,0,0,0,0.000166666666666667,364000
0,0,0,0,0,0,0,0,0.000166666666666667,364100
0,0,0,0,0,0,0,0,0.000166666666666667,364200
0,0,0,0,0,0,0,0,0.000166666666666667,364300
0,0,0,0,0,0,0,0,0.000166666666666667,364400
0,0,0,0,0,0,0,0,0.000166666666666667,364500
0,0,0,0,0,0,0,0,0.000166666666666667,364600
0,0,0,0,0,0,0,0,0.000166666666666667,364700
0,0,0,0,0,0,0,0,0.000166666666666667,364800
0,0,0,0,0,0,0,0,0.000166666666666667,364900
0,0,0,0,0,0,0,0,0.000166666666666667,365000
0,0,0,0,0,0,0,0,0.000166666666666667,365100
0,0,0,0,0,0,0,0,0.000166666666666667,365200
0,0,0,0,0,0,0,0,0.000166666666666667,365300
0,0,0,0,0,0,0,0,0.000166666666666667,365400
0,0,0,0,0,0,0,0,0.000166666666666667,365500
0,0,0,0,0,0,0,0,0.000166666666666667,365600
0,0,0,0,0,0,0,0,0.000166666666666667,365700
0,0,0,0,0,0,0,0,0.000166666666666667,365800
0,0,0,0,0,0,0,0,0.000166666666666667,365900
0,0,0,0,0,0,0,0,0.000166666666666667,366000
0,0,0,0,0,0,0,0,0.000166666666666667,366100
0,0,0,0,0,0,0,0,0.000166666666666667,366200
0,0,0,0,0,0,0,0,0.000166666666666667,366300
0,0,0,0,0,0,0,0,0.000166666666666667,366400
0,0,0,0,0,0,0,0,0.000166666666666667,366500
0,0,0,0,0,0,0,0,0.000166666666666667,366600
0,0,0,0,0,0,0,0,0.000166666666666667,366700
0,0,0,0,0,0,0,0,0.000166666666666667,366800
0,0,0,0,0,0,0,0,0.000166666666666667,366900
0,0,0,0,0,0,0,0,0.000166666666666667,367000
0,0,0,0,0,0,0,0,0.000166666666666667,367100
0,0,0,0,0,0,0,0,0.000166666666666667,367200
0,0,0,0,0,0,0,0,0.000166666666666667,367300
0,0,0,0,0,0,0,0,0.000166666666666667,367400
0,0,0,0,0,0,0,0,0.000166666666666667,367500
0,0,0,0,0,0,0,0,0.000166666666666667,367600
0,0,0,0,0,0,0,0,0.000166666666666667,367700
0,0,0,0,0,0,0,0,0.000166666666666667,367800
0,0,0,0,0,0,0,0,0.000166666666666667,367900
0,0,0,0,0,0,0,0,0.000166666666666667,368000
0,0,0,0,0,0,0,0,0.000166666666666667,368100
0,0,0,0,0,0,0,0,0.000166666666666667,368200
0,0,0,0,0,0,0,0,0.000166666666666667,368300
0,0,0,0,0,0,0,0,0.000166666666666667,368400
0,0,0,0,0,0,0,0,0.000166666666666667,368500
0,0,0,0,0,0,0,0,0.000166666666666667,368600
0,0,0,0,0,0,0,0,0.000166666666666667,368700
0,0,0,0,0,0,0,0,0.000166666666666667,368800
0,0,0,0,0,0,0,0,0.000166666666666667,368900
0,0,0,0,0,0,0,0,0.000166666666666667,369000
0,0,0,0,0,0,0,0,0.000166666666666667,369100
0,0,0,0,0,0,0,0,0.000166666666666667,369200
0,0,0,0,0,0,0,0,0.000166666666666667,369300
0,0,0,0,0,0,0,0,0.000166666666666667,369400
0,0,0,0,0,0,0,0,0.000166666666666667,369500
0,0,0,0,0,0,0,0,0.000166666666666667,369600
0,0,0,0,0,0,0,0,0.000166666666666667,369700
0,0,0,0,0,0,0,0,0.000166666666666667,369800
0,0,0,0,0,0,0,0,0.000166666666666667,369900
0,0,0,0,0,0,0,0,0.000166666666666667,370000
0,0,0,0,0,0,0,0,0.000166666666666667,370100
0,0,0,0,0,0,0,0,0.000166666666666667,370200
0,0,0,0,0,0,0,0,0.000166666666666667,370300
0,0,0,0,0,0,0,0,0.000166666666666667,370400
0,0,0,0,0,0,0,0,0.000166666666666667,370500
0,0,0,0,0,0,0,0,0.000166666666666667,370600
0,0,0,0,0,0,0,0,0.000166666666666667,370700
0,0,0,0,0,0,0,0,0.000166666666666667,370800
0,0,0,0,0,0,0,0,0.000166666666666667,370900
0,0,0,0,0,0,0,0,0.000166666666666667,371000
0,0,0,0,0,0,0,0,0.000166666666666667,371100
0,0,0,0,0,0,0,0,0.000166666666666667,371200
0,0,0,0,0,0,0,0,0.000166666666666667,371300
0,0,0,0,0,0,0,0,0.000166666666666667,371400
0,0,0,0,0,0,0,0,0.000166666666666667,371500
0,0,0,0,0,0,0,0,0.000166666666666667,371600
0,0,0,0,0,0,0,0,0.000166666666666667,371700
0,0,0,0,0,0,0,0,0.000166666666666667,371800
0,0,0,0,0,0,0,0,0.000166666666666667,371900
0,0,0,0,0,0,0,0,0.000166666666666667,372000
0,0,0,0,0,0,0,0,0.000166666666666667,372100
0,0,0,0,0,0,0,0,0.000166666666666667,372200
0,0,0,0,0,0,0,0,0.000166666666666667,372300
0,0,0,0,0,0,0,0,0.000166666666666667,372400
0,0,0,0,0,0,0,0,0.000166666666666667,372500
0,0,0,0,0,0,0,0,0.000166666666666667,372600
0,0,0,0,0,0,0,0,0.000166666666666667,372700
0,0,0,0,0,0,0,0,0.000166666666666667,372800
0,0,0,0,0,0,0,0,0.000166666666666667,372900
0,0,0,0,0,0,0,0,0.000166666666666667,373000
0,0,0,0,0,0,0,0,0.000166666666666667,373100
0,0,0,0,0,0,0,0,0.000166666666666667,373200
0,0,0,0,0,0,0,0,0.000166666666666667,373300
0,0,0,0,0,0,0,0,0.000166666666666667,373400
0,0,0,0,0,0,0,0,0.000166666666666667,373500
0,0,0,0,0,0,0,0,0.000166666666666667,373600
0,0,0,0,0,0,0,0,0.000166666666666667,373700
0,0,0,0,0,0,0,0,0.000166666666666667,373800
0,0,0,0,0,0,0,0,0.000166666666666667,373900
0,0,0,0,0,0,0,0,0.000166666666666667,374000
0,0,0,0,0,0,0,0,0.000166666666666667,374100
0,0,0,0,0,0,0,0,0.000166666666666667,374200
0,0,0,0,0,0,0,0,0.000166666666666667,374300
0,0,0,0,0,0,0,0,0.000166666666666667,374400
0,0,0,0,0,0,0,0,0.000166666666666667,374500
0,0,0,0,0,0,0,0,0.000166666666666667,374600
0,0,0,0,0,0,0,0,0.000166666666666667,374700
0,0,0,0,0,0,0,0,0.000166666666666667,374800
0,0,0,0,0,0,0,0,0.000166666666666667,374900
0,0,0,0,0,0,0,0,0.000166666666666667,375000
0,0,0,0,0,0,0,0,0.000166666666666667,375100
0,0,0,0,0,0,0,0,0.000166666666666667,375200
0,0,0,0,0,0,0,0,0.000166666666666667,375300
0,0,0,0,0,0,0,0,0.000166666666666667,375400
0,0,0,0,0,0,0,0,0.000166666666666667,375500
0,0,0,0,0,0,0,0,0.000166666666666667,375600
0,0,0,0,0,0,0,0,0.000166666666666667,375700
0,0,0,0,0,0,0,0,0.000166666666666667,375800
0,0,0,0,0,0,0,0,0.000166666666666667,375900
0,0,0,0,0,0,0,0,0.000166666666666667,376000
0,0,0,0,0,0,0,0,0.000166666666666667,376100
0,0,0,0,0,0,0,0,0.000166666666666667,376200
0,0,0,0,0,0,0,0,0.000166666666666667,376300
0,0,0,0,0,0,0,0,0.000166666666666667,376400
0,0,0,0,0,0,0,0,0.000166666666666667,376500
0,0,0,0,0,0,0,0,0.000166666666666667,376600
0,0,0,0,0,0,0,0,0.000166666666666667,376700
0,0,0,0,0,0,0,0,0.000166666666666667,376800
0,0,0,0,0,0,0,0,0.000166666666666667,376900
0,0,0,0,0,0,0,0,0.000166666666666667,377000
0,0,0,0,0,0,0,0,0.000166666666666667,377100
0,0,0,0,0,0,0,0,0.000166666666666667,377200
0,0,0,0,0,0,0,0,0.000166666666666667,377300
0,0,0,0,0,0,0,0,0.000166666666666667,377400
0,0,0,0,0,0,0,0,0.000166666666666667,377500
0,0,0,0,0,0,0,0,0.000166666666666667,377600
0,0,0,0,0,0,0,0,0.000166666666666667,377700
0,0,0,0,0,0,0,0,0.000166666666666667,377800
0,0,0,0,0,0,0,0,0.000166666666666667,377900
0,0,0,0,0,0,0,0,0.000166666666666667,378000
0,0,0,0,0,0,0,0,0.000166666666666667,378100
0,0,0,0,0,0,0,0,0.000166666666666667,378200
0,0,0,0,0,0,0,0,0.000166666666666667,378300
0,0,0,0,0,0,0,0,0.000166666666666667,378400
0,0,0,0,0,0,0,0,0.000166666666666667,378500
0,0,0,0,0,0,0,0,0.000166666666666667,378600
0,0,0,0,0,0,0,0,0.000166666666666667,378700
0,0,0,0,0,0,0,0,0.000166666666666667,378800
0,0,0,0,0,0,0,0,0.000166666666666667,378900
0,0,0,0,0,0,0,0,0.000166666666666667,379000
0,0,0,0,0,0,0,0,0.000166666666666667,379100
0,0,0,0,0,0,0,0,0.000166666666666667,379200
0,0,0,0,0,0,0,0,0.000166666666666667,379300
0,0,0,0,0,0,0,0,0.000166666666666667,379400
0,0,0,0,0,0,0,0,0.000166666666666667,379500
0,0,0,0,0,0,0,0,0.000166666666666667,379600
0,0,0,0,0,0,0,0,0.000166666666666667,379700
0,0,0,0,0,0,0,0,0.000166666666666667,379800
0,0,0,0,0,0,0,0,0.000166666666666667,379900
0,0,0,0,0,0,0,0,0.000166666666666667,380000
0,0,0,0,0,0,0,0,0.000166666666666667,380100
0,0,0,0,0,0,0,0,0.000166666666666667,380200
0,0,0,0,0,0,0,0,0.000166666666666667,380300
0,0,0,0,0,0,0,0,0.000166666666666667,380400
0,0,0,0,0,0,0,0,0.000166666666666667,380500
0,0,0,0,0,0,0,0,0.000166666666666667,380600
0,0,0,0,0,0,0,0,0.000166666666666667,380700
0,0,0,0,0,0,0,0,0.000166666666666667,380800
0,0,0,0,0,0,0,0,0.000166666666666667,380900
0,0,0,0,0,0,0,0,0.000166666666666667,381000
0,0,0,0,0,0,0,0,0.000166666666666667,381100
0,0,0,0,0,0,0,0,0.000166666666666667,381200
0,0,0,0,0,0,0,0,0.000166666666666667,381300
0,0,0,0,0,0,0,0,0.000166666666666667,381400
0,0,0,0,0,0,0,0,0.000166666666666667,381500
0,0,0,0,0,0,0,0,0.000166666666666667,381600
0,0,0,0,0,0,0,0,0.000166666666666667,381700
0,0,0,0,0,0,0,0,0.000166666666666667,381800
0,0,0,0,0,0,0,0,0.000166666666666667,381900
0,0,0,0,0,0,0,0,0.000166666666666667,382000
0,0,0,0,0,0,0,0,0.000166666666666667,382100
0,0,0,0,0,0,0,0,0.000166666666666667,382200
0,0,0,0,0,0,0,0,0.000166666666666667,382300
0,0,0,0,0,0,0,0,0.000166666666666667,382400
0,0,0,0,0,0,0,0,0.000166666666666667,382500
0,0,0,0,0,0,0,0,0.000166666666666667,382600
0,0,0,0,0,0,0,0,0.000166666666666667,382700
0,0,0,0,0,0,0,0,0.000166666666666667,382800
0,0,0,0,0,0,0,0,0.000166666666666667,382900
0,0,0,0,0,0,0,0,0.000166666666666667,383000
0,0,0,0,0,0,0,0,0.000166666666666667,383100
0,0,0,0,0,0,0,0,0.000166666666666667,383200
0,0,0,0,0,0,0,0,0.000166666666666667,383300
0,0,0,0,0,0,0,0,0.000166666666666667,383400
0,0,0,0,0,0,0,0,0.000166666666666667,383500
0,0,0,0,0,0,0,0,0.000166666666666667,383600
0,0,0,0,0,0,0,0,0.000166666666666667,383700
0,0,0,0,0,0,0,0,0.000166666666666667,383800
0,0,0,0,0,0,0,0,0.000166666666666667,383900
0,0,0,0,0,0,0,0,0.000166666666666667,384000
0,0,0,0,0,0,0,0,0.000166666666666667,384100
0,0,0,0,0,0,0,0,0.000166666666666667,384200
0,0,0,0,0,0,0,0,0.000166666666666667,384300
0,0,0,0,0,0,0,0,0.000166666666666667,384400
0,0,0,0,0,0,0,0,0.000166666666666667,384500
0,0,0,0,0,0,0,0,0.000166666666666667,384600
0,0,0,0,0,0,0,0,0.000166666666666667,384700
0,0,0,0,0,0,0,0,0.000166666666666667,384800
0,0,0,0,0,0,0,0,0.000166666666666667,384900
0,0,0,0,0,0,0,0,0.000166666666666667,385000
0,0,0,0,0,0,0,0,0.000166666666666667,385100
0,0,0,0,0,0,0,0,0.000166666666666667,385200
0,0,0,0,0,0,0,0,0.000166666666666667,385300
0,0,0,0,0,0,0,0,0.000166666666666667,385400
0,0,0,0,0,0,0,0,0.000166666666666667,385500
0,0,0,0,0,0,0,0,0.000166666666666667,385600
0,0,0,0,0,0,0,0,0.000166666666666667,385700
0,0,0,0,0,0,0,0,0.000166666666666667,385800
0,0,0,0,0,0,0,0,0.000166666666666667,385900
0,0,0,0,0,0,0,0,0.000166666666666667,386000
0,0,0,0,0,0,0,0,0.000166666666666667,386100
0,0,0,0,0,0,0,0,0.000166666666666667,386200
0,0,0,0,0,0,0,0,0.000166666666666667,386300
0,0,0,0,0,0,0,0,0.000166666666666667,386400
0,0,0,0,0,0,0,0,0.000166666666666667,386500
0,0,0,0,0,0,0,0,0.000166666666666667,386600
0,0,0,0,0,0,0,0,0.000166666666666667,386700
0,0,0,0,0,0,0,0,0.000166666666666667,386800
0,0,0,0,0,0,0,0,0.000166666666666667,386900
0,0,0,0,0,0,0,0,0.000166666666666667,387000
0,0,0,0,0,0,0,0,0.000166666666666667,387100
0,0,0,0,0,0,0,0,0.000166666666666667,387200
0,0,0,0,0,0,0,0,0.000166666666666667,387300
0,0,0,0,0,0,0,0,0.000166666666666667,387400
0,0,0,0,0,0,0,0,0.000166666666666667,387500
0,0,0,0,0,0,0,0,0.000166666666666667,387600
0,0,0,0,0,0,0,0,0.000166666666666667,387700
0,0,0,0,0,0,0,0,0.000166666666666667,387800
0,0,0,0,0,0,0,0,0.000166666666666667,387900
0,0,0,0,0,0,0,0,0.000166666666666667,388000
0,0,0,0,0,0,0,0,0.000166666666666667,388100
0,0,0,0,0,0,0,0,0.000166666666666667,388200
0,0,0,0,0,0,0,0,0.000166666666666667,388300
0,0,0,0,0,0,0,0,0.000166666666666667,388400
0,0,0,0,0,0,0,0,0.000166666666666667,388500
0,0,0,0,0,0,0,0,0.000166666666666667,388600
0,0,0,0,0,0,0,0,0.000166666666666667,388700
0,0,0,0,0,0,0,0,0.000166666666666667,388800
0,0,0,0,0,0,0,0,0.000166666666666667,388900
0,0,0,0,0,0,0,0,0.000166666666666667,389000
0,0,0,0,0,0,0,0,0.000166666666666667,389100
0,0,0,0,0,0,0,0,0.000166666666666667,389200
0,0,0,0,0,0,0,0,0.000166666666666667,389300
0,0,0,0,0,0,0,0,0.000166666666666667,389400
0,0,0,0,0,0,0,0,0.000166666666666667,389500
0,0,0,0,0,0,0,0,0.000166666666666667,389600
0,0,0,0,0,0,0,0,0.000166666666666667,389700
0,0,0,0,0,0,0,0,0.000166666666666667,389800
0,0,0,0,0,0,0,0,0.000166666666666667,389900
0,0,0,0,0,0,0,0,0.000166666666666667,390000
0,0,0,0,0,0,0,0,0.000166666666666667,390100
0,0,0,0,0,0,0,0,0.000166666666666667,390200
0,0,0,0,0,0,0,0,0.000166666666666667,390300
0,0,0,0,0,0,0,0,0.000166666666666667,390400
0,0,0,0,0,0,0,0,0.000166666666666667,390500
0,0,0,0,0,0,0,0,0.000166666666666667,390600
0,0,0,0,0,0,0,0,0.000166666666666667,390700
0,0,0,0,0,0,0,0,0.000166666666666667,390800
0,0,0,0,0,0,0,0,0.000166666666666667,390900
0,0,0,0,0,0,0,0,0.000166666666666667,391000
0,0,0,0,0,0,0,0,0.000166666666666667,391100
0,0,0,0,0,0,0,0,0.000166666666666667,391200
0,0,0,0,0,0,0,0,0.000166666666666667,391300
0,0,0,0,0,0,0,0,0.000166666666666667,391400
0,0,0,0,0,0,0,0,0.000166666666666667,391500
0,0,0,0,0,0,0,0,0.000166666666666667,391600
0,0,0,0,0,0,0,0,0.000166666666666667,391700
0,0,0,0,0,0,0,0,0.000166666666666667,391800
0,0,0,0,0,0,0,0,0.000166666666666667,391900
0,0,0,0,0,0,0,0,0.000166666666666667,392000
0,0,0,0,0,0,0,0,0.000166666666666667,392100
0,0,0,0,0,0,0,0,0.000166666666666667,392200
0,0,0,0,0,0,0,0,0.000166666666666667,392300
0,0,0,0,0,0,0,0,0.000166666666666667,392400
0,0,0,0,0,0,0,0,0.000166666666666667,392500
0,0,0,0,0,0,0,0,0.000166666666666667,392600
0,0,0,0,0,0,0,0,0.000166666666666667,392700
0,0,0,0,0,0,0,0,0.000166666666666667,392800
0,0,0,0,0,0,0,0,0.000166666666666667,392900
0,0,0,0,0,0,0,0,0.000166666666666667,393000
0,0,0,0,0,0,0,0,0.000166666666666667,393100
0,0,0,0,0,0,0,0,0.000166666666666667,393200
0,0,0,0,0,0,0,0,0.000166666666666667,393300
0,0,0,0,0,0,0,0,0.000166666666666667,393400
0,0,0,0,0,0,0,0,0.000166666666666667,393500
0,0,0,0,0,0,0,0,0.000166666666666667,393600
0,0,0,0,0,0,0,0,0.000166666666666667,393700
0,0,0,0,0,0,0,0,0.000166666666666667,393800
0,0,0,0,0,0,0,0,0.000166666666666667,393900
0,0,0,0,0,0,0,0,0.000166666666666667,394000
0,0,0,0,0,0,0,0,0.000166666666666667,394100
0,0,0,0,0,0,0,0,0.000166666666666667,394200
0,0,0,0,0,0,0,0,0.000166666666666667,394300
0,0,0,0,0,0,0,0,0.000166666666666667,394400
0,0,0,0,0,0,0,0,0.000166666666666667,394500
0,0,0,0,0,0,0,0,0.000166666666666667,394600
0,0,0,0,0,0,0,0,0.000166666666666667,394700
0,0,0,0,0,0,0,0,0.000166666666666667,394800
0,0,0,0,0,0,0,0,0.000166666666666667,394900
0,0,0,0,0,0,0,0,0.000166666666666667,395000
0,0,0,0,0,0,0,0,0.000166666666666667,395100
0,0,0,0,0,0,0,0,0.000166666666666667,395200
0,0,0,0,0,0,0,0,0.000166666666666667,395300
0,0,0,0,0,0,0,0,0.000166666666666667,395400
0,0,0,0,0,0,0,0,0.000166666666666667,395500
0,0,0,0,0,0,0,0,0.000166666666666667,395600
0,0,0,0,0,0,0,0,0.000166666666666667,395700
0,0,0,0,0,0,0,0,0.000166666666666667,395800
0,0,0,0,0,0,0,0,0.000166666666666667,395900
0,0,0,0,0,0,0,0,0.000166666666666667,396000
0,0,0,0,0,0,0,0,0.000166666666666667,396100
0,0,0,0,0,0,0,0,0.000166666666666667,396200
0,0,0,0,0,0,0,0,0.000166666666666667,396300
0,0,0,0,0,0,0,0,0.000166666666666667,396400
0,0,0,0,0,0,0,0,0.000166666666666667,396500
0,0,0,0,0,0,0,0,0.000166666666666667,396600
0,0,0,0,0,0,0,0,0.000166666666666667,396700
0,0,0,0,0,0,0,0,0.000166666666666667,396800
0,0,0,0,0,0,0,0,0.000166666666666667,396900
0,0,0,0,0,0,0,0,0.000166666666666667,397000
0,0,0,0,0,0,0,0,0.000166666666666667,397100
0,0,0,0,0,0,0,0,0.000166666666666667,397200
0,0,0,0,0,0,0,0,0.000166666666666667,397300
0,0,0,0,0,0,0,0,0.000166666666666667,397400
0,0,0,0,0,0,0,0,0.000166666666666667,397500
0,0,0,0,0,0,0,0,0.000166666666666667,397600
0,0,0,0,0,0,0,0,0.000166666666666667,397700
0,0,0,0,0,0,0,0,0.000166666666666667,397800
0,0,0,0,0,0,0,0,0.000166666666666667,397900
0,0,0,0,0,0,0,0,0.000166666666666667,398000
0,0,0,0,0,0,0,0,0.000166666666666667,398100
0,0,0,0,0,0,0,0,0.000166666666666667,398200
0,0,0,0,0,0,0,0,0.000166666666666667,398300
0,0,0,0,0,0,0,0,0.000166666666666667,398400
0,0,0,0,0,0,0,0,0.000166666666666667,398500
0,0,0,0,0,0,0,0,0.000166666666666667,398600
0,0,0,0,0,0,0,0,0.000166666666666667,398700
0,0,0,0,0,0,0,0,0.000166666666666667,398800
0,0,0,0,0,0,0,0,0.000166666666666667,398900
0,0,0,0,0,0,0,0,0.000166666666666667,399000
0,0,0,0,0,0,0,0,0.000166666666666667,399100
0,0,0,0,0,0,0,0,0.000166666666666667,399200
0,0,0,0,0,0,0,0,0.000166666666666667,399300
0,0,0,0,0,0,0,0,0.000166666666666667,399400
0,0,0,0,0,0,0,0,0.000166666666666667,399500
0,0,0,0,0,0,0,0,0.000166666666666667,399600
0,0,0,0,0,0,0,0,0.000166666666666667,399700
0,0,0,0,0,0,0,0,0.000166666666666667,399800
0,0,0,0,0,0,0,0,0.000166666666666667,399900
0,0,0,0,0,0,0,0,0.000166666666666667,4e+05
0,0,0,0,0,0,0,0,0.000166666666666667,400100
