"oy_0.9","oy_0.8","oy_0.7","of_0.9","of_0.8","of_0.7","or_0.9","or_0.8","or_0.7","Escapement"
0,0,0,1,1,1,0,0,0,0
0,0,0,1,1,1,0,0,0,100
0,0,0,1,1,1,0,0,0,200
0,0,0,1,1,1,0,0,0,300
0,0,0,1,1,1,0,0,0,400
0,0,0,1,1,1,0,0,0,500
0,0,0,1,1,1,0,0,0,600
0,0,0,1,1,1,0,0,0,700
0,0,0,1,1,1,0,0,0,800
0,0,0,1,1,1,0,0,0,900
0,0,0,1,1,1,0,0,0,1000
0,0,0,1,1,1,0,0,0,1100
0,0,0,1,1,1,0,0,0,1200
0,0,0,1,1,1,0,0,0,1300
0,0,0,1,1,1,0,0,0,1400
0,0,0,1,1,1,0,0,0,1500
0,0,0,1,1,1,0,0,0,1600
0,0,0,1,1,1,0,0,0,1700
0,0,0,1,1,1,0,0,0,1800
0,0,0,1,1,1,0,0,0,1900
0,0,0,1,1,1,0,0,0,2000
0,0,0,1,1,1,0,0,0,2100
0,0,0,1,1,1,0,0,0,2200
0,0,0,1,1,1,0,0,0,2300
0,0,0,1,1,1,0,0,0,2400
0,0,0,1,1,1,0,0,0,2500
0,0,0,1,1,1,0,0,0,2600
0,0,0,1,1,1,0,0,0,2700
0,0,0,1,1,1,0,0,0,2800
0,0,0,1,1,1,0,0,0,2900
0,0,0,1,1,1,0,0,0,3000
0,0,0,1,1,1,0,0,0,3100
0,0,0,1,1,1,0,0,0,3200
0,0,0,1,1,1,0,0,0,3300
0,0,0,1,1,1,0,0,0,3400
0,0,0,1,1,1,0,0,0,3500
0,0,0,1,1,1,0,0,0,3600
0,0,0,1,1,1,0,0,0,3700
0,0,0,1,1,1,0,0,0,3800
0,0,0,1,1,1,0,0,0,3900
0,0,0,1,1,1,0,0,0,4000
0,0,0,1,1,1,0,0,0,4100
0,0,0,1,1,1,0,0,0,4200
0,0,0,1,1,1,0,0,0,4300
0,0,0,1,1,1,0,0,0,4400
0,0,0,1,1,1,0,0,0,4500
0,0,0,1,1,1,0,0,0,4600
0,0,0,1,1,1,0,0,0,4700
0,0,0,1,1,1,0,0,0,4800
0,0,0,1,1,1,0,0,0,4900
0,0,0,1,1,1,0,0,0,5000
0,0,0,1,1,1,0,0,0,5100
0,0,0,1,1,1,0,0,0,5200
0,0,0,1,1,1,0,0,0,5300
0,0,0,1,1,1,0,0,0,5400
0,0,0,1,1,1,0,0,0,5500
0,0,0,1,1,1,0,0,0,5600
0,0,0,1,1,1,0,0,0,5700
0,0,0,1,1,1,0,0,0,5800
0,0,0,1,1,1,0,0,0,5900
0,0,0,1,1,1,0,0,0,6000
0,0,0,1,1,1,0,0,0,6100
0,0,0,1,1,1,0,0,0,6200
0,0,0,1,1,1,0,0,0,6300
0,0,0,1,1,1,0,0,0,6400
0,0,0,1,1,1,0,0,0,6500
0,0,0,1,1,1,0,0,0,6600
0,0,0,1,1,1,0,0,0,6700
0,0,0,1,1,1,0,0,0,6800
0,0,0,1,1,1,0,0,0,6900
0,0,0,1,1,1,0,0,0,7000
0,0,0,1,1,1,0,0,0,7100
0,0,0,1,1,1,0,0,0,7200
0,0,0,1,1,1,0,0,0,7300
0,0,0,1,1,1,0,0,0,7400
0,0,0,1,1,1,0,0,0,7500
0,0,0,1,1,1,0,0,0,7600
0,0,0,1,1,1,0,0,0,7700
0,0,0,1,1,1,0,0,0,7800
0,0,0,1,1,1,0,0,0,7900
0,0,0,1,1,1,0,0,0,8000
0,0,0,1,1,1,0,0,0,8100
0,0,0,1,1,1,0,0,0,8200
0,0,0,1,1,1,0,0,0,8300
0,0,0,1,1,1,0,0,0,8400
0,0,0,1,1,1,0,0,0,8500
0,0,0,1,1,1,0,0,0,8600
0,0,0,1,1,1,0,0,0,8700
0,0,0,1,1,1,0,0,0,8800
0,0,0,1,1,1,0,0,0,8900
0,0,0,1,1,1,0,0,0,9000
0,0,0,1,1,1,0,0,0,9100
0,0,0,1,1,1,0,0,0,9200
0,0,0,1,1,1,0,0,0,9300
0,0,0,1,1,1,0,0,0,9400
0,0,0,1,1,1,0,0,0,9500
0,0,0,1,1,1,0,0,0,9600
0,0,0,1,1,1,0,0,0,9700
0,0,0,1,1,1,0,0,0,9800
0,0,0,1,1,1,0,0,0,9900
0,0,0,1,1,1,0,0,0,10000
0,0,0,1,1,1,0,0,0,10100
0,0,0,1,1,1,0,0,0,10200
0,0,0,1,1,1,0,0,0,10300
0,0,0,1,1,1,0,0,0,10400
0,0,0,1,1,1,0,0,0,10500
0,0,0,1,1,1,0,0,0,10600
0,0,0,1,1,1,0,0,0,10700
0,0,0,1,1,1,0,0,0,10800
0,0,0,1,1,1,0,0,0,10900
0,0,0,1,1,1,0,0,0,11000
0,0,0,1,1,1,0,0,0,11100
0,0,0,1,1,1,0,0,0,11200
0,0,0,1,1,1,0,0,0,11300
0,0,0,1,1,1,0,0,0,11400
0,0,0,1,1,1,0,0,0,11500
0,0,0,1,1,1,0,0,0,11600
0,0,0,1,1,1,0,0,0,11700
0,0,0,1,1,1,0,0,0,11800
0,0,0,1,1,1,0,0,0,11900
0,0,0,1,1,1,0,0,0,12000
0,0,0,1,1,1,0,0,0,12100
0,0,0,1,1,1,0,0,0,12200
0,0,0,1,1,1,0,0,0,12300
0,0,0,1,1,1,0,0,0,12400
0,0,0,1,1,1,0,0,0,12500
0,0,0,1,1,1,0,0,0,12600
0,0,0,1,1,1,0,0,0,12700
0,0,0,1,1,1,0,0,0,12800
0,0,0,1,1,1,0,0,0,12900
0,0,0,1,1,1,0,0,0,13000
0,0,0,1,1,1,0,0,0,13100
0,0,0,1,1,1,0,0,0,13200
0,0,0,1,1,1,0,0,0,13300
0,0,0,1,1,1,0,0,0,13400
0,0,0,1,1,1,0,0,0,13500
0,0,0,1,1,1,0,0,0,13600
0,0,0,1,1,1,0,0,0,13700
0,0,0.000166666666666667,1,1,0.999833333333333,0,0,0,13800
0,0,0.000166666666666667,1,1,0.999833333333333,0,0,0,13900
0,0,0.000333333333333333,1,1,0.999666666666667,0,0,0,14000
0,0,0.000333333333333333,1,1,0.999666666666667,0,0,0,14100
0,0,0.000333333333333333,1,1,0.999666666666667,0,0,0,14200
0,0,5e-04,1,1,0.9995,0,0,0,14300
0,0,5e-04,1,1,0.9995,0,0,0,14400
0,0,5e-04,1,1,0.9995,0,0,0,14500
0,0,5e-04,1,1,0.9995,0,0,0,14600
0,0,0.000666666666666667,1,1,0.999333333333333,0,0,0,14700
0,0,0.001,1,1,0.999,0,0,0,14800
0,0,0.00133333333333333,1,1,0.998666666666667,0,0,0,14900
0,0,0.00183333333333333,1,1,0.998166666666667,0,0,0,15000
0,0,0.00266666666666667,1,1,0.997333333333333,0,0,0,15100
0,0,0.004,1,1,0.996,0,0,0,15200
0,0,0.00516666666666667,1,1,0.994833333333333,0,0,0,15300
0,0,0.00666666666666667,1,1,0.993333333333333,0,0,0,15400
0,0,0.00833333333333333,1,1,0.991666666666667,0,0,0,15500
0,0,0.00983333333333333,1,1,0.990166666666667,0,0,0,15600
0,0,0.0133333333333333,1,1,0.986666666666667,0,0,0,15700
0,0,0.0186666666666667,1,1,0.981333333333333,0,0,0,15800
0,0,0.0225,1,1,0.9775,0,0,0,15900
0,0,0.0255,1,1,0.9745,0,0,0,16000
0,0,0.03,1,1,0.97,0,0,0,16100
0,0,0.0353333333333333,1,1,0.964666666666667,0,0,0,16200
0,0,0.0416666666666667,1,1,0.958333333333333,0,0,0,16300
0,0,0.0488333333333333,1,1,0.951166666666667,0,0,0,16400
0,0,0.0581666666666667,1,1,0.941833333333333,0,0,0,16500
0,0,0.0671666666666667,1,1,0.932833333333333,0,0,0,16600
0,0,0.0796666666666667,1,1,0.920333333333333,0,0,0,16700
0,0,0.0925,1,1,0.9075,0,0,0,16800
0,0,0.105,1,1,0.895,0,0,0,16900
0,0,0.120166666666667,1,1,0.879833333333333,0,0,0,17000
0,0.000166666666666667,0.135666666666667,1,0.999833333333333,0.864333333333333,0,0,0,17100
0,0.000166666666666667,0.155,1,0.999833333333333,0.845,0,0,0,17200
0,0.000166666666666667,0.176333333333333,1,0.999833333333333,0.823666666666667,0,0,0,17300
0,0.000333333333333333,0.195333333333333,1,0.999666666666667,0.804666666666667,0,0,0,17400
0,0.000333333333333333,0.2175,1,0.999666666666667,0.7825,0,0,0,17500
0,0.000333333333333333,0.239,1,0.999666666666667,0.761,0,0,0,17600
0,0.000333333333333333,0.263166666666667,1,0.999666666666667,0.736833333333333,0,0,0,17700
0,5e-04,0.286666666666667,1,0.9995,0.713333333333333,0,0,0,17800
0,5e-04,0.3075,1,0.9995,0.6925,0,0,0,17900
0,5e-04,0.329,1,0.9995,0.671,0,0,0,18000
0,5e-04,0.3555,1,0.9995,0.6445,0,0,0,18100
0,0.000666666666666667,0.383,1,0.999333333333333,0.617,0,0,0,18200
0,0.000666666666666667,0.408833333333333,1,0.999333333333333,0.591166666666667,0,0,0,18300
0,0.001,0.435,1,0.999,0.565,0,0,0,18400
0,0.001,0.4585,1,0.999,0.5415,0,0,0,18500
0,0.00133333333333333,0.487333333333333,1,0.998666666666667,0.512666666666667,0,0,0,18600
0,0.00183333333333333,0.513833333333333,1,0.998166666666667,0.486166666666667,0,0,0.000166666666666667,18700
0,0.00216666666666667,0.538333333333333,1,0.997833333333333,0.461666666666667,0,0,0.000333333333333333,18800
0,0.00366666666666667,0.562,1,0.996333333333333,0.438,0,0,0.000666666666666667,18900
0,0.00433333333333333,0.585333333333333,1,0.995666666666667,0.414666666666667,0,0,0.000666666666666667,19000
0,0.00583333333333333,0.608,1,0.994166666666667,0.392,0,0,0.000666666666666667,19100
0,0.0065,0.630333333333333,1,0.9935,0.369666666666667,0,0,0.000666666666666667,19200
0,0.00833333333333333,0.651333333333333,1,0.991666666666667,0.348666666666667,0,0,0.000666666666666667,19300
0,0.00916666666666667,0.671833333333333,1,0.990833333333333,0.328166666666667,0,0,0.001,19400
0,0.0115,0.688,1,0.9885,0.312,0,0,0.0015,19500
0,0.0151666666666667,0.706166666666667,1,0.984833333333333,0.293833333333333,0,0,0.0015,19600
0,0.0188333333333333,0.724833333333333,1,0.981166666666667,0.275166666666667,0,0,0.00183333333333333,19700
0,0.0221666666666667,0.7435,1,0.977833333333333,0.2565,0,0,0.0025,19800
0,0.0245,0.759333333333333,1,0.9755,0.240666666666667,0,0,0.00316666666666667,19900
0,0.028,0.7735,1,0.972,0.2265,0,0,0.00366666666666667,20000
0,0.032,0.788166666666667,1,0.968,0.211833333333333,0,0,0.004,20100
0,0.0356666666666667,0.803666666666667,1,0.964333333333333,0.196333333333333,0,0,0.00433333333333333,20200
0,0.0411666666666667,0.816333333333333,1,0.958833333333333,0.183666666666667,0,0,0.00483333333333333,20300
0,0.0475,0.8275,1,0.9525,0.1725,0,0,0.00516666666666667,20400
0,0.054,0.839,1,0.946,0.161,0,0,0.00533333333333333,20500
0,0.0613333333333333,0.850833333333333,1,0.938666666666667,0.149166666666667,0,0,0.00633333333333333,20600
0,0.0705,0.862,1,0.9295,0.138,0,0,0.00733333333333333,20700
0,0.0801666666666667,0.872666666666667,1,0.919833333333333,0.127333333333333,0,0,0.00816666666666667,20800
0,0.0903333333333333,0.880833333333333,1,0.909666666666667,0.119166666666667,0,0,0.009,20900
0,0.101166666666667,0.89,1,0.898833333333333,0.11,0,0,0.00983333333333333,21000
0,0.1125,0.8975,1,0.8875,0.1025,0,0,0.0111666666666667,21100
0,0.123833333333333,0.904,1,0.876166666666667,0.096,0,0,0.012,21200
0,0.137666666666667,0.911833333333333,1,0.862333333333333,0.0881666666666667,0,0,0.0141666666666667,21300
0,0.153166666666667,0.916833333333333,1,0.846833333333333,0.0831666666666667,0,0,0.0155,21400
0,0.17,0.924,1,0.83,0.076,0,0,0.0165,21500
0,0.185666666666667,0.926333333333333,1,0.814333333333333,0.0736666666666667,0,0,0.0185,21600
0.000166666666666667,0.202666666666667,0.930833333333333,0.999833333333333,0.797333333333333,0.0691666666666667,0,0,0.0208333333333333,21700
0.000166666666666667,0.221333333333333,0.936333333333333,0.999833333333333,0.778666666666667,0.0636666666666667,0,0,0.0225,21800
0.000166666666666667,0.2385,0.941333333333333,0.999833333333333,0.7615,0.0586666666666667,0,0,0.0246666666666667,21900
0.000166666666666667,0.257666666666667,0.945833333333333,0.999833333333333,0.742333333333333,0.0541666666666667,0,0,0.0281666666666667,22000
0.000333333333333333,0.277833333333333,0.949333333333333,0.999666666666667,0.722166666666667,0.0506666666666667,0,0,0.0308333333333333,22100
0.000333333333333333,0.295333333333333,0.953,0.999666666666667,0.704666666666667,0.047,0,0,0.0333333333333333,22200
0.000333333333333333,0.314,0.955833333333333,0.999666666666667,0.686,0.0441666666666667,0,0,0.0358333333333333,22300
0.000333333333333333,0.3305,0.958833333333333,0.999666666666667,0.6695,0.0411666666666667,0,0,0.0398333333333333,22400
0.000333333333333333,0.352,0.961666666666667,0.999666666666667,0.648,0.0383333333333333,0,0,0.0418333333333333,22500
5e-04,0.3745,0.965333333333333,0.9995,0.6255,0.0346666666666667,0,0,0.0443333333333333,22600
5e-04,0.395333333333333,0.9675,0.9995,0.604666666666667,0.0325,0,0,0.0478333333333333,22700
5e-04,0.415333333333333,0.969666666666667,0.9995,0.584666666666667,0.0303333333333333,0,0,0.051,22800
5e-04,0.437,0.972166666666667,0.9995,0.563,0.0278333333333333,0,0,0.0551666666666667,22900
0.000666666666666667,0.457666666666667,0.974,0.999333333333333,0.542333333333333,0.026,0,0,0.0596666666666667,23000
0.000666666666666667,0.479333333333333,0.9765,0.999333333333333,0.520666666666667,0.0235,0,0,0.0631666666666667,23100
0.000666666666666667,0.502,0.9775,0.999333333333333,0.498,0.0225,0,0,0.0678333333333333,23200
0.000666666666666667,0.523333333333333,0.980333333333333,0.999333333333333,0.476666666666667,0.0196666666666667,0,0,0.0718333333333333,23300
0.001,0.543666666666667,0.981333333333333,0.999,0.456333333333333,0.0186666666666667,0,0,0.0771666666666667,23400
0.001,0.563,0.982666666666667,0.999,0.437,0.0173333333333333,0,0.000166666666666667,0.0831666666666667,23500
0.00133333333333333,0.579833333333333,0.9835,0.998666666666667,0.420166666666667,0.0165,0,0.000166666666666667,0.0895,23600
0.0015,0.599666666666667,0.983833333333333,0.9985,0.400333333333333,0.0161666666666667,0,0.000333333333333333,0.095,23700
0.00183333333333333,0.618,0.985333333333333,0.998166666666667,0.382,0.0146666666666667,0,0.000666666666666667,0.100833333333333,23800
0.00233333333333333,0.636333333333333,0.9865,0.997666666666667,0.363666666666667,0.0135,0,0.000666666666666667,0.107833333333333,23900
0.00316666666666667,0.652333333333333,0.987666666666667,0.996833333333333,0.347666666666667,0.0123333333333333,0,0.000666666666666667,0.113833333333333,24000
0.00433333333333333,0.669666666666667,0.988333333333333,0.995666666666667,0.330333333333333,0.0116666666666667,0,0.000666666666666667,0.121,24100
0.00516666666666667,0.683166666666667,0.988833333333333,0.994833333333333,0.316833333333333,0.0111666666666667,0,0.000666666666666667,0.128833333333333,24200
0.006,0.696,0.989166666666667,0.994,0.304,0.0108333333333333,0,0.000666666666666667,0.135833333333333,24300
0.007,0.710666666666667,0.989333333333333,0.993,0.289333333333333,0.0106666666666667,0,0.001,0.143166666666667,24400
0.00816666666666667,0.7275,0.990833333333333,0.991833333333333,0.2725,0.00916666666666667,0,0.00116666666666667,0.151166666666667,24500
0.00883333333333333,0.742333333333333,0.991333333333333,0.991166666666667,0.257666666666667,0.00866666666666667,0,0.0015,0.161,24600
0.0101666666666667,0.756666666666667,0.991833333333333,0.989833333333333,0.243333333333333,0.00816666666666667,0,0.0015,0.168666666666667,24700
0.0125,0.7675,0.992,0.9875,0.2325,0.008,0,0.00183333333333333,0.1785,24800
0.0161666666666667,0.78,0.992666666666667,0.983833333333333,0.22,0.00733333333333333,0,0.0025,0.186666666666667,24900
0.0181666666666667,0.791,0.992666666666667,0.981833333333333,0.209,0.00733333333333333,0,0.00266666666666667,0.193333333333333,25000
0.0211666666666667,0.804,0.993,0.978833333333333,0.196,0.007,0,0.00316666666666667,0.2005,25100
0.0231666666666667,0.815333333333333,0.993166666666667,0.976833333333333,0.184666666666667,0.00683333333333333,0,0.00366666666666667,0.208666666666667,25200
0.0248333333333333,0.822833333333333,0.994,0.975166666666667,0.177166666666667,0.006,0,0.004,0.218333333333333,25300
0.0283333333333333,0.8315,0.994,0.971666666666667,0.1685,0.006,0,0.00416666666666667,0.227333333333333,25400
0.0316666666666667,0.8415,0.994,0.968333333333333,0.1585,0.006,0,0.0045,0.235,25500
0.0348333333333333,0.8525,0.994333333333333,0.965166666666667,0.1475,0.00566666666666667,0,0.00483333333333333,0.244666666666667,25600
0.0386666666666667,0.862,0.994666666666667,0.961333333333333,0.138,0.00533333333333333,0,0.00516666666666667,0.256,25700
0.0431666666666667,0.87,0.995,0.956833333333333,0.13,0.005,0,0.00533333333333333,0.2685,25800
0.0478333333333333,0.877,0.995333333333333,0.952166666666667,0.123,0.00466666666666667,0,0.00583333333333333,0.275166666666667,25900
0.0525,0.883666666666667,0.995333333333333,0.9475,0.116333333333333,0.00466666666666667,0,0.00683333333333333,0.286166666666667,26000
0.059,0.890833333333333,0.9955,0.941,0.109166666666667,0.0045,0,0.0075,0.296,26100
0.0651666666666667,0.896833333333333,0.995833333333333,0.934833333333333,0.103166666666667,0.00416666666666667,0,0.00833333333333333,0.307333333333333,26200
0.073,0.902666666666667,0.995833333333333,0.927,0.0973333333333333,0.00416666666666667,0,0.0085,0.319,26300
0.0806666666666667,0.908166666666667,0.996,0.919333333333333,0.0918333333333333,0.004,0,0.00983333333333333,0.330166666666667,26400
0.0903333333333333,0.9135,0.996333333333333,0.909666666666667,0.0865,0.00366666666666667,0,0.01,0.341,26500
0.0976666666666667,0.918833333333333,0.996833333333333,0.902333333333333,0.0811666666666667,0.00316666666666667,0,0.0115,0.352,26600
0.107,0.923833333333333,0.997166666666667,0.893,0.0761666666666667,0.00283333333333333,0,0.012,0.363833333333333,26700
0.117166666666667,0.926166666666667,0.9975,0.882833333333333,0.0738333333333333,0.0025,0,0.0138333333333333,0.372333333333333,26800
0.1255,0.928666666666667,0.9975,0.8745,0.0713333333333333,0.0025,0,0.015,0.384333333333333,26900
0.138666666666667,0.933333333333333,0.997666666666667,0.861333333333333,0.0666666666666667,0.00233333333333333,0,0.0158333333333333,0.393666666666667,27000
0.149833333333333,0.937666666666667,0.997666666666667,0.850166666666667,0.0623333333333333,0.00233333333333333,0,0.0166666666666667,0.4035,27100
0.162166666666667,0.941333333333333,0.998,0.837833333333333,0.0586666666666667,0.002,0,0.018,0.415,27200
0.1755,0.945,0.998,0.8245,0.055,0.002,0,0.0203333333333333,0.424833333333333,27300
0.189,0.948333333333333,0.998,0.811,0.0516666666666667,0.002,0,0.0211666666666667,0.4345,27400
0.2015,0.950666666666667,0.998166666666667,0.7985,0.0493333333333333,0.00183333333333333,0,0.0231666666666667,0.445166666666667,27500
0.217333333333333,0.954,0.998333333333333,0.782666666666667,0.046,0.00166666666666667,0,0.025,0.4555,27600
0.231333333333333,0.956333333333333,0.998333333333333,0.768666666666667,0.0436666666666667,0.00166666666666667,0,0.028,0.465333333333333,27700
0.244666666666667,0.958166666666667,0.998333333333333,0.755333333333333,0.0418333333333333,0.00166666666666667,0,0.0303333333333333,0.4755,27800
0.261666666666667,0.961166666666667,0.9985,0.738333333333333,0.0388333333333333,0.0015,0,0.032,0.486666666666667,27900
0.276333333333333,0.964333333333333,0.9985,0.723666666666667,0.0356666666666667,0.0015,0,0.0341666666666667,0.497666666666667,28000
0.2915,0.966166666666667,0.998833333333333,0.7085,0.0338333333333333,0.00116666666666667,0,0.0361666666666667,0.507666666666667,28100
0.305333333333333,0.968,0.998833333333333,0.694666666666667,0.032,0.00116666666666667,0,0.0395,0.517333333333333,28200
0.321,0.969833333333333,0.998833333333333,0.679,0.0301666666666667,0.00116666666666667,0,0.0418333333333333,0.529,28300
0.334166666666667,0.971666666666667,0.999,0.665833333333333,0.0283333333333333,0.001,0,0.0426666666666667,0.538166666666667,28400
0.353,0.973166666666667,0.999166666666667,0.647,0.0268333333333333,0.000833333333333333,0,0.0451666666666667,0.547666666666667,28500
0.369833333333333,0.975,0.999166666666667,0.630166666666667,0.025,0.000833333333333333,0,0.0478333333333333,0.557833333333333,28600
0.385833333333333,0.976833333333333,0.999166666666667,0.614166666666667,0.0231666666666667,0.000833333333333333,0,0.0508333333333333,0.569666666666667,28700
0.4035,0.9785,0.999166666666667,0.5965,0.0215,0.000833333333333333,0,0.0538333333333333,0.579333333333333,28800
0.421166666666667,0.980166666666667,0.999166666666667,0.578833333333333,0.0198333333333333,0.000833333333333333,0,0.0571666666666667,0.589166666666667,28900
0.4365,0.981,0.999166666666667,0.5635,0.019,0.000833333333333333,0,0.0605,0.599333333333333,29000
0.451666666666667,0.982,0.999166666666667,0.548333333333333,0.018,0.000833333333333333,0,0.0631666666666667,0.609833333333333,29100
0.4695,0.983,0.999166666666667,0.5305,0.017,0.000833333333333333,0,0.0673333333333333,0.6185,29200
0.4895,0.983666666666667,0.999166666666667,0.5105,0.0163333333333333,0.000833333333333333,0,0.071,0.628,29300
0.506333333333333,0.984,0.999333333333333,0.493666666666667,0.016,0.000666666666666667,0,0.0738333333333333,0.636666666666667,29400
0.524,0.984833333333333,0.999333333333333,0.476,0.0151666666666667,0.000666666666666667,0,0.0785,0.6445,29500
0.5415,0.986,0.999333333333333,0.4585,0.014,0.000666666666666667,0,0.0833333333333333,0.653666666666667,29600
0.556833333333333,0.986833333333333,0.999333333333333,0.443166666666667,0.0131666666666667,0.000666666666666667,0,0.0878333333333333,0.661666666666667,29700
0.570666666666667,0.987666666666667,0.999333333333333,0.429333333333333,0.0123333333333333,0.000666666666666667,0,0.0931666666666667,0.669,29800
0.584166666666667,0.988166666666667,0.999333333333333,0.415833333333333,0.0118333333333333,0.000666666666666667,0,0.0978333333333333,0.675,29900
0.601333333333333,0.9885,0.999333333333333,0.398666666666667,0.0115,0.000666666666666667,0,0.101666666666667,0.683166666666667,30000
0.6155,0.989166666666667,0.999333333333333,0.3845,0.0108333333333333,0.000666666666666667,0,0.107666666666667,0.691166666666667,30100
0.630666666666667,0.989333333333333,0.999333333333333,0.369333333333333,0.0106666666666667,0.000666666666666667,0,0.112666666666667,0.699666666666667,30200
0.6425,0.989833333333333,0.9995,0.3575,0.0101666666666667,5e-04,0.000166666666666667,0.117666666666667,0.705833333333333,30300
0.656333333333333,0.991166666666667,0.999666666666667,0.343666666666667,0.00883333333333333,0.000333333333333333,0.000166666666666667,0.124,0.713666666666667,30400
0.669666666666667,0.9915,0.999666666666667,0.330333333333333,0.0085,0.000333333333333333,0.000166666666666667,0.129833333333333,0.720166666666667,30500
0.6825,0.991833333333333,0.999666666666667,0.3175,0.00816666666666667,0.000333333333333333,0.000333333333333333,0.135666666666667,0.7275,30600
0.692,0.991833333333333,0.999666666666667,0.308,0.00816666666666667,0.000333333333333333,0.000666666666666667,0.1415,0.734,30700
0.702333333333333,0.992166666666667,0.999666666666667,0.297666666666667,0.00783333333333333,0.000333333333333333,0.000666666666666667,0.1475,0.7415,30800
0.714833333333333,0.9925,0.999666666666667,0.285166666666667,0.0075,0.000333333333333333,0.000666666666666667,0.154666666666667,0.747,30900
0.728333333333333,0.992833333333333,0.999666666666667,0.271666666666667,0.00716666666666667,0.000333333333333333,0.000666666666666667,0.161666666666667,0.752666666666667,31000
0.739666666666667,0.993,0.999666666666667,0.260333333333333,0.007,0.000333333333333333,0.000666666666666667,0.168333333333333,0.7585,31100
0.752166666666667,0.993,0.999666666666667,0.247833333333333,0.007,0.000333333333333333,0.000666666666666667,0.175333333333333,0.7655,31200
0.762666666666667,0.993333333333333,0.999666666666667,0.237333333333333,0.00666666666666667,0.000333333333333333,0.000666666666666667,0.182833333333333,0.770833333333333,31300
0.771,0.994,0.999666666666667,0.229,0.006,0.000333333333333333,0.000666666666666667,0.188666666666667,0.776166666666667,31400
0.779666666666667,0.994,0.999666666666667,0.220333333333333,0.006,0.000333333333333333,0.001,0.194166666666667,0.7815,31500
0.7895,0.994166666666667,0.999666666666667,0.2105,0.00583333333333333,0.000333333333333333,0.00116666666666667,0.199166666666667,0.787,31600
0.799,0.994166666666667,0.999666666666667,0.201,0.00583333333333333,0.000333333333333333,0.0015,0.206666666666667,0.792666666666667,31700
0.808,0.9945,0.999666666666667,0.192,0.0055,0.000333333333333333,0.0015,0.213166666666667,0.7975,31800
0.816833333333333,0.994833333333333,0.999833333333333,0.183166666666667,0.00516666666666667,0.000166666666666667,0.0015,0.221,0.8035,31900
0.825,0.995333333333333,0.999833333333333,0.175,0.00466666666666667,0.000166666666666667,0.00183333333333333,0.227833333333333,0.808666666666667,32000
0.831,0.995333333333333,0.999833333333333,0.169,0.00466666666666667,0.000166666666666667,0.00233333333333333,0.233666666666667,0.812166666666667,32100
0.839333333333333,0.995333333333333,0.999833333333333,0.160666666666667,0.00466666666666667,0.000166666666666667,0.0025,0.241,0.817666666666667,32200
0.846333333333333,0.995333333333333,0.999833333333333,0.153666666666667,0.00466666666666667,0.000166666666666667,0.00283333333333333,0.2495,0.8235,32300
0.8555,0.995666666666667,0.999833333333333,0.1445,0.00433333333333333,0.000166666666666667,0.0035,0.259333333333333,0.828166666666667,32400
0.862166666666667,0.995833333333333,1,0.137833333333333,0.00416666666666667,0,0.00366666666666667,0.268666666666667,0.831833333333333,32500
0.869166666666667,0.995833333333333,1,0.130833333333333,0.00416666666666667,0,0.004,0.274,0.839,32600
0.875166666666667,0.996,1,0.124833333333333,0.004,0,0.00416666666666667,0.281,0.844166666666667,32700
0.880666666666667,0.996166666666667,1,0.119333333333333,0.00383333333333333,0,0.00416666666666667,0.290666666666667,0.847166666666667,32800
0.885833333333333,0.9965,1,0.114166666666667,0.0035,0,0.0045,0.298666666666667,0.850833333333333,32900
0.891333333333333,0.996833333333333,1,0.108666666666667,0.00316666666666667,0,0.00483333333333333,0.3075,0.855333333333333,33000
0.896333333333333,0.997166666666667,1,0.103666666666667,0.00283333333333333,0,0.00516666666666667,0.317,0.858666666666667,33100
0.9015,0.997333333333333,1,0.0985,0.00266666666666667,0,0.00516666666666667,0.325666666666667,0.8625,33200
0.905,0.9975,1,0.095,0.0025,0,0.00533333333333333,0.335,0.866833333333333,33300
0.909666666666667,0.997666666666667,1,0.0903333333333333,0.00233333333333333,0,0.00583333333333333,0.343333333333333,0.8705,33400
0.914166666666667,0.997666666666667,1,0.0858333333333333,0.00233333333333333,0,0.00633333333333333,0.3515,0.874333333333333,33500
0.9175,0.997666666666667,1,0.0825,0.00233333333333333,0,0.007,0.361333333333333,0.877833333333333,33600
0.922,0.997833333333333,1,0.078,0.00216666666666667,0,0.008,0.367833333333333,0.881,33700
0.924666666666667,0.998,1,0.0753333333333333,0.002,0,0.00833333333333333,0.377,0.884,33800
0.927166666666667,0.998,1,0.0728333333333333,0.002,0,0.0085,0.385666666666667,0.887666666666667,33900
0.929333333333333,0.998,1,0.0706666666666667,0.002,0,0.00966666666666667,0.393,0.890666666666667,34000
0.9325,0.998333333333333,1,0.0675,0.00166666666666667,0,0.00983333333333333,0.401,0.893,34100
0.936166666666667,0.998333333333333,1,0.0638333333333333,0.00166666666666667,0,0.01,0.409833333333333,0.895833333333333,34200
0.939833333333333,0.998333333333333,1,0.0601666666666667,0.00166666666666667,0,0.0115,0.418833333333333,0.898833333333333,34300
0.941833333333333,0.998333333333333,1,0.0581666666666667,0.00166666666666667,0,0.0116666666666667,0.426,0.902166666666667,34400
0.945333333333333,0.998333333333333,1,0.0546666666666667,0.00166666666666667,0,0.013,0.434,0.904666666666667,34500
0.948666666666667,0.9985,1,0.0513333333333333,0.0015,0,0.0141666666666667,0.442,0.9075,34600
0.950666666666667,0.9985,1,0.0493333333333333,0.0015,0,0.0151666666666667,0.451166666666667,0.91,34700
0.952833333333333,0.998833333333333,1,0.0471666666666667,0.00116666666666667,0,0.0158333333333333,0.459166666666667,0.912833333333333,34800
0.954333333333333,0.998833333333333,1,0.0456666666666667,0.00116666666666667,0,0.0163333333333333,0.466166666666667,0.915,34900
0.9555,0.998833333333333,1,0.0445,0.00116666666666667,0,0.0171666666666667,0.475,0.916833333333333,35000
0.957833333333333,0.998833333333333,1,0.0421666666666667,0.00116666666666667,0,0.0188333333333333,0.484,0.919333333333333,35100
0.961,0.999,1,0.039,0.001,0,0.0201666666666667,0.491833333333333,0.921166666666667,35200
0.963,0.999166666666667,1,0.037,0.000833333333333333,0,0.0211666666666667,0.500666666666667,0.9245,35300
0.964666666666667,0.999166666666667,1,0.0353333333333333,0.000833333333333333,0,0.0218333333333333,0.508166666666667,0.926166666666667,35400
0.966,0.999166666666667,1,0.034,0.000833333333333333,0,0.0235,0.515333333333333,0.928833333333333,35500
0.968666666666667,0.999166666666667,1,0.0313333333333333,0.000833333333333333,0,0.0251666666666667,0.5255,0.9315,35600
0.969666666666667,0.999166666666667,1,0.0303333333333333,0.000833333333333333,0,0.0276666666666667,0.533166666666667,0.933333333333333,35700
0.9715,0.999166666666667,1,0.0285,0.000833333333333333,0,0.0293333333333333,0.541666666666667,0.934833333333333,35800
0.9725,0.999166666666667,1,0.0275,0.000833333333333333,0,0.0308333333333333,0.548333333333333,0.936166666666667,35900
0.973666666666667,0.999166666666667,1,0.0263333333333333,0.000833333333333333,0,0.0325,0.556166666666667,0.938333333333333,36000
0.974666666666667,0.999166666666667,1,0.0253333333333333,0.000833333333333333,0,0.0338333333333333,0.566166666666667,0.9395,36100
0.976166666666667,0.999166666666667,1,0.0238333333333333,0.000833333333333333,0,0.0351666666666667,0.574,0.940833333333333,36200
0.977833333333333,0.999166666666667,1,0.0221666666666667,0.000833333333333333,0,0.0378333333333333,0.582166666666667,0.942166666666667,36300
0.978833333333333,0.999166666666667,1,0.0211666666666667,0.000833333333333333,0,0.04,0.589333333333333,0.943166666666667,36400
0.980333333333333,0.999333333333333,1,0.0196666666666667,0.000666666666666667,0,0.0418333333333333,0.597,0.944,36500
0.981166666666667,0.999333333333333,1,0.0188333333333333,0.000666666666666667,0,0.0423333333333333,0.6055,0.945666666666667,36600
0.981666666666667,0.999333333333333,1,0.0183333333333333,0.000666666666666667,0,0.0443333333333333,0.6125,0.947666666666667,36700
0.982666666666667,0.999333333333333,1,0.0173333333333333,0.000666666666666667,0,0.046,0.62,0.949333333333333,36800
0.982833333333333,0.999333333333333,1,0.0171666666666667,0.000666666666666667,0,0.0481666666666667,0.627833333333333,0.950833333333333,36900
0.983333333333333,0.999333333333333,1,0.0166666666666667,0.000666666666666667,0,0.0505,0.6355,0.952,37000
0.984,0.999333333333333,1,0.016,0.000666666666666667,0,0.0526666666666667,0.641333333333333,0.952333333333333,37100
0.984666666666667,0.999333333333333,1,0.0153333333333333,0.000666666666666667,0,0.0551666666666667,0.648,0.953333333333333,37200
0.985166666666667,0.999333333333333,1,0.0148333333333333,0.000666666666666667,0,0.0583333333333333,0.655,0.954,37300
0.986333333333333,0.999333333333333,1,0.0136666666666667,0.000666666666666667,0,0.0605,0.661333333333333,0.956,37400
0.987,0.9995,1,0.013,5e-04,0,0.0628333333333333,0.667166666666667,0.957,37500
0.987333333333333,0.999666666666667,1,0.0126666666666667,0.000333333333333333,0,0.0648333333333333,0.672,0.958,37600
0.988166666666667,0.999666666666667,1,0.0118333333333333,0.000333333333333333,0,0.0681666666666667,0.677,0.958833333333333,37700
0.988166666666667,0.999666666666667,1,0.0118333333333333,0.000333333333333333,0,0.071,0.683833333333333,0.960833333333333,37800
0.988666666666667,0.999666666666667,1,0.0113333333333333,0.000333333333333333,0,0.0735,0.6905,0.962,37900
0.989333333333333,0.999666666666667,1,0.0106666666666667,0.000333333333333333,0,0.0766666666666667,0.697,0.962833333333333,38000
0.989333333333333,0.999666666666667,1,0.0106666666666667,0.000333333333333333,0,0.0803333333333333,0.702833333333333,0.9645,38100
0.99,0.999666666666667,1,0.01,0.000333333333333333,0,0.0843333333333333,0.707666666666667,0.9655,38200
0.990333333333333,0.999666666666667,1,0.00966666666666667,0.000333333333333333,0,0.0876666666666667,0.714166666666667,0.967166666666667,38300
0.9915,0.999666666666667,1,0.0085,0.000333333333333333,0,0.0923333333333333,0.719166666666667,0.968,38400
0.991666666666667,0.999666666666667,1,0.00833333333333333,0.000333333333333333,0,0.095,0.725666666666667,0.969,38500
0.991833333333333,0.999666666666667,1,0.00816666666666667,0.000333333333333333,0,0.099,0.73,0.969833333333333,38600
0.992,0.999666666666667,1,0.008,0.000333333333333333,0,0.102333333333333,0.735666666666667,0.971166666666667,38700
0.992,0.999666666666667,1,0.008,0.000333333333333333,0,0.107,0.742,0.972333333333333,38800
0.992333333333333,0.999666666666667,1,0.00766666666666667,0.000333333333333333,0,0.11,0.746166666666667,0.973166666666667,38900
0.9925,0.999666666666667,1,0.0075,0.000333333333333333,0,0.114833333333333,0.750833333333333,0.974166666666667,39000
0.992666666666667,0.999666666666667,1,0.00733333333333333,0.000333333333333333,0,0.118333333333333,0.7545,0.9745,39100
0.992833333333333,0.999666666666667,1,0.00716666666666667,0.000333333333333333,0,0.123666666666667,0.760166666666667,0.975166666666667,39200
0.993166666666667,0.999666666666667,1,0.00683333333333333,0.000333333333333333,0,0.128666666666667,0.766,0.975333333333333,39300
0.993166666666667,0.999833333333333,1,0.00683333333333333,0.000166666666666667,0,0.132166666666667,0.769833333333333,0.975833333333333,39400
0.993666666666667,0.999833333333333,1,0.00633333333333333,0.000166666666666667,0,0.137,0.772666666666667,0.976333333333333,39500
0.993833333333333,0.999833333333333,1,0.00616666666666667,0.000166666666666667,0,0.1415,0.7775,0.977,39600
0.994,0.999833333333333,1,0.006,0.000166666666666667,0,0.146333333333333,0.782833333333333,0.977666666666667,39700
0.994166666666667,0.999833333333333,1,0.00583333333333333,0.000166666666666667,0,0.151166666666667,0.787,0.978166666666667,39800
0.994333333333333,0.999833333333333,1,0.00566666666666667,0.000166666666666667,0,0.157833333333333,0.791666666666667,0.978666666666667,39900
0.994333333333333,0.999833333333333,1,0.00566666666666667,0.000166666666666667,0,0.163,0.795666666666667,0.979333333333333,40000
0.9945,0.999833333333333,1,0.0055,0.000166666666666667,0,0.167333333333333,0.799166666666667,0.979666666666667,40100
0.994666666666667,0.999833333333333,1,0.00533333333333333,0.000166666666666667,0,0.173,0.804,0.980333333333333,40200
0.995,1,1,0.005,0,0,0.178666666666667,0.8085,0.980833333333333,40300
0.995333333333333,1,1,0.00466666666666667,0,0,0.184666666666667,0.8115,0.981333333333333,40400
0.995333333333333,1,1,0.00466666666666667,0,0,0.188666666666667,0.815666666666667,0.982166666666667,40500
0.995333333333333,1,1,0.00466666666666667,0,0,0.193166666666667,0.819833333333333,0.983,40600
0.9955,1,1,0.0045,0,0,0.197166666666667,0.824,0.983333333333333,40700
0.995666666666667,1,1,0.00433333333333333,0,0,0.202333333333333,0.827833333333333,0.983333333333333,40800
0.995666666666667,1,1,0.00433333333333333,0,0,0.207333333333333,0.831,0.984,40900
0.995833333333333,1,1,0.00416666666666667,0,0,0.211833333333333,0.8345,0.984166666666667,41000
0.995833333333333,1,1,0.00416666666666667,0,0,0.218333333333333,0.841,0.984166666666667,41100
0.996,1,1,0.004,0,0,0.224166666666667,0.844833333333333,0.984333333333333,41200
0.996166666666667,1,1,0.00383333333333333,0,0,0.2295,0.847,0.985333333333333,41300
0.9965,1,1,0.0035,0,0,0.233666666666667,0.850333333333333,0.985666666666667,41400
0.9965,1,1,0.0035,0,0,0.238666666666667,0.853333333333333,0.9865,41500
0.9965,1,1,0.0035,0,0,0.245333333333333,0.8565,0.987,41600
0.997,1,1,0.003,0,0,0.251666666666667,0.859333333333333,0.987166666666667,41700
0.997333333333333,1,1,0.00266666666666667,0,0,0.260166666666667,0.861833333333333,0.987166666666667,41800
0.997333333333333,1,1,0.00266666666666667,0,0,0.2675,0.865333333333333,0.987166666666667,41900
0.997666666666667,1,1,0.00233333333333333,0,0,0.272,0.868166666666667,0.9875,42000
0.997666666666667,1,1,0.00233333333333333,0,0,0.276666666666667,0.8715,0.987833333333333,42100
0.997666666666667,1,1,0.00233333333333333,0,0,0.2825,0.874666666666667,0.988333333333333,42200
0.997666666666667,1,1,0.00233333333333333,0,0,0.290666666666667,0.877666666666667,0.9885,42300
0.997833333333333,1,1,0.00216666666666667,0,0,0.296166666666667,0.879666666666667,0.988833333333333,42400
0.997833333333333,1,1,0.00216666666666667,0,0,0.303333333333333,0.882666666666667,0.988833333333333,42500
0.997833333333333,1,1,0.00216666666666667,0,0,0.310333333333333,0.885,0.989166666666667,42600
0.997833333333333,1,1,0.00216666666666667,0,0,0.317833333333333,0.887666666666667,0.9895,42700
0.997833333333333,1,1,0.00216666666666667,0,0,0.324333333333333,0.890333333333333,0.989666666666667,42800
0.998333333333333,1,1,0.00166666666666667,0,0,0.331333333333333,0.892666666666667,0.99,42900
0.998333333333333,1,1,0.00166666666666667,0,0,0.337666666666667,0.894166666666667,0.99,43000
0.998333333333333,1,1,0.00166666666666667,0,0,0.3445,0.897,0.990166666666667,43100
0.998333333333333,1,1,0.00166666666666667,0,0,0.351333333333333,0.898833333333333,0.990333333333333,43200
0.998333333333333,1,1,0.00166666666666667,0,0,0.358166666666667,0.900833333333333,0.990333333333333,43300
0.998333333333333,1,1,0.00166666666666667,0,0,0.365333333333333,0.904,0.990666666666667,43400
0.998333333333333,1,1,0.00166666666666667,0,0,0.3705,0.906,0.990666666666667,43500
0.9985,1,1,0.0015,0,0,0.3775,0.908,0.991166666666667,43600
0.9985,1,1,0.0015,0,0,0.384333333333333,0.91,0.991166666666667,43700
0.9985,1,1,0.0015,0,0,0.3915,0.912166666666667,0.9915,43800
0.998666666666667,1,1,0.00133333333333333,0,0,0.396166666666667,0.9135,0.9915,43900
0.998833333333333,1,1,0.00116666666666667,0,0,0.402833333333333,0.916,0.991666666666667,44000
0.998833333333333,1,1,0.00116666666666667,0,0,0.409,0.917166666666667,0.991833333333333,44100
0.998833333333333,1,1,0.00116666666666667,0,0,0.4165,0.919333333333333,0.991833333333333,44200
0.999,1,1,0.001,0,0,0.422333333333333,0.9205,0.992166666666667,44300
0.999166666666667,1,1,0.000833333333333333,0,0,0.427833333333333,0.922833333333333,0.992166666666667,44400
0.999166666666667,1,1,0.000833333333333333,0,0,0.434,0.925,0.992333333333333,44500
0.999166666666667,1,1,0.000833333333333333,0,0,0.440333333333333,0.9265,0.992333333333333,44600
0.999166666666667,1,1,0.000833333333333333,0,0,0.447333333333333,0.928666666666667,0.9925,44700
0.999166666666667,1,1,0.000833333333333333,0,0,0.4535,0.930666666666667,0.992666666666667,44800
0.999166666666667,1,1,0.000833333333333333,0,0,0.460166666666667,0.932166666666667,0.993,44900
0.999166666666667,1,1,0.000833333333333333,0,0,0.4655,0.934,0.993,45000
0.999166666666667,1,1,0.000833333333333333,0,0,0.4715,0.935,0.993,45100
0.999166666666667,1,1,0.000833333333333333,0,0,0.4785,0.936,0.993166666666667,45200
0.999166666666667,1,1,0.000833333333333333,0,0,0.486,0.937333333333333,0.993333333333333,45300
0.999166666666667,1,1,0.000833333333333333,0,0,0.491833333333333,0.939,0.993333333333333,45400
0.999166666666667,1,1,0.000833333333333333,0,0,0.499,0.9405,0.993333333333333,45500
0.999166666666667,1,1,0.000833333333333333,0,0,0.504666666666667,0.940833333333333,0.993333333333333,45600
0.999166666666667,1,1,0.000833333333333333,0,0,0.510666666666667,0.942,0.9935,45700
0.999166666666667,1,1,0.000833333333333333,0,0,0.516666666666667,0.943,0.993666666666667,45800
0.999166666666667,1,1,0.000833333333333333,0,0,0.524333333333333,0.943333333333333,0.993833333333333,45900
0.999166666666667,1,1,0.000833333333333333,0,0,0.529833333333333,0.944166666666667,0.994166666666667,46000
0.999333333333333,1,1,0.000666666666666667,0,0,0.536166666666667,0.945833333333333,0.9945,46100
0.999333333333333,1,1,0.000666666666666667,0,0,0.5435,0.947333333333333,0.9945,46200
0.999333333333333,1,1,0.000666666666666667,0,0,0.548333333333333,0.948666666666667,0.9945,46300
0.999333333333333,1,1,0.000666666666666667,0,0,0.554333333333333,0.950166666666667,0.994666666666667,46400
0.999333333333333,1,1,0.000666666666666667,0,0,0.5615,0.951333333333333,0.994833333333333,46500
0.999333333333333,1,1,0.000666666666666667,0,0,0.568166666666667,0.952,0.994833333333333,46600
0.999333333333333,1,1,0.000666666666666667,0,0,0.574666666666667,0.952333333333333,0.994833333333333,46700
0.999333333333333,1,1,0.000666666666666667,0,0,0.580666666666667,0.953166666666667,0.994833333333333,46800
0.999333333333333,1,1,0.000666666666666667,0,0,0.585833333333333,0.9535,0.995,46900
0.999333333333333,1,1,0.000666666666666667,0,0,0.592,0.954166666666667,0.995,47000
0.999333333333333,1,1,0.000666666666666667,0,0,0.5985,0.956,0.995166666666667,47100
0.999666666666667,1,1,0.000333333333333333,0,0,0.605166666666667,0.9565,0.995166666666667,47200
0.999666666666667,1,1,0.000333333333333333,0,0,0.611333333333333,0.957166666666667,0.995166666666667,47300
0.999666666666667,1,1,0.000333333333333333,0,0,0.616166666666667,0.958,0.995166666666667,47400
0.999666666666667,1,1,0.000333333333333333,0,0,0.623,0.959166666666667,0.995333333333333,47500
0.999666666666667,1,1,0.000333333333333333,0,0,0.6285,0.960833333333333,0.995833333333333,47600
0.999666666666667,1,1,0.000333333333333333,0,0,0.634666666666667,0.961833333333333,0.995833333333333,47700
0.999666666666667,1,1,0.000333333333333333,0,0,0.638833333333333,0.962166666666667,0.996166666666667,47800
0.999666666666667,1,1,0.000333333333333333,0,0,0.643333333333333,0.964,0.996333333333333,47900
0.999666666666667,1,1,0.000333333333333333,0,0,0.649166666666667,0.964666666666667,0.996333333333333,48000
0.999666666666667,1,1,0.000333333333333333,0,0,0.654333333333333,0.9655,0.996333333333333,48100
0.999666666666667,1,1,0.000333333333333333,0,0,0.659166666666667,0.967,0.9965,48200
0.9995,1,1,0.000333333333333333,0,0,0.663666666666667,0.9675,0.996833333333333,48300
0.9995,1,1,0.000333333333333333,0,0,0.668166666666667,0.968333333333333,0.996833333333333,48400
0.9995,1,1,0.000333333333333333,0,0,0.672333333333333,0.969,0.996833333333333,48500
0.9995,1,1,0.000333333333333333,0,0,0.676,0.969833333333333,0.997,48600
0.9995,1,1,0.000333333333333333,0,0,0.681666666666667,0.970833333333333,0.997,48700
0.9995,1,1,0.000333333333333333,0,0,0.686333333333333,0.972166666666667,0.997,48800
0.9995,1,1,0.000333333333333333,0,0,0.691166666666667,0.9725,0.997166666666667,48900
0.9995,1,1,0.000333333333333333,0,0,0.696333333333333,0.973166666666667,0.997166666666667,49000
0.9995,1,1,0.000333333333333333,0,0,0.7015,0.973833333333333,0.997166666666667,49100
0.9995,1,1,0.000333333333333333,0,0,0.705166666666667,0.9745,0.997166666666667,49200
0.9995,1,1,0.000333333333333333,0,0,0.709833333333333,0.974666666666667,0.997166666666667,49300
0.999333333333333,1,1,0.000166666666666667,0,0,0.714666666666667,0.975166666666667,0.997333333333333,49400
0.999333333333333,1,1,0.000166666666666667,0,0,0.717666666666667,0.975333333333333,0.9975,49500
0.999333333333333,1,1,0.000166666666666667,0,0,0.722666666666667,0.975666666666667,0.9975,49600
0.999333333333333,1,1,0.000166666666666667,0,0,0.727,0.976,0.9975,49700
0.999333333333333,1,1,0.000166666666666667,0,0,0.731,0.9765,0.9975,49800
0.999333333333333,1,1,0.000166666666666667,0,0,0.7355,0.977,0.9975,49900
0.999333333333333,1,1,0.000166666666666667,0,0,0.739333333333333,0.977666666666667,0.9975,50000
0.999333333333333,1,1,0.000166666666666667,0,0,0.744333333333333,0.978166666666667,0.997666666666667,50100
0.999333333333333,1,1,0.000166666666666667,0,0,0.7475,0.9785,0.997666666666667,50200
0.999333333333333,1,1,0.000166666666666667,0,0,0.750833333333333,0.979,0.997666666666667,50300
0.999333333333333,1,1,0.000166666666666667,0,0,0.753833333333333,0.979333333333333,0.997666666666667,50400
0.999333333333333,1,1,0.000166666666666667,0,0,0.757833333333333,0.979666666666667,0.998,50500
0.999333333333333,1,1,0.000166666666666667,0,0,0.761,0.980166666666667,0.998166666666667,50600
0.999333333333333,1,1,0.000166666666666667,0,0,0.7665,0.980666666666667,0.998333333333333,50700
0.999166666666667,1,1,0.000166666666666667,0,0,0.7695,0.980833333333333,0.998333333333333,50800
0.999166666666667,1,1,0.000166666666666667,0,0,0.772,0.9815,0.998333333333333,50900
0.999333333333333,1,1,0,0,0,0.775833333333333,0.982166666666667,0.998333333333333,51000
0.999333333333333,1,1,0,0,0,0.778333333333333,0.982666666666667,0.998333333333333,51100
0.999333333333333,1,1,0,0,0,0.782666666666667,0.983,0.998333333333333,51200
0.999333333333333,1,1,0,0,0,0.786,0.983333333333333,0.9985,51300
0.999333333333333,1,1,0,0,0,0.7895,0.983333333333333,0.9985,51400
0.999333333333333,1,1,0,0,0,0.792833333333333,0.983833333333333,0.9985,51500
0.999333333333333,1,1,0,0,0,0.796333333333333,0.984,0.998666666666667,51600
0.999333333333333,1,1,0,0,0,0.798666666666667,0.984166666666667,0.998666666666667,51700
0.999333333333333,1,1,0,0,0,0.803,0.984166666666667,0.998666666666667,51800
0.999333333333333,1,1,0,0,0,0.806,0.984333333333333,0.998666666666667,51900
0.999166666666667,1,1,0,0,0,0.809333333333333,0.985,0.998666666666667,52000
0.998833333333333,1,1,0,0,0,0.811166666666667,0.9855,0.998833333333333,52100
0.998833333333333,1,1,0,0,0,0.814333333333333,0.986,0.998833333333333,52200
0.998833333333333,1,1,0,0,0,0.817333333333333,0.986666666666667,0.998833333333333,52300
0.998666666666667,1,1,0,0,0,0.820666666666667,0.987,0.998833333333333,52400
0.998333333333333,1,1,0,0,0,0.824166666666667,0.987166666666667,0.998833333333333,52500
0.998333333333333,1,1,0,0,0,0.827166666666667,0.987166666666667,0.998833333333333,52600
0.998166666666667,1,1,0,0,0,0.829833333333333,0.987166666666667,0.998833333333333,52700
0.997833333333333,1,1,0,0,0,0.831833333333333,0.987333333333333,0.998833333333333,52800
0.9975,1,1,0,0,0,0.835,0.9875,0.998833333333333,52900
0.9975,1,1,0,0,0,0.840833333333333,0.987666666666667,0.998833333333333,53000
0.9975,1,1,0,0,0,0.843333333333333,0.988,0.999,53100
0.997,1,1,0,0,0,0.845833333333333,0.988333333333333,0.999,53200
0.996666666666667,1,1,0,0,0,0.8475,0.988666666666667,0.999,53300
0.9965,1,1,0,0,0,0.850333333333333,0.988833333333333,0.999,53400
0.996333333333333,1,1,0,0,0,0.852833333333333,0.988833333333333,0.999,53500
0.996166666666667,1,1,0,0,0,0.855333333333333,0.989166666666667,0.999,53600
0.996166666666667,1,1,0,0,0,0.857333333333333,0.989166666666667,0.999,53700
0.995666666666667,1,1,0,0,0,0.860166666666667,0.9895,0.999,53800
0.995,1,1,0,0,0,0.861666666666667,0.989666666666667,0.999,53900
0.994666666666667,1,1,0,0,0,0.864,0.989833333333333,0.999,54000
0.994,1,1,0,0,0,0.866833333333333,0.99,0.999,54100
0.9935,1,1,0,0,0,0.869,0.99,0.999,54200
0.992833333333333,1,1,0,0,0,0.8715,0.990166666666667,0.999,54300
0.992166666666667,1,1,0,0,0,0.873833333333333,0.990333333333333,0.999,54400
0.9915,1,1,0,0,0,0.875333333333333,0.990333333333333,0.999166666666667,54500
0.991,1,1,0,0,0,0.8785,0.990666666666667,0.999166666666667,54600
0.990666666666667,1,1,0,0,0,0.880166666666667,0.990666666666667,0.999166666666667,54700
0.989833333333333,1,1,0,0,0,0.882166666666667,0.990666666666667,0.999166666666667,54800
0.988666666666667,1,1,0,0,0,0.884,0.990833333333333,0.999166666666667,54900
0.988,0.999833333333333,1,0,0,0,0.886,0.991166666666667,0.999166666666667,55000
0.9875,0.999833333333333,1,0,0,0,0.887833333333333,0.991333333333333,0.999166666666667,55100
0.986833333333333,0.999833333333333,1,0,0,0,0.890333333333333,0.9915,0.999333333333333,55200
0.985666666666667,0.999833333333333,1,0,0,0,0.892,0.9915,0.999333333333333,55300
0.9845,0.999833333333333,1,0,0,0,0.893,0.991666666666667,0.9995,55400
0.982666666666667,0.999833333333333,1,0,0,0,0.895,0.991833333333333,0.9995,55500
0.981666666666667,0.999833333333333,1,0,0,0,0.897,0.991833333333333,0.9995,55600
0.980666666666667,0.999666666666667,1,0,0,0,0.898833333333333,0.992,0.9995,55700
0.979833333333333,0.999666666666667,1,0,0,0,0.9005,0.992166666666667,0.9995,55800
0.978166666666667,0.999666666666667,1,0,0,0,0.9025,0.992166666666667,0.9995,55900
0.9765,0.999666666666667,1,0,0,0,0.904166666666667,0.992333333333333,0.9995,56000
0.9745,0.999666666666667,1,0,0,0,0.905833333333333,0.992333333333333,0.9995,56100
0.973,0.999666666666667,1,0,0,0,0.9075,0.992333333333333,0.9995,56200
0.972333333333333,0.9995,1,0,0,0,0.908833333333333,0.9925,0.9995,56300
0.9695,0.9995,1,0,0,0,0.9105,0.992666666666667,0.9995,56400
0.968166666666667,0.9995,1,0,0,0,0.9125,0.993,0.9995,56500
0.9665,0.9995,1,0,0,0,0.913,0.993,0.9995,56600
0.964833333333333,0.9995,1,0,0,0,0.915333333333333,0.993,0.9995,56700
0.9625,0.9995,1,0,0,0,0.916333333333333,0.993,0.9995,56800
0.961,0.9995,1,0,0,0,0.9175,0.993166666666667,0.9995,56900
0.959333333333333,0.9995,1,0,0,0,0.919333333333333,0.993333333333333,0.9995,57000
0.957,0.9995,1,0,0,0,0.9205,0.993333333333333,0.9995,57100
0.954,0.9995,1,0,0,0,0.921666666666667,0.993333333333333,0.9995,57200
0.952,0.9995,1,0,0,0,0.9235,0.993333333333333,0.9995,57300
0.9495,0.9995,1,0,0,0,0.925,0.993333333333333,0.9995,57400
0.946666666666667,0.9995,1,0,0,0,0.926,0.9935,0.9995,57500
0.944,0.9995,1,0,0,0,0.927666666666667,0.9935,0.9995,57600
0.940833333333333,0.9995,1,0,0,0,0.9295,0.993666666666667,0.9995,57700
0.937333333333333,0.9995,1,0,0,0,0.931333333333333,0.993833333333333,0.9995,57800
0.934333333333333,0.9995,1,0,0,0,0.932166666666667,0.994,0.9995,57900
0.931666666666667,0.9995,1,0,0,0,0.933333333333333,0.994333333333333,0.9995,58000
0.927833333333333,0.999333333333333,1,0,0,0,0.934333333333333,0.9945,0.9995,58100
0.924833333333333,0.999333333333333,1,0,0,0,0.9355,0.9945,0.9995,58200
0.921333333333333,0.999333333333333,1,0,0,0,0.936,0.9945,0.9995,58300
0.917333333333333,0.999166666666667,1,0,0,0,0.937,0.994666666666667,0.9995,58400
0.913,0.999166666666667,1,0,0,0,0.938333333333333,0.994833333333333,0.9995,58500
0.909,0.999166666666667,1,0,0,0,0.939333333333333,0.994833333333333,0.9995,58600
0.903666666666667,0.999166666666667,1,0,0,0,0.9405,0.994833333333333,0.9995,58700
0.899833333333333,0.999166666666667,1,0,0,0,0.940833333333333,0.994833333333333,0.999666666666667,58800
0.893166666666667,0.999166666666667,1,0,0,0,0.941333333333333,0.994833333333333,0.999666666666667,58900
0.8885,0.999,1,0,0,0,0.942666666666667,0.994833333333333,0.999666666666667,59000
0.883,0.999,1,0,0,0,0.943166666666667,0.995,0.999666666666667,59100
0.877666666666667,0.999,1,0,0,0,0.943333333333333,0.995,0.999666666666667,59200
0.8715,0.999,1,0,0,0,0.944,0.995166666666667,0.999666666666667,59300
0.8655,0.998833333333333,1,0,0,0,0.945,0.995166666666667,0.999666666666667,59400
0.861166666666667,0.998666666666667,1,0,0,0,0.946333333333333,0.995166666666667,0.999666666666667,59500
0.8545,0.9985,1,0,0,0,0.9475,0.995166666666667,0.999666666666667,59600
0.849833333333333,0.998333333333333,1,0,0,0,0.948333333333333,0.995166666666667,0.999666666666667,59700
0.843666666666667,0.998333333333333,1,0,0,0,0.949666666666667,0.995333333333333,0.999666666666667,59800
0.837666666666667,0.998,1,0,0,0,0.950666666666667,0.995666666666667,0.999666666666667,59900
0.8325,0.998,1,0,0,0,0.951666666666667,0.995833333333333,0.999666666666667,60000
0.827,0.997833333333333,1,0,0,0,0.952,0.996,0.999666666666667,60100
0.82,0.9975,1,0,0,0,0.952166666666667,0.996166666666667,0.999666666666667,60200
0.812333333333333,0.997166666666667,1,0,0,0,0.952833333333333,0.996333333333333,0.999666666666667,60300
0.808666666666667,0.997,1,0,0,0,0.953333333333333,0.996333333333333,0.999666666666667,60400
0.8,0.997,0.999833333333333,0,0,0,0.953666666666667,0.996333333333333,0.999666666666667,60500
0.792666666666667,0.996666666666667,0.999833333333333,0,0,0,0.954,0.996333333333333,0.999666666666667,60600
0.786833333333333,0.996666666666667,0.999833333333333,0,0,0,0.955666666666667,0.9965,0.999666666666667,60700
0.779333333333333,0.996333333333333,0.999666666666667,0,0,0,0.956333333333333,0.996833333333333,0.999666666666667,60800
0.772166666666667,0.996166666666667,0.999666666666667,0,0,0,0.956833333333333,0.996833333333333,0.999666666666667,60900
0.762,0.996,0.999666666666667,0,0,0,0.957166666666667,0.996833333333333,0.999666666666667,61000
0.7555,0.995833333333333,0.999666666666667,0,0,0,0.958,0.996833333333333,0.999666666666667,61100
0.747,0.995333333333333,0.999666666666667,0,0,0,0.9585,0.996833333333333,0.999666666666667,61200
0.737666666666667,0.995,0.999666666666667,0,0,0,0.9595,0.997,0.999666666666667,61300
0.729666666666667,0.994833333333333,0.999666666666667,0,0,0,0.960833333333333,0.997,0.999666666666667,61400
0.722166666666667,0.994166666666667,0.999666666666667,0,0,0,0.961833333333333,0.997,0.999666666666667,61500
0.714666666666667,0.9935,0.999666666666667,0,0,0,0.962,0.997166666666667,0.999666666666667,61600
0.706666666666667,0.993,0.999666666666667,0,0,0,0.9625,0.997166666666667,0.999666666666667,61700
0.699833333333333,0.992333333333333,0.999666666666667,0,0,0,0.964166666666667,0.997166666666667,0.999666666666667,61800
0.690333333333333,0.992166666666667,0.999666666666667,0,0,0,0.9645,0.997166666666667,0.999833333333333,61900
0.681333333333333,0.991833333333333,0.9995,0,0,0,0.965333333333333,0.997166666666667,0.999833333333333,62000
0.674166666666667,0.9915,0.9995,0,0,0,0.965833333333333,0.997333333333333,0.999833333333333,62100
0.667666666666667,0.990833333333333,0.9995,0,0,0,0.967,0.997333333333333,0.999833333333333,62200
0.6605,0.99,0.9995,0,0,0,0.9675,0.9975,0.999833333333333,62300
0.653,0.989666666666667,0.9995,0,0,0,0.968333333333333,0.9975,0.999833333333333,62400
0.645,0.989,0.9995,0,0,0,0.9685,0.9975,0.999833333333333,62500
0.637833333333333,0.988,0.9995,0,0,0,0.969166666666667,0.9975,0.999833333333333,62600
0.6295,0.986833333333333,0.9995,0,0,0,0.969833333333333,0.9975,0.999833333333333,62700
0.621,0.986,0.9995,0,0,0,0.970833333333333,0.9975,0.999833333333333,62800
0.610166666666667,0.984833333333333,0.9995,0,0,0,0.9715,0.9975,0.999833333333333,62900
0.599666666666667,0.984166666666667,0.9995,0,0,0,0.972166666666667,0.9975,0.999833333333333,63000
0.591,0.983666666666667,0.9995,0,0,0,0.972666666666667,0.997666666666667,0.999833333333333,63100
0.582,0.983,0.9995,0,0,0,0.973166666666667,0.997666666666667,0.999833333333333,63200
0.573166666666667,0.9815,0.9995,0,0,0,0.973666666666667,0.997666666666667,0.999833333333333,63300
0.564666666666667,0.980666666666667,0.9995,0,0,0,0.974166666666667,0.997666666666667,0.999833333333333,63400
0.5575,0.979833333333333,0.9995,0,0,0,0.9745,0.997666666666667,0.999833333333333,63500
0.551,0.978166666666667,0.999333333333333,0,0,0,0.974666666666667,0.998,0.999833333333333,63600
0.541166666666667,0.976833333333333,0.999333333333333,0,0,0,0.975166666666667,0.998166666666667,0.999833333333333,63700
0.532166666666667,0.975333333333333,0.999333333333333,0,0,0,0.975333333333333,0.998166666666667,0.999833333333333,63800
0.522833333333333,0.973166666666667,0.999333333333333,0,0,0,0.975333333333333,0.998333333333333,0.999833333333333,63900
0.513833333333333,0.9715,0.999333333333333,0,0,0,0.975666666666667,0.998333333333333,0.999833333333333,64000
0.506333333333333,0.970333333333333,0.999166666666667,0,0,0,0.976,0.998333333333333,0.999833333333333,64100
0.497833333333333,0.969,0.999166666666667,0,0,0,0.976333333333333,0.998333333333333,0.999833333333333,64200
0.488666666666667,0.967166666666667,0.999166666666667,0,0,0,0.977,0.998333333333333,0.999833333333333,64300
0.477666666666667,0.965666666666667,0.999166666666667,0,0,0,0.9775,0.998333333333333,0.999833333333333,64400
0.469666666666667,0.963333333333333,0.999166666666667,0,0,0,0.977666666666667,0.998333333333333,0.999833333333333,64500
0.462666666666667,0.961166666666667,0.999,0,0,0,0.978166666666667,0.9985,0.999833333333333,64600
0.455166666666667,0.96,0.999,0,0,0,0.978333333333333,0.9985,0.999833333333333,64700
0.446833333333333,0.958,0.999,0,0,0,0.978666666666667,0.9985,0.999833333333333,64800
0.440333333333333,0.956,0.999,0,0,0,0.979166666666667,0.9985,0.999833333333333,64900
0.432,0.953666666666667,0.999,0,0,0,0.979333333333333,0.998666666666667,0.999833333333333,65000
0.423333333333333,0.951,0.998833333333333,0,0,0,0.979666666666667,0.998666666666667,0.999833333333333,65100
0.415,0.949,0.998833333333333,0,0,0,0.98,0.998666666666667,0.999833333333333,65200
0.408,0.947,0.998833333333333,0,0,0,0.980333333333333,0.998666666666667,0.999833333333333,65300
0.4005,0.944333333333333,0.9985,0,0,0,0.980666666666667,0.998666666666667,0.999833333333333,65400
0.393833333333333,0.941,0.998333333333333,0,0,0,0.980833333333333,0.998833333333333,0.999833333333333,65500
0.388,0.938833333333333,0.998333333333333,0,0,0,0.981166666666667,0.998833333333333,0.999833333333333,65600
0.38,0.935666666666667,0.998166666666667,0,0,0,0.9815,0.998833333333333,0.999833333333333,65700
0.3725,0.933,0.998,0,0,0,0.982166666666667,0.998833333333333,0.999833333333333,65800
0.365,0.9305,0.998,0,0,0,0.982666666666667,0.998833333333333,0.999833333333333,65900
0.357666666666667,0.927166666666667,0.997666666666667,0,0,0,0.983,0.998833333333333,0.999833333333333,66000
0.350166666666667,0.924333333333333,0.9975,0,0,0,0.983333333333333,0.998833333333333,0.999833333333333,66100
0.344166666666667,0.9225,0.9975,0,0,0,0.983333333333333,0.998833333333333,0.999833333333333,66200
0.338666666666667,0.918666666666667,0.997333333333333,0,0,0,0.983333333333333,0.998833333333333,0.999833333333333,66300
0.3325,0.916833333333333,0.997166666666667,0,0,0,0.983666666666667,0.998833333333333,0.999833333333333,66400
0.325333333333333,0.913,0.997,0,0,0,0.984,0.998833333333333,0.999833333333333,66500
0.3185,0.906833333333333,0.996833333333333,0,0,0,0.984166666666667,0.998833333333333,0.999833333333333,66600
0.313666666666667,0.901833333333333,0.996333333333333,0,0,0,0.984166666666667,0.998833333333333,0.999833333333333,66700
0.308333333333333,0.898333333333333,0.996,0,0,0,0.984166666666667,0.998833333333333,0.999833333333333,66800
0.301833333333333,0.891666666666667,0.995666666666667,0,0,0,0.984333333333333,0.999,0.999833333333333,66900
0.295166666666667,0.888166666666667,0.9955,0,0,0,0.984833333333333,0.999,0.999833333333333,67000
0.287166666666667,0.884333333333333,0.9955,0,0,0,0.985333333333333,0.999,0.999833333333333,67100
0.280666666666667,0.880166666666667,0.9955,0,0,0,0.9855,0.999,0.999833333333333,67200
0.275833333333333,0.875166666666667,0.995166666666667,0,0,0,0.985666666666667,0.999,0.999833333333333,67300
0.271833333333333,0.868333333333333,0.994666666666667,0,0,0,0.9865,0.999,0.999833333333333,67400
0.266333333333333,0.862833333333333,0.994166666666667,0,0,0,0.986666666666667,0.999,0.999833333333333,67500
0.261,0.856833333333333,0.993833333333333,0,0,0,0.987,0.999,0.999833333333333,67600
0.256166666666667,0.852333333333333,0.993666666666667,0,0,0,0.987166666666667,0.999,0.999833333333333,67700
0.248666666666667,0.847833333333333,0.993333333333333,0,0,0,0.987166666666667,0.999,0.999833333333333,67800
0.244833333333333,0.8425,0.992666666666667,0,0,0,0.987166666666667,0.999,0.999833333333333,67900
0.2395,0.837333333333333,0.9925,0,0,0,0.987166666666667,0.999,0.999833333333333,68000
0.2345,0.831666666666667,0.992333333333333,0,0,0,0.987333333333333,0.999,0.999833333333333,68100
0.228,0.8275,0.991666666666667,0,0,0,0.9875,0.999,0.999833333333333,68200
0.2235,0.821833333333333,0.991333333333333,0,0,0,0.987666666666667,0.999,0.999833333333333,68300
0.22,0.816833333333333,0.990666666666667,0,0,0,0.987833333333333,0.999,0.999833333333333,68400
0.215,0.811,0.990333333333333,0,0,0,0.988166666666667,0.999,0.999833333333333,68500
0.211166666666667,0.804166666666667,0.988833333333333,0,0,0,0.988333333333333,0.999166666666667,0.999833333333333,68600
0.207333333333333,0.798166666666667,0.988333333333333,0,0,0,0.9885,0.999166666666667,0.999833333333333,68700
0.202833333333333,0.793,0.987833333333333,0,0,0,0.988666666666667,0.999166666666667,0.999833333333333,68800
0.197666666666667,0.787166666666667,0.986666666666667,0,0,0,0.988833333333333,0.999166666666667,0.999833333333333,68900
0.192666666666667,0.780333333333333,0.986166666666667,0,0,0,0.988833333333333,0.999166666666667,0.999833333333333,69000
0.188,0.771833333333333,0.9855,0,0,0,0.989166666666667,0.999166666666667,0.999833333333333,69100
0.184333333333333,0.764,0.985166666666667,0,0,0,0.989166666666667,0.999166666666667,0.999833333333333,69200
0.180666666666667,0.755,0.9845,0,0,0,0.989333333333333,0.999166666666667,0.999833333333333,69300
0.175333333333333,0.746166666666667,0.9835,0,0,0,0.9895,0.999166666666667,0.999833333333333,69400
0.170166666666667,0.739833333333333,0.982666666666667,0,0,0,0.989666666666667,0.999333333333333,0.999833333333333,69500
0.166666666666667,0.731833333333333,0.981333333333333,0,0,0,0.989666666666667,0.999333333333333,0.999833333333333,69600
0.162,0.726,0.979833333333333,0,0,0,0.99,0.999333333333333,0.999833333333333,69700
0.157666666666667,0.7205,0.978666666666667,0,0,0,0.99,0.9995,0.999833333333333,69800
0.154666666666667,0.714333333333333,0.977333333333333,0,0,0,0.99,0.9995,0.999833333333333,69900
0.149666666666667,0.705666666666667,0.976166666666667,0,0,0,0.990166666666667,0.9995,0.999833333333333,70000
0.148,0.697833333333333,0.975166666666667,0,0,0,0.990166666666667,0.9995,0.999833333333333,70100
0.144666666666667,0.690333333333333,0.973666666666667,0,0,0,0.990333333333333,0.9995,0.999833333333333,70200
0.141333333333333,0.682666666666667,0.972666666666667,0,0,0,0.990333333333333,0.9995,0.999833333333333,70300
0.138833333333333,0.675166666666667,0.971166666666667,0,0,0,0.990666666666667,0.9995,0.999833333333333,70400
0.136166666666667,0.668833333333333,0.9695,0,0,0,0.990666666666667,0.9995,0.999833333333333,70500
0.133333333333333,0.662166666666667,0.9685,0,0,0,0.990666666666667,0.9995,0.999833333333333,70600
0.129833333333333,0.655166666666667,0.965833333333333,0,0,0,0.990833333333333,0.9995,0.999833333333333,70700
0.1265,0.649833333333333,0.963833333333333,0,0,0,0.990833333333333,0.9995,0.999833333333333,70800
0.122333333333333,0.6435,0.962,0,0,0,0.991166666666667,0.9995,0.999833333333333,70900
0.119666666666667,0.635833333333333,0.960666666666667,0,0,0,0.991166666666667,0.9995,0.999833333333333,71000
0.118166666666667,0.627333333333333,0.958666666666667,0,0,0,0.991333333333333,0.9995,0.999833333333333,71100
0.115,0.619666666666667,0.956666666666667,0,0,0,0.9915,0.9995,0.999833333333333,71200
0.1125,0.610666666666667,0.954666666666667,0,0,0,0.9915,0.9995,0.999833333333333,71300
0.109333333333333,0.601166666666667,0.952333333333333,0,0,0,0.991666666666667,0.9995,0.999833333333333,71400
0.106,0.5935,0.950333333333333,0,0,0,0.991666666666667,0.9995,0.999833333333333,71500
0.103333333333333,0.585166666666667,0.948,0,0,0,0.991833333333333,0.9995,0.999833333333333,71600
0.101333333333333,0.5755,0.946333333333333,0,0,0,0.991833333333333,0.9995,0.999833333333333,71700
0.0985,0.567166666666667,0.943333333333333,0,0,0,0.991833333333333,0.9995,0.999833333333333,71800
0.0966666666666667,0.560333333333333,0.940666666666667,0,0,0,0.992,0.9995,0.999833333333333,71900
0.0955,0.552833333333333,0.9385,0,0,0,0.992166666666667,0.9995,0.999833333333333,72000
0.0931666666666667,0.544333333333333,0.936333333333333,0,0,0,0.992166666666667,0.9995,0.999833333333333,72100
0.0915,0.537833333333333,0.933666666666667,0,0,0,0.992333333333333,0.9995,0.999833333333333,72200
0.09,0.531833333333333,0.9315,0,0,0,0.992333333333333,0.9995,0.999833333333333,72300
0.0895,0.522333333333333,0.9295,0,0,0,0.992333333333333,0.9995,0.999833333333333,72400
0.0876666666666667,0.515333333333333,0.926,0,0,0,0.9925,0.9995,0.999833333333333,72500
0.0848333333333333,0.507833333333333,0.923333333333333,0,0,0,0.9925,0.9995,0.999833333333333,72600
0.082,0.4995,0.9205,0,0,0,0.992666666666667,0.9995,0.999833333333333,72700
0.0806666666666667,0.492,0.917833333333333,0,0,0,0.993,0.9995,0.999833333333333,72800
0.0783333333333333,0.483333333333333,0.915166666666667,0,0,0,0.993,0.9995,0.999833333333333,72900
0.0755,0.476333333333333,0.912,0,0,0,0.993,0.9995,1,73000
0.0748333333333333,0.4685,0.908166666666667,0,0,0,0.993,0.9995,1,73100
0.0736666666666667,0.461166666666667,0.903,0,0,0,0.993,0.9995,1,73200
0.0723333333333333,0.454333333333333,0.8975,0,0,0,0.993,0.9995,1,73300
0.0705,0.447166666666667,0.8935,0,0,0,0.993166666666667,0.9995,1,73400
0.0681666666666667,0.439833333333333,0.89,0,0,0,0.993333333333333,0.9995,1,73500
0.0666666666666667,0.4325,0.886,0,0,0,0.993333333333333,0.9995,1,73600
0.0655,0.424833333333333,0.882833333333333,0,0,0,0.993333333333333,0.9995,1,73700
0.064,0.416833333333333,0.878166666666667,0,0,0,0.993333333333333,0.9995,1,73800
0.062,0.410666666666667,0.873833333333333,0,0,0,0.993333333333333,0.9995,1,73900
0.061,0.403166666666667,0.868833333333333,0,0,0,0.993333333333333,0.999666666666667,1,74000
0.0588333333333333,0.398,0.862,0,0,0,0.993333333333333,0.999666666666667,1,74100
0.058,0.3905,0.856166666666667,0,0,0,0.9935,0.999666666666667,1,74200
0.056,0.386166666666667,0.8515,0,0,0,0.9935,0.999666666666667,1,74300
0.0546666666666667,0.379,0.846666666666667,0,0,0,0.993666666666667,0.999666666666667,1,74400
0.0541666666666667,0.373333333333333,0.842333333333333,0,0,0,0.993833333333333,0.999666666666667,1,74500
0.0533333333333333,0.364833333333333,0.838,0,0,0,0.993833333333333,0.999666666666667,1,74600
0.0511666666666667,0.360166666666667,0.832666666666667,0,0,0,0.994166666666667,0.999666666666667,1,74700
0.0496666666666667,0.353666666666667,0.828333333333333,0,0,0,0.994333333333333,0.999666666666667,1,74800
0.049,0.346,0.823833333333333,0,0,0,0.9945,0.999666666666667,1,74900
0.048,0.340166666666667,0.8195,0,0,0,0.9945,0.999666666666667,1,75000
0.0465,0.332333333333333,0.814,0,0,0,0.9945,0.999666666666667,1,75100
0.0453333333333333,0.327666666666667,0.8085,0,0,0,0.9945,0.999666666666667,1,75200
0.0438333333333333,0.322833333333333,0.8015,0,0,0,0.994666666666667,0.999666666666667,1,75300
0.0428333333333333,0.316833333333333,0.796166666666667,0,0,0,0.994833333333333,0.999666666666667,1,75400
0.0421666666666667,0.313,0.7915,0,0,0,0.994833333333333,0.999666666666667,1,75500
0.0411666666666667,0.307166666666667,0.784,0,0,0,0.994833333333333,0.999666666666667,1,75600
0.04,0.301666666666667,0.777,0,0,0,0.994833333333333,0.999666666666667,1,75700
0.0391666666666667,0.296666666666667,0.769,0,0,0,0.994833333333333,0.999666666666667,1,75800
0.0381666666666667,0.290666666666667,0.763,0,0,0,0.994833333333333,0.999666666666667,1,75900
0.0378333333333333,0.283833333333333,0.755,0,0,0,0.994833333333333,0.999666666666667,1,76000
0.0363333333333333,0.28,0.746833333333333,0,0,0,0.994833333333333,0.999666666666667,1,76100
0.0355,0.2745,0.740333333333333,0,0,0,0.994833333333333,0.999666666666667,1,76200
0.0345,0.270833333333333,0.7345,0,0,0,0.994833333333333,0.999666666666667,1,76300
0.034,0.266333333333333,0.729666666666667,0,0,0,0.995,0.999666666666667,1,76400
0.0326666666666667,0.261333333333333,0.722666666666667,0,0,0,0.995,0.999666666666667,1,76500
0.0313333333333333,0.256,0.717,0,0,0,0.995,0.999666666666667,1,76600
0.0308333333333333,0.249833333333333,0.7095,0,0,0,0.995,0.999666666666667,1,76700
0.03,0.245333333333333,0.702166666666667,0,0,0,0.995,0.999666666666667,1,76800
0.0286666666666667,0.241333333333333,0.694666666666667,0,0,0,0.994833333333333,0.999666666666667,1,76900
0.0281666666666667,0.235666666666667,0.687833333333333,0,0,0,0.994833333333333,0.999666666666667,1,77000
0.0271666666666667,0.230666666666667,0.682333333333333,0,0,0,0.994833333333333,0.999666666666667,1,77100
0.0271666666666667,0.226833333333333,0.675833333333333,0,0,0,0.994833333333333,0.999666666666667,1,77200
0.0266666666666667,0.222,0.669,0,0,0,0.995166666666667,0.999666666666667,1,77300
0.0256666666666667,0.218666666666667,0.661833333333333,0,0,0,0.995166666666667,0.999666666666667,1,77400
0.0251666666666667,0.214833333333333,0.656333333333333,0,0,0,0.995333333333333,0.999666666666667,1,77500
0.0243333333333333,0.210833333333333,0.649166666666667,0,0,0,0.9955,0.999666666666667,1,77600
0.0236666666666667,0.2075,0.643,0,0,0,0.995666666666667,0.999666666666667,1,77700
0.0233333333333333,0.203166666666667,0.636,0,0,0,0.995666666666667,0.999666666666667,1,77800
0.0225,0.197833333333333,0.627333333333333,0,0,0,0.995666666666667,0.999666666666667,1,77900
0.022,0.193166666666667,0.621,0,0,0,0.995666666666667,0.999833333333333,1,78000
0.0213333333333333,0.1895,0.6125,0,0,0,0.995666666666667,0.999833333333333,1,78100
0.021,0.185333333333333,0.606666666666667,0,0,0,0.995666666666667,0.999833333333333,1,78200
0.0205,0.1815,0.598833333333333,0,0,0,0.995833333333333,0.999833333333333,1,78300
0.0201666666666667,0.176666666666667,0.589666666666667,0,0,0,0.996166666666667,0.999833333333333,1,78400
0.02,0.173833333333333,0.582,0,0,0,0.996166666666667,0.999833333333333,1,78500
0.0198333333333333,0.1695,0.5725,0,0,0,0.996166666666667,0.999833333333333,1,78600
0.0193333333333333,0.165666666666667,0.564666666666667,0,0,0,0.996166666666667,0.999833333333333,1,78700
0.0188333333333333,0.162333333333333,0.557166666666667,0,0,0,0.996166666666667,0.999833333333333,1,78800
0.0188333333333333,0.160166666666667,0.549666666666667,0,0,0,0.996166666666667,0.999833333333333,1,78900
0.0185,0.155833333333333,0.542666666666667,0,0,0,0.996333333333333,0.999833333333333,1,79000
0.0181666666666667,0.1525,0.535833333333333,0,0,0,0.996333333333333,0.999833333333333,1,79100
0.0181666666666667,0.1495,0.5295,0,0,0,0.996166666666667,0.999833333333333,1,79200
0.0176666666666667,0.145833333333333,0.5225,0,0,0,0.996,0.999833333333333,1,79300
0.0176666666666667,0.143,0.5165,0,0,0,0.996166666666667,0.999833333333333,1,79400
0.0175,0.140666666666667,0.5095,0,0,0,0.996,0.999833333333333,1,79500
0.0173333333333333,0.138333333333333,0.502833333333333,0,0,0,0.996,0.999833333333333,1,79600
0.017,0.135333333333333,0.497,0,0,0,0.995833333333333,0.999833333333333,1,79700
0.0161666666666667,0.1325,0.489,0,0,0,0.995666666666667,0.999833333333333,1,79800
0.016,0.130166666666667,0.4805,0,0,0,0.995666666666667,0.999833333333333,1,79900
0.0155,0.126666666666667,0.4735,0,0,0,0.995666666666667,0.999833333333333,1,80000
0.015,0.124,0.466,0,0,0,0.995833333333333,0.999833333333333,1,80100
0.0145,0.121666666666667,0.459333333333333,0,0,0,0.995833333333333,0.999833333333333,1,80200
0.0138333333333333,0.119666666666667,0.4535,0,0,0,0.995833333333333,0.999833333333333,1,80300
0.0136666666666667,0.118166666666667,0.446666666666667,0,0,0,0.995833333333333,0.999833333333333,1,80400
0.0133333333333333,0.115833333333333,0.439333333333333,0,0,0,0.995833333333333,0.999833333333333,1,80500
0.013,0.111666666666667,0.433,0,0,0,0.9955,0.999833333333333,1,80600
0.0126666666666667,0.108166666666667,0.426666666666667,0,0,0,0.995166666666667,0.999833333333333,1,80700
0.0123333333333333,0.106,0.419166666666667,0,0,0,0.995166666666667,0.999833333333333,1,80800
0.012,0.104166666666667,0.410833333333333,0,0,0,0.995,0.999833333333333,1,80900
0.0118333333333333,0.101833333333333,0.404666666666667,0,0,0,0.995,0.999833333333333,1,81000
0.0116666666666667,0.100166666666667,0.4005,0,0,0,0.995,0.999833333333333,1,81100
0.0111666666666667,0.0991666666666667,0.394,0,0,0,0.994833333333333,0.999833333333333,1,81200
0.0105,0.0973333333333333,0.387833333333333,0,0,0,0.994666666666667,0.999833333333333,1,81300
0.01,0.0945,0.3815,0,0,0,0.9945,0.999833333333333,1,81400
0.00983333333333333,0.0938333333333333,0.375,0,0,0,0.9945,0.999833333333333,1,81500
0.00983333333333333,0.092,0.370666666666667,0,0,0,0.994166666666667,0.999833333333333,1,81600
0.0095,0.0903333333333333,0.364333333333333,0,0,0,0.994166666666667,0.999833333333333,1,81700
0.0095,0.0891666666666667,0.358666666666667,0,0,0,0.994166666666667,0.999833333333333,1,81800
0.00916666666666667,0.088,0.352666666666667,0,0,0,0.994,0.999833333333333,1,81900
0.00916666666666667,0.0858333333333333,0.3455,0,0,0,0.994166666666667,0.999833333333333,1,82000
0.009,0.0831666666666667,0.34,0,0,0,0.994166666666667,0.999833333333333,1,82100
0.00883333333333333,0.0815,0.3345,0,0,0,0.994166666666667,0.999833333333333,1,82200
0.00883333333333333,0.0801666666666667,0.327333333333333,0,0,0,0.994,0.999833333333333,1,82300
0.00833333333333333,0.0793333333333333,0.323,0,0,0,0.994166666666667,0.999833333333333,1,82400
0.00816666666666667,0.0771666666666667,0.318166666666667,0,0,0,0.994166666666667,0.999833333333333,1,82500
0.008,0.0753333333333333,0.313,0,0,0,0.994166666666667,0.999833333333333,1,82600
0.008,0.0733333333333333,0.309,0,0,0,0.994,0.999833333333333,1,82700
0.00783333333333333,0.0713333333333333,0.304,0,0,0,0.993833333333333,0.999833333333333,1,82800
0.0075,0.07,0.298666666666667,0,0,0,0.993833333333333,0.999833333333333,1,82900
0.0075,0.0683333333333333,0.295166666666667,0,0,0,0.9935,0.999833333333333,1,83000
0.0075,0.0668333333333333,0.289833333333333,0,0,0,0.9935,0.999833333333333,1,83100
0.0075,0.0663333333333333,0.283666666666667,0,0,0,0.993333333333333,0.999833333333333,1,83200
0.00733333333333333,0.065,0.2785,0,0,0,0.993333333333333,0.999833333333333,1,83300
0.00733333333333333,0.063,0.274833333333333,0,0,0,0.993333333333333,0.999833333333333,1,83400
0.00716666666666667,0.0613333333333333,0.272,0,0,0,0.993333333333333,0.999833333333333,1,83500
0.007,0.0601666666666667,0.267,0,0,0,0.993333333333333,0.999833333333333,1,83600
0.007,0.0585,0.262,0,0,0,0.993333333333333,0.999833333333333,1,83700
0.00683333333333333,0.0573333333333333,0.256833333333333,0,0,0,0.993333333333333,0.999833333333333,1,83800
0.00683333333333333,0.0563333333333333,0.253333333333333,0,0,0,0.993333333333333,0.999833333333333,1,83900
0.00683333333333333,0.0555,0.2485,0,0,0,0.993,0.999833333333333,1,84000
0.00666666666666667,0.0535,0.242333333333333,0,0,0,0.992833333333333,0.999833333333333,1,84100
0.00666666666666667,0.0528333333333333,0.238166666666667,0,0,0,0.992833333333333,0.999833333333333,1,84200
0.00616666666666667,0.0513333333333333,0.234166666666667,0,0,0,0.992333333333333,0.999833333333333,1,84300
0.00616666666666667,0.0505,0.228166666666667,0,0,0,0.992166666666667,0.999833333333333,1,84400
0.006,0.0496666666666667,0.224166666666667,0,0,0,0.992,0.999833333333333,1,84500
0.006,0.0485,0.221166666666667,0,0,0,0.992,0.999833333333333,1,84600
0.006,0.0473333333333333,0.217166666666667,0,0,0,0.9915,0.999833333333333,1,84700
0.00583333333333333,0.0456666666666667,0.214333333333333,0,0,0,0.991166666666667,0.999833333333333,1,84800
0.00583333333333333,0.0448333333333333,0.211,0,0,0,0.990833333333333,0.999833333333333,1,84900
0.00566666666666667,0.0446666666666667,0.206666666666667,0,0,0,0.990666666666667,0.999833333333333,1,85000
0.0055,0.0433333333333333,0.203666666666667,0,0,0,0.9905,0.999833333333333,1,85100
0.0055,0.0418333333333333,0.198666666666667,0,0,0,0.9905,0.999833333333333,1,85200
0.0055,0.0408333333333333,0.1945,0,0,0,0.990333333333333,0.999833333333333,1,85300
0.0055,0.0406666666666667,0.190166666666667,0,0,0,0.990333333333333,0.999833333333333,1,85400
0.0055,0.0401666666666667,0.185666666666667,0,0,0,0.989833333333333,0.999833333333333,1,85500
0.0055,0.039,0.181,0,0,0,0.989166666666667,0.999833333333333,1,85600
0.0055,0.0376666666666667,0.178166666666667,0,0,0,0.989,0.999833333333333,1,85700
0.00516666666666667,0.037,0.174833333333333,0,0,0,0.989,0.999833333333333,1,85800
0.005,0.0363333333333333,0.1715,0,0,0,0.989,0.999833333333333,1,85900
0.005,0.035,0.167333333333333,0,0,0,0.988833333333333,0.999833333333333,1,86000
0.00483333333333333,0.0345,0.1645,0,0,0,0.988833333333333,0.999833333333333,1,86100
0.00466666666666667,0.0336666666666667,0.162666666666667,0,0,0,0.9885,0.999833333333333,1,86200
0.0045,0.0328333333333333,0.160166666666667,0,0,0,0.987833333333333,0.999833333333333,1,86300
0.0045,0.032,0.157666666666667,0,0,0,0.9875,0.999833333333333,1,86400
0.0045,0.0301666666666667,0.1535,0,0,0,0.9875,0.999833333333333,1,86500
0.0045,0.0295,0.149833333333333,0,0,0,0.987333333333333,0.999833333333333,1,86600
0.0045,0.029,0.146166666666667,0,0,0,0.987166666666667,0.999833333333333,1,86700
0.0045,0.0286666666666667,0.1445,0,0,0,0.986666666666667,0.999833333333333,1,86800
0.00433333333333333,0.0281666666666667,0.1425,0,0,0,0.986,0.999833333333333,1,86900
0.00433333333333333,0.0275,0.14,0,0,0,0.985333333333333,0.999833333333333,1,87000
0.00433333333333333,0.0265,0.136333333333333,0,0,0,0.984833333333333,0.999833333333333,1,87100
0.00433333333333333,0.0263333333333333,0.132666666666667,0,0,0,0.984333333333333,0.999833333333333,1,87200
0.00433333333333333,0.0253333333333333,0.131,0,0,0,0.984166666666667,0.999833333333333,1,87300
0.00433333333333333,0.025,0.128833333333333,0,0,0,0.983666666666667,0.999833333333333,1,87400
0.00416666666666667,0.0245,0.126,0,0,0,0.983666666666667,0.999833333333333,1,87500
0.004,0.0243333333333333,0.123833333333333,0,0,0,0.983166666666667,0.999833333333333,1,87600
0.00383333333333333,0.0236666666666667,0.121333333333333,0,0,0,0.983166666666667,0.999833333333333,1,87700
0.00366666666666667,0.023,0.119666666666667,0,0,0,0.983166666666667,0.999833333333333,1,87800
0.00366666666666667,0.0226666666666667,0.116666666666667,0,0,0,0.982666666666667,0.999833333333333,1,87900
0.00366666666666667,0.0225,0.115,0,0,0,0.982333333333333,0.999833333333333,1,88000
0.00366666666666667,0.0223333333333333,0.1125,0,0,0,0.981833333333333,0.999833333333333,1,88100
0.00366666666666667,0.022,0.110333333333333,0,0,0,0.981333333333333,0.999833333333333,1,88200
0.00366666666666667,0.021,0.1085,0,0,0,0.981166666666667,0.999833333333333,1,88300
0.00333333333333333,0.0201666666666667,0.106,0,0,0,0.9795,0.999833333333333,1,88400
0.00333333333333333,0.02,0.104166666666667,0,0,0,0.979666666666667,0.999833333333333,1,88500
0.00333333333333333,0.02,0.102,0,0,0,0.9795,0.999833333333333,1,88600
0.00333333333333333,0.0196666666666667,0.0995,0,0,0,0.978333333333333,0.999833333333333,1,88700
0.00316666666666667,0.0193333333333333,0.0985,0,0,0,0.978166666666667,0.999833333333333,1,88800
0.003,0.0193333333333333,0.0975,0,0,0,0.978,0.999833333333333,1,88900
0.003,0.0191666666666667,0.096,0,0,0,0.977833333333333,0.999833333333333,1,89000
0.003,0.0186666666666667,0.0938333333333333,0,0,0,0.977333333333333,0.999833333333333,1,89100
0.003,0.0181666666666667,0.0923333333333333,0,0,0,0.976666666666667,0.999833333333333,1,89200
0.003,0.0178333333333333,0.091,0,0,0,0.976,0.999833333333333,1,89300
0.003,0.0178333333333333,0.09,0,0,0,0.9755,0.999833333333333,1,89400
0.003,0.0175,0.0873333333333333,0,0,0,0.975,0.999833333333333,1,89500
0.00283333333333333,0.0173333333333333,0.0858333333333333,0,0,0,0.974666666666667,0.999833333333333,1,89600
0.00283333333333333,0.0171666666666667,0.084,0,0,0,0.9735,0.999833333333333,1,89700
0.00266666666666667,0.017,0.0828333333333333,0,0,0,0.972333333333333,0.999833333333333,1,89800
0.0025,0.0166666666666667,0.0811666666666667,0,0,0,0.971666666666667,0.999833333333333,1,89900
0.00233333333333333,0.0165,0.0801666666666667,0,0,0,0.971333333333333,0.999833333333333,1,90000
0.00233333333333333,0.0165,0.0778333333333333,0,0,0,0.970333333333333,0.999833333333333,1,90100
0.00233333333333333,0.0163333333333333,0.0765,0,0,0,0.969833333333333,0.999833333333333,1,90200
0.00216666666666667,0.0158333333333333,0.0748333333333333,0,0,0,0.969,0.999833333333333,1,90300
0.00216666666666667,0.0156666666666667,0.0736666666666667,0,0,0,0.968666666666667,0.999833333333333,1,90400
0.002,0.0145,0.0718333333333333,0,0,0,0.967833333333333,0.999833333333333,1,90500
0.002,0.014,0.0713333333333333,0,0,0,0.9675,0.999833333333333,1,90600
0.002,0.0136666666666667,0.0693333333333333,0,0,0,0.9665,0.999833333333333,1,90700
0.002,0.0136666666666667,0.0678333333333333,0,0,0,0.966166666666667,0.999666666666667,1,90800
0.002,0.0133333333333333,0.0666666666666667,0,0,0,0.965666666666667,0.999666666666667,1,90900
0.002,0.0126666666666667,0.0648333333333333,0,0,0,0.965166666666667,0.999666666666667,1,91000
0.002,0.0123333333333333,0.0633333333333333,0,0,0,0.964333333333333,0.999666666666667,1,91100
0.002,0.0121666666666667,0.0615,0,0,0,0.963833333333333,0.999666666666667,1,91200
0.002,0.0118333333333333,0.0603333333333333,0,0,0,0.9625,0.999666666666667,1,91300
0.002,0.0116666666666667,0.0595,0,0,0,0.962166666666667,0.999666666666667,1,91400
0.002,0.0113333333333333,0.058,0,0,0,0.961166666666667,0.999666666666667,1,91500
0.00183333333333333,0.011,0.0568333333333333,0,0,0,0.959666666666667,0.9995,1,91600
0.00183333333333333,0.0108333333333333,0.0555,0,0,0,0.959333333333333,0.9995,1,91700
0.00183333333333333,0.0105,0.0545,0,0,0,0.9585,0.999333333333333,1,91800
0.00183333333333333,0.01,0.0535,0,0,0,0.957666666666667,0.9995,1,91900
0.00183333333333333,0.00983333333333333,0.0518333333333333,0,0,0,0.957666666666667,0.9995,1,92000
0.00183333333333333,0.00933333333333333,0.051,0,0,0,0.9575,0.999333333333333,1,92100
0.00183333333333333,0.00933333333333333,0.0496666666666667,0,0,0,0.956833333333333,0.999333333333333,1,92200
0.00183333333333333,0.00933333333333333,0.0491666666666667,0,0,0,0.956166666666667,0.999333333333333,1,92300
0.00183333333333333,0.00916666666666667,0.0481666666666667,0,0,0,0.9555,0.999333333333333,1,92400
0.00183333333333333,0.009,0.0478333333333333,0,0,0,0.954833333333333,0.999333333333333,1,92500
0.00183333333333333,0.00883333333333333,0.0466666666666667,0,0,0,0.954166666666667,0.999333333333333,1,92600
0.00166666666666667,0.00883333333333333,0.0455,0,0,0,0.9535,0.999333333333333,1,92700
0.00166666666666667,0.0085,0.0445,0,0,0,0.9525,0.999333333333333,1,92800
0.00166666666666667,0.008,0.0433333333333333,0,0,0,0.951666666666667,0.999333333333333,1,92900
0.00166666666666667,0.008,0.0425,0,0,0,0.9505,0.999333333333333,1,93000
0.00166666666666667,0.008,0.0421666666666667,0,0,0,0.95,0.999333333333333,1,93100
0.00166666666666667,0.0075,0.041,0,0,0,0.948666666666667,0.999333333333333,1,93200
0.00166666666666667,0.0075,0.0403333333333333,0,0,0,0.948333333333333,0.999333333333333,1,93300
0.00166666666666667,0.0075,0.0393333333333333,0,0,0,0.946833333333333,0.999333333333333,1,93400
0.0015,0.0075,0.0383333333333333,0,0,0,0.946,0.999333333333333,1,93500
0.0015,0.0075,0.0375,0,0,0,0.945166666666667,0.999333333333333,1,93600
0.00133333333333333,0.0075,0.0366666666666667,0,0,0,0.943833333333333,0.999333333333333,1,93700
0.00133333333333333,0.00716666666666667,0.0356666666666667,0,0,0,0.942666666666667,0.999333333333333,1,93800
0.00133333333333333,0.00716666666666667,0.0355,0,0,0,0.941833333333333,0.999333333333333,1,93900
0.00133333333333333,0.00716666666666667,0.0346666666666667,0,0,0,0.9405,0.999333333333333,1,94000
0.00133333333333333,0.00716666666666667,0.0338333333333333,0,0,0,0.9395,0.999333333333333,1,94100
0.00133333333333333,0.00683333333333333,0.0333333333333333,0,0,0,0.938833333333333,0.999333333333333,1,94200
0.00133333333333333,0.00683333333333333,0.0323333333333333,0,0,0,0.937666666666667,0.999333333333333,1,94300
0.00116666666666667,0.00683333333333333,0.0311666666666667,0,0,0,0.937166666666667,0.999,1,94400
0.001,0.00666666666666667,0.0298333333333333,0,0,0,0.936333333333333,0.999,1,94500
0.000833333333333333,0.00666666666666667,0.0291666666666667,0,0,0,0.935166666666667,0.999,1,94600
0.000833333333333333,0.0065,0.029,0,0,0,0.934,0.998833333333333,1,94700
0.000833333333333333,0.00633333333333333,0.0281666666666667,0,0,0,0.932833333333333,0.998833333333333,1,94800
0.000833333333333333,0.00616666666666667,0.0278333333333333,0,0,0,0.9315,0.998666666666667,1,94900
0.000833333333333333,0.00616666666666667,0.0271666666666667,0,0,0,0.930666666666667,0.9985,1,95000
0.000833333333333333,0.00616666666666667,0.0265,0,0,0,0.929166666666667,0.9985,1,95100
0.000833333333333333,0.00616666666666667,0.0263333333333333,0,0,0,0.9285,0.9985,1,95200
0.000833333333333333,0.00616666666666667,0.026,0,0,0,0.927666666666667,0.9985,1,95300
0.000833333333333333,0.00616666666666667,0.0251666666666667,0,0,0,0.926833333333333,0.9985,1,95400
0.000833333333333333,0.006,0.025,0,0,0,0.925333333333333,0.9985,1,95500
0.000833333333333333,0.006,0.0241666666666667,0,0,0,0.923833333333333,0.9985,1,95600
0.000833333333333333,0.006,0.0235,0,0,0,0.922833333333333,0.998333333333333,1,95700
0.000833333333333333,0.00566666666666667,0.0233333333333333,0,0,0,0.921166666666667,0.998333333333333,1,95800
0.000833333333333333,0.00566666666666667,0.023,0,0,0,0.920333333333333,0.998166666666667,1,95900
0.000833333333333333,0.00566666666666667,0.0228333333333333,0,0,0,0.918333333333333,0.998,1,96000
0.000833333333333333,0.00566666666666667,0.0228333333333333,0,0,0,0.9165,0.997833333333333,1,96100
0.000833333333333333,0.0055,0.0225,0,0,0,0.915333333333333,0.997666666666667,1,96200
0.000833333333333333,0.0055,0.022,0,0,0,0.9145,0.9975,1,96300
0.000833333333333333,0.0055,0.0213333333333333,0,0,0,0.913166666666667,0.9975,1,96400
0.000833333333333333,0.00516666666666667,0.0206666666666667,0,0,0,0.910833333333333,0.9975,1,96500
0.000833333333333333,0.005,0.0206666666666667,0,0,0,0.909,0.9975,1,96600
0.000833333333333333,0.005,0.0203333333333333,0,0,0,0.907166666666667,0.997333333333333,1,96700
0.000833333333333333,0.005,0.0201666666666667,0,0,0,0.906166666666667,0.997166666666667,1,96800
0.000833333333333333,0.00483333333333333,0.0196666666666667,0,0,0,0.905166666666667,0.997,1,96900
0.000833333333333333,0.00466666666666667,0.0195,0,0,0,0.903666666666667,0.996833333333333,1,97000
0.000833333333333333,0.00466666666666667,0.0191666666666667,0,0,0,0.901833333333333,0.996666666666667,1,97100
0.000833333333333333,0.00466666666666667,0.019,0,0,0,0.900666666666667,0.9965,1,97200
0.000833333333333333,0.00466666666666667,0.0186666666666667,0,0,0,0.899166666666667,0.9965,1,97300
0.000833333333333333,0.00466666666666667,0.0183333333333333,0,0,0,0.898166666666667,0.9965,1,97400
0.000833333333333333,0.00433333333333333,0.0178333333333333,0,0,0,0.896333333333333,0.996333333333333,1,97500
0.000833333333333333,0.00433333333333333,0.0175,0,0,0,0.893833333333333,0.996333333333333,1,97600
0.000833333333333333,0.00433333333333333,0.017,0,0,0,0.892666666666667,0.996166666666667,1,97700
0.000833333333333333,0.00433333333333333,0.0168333333333333,0,0,0,0.891333333333333,0.996,1,97800
0.000833333333333333,0.00433333333333333,0.0168333333333333,0,0,0,0.890333333333333,0.996,1,97900
0.000833333333333333,0.00433333333333333,0.0168333333333333,0,0,0,0.889,0.995833333333333,1,98000
0.000833333333333333,0.00433333333333333,0.0165,0,0,0,0.886833333333333,0.995833333333333,1,98100
0.000833333333333333,0.00433333333333333,0.0165,0,0,0,0.884833333333333,0.995833333333333,1,98200
0.000833333333333333,0.00433333333333333,0.0165,0,0,0,0.882833333333333,0.995833333333333,1,98300
0.000833333333333333,0.00416666666666667,0.0163333333333333,0,0,0,0.882,0.995666666666667,1,98400
0.000833333333333333,0.00416666666666667,0.0161666666666667,0,0,0,0.8805,0.995666666666667,1,98500
0.000666666666666667,0.00383333333333333,0.0156666666666667,0,0,0,0.8785,0.9955,1,98600
0.000666666666666667,0.00383333333333333,0.0153333333333333,0,0,0,0.876333333333333,0.9955,1,98700
0.000666666666666667,0.00366666666666667,0.0148333333333333,0,0,0,0.874333333333333,0.995166666666667,1,98800
0.000666666666666667,0.00366666666666667,0.0146666666666667,0,0,0,0.872833333333333,0.995166666666667,1,98900
0.000666666666666667,0.00366666666666667,0.0141666666666667,0,0,0,0.870666666666667,0.995166666666667,1,99000
5e-04,0.00366666666666667,0.0141666666666667,0,0,0,0.869333333333333,0.995,1,99100
5e-04,0.00366666666666667,0.0138333333333333,0,0,0,0.8675,0.994833333333333,1,99200
0.000333333333333333,0.00366666666666667,0.013,0,0,0,0.866,0.994833333333333,1,99300
0.000333333333333333,0.0035,0.0126666666666667,0,0,0,0.863833333333333,0.994833333333333,1,99400
0.000333333333333333,0.0035,0.0125,0,0,0,0.862166666666667,0.994833333333333,1,99500
0.000333333333333333,0.0035,0.0121666666666667,0,0,0,0.86,0.994833333333333,1,99600
0.000333333333333333,0.00333333333333333,0.012,0,0,0,0.858166666666667,0.994833333333333,1,99700
0.000333333333333333,0.00333333333333333,0.0116666666666667,0,0,0,0.8565,0.994666666666667,1,99800
0.000333333333333333,0.00316666666666667,0.0115,0,0,0,0.854166666666667,0.994666666666667,1,99900
0.000333333333333333,0.00316666666666667,0.0113333333333333,0,0,0,0.852666666666667,0.994333333333333,1,1e+05
0.000333333333333333,0.00316666666666667,0.0108333333333333,0,0,0,0.850666666666667,0.994166666666667,1,100100
0.000333333333333333,0.00316666666666667,0.0103333333333333,0,0,0,0.849,0.994166666666667,1,100200
0.000333333333333333,0.003,0.01,0,0,0,0.846166666666667,0.994166666666667,1,100300
0.000333333333333333,0.003,0.00966666666666667,0,0,0,0.8435,0.993666666666667,1,100400
0.000333333333333333,0.003,0.00966666666666667,0,0,0,0.841,0.993666666666667,1,100500
0.000333333333333333,0.00283333333333333,0.00966666666666667,0,0,0,0.839333333333333,0.993166666666667,1,100600
0.000333333333333333,0.00266666666666667,0.0095,0,0,0,0.837833333333333,0.993166666666667,1,100700
0.000333333333333333,0.00266666666666667,0.00916666666666667,0,0,0,0.8355,0.993,1,100800
0.000333333333333333,0.00266666666666667,0.009,0,0,0,0.833833333333333,0.992666666666667,1,100900
0.000333333333333333,0.00266666666666667,0.00883333333333333,0,0,0,0.8315,0.992166666666667,1,101000
0.000333333333333333,0.00266666666666667,0.00866666666666667,0,0,0,0.83,0.992,1,101100
0.000333333333333333,0.00266666666666667,0.0085,0,0,0,0.827,0.991833333333333,1,101200
0.000333333333333333,0.00266666666666667,0.0085,0,0,0,0.825,0.991833333333333,1,101300
0.000333333333333333,0.00266666666666667,0.00783333333333333,0,0,0,0.822166666666667,0.991666666666667,1,101400
0.000333333333333333,0.00233333333333333,0.00783333333333333,0,0,0,0.820666666666667,0.991666666666667,1,101500
0.000333333333333333,0.00233333333333333,0.00766666666666667,0,0,0,0.818166666666667,0.9915,1,101600
0.000333333333333333,0.00233333333333333,0.0075,0,0,0,0.815666666666667,0.9915,1,101700
0.000333333333333333,0.00233333333333333,0.0075,0,0,0,0.814333333333333,0.991,1,101800
0.000333333333333333,0.00233333333333333,0.0075,0,0,0,0.8125,0.990833333333333,1,101900
0.000333333333333333,0.00216666666666667,0.0075,0,0,0,0.811,0.990333333333333,1,102000
0.000166666666666667,0.00216666666666667,0.00733333333333333,0,0,0,0.809,0.990166666666667,1,102100
0.000166666666666667,0.00216666666666667,0.00733333333333333,0,0,0,0.807166666666667,0.990166666666667,1,102200
0.000166666666666667,0.002,0.00733333333333333,0,0,0,0.805666666666667,0.990166666666667,1,102300
0.000166666666666667,0.002,0.00733333333333333,0,0,0,0.803666666666667,0.990166666666667,1,102400
0.000166666666666667,0.002,0.00716666666666667,0,0,0,0.8025,0.99,1,102500
0.000166666666666667,0.002,0.007,0,0,0,0.8015,0.989833333333333,1,102600
0.000166666666666667,0.002,0.007,0,0,0,0.798166666666667,0.989333333333333,1,102700
0.000166666666666667,0.002,0.00666666666666667,0,0,0,0.795333333333333,0.988833333333333,1,102800
0.000166666666666667,0.002,0.00666666666666667,0,0,0,0.793666666666667,0.9885,1,102900
0.000166666666666667,0.002,0.0065,0,0,0,0.792166666666667,0.9885,1,103000
0.000166666666666667,0.00183333333333333,0.0065,0,0,0,0.790833333333333,0.988333333333333,1,103100
0.000166666666666667,0.00183333333333333,0.0065,0,0,0,0.7885,0.988333333333333,1,103200
0.000166666666666667,0.00183333333333333,0.00633333333333333,0,0,0,0.786166666666667,0.987833333333333,1,103300
0.000166666666666667,0.00183333333333333,0.00633333333333333,0,0,0,0.783666666666667,0.987333333333333,1,103400
0.000166666666666667,0.00183333333333333,0.00633333333333333,0,0,0,0.781166666666667,0.987,1,103500
0.000166666666666667,0.00183333333333333,0.00633333333333333,0,0,0,0.778833333333333,0.9865,1,103600
0.000166666666666667,0.00183333333333333,0.00616666666666667,0,0,0,0.776666666666667,0.986,1,103700
0.000166666666666667,0.00183333333333333,0.00616666666666667,0,0,0,0.7745,0.985666666666667,1,103800
0.000166666666666667,0.00183333333333333,0.00616666666666667,0,0,0,0.7725,0.985166666666667,1,103900
0.000166666666666667,0.00183333333333333,0.00616666666666667,0,0,0,0.770166666666667,0.985166666666667,1,104000
0.000166666666666667,0.00183333333333333,0.00616666666666667,0,0,0,0.768,0.984666666666667,1,104100
0.000166666666666667,0.00166666666666667,0.00616666666666667,0,0,0,0.766666666666667,0.984666666666667,1,104200
0.000166666666666667,0.00166666666666667,0.00616666666666667,0,0,0,0.764833333333333,0.984333333333333,1,104300
0.000166666666666667,0.00166666666666667,0.00583333333333333,0,0,0,0.7635,0.984166666666667,0.999833333333333,104400
0.000166666666666667,0.00166666666666667,0.00583333333333333,0,0,0,0.760833333333333,0.984166666666667,0.999833333333333,104500
0.000166666666666667,0.00166666666666667,0.00583333333333333,0,0,0,0.758166666666667,0.983833333333333,0.999833333333333,104600
0.000166666666666667,0.00166666666666667,0.00566666666666667,0,0,0,0.755666666666667,0.983666666666667,0.999833333333333,104700
0.000166666666666667,0.00166666666666667,0.00566666666666667,0,0,0,0.7525,0.983333333333333,0.999833333333333,104800
0.000166666666666667,0.0015,0.0055,0,0,0,0.750333333333333,0.982833333333333,0.999833333333333,104900
0.000166666666666667,0.0015,0.0055,0,0,0,0.748166666666667,0.9825,0.999833333333333,105000
0.000166666666666667,0.0015,0.00516666666666667,0,0,0,0.744333333333333,0.982166666666667,0.999833333333333,105100
0.000166666666666667,0.0015,0.00516666666666667,0,0,0,0.741666666666667,0.982,0.999833333333333,105200
0.000166666666666667,0.0015,0.005,0,0,0,0.737833333333333,0.9805,0.999666666666667,105300
0.000166666666666667,0.0015,0.005,0,0,0,0.735666666666667,0.9805,0.999666666666667,105400
0.000166666666666667,0.00133333333333333,0.00466666666666667,0,0,0,0.7325,0.980333333333333,0.999666666666667,105500
0.000166666666666667,0.00133333333333333,0.00466666666666667,0,0,0,0.730666666666667,0.979666666666667,0.9995,105600
0.000166666666666667,0.00133333333333333,0.00466666666666667,0,0,0,0.729,0.979166666666667,0.9995,105700
0.000166666666666667,0.00133333333333333,0.00466666666666667,0,0,0,0.726666666666667,0.978833333333333,0.999333333333333,105800
0.000166666666666667,0.00133333333333333,0.0045,0,0,0,0.7255,0.978833333333333,0.999333333333333,105900
0.000166666666666667,0.00133333333333333,0.0045,0,0,0,0.723333333333333,0.978666666666667,0.999333333333333,106000
0.000166666666666667,0.00133333333333333,0.0045,0,0,0,0.7215,0.9785,0.999333333333333,106100
0.000166666666666667,0.00116666666666667,0.0045,0,0,0,0.7185,0.9775,0.999333333333333,106200
0.000166666666666667,0.00116666666666667,0.0045,0,0,0,0.715333333333333,0.977166666666667,0.999333333333333,106300
0.000166666666666667,0.00116666666666667,0.0045,0,0,0,0.7125,0.976666666666667,0.999333333333333,106400
0.000166666666666667,0.00116666666666667,0.0045,0,0,0,0.709666666666667,0.976333333333333,0.999333333333333,106500
0.000166666666666667,0.00116666666666667,0.0045,0,0,0,0.707666666666667,0.975833333333333,0.999333333333333,106600
0.000166666666666667,0.001,0.00433333333333333,0,0,0,0.705666666666667,0.975333333333333,0.999333333333333,106700
0.000166666666666667,0.001,0.00433333333333333,0,0,0,0.703,0.974666666666667,0.999333333333333,106800
0.000166666666666667,0.001,0.00433333333333333,0,0,0,0.699333333333333,0.973833333333333,0.999333333333333,106900
0.000166666666666667,0.001,0.00416666666666667,0,0,0,0.696666666666667,0.972666666666667,0.999333333333333,107000
0.000166666666666667,0.001,0.00416666666666667,0,0,0,0.694,0.972166666666667,0.999333333333333,107100
0.000166666666666667,0.001,0.004,0,0,0,0.691666666666667,0.971666666666667,0.999333333333333,107200
0.000166666666666667,0.000833333333333333,0.004,0,0,0,0.6885,0.970833333333333,0.999333333333333,107300
0.000166666666666667,0.000833333333333333,0.004,0,0,0,0.6855,0.9705,0.999333333333333,107400
0.000166666666666667,0.000833333333333333,0.00383333333333333,0,0,0,0.682666666666667,0.97,0.999333333333333,107500
0.000166666666666667,0.000833333333333333,0.00366666666666667,0,0,0,0.680166666666667,0.969333333333333,0.999333333333333,107600
0.000166666666666667,0.000833333333333333,0.00366666666666667,0,0,0,0.6775,0.968833333333333,0.999333333333333,107700
0.000166666666666667,0.000833333333333333,0.00366666666666667,0,0,0,0.674666666666667,0.968333333333333,0.999333333333333,107800
0.000166666666666667,0.000833333333333333,0.00366666666666667,0,0,0,0.672166666666667,0.968,0.999333333333333,107900
0.000166666666666667,0.000833333333333333,0.00366666666666667,0,0,0,0.669166666666667,0.967333333333333,0.999333333333333,108000
0.000166666666666667,0.000833333333333333,0.00366666666666667,0,0,0,0.666333333333333,0.966833333333333,0.999333333333333,108100
0.000166666666666667,0.000833333333333333,0.0035,0,0,0,0.663,0.9665,0.999333333333333,108200
0.000166666666666667,0.000833333333333333,0.0035,0,0,0,0.6615,0.965833333333333,0.999333333333333,108300
0.000166666666666667,0.000833333333333333,0.00333333333333333,0,0,0,0.658666666666667,0.965666666666667,0.999333333333333,108400
0.000166666666666667,0.000833333333333333,0.00333333333333333,0,0,0,0.655666666666667,0.964833333333333,0.999,108500
0.000166666666666667,0.000833333333333333,0.00333333333333333,0,0,0,0.654,0.964333333333333,0.999,108600
0.000166666666666667,0.000833333333333333,0.00333333333333333,0,0,0,0.6515,0.9635,0.999,108700
0.000166666666666667,0.000833333333333333,0.00316666666666667,0,0,0,0.648166666666667,0.962833333333333,0.998833333333333,108800
0.000166666666666667,0.000833333333333333,0.00316666666666667,0,0,0,0.645,0.962,0.998833333333333,108900
0.000166666666666667,0.000833333333333333,0.00316666666666667,0,0,0,0.642333333333333,0.9615,0.998666666666667,109000
0.000166666666666667,0.000833333333333333,0.00316666666666667,0,0,0,0.639333333333333,0.960166666666667,0.998666666666667,109100
0.000166666666666667,0.000833333333333333,0.00316666666666667,0,0,0,0.636333333333333,0.959833333333333,0.9985,109200
0.000166666666666667,0.000833333333333333,0.00283333333333333,0,0,0,0.634166666666667,0.959166666666667,0.9985,109300
0.000166666666666667,0.000833333333333333,0.00283333333333333,0,0,0,0.632166666666667,0.958666666666667,0.9985,109400
0.000166666666666667,0.000833333333333333,0.00283333333333333,0,0,0,0.629833333333333,0.958166666666667,0.9985,109500
0.000166666666666667,0.000833333333333333,0.00283333333333333,0,0,0,0.627833333333333,0.958166666666667,0.9985,109600
0.000166666666666667,0.000833333333333333,0.00283333333333333,0,0,0,0.624,0.957833333333333,0.9985,109700
0.000166666666666667,0.000833333333333333,0.00283333333333333,0,0,0,0.621333333333333,0.957333333333333,0.9985,109800
0.000166666666666667,0.000833333333333333,0.00266666666666667,0,0,0,0.6185,0.956833333333333,0.9985,109900
0.000166666666666667,0.000833333333333333,0.00266666666666667,0,0,0,0.616333333333333,0.956,0.9985,110000
0.000166666666666667,0.000833333333333333,0.00266666666666667,0,0,0,0.614,0.955666666666667,0.998333333333333,110100
0.000166666666666667,0.000833333333333333,0.00266666666666667,0,0,0,0.610833333333333,0.955333333333333,0.998333333333333,110200
0.000166666666666667,0.000833333333333333,0.00266666666666667,0,0,0,0.608333333333333,0.9545,0.998166666666667,110300
0.000166666666666667,0.000833333333333333,0.00266666666666667,0,0,0,0.607166666666667,0.954,0.998,110400
0.000166666666666667,0.000666666666666667,0.00266666666666667,0,0,0,0.604666666666667,0.953333333333333,0.997666666666667,110500
0,0.000666666666666667,0.00266666666666667,0,0,0,0.602166666666667,0.952166666666667,0.997666666666667,110600
0,0.000666666666666667,0.0025,0,0,0,0.600166666666667,0.9515,0.9975,110700
0,0.000666666666666667,0.00233333333333333,0,0,0,0.597,0.951,0.9975,110800
0,0.000666666666666667,0.00233333333333333,0,0,0,0.594166666666667,0.950166666666667,0.9975,110900
0,0.000666666666666667,0.00233333333333333,0,0,0,0.591833333333333,0.949166666666667,0.9975,111000
0,0.000666666666666667,0.00233333333333333,0,0,0,0.5895,0.949,0.9975,111100
0,5e-04,0.00233333333333333,0,0,0,0.586166666666667,0.947833333333333,0.997333333333333,111200
0,5e-04,0.00233333333333333,0,0,0,0.583,0.947166666666667,0.997166666666667,111300
0,5e-04,0.00233333333333333,0,0,0,0.581,0.946166666666667,0.997,111400
0,5e-04,0.00216666666666667,0,0,0,0.5785,0.9455,0.996833333333333,111500
0,5e-04,0.00216666666666667,0,0,0,0.576333333333333,0.944333333333333,0.996833333333333,111600
0,5e-04,0.00216666666666667,0,0,0,0.574333333333333,0.943166666666667,0.9965,111700
0,5e-04,0.002,0,0,0,0.572,0.942833333333333,0.9965,111800
0,5e-04,0.002,0,0,0,0.570333333333333,0.9415,0.9965,111900
0,5e-04,0.002,0,0,0,0.567666666666667,0.940666666666667,0.9965,112000
0,0.000333333333333333,0.002,0,0,0,0.564833333333333,0.939833333333333,0.996333333333333,112100
0,0.000333333333333333,0.002,0,0,0,0.5625,0.939333333333333,0.996333333333333,112200
0,0.000333333333333333,0.00183333333333333,0,0,0,0.559666666666667,0.938166666666667,0.996166666666667,112300
0,0.000333333333333333,0.00183333333333333,0,0,0,0.5565,0.937666666666667,0.996,112400
0,0.000333333333333333,0.00183333333333333,0,0,0,0.554166666666667,0.936833333333333,0.996,112500
0,0.000333333333333333,0.00183333333333333,0,0,0,0.5515,0.936666666666667,0.996,112600
0,0.000333333333333333,0.00183333333333333,0,0,0,0.548666666666667,0.935666666666667,0.995833333333333,112700
0,0.000333333333333333,0.00183333333333333,0,0,0,0.546333333333333,0.934333333333333,0.995833333333333,112800
0,0.000333333333333333,0.00183333333333333,0,0,0,0.544,0.933333333333333,0.995833333333333,112900
0,0.000333333333333333,0.00183333333333333,0,0,0,0.541166666666667,0.932166666666667,0.995833333333333,113000
0,0.000333333333333333,0.00183333333333333,0,0,0,0.539166666666667,0.931333333333333,0.995833333333333,113100
0,0.000333333333333333,0.00183333333333333,0,0,0,0.536,0.930333333333333,0.995666666666667,113200
0,0.000333333333333333,0.00183333333333333,0,0,0,0.534666666666667,0.929166666666667,0.9955,113300
0,0.000333333333333333,0.00183333333333333,0,0,0,0.5325,0.928666666666667,0.9955,113400
0,0.000333333333333333,0.00166666666666667,0,0,0,0.529333333333333,0.928166666666667,0.9955,113500
0,0.000333333333333333,0.00166666666666667,0,0,0,0.527,0.9275,0.995166666666667,113600
0,0.000333333333333333,0.00166666666666667,0,0,0,0.5245,0.926166666666667,0.995166666666667,113700
0,0.000333333333333333,0.00166666666666667,0,0,0,0.521333333333333,0.925,0.995166666666667,113800
0,0.000333333333333333,0.00166666666666667,0,0,0,0.518166666666667,0.924,0.995,113900
0,0.000333333333333333,0.00166666666666667,0,0,0,0.515666666666667,0.922666666666667,0.994833333333333,114000
0,0.000166666666666667,0.0015,0,0,0,0.5135,0.9215,0.994833333333333,114100
0,0.000166666666666667,0.0015,0,0,0,0.511166666666667,0.920666666666667,0.994833333333333,114200
0,0.000166666666666667,0.0015,0,0,0,0.508666666666667,0.9195,0.994833333333333,114300
0,0.000166666666666667,0.0015,0,0,0,0.505833333333333,0.917666666666667,0.994833333333333,114400
0,0.000166666666666667,0.0015,0,0,0,0.503,0.916666666666667,0.994833333333333,114500
0,0.000166666666666667,0.0015,0,0,0,0.500166666666667,0.915666666666667,0.994833333333333,114600
0,0.000166666666666667,0.0015,0,0,0,0.498,0.914833333333333,0.994833333333333,114700
0,0.000166666666666667,0.0015,0,0,0,0.495666666666667,0.9135,0.994666666666667,114800
0,0.000166666666666667,0.00133333333333333,0,0,0,0.493166666666667,0.911333333333333,0.9945,114900
0,0.000166666666666667,0.00133333333333333,0,0,0,0.490833333333333,0.909833333333333,0.994333333333333,115000
0,0.000166666666666667,0.00133333333333333,0,0,0,0.488833333333333,0.908,0.994166666666667,115100
0,0.000166666666666667,0.00133333333333333,0,0,0,0.486666666666667,0.907333333333333,0.994166666666667,115200
0,0.000166666666666667,0.00133333333333333,0,0,0,0.484333333333333,0.9065,0.994166666666667,115300
0,0.000166666666666667,0.00133333333333333,0,0,0,0.480833333333333,0.9055,0.993666666666667,115400
0,0.000166666666666667,0.00133333333333333,0,0,0,0.477666666666667,0.904333333333333,0.993666666666667,115500
0,0.000166666666666667,0.00116666666666667,0,0,0,0.474833333333333,0.903166666666667,0.993166666666667,115600
0,0.000166666666666667,0.00116666666666667,0,0,0,0.472666666666667,0.901833333333333,0.993166666666667,115700
0,0.000166666666666667,0.00116666666666667,0,0,0,0.470666666666667,0.900833333333333,0.993166666666667,115800
0,0.000166666666666667,0.00116666666666667,0,0,0,0.468333333333333,0.899333333333333,0.993,115900
0,0.000166666666666667,0.00116666666666667,0,0,0,0.464833333333333,0.898833333333333,0.992666666666667,116000
0,0.000166666666666667,0.00116666666666667,0,0,0,0.463666666666667,0.897166666666667,0.992333333333333,116100
0,0.000166666666666667,0.00116666666666667,0,0,0,0.459666666666667,0.895,0.992,116200
0,0.000166666666666667,0.00116666666666667,0,0,0,0.457333333333333,0.893333333333333,0.992,116300
0,0.000166666666666667,0.00116666666666667,0,0,0,0.454666666666667,0.892666666666667,0.991833333333333,116400
0,0.000166666666666667,0.001,0,0,0,0.453,0.8915,0.991666666666667,116500
0,0.000166666666666667,0.001,0,0,0,0.451333333333333,0.890666666666667,0.991666666666667,116600
0,0.000166666666666667,0.001,0,0,0,0.448666666666667,0.8895,0.991666666666667,116700
0,0.000166666666666667,0.001,0,0,0,0.4465,0.887666666666667,0.9915,116800
0,0.000166666666666667,0.001,0,0,0,0.443666666666667,0.886166666666667,0.9915,116900
0,0.000166666666666667,0.001,0,0,0,0.441166666666667,0.8845,0.991166666666667,117000
0,0.000166666666666667,0.001,0,0,0,0.437833333333333,0.883166666666667,0.991,117100
0,0.000166666666666667,0.001,0,0,0,0.435333333333333,0.882166666666667,0.990333333333333,117200
0,0.000166666666666667,0.001,0,0,0,0.4325,0.881166666666667,0.990166666666667,117300
0,0.000166666666666667,0.001,0,0,0,0.430166666666667,0.879,0.990166666666667,117400
0,0.000166666666666667,0.001,0,0,0,0.4275,0.877,0.990166666666667,117500
0,0.000166666666666667,0.001,0,0,0,0.425,0.875666666666667,0.990166666666667,117600
0,0.000166666666666667,0.001,0,0,0,0.422666666666667,0.874333333333333,0.990166666666667,117700
0,0.000166666666666667,0.000833333333333333,0,0,0,0.420833333333333,0.872833333333333,0.99,117800
0,0.000166666666666667,0.000833333333333333,0,0,0,0.4175,0.871,0.99,117900
0,0.000166666666666667,0.000833333333333333,0,0,0,0.4155,0.87,0.9895,118000
0,0.000166666666666667,0.000833333333333333,0,0,0,0.413833333333333,0.869,0.989166666666667,118100
0,0.000166666666666667,0.000833333333333333,0,0,0,0.410833333333333,0.867,0.9885,118200
0,0.000166666666666667,0.000833333333333333,0,0,0,0.409333333333333,0.865833333333333,0.9885,118300
0,0.000166666666666667,0.000833333333333333,0,0,0,0.4065,0.864,0.9885,118400
0,0.000166666666666667,0.000833333333333333,0,0,0,0.403833333333333,0.8625,0.988333333333333,118500
0,0.000166666666666667,0.000833333333333333,0,0,0,0.4015,0.860833333333333,0.988333333333333,118600
0,0.000166666666666667,0.000833333333333333,0,0,0,0.399166666666667,0.859333333333333,0.988166666666667,118700
0,0.000166666666666667,0.000833333333333333,0,0,0,0.397166666666667,0.857666666666667,0.987666666666667,118800
0,0.000166666666666667,0.000833333333333333,0,0,0,0.393333333333333,0.856666666666667,0.987166666666667,118900
0,0.000166666666666667,0.000833333333333333,0,0,0,0.390833333333333,0.854333333333333,0.987,119000
0,0.000166666666666667,0.000833333333333333,0,0,0,0.388666666666667,0.853,0.9865,119100
0,0.000166666666666667,0.000833333333333333,0,0,0,0.3875,0.851333333333333,0.986166666666667,119200
0,0.000166666666666667,0.000833333333333333,0,0,0,0.384833333333333,0.850333333333333,0.985833333333333,119300
0,0.000166666666666667,0.000833333333333333,0,0,0,0.382333333333333,0.847666666666667,0.985166666666667,119400
0,0.000166666666666667,0.000833333333333333,0,0,0,0.380333333333333,0.846166666666667,0.985166666666667,119500
0,0.000166666666666667,0.000833333333333333,0,0,0,0.377,0.843666666666667,0.985,119600
0,0.000166666666666667,0.000833333333333333,0,0,0,0.375833333333333,0.841333333333333,0.984666666666667,119700
0,0.000166666666666667,0.000833333333333333,0,0,0,0.3735,0.84,0.984666666666667,119800
0,0.000166666666666667,0.000666666666666667,0,0,0,0.37,0.838333333333333,0.984333333333333,119900
0,0.000166666666666667,0.000666666666666667,0,0,0,0.3675,0.836166666666667,0.984166666666667,120000
0,0.000166666666666667,0.000666666666666667,0,0,0,0.365333333333333,0.835333333333333,0.984166666666667,120100
0,0.000166666666666667,0.000666666666666667,0,0,0,0.364333333333333,0.833166666666667,0.984166666666667,120200
0,0.000166666666666667,0.000666666666666667,0,0,0,0.361666666666667,0.8315,0.983666666666667,120300
0,0.000166666666666667,0.000666666666666667,0,0,0,0.360833333333333,0.830333333333333,0.983666666666667,120400
0,0.000166666666666667,0.000666666666666667,0,0,0,0.358166666666667,0.828,0.983333333333333,120500
0,0.000166666666666667,0.000666666666666667,0,0,0,0.357,0.825833333333333,0.982833333333333,120600
0,0.000166666666666667,5e-04,0,0,0,0.354833333333333,0.824333333333333,0.9825,120700
0,0.000166666666666667,5e-04,0,0,0,0.352333333333333,0.821833333333333,0.982166666666667,120800
0,0.000166666666666667,5e-04,0,0,0,0.3495,0.8205,0.982166666666667,120900
0,0.000166666666666667,5e-04,0,0,0,0.347833333333333,0.818333333333333,0.981333333333333,121000
0,0.000166666666666667,5e-04,0,0,0,0.346,0.8165,0.9805,121100
0,0.000166666666666667,5e-04,0,0,0,0.344,0.815,0.9805,121200
0,0.000166666666666667,5e-04,0,0,0,0.3425,0.813333333333333,0.980333333333333,121300
0,0.000166666666666667,5e-04,0,0,0,0.34,0.812166666666667,0.979666666666667,121400
0,0.000166666666666667,5e-04,0,0,0,0.338166666666667,0.8105,0.979166666666667,121500
0,0.000166666666666667,5e-04,0,0,0,0.336666666666667,0.809333333333333,0.978833333333333,121600
0,0.000166666666666667,5e-04,0,0,0,0.3345,0.808166666666667,0.978833333333333,121700
0,0.000166666666666667,5e-04,0,0,0,0.332833333333333,0.806333333333333,0.978833333333333,121800
0,0.000166666666666667,5e-04,0,0,0,0.331,0.804666666666667,0.9785,121900
0,0.000166666666666667,5e-04,0,0,0,0.3295,0.8035,0.978166666666667,122000
0,0.000166666666666667,5e-04,0,0,0,0.328,0.802666666666667,0.9775,122100
0,0.000166666666666667,5e-04,0,0,0,0.326166666666667,0.801333333333333,0.977166666666667,122200
0,0.000166666666666667,5e-04,0,0,0,0.325,0.798666666666667,0.976666666666667,122300
0,0.000166666666666667,0.000333333333333333,0,0,0,0.324,0.7965,0.9765,122400
0,0.000166666666666667,0.000333333333333333,0,0,0,0.321666666666667,0.794333333333333,0.976166666666667,122500
0,0.000166666666666667,0.000333333333333333,0,0,0,0.319333333333333,0.793333333333333,0.975666666666667,122600
0,0.000166666666666667,0.000333333333333333,0,0,0,0.317166666666667,0.792,0.975166666666667,122700
0,0.000166666666666667,0.000333333333333333,0,0,0,0.315833333333333,0.790833333333333,0.9745,122800
0,0.000166666666666667,0.000333333333333333,0,0,0,0.3135,0.788666666666667,0.973833333333333,122900
0,0.000166666666666667,0.000333333333333333,0,0,0,0.310833333333333,0.786833333333333,0.972666666666667,123000
0,0.000166666666666667,0.000333333333333333,0,0,0,0.309166666666667,0.784833333333333,0.972333333333333,123100
0,0.000166666666666667,0.000333333333333333,0,0,0,0.307,0.782666666666667,0.972,123200
0,0.000166666666666667,0.000333333333333333,0,0,0,0.3055,0.7805,0.971166666666667,123300
0,0.000166666666666667,0.000333333333333333,0,0,0,0.303166666666667,0.778166666666667,0.970666666666667,123400
0,0.000166666666666667,0.000166666666666667,0,0,0,0.301166666666667,0.776833333333333,0.970333333333333,123500
0,0.000166666666666667,0.000166666666666667,0,0,0,0.298833333333333,0.775333333333333,0.969833333333333,123600
0,0.000166666666666667,0.000166666666666667,0,0,0,0.297333333333333,0.7735,0.969333333333333,123700
0,0.000166666666666667,0.000166666666666667,0,0,0,0.296666666666667,0.771833333333333,0.969,123800
0,0.000166666666666667,0.000166666666666667,0,0,0,0.294666666666667,0.77,0.9685,123900
0,0.000166666666666667,0.000166666666666667,0,0,0,0.293333333333333,0.767666666666667,0.968,124000
0,0.000166666666666667,0.000166666666666667,0,0,0,0.291666666666667,0.766833333333333,0.967833333333333,124100
0,0.000166666666666667,0.000166666666666667,0,0,0,0.288666666666667,0.765166666666667,0.967,124200
0,0.000166666666666667,0.000166666666666667,0,0,0,0.287,0.764333333333333,0.966833333333333,124300
0,0.000166666666666667,0.000166666666666667,0,0,0,0.285333333333333,0.762,0.9665,124400
0,0.000166666666666667,0.000166666666666667,0,0,0,0.283666666666667,0.76,0.965833333333333,124500
0,0.000166666666666667,0.000166666666666667,0,0,0,0.283166666666667,0.757666666666667,0.965666666666667,124600
0,0.000166666666666667,0.000166666666666667,0,0,0,0.281,0.755833333333333,0.965333333333333,124700
0,0.000166666666666667,0.000166666666666667,0,0,0,0.278666666666667,0.753,0.964833333333333,124800
0,0.000166666666666667,0.000166666666666667,0,0,0,0.277166666666667,0.751666666666667,0.964166666666667,124900
0,0,0.000166666666666667,0,0,0,0.274833333333333,0.749333333333333,0.963,125000
0,0,0.000166666666666667,0,0,0,0.2735,0.746833333333333,0.962833333333333,125100
0,0,0.000166666666666667,0,0,0,0.272166666666667,0.744,0.962,125200
0,0,0.000166666666666667,0,0,0,0.2705,0.741666666666667,0.9615,125300
0,0,0.000166666666666667,0,0,0,0.269,0.739,0.9605,125400
0,0,0.000166666666666667,0,0,0,0.267666666666667,0.736333333333333,0.96,125500
0,0,0.000166666666666667,0,0,0,0.2655,0.734,0.959333333333333,125600
0,0,0.000166666666666667,0,0,0,0.264,0.7315,0.959,125700
0,0,0.000166666666666667,0,0,0,0.2625,0.730666666666667,0.958166666666667,125800
0,0,0.000166666666666667,0,0,0,0.260666666666667,0.729166666666667,0.958166666666667,125900
0,0,0.000166666666666667,0,0,0,0.258166666666667,0.727,0.958166666666667,126000
0,0,0.000166666666666667,0,0,0,0.256333333333333,0.726,0.958,126100
0,0,0.000166666666666667,0,0,0,0.254333333333333,0.724166666666667,0.957666666666667,126200
0,0,0.000166666666666667,0,0,0,0.253833333333333,0.7225,0.957166666666667,126300
0,0,0.000166666666666667,0,0,0,0.252833333333333,0.7205,0.956333333333333,126400
0,0,0.000166666666666667,0,0,0,0.251333333333333,0.718666666666667,0.956,126500
0,0,0.000166666666666667,0,0,0,0.249666666666667,0.715666666666667,0.9555,126600
0,0,0.000166666666666667,0,0,0,0.247833333333333,0.713333333333333,0.955,126700
0,0,0.000166666666666667,0,0,0,0.247333333333333,0.710333333333333,0.9545,126800
0,0,0.000166666666666667,0,0,0,0.246166666666667,0.708333333333333,0.954,126900
0,0,0.000166666666666667,0,0,0,0.245333333333333,0.707833333333333,0.9535,127000
0,0,0.000166666666666667,0,0,0,0.2435,0.705666666666667,0.952333333333333,127100
0,0,0.000166666666666667,0,0,0,0.241833333333333,0.703166666666667,0.952166666666667,127200
0,0,0.000166666666666667,0,0,0,0.239833333333333,0.699666666666667,0.951333333333333,127300
0,0,0.000166666666666667,0,0,0,0.239,0.6975,0.950833333333333,127400
0,0,0.000166666666666667,0,0,0,0.2375,0.695833333333333,0.95,127500
0,0,0.000166666666666667,0,0,0,0.235,0.693333333333333,0.949333333333333,127600
0,0,0.000166666666666667,0,0,0,0.233333333333333,0.691,0.949,127700
0,0,0.000166666666666667,0,0,0,0.232333333333333,0.688333333333333,0.948166666666667,127800
0,0,0.000166666666666667,0,0,0,0.230833333333333,0.685666666666667,0.947333333333333,127900
0,0,0.000166666666666667,0,0,0,0.2295,0.6835,0.946666666666667,128000
0,0,0.000166666666666667,0,0,0,0.2285,0.681333333333333,0.945833333333333,128100
0,0,0.000166666666666667,0,0,0,0.227666666666667,0.6795,0.945166666666667,128200
0,0,0.000166666666666667,0,0,0,0.227166666666667,0.676666666666667,0.944166666666667,128300
0,0,0.000166666666666667,0,0,0,0.2245,0.6745,0.943333333333333,128400
0,0,0.000166666666666667,0,0,0,0.2235,0.672833333333333,0.942833333333333,128500
0,0,0.000166666666666667,0,0,0,0.222666666666667,0.670166666666667,0.941666666666667,128600
0,0,0.000166666666666667,0,0,0,0.221,0.6675,0.941,128700
0,0,0.000166666666666667,0,0,0,0.219666666666667,0.665,0.9405,128800
0,0,0.000166666666666667,0,0,0,0.217666666666667,0.6625,0.939666666666667,128900
0,0,0.000166666666666667,0,0,0,0.2165,0.6615,0.939333333333333,129000
0,0,0.000166666666666667,0,0,0,0.2155,0.658833333333333,0.938166666666667,129100
0,0,0.000166666666666667,0,0,0,0.214,0.656666666666667,0.937833333333333,129200
0,0,0.000166666666666667,0,0,0,0.212333333333333,0.655,0.937,129300
0,0,0.000166666666666667,0,0,0,0.211,0.652666666666667,0.936833333333333,129400
0,0,0.000166666666666667,0,0,0,0.2095,0.650833333333333,0.935833333333333,129500
0,0,0.000166666666666667,0,0,0,0.208,0.647666666666667,0.9355,129600
0,0,0.000166666666666667,0,0,0,0.206666666666667,0.645166666666667,0.934,129700
0,0,0.000166666666666667,0,0,0,0.2055,0.642833333333333,0.933166666666667,129800
0,0,0.000166666666666667,0,0,0,0.204333333333333,0.641166666666667,0.932166666666667,129900
0,0,0.000166666666666667,0,0,0,0.2035,0.637833333333333,0.931666666666667,130000
0,0,0.000166666666666667,0,0,0,0.202166666666667,0.635833333333333,0.930833333333333,130100
0,0,0.000166666666666667,0,0,0,0.201333333333333,0.634,0.929833333333333,130200
0,0,0.000166666666666667,0,0,0,0.199666666666667,0.632333333333333,0.929,130300
0,0,0.000166666666666667,0,0,0,0.197333333333333,0.630666666666667,0.928333333333333,130400
0,0,0.000166666666666667,0,0,0,0.1965,0.628666666666667,0.928166666666667,130500
0,0,0.000166666666666667,0,0,0,0.1955,0.6265,0.9275,130600
0,0,0.000166666666666667,0,0,0,0.193833333333333,0.6235,0.926166666666667,130700
0,0,0.000166666666666667,0,0,0,0.192666666666667,0.621,0.925,130800
0,0,0.000166666666666667,0,0,0,0.191166666666667,0.618666666666667,0.924166666666667,130900
0,0,0.000166666666666667,0,0,0,0.190666666666667,0.616666666666667,0.9235,131000
0,0,0.000166666666666667,0,0,0,0.1895,0.615,0.922166666666667,131100
0,0,0.000166666666666667,0,0,0,0.1885,0.612166666666667,0.921166666666667,131200
0,0,0.000166666666666667,0,0,0,0.187833333333333,0.609833333333333,0.920666666666667,131300
0,0,0.000166666666666667,0,0,0,0.1865,0.608333333333333,0.9195,131400
0,0,0.000166666666666667,0,0,0,0.185,0.607,0.917833333333333,131500
0,0,0.000166666666666667,0,0,0,0.183666666666667,0.605,0.916833333333333,131600
0,0,0.000166666666666667,0,0,0,0.182333333333333,0.602666666666667,0.915666666666667,131700
0,0,0.000166666666666667,0,0,0,0.181,0.6005,0.915166666666667,131800
0,0,0.000166666666666667,0,0,0,0.179666666666667,0.598833333333333,0.914666666666667,131900
0,0,0.000166666666666667,0,0,0,0.1785,0.596666666666667,0.9135,132000
0,0,0.000166666666666667,0,0,0,0.1765,0.593833333333333,0.911166666666667,132100
0,0,0.000166666666666667,0,0,0,0.175666666666667,0.592,0.909833333333333,132200
0,0,0.000166666666666667,0,0,0,0.174333333333333,0.59,0.908166666666667,132300
0,0,0.000166666666666667,0,0,0,0.1735,0.587666666666667,0.907666666666667,132400
0,0,0.000166666666666667,0,0,0,0.172166666666667,0.585,0.907,132500
0,0,0.000166666666666667,0,0,0,0.171333333333333,0.581833333333333,0.905833333333333,132600
0,0,0.000166666666666667,0,0,0,0.170166666666667,0.581166666666667,0.9055,132700
0,0,0.000166666666666667,0,0,0,0.169666666666667,0.578666666666667,0.904166666666667,132800
0,0,0.000166666666666667,0,0,0,0.1685,0.577,0.902833333333333,132900
0,0,0.000166666666666667,0,0,0,0.167166666666667,0.575,0.902,133000
0,0,0.000166666666666667,0,0,0,0.166,0.573333333333333,0.901,133100
0,0,0.000166666666666667,0,0,0,0.165,0.5715,0.8995,133200
0,0,0.000166666666666667,0,0,0,0.162166666666667,0.569666666666667,0.899166666666667,133300
0,0,0.000166666666666667,0,0,0,0.159833333333333,0.5675,0.898166666666667,133400
0,0,0.000166666666666667,0,0,0,0.1585,0.565166666666667,0.8965,133500
0,0,0.000166666666666667,0,0,0,0.158,0.563333333333333,0.894666666666667,133600
0,0,0.000166666666666667,0,0,0,0.156666666666667,0.561333333333333,0.893333333333333,133700
0,0,0.000166666666666667,0,0,0,0.155166666666667,0.5585,0.892833333333333,133800
0,0,0.000166666666666667,0,0,0,0.1545,0.556,0.891666666666667,133900
0,0,0.000166666666666667,0,0,0,0.154,0.553833333333333,0.891,134000
0,0,0.000166666666666667,0,0,0,0.153333333333333,0.551833333333333,0.890166666666667,134100
0,0,0.000166666666666667,0,0,0,0.152666666666667,0.5495,0.889166666666667,134200
0,0,0.000166666666666667,0,0,0,0.151333333333333,0.547166666666667,0.887166666666667,134300
0,0,0.000166666666666667,0,0,0,0.150333333333333,0.5455,0.886166666666667,134400
0,0,0.000166666666666667,0,0,0,0.149333333333333,0.5425,0.8845,134500
0,0,0.000166666666666667,0,0,0,0.149,0.541,0.883166666666667,134600
0,0,0.000166666666666667,0,0,0,0.147333333333333,0.539333333333333,0.882333333333333,134700
0,0,0.000166666666666667,0,0,0,0.146666666666667,0.536666666666667,0.881666666666667,134800
0,0,0.000166666666666667,0,0,0,0.145166666666667,0.535833333333333,0.88,134900
0,0,0.000166666666666667,0,0,0,0.1445,0.533666666666667,0.878833333333333,135000
0,0,0.000166666666666667,0,0,0,0.1435,0.532166666666667,0.877,135100
0,0,0.000166666666666667,0,0,0,0.142666666666667,0.529333333333333,0.875666666666667,135200
0,0,0.000166666666666667,0,0,0,0.1415,0.527,0.8745,135300
0,0,0.000166666666666667,0,0,0,0.141333333333333,0.524833333333333,0.873333333333333,135400
0,0,0.000166666666666667,0,0,0,0.139833333333333,0.522666666666667,0.871166666666667,135500
0,0,0.000166666666666667,0,0,0,0.138833333333333,0.5205,0.870666666666667,135600
0,0,0.000166666666666667,0,0,0,0.1385,0.517333333333333,0.869666666666667,135700
0,0,0.000166666666666667,0,0,0,0.1375,0.515333333333333,0.868333333333333,135800
0,0,0.000166666666666667,0,0,0,0.136333333333333,0.5135,0.867,135900
0,0,0.000166666666666667,0,0,0,0.135833333333333,0.511833333333333,0.865833333333333,136000
0,0,0.000166666666666667,0,0,0,0.134333333333333,0.509666666666667,0.864166666666667,136100
0,0,0.000166666666666667,0,0,0,0.133166666666667,0.507166666666667,0.863,136200
0,0,0.000166666666666667,0,0,0,0.132333333333333,0.504333333333333,0.861666666666667,136300
0,0,0.000166666666666667,0,0,0,0.131833333333333,0.502666666666667,0.859666666666667,136400
0,0,0.000166666666666667,0,0,0,0.130666666666667,0.5,0.858666666666667,136500
0,0,0.000166666666666667,0,0,0,0.1295,0.498166666666667,0.8575,136600
0,0,0,0,0,0,0.128666666666667,0.4965,0.8565,136700
0,0,0,0,0,0,0.127666666666667,0.494333333333333,0.854333333333333,136800
0,0,0,0,0,0,0.126833333333333,0.492166666666667,0.8535,136900
0,0,0,0,0,0,0.126,0.4895,0.851833333333333,137000
0,0,0,0,0,0,0.124833333333333,0.488833333333333,0.8505,137100
0,0,0,0,0,0,0.124666666666667,0.486833333333333,0.849333333333333,137200
0,0,0,0,0,0,0.1235,0.484666666666667,0.847166666666667,137300
0,0,0,0,0,0,0.122333333333333,0.482333333333333,0.845333333333333,137400
0,0,0,0,0,0,0.121166666666667,0.479166666666667,0.843333333333333,137500
0,0,0,0,0,0,0.120666666666667,0.477166666666667,0.841333333333333,137600
0,0,0,0,0,0,0.120333333333333,0.4745,0.84,137700
0,0,0,0,0,0,0.119333333333333,0.472666666666667,0.838833333333333,137800
0,0,0,0,0,0,0.118666666666667,0.470833333333333,0.837,137900
0,0,0,0,0,0,0.117833333333333,0.469,0.835666666666667,138000
0,0,0,0,0,0,0.117,0.466666666666667,0.835,138100
0,0,0,0,0,0,0.116166666666667,0.4645,0.833166666666667,138200
0,0,0,0,0,0,0.1155,0.463166666666667,0.8315,138300
0,0,0,0,0,0,0.114666666666667,0.459833333333333,0.830833333333333,138400
0,0,0,0,0,0,0.113666666666667,0.457666666666667,0.828666666666667,138500
0,0,0,0,0,0,0.112666666666667,0.4555,0.827,138600
0,0,0,0,0,0,0.112166666666667,0.454,0.825166666666667,138700
0,0,0,0,0,0,0.112,0.452833333333333,0.8235,138800
0,0,0,0,0,0,0.111166666666667,0.451166666666667,0.8215,138900
0,0,0,0,0,0,0.109666666666667,0.4485,0.820333333333333,139000
0,0,0,0,0,0,0.108833333333333,0.446666666666667,0.8185,139100
0,0,0,0,0,0,0.108333333333333,0.4445,0.816833333333333,139200
0,0,0,0,0,0,0.107666666666667,0.442666666666667,0.815166666666667,139300
0,0,0,0,0,0,0.107166666666667,0.4405,0.814,139400
0,0,0,0,0,0,0.107,0.437666666666667,0.812833333333333,139500
0,0,0,0,0,0,0.106166666666667,0.434666666666667,0.811833333333333,139600
0,0,0,0,0,0,0.105166666666667,0.432833333333333,0.810166666666667,139700
0,0,0,0,0,0,0.104833333333333,0.430666666666667,0.809166666666667,139800
0,0,0,0,0,0,0.104,0.4285,0.808333333333333,139900
0,0,0,0,0,0,0.103,0.426166666666667,0.806666666666667,140000
0,0,0,0,0,0,0.102666666666667,0.4245,0.805666666666667,140100
0,0,0,0,0,0,0.101666666666667,0.422666666666667,0.804,140200
0,0,0,0,0,0,0.101166666666667,0.421,0.803333333333333,140300
0,0,0,0,0,0,0.100666666666667,0.418166666666667,0.802166666666667,140400
0,0,0,0,0,0,0.0995,0.416,0.801166666666667,140500
0,0,0,0,0,0,0.0993333333333333,0.414833333333333,0.798666666666667,140600
0,0,0,0,0,0,0.098,0.413,0.796666666666667,140700
0,0,0,0,0,0,0.0971666666666667,0.4105,0.794666666666667,140800
0,0,0,0,0,0,0.0963333333333333,0.4095,0.793666666666667,140900
0,0,0,0,0,0,0.0958333333333333,0.406833333333333,0.793,141000
0,0,0,0,0,0,0.0953333333333333,0.405166666666667,0.791833333333333,141100
0,0,0,0,0,0,0.0946666666666667,0.402666666666667,0.790333333333333,141200
0,0,0,0,0,0,0.0938333333333333,0.400166666666667,0.788666666666667,141300
0,0,0,0,0,0,0.093,0.3985,0.787,141400
0,0,0,0,0,0,0.0925,0.396833333333333,0.784833333333333,141500
0,0,0,0,0,0,0.092,0.393833333333333,0.783333333333333,141600
0,0,0,0,0,0,0.092,0.391666666666667,0.781666666666667,141700
0,0,0,0,0,0,0.0911666666666667,0.389833333333333,0.779833333333333,141800
0,0,0,0,0,0,0.0901666666666667,0.387833333333333,0.778,141900
0,0,0,0,0,0,0.0896666666666667,0.387,0.7765,142000
0,0,0,0,0,0,0.0886666666666667,0.384666666666667,0.775333333333333,142100
0,0,0,0,0,0,0.088,0.3825,0.7735,142200
0,0,0,0,0,0,0.0875,0.380833333333333,0.772166666666667,142300
0,0,0,0,0,0,0.0871666666666667,0.378,0.770333333333333,142400
0,0,0,0,0,0,0.087,0.3765,0.769166666666667,142500
0,0,0,0,0,0,0.0861666666666667,0.374833333333333,0.767333333333333,142600
0,0,0,0,0,0,0.0851666666666667,0.372833333333333,0.766666666666667,142700
0,0,0,0,0,0,0.0843333333333333,0.37,0.765,142800
0,0,0,0,0,0,0.084,0.367833333333333,0.764333333333333,142900
0,0,0,0,0,0,0.0838333333333333,0.366,0.762333333333333,143000
0,0,0,0,0,0,0.0836666666666667,0.364666666666667,0.760833333333333,143100
0,0,0,0,0,0,0.0828333333333333,0.363333333333333,0.758333333333333,143200
0,0,0,0,0,0,0.0823333333333333,0.361666666666667,0.756833333333333,143300
0,0,0,0,0,0,0.0816666666666667,0.360833333333333,0.755,143400
0,0,0,0,0,0,0.0806666666666667,0.358666666666667,0.752333333333333,143500
0,0,0,0,0,0,0.0803333333333333,0.357,0.751333333333333,143600
0,0,0,0,0,0,0.0798333333333333,0.3555,0.749333333333333,143700
0,0,0,0,0,0,0.0795,0.354333333333333,0.747333333333333,143800
0,0,0,0,0,0,0.0791666666666667,0.352,0.7445,143900
0,0,0,0,0,0,0.0785,0.348833333333333,0.742666666666667,144000
0,0,0,0,0,0,0.0781666666666667,0.348,0.74,144100
0,0,0,0,0,0,0.0771666666666667,0.346333333333333,0.737833333333333,144200
0,0,0,0,0,0,0.0763333333333333,0.344333333333333,0.736,144300
0,0,0,0,0,0,0.0755,0.343166666666667,0.733833333333333,144400
0,0,0,0,0,0,0.075,0.341666666666667,0.7315,144500
0,0,0,0,0,0,0.0746666666666667,0.339833333333333,0.730833333333333,144600
0,0,0,0,0,0,0.0743333333333333,0.338333333333333,0.729333333333333,144700
0,0,0,0,0,0,0.0738333333333333,0.337166666666667,0.728,144800
0,0,0,0,0,0,0.0735,0.334833333333333,0.7265,144900
0,0,0,0,0,0,0.0726666666666667,0.3335,0.725666666666667,145000
0,0,0,0,0,0,0.0718333333333333,0.332166666666667,0.723833333333333,145100
0,0,0,0,0,0,0.0711666666666667,0.3305,0.7225,145200
0,0,0,0,0,0,0.0701666666666667,0.3295,0.720833333333333,145300
0,0,0,0,0,0,0.07,0.328166666666667,0.719166666666667,145400
0,0,0,0,0,0,0.0693333333333333,0.326833333333333,0.717166666666667,145500
0,0,0,0,0,0,0.0686666666666667,0.325333333333333,0.714333333333333,145600
0,0,0,0,0,0,0.0683333333333333,0.324666666666667,0.712166666666667,145700
0,0,0,0,0,0,0.0678333333333333,0.323,0.71,145800
0,0,0,0,0,0,0.0671666666666667,0.321666666666667,0.708333333333333,145900
0,0,0,0,0,0,0.0666666666666667,0.3195,0.707833333333333,146000
0,0,0,0,0,0,0.0665,0.317166666666667,0.705833333333333,146100
0,0,0,0,0,0,0.066,0.316166666666667,0.7035,146200
0,0,0,0,0,0,0.0655,0.3145,0.701,146300
0,0,0,0,0,0,0.0651666666666667,0.313,0.698666666666667,146400
0,0,0,0,0,0,0.0646666666666667,0.310666666666667,0.696833333333333,146500
0,0,0,0,0,0,0.0643333333333333,0.309166666666667,0.695166666666667,146600
0,0,0,0,0,0,0.064,0.3075,0.692833333333333,146700
0,0,0,0,0,0,0.064,0.3065,0.691166666666667,146800
0,0,0,0,0,0,0.0636666666666667,0.304833333333333,0.689,146900
0,0,0,0,0,0,0.0631666666666667,0.302833333333333,0.686333333333333,147000
0,0,0,0,0,0,0.0626666666666667,0.301166666666667,0.684666666666667,147100
0,0,0,0,0,0,0.062,0.299,0.682666666666667,147200
0,0,0,0,0,0,0.0616666666666667,0.297833333333333,0.681,147300
0,0,0,0,0,0,0.0613333333333333,0.296833333333333,0.678833333333333,147400
0,0,0,0,0,0,0.0608333333333333,0.2955,0.676666666666667,147500
0,0,0,0,0,0,0.0605,0.294333333333333,0.674833333333333,147600
0,0,0,0,0,0,0.06,0.293333333333333,0.673333333333333,147700
0,0,0,0,0,0,0.0595,0.291666666666667,0.670666666666667,147800
0,0,0,0,0,0,0.0593333333333333,0.289333333333333,0.668666666666667,147900
0,0,0,0,0,0,0.0591666666666667,0.287333333333333,0.6665,148000
0,0,0,0,0,0,0.0591666666666667,0.286333333333333,0.6645,148100
0,0,0,0,0,0,0.059,0.284666666666667,0.6625,148200
0,0,0,0,0,0,0.0586666666666667,0.283666666666667,0.6615,148300
0,0,0,0,0,0,0.0581666666666667,0.283166666666667,0.659333333333333,148400
0,0,0,0,0,0,0.0578333333333333,0.281333333333333,0.657333333333333,148500
0,0,0,0,0,0,0.0571666666666667,0.279666666666667,0.6555,148600
0,0,0,0,0,0,0.057,0.278,0.654166666666667,148700
0,0,0,0,0,0,0.0568333333333333,0.276166666666667,0.652,148800
0,0,0,0,0,0,0.0568333333333333,0.274666666666667,0.649666666666667,148900
0,0,0,0,0,0,0.0568333333333333,0.273333333333333,0.6475,149000
0,0,0,0,0,0,0.0566666666666667,0.272166666666667,0.645666666666667,149100
0,0,0,0,0,0,0.0563333333333333,0.271166666666667,0.643,149200
0,0,0,0,0,0,0.056,0.27,0.641833333333333,149300
0,0,0,0,0,0,0.0558333333333333,0.268333333333333,0.638666666666667,149400
0,0,0,0,0,0,0.055,0.267166666666667,0.637166666666667,149500
0,0,0,0,0,0,0.055,0.2655,0.634833333333333,149600
0,0,0,0,0,0,0.0543333333333333,0.264333333333333,0.633833333333333,149700
0,0,0,0,0,0,0.0536666666666667,0.263,0.632333333333333,149800
0,0,0,0,0,0,0.0531666666666667,0.261833333333333,0.631,149900
0,0,0,0,0,0,0.0528333333333333,0.2595,0.629166666666667,150000
0,0,0,0,0,0,0.0525,0.257333333333333,0.627666666666667,150100
0,0,0,0,0,0,0.052,0.256166666666667,0.624166666666667,150200
0,0,0,0,0,0,0.0516666666666667,0.2545,0.622833333333333,150300
0,0,0,0,0,0,0.0511666666666667,0.254,0.619833333333333,150400
0,0,0,0,0,0,0.0508333333333333,0.253333333333333,0.618333333333333,150500
0,0,0,0,0,0,0.0503333333333333,0.252166666666667,0.616666666666667,150600
0,0,0,0,0,0,0.0498333333333333,0.250666666666667,0.615333333333333,150700
0,0,0,0,0,0,0.0495,0.2495,0.613333333333333,150800
0,0,0,0,0,0,0.0491666666666667,0.247833333333333,0.610833333333333,150900
0,0,0,0,0,0,0.0488333333333333,0.247333333333333,0.6085,151000
0,0,0,0,0,0,0.0483333333333333,0.246666666666667,0.608,151100
0,0,0,0,0,0,0.0481666666666667,0.245666666666667,0.606666666666667,151200
0,0,0,0,0,0,0.048,0.245333333333333,0.6045,151300
0,0,0,0,0,0,0.048,0.243166666666667,0.602833333333333,151400
0,0,0,0,0,0,0.048,0.241833333333333,0.601333333333333,151500
0,0,0,0,0,0,0.0476666666666667,0.239833333333333,0.6,151600
0,0,0,0,0,0,0.0476666666666667,0.239333333333333,0.597166666666667,151700
0,0,0,0,0,0,0.0471666666666667,0.237833333333333,0.596,151800
0,0,0,0,0,0,0.0471666666666667,0.235833333333333,0.593166666666667,151900
0,0,0,0,0,0,0.0468333333333333,0.234166666666667,0.591833333333333,152000
0,0,0,0,0,0,0.0466666666666667,0.233333333333333,0.59,152100
0,0,0,0,0,0,0.0465,0.232666666666667,0.588166666666667,152200
0,0,0,0,0,0,0.0465,0.231166666666667,0.585666666666667,152300
0,0,0,0,0,0,0.046,0.230166666666667,0.583166666666667,152400
0,0,0,0,0,0,0.046,0.229166666666667,0.581166666666667,152500
0,0,0,0,0,0,0.046,0.228333333333333,0.5795,152600
0,0,0,0,0,0,0.0455,0.227666666666667,0.578166666666667,152700
0,0,0,0,0,0,0.0446666666666667,0.227166666666667,0.5765,152800
0,0,0,0,0,0,0.0441666666666667,0.225166666666667,0.575,152900
0,0,0,0,0,0,0.044,0.223666666666667,0.5735,153000
0,0,0,0,0,0,0.0436666666666667,0.2235,0.571833333333333,153100
0,0,0,0,0,0,0.0435,0.222333333333333,0.570666666666667,153200
0,0,0,0,0,0,0.0435,0.220666666666667,0.568,153300
0,0,0,0,0,0,0.0428333333333333,0.219666666666667,0.566,153400
0,0,0,0,0,0,0.0428333333333333,0.217833333333333,0.565,153500
0,0,0,0,0,0,0.0428333333333333,0.216833333333333,0.563,153600
0,0,0,0,0,0,0.0426666666666667,0.215833333333333,0.5615,153700
0,0,0,0,0,0,0.042,0.215,0.558833333333333,153800
0,0,0,0,0,0,0.042,0.213833333333333,0.5565,153900
0,0,0,0,0,0,0.042,0.212166666666667,0.555166666666667,154000
0,0,0,0,0,0,0.0415,0.211166666666667,0.552666666666667,154100
0,0,0,0,0,0,0.0411666666666667,0.209833333333333,0.550833333333333,154200
0,0,0,0,0,0,0.0406666666666667,0.208666666666667,0.548833333333333,154300
0,0,0,0,0,0,0.04,0.2075,0.547166666666667,154400
0,0,0,0,0,0,0.0395,0.2065,0.545666666666667,154500
0,0,0,0,0,0,0.0391666666666667,0.2055,0.543666666666667,154600
0,0,0,0,0,0,0.0385,0.204333333333333,0.5415,154700
0,0,0,0,0,0,0.0381666666666667,0.2035,0.539833333333333,154800
0,0,0,0,0,0,0.0381666666666667,0.202666666666667,0.538166666666667,154900
0,0,0,0,0,0,0.0381666666666667,0.201833333333333,0.536166666666667,155000
0,0,0,0,0,0,0.038,0.200833333333333,0.535333333333333,155100
0,0,0,0,0,0,0.0378333333333333,0.199666666666667,0.533666666666667,155200
0,0,0,0,0,0,0.0375,0.1975,0.532166666666667,155300
0,0,0,0,0,0,0.0371666666666667,0.1965,0.529666666666667,155400
0,0,0,0,0,0,0.0365,0.196,0.528,155500
0,0,0,0,0,0,0.036,0.1945,0.525666666666667,155600
0,0,0,0,0,0,0.0358333333333333,0.193666666666667,0.5245,155700
0,0,0,0,0,0,0.0358333333333333,0.192666666666667,0.521666666666667,155800
0,0,0,0,0,0,0.0351666666666667,0.191333333333333,0.52,155900
0,0,0,0,0,0,0.0351666666666667,0.190666666666667,0.517333333333333,156000
0,0,0,0,0,0,0.0346666666666667,0.190166666666667,0.5155,156100
0,0,0,0,0,0,0.0345,0.189,0.513666666666667,156200
0,0,0,0,0,0,0.0341666666666667,0.1885,0.511833333333333,156300
0,0,0,0,0,0,0.034,0.187333333333333,0.5105,156400
0,0,0,0,0,0,0.033,0.1865,0.508833333333333,156500
0,0,0,0,0,0,0.033,0.185,0.506833333333333,156600
0,0,0,0,0,0,0.0326666666666667,0.183833333333333,0.504333333333333,156700
0,0,0,0,0,0,0.0326666666666667,0.182833333333333,0.502833333333333,156800
0,0,0,0,0,0,0.0323333333333333,0.182166666666667,0.500666666666667,156900
0,0,0,0,0,0,0.0321666666666667,0.180666666666667,0.498833333333333,157000
0,0,0,0,0,0,0.0316666666666667,0.179333333333333,0.497833333333333,157100
0,0,0,0,0,0,0.0316666666666667,0.178666666666667,0.495666666666667,157200
0,0,0,0,0,0,0.0315,0.176833333333333,0.493666666666667,157300
0,0,0,0,0,0,0.0315,0.176166666666667,0.492,157400
0,0,0,0,0,0,0.031,0.175166666666667,0.4895,157500
0,0,0,0,0,0,0.031,0.174166666666667,0.489,157600
0,0,0,0,0,0,0.0305,0.173333333333333,0.487166666666667,157700
0,0,0,0,0,0,0.0305,0.172166666666667,0.485333333333333,157800
0,0,0,0,0,0,0.0301666666666667,0.1715,0.483333333333333,157900
0,0,0,0,0,0,0.0296666666666667,0.171,0.481,158000
0,0,0,0,0,0,0.0291666666666667,0.17,0.478833333333333,158100
0,0,0,0,0,0,0.029,0.169,0.477,158200
0,0,0,0,0,0,0.0288333333333333,0.168166666666667,0.4745,158300
0,0,0,0,0,0,0.0283333333333333,0.167166666666667,0.472833333333333,158400
0,0,0,0,0,0,0.0278333333333333,0.166166666666667,0.471,158500
0,0,0,0,0,0,0.0278333333333333,0.165333333333333,0.47,158600
0,0,0,0,0,0,0.0276666666666667,0.163,0.468333333333333,158700
0,0,0,0,0,0,0.0275,0.161,0.465666666666667,158800
0,0,0,0,0,0,0.0273333333333333,0.159333333333333,0.4645,158900
0,0,0,0,0,0,0.0271666666666667,0.1585,0.463166666666667,159000
0,0,0,0,0,0,0.0268333333333333,0.158,0.459833333333333,159100
0,0,0,0,0,0,0.0265,0.157333333333333,0.458166666666667,159200
0,0,0,0,0,0,0.0265,0.155833333333333,0.456333333333333,159300
0,0,0,0,0,0,0.0263333333333333,0.154833333333333,0.454666666666667,159400
0,0,0,0,0,0,0.026,0.1545,0.453666666666667,159500
0,0,0,0,0,0,0.0258333333333333,0.154,0.452666666666667,159600
0,0,0,0,0,0,0.0256666666666667,0.153333333333333,0.451166666666667,159700
0,0,0,0,0,0,0.0255,0.152833333333333,0.448333333333333,159800
0,0,0,0,0,0,0.0255,0.152,0.447,159900
0,0,0,0,0,0,0.0255,0.151166666666667,0.444833333333333,160000
0,0,0,0,0,0,0.0253333333333333,0.15,0.443666666666667,160100
0,0,0,0,0,0,0.0251666666666667,0.149333333333333,0.441166666666667,160200
0,0,0,0,0,0,0.025,0.149166666666667,0.439333333333333,160300
0,0,0,0,0,0,0.0248333333333333,0.147666666666667,0.437333333333333,160400
0,0,0,0,0,0,0.0248333333333333,0.146666666666667,0.4345,160500
0,0,0,0,0,0,0.0246666666666667,0.146,0.432833333333333,160600
0,0,0,0,0,0,0.0246666666666667,0.145,0.431166666666667,160700
0,0,0,0,0,0,0.0246666666666667,0.1445,0.429,160800
0,0,0,0,0,0,0.0246666666666667,0.1435,0.427333333333333,160900
0,0,0,0,0,0,0.0245,0.142833333333333,0.4255,161000
0,0,0,0,0,0,0.0243333333333333,0.142,0.423666666666667,161100
0,0,0,0,0,0,0.0241666666666667,0.141333333333333,0.422166666666667,161200
0,0,0,0,0,0,0.024,0.1405,0.420666666666667,161300
0,0,0,0,0,0,0.024,0.139666666666667,0.418166666666667,161400
0,0,0,0,0,0,0.0238333333333333,0.138833333333333,0.416,161500
0,0,0,0,0,0,0.0236666666666667,0.1385,0.414833333333333,161600
0,0,0,0,0,0,0.0236666666666667,0.138,0.414,161700
0,0,0,0,0,0,0.0235,0.1365,0.411833333333333,161800
0,0,0,0,0,0,0.023,0.136,0.41,161900
0,0,0,0,0,0,0.023,0.135666666666667,0.409,162000
0,0,0,0,0,0,0.023,0.134166666666667,0.406833333333333,162100
0,0,0,0,0,0,0.0225,0.133166666666667,0.405333333333333,162200
0,0,0,0,0,0,0.0225,0.1325,0.403166666666667,162300
0,0,0,0,0,0,0.0223333333333333,0.131833333333333,0.400833333333333,162400
0,0,0,0,0,0,0.0221666666666667,0.1315,0.399666666666667,162500
0,0,0,0,0,0,0.0218333333333333,0.130333333333333,0.398,162600
0,0,0,0,0,0,0.0218333333333333,0.1295,0.395833333333333,162700
0,0,0,0,0,0,0.0218333333333333,0.128833333333333,0.393333333333333,162800
0,0,0,0,0,0,0.0216666666666667,0.127666666666667,0.391666666666667,162900
0,0,0,0,0,0,0.0215,0.127333333333333,0.389833333333333,163000
0,0,0,0,0,0,0.0215,0.126333333333333,0.388166666666667,163100
0,0,0,0,0,0,0.0213333333333333,0.125666666666667,0.3875,163200
0,0,0,0,0,0,0.0211666666666667,0.124833333333333,0.386,163300
0,0,0,0,0,0,0.0208333333333333,0.124666666666667,0.3845,163400
0,0,0,0,0,0,0.0206666666666667,0.123833333333333,0.382166666666667,163500
0,0,0,0,0,0,0.0206666666666667,0.122333333333333,0.380666666666667,163600
0,0,0,0,0,0,0.0205,0.122166666666667,0.378166666666667,163700
0,0,0,0,0,0,0.0205,0.121166666666667,0.3765,163800
0,0,0,0,0,0,0.0203333333333333,0.1205,0.375666666666667,163900
0,0,0,0,0,0,0.0203333333333333,0.120333333333333,0.373666666666667,164000
0,0,0,0,0,0,0.0201666666666667,0.119333333333333,0.372,164100
0,0,0,0,0,0,0.0198333333333333,0.118833333333333,0.369,164200
0,0,0,0,0,0,0.0198333333333333,0.118166666666667,0.3675,164300
0,0,0,0,0,0,0.0196666666666667,0.117333333333333,0.366,164400
0,0,0,0,0,0,0.0195,0.116666666666667,0.364666666666667,164500
0,0,0,0,0,0,0.0193333333333333,0.116166666666667,0.364,164600
0,0,0,0,0,0,0.0193333333333333,0.1155,0.361833333333333,164700
0,0,0,0,0,0,0.0191666666666667,0.114833333333333,0.361166666666667,164800
0,0,0,0,0,0,0.0191666666666667,0.114166666666667,0.359666666666667,164900
0,0,0,0,0,0,0.0191666666666667,0.113166666666667,0.358166666666667,165000
0,0,0,0,0,0,0.019,0.112666666666667,0.357,165100
0,0,0,0,0,0,0.0188333333333333,0.112166666666667,0.3555,165200
0,0,0,0,0,0,0.0185,0.112,0.3545,165300
0,0,0,0,0,0,0.0185,0.111333333333333,0.352333333333333,165400
0,0,0,0,0,0,0.0185,0.110333333333333,0.350666666666667,165500
0,0,0,0,0,0,0.0178333333333333,0.109666666666667,0.348333333333333,165600
0,0,0,0,0,0,0.0176666666666667,0.108666666666667,0.3475,165700
0,0,0,0,0,0,0.0176666666666667,0.108333333333333,0.346166666666667,165800
0,0,0,0,0,0,0.0175,0.107666666666667,0.344333333333333,165900
0,0,0,0,0,0,0.0171666666666667,0.107166666666667,0.343166666666667,166000
0,0,0,0,0,0,0.017,0.107166666666667,0.342,166100
0,0,0,0,0,0,0.017,0.106166666666667,0.3405,166200
0,0,0,0,0,0,0.017,0.105833333333333,0.338833333333333,166300
0,0,0,0,0,0,0.0168333333333333,0.105166666666667,0.337666666666667,166400
0,0,0,0,0,0,0.0166666666666667,0.104833333333333,0.336666666666667,166500
0,0,0,0,0,0,0.0166666666666667,0.104333333333333,0.334833333333333,166600
0,0,0,0,0,0,0.0166666666666667,0.103,0.3335,166700
0,0,0,0,0,0,0.0166666666666667,0.103,0.332333333333333,166800
0,0,0,0,0,0,0.0166666666666667,0.102166666666667,0.331,166900
0,0,0,0,0,0,0.0165,0.101666666666667,0.3305,167000
0,0,0,0,0,0,0.0163333333333333,0.101166666666667,0.329,167100
0,0,0,0,0,0,0.0163333333333333,0.100666666666667,0.328,167200
0,0,0,0,0,0,0.016,0.0996666666666667,0.326333333333333,167300
0,0,0,0,0,0,0.016,0.0995,0.325333333333333,167400
0,0,0,0,0,0,0.016,0.0988333333333333,0.324666666666667,167500
0,0,0,0,0,0,0.016,0.0976666666666667,0.323833333333333,167600
0,0,0,0,0,0,0.0158333333333333,0.0971666666666667,0.322333333333333,167700
0,0,0,0,0,0,0.0158333333333333,0.0965,0.3205,167800
0,0,0,0,0,0,0.0158333333333333,0.0958333333333333,0.318333333333333,167900
0,0,0,0,0,0,0.0158333333333333,0.0955,0.317166666666667,168000
0,0,0,0,0,0,0.0158333333333333,0.0951666666666667,0.315833333333333,168100
0,0,0,0,0,0,0.0158333333333333,0.0945,0.314333333333333,168200
0,0,0,0,0,0,0.0158333333333333,0.0938333333333333,0.313166666666667,168300
0,0,0,0,0,0,0.0156666666666667,0.0933333333333333,0.310833333333333,168400
0,0,0,0,0,0,0.0156666666666667,0.0925,0.309833333333333,168500
0,0,0,0,0,0,0.0153333333333333,0.0921666666666667,0.308666666666667,168600
0,0,0,0,0,0,0.0153333333333333,0.092,0.306833333333333,168700
0,0,0,0,0,0,0.0151666666666667,0.0915,0.306,168800
0,0,0,0,0,0,0.0148333333333333,0.0908333333333333,0.3045,168900
0,0,0,0,0,0,0.0146666666666667,0.0901666666666667,0.302666666666667,169000
0,0,0,0,0,0,0.0146666666666667,0.0896666666666667,0.301166666666667,169100
0,0,0,0,0,0,0.0145,0.089,0.299166666666667,169200
0,0,0,0,0,0,0.0143333333333333,0.0881666666666667,0.298166666666667,169300
0,0,0,0,0,0,0.0143333333333333,0.0878333333333333,0.297166666666667,169400
0,0,0,0,0,0,0.0141666666666667,0.0873333333333333,0.296666666666667,169500
0,0,0,0,0,0,0.0136666666666667,0.0871666666666667,0.295333333333333,169600
0,0,0,0,0,0,0.0135,0.087,0.294,169700
0,0,0,0,0,0,0.0135,0.0865,0.293333333333333,169800
0,0,0,0,0,0,0.0133333333333333,0.0855,0.291833333333333,169900
0,0,0,0,0,0,0.0131666666666667,0.085,0.289833333333333,170000
0,0,0,0,0,0,0.013,0.0843333333333333,0.288,170100
0,0,0,0,0,0,0.013,0.084,0.287,170200
0,0,0,0,0,0,0.0128333333333333,0.0838333333333333,0.285833333333333,170300
0,0,0,0,0,0,0.0128333333333333,0.0836666666666667,0.2845,170400
0,0,0,0,0,0,0.0128333333333333,0.0831666666666667,0.2835,170500
0,0,0,0,0,0,0.0128333333333333,0.0825,0.283166666666667,170600
0,0,0,0,0,0,0.0128333333333333,0.0821666666666667,0.2815,170700
0,0,0,0,0,0,0.0128333333333333,0.0815,0.28,170800
0,0,0,0,0,0,0.0128333333333333,0.0806666666666667,0.278333333333333,170900
0,0,0,0,0,0,0.0128333333333333,0.0806666666666667,0.277333333333333,171000
0,0,0,0,0,0,0.0128333333333333,0.0798333333333333,0.275666666666667,171100
0,0,0,0,0,0,0.0128333333333333,0.0798333333333333,0.274333333333333,171200
0,0,0,0,0,0,0.0128333333333333,0.0795,0.273333333333333,171300
0,0,0,0,0,0,0.0126666666666667,0.0791666666666667,0.272166666666667,171400
0,0,0,0,0,0,0.0126666666666667,0.0786666666666667,0.2715,171500
0,0,0,0,0,0,0.0126666666666667,0.0781666666666667,0.2705,171600
0,0,0,0,0,0,0.0125,0.0776666666666667,0.269,171700
0,0,0,0,0,0,0.0125,0.0766666666666667,0.268,171800
0,0,0,0,0,0,0.0123333333333333,0.0761666666666667,0.2665,171900
0,0,0,0,0,0,0.0123333333333333,0.0755,0.265,172000
0,0,0,0,0,0,0.0123333333333333,0.075,0.264166666666667,172100
0,0,0,0,0,0,0.0121666666666667,0.0746666666666667,0.263,172200
0,0,0,0,0,0,0.012,0.0743333333333333,0.262,172300
0,0,0,0,0,0,0.012,0.074,0.2605,172400
0,0,0,0,0,0,0.0118333333333333,0.0735,0.2585,172500
0,0,0,0,0,0,0.0116666666666667,0.073,0.257,172600
0,0,0,0,0,0,0.0116666666666667,0.0725,0.256166666666667,172700
0,0,0,0,0,0,0.0116666666666667,0.072,0.254333333333333,172800
0,0,0,0,0,0,0.0115,0.0713333333333333,0.254,172900
0,0,0,0,0,0,0.0115,0.0705,0.253333333333333,173000
0,0,0,0,0,0,0.0113333333333333,0.0701666666666667,0.252333333333333,173100
0,0,0,0,0,0,0.0113333333333333,0.0696666666666667,0.251333333333333,173200
0,0,0,0,0,0,0.0113333333333333,0.0691666666666667,0.250166666666667,173300
0,0,0,0,0,0,0.0111666666666667,0.0686666666666667,0.249166666666667,173400
0,0,0,0,0,0,0.0111666666666667,0.0685,0.247666666666667,173500
0,0,0,0,0,0,0.0111666666666667,0.068,0.247333333333333,173600
0,0,0,0,0,0,0.0111666666666667,0.0676666666666667,0.247,173700
0,0,0,0,0,0,0.0111666666666667,0.0668333333333333,0.246,173800
0,0,0,0,0,0,0.0111666666666667,0.0666666666666667,0.245333333333333,173900
0,0,0,0,0,0,0.0108333333333333,0.0666666666666667,0.244,174000
0,0,0,0,0,0,0.0108333333333333,0.066,0.2425,174100
0,0,0,0,0,0,0.0108333333333333,0.0656666666666667,0.241333333333333,174200
0,0,0,0,0,0,0.0108333333333333,0.0653333333333333,0.239833333333333,174300
0,0,0,0,0,0,0.0108333333333333,0.0651666666666667,0.239333333333333,174400
0,0,0,0,0,0,0.0106666666666667,0.0645,0.237833333333333,174500
0,0,0,0,0,0,0.0105,0.0643333333333333,0.236833333333333,174600
0,0,0,0,0,0,0.0105,0.064,0.235,174700
0,0,0,0,0,0,0.0105,0.064,0.2335,174800
0,0,0,0,0,0,0.0105,0.0638333333333333,0.233,174900
0,0,0,0,0,0,0.0103333333333333,0.0636666666666667,0.232333333333333,175000
0,0,0,0,0,0,0.0103333333333333,0.0631666666666667,0.231,175100
0,0,0,0,0,0,0.0103333333333333,0.0626666666666667,0.230166666666667,175200
0,0,0,0,0,0,0.0101666666666667,0.0621666666666667,0.229166666666667,175300
0,0,0,0,0,0,0.01,0.0616666666666667,0.2285,175400
0,0,0,0,0,0,0.01,0.0616666666666667,0.227833333333333,175500
0,0,0,0,0,0,0.01,0.061,0.227333333333333,175600
0,0,0,0,0,0,0.01,0.0606666666666667,0.226833333333333,175700
0,0,0,0,0,0,0.01,0.0605,0.224666666666667,175800
0,0,0,0,0,0,0.01,0.0601666666666667,0.2235,175900
0,0,0,0,0,0,0.01,0.0595,0.2235,176000
0,0,0,0,0,0,0.01,0.0593333333333333,0.222333333333333,176100
0,0,0,0,0,0,0.01,0.0591666666666667,0.221333333333333,176200
0,0,0,0,0,0,0.00983333333333333,0.0591666666666667,0.220166666666667,176300
0,0,0,0,0,0,0.00983333333333333,0.0591666666666667,0.218833333333333,176400
0,0,0,0,0,0,0.00983333333333333,0.059,0.217666666666667,176500
0,0,0,0,0,0,0.00966666666666667,0.0588333333333333,0.216833333333333,176600
0,0,0,0,0,0,0.00966666666666667,0.0583333333333333,0.215833333333333,176700
0,0,0,0,0,0,0.00966666666666667,0.058,0.215,176800
0,0,0,0,0,0,0.00966666666666667,0.0576666666666667,0.214,176900
0,0,0,0,0,0,0.00966666666666667,0.0571666666666667,0.213,177000
0,0,0,0,0,0,0.00966666666666667,0.057,0.212,177100
0,0,0,0,0,0,0.0095,0.0568333333333333,0.2105,177200
0,0,0,0,0,0,0.00933333333333333,0.0568333333333333,0.209666666666667,177300
0,0,0,0,0,0,0.00933333333333333,0.0568333333333333,0.2085,177400
0,0,0,0,0,0,0.00933333333333333,0.0566666666666667,0.2075,177500
0,0,0,0,0,0,0.00933333333333333,0.0565,0.206666666666667,177600
0,0,0,0,0,0,0.00933333333333333,0.0563333333333333,0.206,177700
0,0,0,0,0,0,0.00933333333333333,0.056,0.205333333333333,177800
0,0,0,0,0,0,0.00933333333333333,0.0558333333333333,0.203666666666667,177900
0,0,0,0,0,0,0.00933333333333333,0.0553333333333333,0.203166666666667,178000
0,0,0,0,0,0,0.00916666666666667,0.055,0.2025,178100
0,0,0,0,0,0,0.00916666666666667,0.055,0.201833333333333,178200
0,0,0,0,0,0,0.00916666666666667,0.0543333333333333,0.201166666666667,178300
0,0,0,0,0,0,0.00883333333333333,0.0536666666666667,0.2,178400
0,0,0,0,0,0,0.00883333333333333,0.0533333333333333,0.198,178500
0,0,0,0,0,0,0.00883333333333333,0.0528333333333333,0.197,178600
0,0,0,0,0,0,0.00883333333333333,0.0526666666666667,0.196166666666667,178700
0,0,0,0,0,0,0.00883333333333333,0.0523333333333333,0.195666666666667,178800
0,0,0,0,0,0,0.00866666666666667,0.052,0.1945,178900
0,0,0,0,0,0,0.00866666666666667,0.0516666666666667,0.193666666666667,179000
0,0,0,0,0,0,0.0085,0.0513333333333333,0.192666666666667,179100
0,0,0,0,0,0,0.0085,0.0508333333333333,0.1915,179200
0,0,0,0,0,0,0.0085,0.0505,0.190666666666667,179300
0,0,0,0,0,0,0.0085,0.0501666666666667,0.190333333333333,179400
0,0,0,0,0,0,0.0085,0.0498333333333333,0.1895,179500
0,0,0,0,0,0,0.0085,0.0495,0.188833333333333,179600
0,0,0,0,0,0,0.00833333333333333,0.0491666666666667,0.188333333333333,179700
0,0,0,0,0,0,0.00833333333333333,0.049,0.187333333333333,179800
0,0,0,0,0,0,0.00833333333333333,0.0486666666666667,0.186666666666667,179900
0,0,0,0,0,0,0.00833333333333333,0.0483333333333333,0.185333333333333,180000
0,0,0,0,0,0,0.00833333333333333,0.0481666666666667,0.184333333333333,180100
0,0,0,0,0,0,0.00816666666666667,0.048,0.1835,180200
0,0,0,0,0,0,0.00816666666666667,0.048,0.182666666666667,180300
0,0,0,0,0,0,0.00816666666666667,0.048,0.181833333333333,180400
0,0,0,0,0,0,0.00816666666666667,0.0478333333333333,0.1805,180500
0,0,0,0,0,0,0.00816666666666667,0.0476666666666667,0.179666666666667,180600
0,0,0,0,0,0,0.00816666666666667,0.0476666666666667,0.178833333333333,180700
0,0,0,0,0,0,0.00816666666666667,0.0471666666666667,0.1775,180800
0,0,0,0,0,0,0.008,0.0471666666666667,0.176333333333333,180900
0,0,0,0,0,0,0.008,0.047,0.175833333333333,181000
0,0,0,0,0,0,0.008,0.0466666666666667,0.1745,181100
0,0,0,0,0,0,0.00783333333333333,0.0466666666666667,0.174,181200
0,0,0,0,0,0,0.00783333333333333,0.0465,0.173166666666667,181300
0,0,0,0,0,0,0.00783333333333333,0.0465,0.172333333333333,181400
0,0,0,0,0,0,0.00783333333333333,0.046,0.1715,181500
0,0,0,0,0,0,0.00783333333333333,0.046,0.171333333333333,181600
0,0,0,0,0,0,0.00766666666666667,0.046,0.170166666666667,181700
0,0,0,0,0,0,0.00766666666666667,0.0458333333333333,0.169833333333333,181800
0,0,0,0,0,0,0.00766666666666667,0.0451666666666667,0.169,181900
0,0,0,0,0,0,0.00766666666666667,0.0446666666666667,0.168166666666667,182000
0,0,0,0,0,0,0.00766666666666667,0.0441666666666667,0.167166666666667,182100
0,0,0,0,0,0,0.00766666666666667,0.044,0.1665,182200
0,0,0,0,0,0,0.00766666666666667,0.0436666666666667,0.165666666666667,182300
0,0,0,0,0,0,0.00766666666666667,0.0435,0.164166666666667,182400
0,0,0,0,0,0,0.00766666666666667,0.0435,0.162333333333333,182500
0,0,0,0,0,0,0.0075,0.0435,0.1605,182600
0,0,0,0,0,0,0.0075,0.0428333333333333,0.159333333333333,182700
0,0,0,0,0,0,0.0075,0.0428333333333333,0.1585,182800
0,0,0,0,0,0,0.0075,0.0428333333333333,0.158,182900
0,0,0,0,0,0,0.00733333333333333,0.0428333333333333,0.157333333333333,183000
0,0,0,0,0,0,0.00733333333333333,0.0425,0.156166666666667,183100
0,0,0,0,0,0,0.00733333333333333,0.042,0.155166666666667,183200
0,0,0,0,0,0,0.007,0.042,0.154666666666667,183300
0,0,0,0,0,0,0.007,0.042,0.154166666666667,183400
0,0,0,0,0,0,0.007,0.0416666666666667,0.153833333333333,183500
0,0,0,0,0,0,0.007,0.0413333333333333,0.153333333333333,183600
0,0,0,0,0,0,0.007,0.0408333333333333,0.152833333333333,183700
0,0,0,0,0,0,0.007,0.0405,0.152166666666667,183800
0,0,0,0,0,0,0.007,0.04,0.151333333333333,183900
0,0,0,0,0,0,0.007,0.0395,0.150666666666667,184000
0,0,0,0,0,0,0.007,0.0393333333333333,0.149666666666667,184100
0,0,0,0,0,0,0.007,0.039,0.149166666666667,184200
0,0,0,0,0,0,0.007,0.0381666666666667,0.148833333333333,184300
0,0,0,0,0,0,0.007,0.0381666666666667,0.147666666666667,184400
0,0,0,0,0,0,0.007,0.0381666666666667,0.146666666666667,184500
0,0,0,0,0,0,0.007,0.0381666666666667,0.146666666666667,184600
0,0,0,0,0,0,0.007,0.038,0.145166666666667,184700
0,0,0,0,0,0,0.00683333333333333,0.038,0.144666666666667,184800
0,0,0,0,0,0,0.00683333333333333,0.0378333333333333,0.144166666666667,184900
0,0,0,0,0,0,0.00683333333333333,0.0375,0.1435,185000
0,0,0,0,0,0,0.00666666666666667,0.0371666666666667,0.142833333333333,185100
0,0,0,0,0,0,0.00666666666666667,0.0365,0.142,185200
0,0,0,0,0,0,0.00666666666666667,0.036,0.1415,185300
0,0,0,0,0,0,0.00666666666666667,0.0358333333333333,0.141333333333333,185400
0,0,0,0,0,0,0.00666666666666667,0.0358333333333333,0.139833333333333,185500
0,0,0,0,0,0,0.00666666666666667,0.0355,0.139,185600
0,0,0,0,0,0,0.00666666666666667,0.0351666666666667,0.138833333333333,185700
0,0,0,0,0,0,0.00666666666666667,0.0351666666666667,0.1385,185800
0,0,0,0,0,0,0.00666666666666667,0.0346666666666667,0.138,185900
0,0,0,0,0,0,0.00666666666666667,0.0345,0.136666666666667,186000
0,0,0,0,0,0,0.00666666666666667,0.0345,0.136333333333333,186100
0,0,0,0,0,0,0.00666666666666667,0.0341666666666667,0.135833333333333,186200
0,0,0,0,0,0,0.00666666666666667,0.0338333333333333,0.134833333333333,186300
0,0,0,0,0,0,0.00666666666666667,0.033,0.133666666666667,186400
0,0,0,0,0,0,0.00666666666666667,0.033,0.133166666666667,186500
0,0,0,0,0,0,0.00666666666666667,0.0328333333333333,0.1325,186600
0,0,0,0,0,0,0.0065,0.0326666666666667,0.131833333333333,186700
0,0,0,0,0,0,0.0065,0.0326666666666667,0.1315,186800
0,0,0,0,0,0,0.0065,0.0323333333333333,0.130666666666667,186900
0,0,0,0,0,0,0.0065,0.0321666666666667,0.129833333333333,187000
0,0,0,0,0,0,0.0065,0.0318333333333333,0.129,187100
0,0,0,0,0,0,0.00633333333333333,0.0316666666666667,0.1285,187200
0,0,0,0,0,0,0.00633333333333333,0.0315,0.127666666666667,187300
0,0,0,0,0,0,0.00633333333333333,0.0315,0.127166666666667,187400
0,0,0,0,0,0,0.00633333333333333,0.0315,0.126333333333333,187500
0,0,0,0,0,0,0.00616666666666667,0.031,0.126,187600
0,0,0,0,0,0,0.00616666666666667,0.031,0.125166666666667,187700
0,0,0,0,0,0,0.00616666666666667,0.0306666666666667,0.124833333333333,187800
0,0,0,0,0,0,0.00616666666666667,0.0305,0.124666666666667,187900
0,0,0,0,0,0,0.006,0.0301666666666667,0.1235,188000
0,0,0,0,0,0,0.00583333333333333,0.03,0.122333333333333,188100
0,0,0,0,0,0,0.00566666666666667,0.0296666666666667,0.122166666666667,188200
0,0,0,0,0,0,0.00566666666666667,0.0291666666666667,0.121166666666667,188300
0,0,0,0,0,0,0.0055,0.029,0.120666666666667,188400
0,0,0,0,0,0,0.0055,0.0288333333333333,0.120333333333333,188500
0,0,0,0,0,0,0.0055,0.0285,0.119833333333333,188600
0,0,0,0,0,0,0.0055,0.0281666666666667,0.119166666666667,188700
0,0,0,0,0,0,0.0055,0.0278333333333333,0.118666666666667,188800
0,0,0,0,0,0,0.0055,0.0278333333333333,0.118,188900
0,0,0,0,0,0,0.0055,0.0276666666666667,0.117166666666667,189000
0,0,0,0,0,0,0.0055,0.0275,0.116833333333333,189100
0,0,0,0,0,0,0.0055,0.0273333333333333,0.116333333333333,189200
0,0,0,0,0,0,0.0055,0.0271666666666667,0.116,189300
0,0,0,0,0,0,0.0055,0.0271666666666667,0.115,189400
0,0,0,0,0,0,0.0055,0.0268333333333333,0.114666666666667,189500
0,0,0,0,0,0,0.0055,0.0265,0.114,189600
0,0,0,0,0,0,0.00533333333333333,0.0265,0.113,189700
0,0,0,0,0,0,0.00533333333333333,0.0263333333333333,0.112666666666667,189800
0,0,0,0,0,0,0.00516666666666667,0.0261666666666667,0.112333333333333,189900
0,0,0,0,0,0,0.00516666666666667,0.0258333333333333,0.112,190000
0,0,0,0,0,0,0.00516666666666667,0.0258333333333333,0.111833333333333,190100
0,0,0,0,0,0,0.00516666666666667,0.0256666666666667,0.110666666666667,190200
0,0,0,0,0,0,0.00516666666666667,0.0255,0.109833333333333,190300
0,0,0,0,0,0,0.00516666666666667,0.0255,0.109333333333333,190400
0,0,0,0,0,0,0.00516666666666667,0.0255,0.108666666666667,190500
0,0,0,0,0,0,0.00516666666666667,0.0255,0.108333333333333,190600
0,0,0,0,0,0,0.00516666666666667,0.0253333333333333,0.107666666666667,190700
0,0,0,0,0,0,0.00516666666666667,0.0251666666666667,0.107166666666667,190800
0,0,0,0,0,0,0.00516666666666667,0.025,0.107166666666667,190900
0,0,0,0,0,0,0.00516666666666667,0.0248333333333333,0.107,191000
0,0,0,0,0,0,0.00516666666666667,0.0248333333333333,0.106166666666667,191100
0,0,0,0,0,0,0.00516666666666667,0.0248333333333333,0.105833333333333,191200
0,0,0,0,0,0,0.00516666666666667,0.0246666666666667,0.105166666666667,191300
0,0,0,0,0,0,0.00516666666666667,0.0246666666666667,0.104833333333333,191400
0,0,0,0,0,0,0.00516666666666667,0.0246666666666667,0.104333333333333,191500
0,0,0,0,0,0,0.00516666666666667,0.0246666666666667,0.1035,191600
0,0,0,0,0,0,0.00516666666666667,0.0245,0.103,191700
0,0,0,0,0,0,0.005,0.0243333333333333,0.102833333333333,191800
0,0,0,0,0,0,0.005,0.0243333333333333,0.102,191900
0,0,0,0,0,0,0.005,0.0241666666666667,0.1015,192000
0,0,0,0,0,0,0.005,0.024,0.101166666666667,192100
0,0,0,0,0,0,0.005,0.024,0.100833333333333,192200
0,0,0,0,0,0,0.005,0.0238333333333333,0.100166666666667,192300
0,0,0,0,0,0,0.00483333333333333,0.0236666666666667,0.0995,192400
0,0,0,0,0,0,0.00483333333333333,0.0236666666666667,0.0993333333333333,192500
0,0,0,0,0,0,0.00483333333333333,0.0236666666666667,0.0983333333333333,192600
0,0,0,0,0,0,0.00483333333333333,0.0235,0.0976666666666667,192700
0,0,0,0,0,0,0.00483333333333333,0.023,0.0971666666666667,192800
0,0,0,0,0,0,0.00483333333333333,0.023,0.0965,192900
0,0,0,0,0,0,0.00483333333333333,0.023,0.096,193000
0,0,0,0,0,0,0.00483333333333333,0.0225,0.0956666666666667,193100
0,0,0,0,0,0,0.00483333333333333,0.0225,0.0953333333333333,193200
0,0,0,0,0,0,0.00483333333333333,0.0225,0.0948333333333333,193300
0,0,0,0,0,0,0.00483333333333333,0.0223333333333333,0.0943333333333333,193400
0,0,0,0,0,0,0.00483333333333333,0.0221666666666667,0.0938333333333333,193500
0,0,0,0,0,0,0.00483333333333333,0.0218333333333333,0.093,193600
0,0,0,0,0,0,0.00483333333333333,0.0218333333333333,0.0926666666666667,193700
0,0,0,0,0,0,0.00483333333333333,0.0218333333333333,0.0921666666666667,193800
0,0,0,0,0,0,0.00483333333333333,0.0218333333333333,0.092,193900
0,0,0,0,0,0,0.00466666666666667,0.0216666666666667,0.092,194000
0,0,0,0,0,0,0.00466666666666667,0.0215,0.0911666666666667,194100
0,0,0,0,0,0,0.00466666666666667,0.0215,0.0903333333333333,194200
0,0,0,0,0,0,0.00466666666666667,0.0213333333333333,0.0901666666666667,194300
0,0,0,0,0,0,0.00466666666666667,0.0211666666666667,0.0896666666666667,194400
0,0,0,0,0,0,0.0045,0.0211666666666667,0.0891666666666667,194500
0,0,0,0,0,0,0.00416666666666667,0.0208333333333333,0.0883333333333333,194600
0,0,0,0,0,0,0.00416666666666667,0.0206666666666667,0.088,194700
0,0,0,0,0,0,0.00416666666666667,0.0206666666666667,0.0875,194800
0,0,0,0,0,0,0.00416666666666667,0.0206666666666667,0.0871666666666667,194900
0,0,0,0,0,0,0.00416666666666667,0.0205,0.0871666666666667,195000
0,0,0,0,0,0,0.00416666666666667,0.0205,0.087,195100
0,0,0,0,0,0,0.004,0.0203333333333333,0.0868333333333333,195200
0,0,0,0,0,0,0.00383333333333333,0.0203333333333333,0.0855,195300
0,0,0,0,0,0,0.00383333333333333,0.0203333333333333,0.0851666666666667,195400
0,0,0,0,0,0,0.00383333333333333,0.0201666666666667,0.0846666666666667,195500
0,0,0,0,0,0,0.00383333333333333,0.0198333333333333,0.0843333333333333,195600
0,0,0,0,0,0,0.00366666666666667,0.0198333333333333,0.084,195700
0,0,0,0,0,0,0.00366666666666667,0.0196666666666667,0.0838333333333333,195800
0,0,0,0,0,0,0.00366666666666667,0.0196666666666667,0.0836666666666667,195900
0,0,0,0,0,0,0.00366666666666667,0.0195,0.0831666666666667,196000
0,0,0,0,0,0,0.00366666666666667,0.0193333333333333,0.0828333333333333,196100
0,0,0,0,0,0,0.00366666666666667,0.0193333333333333,0.0823333333333333,196200
0,0,0,0,0,0,0.00366666666666667,0.0191666666666667,0.082,196300
0,0,0,0,0,0,0.00366666666666667,0.0191666666666667,0.0811666666666667,196400
0,0,0,0,0,0,0.00366666666666667,0.0191666666666667,0.0806666666666667,196500
0,0,0,0,0,0,0.00366666666666667,0.019,0.0805,196600
0,0,0,0,0,0,0.00366666666666667,0.0188333333333333,0.0798333333333333,196700
0,0,0,0,0,0,0.00366666666666667,0.0186666666666667,0.0798333333333333,196800
0,0,0,0,0,0,0.00366666666666667,0.0185,0.0795,196900
0,0,0,0,0,0,0.00366666666666667,0.0185,0.0795,197000
0,0,0,0,0,0,0.00366666666666667,0.0185,0.0788333333333333,197100
0,0,0,0,0,0,0.0035,0.018,0.0783333333333333,197200
0,0,0,0,0,0,0.0035,0.0178333333333333,0.0781666666666667,197300
0,0,0,0,0,0,0.00316666666666667,0.0176666666666667,0.0773333333333333,197400
0,0,0,0,0,0,0.00316666666666667,0.0175,0.0766666666666667,197500
0,0,0,0,0,0,0.00316666666666667,0.0175,0.0763333333333333,197600
0,0,0,0,0,0,0.00316666666666667,0.0171666666666667,0.0755,197700
0,0,0,0,0,0,0.00316666666666667,0.017,0.075,197800
0,0,0,0,0,0,0.00316666666666667,0.017,0.075,197900
0,0,0,0,0,0,0.00316666666666667,0.017,0.0746666666666667,198000
0,0,0,0,0,0,0.00316666666666667,0.017,0.0743333333333333,198100
0,0,0,0,0,0,0.00316666666666667,0.0166666666666667,0.074,198200
0,0,0,0,0,0,0.00316666666666667,0.0166666666666667,0.0735,198300
0,0,0,0,0,0,0.00316666666666667,0.0166666666666667,0.0733333333333333,198400
0,0,0,0,0,0,0.00316666666666667,0.0166666666666667,0.0726666666666667,198500
0,0,0,0,0,0,0.00316666666666667,0.0166666666666667,0.0721666666666667,198600
0,0,0,0,0,0,0.00316666666666667,0.0166666666666667,0.0716666666666667,198700
0,0,0,0,0,0,0.003,0.0166666666666667,0.0711666666666667,198800
0,0,0,0,0,0,0.003,0.0165,0.0705,198900
0,0,0,0,0,0,0.003,0.0163333333333333,0.0701666666666667,199000
0,0,0,0,0,0,0.003,0.0163333333333333,0.0696666666666667,199100
0,0,0,0,0,0,0.003,0.0161666666666667,0.0693333333333333,199200
0,0,0,0,0,0,0.003,0.016,0.0686666666666667,199300
0,0,0,0,0,0,0.003,0.016,0.0685,199400
0,0,0,0,0,0,0.003,0.016,0.0683333333333333,199500
0,0,0,0,0,0,0.003,0.016,0.068,199600
0,0,0,0,0,0,0.003,0.0158333333333333,0.0676666666666667,199700
0,0,0,0,0,0,0.003,0.0158333333333333,0.0668333333333333,199800
0,0,0,0,0,0,0.00283333333333333,0.0158333333333333,0.0666666666666667,199900
0,0,0,0,0,0,0.00283333333333333,0.0158333333333333,0.0666666666666667,2e+05
0,0,0,0,0,0,0.00283333333333333,0.0158333333333333,0.066,200100
0,0,0,0,0,0,0.00283333333333333,0.0158333333333333,0.066,200200
0,0,0,0,0,0,0.00283333333333333,0.0158333333333333,0.0656666666666667,200300
0,0,0,0,0,0,0.00283333333333333,0.0158333333333333,0.0653333333333333,200400
0,0,0,0,0,0,0.00283333333333333,0.0158333333333333,0.0651666666666667,200500
0,0,0,0,0,0,0.00283333333333333,0.0156666666666667,0.0645,200600
0,0,0,0,0,0,0.00283333333333333,0.0156666666666667,0.0643333333333333,200700
0,0,0,0,0,0,0.00283333333333333,0.0153333333333333,0.0641666666666667,200800
0,0,0,0,0,0,0.00283333333333333,0.0153333333333333,0.064,200900
0,0,0,0,0,0,0.00283333333333333,0.0151666666666667,0.064,201000
0,0,0,0,0,0,0.00283333333333333,0.015,0.0638333333333333,201100
0,0,0,0,0,0,0.00283333333333333,0.0146666666666667,0.0633333333333333,201200
0,0,0,0,0,0,0.00283333333333333,0.0146666666666667,0.0631666666666667,201300
0,0,0,0,0,0,0.00283333333333333,0.0146666666666667,0.0626666666666667,201400
0,0,0,0,0,0,0.00283333333333333,0.0145,0.0623333333333333,201500
0,0,0,0,0,0,0.00283333333333333,0.0145,0.0616666666666667,201600
0,0,0,0,0,0,0.00266666666666667,0.0143333333333333,0.0616666666666667,201700
0,0,0,0,0,0,0.00266666666666667,0.0143333333333333,0.0616666666666667,201800
0,0,0,0,0,0,0.00266666666666667,0.014,0.0608333333333333,201900
0,0,0,0,0,0,0.00266666666666667,0.0136666666666667,0.0606666666666667,202000
0,0,0,0,0,0,0.00266666666666667,0.0135,0.0605,202100
0,0,0,0,0,0,0.00266666666666667,0.0135,0.0603333333333333,202200
0,0,0,0,0,0,0.0025,0.0133333333333333,0.0595,202300
0,0,0,0,0,0,0.0025,0.0133333333333333,0.0595,202400
0,0,0,0,0,0,0.0025,0.0131666666666667,0.0593333333333333,202500
0,0,0,0,0,0,0.0025,0.013,0.0591666666666667,202600
0,0,0,0,0,0,0.0025,0.013,0.0591666666666667,202700
0,0,0,0,0,0,0.0025,0.0128333333333333,0.0591666666666667,202800
0,0,0,0,0,0,0.0025,0.0128333333333333,0.059,202900
0,0,0,0,0,0,0.0025,0.0128333333333333,0.0588333333333333,203000
0,0,0,0,0,0,0.0025,0.0128333333333333,0.0583333333333333,203100
0,0,0,0,0,0,0.0025,0.0128333333333333,0.058,203200
0,0,0,0,0,0,0.0025,0.0128333333333333,0.0578333333333333,203300
0,0,0,0,0,0,0.0025,0.0128333333333333,0.0575,203400
0,0,0,0,0,0,0.0025,0.0128333333333333,0.0571666666666667,203500
0,0,0,0,0,0,0.0025,0.0128333333333333,0.057,203600
0,0,0,0,0,0,0.0025,0.0128333333333333,0.0568333333333333,203700
0,0,0,0,0,0,0.0025,0.0128333333333333,0.0568333333333333,203800
0,0,0,0,0,0,0.0025,0.0128333333333333,0.0568333333333333,203900
0,0,0,0,0,0,0.0025,0.0128333333333333,0.0568333333333333,204000
0,0,0,0,0,0,0.0025,0.0128333333333333,0.0566666666666667,204100
0,0,0,0,0,0,0.0025,0.0126666666666667,0.0565,204200
0,0,0,0,0,0,0.0025,0.0126666666666667,0.0563333333333333,204300
0,0,0,0,0,0,0.0025,0.0125,0.0561666666666667,204400
0,0,0,0,0,0,0.0025,0.0125,0.0558333333333333,204500
0,0,0,0,0,0,0.0025,0.0125,0.0556666666666667,204600
0,0,0,0,0,0,0.0025,0.0123333333333333,0.055,204700
0,0,0,0,0,0,0.00233333333333333,0.0123333333333333,0.055,204800
0,0,0,0,0,0,0.00233333333333333,0.0123333333333333,0.0548333333333333,204900
0,0,0,0,0,0,0.00233333333333333,0.0123333333333333,0.0541666666666667,205000
0,0,0,0,0,0,0.00233333333333333,0.0121666666666667,0.0536666666666667,205100
0,0,0,0,0,0,0.00233333333333333,0.0121666666666667,0.0535,205200
0,0,0,0,0,0,0.00233333333333333,0.012,0.053,205300
0,0,0,0,0,0,0.00233333333333333,0.012,0.0528333333333333,205400
0,0,0,0,0,0,0.00233333333333333,0.0118333333333333,0.0525,205500
0,0,0,0,0,0,0.00233333333333333,0.0116666666666667,0.0521666666666667,205600
0,0,0,0,0,0,0.00233333333333333,0.0116666666666667,0.0518333333333333,205700
0,0,0,0,0,0,0.00233333333333333,0.0116666666666667,0.0516666666666667,205800
0,0,0,0,0,0,0.00233333333333333,0.0115,0.0513333333333333,205900
0,0,0,0,0,0,0.00233333333333333,0.0115,0.0508333333333333,206000
0,0,0,0,0,0,0.00233333333333333,0.0115,0.0506666666666667,206100
0,0,0,0,0,0,0.00233333333333333,0.0113333333333333,0.0503333333333333,206200
0,0,0,0,0,0,0.00233333333333333,0.0113333333333333,0.05,206300
0,0,0,0,0,0,0.00233333333333333,0.0113333333333333,0.0496666666666667,206400
0,0,0,0,0,0,0.002,0.0111666666666667,0.0493333333333333,206500
0,0,0,0,0,0,0.002,0.0111666666666667,0.0491666666666667,206600
0,0,0,0,0,0,0.00183333333333333,0.0111666666666667,0.049,206700
0,0,0,0,0,0,0.00183333333333333,0.0111666666666667,0.0486666666666667,206800
0,0,0,0,0,0,0.00183333333333333,0.0111666666666667,0.0483333333333333,206900
0,0,0,0,0,0,0.00183333333333333,0.0111666666666667,0.0481666666666667,207000
0,0,0,0,0,0,0.00183333333333333,0.0111666666666667,0.0481666666666667,207100
0,0,0,0,0,0,0.00183333333333333,0.0108333333333333,0.048,207200
0,0,0,0,0,0,0.00166666666666667,0.0108333333333333,0.048,207300
0,0,0,0,0,0,0.00166666666666667,0.0108333333333333,0.048,207400
0,0,0,0,0,0,0.00166666666666667,0.0108333333333333,0.0478333333333333,207500
0,0,0,0,0,0,0.00166666666666667,0.0108333333333333,0.0476666666666667,207600
0,0,0,0,0,0,0.00166666666666667,0.0108333333333333,0.0476666666666667,207700
0,0,0,0,0,0,0.00166666666666667,0.0106666666666667,0.0475,207800
0,0,0,0,0,0,0.00166666666666667,0.0105,0.0471666666666667,207900
0,0,0,0,0,0,0.00166666666666667,0.0105,0.047,208000
0,0,0,0,0,0,0.00166666666666667,0.0105,0.0468333333333333,208100
0,0,0,0,0,0,0.00166666666666667,0.0105,0.0466666666666667,208200
0,0,0,0,0,0,0.00166666666666667,0.0105,0.0466666666666667,208300
0,0,0,0,0,0,0.00166666666666667,0.0103333333333333,0.0465,208400
0,0,0,0,0,0,0.00166666666666667,0.0103333333333333,0.0465,208500
0,0,0,0,0,0,0.00166666666666667,0.0103333333333333,0.0463333333333333,208600
0,0,0,0,0,0,0.00166666666666667,0.0103333333333333,0.046,208700
0,0,0,0,0,0,0.00166666666666667,0.0101666666666667,0.046,208800
0,0,0,0,0,0,0.00166666666666667,0.01,0.046,208900
0,0,0,0,0,0,0.00166666666666667,0.01,0.0458333333333333,209000
0,0,0,0,0,0,0.00166666666666667,0.01,0.0453333333333333,209100
0,0,0,0,0,0,0.00166666666666667,0.01,0.0448333333333333,209200
0,0,0,0,0,0,0.00166666666666667,0.01,0.0441666666666667,209300
0,0,0,0,0,0,0.00166666666666667,0.01,0.044,209400
0,0,0,0,0,0,0.00166666666666667,0.01,0.0438333333333333,209500
0,0,0,0,0,0,0.0015,0.01,0.0436666666666667,209600
0,0,0,0,0,0,0.0015,0.01,0.0435,209700
0,0,0,0,0,0,0.0015,0.01,0.0435,209800
0,0,0,0,0,0,0.0015,0.00983333333333333,0.0435,209900
0,0,0,0,0,0,0.0015,0.00983333333333333,0.0431666666666667,210000
0,0,0,0,0,0,0.0015,0.00983333333333333,0.0428333333333333,210100
0,0,0,0,0,0,0.0015,0.00983333333333333,0.0428333333333333,210200
0,0,0,0,0,0,0.0015,0.00983333333333333,0.0428333333333333,210300
0,0,0,0,0,0,0.0015,0.00966666666666667,0.0428333333333333,210400
0,0,0,0,0,0,0.0015,0.00966666666666667,0.0425,210500
0,0,0,0,0,0,0.0015,0.00966666666666667,0.042,210600
0,0,0,0,0,0,0.0015,0.00966666666666667,0.042,210700
0,0,0,0,0,0,0.0015,0.00966666666666667,0.042,210800
0,0,0,0,0,0,0.00133333333333333,0.00966666666666667,0.0416666666666667,210900
0,0,0,0,0,0,0.00133333333333333,0.0095,0.0415,211000
0,0,0,0,0,0,0.00133333333333333,0.00933333333333333,0.0411666666666667,211100
0,0,0,0,0,0,0.00133333333333333,0.00933333333333333,0.0408333333333333,211200
0,0,0,0,0,0,0.00133333333333333,0.00933333333333333,0.0405,211300
0,0,0,0,0,0,0.00133333333333333,0.00933333333333333,0.0401666666666667,211400
0,0,0,0,0,0,0.00133333333333333,0.00933333333333333,0.0396666666666667,211500
0,0,0,0,0,0,0.00133333333333333,0.00933333333333333,0.0395,211600
0,0,0,0,0,0,0.00133333333333333,0.00933333333333333,0.0391666666666667,211700
0,0,0,0,0,0,0.00133333333333333,0.00933333333333333,0.0386666666666667,211800
0,0,0,0,0,0,0.00133333333333333,0.00933333333333333,0.0381666666666667,211900
0,0,0,0,0,0,0.00133333333333333,0.00933333333333333,0.0381666666666667,212000
0,0,0,0,0,0,0.00133333333333333,0.00916666666666667,0.0381666666666667,212100
0,0,0,0,0,0,0.00133333333333333,0.00916666666666667,0.0381666666666667,212200
0,0,0,0,0,0,0.00133333333333333,0.00916666666666667,0.038,212300
0,0,0,0,0,0,0.00133333333333333,0.00883333333333333,0.038,212400
0,0,0,0,0,0,0.00133333333333333,0.00883333333333333,0.0378333333333333,212500
0,0,0,0,0,0,0.00133333333333333,0.00883333333333333,0.0376666666666667,212600
0,0,0,0,0,0,0.00133333333333333,0.00883333333333333,0.0375,212700
0,0,0,0,0,0,0.00116666666666667,0.00883333333333333,0.0371666666666667,212800
0,0,0,0,0,0,0.00116666666666667,0.00883333333333333,0.0366666666666667,212900
0,0,0,0,0,0,0.00116666666666667,0.00866666666666667,0.036,213000
0,0,0,0,0,0,0.00116666666666667,0.00866666666666667,0.0358333333333333,213100
0,0,0,0,0,0,0.00116666666666667,0.00866666666666667,0.0358333333333333,213200
0,0,0,0,0,0,0.00116666666666667,0.0085,0.0358333333333333,213300
0,0,0,0,0,0,0.00116666666666667,0.0085,0.0355,213400
0,0,0,0,0,0,0.00116666666666667,0.0085,0.0351666666666667,213500
0,0,0,0,0,0,0.00116666666666667,0.0085,0.035,213600
0,0,0,0,0,0,0.00116666666666667,0.0085,0.0346666666666667,213700
0,0,0,0,0,0,0.00116666666666667,0.0085,0.0346666666666667,213800
0,0,0,0,0,0,0.00116666666666667,0.0085,0.0345,213900
0,0,0,0,0,0,0.00116666666666667,0.00833333333333333,0.0341666666666667,214000
0,0,0,0,0,0,0.00116666666666667,0.00833333333333333,0.0341666666666667,214100
0,0,0,0,0,0,0.00116666666666667,0.00833333333333333,0.0333333333333333,214200
0,0,0,0,0,0,0.00116666666666667,0.00833333333333333,0.033,214300
0,0,0,0,0,0,0.00116666666666667,0.00833333333333333,0.033,214400
0,0,0,0,0,0,0.00116666666666667,0.00833333333333333,0.0328333333333333,214500
0,0,0,0,0,0,0.00116666666666667,0.00833333333333333,0.0326666666666667,214600
0,0,0,0,0,0,0.00116666666666667,0.00816666666666667,0.0326666666666667,214700
0,0,0,0,0,0,0.00116666666666667,0.00816666666666667,0.0325,214800
0,0,0,0,0,0,0.00116666666666667,0.00816666666666667,0.0323333333333333,214900
0,0,0,0,0,0,0.00116666666666667,0.00816666666666667,0.0321666666666667,215000
0,0,0,0,0,0,0.00116666666666667,0.00816666666666667,0.0316666666666667,215100
0,0,0,0,0,0,0.00116666666666667,0.00816666666666667,0.0316666666666667,215200
0,0,0,0,0,0,0.00116666666666667,0.00816666666666667,0.0315,215300
0,0,0,0,0,0,0.00116666666666667,0.008,0.0315,215400
0,0,0,0,0,0,0.00116666666666667,0.008,0.0315,215500
0,0,0,0,0,0,0.00116666666666667,0.008,0.0311666666666667,215600
0,0,0,0,0,0,0.00116666666666667,0.008,0.031,215700
0,0,0,0,0,0,0.00116666666666667,0.00783333333333333,0.0308333333333333,215800
0,0,0,0,0,0,0.00116666666666667,0.00783333333333333,0.0306666666666667,215900
0,0,0,0,0,0,0.00116666666666667,0.00783333333333333,0.0305,216000
0,0,0,0,0,0,0.00116666666666667,0.00783333333333333,0.0301666666666667,216100
0,0,0,0,0,0,0.00116666666666667,0.00783333333333333,0.0301666666666667,216200
0,0,0,0,0,0,0.00116666666666667,0.00783333333333333,0.0298333333333333,216300
0,0,0,0,0,0,0.00116666666666667,0.00766666666666667,0.0295,216400
0,0,0,0,0,0,0.00116666666666667,0.00766666666666667,0.0291666666666667,216500
0,0,0,0,0,0,0.00116666666666667,0.00766666666666667,0.029,216600
0,0,0,0,0,0,0.00116666666666667,0.00766666666666667,0.0288333333333333,216700
0,0,0,0,0,0,0.00116666666666667,0.00766666666666667,0.0285,216800
0,0,0,0,0,0,0.00116666666666667,0.00766666666666667,0.0283333333333333,216900
0,0,0,0,0,0,0.001,0.00766666666666667,0.0278333333333333,217000
0,0,0,0,0,0,0.001,0.00766666666666667,0.0278333333333333,217100
0,0,0,0,0,0,0.001,0.00766666666666667,0.0278333333333333,217200
0,0,0,0,0,0,0.001,0.00766666666666667,0.0276666666666667,217300
0,0,0,0,0,0,0.001,0.0075,0.0275,217400
0,0,0,0,0,0,0.001,0.0075,0.0273333333333333,217500
0,0,0,0,0,0,0.001,0.0075,0.0271666666666667,217600
0,0,0,0,0,0,0.001,0.0075,0.0271666666666667,217700
0,0,0,0,0,0,0.001,0.0075,0.027,217800
0,0,0,0,0,0,0.001,0.00733333333333333,0.0268333333333333,217900
0,0,0,0,0,0,0.001,0.00733333333333333,0.0265,218000
0,0,0,0,0,0,0.001,0.00733333333333333,0.0265,218100
0,0,0,0,0,0,0.001,0.00733333333333333,0.0263333333333333,218200
0,0,0,0,0,0,0.001,0.007,0.0263333333333333,218300
0,0,0,0,0,0,0.001,0.007,0.026,218400
0,0,0,0,0,0,0.001,0.007,0.0258333333333333,218500
0,0,0,0,0,0,0.001,0.007,0.0256666666666667,218600
0,0,0,0,0,0,0.001,0.007,0.0255,218700
0,0,0,0,0,0,0.001,0.007,0.0255,218800
0,0,0,0,0,0,0.001,0.007,0.0255,218900
0,0,0,0,0,0,0.001,0.007,0.0255,219000
0,0,0,0,0,0,0.001,0.007,0.0255,219100
0,0,0,0,0,0,0.001,0.007,0.0253333333333333,219200
0,0,0,0,0,0,0.001,0.007,0.0253333333333333,219300
0,0,0,0,0,0,0.001,0.007,0.0251666666666667,219400
0,0,0,0,0,0,0.001,0.007,0.025,219500
0,0,0,0,0,0,0.001,0.007,0.0248333333333333,219600
0,0,0,0,0,0,0.001,0.007,0.0248333333333333,219700
0,0,0,0,0,0,0.001,0.007,0.0248333333333333,219800
0,0,0,0,0,0,0.001,0.007,0.0246666666666667,219900
0,0,0,0,0,0,0.001,0.007,0.0246666666666667,220000
0,0,0,0,0,0,0.001,0.00683333333333333,0.0246666666666667,220100
0,0,0,0,0,0,0.001,0.00683333333333333,0.0246666666666667,220200
0,0,0,0,0,0,0.001,0.00683333333333333,0.0246666666666667,220300
0,0,0,0,0,0,0.001,0.00666666666666667,0.0245,220400
0,0,0,0,0,0,0.001,0.00666666666666667,0.0243333333333333,220500
0,0,0,0,0,0,0.001,0.00666666666666667,0.0243333333333333,220600
0,0,0,0,0,0,0.001,0.00666666666666667,0.0241666666666667,220700
0,0,0,0,0,0,0.001,0.00666666666666667,0.024,220800
0,0,0,0,0,0,0.001,0.00666666666666667,0.024,220900
0,0,0,0,0,0,0.001,0.00666666666666667,0.024,221000
0,0,0,0,0,0,0.001,0.00666666666666667,0.0238333333333333,221100
0,0,0,0,0,0,0.001,0.00666666666666667,0.0236666666666667,221200
0,0,0,0,0,0,0.001,0.00666666666666667,0.0236666666666667,221300
0,0,0,0,0,0,0.001,0.00666666666666667,0.0236666666666667,221400
0,0,0,0,0,0,0.001,0.00666666666666667,0.0235,221500
0,0,0,0,0,0,0.001,0.00666666666666667,0.0231666666666667,221600
0,0,0,0,0,0,0.001,0.00666666666666667,0.023,221700
0,0,0,0,0,0,0.001,0.00666666666666667,0.023,221800
0,0,0,0,0,0,0.001,0.00666666666666667,0.023,221900
0,0,0,0,0,0,0.001,0.00666666666666667,0.0225,222000
0,0,0,0,0,0,0.001,0.00666666666666667,0.0225,222100
0,0,0,0,0,0,0.001,0.00666666666666667,0.0225,222200
0,0,0,0,0,0,0.001,0.0065,0.0223333333333333,222300
0,0,0,0,0,0,0.001,0.0065,0.0221666666666667,222400
0,0,0,0,0,0,0.001,0.0065,0.0221666666666667,222500
0,0,0,0,0,0,0.001,0.0065,0.0218333333333333,222600
0,0,0,0,0,0,0.000833333333333333,0.0065,0.0218333333333333,222700
0,0,0,0,0,0,0.000833333333333333,0.0065,0.0218333333333333,222800
0,0,0,0,0,0,0.000833333333333333,0.0065,0.0218333333333333,222900
0,0,0,0,0,0,0.000833333333333333,0.00633333333333333,0.0216666666666667,223000
0,0,0,0,0,0,0.000833333333333333,0.00633333333333333,0.0216666666666667,223100
0,0,0,0,0,0,0.000833333333333333,0.00633333333333333,0.0215,223200
0,0,0,0,0,0,0.000833333333333333,0.00633333333333333,0.0215,223300
0,0,0,0,0,0,0.000833333333333333,0.00633333333333333,0.0213333333333333,223400
0,0,0,0,0,0,0.000833333333333333,0.00616666666666667,0.0211666666666667,223500
0,0,0,0,0,0,0.000833333333333333,0.00616666666666667,0.0211666666666667,223600
0,0,0,0,0,0,0.000833333333333333,0.00616666666666667,0.021,223700
0,0,0,0,0,0,0.000833333333333333,0.00616666666666667,0.0206666666666667,223800
0,0,0,0,0,0,0.000833333333333333,0.006,0.0206666666666667,223900
0,0,0,0,0,0,0.000833333333333333,0.006,0.0206666666666667,224000
0,0,0,0,0,0,0.000833333333333333,0.00583333333333333,0.0206666666666667,224100
0,0,0,0,0,0,0.000833333333333333,0.00566666666666667,0.0205,224200
0,0,0,0,0,0,0.000833333333333333,0.00566666666666667,0.0205,224300
0,0,0,0,0,0,0.000833333333333333,0.0055,0.0203333333333333,224400
0,0,0,0,0,0,0.000833333333333333,0.0055,0.0203333333333333,224500
0,0,0,0,0,0,0.000833333333333333,0.0055,0.0203333333333333,224600
0,0,0,0,0,0,0.000833333333333333,0.0055,0.0201666666666667,224700
0,0,0,0,0,0,0.000833333333333333,0.0055,0.02,224800
0,0,0,0,0,0,0.000833333333333333,0.0055,0.0198333333333333,224900
0,0,0,0,0,0,0.000833333333333333,0.0055,0.0198333333333333,225000
0,0,0,0,0,0,0.000833333333333333,0.0055,0.0196666666666667,225100
0,0,0,0,0,0,0.000833333333333333,0.0055,0.0196666666666667,225200
0,0,0,0,0,0,0.000833333333333333,0.0055,0.0195,225300
0,0,0,0,0,0,0.000833333333333333,0.0055,0.0193333333333333,225400
0,0,0,0,0,0,0.000833333333333333,0.0055,0.0193333333333333,225500
0,0,0,0,0,0,0.000666666666666667,0.0055,0.0193333333333333,225600
0,0,0,0,0,0,0.000666666666666667,0.0055,0.0191666666666667,225700
0,0,0,0,0,0,0.000666666666666667,0.0055,0.0191666666666667,225800
0,0,0,0,0,0,0.000666666666666667,0.00533333333333333,0.0191666666666667,225900
0,0,0,0,0,0,0.000666666666666667,0.00533333333333333,0.019,226000
0,0,0,0,0,0,0.000666666666666667,0.00533333333333333,0.0188333333333333,226100
0,0,0,0,0,0,0.000666666666666667,0.00516666666666667,0.0188333333333333,226200
0,0,0,0,0,0,0.000666666666666667,0.00516666666666667,0.0186666666666667,226300
0,0,0,0,0,0,0.000666666666666667,0.00516666666666667,0.0185,226400
0,0,0,0,0,0,5e-04,0.00516666666666667,0.0185,226500
0,0,0,0,0,0,5e-04,0.00516666666666667,0.0185,226600
0,0,0,0,0,0,5e-04,0.00516666666666667,0.018,226700
0,0,0,0,0,0,5e-04,0.00516666666666667,0.0178333333333333,226800
0,0,0,0,0,0,5e-04,0.00516666666666667,0.0176666666666667,226900
0,0,0,0,0,0,5e-04,0.00516666666666667,0.0176666666666667,227000
0,0,0,0,0,0,5e-04,0.00516666666666667,0.0175,227100
0,0,0,0,0,0,5e-04,0.00516666666666667,0.0173333333333333,227200
0,0,0,0,0,0,5e-04,0.00516666666666667,0.0171666666666667,227300
0,0,0,0,0,0,5e-04,0.00516666666666667,0.017,227400
0,0,0,0,0,0,5e-04,0.00516666666666667,0.017,227500
0,0,0,0,0,0,5e-04,0.00516666666666667,0.017,227600
0,0,0,0,0,0,5e-04,0.00516666666666667,0.017,227700
0,0,0,0,0,0,5e-04,0.00516666666666667,0.0168333333333333,227800
0,0,0,0,0,0,5e-04,0.00516666666666667,0.0166666666666667,227900
0,0,0,0,0,0,5e-04,0.00516666666666667,0.0166666666666667,228000
0,0,0,0,0,0,5e-04,0.00516666666666667,0.0166666666666667,228100
0,0,0,0,0,0,5e-04,0.00516666666666667,0.0166666666666667,228200
0,0,0,0,0,0,5e-04,0.00516666666666667,0.0166666666666667,228300
0,0,0,0,0,0,5e-04,0.005,0.0166666666666667,228400
0,0,0,0,0,0,5e-04,0.005,0.0166666666666667,228500
0,0,0,0,0,0,5e-04,0.005,0.0166666666666667,228600
0,0,0,0,0,0,5e-04,0.005,0.0165,228700
0,0,0,0,0,0,5e-04,0.005,0.0163333333333333,228800
0,0,0,0,0,0,5e-04,0.005,0.0163333333333333,228900
0,0,0,0,0,0,5e-04,0.005,0.0161666666666667,229000
0,0,0,0,0,0,5e-04,0.00483333333333333,0.016,229100
0,0,0,0,0,0,5e-04,0.00483333333333333,0.016,229200
0,0,0,0,0,0,5e-04,0.00483333333333333,0.016,229300
0,0,0,0,0,0,5e-04,0.00483333333333333,0.016,229400
0,0,0,0,0,0,5e-04,0.00483333333333333,0.016,229500
0,0,0,0,0,0,5e-04,0.00483333333333333,0.0158333333333333,229600
0,0,0,0,0,0,5e-04,0.00483333333333333,0.0158333333333333,229700
0,0,0,0,0,0,5e-04,0.00483333333333333,0.0158333333333333,229800
0,0,0,0,0,0,5e-04,0.00483333333333333,0.0158333333333333,229900
0,0,0,0,0,0,5e-04,0.00483333333333333,0.0158333333333333,230000
0,0,0,0,0,0,5e-04,0.00483333333333333,0.0158333333333333,230100
0,0,0,0,0,0,5e-04,0.00483333333333333,0.0158333333333333,230200
0,0,0,0,0,0,5e-04,0.00483333333333333,0.0158333333333333,230300
0,0,0,0,0,0,5e-04,0.00483333333333333,0.0158333333333333,230400
0,0,0,0,0,0,5e-04,0.00483333333333333,0.0158333333333333,230500
0,0,0,0,0,0,5e-04,0.00483333333333333,0.0156666666666667,230600
0,0,0,0,0,0,5e-04,0.00483333333333333,0.0156666666666667,230700
0,0,0,0,0,0,5e-04,0.00483333333333333,0.0155,230800
0,0,0,0,0,0,5e-04,0.00483333333333333,0.0153333333333333,230900
0,0,0,0,0,0,5e-04,0.00483333333333333,0.0151666666666667,231000
0,0,0,0,0,0,5e-04,0.00466666666666667,0.0151666666666667,231100
0,0,0,0,0,0,5e-04,0.00466666666666667,0.015,231200
0,0,0,0,0,0,5e-04,0.00466666666666667,0.0146666666666667,231300
0,0,0,0,0,0,5e-04,0.00466666666666667,0.0146666666666667,231400
0,0,0,0,0,0,5e-04,0.00466666666666667,0.0146666666666667,231500
0,0,0,0,0,0,5e-04,0.0045,0.0145,231600
0,0,0,0,0,0,5e-04,0.00416666666666667,0.0145,231700
0,0,0,0,0,0,5e-04,0.00416666666666667,0.0143333333333333,231800
0,0,0,0,0,0,5e-04,0.00416666666666667,0.0143333333333333,231900
0,0,0,0,0,0,5e-04,0.00416666666666667,0.0143333333333333,232000
0,0,0,0,0,0,5e-04,0.00416666666666667,0.0141666666666667,232100
0,0,0,0,0,0,5e-04,0.00416666666666667,0.0138333333333333,232200
0,0,0,0,0,0,5e-04,0.00416666666666667,0.0136666666666667,232300
0,0,0,0,0,0,5e-04,0.00416666666666667,0.0135,232400
0,0,0,0,0,0,5e-04,0.004,0.0135,232500
0,0,0,0,0,0,5e-04,0.00383333333333333,0.0133333333333333,232600
0,0,0,0,0,0,5e-04,0.00383333333333333,0.0133333333333333,232700
0,0,0,0,0,0,5e-04,0.00383333333333333,0.0131666666666667,232800
0,0,0,0,0,0,5e-04,0.00383333333333333,0.013,232900
0,0,0,0,0,0,5e-04,0.00366666666666667,0.013,233000
0,0,0,0,0,0,5e-04,0.00366666666666667,0.013,233100
0,0,0,0,0,0,5e-04,0.00366666666666667,0.0128333333333333,233200
0,0,0,0,0,0,5e-04,0.00366666666666667,0.0128333333333333,233300
0,0,0,0,0,0,5e-04,0.00366666666666667,0.0128333333333333,233400
0,0,0,0,0,0,5e-04,0.00366666666666667,0.0128333333333333,233500
0,0,0,0,0,0,5e-04,0.00366666666666667,0.0128333333333333,233600
0,0,0,0,0,0,5e-04,0.00366666666666667,0.0128333333333333,233700
0,0,0,0,0,0,5e-04,0.00366666666666667,0.0128333333333333,233800
0,0,0,0,0,0,5e-04,0.00366666666666667,0.0128333333333333,233900
0,0,0,0,0,0,5e-04,0.00366666666666667,0.0128333333333333,234000
0,0,0,0,0,0,5e-04,0.00366666666666667,0.0128333333333333,234100
0,0,0,0,0,0,5e-04,0.00366666666666667,0.0128333333333333,234200
0,0,0,0,0,0,5e-04,0.00366666666666667,0.0128333333333333,234300
0,0,0,0,0,0,5e-04,0.00366666666666667,0.0128333333333333,234400
0,0,0,0,0,0,5e-04,0.00366666666666667,0.0128333333333333,234500
0,0,0,0,0,0,5e-04,0.00366666666666667,0.0128333333333333,234600
0,0,0,0,0,0,5e-04,0.00366666666666667,0.0126666666666667,234700
0,0,0,0,0,0,5e-04,0.0035,0.0126666666666667,234800
0,0,0,0,0,0,5e-04,0.0035,0.0126666666666667,234900
0,0,0,0,0,0,5e-04,0.0035,0.0125,235000
0,0,0,0,0,0,5e-04,0.00333333333333333,0.0125,235100
0,0,0,0,0,0,5e-04,0.00316666666666667,0.0125,235200
0,0,0,0,0,0,5e-04,0.00316666666666667,0.0123333333333333,235300
0,0,0,0,0,0,5e-04,0.00316666666666667,0.0123333333333333,235400
0,0,0,0,0,0,5e-04,0.00316666666666667,0.0123333333333333,235500
0,0,0,0,0,0,5e-04,0.00316666666666667,0.0123333333333333,235600
0,0,0,0,0,0,5e-04,0.00316666666666667,0.0121666666666667,235700
0,0,0,0,0,0,5e-04,0.00316666666666667,0.0121666666666667,235800
0,0,0,0,0,0,5e-04,0.00316666666666667,0.0121666666666667,235900
0,0,0,0,0,0,5e-04,0.00316666666666667,0.012,236000
0,0,0,0,0,0,5e-04,0.00316666666666667,0.012,236100
0,0,0,0,0,0,5e-04,0.00316666666666667,0.0118333333333333,236200
0,0,0,0,0,0,5e-04,0.00316666666666667,0.0116666666666667,236300
0,0,0,0,0,0,5e-04,0.00316666666666667,0.0116666666666667,236400
0,0,0,0,0,0,5e-04,0.00316666666666667,0.0116666666666667,236500
0,0,0,0,0,0,5e-04,0.00316666666666667,0.0116666666666667,236600
0,0,0,0,0,0,5e-04,0.00316666666666667,0.0115,236700
0,0,0,0,0,0,5e-04,0.003,0.0115,236800
0,0,0,0,0,0,5e-04,0.003,0.0115,236900
0,0,0,0,0,0,5e-04,0.003,0.0113333333333333,237000
0,0,0,0,0,0,5e-04,0.003,0.0113333333333333,237100
0,0,0,0,0,0,5e-04,0.003,0.0113333333333333,237200
0,0,0,0,0,0,5e-04,0.003,0.0113333333333333,237300
0,0,0,0,0,0,5e-04,0.003,0.0111666666666667,237400
0,0,0,0,0,0,5e-04,0.003,0.0111666666666667,237500
0,0,0,0,0,0,5e-04,0.003,0.0111666666666667,237600
0,0,0,0,0,0,5e-04,0.003,0.0111666666666667,237700
0,0,0,0,0,0,5e-04,0.003,0.0111666666666667,237800
0,0,0,0,0,0,5e-04,0.003,0.0111666666666667,237900
0,0,0,0,0,0,5e-04,0.00283333333333333,0.0111666666666667,238000
0,0,0,0,0,0,5e-04,0.00283333333333333,0.0111666666666667,238100
0,0,0,0,0,0,5e-04,0.00283333333333333,0.0108333333333333,238200
0,0,0,0,0,0,5e-04,0.00283333333333333,0.0108333333333333,238300
0,0,0,0,0,0,5e-04,0.00283333333333333,0.0108333333333333,238400
0,0,0,0,0,0,5e-04,0.00283333333333333,0.0108333333333333,238500
0,0,0,0,0,0,5e-04,0.00283333333333333,0.0108333333333333,238600
0,0,0,0,0,0,5e-04,0.00283333333333333,0.0108333333333333,238700
0,0,0,0,0,0,5e-04,0.00283333333333333,0.0108333333333333,238800
0,0,0,0,0,0,5e-04,0.00283333333333333,0.0106666666666667,238900
0,0,0,0,0,0,5e-04,0.00283333333333333,0.0105,239000
0,0,0,0,0,0,5e-04,0.00283333333333333,0.0105,239100
0,0,0,0,0,0,5e-04,0.00283333333333333,0.0105,239200
0,0,0,0,0,0,5e-04,0.00283333333333333,0.0105,239300
0,0,0,0,0,0,5e-04,0.00283333333333333,0.0105,239400
0,0,0,0,0,0,5e-04,0.00283333333333333,0.0105,239500
0,0,0,0,0,0,5e-04,0.00283333333333333,0.0103333333333333,239600
0,0,0,0,0,0,5e-04,0.00283333333333333,0.0103333333333333,239700
0,0,0,0,0,0,5e-04,0.00283333333333333,0.0103333333333333,239800
0,0,0,0,0,0,5e-04,0.00283333333333333,0.0103333333333333,239900
0,0,0,0,0,0,5e-04,0.00283333333333333,0.0103333333333333,240000
0,0,0,0,0,0,5e-04,0.00283333333333333,0.0101666666666667,240100
0,0,0,0,0,0,5e-04,0.00266666666666667,0.01,240200
0,0,0,0,0,0,0.000333333333333333,0.00266666666666667,0.01,240300
0,0,0,0,0,0,0.000333333333333333,0.00266666666666667,0.01,240400
0,0,0,0,0,0,0.000333333333333333,0.00266666666666667,0.01,240500
0,0,0,0,0,0,0.000333333333333333,0.00266666666666667,0.01,240600
0,0,0,0,0,0,0.000333333333333333,0.00266666666666667,0.01,240700
0,0,0,0,0,0,0.000333333333333333,0.00266666666666667,0.01,240800
0,0,0,0,0,0,0.000333333333333333,0.00266666666666667,0.01,240900
0,0,0,0,0,0,0.000333333333333333,0.0025,0.01,241000
0,0,0,0,0,0,0.000333333333333333,0.0025,0.01,241100
0,0,0,0,0,0,0.000333333333333333,0.0025,0.01,241200
0,0,0,0,0,0,0.000333333333333333,0.0025,0.00983333333333333,241300
0,0,0,0,0,0,0.000333333333333333,0.0025,0.00983333333333333,241400
0,0,0,0,0,0,0.000333333333333333,0.0025,0.00983333333333333,241500
0,0,0,0,0,0,0.000333333333333333,0.0025,0.00983333333333333,241600
0,0,0,0,0,0,0.000333333333333333,0.0025,0.00983333333333333,241700
0,0,0,0,0,0,0.000333333333333333,0.0025,0.00966666666666667,241800
0,0,0,0,0,0,0.000333333333333333,0.0025,0.00966666666666667,241900
0,0,0,0,0,0,0.000333333333333333,0.0025,0.00966666666666667,242000
0,0,0,0,0,0,0.000333333333333333,0.0025,0.00966666666666667,242100
0,0,0,0,0,0,0.000333333333333333,0.0025,0.00966666666666667,242200
0,0,0,0,0,0,0.000333333333333333,0.0025,0.00966666666666667,242300
0,0,0,0,0,0,0.000333333333333333,0.0025,0.00966666666666667,242400
0,0,0,0,0,0,0.000333333333333333,0.0025,0.00966666666666667,242500
0,0,0,0,0,0,0.000333333333333333,0.0025,0.0095,242600
0,0,0,0,0,0,0.000333333333333333,0.0025,0.00933333333333333,242700
0,0,0,0,0,0,0.000333333333333333,0.0025,0.00933333333333333,242800
0,0,0,0,0,0,0.000333333333333333,0.0025,0.00933333333333333,242900
0,0,0,0,0,0,0.000333333333333333,0.0025,0.00933333333333333,243000
0,0,0,0,0,0,0.000333333333333333,0.0025,0.00933333333333333,243100
0,0,0,0,0,0,0.000333333333333333,0.0025,0.00933333333333333,243200
0,0,0,0,0,0,0.000333333333333333,0.0025,0.00933333333333333,243300
0,0,0,0,0,0,0.000333333333333333,0.0025,0.00933333333333333,243400
0,0,0,0,0,0,0.000333333333333333,0.0025,0.00933333333333333,243500
0,0,0,0,0,0,0.000333333333333333,0.0025,0.00933333333333333,243600
0,0,0,0,0,0,0.000333333333333333,0.0025,0.00933333333333333,243700
0,0,0,0,0,0,0.000333333333333333,0.0025,0.00916666666666667,243800
0,0,0,0,0,0,0.000333333333333333,0.0025,0.00916666666666667,243900
0,0,0,0,0,0,0.000333333333333333,0.00233333333333333,0.00916666666666667,244000
0,0,0,0,0,0,0.000333333333333333,0.00233333333333333,0.00916666666666667,244100
0,0,0,0,0,0,0.000333333333333333,0.00233333333333333,0.00883333333333333,244200
0,0,0,0,0,0,0.000333333333333333,0.00233333333333333,0.00883333333333333,244300
0,0,0,0,0,0,0.000333333333333333,0.00233333333333333,0.00883333333333333,244400
0,0,0,0,0,0,0.000333333333333333,0.00233333333333333,0.00883333333333333,244500
0,0,0,0,0,0,0.000333333333333333,0.00233333333333333,0.00883333333333333,244600
0,0,0,0,0,0,0.000333333333333333,0.00233333333333333,0.00883333333333333,244700
0,0,0,0,0,0,0.000333333333333333,0.00233333333333333,0.00883333333333333,244800
0,0,0,0,0,0,0.000333333333333333,0.00233333333333333,0.00866666666666667,244900
0,0,0,0,0,0,0.000333333333333333,0.00233333333333333,0.00866666666666667,245000
0,0,0,0,0,0,0.000333333333333333,0.00233333333333333,0.00866666666666667,245100
0,0,0,0,0,0,0.000333333333333333,0.00233333333333333,0.0085,245200
0,0,0,0,0,0,0.000333333333333333,0.00233333333333333,0.0085,245300
0,0,0,0,0,0,0.000333333333333333,0.00233333333333333,0.0085,245400
0,0,0,0,0,0,0.000333333333333333,0.00233333333333333,0.0085,245500
0,0,0,0,0,0,0.000333333333333333,0.00233333333333333,0.0085,245600
0,0,0,0,0,0,0.000333333333333333,0.00233333333333333,0.0085,245700
0,0,0,0,0,0,0.000333333333333333,0.00233333333333333,0.0085,245800
0,0,0,0,0,0,0.000333333333333333,0.002,0.0085,245900
0,0,0,0,0,0,0.000333333333333333,0.002,0.00833333333333333,246000
0,0,0,0,0,0,0.000333333333333333,0.002,0.00833333333333333,246100
0,0,0,0,0,0,0.000333333333333333,0.00183333333333333,0.00833333333333333,246200
0,0,0,0,0,0,0.000333333333333333,0.00183333333333333,0.00833333333333333,246300
0,0,0,0,0,0,0.000333333333333333,0.00183333333333333,0.00833333333333333,246400
0,0,0,0,0,0,0.000333333333333333,0.00183333333333333,0.00833333333333333,246500
0,0,0,0,0,0,0.000333333333333333,0.00183333333333333,0.00833333333333333,246600
0,0,0,0,0,0,0.000333333333333333,0.00183333333333333,0.00833333333333333,246700
0,0,0,0,0,0,0.000333333333333333,0.00183333333333333,0.00816666666666667,246800
0,0,0,0,0,0,0.000333333333333333,0.00166666666666667,0.00816666666666667,246900
0,0,0,0,0,0,0.000333333333333333,0.00166666666666667,0.00816666666666667,247000
0,0,0,0,0,0,0.000333333333333333,0.00166666666666667,0.00816666666666667,247100
0,0,0,0,0,0,0.000333333333333333,0.00166666666666667,0.00816666666666667,247200
0,0,0,0,0,0,0.000333333333333333,0.00166666666666667,0.00816666666666667,247300
0,0,0,0,0,0,0.000333333333333333,0.00166666666666667,0.00816666666666667,247400
0,0,0,0,0,0,0.000333333333333333,0.00166666666666667,0.00816666666666667,247500
0,0,0,0,0,0,0.000333333333333333,0.00166666666666667,0.00816666666666667,247600
0,0,0,0,0,0,0.000333333333333333,0.00166666666666667,0.008,247700
0,0,0,0,0,0,0.000333333333333333,0.00166666666666667,0.008,247800
0,0,0,0,0,0,0.000333333333333333,0.00166666666666667,0.008,247900
0,0,0,0,0,0,0.000333333333333333,0.00166666666666667,0.008,248000
0,0,0,0,0,0,0.000333333333333333,0.00166666666666667,0.00783333333333333,248100
0,0,0,0,0,0,0.000333333333333333,0.00166666666666667,0.00783333333333333,248200
0,0,0,0,0,0,0.000333333333333333,0.00166666666666667,0.00783333333333333,248300
0,0,0,0,0,0,0.000333333333333333,0.00166666666666667,0.00783333333333333,248400
0,0,0,0,0,0,0.000333333333333333,0.00166666666666667,0.00783333333333333,248500
0,0,0,0,0,0,0.000333333333333333,0.00166666666666667,0.00783333333333333,248600
0,0,0,0,0,0,0.000333333333333333,0.00166666666666667,0.00766666666666667,248700
0,0,0,0,0,0,0.000333333333333333,0.00166666666666667,0.00766666666666667,248800
0,0,0,0,0,0,0.000333333333333333,0.00166666666666667,0.00766666666666667,248900
0,0,0,0,0,0,0.000333333333333333,0.00166666666666667,0.00766666666666667,249000
0,0,0,0,0,0,0.000333333333333333,0.00166666666666667,0.00766666666666667,249100
0,0,0,0,0,0,0.000333333333333333,0.00166666666666667,0.00766666666666667,249200
0,0,0,0,0,0,0.000333333333333333,0.00166666666666667,0.00766666666666667,249300
0,0,0,0,0,0,0.000333333333333333,0.00166666666666667,0.00766666666666667,249400
0,0,0,0,0,0,0.000333333333333333,0.00166666666666667,0.00766666666666667,249500
0,0,0,0,0,0,0.000333333333333333,0.0015,0.00766666666666667,249600
0,0,0,0,0,0,0.000333333333333333,0.0015,0.00766666666666667,249700
0,0,0,0,0,0,0.000333333333333333,0.0015,0.00766666666666667,249800
0,0,0,0,0,0,0.000333333333333333,0.0015,0.00766666666666667,249900
0,0,0,0,0,0,0.000333333333333333,0.0015,0.0075,250000
0,0,0,0,0,0,0.000333333333333333,0.0015,0.0075,250100
0,0,0,0,0,0,0.000333333333333333,0.0015,0.0075,250200
0,0,0,0,0,0,0.000333333333333333,0.0015,0.0075,250300
0,0,0,0,0,0,0.000333333333333333,0.0015,0.0075,250400
0,0,0,0,0,0,0.000333333333333333,0.0015,0.00733333333333333,250500
0,0,0,0,0,0,0.000333333333333333,0.0015,0.00733333333333333,250600
0,0,0,0,0,0,0.000333333333333333,0.0015,0.00733333333333333,250700
0,0,0,0,0,0,0.000333333333333333,0.0015,0.00733333333333333,250800
0,0,0,0,0,0,0.000333333333333333,0.0015,0.00733333333333333,250900
0,0,0,0,0,0,0.000333333333333333,0.0015,0.007,251000
0,0,0,0,0,0,0.000333333333333333,0.0015,0.007,251100
0,0,0,0,0,0,0.000333333333333333,0.00133333333333333,0.007,251200
0,0,0,0,0,0,0.000333333333333333,0.00133333333333333,0.007,251300
0,0,0,0,0,0,0.000333333333333333,0.00133333333333333,0.007,251400
0,0,0,0,0,0,0.000333333333333333,0.00133333333333333,0.007,251500
0,0,0,0,0,0,0.000333333333333333,0.00133333333333333,0.007,251600
0,0,0,0,0,0,0.000333333333333333,0.00133333333333333,0.007,251700
0,0,0,0,0,0,0.000333333333333333,0.00133333333333333,0.007,251800
0,0,0,0,0,0,0.000333333333333333,0.00133333333333333,0.007,251900
0,0,0,0,0,0,0.000333333333333333,0.00133333333333333,0.007,252000
0,0,0,0,0,0,0.000333333333333333,0.00133333333333333,0.007,252100
0,0,0,0,0,0,0.000333333333333333,0.00133333333333333,0.007,252200
0,0,0,0,0,0,0.000333333333333333,0.00133333333333333,0.007,252300
0,0,0,0,0,0,0.000333333333333333,0.00133333333333333,0.007,252400
0,0,0,0,0,0,0.000333333333333333,0.00133333333333333,0.007,252500
0,0,0,0,0,0,0.000333333333333333,0.00133333333333333,0.007,252600
0,0,0,0,0,0,0.000333333333333333,0.00133333333333333,0.007,252700
0,0,0,0,0,0,0.000333333333333333,0.00133333333333333,0.007,252800
0,0,0,0,0,0,0.000333333333333333,0.00133333333333333,0.007,252900
0,0,0,0,0,0,0.000333333333333333,0.00133333333333333,0.00683333333333333,253000
0,0,0,0,0,0,0.000333333333333333,0.00133333333333333,0.00683333333333333,253100
0,0,0,0,0,0,0.000166666666666667,0.00133333333333333,0.00683333333333333,253200
0,0,0,0,0,0,0.000166666666666667,0.00133333333333333,0.00683333333333333,253300
0,0,0,0,0,0,0.000166666666666667,0.00116666666666667,0.00666666666666667,253400
0,0,0,0,0,0,0.000166666666666667,0.00116666666666667,0.00666666666666667,253500
0,0,0,0,0,0,0.000166666666666667,0.00116666666666667,0.00666666666666667,253600
0,0,0,0,0,0,0.000166666666666667,0.00116666666666667,0.00666666666666667,253700
0,0,0,0,0,0,0.000166666666666667,0.00116666666666667,0.00666666666666667,253800
0,0,0,0,0,0,0.000166666666666667,0.00116666666666667,0.00666666666666667,253900
0,0,0,0,0,0,0.000166666666666667,0.00116666666666667,0.00666666666666667,254000
0,0,0,0,0,0,0.000166666666666667,0.00116666666666667,0.00666666666666667,254100
0,0,0,0,0,0,0.000166666666666667,0.00116666666666667,0.00666666666666667,254200
0,0,0,0,0,0,0.000166666666666667,0.00116666666666667,0.00666666666666667,254300
0,0,0,0,0,0,0.000166666666666667,0.00116666666666667,0.00666666666666667,254400
0,0,0,0,0,0,0.000166666666666667,0.00116666666666667,0.00666666666666667,254500
0,0,0,0,0,0,0.000166666666666667,0.00116666666666667,0.00666666666666667,254600
0,0,0,0,0,0,0.000166666666666667,0.00116666666666667,0.00666666666666667,254700
0,0,0,0,0,0,0.000166666666666667,0.00116666666666667,0.00666666666666667,254800
0,0,0,0,0,0,0.000166666666666667,0.00116666666666667,0.00666666666666667,254900
0,0,0,0,0,0,0.000166666666666667,0.00116666666666667,0.00666666666666667,255000
0,0,0,0,0,0,0.000166666666666667,0.00116666666666667,0.00666666666666667,255100
0,0,0,0,0,0,0.000166666666666667,0.00116666666666667,0.00666666666666667,255200
0,0,0,0,0,0,0.000166666666666667,0.00116666666666667,0.00666666666666667,255300
0,0,0,0,0,0,0.000166666666666667,0.00116666666666667,0.00666666666666667,255400
0,0,0,0,0,0,0.000166666666666667,0.00116666666666667,0.00666666666666667,255500
0,0,0,0,0,0,0.000166666666666667,0.00116666666666667,0.0065,255600
0,0,0,0,0,0,0.000166666666666667,0.00116666666666667,0.0065,255700
0,0,0,0,0,0,0.000166666666666667,0.00116666666666667,0.0065,255800
0,0,0,0,0,0,0.000166666666666667,0.00116666666666667,0.0065,255900
0,0,0,0,0,0,0.000166666666666667,0.00116666666666667,0.0065,256000
0,0,0,0,0,0,0.000166666666666667,0.00116666666666667,0.0065,256100
0,0,0,0,0,0,0.000166666666666667,0.00116666666666667,0.0065,256200
0,0,0,0,0,0,0.000166666666666667,0.00116666666666667,0.00633333333333333,256300
0,0,0,0,0,0,0.000166666666666667,0.00116666666666667,0.00633333333333333,256400
0,0,0,0,0,0,0.000166666666666667,0.00116666666666667,0.00633333333333333,256500
0,0,0,0,0,0,0.000166666666666667,0.00116666666666667,0.00633333333333333,256600
0,0,0,0,0,0,0.000166666666666667,0.00116666666666667,0.00633333333333333,256700
0,0,0,0,0,0,0.000166666666666667,0.00116666666666667,0.00633333333333333,256800
0,0,0,0,0,0,0.000166666666666667,0.00116666666666667,0.00616666666666667,256900
0,0,0,0,0,0,0.000166666666666667,0.00116666666666667,0.00616666666666667,257000
0,0,0,0,0,0,0.000166666666666667,0.00116666666666667,0.00616666666666667,257100
0,0,0,0,0,0,0.000166666666666667,0.00116666666666667,0.00616666666666667,257200
0,0,0,0,0,0,0.000166666666666667,0.00116666666666667,0.00616666666666667,257300
0,0,0,0,0,0,0.000166666666666667,0.00116666666666667,0.006,257400
0,0,0,0,0,0,0.000166666666666667,0.00116666666666667,0.006,257500
0,0,0,0,0,0,0.000166666666666667,0.00116666666666667,0.00583333333333333,257600
0,0,0,0,0,0,0.000166666666666667,0.00116666666666667,0.00566666666666667,257700
0,0,0,0,0,0,0.000166666666666667,0.00116666666666667,0.00566666666666667,257800
0,0,0,0,0,0,0.000166666666666667,0.00116666666666667,0.00566666666666667,257900
0,0,0,0,0,0,0.000166666666666667,0.00116666666666667,0.0055,258000
0,0,0,0,0,0,0.000166666666666667,0.00116666666666667,0.0055,258100
0,0,0,0,0,0,0.000166666666666667,0.00116666666666667,0.0055,258200
0,0,0,0,0,0,0.000166666666666667,0.00116666666666667,0.0055,258300
0,0,0,0,0,0,0.000166666666666667,0.00116666666666667,0.0055,258400
0,0,0,0,0,0,0.000166666666666667,0.001,0.0055,258500
0,0,0,0,0,0,0.000166666666666667,0.001,0.0055,258600
0,0,0,0,0,0,0.000166666666666667,0.001,0.0055,258700
0,0,0,0,0,0,0.000166666666666667,0.001,0.0055,258800
0,0,0,0,0,0,0.000166666666666667,0.001,0.0055,258900
0,0,0,0,0,0,0.000166666666666667,0.001,0.0055,259000
0,0,0,0,0,0,0.000166666666666667,0.001,0.0055,259100
0,0,0,0,0,0,0.000166666666666667,0.001,0.0055,259200
0,0,0,0,0,0,0.000166666666666667,0.001,0.0055,259300
0,0,0,0,0,0,0.000166666666666667,0.001,0.0055,259400
0,0,0,0,0,0,0.000166666666666667,0.001,0.0055,259500
0,0,0,0,0,0,0.000166666666666667,0.001,0.0055,259600
0,0,0,0,0,0,0.000166666666666667,0.001,0.00533333333333333,259700
0,0,0,0,0,0,0.000166666666666667,0.001,0.00533333333333333,259800
0,0,0,0,0,0,0.000166666666666667,0.001,0.00533333333333333,259900
0,0,0,0,0,0,0.000166666666666667,0.001,0.00516666666666667,260000
0,0,0,0,0,0,0.000166666666666667,0.001,0.00516666666666667,260100
0,0,0,0,0,0,0.000166666666666667,0.001,0.00516666666666667,260200
0,0,0,0,0,0,0.000166666666666667,0.001,0.00516666666666667,260300
0,0,0,0,0,0,0.000166666666666667,0.001,0.00516666666666667,260400
0,0,0,0,0,0,0.000166666666666667,0.001,0.00516666666666667,260500
0,0,0,0,0,0,0.000166666666666667,0.001,0.00516666666666667,260600
0,0,0,0,0,0,0.000166666666666667,0.001,0.00516666666666667,260700
0,0,0,0,0,0,0.000166666666666667,0.001,0.00516666666666667,260800
0,0,0,0,0,0,0.000166666666666667,0.001,0.00516666666666667,260900
0,0,0,0,0,0,0.000166666666666667,0.001,0.00516666666666667,261000
0,0,0,0,0,0,0.000166666666666667,0.001,0.00516666666666667,261100
0,0,0,0,0,0,0.000166666666666667,0.001,0.00516666666666667,261200
0,0,0,0,0,0,0.000166666666666667,0.001,0.00516666666666667,261300
0,0,0,0,0,0,0.000166666666666667,0.001,0.00516666666666667,261400
0,0,0,0,0,0,0.000166666666666667,0.001,0.00516666666666667,261500
0,0,0,0,0,0,0.000166666666666667,0.001,0.00516666666666667,261600
0,0,0,0,0,0,0.000166666666666667,0.001,0.00516666666666667,261700
0,0,0,0,0,0,0.000166666666666667,0.001,0.00516666666666667,261800
0,0,0,0,0,0,0.000166666666666667,0.001,0.00516666666666667,261900
0,0,0,0,0,0,0.000166666666666667,0.001,0.00516666666666667,262000
0,0,0,0,0,0,0.000166666666666667,0.001,0.00516666666666667,262100
0,0,0,0,0,0,0.000166666666666667,0.001,0.00516666666666667,262200
0,0,0,0,0,0,0.000166666666666667,0.001,0.00516666666666667,262300
0,0,0,0,0,0,0.000166666666666667,0.001,0.00516666666666667,262400
0,0,0,0,0,0,0.000166666666666667,0.001,0.00516666666666667,262500
0,0,0,0,0,0,0.000166666666666667,0.001,0.005,262600
0,0,0,0,0,0,0.000166666666666667,0.001,0.005,262700
0,0,0,0,0,0,0.000166666666666667,0.001,0.005,262800
0,0,0,0,0,0,0.000166666666666667,0.001,0.005,262900
0,0,0,0,0,0,0.000166666666666667,0.001,0.005,263000
0,0,0,0,0,0,0.000166666666666667,0.001,0.005,263100
0,0,0,0,0,0,0.000166666666666667,0.001,0.005,263200
0,0,0,0,0,0,0.000166666666666667,0.001,0.005,263300
0,0,0,0,0,0,0.000166666666666667,0.001,0.00483333333333333,263400
0,0,0,0,0,0,0.000166666666666667,0.001,0.00483333333333333,263500
0,0,0,0,0,0,0.000166666666666667,0.001,0.00483333333333333,263600
0,0,0,0,0,0,0.000166666666666667,0.001,0.00483333333333333,263700
0,0,0,0,0,0,0.000166666666666667,0.001,0.00483333333333333,263800
0,0,0,0,0,0,0.000166666666666667,0.001,0.00483333333333333,263900
0,0,0,0,0,0,0.000166666666666667,0.001,0.00483333333333333,264000
0,0,0,0,0,0,0.000166666666666667,0.001,0.00483333333333333,264100
0,0,0,0,0,0,0.000166666666666667,0.001,0.00483333333333333,264200
0,0,0,0,0,0,0.000166666666666667,0.001,0.00483333333333333,264300
0,0,0,0,0,0,0.000166666666666667,0.001,0.00483333333333333,264400
0,0,0,0,0,0,0.000166666666666667,0.001,0.00483333333333333,264500
0,0,0,0,0,0,0.000166666666666667,0.001,0.00483333333333333,264600
0,0,0,0,0,0,0.000166666666666667,0.001,0.00483333333333333,264700
0,0,0,0,0,0,0.000166666666666667,0.001,0.00483333333333333,264800
0,0,0,0,0,0,0.000166666666666667,0.001,0.00483333333333333,264900
0,0,0,0,0,0,0.000166666666666667,0.001,0.00483333333333333,265000
0,0,0,0,0,0,0.000166666666666667,0.001,0.00483333333333333,265100
0,0,0,0,0,0,0.000166666666666667,0.000833333333333333,0.00483333333333333,265200
0,0,0,0,0,0,0.000166666666666667,0.000833333333333333,0.00483333333333333,265300
0,0,0,0,0,0,0.000166666666666667,0.000833333333333333,0.00483333333333333,265400
0,0,0,0,0,0,0.000166666666666667,0.000833333333333333,0.00483333333333333,265500
0,0,0,0,0,0,0.000166666666666667,0.000833333333333333,0.00483333333333333,265600
0,0,0,0,0,0,0.000166666666666667,0.000833333333333333,0.00466666666666667,265700
0,0,0,0,0,0,0.000166666666666667,0.000833333333333333,0.00466666666666667,265800
0,0,0,0,0,0,0.000166666666666667,0.000833333333333333,0.00466666666666667,265900
0,0,0,0,0,0,0.000166666666666667,0.000833333333333333,0.00466666666666667,266000
0,0,0,0,0,0,0.000166666666666667,0.000833333333333333,0.00466666666666667,266100
0,0,0,0,0,0,0.000166666666666667,0.000833333333333333,0.00466666666666667,266200
0,0,0,0,0,0,0.000166666666666667,0.000833333333333333,0.0045,266300
0,0,0,0,0,0,0.000166666666666667,0.000833333333333333,0.00416666666666667,266400
0,0,0,0,0,0,0.000166666666666667,0.000833333333333333,0.00416666666666667,266500
0,0,0,0,0,0,0.000166666666666667,0.000833333333333333,0.00416666666666667,266600
0,0,0,0,0,0,0.000166666666666667,0.000833333333333333,0.00416666666666667,266700
0,0,0,0,0,0,0.000166666666666667,0.000833333333333333,0.00416666666666667,266800
0,0,0,0,0,0,0.000166666666666667,0.000833333333333333,0.00416666666666667,266900
0,0,0,0,0,0,0.000166666666666667,0.000833333333333333,0.00416666666666667,267000
0,0,0,0,0,0,0.000166666666666667,0.000833333333333333,0.00416666666666667,267100
0,0,0,0,0,0,0.000166666666666667,0.000833333333333333,0.004,267200
0,0,0,0,0,0,0.000166666666666667,0.000833333333333333,0.004,267300
0,0,0,0,0,0,0.000166666666666667,0.000833333333333333,0.00383333333333333,267400
0,0,0,0,0,0,0.000166666666666667,0.000833333333333333,0.00383333333333333,267500
0,0,0,0,0,0,0.000166666666666667,0.000833333333333333,0.00383333333333333,267600
0,0,0,0,0,0,0.000166666666666667,0.000833333333333333,0.00383333333333333,267700
0,0,0,0,0,0,0.000166666666666667,0.000833333333333333,0.00383333333333333,267800
0,0,0,0,0,0,0.000166666666666667,0.000833333333333333,0.00366666666666667,267900
0,0,0,0,0,0,0.000166666666666667,0.000833333333333333,0.00366666666666667,268000
0,0,0,0,0,0,0.000166666666666667,0.000833333333333333,0.00366666666666667,268100
0,0,0,0,0,0,0.000166666666666667,0.000833333333333333,0.00366666666666667,268200
0,0,0,0,0,0,0.000166666666666667,0.000833333333333333,0.00366666666666667,268300
0,0,0,0,0,0,0.000166666666666667,0.000833333333333333,0.00366666666666667,268400
0,0,0,0,0,0,0.000166666666666667,0.000833333333333333,0.00366666666666667,268500
0,0,0,0,0,0,0.000166666666666667,0.000833333333333333,0.00366666666666667,268600
0,0,0,0,0,0,0.000166666666666667,0.000666666666666667,0.00366666666666667,268700
0,0,0,0,0,0,0.000166666666666667,0.000666666666666667,0.00366666666666667,268800
0,0,0,0,0,0,0.000166666666666667,0.000666666666666667,0.00366666666666667,268900
0,0,0,0,0,0,0.000166666666666667,0.000666666666666667,0.00366666666666667,269000
0,0,0,0,0,0,0.000166666666666667,0.000666666666666667,0.00366666666666667,269100
0,0,0,0,0,0,0.000166666666666667,0.000666666666666667,0.00366666666666667,269200
0,0,0,0,0,0,0.000166666666666667,0.000666666666666667,0.00366666666666667,269300
0,0,0,0,0,0,0.000166666666666667,0.000666666666666667,0.00366666666666667,269400
0,0,0,0,0,0,0.000166666666666667,0.000666666666666667,0.00366666666666667,269500
0,0,0,0,0,0,0.000166666666666667,0.000666666666666667,0.00366666666666667,269600
0,0,0,0,0,0,0.000166666666666667,5e-04,0.00366666666666667,269700
0,0,0,0,0,0,0.000166666666666667,5e-04,0.00366666666666667,269800
0,0,0,0,0,0,0.000166666666666667,5e-04,0.00366666666666667,269900
0,0,0,0,0,0,0.000166666666666667,5e-04,0.0035,270000
0,0,0,0,0,0,0.000166666666666667,5e-04,0.0035,270100
0,0,0,0,0,0,0.000166666666666667,5e-04,0.0035,270200
0,0,0,0,0,0,0.000166666666666667,5e-04,0.00316666666666667,270300
0,0,0,0,0,0,0.000166666666666667,5e-04,0.00316666666666667,270400
0,0,0,0,0,0,0.000166666666666667,5e-04,0.00316666666666667,270500
0,0,0,0,0,0,0.000166666666666667,5e-04,0.00316666666666667,270600
0,0,0,0,0,0,0.000166666666666667,5e-04,0.00316666666666667,270700
0,0,0,0,0,0,0.000166666666666667,5e-04,0.00316666666666667,270800
0,0,0,0,0,0,0.000166666666666667,5e-04,0.00316666666666667,270900
0,0,0,0,0,0,0.000166666666666667,5e-04,0.00316666666666667,271000
0,0,0,0,0,0,0.000166666666666667,5e-04,0.00316666666666667,271100
0,0,0,0,0,0,0.000166666666666667,5e-04,0.00316666666666667,271200
0,0,0,0,0,0,0.000166666666666667,5e-04,0.00316666666666667,271300
0,0,0,0,0,0,0.000166666666666667,5e-04,0.00316666666666667,271400
0,0,0,0,0,0,0.000166666666666667,5e-04,0.00316666666666667,271500
0,0,0,0,0,0,0.000166666666666667,5e-04,0.00316666666666667,271600
0,0,0,0,0,0,0.000166666666666667,5e-04,0.00316666666666667,271700
0,0,0,0,0,0,0.000166666666666667,5e-04,0.00316666666666667,271800
0,0,0,0,0,0,0.000166666666666667,5e-04,0.00316666666666667,271900
0,0,0,0,0,0,0.000166666666666667,5e-04,0.00316666666666667,272000
0,0,0,0,0,0,0.000166666666666667,5e-04,0.00316666666666667,272100
0,0,0,0,0,0,0.000166666666666667,5e-04,0.003,272200
0,0,0,0,0,0,0.000166666666666667,5e-04,0.003,272300
0,0,0,0,0,0,0.000166666666666667,5e-04,0.003,272400
0,0,0,0,0,0,0.000166666666666667,5e-04,0.003,272500
0,0,0,0,0,0,0.000166666666666667,5e-04,0.003,272600
0,0,0,0,0,0,0.000166666666666667,5e-04,0.003,272700
0,0,0,0,0,0,0.000166666666666667,5e-04,0.003,272800
0,0,0,0,0,0,0.000166666666666667,5e-04,0.003,272900
0,0,0,0,0,0,0.000166666666666667,5e-04,0.003,273000
0,0,0,0,0,0,0.000166666666666667,5e-04,0.003,273100
0,0,0,0,0,0,0.000166666666666667,5e-04,0.003,273200
0,0,0,0,0,0,0.000166666666666667,5e-04,0.003,273300
0,0,0,0,0,0,0.000166666666666667,5e-04,0.003,273400
0,0,0,0,0,0,0.000166666666666667,5e-04,0.003,273500
0,0,0,0,0,0,0.000166666666666667,5e-04,0.00283333333333333,273600
0,0,0,0,0,0,0.000166666666666667,5e-04,0.00283333333333333,273700
0,0,0,0,0,0,0.000166666666666667,5e-04,0.00283333333333333,273800
0,0,0,0,0,0,0.000166666666666667,5e-04,0.00283333333333333,273900
0,0,0,0,0,0,0.000166666666666667,5e-04,0.00283333333333333,274000
0,0,0,0,0,0,0.000166666666666667,5e-04,0.00283333333333333,274100
0,0,0,0,0,0,0.000166666666666667,5e-04,0.00283333333333333,274200
0,0,0,0,0,0,0.000166666666666667,5e-04,0.00283333333333333,274300
0,0,0,0,0,0,0.000166666666666667,5e-04,0.00283333333333333,274400
0,0,0,0,0,0,0.000166666666666667,5e-04,0.00283333333333333,274500
0,0,0,0,0,0,0.000166666666666667,5e-04,0.00283333333333333,274600
0,0,0,0,0,0,0.000166666666666667,5e-04,0.00283333333333333,274700
0,0,0,0,0,0,0.000166666666666667,5e-04,0.00283333333333333,274800
0,0,0,0,0,0,0.000166666666666667,5e-04,0.00283333333333333,274900
0,0,0,0,0,0,0.000166666666666667,5e-04,0.00283333333333333,275000
0,0,0,0,0,0,0.000166666666666667,5e-04,0.00283333333333333,275100
0,0,0,0,0,0,0.000166666666666667,5e-04,0.00283333333333333,275200
0,0,0,0,0,0,0.000166666666666667,5e-04,0.00283333333333333,275300
0,0,0,0,0,0,0.000166666666666667,5e-04,0.00283333333333333,275400
0,0,0,0,0,0,0.000166666666666667,5e-04,0.00283333333333333,275500
0,0,0,0,0,0,0.000166666666666667,5e-04,0.00283333333333333,275600
0,0,0,0,0,0,0.000166666666666667,5e-04,0.00283333333333333,275700
0,0,0,0,0,0,0.000166666666666667,5e-04,0.00283333333333333,275800
0,0,0,0,0,0,0.000166666666666667,5e-04,0.00283333333333333,275900
0,0,0,0,0,0,0.000166666666666667,5e-04,0.00283333333333333,276000
0,0,0,0,0,0,0.000166666666666667,5e-04,0.00283333333333333,276100
0,0,0,0,0,0,0.000166666666666667,5e-04,0.00266666666666667,276200
0,0,0,0,0,0,0.000166666666666667,5e-04,0.00266666666666667,276300
0,0,0,0,0,0,0.000166666666666667,5e-04,0.00266666666666667,276400
0,0,0,0,0,0,0.000166666666666667,5e-04,0.00266666666666667,276500
0,0,0,0,0,0,0.000166666666666667,5e-04,0.00266666666666667,276600
0,0,0,0,0,0,0.000166666666666667,5e-04,0.00266666666666667,276700
0,0,0,0,0,0,0.000166666666666667,5e-04,0.00266666666666667,276800
0,0,0,0,0,0,0.000166666666666667,5e-04,0.00266666666666667,276900
0,0,0,0,0,0,0.000166666666666667,5e-04,0.0025,277000
0,0,0,0,0,0,0.000166666666666667,5e-04,0.0025,277100
0,0,0,0,0,0,0.000166666666666667,5e-04,0.0025,277200
0,0,0,0,0,0,0.000166666666666667,5e-04,0.0025,277300
0,0,0,0,0,0,0.000166666666666667,5e-04,0.0025,277400
0,0,0,0,0,0,0.000166666666666667,5e-04,0.0025,277500
0,0,0,0,0,0,0.000166666666666667,5e-04,0.0025,277600
0,0,0,0,0,0,0.000166666666666667,5e-04,0.0025,277700
0,0,0,0,0,0,0.000166666666666667,5e-04,0.0025,277800
0,0,0,0,0,0,0.000166666666666667,5e-04,0.0025,277900
0,0,0,0,0,0,0.000166666666666667,5e-04,0.0025,278000
0,0,0,0,0,0,0.000166666666666667,5e-04,0.0025,278100
0,0,0,0,0,0,0.000166666666666667,5e-04,0.0025,278200
0,0,0,0,0,0,0.000166666666666667,5e-04,0.0025,278300
0,0,0,0,0,0,0.000166666666666667,5e-04,0.0025,278400
0,0,0,0,0,0,0.000166666666666667,5e-04,0.0025,278500
0,0,0,0,0,0,0.000166666666666667,5e-04,0.0025,278600
0,0,0,0,0,0,0.000166666666666667,5e-04,0.0025,278700
0,0,0,0,0,0,0.000166666666666667,5e-04,0.0025,278800
0,0,0,0,0,0,0.000166666666666667,5e-04,0.0025,278900
0,0,0,0,0,0,0.000166666666666667,5e-04,0.0025,279000
0,0,0,0,0,0,0.000166666666666667,5e-04,0.0025,279100
0,0,0,0,0,0,0.000166666666666667,5e-04,0.0025,279200
0,0,0,0,0,0,0.000166666666666667,5e-04,0.0025,279300
0,0,0,0,0,0,0.000166666666666667,5e-04,0.0025,279400
0,0,0,0,0,0,0.000166666666666667,5e-04,0.0025,279500
0,0,0,0,0,0,0.000166666666666667,5e-04,0.0025,279600
0,0,0,0,0,0,0.000166666666666667,5e-04,0.0025,279700
0,0,0,0,0,0,0.000166666666666667,5e-04,0.0025,279800
0,0,0,0,0,0,0.000166666666666667,5e-04,0.0025,279900
0,0,0,0,0,0,0.000166666666666667,5e-04,0.0025,280000
0,0,0,0,0,0,0.000166666666666667,5e-04,0.0025,280100
0,0,0,0,0,0,0.000166666666666667,5e-04,0.0025,280200
0,0,0,0,0,0,0.000166666666666667,5e-04,0.0025,280300
0,0,0,0,0,0,0.000166666666666667,5e-04,0.00233333333333333,280400
0,0,0,0,0,0,0.000166666666666667,5e-04,0.00233333333333333,280500
0,0,0,0,0,0,0.000166666666666667,5e-04,0.00233333333333333,280600
0,0,0,0,0,0,0.000166666666666667,5e-04,0.00233333333333333,280700
0,0,0,0,0,0,0.000166666666666667,5e-04,0.00233333333333333,280800
0,0,0,0,0,0,0.000166666666666667,5e-04,0.00233333333333333,280900
0,0,0,0,0,0,0.000166666666666667,5e-04,0.00233333333333333,281000
0,0,0,0,0,0,0.000166666666666667,5e-04,0.00233333333333333,281100
0,0,0,0,0,0,0.000166666666666667,5e-04,0.00233333333333333,281200
0,0,0,0,0,0,0.000166666666666667,5e-04,0.00233333333333333,281300
0,0,0,0,0,0,0.000166666666666667,5e-04,0.00233333333333333,281400
0,0,0,0,0,0,0.000166666666666667,5e-04,0.00233333333333333,281500
0,0,0,0,0,0,0.000166666666666667,5e-04,0.00233333333333333,281600
0,0,0,0,0,0,0.000166666666666667,5e-04,0.00233333333333333,281700
0,0,0,0,0,0,0.000166666666666667,5e-04,0.00233333333333333,281800
0,0,0,0,0,0,0.000166666666666667,5e-04,0.00233333333333333,281900
0,0,0,0,0,0,0.000166666666666667,5e-04,0.00233333333333333,282000
0,0,0,0,0,0,0.000166666666666667,5e-04,0.00233333333333333,282100
0,0,0,0,0,0,0.000166666666666667,5e-04,0.00233333333333333,282200
0,0,0,0,0,0,0.000166666666666667,5e-04,0.00233333333333333,282300
0,0,0,0,0,0,0.000166666666666667,5e-04,0.00233333333333333,282400
0,0,0,0,0,0,0.000166666666666667,5e-04,0.00233333333333333,282500
0,0,0,0,0,0,0.000166666666666667,5e-04,0.00233333333333333,282600
0,0,0,0,0,0,0.000166666666666667,5e-04,0.002,282700
0,0,0,0,0,0,0.000166666666666667,5e-04,0.002,282800
0,0,0,0,0,0,0.000166666666666667,5e-04,0.002,282900
0,0,0,0,0,0,0.000166666666666667,5e-04,0.00183333333333333,283000
0,0,0,0,0,0,0.000166666666666667,5e-04,0.00183333333333333,283100
0,0,0,0,0,0,0.000166666666666667,5e-04,0.00183333333333333,283200
0,0,0,0,0,0,0.000166666666666667,5e-04,0.00183333333333333,283300
0,0,0,0,0,0,0.000166666666666667,5e-04,0.00183333333333333,283400
0,0,0,0,0,0,0.000166666666666667,5e-04,0.00183333333333333,283500
0,0,0,0,0,0,0.000166666666666667,5e-04,0.00183333333333333,283600
0,0,0,0,0,0,0.000166666666666667,5e-04,0.00183333333333333,283700
0,0,0,0,0,0,0.000166666666666667,5e-04,0.00183333333333333,283800
0,0,0,0,0,0,0.000166666666666667,5e-04,0.00166666666666667,283900
0,0,0,0,0,0,0.000166666666666667,5e-04,0.00166666666666667,284000
0,0,0,0,0,0,0.000166666666666667,5e-04,0.00166666666666667,284100
0,0,0,0,0,0,0.000166666666666667,5e-04,0.00166666666666667,284200
0,0,0,0,0,0,0.000166666666666667,5e-04,0.00166666666666667,284300
0,0,0,0,0,0,0.000166666666666667,5e-04,0.00166666666666667,284400
0,0,0,0,0,0,0.000166666666666667,5e-04,0.00166666666666667,284500
0,0,0,0,0,0,0.000166666666666667,5e-04,0.00166666666666667,284600
0,0,0,0,0,0,0.000166666666666667,5e-04,0.00166666666666667,284700
0,0,0,0,0,0,0.000166666666666667,5e-04,0.00166666666666667,284800
0,0,0,0,0,0,0.000166666666666667,5e-04,0.00166666666666667,284900
0,0,0,0,0,0,0.000166666666666667,5e-04,0.00166666666666667,285000
0,0,0,0,0,0,0.000166666666666667,5e-04,0.00166666666666667,285100
0,0,0,0,0,0,0.000166666666666667,5e-04,0.00166666666666667,285200
0,0,0,0,0,0,0.000166666666666667,5e-04,0.00166666666666667,285300
0,0,0,0,0,0,0.000166666666666667,5e-04,0.00166666666666667,285400
0,0,0,0,0,0,0.000166666666666667,5e-04,0.00166666666666667,285500
0,0,0,0,0,0,0.000166666666666667,5e-04,0.00166666666666667,285600
0,0,0,0,0,0,0.000166666666666667,5e-04,0.00166666666666667,285700
0,0,0,0,0,0,0.000166666666666667,5e-04,0.00166666666666667,285800
0,0,0,0,0,0,0.000166666666666667,5e-04,0.00166666666666667,285900
0,0,0,0,0,0,0.000166666666666667,5e-04,0.00166666666666667,286000
0,0,0,0,0,0,0.000166666666666667,5e-04,0.00166666666666667,286100
0,0,0,0,0,0,0.000166666666666667,0.000333333333333333,0.00166666666666667,286200
0,0,0,0,0,0,0.000166666666666667,0.000333333333333333,0.00166666666666667,286300
0,0,0,0,0,0,0.000166666666666667,0.000333333333333333,0.00166666666666667,286400
0,0,0,0,0,0,0.000166666666666667,0.000333333333333333,0.00166666666666667,286500
0,0,0,0,0,0,0.000166666666666667,0.000333333333333333,0.00166666666666667,286600
0,0,0,0,0,0,0.000166666666666667,0.000333333333333333,0.00166666666666667,286700
0,0,0,0,0,0,0.000166666666666667,0.000333333333333333,0.00166666666666667,286800
0,0,0,0,0,0,0.000166666666666667,0.000333333333333333,0.00166666666666667,286900
0,0,0,0,0,0,0.000166666666666667,0.000333333333333333,0.0015,287000
0,0,0,0,0,0,0.000166666666666667,0.000333333333333333,0.0015,287100
0,0,0,0,0,0,0.000166666666666667,0.000333333333333333,0.0015,287200
0,0,0,0,0,0,0.000166666666666667,0.000333333333333333,0.0015,287300
0,0,0,0,0,0,0.000166666666666667,0.000333333333333333,0.0015,287400
0,0,0,0,0,0,0.000166666666666667,0.000333333333333333,0.0015,287500
0,0,0,0,0,0,0.000166666666666667,0.000333333333333333,0.0015,287600
0,0,0,0,0,0,0.000166666666666667,0.000333333333333333,0.0015,287700
0,0,0,0,0,0,0.000166666666666667,0.000333333333333333,0.0015,287800
0,0,0,0,0,0,0.000166666666666667,0.000333333333333333,0.0015,287900
0,0,0,0,0,0,0.000166666666666667,0.000333333333333333,0.0015,288000
0,0,0,0,0,0,0.000166666666666667,0.000333333333333333,0.0015,288100
0,0,0,0,0,0,0.000166666666666667,0.000333333333333333,0.0015,288200
0,0,0,0,0,0,0.000166666666666667,0.000333333333333333,0.0015,288300
0,0,0,0,0,0,0.000166666666666667,0.000333333333333333,0.0015,288400
0,0,0,0,0,0,0.000166666666666667,0.000333333333333333,0.0015,288500
0,0,0,0,0,0,0.000166666666666667,0.000333333333333333,0.0015,288600
0,0,0,0,0,0,0.000166666666666667,0.000333333333333333,0.0015,288700
0,0,0,0,0,0,0.000166666666666667,0.000333333333333333,0.00133333333333333,288800
0,0,0,0,0,0,0.000166666666666667,0.000333333333333333,0.00133333333333333,288900
0,0,0,0,0,0,0.000166666666666667,0.000333333333333333,0.00133333333333333,289000
0,0,0,0,0,0,0.000166666666666667,0.000333333333333333,0.00133333333333333,289100
0,0,0,0,0,0,0.000166666666666667,0.000333333333333333,0.00133333333333333,289200
0,0,0,0,0,0,0.000166666666666667,0.000333333333333333,0.00133333333333333,289300
0,0,0,0,0,0,0.000166666666666667,0.000333333333333333,0.00133333333333333,289400
0,0,0,0,0,0,0.000166666666666667,0.000333333333333333,0.00133333333333333,289500
0,0,0,0,0,0,0.000166666666666667,0.000333333333333333,0.00133333333333333,289600
0,0,0,0,0,0,0.000166666666666667,0.000333333333333333,0.00133333333333333,289700
0,0,0,0,0,0,0.000166666666666667,0.000333333333333333,0.00133333333333333,289800
0,0,0,0,0,0,0.000166666666666667,0.000333333333333333,0.00133333333333333,289900
0,0,0,0,0,0,0.000166666666666667,0.000333333333333333,0.00133333333333333,290000
0,0,0,0,0,0,0.000166666666666667,0.000333333333333333,0.00133333333333333,290100
0,0,0,0,0,0,0.000166666666666667,0.000333333333333333,0.00133333333333333,290200
0,0,0,0,0,0,0.000166666666666667,0.000333333333333333,0.00133333333333333,290300
0,0,0,0,0,0,0.000166666666666667,0.000333333333333333,0.00133333333333333,290400
0,0,0,0,0,0,0.000166666666666667,0.000333333333333333,0.00133333333333333,290500
0,0,0,0,0,0,0.000166666666666667,0.000333333333333333,0.00133333333333333,290600
0,0,0,0,0,0,0.000166666666666667,0.000333333333333333,0.00133333333333333,290700
0,0,0,0,0,0,0.000166666666666667,0.000333333333333333,0.00133333333333333,290800
0,0,0,0,0,0,0.000166666666666667,0.000333333333333333,0.00133333333333333,290900
0,0,0,0,0,0,0.000166666666666667,0.000333333333333333,0.00133333333333333,291000
0,0,0,0,0,0,0.000166666666666667,0.000333333333333333,0.00133333333333333,291100
0,0,0,0,0,0,0.000166666666666667,0.000333333333333333,0.00133333333333333,291200
0,0,0,0,0,0,0.000166666666666667,0.000333333333333333,0.00116666666666667,291300
0,0,0,0,0,0,0.000166666666666667,0.000333333333333333,0.00116666666666667,291400
0,0,0,0,0,0,0.000166666666666667,0.000333333333333333,0.00116666666666667,291500
0,0,0,0,0,0,0.000166666666666667,0.000333333333333333,0.00116666666666667,291600
0,0,0,0,0,0,0.000166666666666667,0.000333333333333333,0.00116666666666667,291700
0,0,0,0,0,0,0.000166666666666667,0.000333333333333333,0.00116666666666667,291800
0,0,0,0,0,0,0.000166666666666667,0.000333333333333333,0.00116666666666667,291900
0,0,0,0,0,0,0.000166666666666667,0.000333333333333333,0.00116666666666667,292000
0,0,0,0,0,0,0.000166666666666667,0.000333333333333333,0.00116666666666667,292100
0,0,0,0,0,0,0.000166666666666667,0.000333333333333333,0.00116666666666667,292200
0,0,0,0,0,0,0.000166666666666667,0.000333333333333333,0.00116666666666667,292300
0,0,0,0,0,0,0.000166666666666667,0.000333333333333333,0.00116666666666667,292400
0,0,0,0,0,0,0.000166666666666667,0.000333333333333333,0.00116666666666667,292500
0,0,0,0,0,0,0.000166666666666667,0.000333333333333333,0.00116666666666667,292600
0,0,0,0,0,0,0.000166666666666667,0.000333333333333333,0.00116666666666667,292700
0,0,0,0,0,0,0.000166666666666667,0.000333333333333333,0.00116666666666667,292800
0,0,0,0,0,0,0.000166666666666667,0.000333333333333333,0.00116666666666667,292900
0,0,0,0,0,0,0.000166666666666667,0.000333333333333333,0.00116666666666667,293000
0,0,0,0,0,0,0.000166666666666667,0.000333333333333333,0.00116666666666667,293100
0,0,0,0,0,0,0.000166666666666667,0.000333333333333333,0.00116666666666667,293200
0,0,0,0,0,0,0.000166666666666667,0.000333333333333333,0.00116666666666667,293300
0,0,0,0,0,0,0.000166666666666667,0.000333333333333333,0.00116666666666667,293400
0,0,0,0,0,0,0.000166666666666667,0.000333333333333333,0.00116666666666667,293500
0,0,0,0,0,0,0.000166666666666667,0.000333333333333333,0.00116666666666667,293600
0,0,0,0,0,0,0.000166666666666667,0.000333333333333333,0.00116666666666667,293700
0,0,0,0,0,0,0.000166666666666667,0.000333333333333333,0.00116666666666667,293800
0,0,0,0,0,0,0.000166666666666667,0.000333333333333333,0.00116666666666667,293900
0,0,0,0,0,0,0.000166666666666667,0.000333333333333333,0.00116666666666667,294000
0,0,0,0,0,0,0.000166666666666667,0.000333333333333333,0.00116666666666667,294100
0,0,0,0,0,0,0.000166666666666667,0.000333333333333333,0.00116666666666667,294200
0,0,0,0,0,0,0.000166666666666667,0.000333333333333333,0.00116666666666667,294300
0,0,0,0,0,0,0.000166666666666667,0.000333333333333333,0.00116666666666667,294400
0,0,0,0,0,0,0.000166666666666667,0.000333333333333333,0.00116666666666667,294500
0,0,0,0,0,0,0.000166666666666667,0.000333333333333333,0.00116666666666667,294600
0,0,0,0,0,0,0.000166666666666667,0.000333333333333333,0.00116666666666667,294700
0,0,0,0,0,0,0.000166666666666667,0.000333333333333333,0.00116666666666667,294800
0,0,0,0,0,0,0.000166666666666667,0.000333333333333333,0.00116666666666667,294900
0,0,0,0,0,0,0.000166666666666667,0.000333333333333333,0.00116666666666667,295000
0,0,0,0,0,0,0.000166666666666667,0.000333333333333333,0.00116666666666667,295100
0,0,0,0,0,0,0.000166666666666667,0.000333333333333333,0.00116666666666667,295200
0,0,0,0,0,0,0.000166666666666667,0.000333333333333333,0.00116666666666667,295300
0,0,0,0,0,0,0.000166666666666667,0.000333333333333333,0.00116666666666667,295400
0,0,0,0,0,0,0.000166666666666667,0.000333333333333333,0.00116666666666667,295500
0,0,0,0,0,0,0.000166666666666667,0.000333333333333333,0.00116666666666667,295600
0,0,0,0,0,0,0.000166666666666667,0.000333333333333333,0.00116666666666667,295700
0,0,0,0,0,0,0.000166666666666667,0.000333333333333333,0.00116666666666667,295800
0,0,0,0,0,0,0.000166666666666667,0.000333333333333333,0.00116666666666667,295900
0,0,0,0,0,0,0.000166666666666667,0.000333333333333333,0.00116666666666667,296000
0,0,0,0,0,0,0.000166666666666667,0.000333333333333333,0.00116666666666667,296100
0,0,0,0,0,0,0.000166666666666667,0.000333333333333333,0.00116666666666667,296200
0,0,0,0,0,0,0.000166666666666667,0.000333333333333333,0.00116666666666667,296300
0,0,0,0,0,0,0.000166666666666667,0.000333333333333333,0.00116666666666667,296400
0,0,0,0,0,0,0.000166666666666667,0.000333333333333333,0.00116666666666667,296500
0,0,0,0,0,0,0.000166666666666667,0.000333333333333333,0.00116666666666667,296600
0,0,0,0,0,0,0.000166666666666667,0.000333333333333333,0.00116666666666667,296700
0,0,0,0,0,0,0.000166666666666667,0.000333333333333333,0.00116666666666667,296800
0,0,0,0,0,0,0.000166666666666667,0.000333333333333333,0.00116666666666667,296900
0,0,0,0,0,0,0.000166666666666667,0.000333333333333333,0.00116666666666667,297000
0,0,0,0,0,0,0.000166666666666667,0.000333333333333333,0.001,297100
0,0,0,0,0,0,0.000166666666666667,0.000333333333333333,0.001,297200
0,0,0,0,0,0,0.000166666666666667,0.000333333333333333,0.001,297300
0,0,0,0,0,0,0.000166666666666667,0.000333333333333333,0.001,297400
0,0,0,0,0,0,0.000166666666666667,0.000333333333333333,0.001,297500
0,0,0,0,0,0,0.000166666666666667,0.000333333333333333,0.001,297600
0,0,0,0,0,0,0.000166666666666667,0.000333333333333333,0.001,297700
0,0,0,0,0,0,0.000166666666666667,0.000333333333333333,0.001,297800
0,0,0,0,0,0,0.000166666666666667,0.000333333333333333,0.001,297900
0,0,0,0,0,0,0.000166666666666667,0.000333333333333333,0.001,298000
0,0,0,0,0,0,0.000166666666666667,0.000333333333333333,0.001,298100
0,0,0,0,0,0,0.000166666666666667,0.000333333333333333,0.001,298200
0,0,0,0,0,0,0.000166666666666667,0.000333333333333333,0.001,298300
0,0,0,0,0,0,0,0.000333333333333333,0.001,298400
0,0,0,0,0,0,0,0.000333333333333333,0.001,298500
0,0,0,0,0,0,0,0.000333333333333333,0.001,298600
0,0,0,0,0,0,0,0.000333333333333333,0.001,298700
0,0,0,0,0,0,0,0.000333333333333333,0.001,298800
0,0,0,0,0,0,0,0.000333333333333333,0.001,298900
0,0,0,0,0,0,0,0.000333333333333333,0.001,299000
0,0,0,0,0,0,0,0.000333333333333333,0.001,299100
0,0,0,0,0,0,0,0.000333333333333333,0.001,299200
0,0,0,0,0,0,0,0.000333333333333333,0.001,299300
0,0,0,0,0,0,0,0.000333333333333333,0.001,299400
0,0,0,0,0,0,0,0.000333333333333333,0.001,299500
0,0,0,0,0,0,0,0.000333333333333333,0.001,299600
0,0,0,0,0,0,0,0.000333333333333333,0.001,299700
0,0,0,0,0,0,0,0.000333333333333333,0.001,299800
0,0,0,0,0,0,0,0.000333333333333333,0.001,299900
0,0,0,0,0,0,0,0.000333333333333333,0.001,3e+05
0,0,0,0,0,0,0,0.000333333333333333,0.001,300100
0,0,0,0,0,0,0,0.000333333333333333,0.001,300200
0,0,0,0,0,0,0,0.000333333333333333,0.001,300300
0,0,0,0,0,0,0,0.000333333333333333,0.001,300400
0,0,0,0,0,0,0,0.000333333333333333,0.001,300500
0,0,0,0,0,0,0,0.000333333333333333,0.001,300600
0,0,0,0,0,0,0,0.000333333333333333,0.001,300700
0,0,0,0,0,0,0,0.000333333333333333,0.001,300800
0,0,0,0,0,0,0,0.000333333333333333,0.001,300900
0,0,0,0,0,0,0,0.000333333333333333,0.001,301000
0,0,0,0,0,0,0,0.000333333333333333,0.001,301100
0,0,0,0,0,0,0,0.000333333333333333,0.001,301200
0,0,0,0,0,0,0,0.000333333333333333,0.001,301300
0,0,0,0,0,0,0,0.000333333333333333,0.001,301400
0,0,0,0,0,0,0,0.000166666666666667,0.001,301500
0,0,0,0,0,0,0,0.000166666666666667,0.001,301600
0,0,0,0,0,0,0,0.000166666666666667,0.001,301700
0,0,0,0,0,0,0,0.000166666666666667,0.001,301800
0,0,0,0,0,0,0,0.000166666666666667,0.001,301900
0,0,0,0,0,0,0,0.000166666666666667,0.001,302000
0,0,0,0,0,0,0,0.000166666666666667,0.001,302100
0,0,0,0,0,0,0,0.000166666666666667,0.001,302200
0,0,0,0,0,0,0,0.000166666666666667,0.001,302300
0,0,0,0,0,0,0,0.000166666666666667,0.001,302400
0,0,0,0,0,0,0,0.000166666666666667,0.001,302500
0,0,0,0,0,0,0,0.000166666666666667,0.001,302600
0,0,0,0,0,0,0,0.000166666666666667,0.001,302700
0,0,0,0,0,0,0,0.000166666666666667,0.001,302800
0,0,0,0,0,0,0,0.000166666666666667,0.001,302900
0,0,0,0,0,0,0,0.000166666666666667,0.001,303000
0,0,0,0,0,0,0,0.000166666666666667,0.001,303100
0,0,0,0,0,0,0,0.000166666666666667,0.001,303200
0,0,0,0,0,0,0,0.000166666666666667,0.001,303300
0,0,0,0,0,0,0,0.000166666666666667,0.001,303400
0,0,0,0,0,0,0,0.000166666666666667,0.001,303500
0,0,0,0,0,0,0,0.000166666666666667,0.001,303600
0,0,0,0,0,0,0,0.000166666666666667,0.001,303700
0,0,0,0,0,0,0,0.000166666666666667,0.001,303800
0,0,0,0,0,0,0,0.000166666666666667,0.001,303900
0,0,0,0,0,0,0,0.000166666666666667,0.001,304000
0,0,0,0,0,0,0,0.000166666666666667,0.001,304100
0,0,0,0,0,0,0,0.000166666666666667,0.001,304200
0,0,0,0,0,0,0,0.000166666666666667,0.001,304300
0,0,0,0,0,0,0,0.000166666666666667,0.001,304400
0,0,0,0,0,0,0,0.000166666666666667,0.001,304500
0,0,0,0,0,0,0,0.000166666666666667,0.001,304600
0,0,0,0,0,0,0,0.000166666666666667,0.001,304700
0,0,0,0,0,0,0,0.000166666666666667,0.001,304800
0,0,0,0,0,0,0,0.000166666666666667,0.000833333333333333,304900
0,0,0,0,0,0,0,0.000166666666666667,0.000833333333333333,305000
0,0,0,0,0,0,0,0.000166666666666667,0.000833333333333333,305100
0,0,0,0,0,0,0,0.000166666666666667,0.000833333333333333,305200
0,0,0,0,0,0,0,0.000166666666666667,0.000833333333333333,305300
0,0,0,0,0,0,0,0.000166666666666667,0.000833333333333333,305400
0,0,0,0,0,0,0,0.000166666666666667,0.000833333333333333,305500
0,0,0,0,0,0,0,0.000166666666666667,0.000833333333333333,305600
0,0,0,0,0,0,0,0.000166666666666667,0.000833333333333333,305700
0,0,0,0,0,0,0,0.000166666666666667,0.000833333333333333,305800
0,0,0,0,0,0,0,0.000166666666666667,0.000833333333333333,305900
0,0,0,0,0,0,0,0.000166666666666667,0.000833333333333333,306000
0,0,0,0,0,0,0,0.000166666666666667,0.000833333333333333,306100
0,0,0,0,0,0,0,0.000166666666666667,0.000833333333333333,306200
0,0,0,0,0,0,0,0.000166666666666667,0.000833333333333333,306300
0,0,0,0,0,0,0,0.000166666666666667,0.000833333333333333,306400
0,0,0,0,0,0,0,0.000166666666666667,0.000833333333333333,306500
0,0,0,0,0,0,0,0.000166666666666667,0.000833333333333333,306600
0,0,0,0,0,0,0,0.000166666666666667,0.000833333333333333,306700
0,0,0,0,0,0,0,0.000166666666666667,0.000833333333333333,306800
0,0,0,0,0,0,0,0.000166666666666667,0.000833333333333333,306900
0,0,0,0,0,0,0,0.000166666666666667,0.000833333333333333,307000
0,0,0,0,0,0,0,0.000166666666666667,0.000833333333333333,307100
0,0,0,0,0,0,0,0.000166666666666667,0.000833333333333333,307200
0,0,0,0,0,0,0,0.000166666666666667,0.000833333333333333,307300
0,0,0,0,0,0,0,0.000166666666666667,0.000833333333333333,307400
0,0,0,0,0,0,0,0.000166666666666667,0.000833333333333333,307500
0,0,0,0,0,0,0,0.000166666666666667,0.000833333333333333,307600
0,0,0,0,0,0,0,0.000166666666666667,0.000833333333333333,307700
0,0,0,0,0,0,0,0.000166666666666667,0.000833333333333333,307800
0,0,0,0,0,0,0,0.000166666666666667,0.000833333333333333,307900
0,0,0,0,0,0,0,0.000166666666666667,0.000833333333333333,308000
0,0,0,0,0,0,0,0.000166666666666667,0.000833333333333333,308100
0,0,0,0,0,0,0,0.000166666666666667,0.000833333333333333,308200
0,0,0,0,0,0,0,0.000166666666666667,0.000833333333333333,308300
0,0,0,0,0,0,0,0.000166666666666667,0.000833333333333333,308400
0,0,0,0,0,0,0,0.000166666666666667,0.000833333333333333,308500
0,0,0,0,0,0,0,0.000166666666666667,0.000833333333333333,308600
0,0,0,0,0,0,0,0.000166666666666667,0.000833333333333333,308700
0,0,0,0,0,0,0,0.000166666666666667,0.000833333333333333,308800
0,0,0,0,0,0,0,0.000166666666666667,0.000666666666666667,308900
0,0,0,0,0,0,0,0.000166666666666667,0.000666666666666667,309000
0,0,0,0,0,0,0,0.000166666666666667,0.000666666666666667,309100
0,0,0,0,0,0,0,0.000166666666666667,0.000666666666666667,309200
0,0,0,0,0,0,0,0.000166666666666667,0.000666666666666667,309300
0,0,0,0,0,0,0,0.000166666666666667,0.000666666666666667,309400
0,0,0,0,0,0,0,0.000166666666666667,0.000666666666666667,309500
0,0,0,0,0,0,0,0.000166666666666667,0.000666666666666667,309600
0,0,0,0,0,0,0,0.000166666666666667,0.000666666666666667,309700
0,0,0,0,0,0,0,0.000166666666666667,0.000666666666666667,309800
0,0,0,0,0,0,0,0.000166666666666667,0.000666666666666667,309900
0,0,0,0,0,0,0,0.000166666666666667,0.000666666666666667,310000
0,0,0,0,0,0,0,0.000166666666666667,5e-04,310100
0,0,0,0,0,0,0,0.000166666666666667,5e-04,310200
0,0,0,0,0,0,0,0.000166666666666667,5e-04,310300
0,0,0,0,0,0,0,0.000166666666666667,5e-04,310400
0,0,0,0,0,0,0,0.000166666666666667,5e-04,310500
0,0,0,0,0,0,0,0.000166666666666667,5e-04,310600
0,0,0,0,0,0,0,0.000166666666666667,5e-04,310700
0,0,0,0,0,0,0,0.000166666666666667,5e-04,310800
0,0,0,0,0,0,0,0.000166666666666667,5e-04,310900
0,0,0,0,0,0,0,0.000166666666666667,5e-04,311000
0,0,0,0,0,0,0,0.000166666666666667,5e-04,311100
0,0,0,0,0,0,0,0.000166666666666667,5e-04,311200
0,0,0,0,0,0,0,0.000166666666666667,5e-04,311300
0,0,0,0,0,0,0,0.000166666666666667,5e-04,311400
0,0,0,0,0,0,0,0.000166666666666667,5e-04,311500
0,0,0,0,0,0,0,0.000166666666666667,5e-04,311600
0,0,0,0,0,0,0,0.000166666666666667,5e-04,311700
0,0,0,0,0,0,0,0.000166666666666667,5e-04,311800
0,0,0,0,0,0,0,0.000166666666666667,5e-04,311900
0,0,0,0,0,0,0,0.000166666666666667,5e-04,312000
0,0,0,0,0,0,0,0.000166666666666667,5e-04,312100
0,0,0,0,0,0,0,0.000166666666666667,5e-04,312200
0,0,0,0,0,0,0,0.000166666666666667,5e-04,312300
0,0,0,0,0,0,0,0.000166666666666667,5e-04,312400
0,0,0,0,0,0,0,0.000166666666666667,5e-04,312500
0,0,0,0,0,0,0,0.000166666666666667,5e-04,312600
0,0,0,0,0,0,0,0.000166666666666667,5e-04,312700
0,0,0,0,0,0,0,0.000166666666666667,5e-04,312800
0,0,0,0,0,0,0,0.000166666666666667,5e-04,312900
0,0,0,0,0,0,0,0.000166666666666667,5e-04,313000
0,0,0,0,0,0,0,0.000166666666666667,5e-04,313100
0,0,0,0,0,0,0,0.000166666666666667,5e-04,313200
0,0,0,0,0,0,0,0.000166666666666667,5e-04,313300
0,0,0,0,0,0,0,0.000166666666666667,5e-04,313400
0,0,0,0,0,0,0,0.000166666666666667,5e-04,313500
0,0,0,0,0,0,0,0.000166666666666667,5e-04,313600
0,0,0,0,0,0,0,0.000166666666666667,5e-04,313700
0,0,0,0,0,0,0,0.000166666666666667,5e-04,313800
0,0,0,0,0,0,0,0.000166666666666667,5e-04,313900
0,0,0,0,0,0,0,0.000166666666666667,5e-04,314000
0,0,0,0,0,0,0,0.000166666666666667,5e-04,314100
0,0,0,0,0,0,0,0.000166666666666667,5e-04,314200
0,0,0,0,0,0,0,0.000166666666666667,5e-04,314300
0,0,0,0,0,0,0,0.000166666666666667,5e-04,314400
0,0,0,0,0,0,0,0.000166666666666667,5e-04,314500
0,0,0,0,0,0,0,0.000166666666666667,5e-04,314600
0,0,0,0,0,0,0,0.000166666666666667,5e-04,314700
0,0,0,0,0,0,0,0.000166666666666667,5e-04,314800
0,0,0,0,0,0,0,0.000166666666666667,5e-04,314900
0,0,0,0,0,0,0,0.000166666666666667,5e-04,315000
0,0,0,0,0,0,0,0.000166666666666667,5e-04,315100
0,0,0,0,0,0,0,0.000166666666666667,5e-04,315200
0,0,0,0,0,0,0,0.000166666666666667,5e-04,315300
0,0,0,0,0,0,0,0.000166666666666667,5e-04,315400
0,0,0,0,0,0,0,0.000166666666666667,5e-04,315500
0,0,0,0,0,0,0,0.000166666666666667,5e-04,315600
0,0,0,0,0,0,0,0.000166666666666667,5e-04,315700
0,0,0,0,0,0,0,0.000166666666666667,5e-04,315800
0,0,0,0,0,0,0,0.000166666666666667,5e-04,315900
0,0,0,0,0,0,0,0.000166666666666667,5e-04,316000
0,0,0,0,0,0,0,0.000166666666666667,5e-04,316100
0,0,0,0,0,0,0,0.000166666666666667,5e-04,316200
0,0,0,0,0,0,0,0.000166666666666667,5e-04,316300
0,0,0,0,0,0,0,0.000166666666666667,5e-04,316400
0,0,0,0,0,0,0,0.000166666666666667,5e-04,316500
0,0,0,0,0,0,0,0.000166666666666667,5e-04,316600
0,0,0,0,0,0,0,0.000166666666666667,5e-04,316700
0,0,0,0,0,0,0,0.000166666666666667,5e-04,316800
0,0,0,0,0,0,0,0.000166666666666667,5e-04,316900
0,0,0,0,0,0,0,0.000166666666666667,5e-04,317000
0,0,0,0,0,0,0,0.000166666666666667,5e-04,317100
0,0,0,0,0,0,0,0.000166666666666667,5e-04,317200
0,0,0,0,0,0,0,0.000166666666666667,5e-04,317300
0,0,0,0,0,0,0,0.000166666666666667,5e-04,317400
0,0,0,0,0,0,0,0.000166666666666667,5e-04,317500
0,0,0,0,0,0,0,0.000166666666666667,5e-04,317600
0,0,0,0,0,0,0,0.000166666666666667,5e-04,317700
0,0,0,0,0,0,0,0.000166666666666667,5e-04,317800
0,0,0,0,0,0,0,0.000166666666666667,5e-04,317900
0,0,0,0,0,0,0,0.000166666666666667,5e-04,318000
0,0,0,0,0,0,0,0.000166666666666667,5e-04,318100
0,0,0,0,0,0,0,0.000166666666666667,5e-04,318200
0,0,0,0,0,0,0,0.000166666666666667,5e-04,318300
0,0,0,0,0,0,0,0.000166666666666667,5e-04,318400
0,0,0,0,0,0,0,0.000166666666666667,5e-04,318500
0,0,0,0,0,0,0,0.000166666666666667,5e-04,318600
0,0,0,0,0,0,0,0.000166666666666667,5e-04,318700
0,0,0,0,0,0,0,0.000166666666666667,5e-04,318800
0,0,0,0,0,0,0,0.000166666666666667,5e-04,318900
0,0,0,0,0,0,0,0.000166666666666667,5e-04,319000
0,0,0,0,0,0,0,0.000166666666666667,5e-04,319100
0,0,0,0,0,0,0,0.000166666666666667,5e-04,319200
0,0,0,0,0,0,0,0.000166666666666667,5e-04,319300
0,0,0,0,0,0,0,0.000166666666666667,5e-04,319400
0,0,0,0,0,0,0,0.000166666666666667,5e-04,319500
0,0,0,0,0,0,0,0.000166666666666667,5e-04,319600
0,0,0,0,0,0,0,0.000166666666666667,5e-04,319700
0,0,0,0,0,0,0,0.000166666666666667,5e-04,319800
0,0,0,0,0,0,0,0.000166666666666667,5e-04,319900
0,0,0,0,0,0,0,0.000166666666666667,5e-04,320000
0,0,0,0,0,0,0,0.000166666666666667,5e-04,320100
0,0,0,0,0,0,0,0.000166666666666667,5e-04,320200
0,0,0,0,0,0,0,0.000166666666666667,5e-04,320300
0,0,0,0,0,0,0,0.000166666666666667,5e-04,320400
0,0,0,0,0,0,0,0.000166666666666667,5e-04,320500
0,0,0,0,0,0,0,0.000166666666666667,5e-04,320600
0,0,0,0,0,0,0,0.000166666666666667,5e-04,320700
0,0,0,0,0,0,0,0.000166666666666667,5e-04,320800
0,0,0,0,0,0,0,0.000166666666666667,5e-04,320900
0,0,0,0,0,0,0,0.000166666666666667,5e-04,321000
0,0,0,0,0,0,0,0.000166666666666667,5e-04,321100
0,0,0,0,0,0,0,0.000166666666666667,5e-04,321200
0,0,0,0,0,0,0,0.000166666666666667,5e-04,321300
0,0,0,0,0,0,0,0.000166666666666667,5e-04,321400
0,0,0,0,0,0,0,0.000166666666666667,5e-04,321500
0,0,0,0,0,0,0,0.000166666666666667,5e-04,321600
0,0,0,0,0,0,0,0.000166666666666667,5e-04,321700
0,0,0,0,0,0,0,0.000166666666666667,5e-04,321800
0,0,0,0,0,0,0,0.000166666666666667,5e-04,321900
0,0,0,0,0,0,0,0.000166666666666667,5e-04,322000
0,0,0,0,0,0,0,0.000166666666666667,5e-04,322100
0,0,0,0,0,0,0,0.000166666666666667,5e-04,322200
0,0,0,0,0,0,0,0.000166666666666667,5e-04,322300
0,0,0,0,0,0,0,0.000166666666666667,5e-04,322400
0,0,0,0,0,0,0,0.000166666666666667,5e-04,322500
0,0,0,0,0,0,0,0.000166666666666667,5e-04,322600
0,0,0,0,0,0,0,0.000166666666666667,5e-04,322700
0,0,0,0,0,0,0,0.000166666666666667,5e-04,322800
0,0,0,0,0,0,0,0.000166666666666667,5e-04,322900
0,0,0,0,0,0,0,0.000166666666666667,5e-04,323000
0,0,0,0,0,0,0,0.000166666666666667,5e-04,323100
0,0,0,0,0,0,0,0.000166666666666667,5e-04,323200
0,0,0,0,0,0,0,0.000166666666666667,5e-04,323300
0,0,0,0,0,0,0,0.000166666666666667,5e-04,323400
0,0,0,0,0,0,0,0.000166666666666667,5e-04,323500
0,0,0,0,0,0,0,0.000166666666666667,5e-04,323600
0,0,0,0,0,0,0,0.000166666666666667,5e-04,323700
0,0,0,0,0,0,0,0.000166666666666667,5e-04,323800
0,0,0,0,0,0,0,0.000166666666666667,5e-04,323900
0,0,0,0,0,0,0,0.000166666666666667,5e-04,324000
0,0,0,0,0,0,0,0.000166666666666667,5e-04,324100
0,0,0,0,0,0,0,0.000166666666666667,5e-04,324200
0,0,0,0,0,0,0,0.000166666666666667,5e-04,324300
0,0,0,0,0,0,0,0.000166666666666667,5e-04,324400
0,0,0,0,0,0,0,0.000166666666666667,5e-04,324500
0,0,0,0,0,0,0,0.000166666666666667,5e-04,324600
0,0,0,0,0,0,0,0.000166666666666667,5e-04,324700
0,0,0,0,0,0,0,0.000166666666666667,5e-04,324800
0,0,0,0,0,0,0,0.000166666666666667,5e-04,324900
0,0,0,0,0,0,0,0.000166666666666667,5e-04,325000
0,0,0,0,0,0,0,0.000166666666666667,5e-04,325100
0,0,0,0,0,0,0,0.000166666666666667,5e-04,325200
0,0,0,0,0,0,0,0.000166666666666667,5e-04,325300
0,0,0,0,0,0,0,0.000166666666666667,5e-04,325400
0,0,0,0,0,0,0,0.000166666666666667,5e-04,325500
0,0,0,0,0,0,0,0.000166666666666667,5e-04,325600
0,0,0,0,0,0,0,0.000166666666666667,5e-04,325700
0,0,0,0,0,0,0,0.000166666666666667,5e-04,325800
0,0,0,0,0,0,0,0.000166666666666667,5e-04,325900
0,0,0,0,0,0,0,0.000166666666666667,5e-04,326000
0,0,0,0,0,0,0,0.000166666666666667,5e-04,326100
0,0,0,0,0,0,0,0.000166666666666667,5e-04,326200
0,0,0,0,0,0,0,0.000166666666666667,5e-04,326300
0,0,0,0,0,0,0,0.000166666666666667,5e-04,326400
0,0,0,0,0,0,0,0.000166666666666667,5e-04,326500
0,0,0,0,0,0,0,0.000166666666666667,5e-04,326600
0,0,0,0,0,0,0,0.000166666666666667,5e-04,326700
0,0,0,0,0,0,0,0.000166666666666667,5e-04,326800
0,0,0,0,0,0,0,0.000166666666666667,5e-04,326900
0,0,0,0,0,0,0,0.000166666666666667,5e-04,327000
0,0,0,0,0,0,0,0.000166666666666667,5e-04,327100
0,0,0,0,0,0,0,0.000166666666666667,5e-04,327200
0,0,0,0,0,0,0,0.000166666666666667,5e-04,327300
0,0,0,0,0,0,0,0.000166666666666667,5e-04,327400
0,0,0,0,0,0,0,0.000166666666666667,5e-04,327500
0,0,0,0,0,0,0,0.000166666666666667,5e-04,327600
0,0,0,0,0,0,0,0.000166666666666667,5e-04,327700
0,0,0,0,0,0,0,0.000166666666666667,5e-04,327800
0,0,0,0,0,0,0,0.000166666666666667,5e-04,327900
0,0,0,0,0,0,0,0.000166666666666667,5e-04,328000
0,0,0,0,0,0,0,0.000166666666666667,5e-04,328100
0,0,0,0,0,0,0,0.000166666666666667,5e-04,328200
0,0,0,0,0,0,0,0.000166666666666667,5e-04,328300
0,0,0,0,0,0,0,0.000166666666666667,5e-04,328400
0,0,0,0,0,0,0,0.000166666666666667,5e-04,328500
0,0,0,0,0,0,0,0.000166666666666667,5e-04,328600
0,0,0,0,0,0,0,0.000166666666666667,5e-04,328700
0,0,0,0,0,0,0,0.000166666666666667,5e-04,328800
0,0,0,0,0,0,0,0.000166666666666667,5e-04,328900
0,0,0,0,0,0,0,0.000166666666666667,0.000333333333333333,329000
0,0,0,0,0,0,0,0.000166666666666667,0.000333333333333333,329100
0,0,0,0,0,0,0,0.000166666666666667,0.000333333333333333,329200
0,0,0,0,0,0,0,0.000166666666666667,0.000333333333333333,329300
0,0,0,0,0,0,0,0.000166666666666667,0.000333333333333333,329400
0,0,0,0,0,0,0,0.000166666666666667,0.000333333333333333,329500
0,0,0,0,0,0,0,0.000166666666666667,0.000333333333333333,329600
0,0,0,0,0,0,0,0.000166666666666667,0.000333333333333333,329700
0,0,0,0,0,0,0,0.000166666666666667,0.000333333333333333,329800
0,0,0,0,0,0,0,0.000166666666666667,0.000333333333333333,329900
0,0,0,0,0,0,0,0.000166666666666667,0.000333333333333333,330000
0,0,0,0,0,0,0,0.000166666666666667,0.000333333333333333,330100
0,0,0,0,0,0,0,0.000166666666666667,0.000333333333333333,330200
0,0,0,0,0,0,0,0.000166666666666667,0.000333333333333333,330300
0,0,0,0,0,0,0,0.000166666666666667,0.000333333333333333,330400
0,0,0,0,0,0,0,0.000166666666666667,0.000333333333333333,330500
0,0,0,0,0,0,0,0.000166666666666667,0.000333333333333333,330600
0,0,0,0,0,0,0,0.000166666666666667,0.000333333333333333,330700
0,0,0,0,0,0,0,0.000166666666666667,0.000333333333333333,330800
0,0,0,0,0,0,0,0.000166666666666667,0.000333333333333333,330900
0,0,0,0,0,0,0,0.000166666666666667,0.000333333333333333,331000
0,0,0,0,0,0,0,0.000166666666666667,0.000333333333333333,331100
0,0,0,0,0,0,0,0.000166666666666667,0.000333333333333333,331200
0,0,0,0,0,0,0,0.000166666666666667,0.000333333333333333,331300
0,0,0,0,0,0,0,0.000166666666666667,0.000333333333333333,331400
0,0,0,0,0,0,0,0.000166666666666667,0.000333333333333333,331500
0,0,0,0,0,0,0,0.000166666666666667,0.000333333333333333,331600
0,0,0,0,0,0,0,0.000166666666666667,0.000333333333333333,331700
0,0,0,0,0,0,0,0.000166666666666667,0.000333333333333333,331800
0,0,0,0,0,0,0,0.000166666666666667,0.000333333333333333,331900
0,0,0,0,0,0,0,0.000166666666666667,0.000333333333333333,332000
0,0,0,0,0,0,0,0.000166666666666667,0.000333333333333333,332100
0,0,0,0,0,0,0,0.000166666666666667,0.000333333333333333,332200
0,0,0,0,0,0,0,0.000166666666666667,0.000333333333333333,332300
0,0,0,0,0,0,0,0.000166666666666667,0.000333333333333333,332400
0,0,0,0,0,0,0,0.000166666666666667,0.000333333333333333,332500
0,0,0,0,0,0,0,0.000166666666666667,0.000333333333333333,332600
0,0,0,0,0,0,0,0.000166666666666667,0.000333333333333333,332700
0,0,0,0,0,0,0,0.000166666666666667,0.000333333333333333,332800
0,0,0,0,0,0,0,0.000166666666666667,0.000333333333333333,332900
0,0,0,0,0,0,0,0.000166666666666667,0.000333333333333333,333000
0,0,0,0,0,0,0,0.000166666666666667,0.000333333333333333,333100
0,0,0,0,0,0,0,0.000166666666666667,0.000333333333333333,333200
0,0,0,0,0,0,0,0.000166666666666667,0.000333333333333333,333300
0,0,0,0,0,0,0,0.000166666666666667,0.000333333333333333,333400
0,0,0,0,0,0,0,0.000166666666666667,0.000333333333333333,333500
0,0,0,0,0,0,0,0.000166666666666667,0.000333333333333333,333600
0,0,0,0,0,0,0,0.000166666666666667,0.000333333333333333,333700
0,0,0,0,0,0,0,0.000166666666666667,0.000333333333333333,333800
0,0,0,0,0,0,0,0.000166666666666667,0.000333333333333333,333900
0,0,0,0,0,0,0,0.000166666666666667,0.000333333333333333,334000
0,0,0,0,0,0,0,0.000166666666666667,0.000333333333333333,334100
0,0,0,0,0,0,0,0.000166666666666667,0.000333333333333333,334200
0,0,0,0,0,0,0,0.000166666666666667,0.000333333333333333,334300
0,0,0,0,0,0,0,0.000166666666666667,0.000333333333333333,334400
0,0,0,0,0,0,0,0.000166666666666667,0.000333333333333333,334500
0,0,0,0,0,0,0,0.000166666666666667,0.000333333333333333,334600
0,0,0,0,0,0,0,0.000166666666666667,0.000333333333333333,334700
0,0,0,0,0,0,0,0.000166666666666667,0.000333333333333333,334800
0,0,0,0,0,0,0,0.000166666666666667,0.000333333333333333,334900
0,0,0,0,0,0,0,0.000166666666666667,0.000333333333333333,335000
0,0,0,0,0,0,0,0.000166666666666667,0.000333333333333333,335100
0,0,0,0,0,0,0,0.000166666666666667,0.000333333333333333,335200
0,0,0,0,0,0,0,0.000166666666666667,0.000333333333333333,335300
0,0,0,0,0,0,0,0.000166666666666667,0.000333333333333333,335400
0,0,0,0,0,0,0,0.000166666666666667,0.000333333333333333,335500
0,0,0,0,0,0,0,0.000166666666666667,0.000333333333333333,335600
0,0,0,0,0,0,0,0.000166666666666667,0.000333333333333333,335700
0,0,0,0,0,0,0,0.000166666666666667,0.000333333333333333,335800
0,0,0,0,0,0,0,0.000166666666666667,0.000333333333333333,335900
0,0,0,0,0,0,0,0.000166666666666667,0.000333333333333333,336000
0,0,0,0,0,0,0,0.000166666666666667,0.000333333333333333,336100
0,0,0,0,0,0,0,0.000166666666666667,0.000333333333333333,336200
0,0,0,0,0,0,0,0.000166666666666667,0.000333333333333333,336300
0,0,0,0,0,0,0,0.000166666666666667,0.000333333333333333,336400
0,0,0,0,0,0,0,0.000166666666666667,0.000333333333333333,336500
0,0,0,0,0,0,0,0.000166666666666667,0.000333333333333333,336600
0,0,0,0,0,0,0,0.000166666666666667,0.000333333333333333,336700
0,0,0,0,0,0,0,0.000166666666666667,0.000333333333333333,336800
0,0,0,0,0,0,0,0.000166666666666667,0.000333333333333333,336900
0,0,0,0,0,0,0,0.000166666666666667,0.000333333333333333,337000
0,0,0,0,0,0,0,0.000166666666666667,0.000333333333333333,337100
0,0,0,0,0,0,0,0.000166666666666667,0.000333333333333333,337200
0,0,0,0,0,0,0,0.000166666666666667,0.000333333333333333,337300
0,0,0,0,0,0,0,0.000166666666666667,0.000333333333333333,337400
0,0,0,0,0,0,0,0.000166666666666667,0.000333333333333333,337500
0,0,0,0,0,0,0,0.000166666666666667,0.000333333333333333,337600
0,0,0,0,0,0,0,0.000166666666666667,0.000333333333333333,337700
0,0,0,0,0,0,0,0.000166666666666667,0.000333333333333333,337800
0,0,0,0,0,0,0,0.000166666666666667,0.000333333333333333,337900
0,0,0,0,0,0,0,0.000166666666666667,0.000333333333333333,338000
0,0,0,0,0,0,0,0.000166666666666667,0.000333333333333333,338100
0,0,0,0,0,0,0,0.000166666666666667,0.000333333333333333,338200
0,0,0,0,0,0,0,0.000166666666666667,0.000333333333333333,338300
0,0,0,0,0,0,0,0.000166666666666667,0.000333333333333333,338400
0,0,0,0,0,0,0,0.000166666666666667,0.000333333333333333,338500
0,0,0,0,0,0,0,0.000166666666666667,0.000333333333333333,338600
0,0,0,0,0,0,0,0.000166666666666667,0.000333333333333333,338700
0,0,0,0,0,0,0,0.000166666666666667,0.000333333333333333,338800
0,0,0,0,0,0,0,0.000166666666666667,0.000333333333333333,338900
0,0,0,0,0,0,0,0.000166666666666667,0.000333333333333333,339000
0,0,0,0,0,0,0,0.000166666666666667,0.000333333333333333,339100
0,0,0,0,0,0,0,0.000166666666666667,0.000333333333333333,339200
0,0,0,0,0,0,0,0.000166666666666667,0.000333333333333333,339300
0,0,0,0,0,0,0,0.000166666666666667,0.000333333333333333,339400
0,0,0,0,0,0,0,0.000166666666666667,0.000333333333333333,339500
0,0,0,0,0,0,0,0.000166666666666667,0.000333333333333333,339600
0,0,0,0,0,0,0,0.000166666666666667,0.000333333333333333,339700
0,0,0,0,0,0,0,0.000166666666666667,0.000333333333333333,339800
0,0,0,0,0,0,0,0.000166666666666667,0.000333333333333333,339900
0,0,0,0,0,0,0,0.000166666666666667,0.000333333333333333,340000
0,0,0,0,0,0,0,0.000166666666666667,0.000333333333333333,340100
0,0,0,0,0,0,0,0.000166666666666667,0.000333333333333333,340200
0,0,0,0,0,0,0,0.000166666666666667,0.000333333333333333,340300
0,0,0,0,0,0,0,0.000166666666666667,0.000333333333333333,340400
0,0,0,0,0,0,0,0.000166666666666667,0.000333333333333333,340500
0,0,0,0,0,0,0,0.000166666666666667,0.000333333333333333,340600
0,0,0,0,0,0,0,0.000166666666666667,0.000333333333333333,340700
0,0,0,0,0,0,0,0.000166666666666667,0.000333333333333333,340800
0,0,0,0,0,0,0,0.000166666666666667,0.000333333333333333,340900
0,0,0,0,0,0,0,0.000166666666666667,0.000333333333333333,341000
0,0,0,0,0,0,0,0.000166666666666667,0.000333333333333333,341100
0,0,0,0,0,0,0,0.000166666666666667,0.000333333333333333,341200
0,0,0,0,0,0,0,0.000166666666666667,0.000333333333333333,341300
0,0,0,0,0,0,0,0.000166666666666667,0.000333333333333333,341400
0,0,0,0,0,0,0,0.000166666666666667,0.000333333333333333,341500
0,0,0,0,0,0,0,0.000166666666666667,0.000333333333333333,341600
0,0,0,0,0,0,0,0.000166666666666667,0.000333333333333333,341700
0,0,0,0,0,0,0,0.000166666666666667,0.000333333333333333,341800
0,0,0,0,0,0,0,0.000166666666666667,0.000333333333333333,341900
0,0,0,0,0,0,0,0.000166666666666667,0.000333333333333333,342000
0,0,0,0,0,0,0,0.000166666666666667,0.000333333333333333,342100
0,0,0,0,0,0,0,0.000166666666666667,0.000333333333333333,342200
0,0,0,0,0,0,0,0.000166666666666667,0.000333333333333333,342300
0,0,0,0,0,0,0,0.000166666666666667,0.000333333333333333,342400
0,0,0,0,0,0,0,0.000166666666666667,0.000333333333333333,342500
0,0,0,0,0,0,0,0.000166666666666667,0.000333333333333333,342600
0,0,0,0,0,0,0,0.000166666666666667,0.000333333333333333,342700
0,0,0,0,0,0,0,0.000166666666666667,0.000333333333333333,342800
0,0,0,0,0,0,0,0.000166666666666667,0.000333333333333333,342900
0,0,0,0,0,0,0,0.000166666666666667,0.000333333333333333,343000
0,0,0,0,0,0,0,0.000166666666666667,0.000333333333333333,343100
0,0,0,0,0,0,0,0.000166666666666667,0.000333333333333333,343200
0,0,0,0,0,0,0,0.000166666666666667,0.000333333333333333,343300
0,0,0,0,0,0,0,0.000166666666666667,0.000333333333333333,343400
0,0,0,0,0,0,0,0.000166666666666667,0.000333333333333333,343500
0,0,0,0,0,0,0,0.000166666666666667,0.000333333333333333,343600
0,0,0,0,0,0,0,0.000166666666666667,0.000333333333333333,343700
0,0,0,0,0,0,0,0.000166666666666667,0.000333333333333333,343800
0,0,0,0,0,0,0,0.000166666666666667,0.000333333333333333,343900
0,0,0,0,0,0,0,0.000166666666666667,0.000333333333333333,344000
0,0,0,0,0,0,0,0.000166666666666667,0.000333333333333333,344100
0,0,0,0,0,0,0,0.000166666666666667,0.000333333333333333,344200
0,0,0,0,0,0,0,0.000166666666666667,0.000333333333333333,344300
0,0,0,0,0,0,0,0.000166666666666667,0.000333333333333333,344400
0,0,0,0,0,0,0,0.000166666666666667,0.000333333333333333,344500
0,0,0,0,0,0,0,0.000166666666666667,0.000333333333333333,344600
0,0,0,0,0,0,0,0.000166666666666667,0.000333333333333333,344700
0,0,0,0,0,0,0,0.000166666666666667,0.000333333333333333,344800
0,0,0,0,0,0,0,0.000166666666666667,0.000333333333333333,344900
0,0,0,0,0,0,0,0.000166666666666667,0.000333333333333333,345000
0,0,0,0,0,0,0,0.000166666666666667,0.000333333333333333,345100
0,0,0,0,0,0,0,0.000166666666666667,0.000333333333333333,345200
0,0,0,0,0,0,0,0.000166666666666667,0.000333333333333333,345300
0,0,0,0,0,0,0,0.000166666666666667,0.000333333333333333,345400
0,0,0,0,0,0,0,0.000166666666666667,0.000333333333333333,345500
0,0,0,0,0,0,0,0.000166666666666667,0.000333333333333333,345600
0,0,0,0,0,0,0,0.000166666666666667,0.000333333333333333,345700
0,0,0,0,0,0,0,0.000166666666666667,0.000333333333333333,345800
0,0,0,0,0,0,0,0.000166666666666667,0.000333333333333333,345900
0,0,0,0,0,0,0,0.000166666666666667,0.000333333333333333,346000
0,0,0,0,0,0,0,0.000166666666666667,0.000333333333333333,346100
0,0,0,0,0,0,0,0.000166666666666667,0.000333333333333333,346200
0,0,0,0,0,0,0,0.000166666666666667,0.000333333333333333,346300
0,0,0,0,0,0,0,0.000166666666666667,0.000333333333333333,346400
0,0,0,0,0,0,0,0.000166666666666667,0.000333333333333333,346500
0,0,0,0,0,0,0,0.000166666666666667,0.000333333333333333,346600
0,0,0,0,0,0,0,0.000166666666666667,0.000166666666666667,346700
0,0,0,0,0,0,0,0.000166666666666667,0.000166666666666667,346800
0,0,0,0,0,0,0,0.000166666666666667,0.000166666666666667,346900
0,0,0,0,0,0,0,0.000166666666666667,0.000166666666666667,347000
0,0,0,0,0,0,0,0.000166666666666667,0.000166666666666667,347100
0,0,0,0,0,0,0,0.000166666666666667,0.000166666666666667,347200
0,0,0,0,0,0,0,0.000166666666666667,0.000166666666666667,347300
0,0,0,0,0,0,0,0.000166666666666667,0.000166666666666667,347400
0,0,0,0,0,0,0,0.000166666666666667,0.000166666666666667,347500
0,0,0,0,0,0,0,0.000166666666666667,0.000166666666666667,347600
0,0,0,0,0,0,0,0.000166666666666667,0.000166666666666667,347700
0,0,0,0,0,0,0,0.000166666666666667,0.000166666666666667,347800
0,0,0,0,0,0,0,0.000166666666666667,0.000166666666666667,347900
0,0,0,0,0,0,0,0.000166666666666667,0.000166666666666667,348000
0,0,0,0,0,0,0,0.000166666666666667,0.000166666666666667,348100
0,0,0,0,0,0,0,0.000166666666666667,0.000166666666666667,348200
0,0,0,0,0,0,0,0.000166666666666667,0.000166666666666667,348300
0,0,0,0,0,0,0,0.000166666666666667,0.000166666666666667,348400
0,0,0,0,0,0,0,0.000166666666666667,0.000166666666666667,348500
0,0,0,0,0,0,0,0.000166666666666667,0.000166666666666667,348600
0,0,0,0,0,0,0,0.000166666666666667,0.000166666666666667,348700
0,0,0,0,0,0,0,0.000166666666666667,0.000166666666666667,348800
0,0,0,0,0,0,0,0.000166666666666667,0.000166666666666667,348900
0,0,0,0,0,0,0,0.000166666666666667,0.000166666666666667,349000
0,0,0,0,0,0,0,0.000166666666666667,0.000166666666666667,349100
0,0,0,0,0,0,0,0.000166666666666667,0.000166666666666667,349200
0,0,0,0,0,0,0,0.000166666666666667,0.000166666666666667,349300
0,0,0,0,0,0,0,0.000166666666666667,0.000166666666666667,349400
0,0,0,0,0,0,0,0.000166666666666667,0.000166666666666667,349500
0,0,0,0,0,0,0,0.000166666666666667,0.000166666666666667,349600
0,0,0,0,0,0,0,0.000166666666666667,0.000166666666666667,349700
0,0,0,0,0,0,0,0.000166666666666667,0.000166666666666667,349800
0,0,0,0,0,0,0,0.000166666666666667,0.000166666666666667,349900
0,0,0,0,0,0,0,0.000166666666666667,0.000166666666666667,350000
0,0,0,0,0,0,0,0.000166666666666667,0.000166666666666667,350100
0,0,0,0,0,0,0,0.000166666666666667,0.000166666666666667,350200
0,0,0,0,0,0,0,0.000166666666666667,0.000166666666666667,350300
0,0,0,0,0,0,0,0.000166666666666667,0.000166666666666667,350400
0,0,0,0,0,0,0,0.000166666666666667,0.000166666666666667,350500
0,0,0,0,0,0,0,0.000166666666666667,0.000166666666666667,350600
0,0,0,0,0,0,0,0.000166666666666667,0.000166666666666667,350700
0,0,0,0,0,0,0,0.000166666666666667,0.000166666666666667,350800
0,0,0,0,0,0,0,0.000166666666666667,0.000166666666666667,350900
0,0,0,0,0,0,0,0.000166666666666667,0.000166666666666667,351000
0,0,0,0,0,0,0,0.000166666666666667,0.000166666666666667,351100
0,0,0,0,0,0,0,0.000166666666666667,0.000166666666666667,351200
0,0,0,0,0,0,0,0.000166666666666667,0.000166666666666667,351300
0,0,0,0,0,0,0,0.000166666666666667,0.000166666666666667,351400
0,0,0,0,0,0,0,0.000166666666666667,0.000166666666666667,351500
0,0,0,0,0,0,0,0.000166666666666667,0.000166666666666667,351600
0,0,0,0,0,0,0,0.000166666666666667,0.000166666666666667,351700
0,0,0,0,0,0,0,0.000166666666666667,0.000166666666666667,351800
0,0,0,0,0,0,0,0.000166666666666667,0.000166666666666667,351900
0,0,0,0,0,0,0,0.000166666666666667,0.000166666666666667,352000
0,0,0,0,0,0,0,0.000166666666666667,0.000166666666666667,352100
0,0,0,0,0,0,0,0.000166666666666667,0.000166666666666667,352200
0,0,0,0,0,0,0,0.000166666666666667,0.000166666666666667,352300
0,0,0,0,0,0,0,0.000166666666666667,0.000166666666666667,352400
0,0,0,0,0,0,0,0.000166666666666667,0.000166666666666667,352500
0,0,0,0,0,0,0,0.000166666666666667,0.000166666666666667,352600
0,0,0,0,0,0,0,0.000166666666666667,0.000166666666666667,352700
0,0,0,0,0,0,0,0.000166666666666667,0.000166666666666667,352800
0,0,0,0,0,0,0,0.000166666666666667,0.000166666666666667,352900
0,0,0,0,0,0,0,0.000166666666666667,0.000166666666666667,353000
0,0,0,0,0,0,0,0.000166666666666667,0.000166666666666667,353100
0,0,0,0,0,0,0,0.000166666666666667,0.000166666666666667,353200
0,0,0,0,0,0,0,0.000166666666666667,0.000166666666666667,353300
0,0,0,0,0,0,0,0.000166666666666667,0.000166666666666667,353400
0,0,0,0,0,0,0,0.000166666666666667,0.000166666666666667,353500
0,0,0,0,0,0,0,0.000166666666666667,0.000166666666666667,353600
0,0,0,0,0,0,0,0.000166666666666667,0.000166666666666667,353700
0,0,0,0,0,0,0,0.000166666666666667,0.000166666666666667,353800
0,0,0,0,0,0,0,0.000166666666666667,0.000166666666666667,353900
0,0,0,0,0,0,0,0.000166666666666667,0.000166666666666667,354000
0,0,0,0,0,0,0,0.000166666666666667,0.000166666666666667,354100
0,0,0,0,0,0,0,0.000166666666666667,0.000166666666666667,354200
0,0,0,0,0,0,0,0.000166666666666667,0.000166666666666667,354300
0,0,0,0,0,0,0,0.000166666666666667,0.000166666666666667,354400
0,0,0,0,0,0,0,0.000166666666666667,0.000166666666666667,354500
0,0,0,0,0,0,0,0.000166666666666667,0.000166666666666667,354600
0,0,0,0,0,0,0,0.000166666666666667,0.000166666666666667,354700
0,0,0,0,0,0,0,0.000166666666666667,0.000166666666666667,354800
0,0,0,0,0,0,0,0.000166666666666667,0.000166666666666667,354900
0,0,0,0,0,0,0,0.000166666666666667,0.000166666666666667,355000
0,0,0,0,0,0,0,0.000166666666666667,0.000166666666666667,355100
0,0,0,0,0,0,0,0.000166666666666667,0.000166666666666667,355200
0,0,0,0,0,0,0,0.000166666666666667,0.000166666666666667,355300
0,0,0,0,0,0,0,0,0.000166666666666667,355400
0,0,0,0,0,0,0,0,0.000166666666666667,355500
0,0,0,0,0,0,0,0,0.000166666666666667,355600
0,0,0,0,0,0,0,0,0.000166666666666667,355700
0,0,0,0,0,0,0,0,0.000166666666666667,355800
0,0,0,0,0,0,0,0,0.000166666666666667,355900
0,0,0,0,0,0,0,0,0.000166666666666667,356000
0,0,0,0,0,0,0,0,0.000166666666666667,356100
0,0,0,0,0,0,0,0,0.000166666666666667,356200
0,0,0,0,0,0,0,0,0.000166666666666667,356300
0,0,0,0,0,0,0,0,0.000166666666666667,356400
0,0,0,0,0,0,0,0,0.000166666666666667,356500
0,0,0,0,0,0,0,0,0.000166666666666667,356600
0,0,0,0,0,0,0,0,0.000166666666666667,356700
0,0,0,0,0,0,0,0,0.000166666666666667,356800
0,0,0,0,0,0,0,0,0.000166666666666667,356900
0,0,0,0,0,0,0,0,0.000166666666666667,357000
0,0,0,0,0,0,0,0,0.000166666666666667,357100
0,0,0,0,0,0,0,0,0.000166666666666667,357200
0,0,0,0,0,0,0,0,0.000166666666666667,357300
0,0,0,0,0,0,0,0,0.000166666666666667,357400
0,0,0,0,0,0,0,0,0.000166666666666667,357500
0,0,0,0,0,0,0,0,0.000166666666666667,357600
0,0,0,0,0,0,0,0,0.000166666666666667,357700
0,0,0,0,0,0,0,0,0.000166666666666667,357800
0,0,0,0,0,0,0,0,0.000166666666666667,357900
0,0,0,0,0,0,0,0,0.000166666666666667,358000
0,0,0,0,0,0,0,0,0.000166666666666667,358100
0,0,0,0,0,0,0,0,0.000166666666666667,358200
0,0,0,0,0,0,0,0,0.000166666666666667,358300
0,0,0,0,0,0,0,0,0.000166666666666667,358400
0,0,0,0,0,0,0,0,0.000166666666666667,358500
0,0,0,0,0,0,0,0,0.000166666666666667,358600
0,0,0,0,0,0,0,0,0.000166666666666667,358700
0,0,0,0,0,0,0,0,0.000166666666666667,358800
0,0,0,0,0,0,0,0,0.000166666666666667,358900
0,0,0,0,0,0,0,0,0.000166666666666667,359000
0,0,0,0,0,0,0,0,0.000166666666666667,359100
0,0,0,0,0,0,0,0,0.000166666666666667,359200
0,0,0,0,0,0,0,0,0.000166666666666667,359300
0,0,0,0,0,0,0,0,0.000166666666666667,359400
0,0,0,0,0,0,0,0,0.000166666666666667,359500
0,0,0,0,0,0,0,0,0.000166666666666667,359600
0,0,0,0,0,0,0,0,0.000166666666666667,359700
0,0,0,0,0,0,0,0,0.000166666666666667,359800
0,0,0,0,0,0,0,0,0.000166666666666667,359900
0,0,0,0,0,0,0,0,0.000166666666666667,360000
0,0,0,0,0,0,0,0,0.000166666666666667,360100
0,0,0,0,0,0,0,0,0.000166666666666667,360200
0,0,0,0,0,0,0,0,0.000166666666666667,360300
0,0,0,0,0,0,0,0,0.000166666666666667,360400
0,0,0,0,0,0,0,0,0.000166666666666667,360500
0,0,0,0,0,0,0,0,0.000166666666666667,360600
0,0,0,0,0,0,0,0,0.000166666666666667,360700
0,0,0,0,0,0,0,0,0.000166666666666667,360800
0,0,0,0,0,0,0,0,0.000166666666666667,360900
0,0,0,0,0,0,0,0,0.000166666666666667,361000
0,0,0,0,0,0,0,0,0.000166666666666667,361100
0,0,0,0,0,0,0,0,0.000166666666666667,361200
0,0,0,0,0,0,0,0,0.000166666666666667,361300
0,0,0,0,0,0,0,0,0.000166666666666667,361400
0,0,0,0,0,0,0,0,0.000166666666666667,361500
0,0,0,0,0,0,0,0,0.000166666666666667,361600
0,0,0,0,0,0,0,0,0.000166666666666667,361700
0,0,0,0,0,0,0,0,0.000166666666666667,361800
0,0,0,0,0,0,0,0,0.000166666666666667,361900
0,0,0,0,0,0,0,0,0.000166666666666667,362000
0,0,0,0,0,0,0,0,0.000166666666666667,362100
0,0,0,0,0,0,0,0,0.000166666666666667,362200
0,0,0,0,0,0,0,0,0.000166666666666667,362300
0,0,0,0,0,0,0,0,0.000166666666666667,362400
0,0,0,0,0,0,0,0,0.000166666666666667,362500
0,0,0,0,0,0,0,0,0.000166666666666667,362600
0,0,0,0,0,0,0,0,0.000166666666666667,362700
0,0,0,0,0,0,0,0,0.000166666666666667,362800
0,0,0,0,0,0,0,0,0.000166666666666667,362900
0,0,0,0,0,0,0,0,0.000166666666666667,363000
0,0,0,0,0,0,0,0,0.000166666666666667,363100
0,0,0,0,0,0,0,0,0.000166666666666667,363200
0,0,0,0,0,0,0,0,0.000166666666666667,363300
0,0,0,0,0,0,0,0,0.000166666666666667,363400
0,0,0,0,0,0,0,0,0.000166666666666667,363500
0,0,0,0,0,0,0,0,0.000166666666666667,363600
0,0,0,0,0,0,0,0,0.000166666666666667,363700
0,0,0,0,0,0,0,0,0.000166666666666667,363800
0,0,0,0,0,0,0,0,0.000166666666666667,363900
0,0,0,0,0,0,0,0,0.000166666666666667,364000
0,0,0,0,0,0,0,0,0.000166666666666667,364100
0,0,0,0,0,0,0,0,0.000166666666666667,364200
0,0,0,0,0,0,0,0,0.000166666666666667,364300
0,0,0,0,0,0,0,0,0.000166666666666667,364400
0,0,0,0,0,0,0,0,0.000166666666666667,364500
0,0,0,0,0,0,0,0,0.000166666666666667,364600
0,0,0,0,0,0,0,0,0.000166666666666667,364700
0,0,0,0,0,0,0,0,0.000166666666666667,364800
0,0,0,0,0,0,0,0,0.000166666666666667,364900
0,0,0,0,0,0,0,0,0.000166666666666667,365000
0,0,0,0,0,0,0,0,0.000166666666666667,365100
0,0,0,0,0,0,0,0,0.000166666666666667,365200
0,0,0,0,0,0,0,0,0.000166666666666667,365300
0,0,0,0,0,0,0,0,0.000166666666666667,365400
0,0,0,0,0,0,0,0,0.000166666666666667,365500
0,0,0,0,0,0,0,0,0.000166666666666667,365600
0,0,0,0,0,0,0,0,0.000166666666666667,365700
0,0,0,0,0,0,0,0,0.000166666666666667,365800
0,0,0,0,0,0,0,0,0.000166666666666667,365900
0,0,0,0,0,0,0,0,0.000166666666666667,366000
0,0,0,0,0,0,0,0,0.000166666666666667,366100
0,0,0,0,0,0,0,0,0.000166666666666667,366200
0,0,0,0,0,0,0,0,0.000166666666666667,366300
0,0,0,0,0,0,0,0,0.000166666666666667,366400
0,0,0,0,0,0,0,0,0.000166666666666667,366500
0,0,0,0,0,0,0,0,0.000166666666666667,366600
0,0,0,0,0,0,0,0,0.000166666666666667,366700
0,0,0,0,0,0,0,0,0.000166666666666667,366800
0,0,0,0,0,0,0,0,0.000166666666666667,366900
0,0,0,0,0,0,0,0,0.000166666666666667,367000
0,0,0,0,0,0,0,0,0.000166666666666667,367100
0,0,0,0,0,0,0,0,0.000166666666666667,367200
0,0,0,0,0,0,0,0,0.000166666666666667,367300
0,0,0,0,0,0,0,0,0.000166666666666667,367400
0,0,0,0,0,0,0,0,0.000166666666666667,367500
0,0,0,0,0,0,0,0,0.000166666666666667,367600
0,0,0,0,0,0,0,0,0.000166666666666667,367700
0,0,0,0,0,0,0,0,0.000166666666666667,367800
0,0,0,0,0,0,0,0,0.000166666666666667,367900
0,0,0,0,0,0,0,0,0.000166666666666667,368000
0,0,0,0,0,0,0,0,0.000166666666666667,368100
0,0,0,0,0,0,0,0,0.000166666666666667,368200
0,0,0,0,0,0,0,0,0.000166666666666667,368300
0,0,0,0,0,0,0,0,0.000166666666666667,368400
0,0,0,0,0,0,0,0,0.000166666666666667,368500
0,0,0,0,0,0,0,0,0.000166666666666667,368600
0,0,0,0,0,0,0,0,0.000166666666666667,368700
0,0,0,0,0,0,0,0,0.000166666666666667,368800
0,0,0,0,0,0,0,0,0.000166666666666667,368900
0,0,0,0,0,0,0,0,0.000166666666666667,369000
0,0,0,0,0,0,0,0,0.000166666666666667,369100
0,0,0,0,0,0,0,0,0.000166666666666667,369200
0,0,0,0,0,0,0,0,0.000166666666666667,369300
0,0,0,0,0,0,0,0,0.000166666666666667,369400
0,0,0,0,0,0,0,0,0.000166666666666667,369500
0,0,0,0,0,0,0,0,0.000166666666666667,369600
0,0,0,0,0,0,0,0,0.000166666666666667,369700
0,0,0,0,0,0,0,0,0.000166666666666667,369800
0,0,0,0,0,0,0,0,0.000166666666666667,369900
0,0,0,0,0,0,0,0,0.000166666666666667,370000
0,0,0,0,0,0,0,0,0.000166666666666667,370100
0,0,0,0,0,0,0,0,0.000166666666666667,370200
0,0,0,0,0,0,0,0,0.000166666666666667,370300
0,0,0,0,0,0,0,0,0.000166666666666667,370400
0,0,0,0,0,0,0,0,0.000166666666666667,370500
0,0,0,0,0,0,0,0,0.000166666666666667,370600
0,0,0,0,0,0,0,0,0.000166666666666667,370700
0,0,0,0,0,0,0,0,0.000166666666666667,370800
0,0,0,0,0,0,0,0,0.000166666666666667,370900
0,0,0,0,0,0,0,0,0.000166666666666667,371000
0,0,0,0,0,0,0,0,0.000166666666666667,371100
0,0,0,0,0,0,0,0,0.000166666666666667,371200
0,0,0,0,0,0,0,0,0.000166666666666667,371300
0,0,0,0,0,0,0,0,0.000166666666666667,371400
0,0,0,0,0,0,0,0,0.000166666666666667,371500
0,0,0,0,0,0,0,0,0.000166666666666667,371600
0,0,0,0,0,0,0,0,0.000166666666666667,371700
0,0,0,0,0,0,0,0,0.000166666666666667,371800
0,0,0,0,0,0,0,0,0.000166666666666667,371900
0,0,0,0,0,0,0,0,0.000166666666666667,372000
0,0,0,0,0,0,0,0,0.000166666666666667,372100
0,0,0,0,0,0,0,0,0.000166666666666667,372200
0,0,0,0,0,0,0,0,0.000166666666666667,372300
0,0,0,0,0,0,0,0,0.000166666666666667,372400
0,0,0,0,0,0,0,0,0.000166666666666667,372500
0,0,0,0,0,0,0,0,0.000166666666666667,372600
0,0,0,0,0,0,0,0,0.000166666666666667,372700
0,0,0,0,0,0,0,0,0.000166666666666667,372800
0,0,0,0,0,0,0,0,0.000166666666666667,372900
0,0,0,0,0,0,0,0,0.000166666666666667,373000
0,0,0,0,0,0,0,0,0.000166666666666667,373100
0,0,0,0,0,0,0,0,0.000166666666666667,373200
0,0,0,0,0,0,0,0,0.000166666666666667,373300
0,0,0,0,0,0,0,0,0.000166666666666667,373400
0,0,0,0,0,0,0,0,0.000166666666666667,373500
0,0,0,0,0,0,0,0,0.000166666666666667,373600
0,0,0,0,0,0,0,0,0.000166666666666667,373700
0,0,0,0,0,0,0,0,0.000166666666666667,373800
0,0,0,0,0,0,0,0,0.000166666666666667,373900
0,0,0,0,0,0,0,0,0.000166666666666667,374000
0,0,0,0,0,0,0,0,0.000166666666666667,374100
0,0,0,0,0,0,0,0,0.000166666666666667,374200
0,0,0,0,0,0,0,0,0.000166666666666667,374300
0,0,0,0,0,0,0,0,0.000166666666666667,374400
0,0,0,0,0,0,0,0,0.000166666666666667,374500
0,0,0,0,0,0,0,0,0.000166666666666667,374600
0,0,0,0,0,0,0,0,0.000166666666666667,374700
0,0,0,0,0,0,0,0,0.000166666666666667,374800
0,0,0,0,0,0,0,0,0.000166666666666667,374900
0,0,0,0,0,0,0,0,0.000166666666666667,375000
0,0,0,0,0,0,0,0,0.000166666666666667,375100
0,0,0,0,0,0,0,0,0.000166666666666667,375200
0,0,0,0,0,0,0,0,0.000166666666666667,375300
0,0,0,0,0,0,0,0,0.000166666666666667,375400
0,0,0,0,0,0,0,0,0.000166666666666667,375500
0,0,0,0,0,0,0,0,0.000166666666666667,375600
0,0,0,0,0,0,0,0,0.000166666666666667,375700
0,0,0,0,0,0,0,0,0.000166666666666667,375800
0,0,0,0,0,0,0,0,0.000166666666666667,375900
0,0,0,0,0,0,0,0,0.000166666666666667,376000
0,0,0,0,0,0,0,0,0.000166666666666667,376100
0,0,0,0,0,0,0,0,0.000166666666666667,376200
0,0,0,0,0,0,0,0,0.000166666666666667,376300
0,0,0,0,0,0,0,0,0.000166666666666667,376400
0,0,0,0,0,0,0,0,0.000166666666666667,376500
0,0,0,0,0,0,0,0,0.000166666666666667,376600
0,0,0,0,0,0,0,0,0.000166666666666667,376700
0,0,0,0,0,0,0,0,0.000166666666666667,376800
0,0,0,0,0,0,0,0,0.000166666666666667,376900
0,0,0,0,0,0,0,0,0.000166666666666667,377000
0,0,0,0,0,0,0,0,0.000166666666666667,377100
0,0,0,0,0,0,0,0,0.000166666666666667,377200
0,0,0,0,0,0,0,0,0.000166666666666667,377300
0,0,0,0,0,0,0,0,0.000166666666666667,377400
0,0,0,0,0,0,0,0,0.000166666666666667,377500
0,0,0,0,0,0,0,0,0.000166666666666667,377600
0,0,0,0,0,0,0,0,0.000166666666666667,377700
0,0,0,0,0,0,0,0,0.000166666666666667,377800
0,0,0,0,0,0,0,0,0.000166666666666667,377900
0,0,0,0,0,0,0,0,0.000166666666666667,378000
0,0,0,0,0,0,0,0,0.000166666666666667,378100
0,0,0,0,0,0,0,0,0.000166666666666667,378200
0,0,0,0,0,0,0,0,0.000166666666666667,378300
0,0,0,0,0,0,0,0,0.000166666666666667,378400
0,0,0,0,0,0,0,0,0.000166666666666667,378500
0,0,0,0,0,0,0,0,0.000166666666666667,378600
0,0,0,0,0,0,0,0,0.000166666666666667,378700
0,0,0,0,0,0,0,0,0.000166666666666667,378800
0,0,0,0,0,0,0,0,0.000166666666666667,378900
0,0,0,0,0,0,0,0,0.000166666666666667,379000
0,0,0,0,0,0,0,0,0.000166666666666667,379100
0,0,0,0,0,0,0,0,0.000166666666666667,379200
0,0,0,0,0,0,0,0,0.000166666666666667,379300
0,0,0,0,0,0,0,0,0.000166666666666667,379400
0,0,0,0,0,0,0,0,0.000166666666666667,379500
0,0,0,0,0,0,0,0,0.000166666666666667,379600
0,0,0,0,0,0,0,0,0.000166666666666667,379700
0,0,0,0,0,0,0,0,0.000166666666666667,379800
0,0,0,0,0,0,0,0,0.000166666666666667,379900
0,0,0,0,0,0,0,0,0.000166666666666667,380000
0,0,0,0,0,0,0,0,0.000166666666666667,380100
0,0,0,0,0,0,0,0,0.000166666666666667,380200
0,0,0,0,0,0,0,0,0.000166666666666667,380300
0,0,0,0,0,0,0,0,0.000166666666666667,380400
0,0,0,0,0,0,0,0,0.000166666666666667,380500
0,0,0,0,0,0,0,0,0.000166666666666667,380600
0,0,0,0,0,0,0,0,0.000166666666666667,380700
0,0,0,0,0,0,0,0,0.000166666666666667,380800
0,0,0,0,0,0,0,0,0.000166666666666667,380900
0,0,0,0,0,0,0,0,0.000166666666666667,381000
0,0,0,0,0,0,0,0,0.000166666666666667,381100
0,0,0,0,0,0,0,0,0.000166666666666667,381200
0,0,0,0,0,0,0,0,0.000166666666666667,381300
0,0,0,0,0,0,0,0,0.000166666666666667,381400
0,0,0,0,0,0,0,0,0.000166666666666667,381500
0,0,0,0,0,0,0,0,0.000166666666666667,381600
0,0,0,0,0,0,0,0,0.000166666666666667,381700
0,0,0,0,0,0,0,0,0.000166666666666667,381800
0,0,0,0,0,0,0,0,0.000166666666666667,381900
0,0,0,0,0,0,0,0,0.000166666666666667,382000
0,0,0,0,0,0,0,0,0.000166666666666667,382100
0,0,0,0,0,0,0,0,0.000166666666666667,382200
0,0,0,0,0,0,0,0,0.000166666666666667,382300
0,0,0,0,0,0,0,0,0.000166666666666667,382400
0,0,0,0,0,0,0,0,0.000166666666666667,382500
0,0,0,0,0,0,0,0,0.000166666666666667,382600
0,0,0,0,0,0,0,0,0.000166666666666667,382700
0,0,0,0,0,0,0,0,0.000166666666666667,382800
0,0,0,0,0,0,0,0,0.000166666666666667,382900
0,0,0,0,0,0,0,0,0.000166666666666667,383000
0,0,0,0,0,0,0,0,0.000166666666666667,383100
0,0,0,0,0,0,0,0,0.000166666666666667,383200
0,0,0,0,0,0,0,0,0.000166666666666667,383300
0,0,0,0,0,0,0,0,0.000166666666666667,383400
0,0,0,0,0,0,0,0,0.000166666666666667,383500
0,0,0,0,0,0,0,0,0.000166666666666667,383600
0,0,0,0,0,0,0,0,0.000166666666666667,383700
0,0,0,0,0,0,0,0,0.000166666666666667,383800
0,0,0,0,0,0,0,0,0.000166666666666667,383900
0,0,0,0,0,0,0,0,0.000166666666666667,384000
0,0,0,0,0,0,0,0,0.000166666666666667,384100
0,0,0,0,0,0,0,0,0.000166666666666667,384200
0,0,0,0,0,0,0,0,0.000166666666666667,384300
0,0,0,0,0,0,0,0,0.000166666666666667,384400
0,0,0,0,0,0,0,0,0.000166666666666667,384500
0,0,0,0,0,0,0,0,0.000166666666666667,384600
0,0,0,0,0,0,0,0,0.000166666666666667,384700
0,0,0,0,0,0,0,0,0.000166666666666667,384800
0,0,0,0,0,0,0,0,0.000166666666666667,384900
0,0,0,0,0,0,0,0,0.000166666666666667,385000
0,0,0,0,0,0,0,0,0.000166666666666667,385100
0,0,0,0,0,0,0,0,0.000166666666666667,385200
0,0,0,0,0,0,0,0,0.000166666666666667,385300
0,0,0,0,0,0,0,0,0.000166666666666667,385400
0,0,0,0,0,0,0,0,0.000166666666666667,385500
0,0,0,0,0,0,0,0,0.000166666666666667,385600
0,0,0,0,0,0,0,0,0.000166666666666667,385700
0,0,0,0,0,0,0,0,0.000166666666666667,385800
0,0,0,0,0,0,0,0,0.000166666666666667,385900
0,0,0,0,0,0,0,0,0.000166666666666667,386000
0,0,0,0,0,0,0,0,0.000166666666666667,386100
0,0,0,0,0,0,0,0,0.000166666666666667,386200
0,0,0,0,0,0,0,0,0.000166666666666667,386300
0,0,0,0,0,0,0,0,0.000166666666666667,386400
0,0,0,0,0,0,0,0,0.000166666666666667,386500
0,0,0,0,0,0,0,0,0.000166666666666667,386600
0,0,0,0,0,0,0,0,0.000166666666666667,386700
0,0,0,0,0,0,0,0,0.000166666666666667,386800
0,0,0,0,0,0,0,0,0.000166666666666667,386900
0,0,0,0,0,0,0,0,0.000166666666666667,387000
0,0,0,0,0,0,0,0,0.000166666666666667,387100
0,0,0,0,0,0,0,0,0.000166666666666667,387200
0,0,0,0,0,0,0,0,0.000166666666666667,387300
0,0,0,0,0,0,0,0,0.000166666666666667,387400
0,0,0,0,0,0,0,0,0.000166666666666667,387500
0,0,0,0,0,0,0,0,0.000166666666666667,387600
0,0,0,0,0,0,0,0,0.000166666666666667,387700
0,0,0,0,0,0,0,0,0.000166666666666667,387800
0,0,0,0,0,0,0,0,0.000166666666666667,387900
0,0,0,0,0,0,0,0,0.000166666666666667,388000
0,0,0,0,0,0,0,0,0.000166666666666667,388100
0,0,0,0,0,0,0,0,0.000166666666666667,388200
0,0,0,0,0,0,0,0,0.000166666666666667,388300
0,0,0,0,0,0,0,0,0.000166666666666667,388400
0,0,0,0,0,0,0,0,0.000166666666666667,388500
0,0,0,0,0,0,0,0,0.000166666666666667,388600
0,0,0,0,0,0,0,0,0.000166666666666667,388700
0,0,0,0,0,0,0,0,0.000166666666666667,388800
0,0,0,0,0,0,0,0,0.000166666666666667,388900
0,0,0,0,0,0,0,0,0.000166666666666667,389000
0,0,0,0,0,0,0,0,0.000166666666666667,389100
0,0,0,0,0,0,0,0,0.000166666666666667,389200
0,0,0,0,0,0,0,0,0.000166666666666667,389300
0,0,0,0,0,0,0,0,0.000166666666666667,389400
0,0,0,0,0,0,0,0,0.000166666666666667,389500
0,0,0,0,0,0,0,0,0.000166666666666667,389600
0,0,0,0,0,0,0,0,0.000166666666666667,389700
0,0,0,0,0,0,0,0,0.000166666666666667,389800
0,0,0,0,0,0,0,0,0.000166666666666667,389900
0,0,0,0,0,0,0,0,0.000166666666666667,390000
0,0,0,0,0,0,0,0,0.000166666666666667,390100
0,0,0,0,0,0,0,0,0.000166666666666667,390200
0,0,0,0,0,0,0,0,0.000166666666666667,390300
0,0,0,0,0,0,0,0,0.000166666666666667,390400
0,0,0,0,0,0,0,0,0.000166666666666667,390500
0,0,0,0,0,0,0,0,0.000166666666666667,390600
0,0,0,0,0,0,0,0,0.000166666666666667,390700
0,0,0,0,0,0,0,0,0.000166666666666667,390800
0,0,0,0,0,0,0,0,0.000166666666666667,390900
0,0,0,0,0,0,0,0,0.000166666666666667,391000
0,0,0,0,0,0,0,0,0.000166666666666667,391100
0,0,0,0,0,0,0,0,0.000166666666666667,391200
0,0,0,0,0,0,0,0,0.000166666666666667,391300
0,0,0,0,0,0,0,0,0.000166666666666667,391400
0,0,0,0,0,0,0,0,0.000166666666666667,391500
0,0,0,0,0,0,0,0,0.000166666666666667,391600
0,0,0,0,0,0,0,0,0.000166666666666667,391700
0,0,0,0,0,0,0,0,0.000166666666666667,391800
0,0,0,0,0,0,0,0,0.000166666666666667,391900
0,0,0,0,0,0,0,0,0.000166666666666667,392000
0,0,0,0,0,0,0,0,0.000166666666666667,392100
0,0,0,0,0,0,0,0,0.000166666666666667,392200
0,0,0,0,0,0,0,0,0.000166666666666667,392300
0,0,0,0,0,0,0,0,0.000166666666666667,392400
0,0,0,0,0,0,0,0,0.000166666666666667,392500
0,0,0,0,0,0,0,0,0.000166666666666667,392600
0,0,0,0,0,0,0,0,0.000166666666666667,392700
0,0,0,0,0,0,0,0,0.000166666666666667,392800
0,0,0,0,0,0,0,0,0.000166666666666667,392900
0,0,0,0,0,0,0,0,0.000166666666666667,393000
0,0,0,0,0,0,0,0,0.000166666666666667,393100
0,0,0,0,0,0,0,0,0.000166666666666667,393200
0,0,0,0,0,0,0,0,0.000166666666666667,393300
0,0,0,0,0,0,0,0,0.000166666666666667,393400
0,0,0,0,0,0,0,0,0.000166666666666667,393500
0,0,0,0,0,0,0,0,0.000166666666666667,393600
0,0,0,0,0,0,0,0,0.000166666666666667,393700
0,0,0,0,0,0,0,0,0.000166666666666667,393800
0,0,0,0,0,0,0,0,0.000166666666666667,393900
0,0,0,0,0,0,0,0,0.000166666666666667,394000
0,0,0,0,0,0,0,0,0.000166666666666667,394100
0,0,0,0,0,0,0,0,0.000166666666666667,394200
0,0,0,0,0,0,0,0,0.000166666666666667,394300
0,0,0,0,0,0,0,0,0.000166666666666667,394400
0,0,0,0,0,0,0,0,0.000166666666666667,394500
0,0,0,0,0,0,0,0,0.000166666666666667,394600
0,0,0,0,0,0,0,0,0.000166666666666667,394700
0,0,0,0,0,0,0,0,0.000166666666666667,394800
0,0,0,0,0,0,0,0,0.000166666666666667,394900
0,0,0,0,0,0,0,0,0.000166666666666667,395000
0,0,0,0,0,0,0,0,0.000166666666666667,395100
0,0,0,0,0,0,0,0,0.000166666666666667,395200
0,0,0,0,0,0,0,0,0.000166666666666667,395300
0,0,0,0,0,0,0,0,0.000166666666666667,395400
0,0,0,0,0,0,0,0,0.000166666666666667,395500
0,0,0,0,0,0,0,0,0.000166666666666667,395600
0,0,0,0,0,0,0,0,0.000166666666666667,395700
0,0,0,0,0,0,0,0,0.000166666666666667,395800
0,0,0,0,0,0,0,0,0.000166666666666667,395900
0,0,0,0,0,0,0,0,0.000166666666666667,396000
0,0,0,0,0,0,0,0,0.000166666666666667,396100
0,0,0,0,0,0,0,0,0.000166666666666667,396200
0,0,0,0,0,0,0,0,0.000166666666666667,396300
0,0,0,0,0,0,0,0,0.000166666666666667,396400
0,0,0,0,0,0,0,0,0.000166666666666667,396500
0,0,0,0,0,0,0,0,0.000166666666666667,396600
0,0,0,0,0,0,0,0,0.000166666666666667,396700
0,0,0,0,0,0,0,0,0.000166666666666667,396800
0,0,0,0,0,0,0,0,0.000166666666666667,396900
0,0,0,0,0,0,0,0,0.000166666666666667,397000
0,0,0,0,0,0,0,0,0.000166666666666667,397100
0,0,0,0,0,0,0,0,0.000166666666666667,397200
0,0,0,0,0,0,0,0,0.000166666666666667,397300
0,0,0,0,0,0,0,0,0.000166666666666667,397400
0,0,0,0,0,0,0,0,0.000166666666666667,397500
0,0,0,0,0,0,0,0,0.000166666666666667,397600
0,0,0,0,0,0,0,0,0.000166666666666667,397700
0,0,0,0,0,0,0,0,0.000166666666666667,397800
0,0,0,0,0,0,0,0,0.000166666666666667,397900
0,0,0,0,0,0,0,0,0.000166666666666667,398000
0,0,0,0,0,0,0,0,0.000166666666666667,398100
0,0,0,0,0,0,0,0,0.000166666666666667,398200
0,0,0,0,0,0,0,0,0.000166666666666667,398300
0,0,0,0,0,0,0,0,0.000166666666666667,398400
0,0,0,0,0,0,0,0,0.000166666666666667,398500
0,0,0,0,0,0,0,0,0.000166666666666667,398600
0,0,0,0,0,0,0,0,0.000166666666666667,398700
0,0,0,0,0,0,0,0,0.000166666666666667,398800
0,0,0,0,0,0,0,0,0.000166666666666667,398900
0,0,0,0,0,0,0,0,0.000166666666666667,399000
0,0,0,0,0,0,0,0,0.000166666666666667,399100
0,0,0,0,0,0,0,0,0.000166666666666667,399200
0,0,0,0,0,0,0,0,0.000166666666666667,399300
0,0,0,0,0,0,0,0,0.000166666666666667,399400
0,0,0,0,0,0,0,0,0.000166666666666667,399500
0,0,0,0,0,0,0,0,0.000166666666666667,399600
0,0,0,0,0,0,0,0,0.000166666666666667,399700
0,0,0,0,0,0,0,0,0.000166666666666667,399800
0,0,0,0,0,0,0,0,0.000166666666666667,399900
0,0,0,0,0,0,0,0,0.000166666666666667,4e+05
0,0,0,0,0,0,0,0,0.000166666666666667,400100
