"","variable","point_estimate","Upper C.I.","converge"
"1","Tau",1.01364881191291,1.06481171803257,"false"
"2","alpha",0.999575163112596,1.00916269056646,"true"
"3","beta",0.996334025108653,1.00140730819628,"true"
"4","lnalpha",1.00733739541003,1.03102541580451,"true"
"5","lnalpha.c",0.995211185629316,1.00332919470614,"true"
"6","phi",1.0105161213335,1.04605226767237,"false"
"7","sigma",1.00915347570711,1.0532272072458,"true"
"8","sigmaw",1.03772178484967,1.12669923273703,"false"
"9","tauw",1.28980951989978,1.89262728254276,"false"
