"variable","point_estimate","Upper C.I.","converge"
"Tau",1.02409641832765,1.07664614065413,"false"
"alpha",1.02535107045841,1.1053662821447,"false"
"beta",1.02645256756774,1.10687611062588,"false"
"lnalpha",1.02399744970774,1.10325527808919,"false"
"lnalpha.c",1.01709746291205,1.08212191544319,"false"
"phi",1.01974597134663,1.06985353878706,"false"
"sigma",1.008838599981,1.0408387976833,"true"
"sigmaw",0.996498410278655,1.01039510860811,"true"
"tauw",1.19442258602502,1.34663151217323,"false"
