"variable","point_estimate","Upper C.I.","converge"
"Tau",1.0138539802382,1.06712657535056,"false"
"alpha",0.999313607747441,1.02006292105458,"true"
"beta",0.995329728736205,1.00666284342548,"true"
"lnalpha",0.997942427548849,1.0171695431407,"true"
"lnalpha.c",1.2424378498334,1.51252779025842,"false"
"phi",1.01001121869208,1.02755689491695,"false"
"sigma",1.00880841009924,1.05582810215433,"true"
"sigmaw",0.996823983714395,1.00794433316457,"true"
"tauw",1.28803744771915,2.05400668966369,"false"
