"","variable","point_estimate","Upper C.I.","converge"
"1","Tau",1.01978772833843,1.0846290696484,"false"
"2","alpha",1.10495477078692,1.21122585926731,"false"
"3","beta",1.03912524729494,1.1130807765836,"false"
"4","lnalpha",1.03508779333143,1.08731500623048,"false"
"5","lnalpha.c",1.20392106837148,1.23954401361033,"false"
"6","phi",1.01855655334506,1.07891717522365,"false"
"7","sigma",1.0181454683498,1.07940588641305,"false"
"8","sigmaw",1.00251053312594,1.02977417211597,"true"
"9","tauw",1.09969205937362,1.14975009912845,"false"
