"variable","point_estimate","Upper C.I.","converge"
"Tau",1.04343608899277,1.16587431784823,"false"
"alpha",1.00728692927096,1.02707499305914,"true"
"beta",1.01750364498589,1.06152867082351,"false"
"lnalpha",1.01102819902529,1.03823175245555,"false"
"lnalpha.c",1.00770916396894,1.02538206778184,"true"
"phi",1.03100684371194,1.07283223939788,"false"
"sigma",1.03816646801171,1.15004389931635,"false"
"sigmaw",1.02445999907038,1.0991561030835,"false"
"tauw",1.28391044365602,1.88261440460334,"false"
