"","variable","chain1","chain2","chain3"
"1","Tau",-1.50651113386945,4.35981303528425,0.982881218325777
"2","alpha",-0.769365014724559,0.811385054125152,1.53759927005378
"3","beta",-0.989910202664963,1.45137175406905,0.617527660430001
"4","lnalpha",-0.908862668773603,0.989283320128523,1.65269913150926
"5","lnalpha.c",-0.555335978017642,0.639300485092936,1.36703910434627
"6","phi",2.69346230040361,-0.856677608418963,2.45574347835558
"7","sigma",1.59335164808694,-4.74618010050936,-1.32329079464192
"8","sigmaw",2.52458904974691,2.32645828446995,-0.0547683051996222
"9","tauw",-1.36147436246851,-2.95374653080289,-0.99257004363739
