"parameter","X0.","X2.5.","X5.","X50.","X95.","X97.5.","X100."
"lnalpha",0.40819752344954,0.714564822990999,0.93802011523408,1.60834179272289,2.19100819500896,2.2536019571414,2.73815844277576
"lnalpha.c",0.797082921756827,1.11355534462849,1.32832365790903,2.01925959407747,2.69905713605498,2.92193410088711,3.58063146794545
"alpha",1.50410422768586,2.04336730232902,2.55506681634607,4.99469991753529,8.94430517825024,9.52315052018458,15.4584911717031
"beta",-0.00000012033600962028,0.00000372322306688102,0.00000558790463920977,0.0000136617796189079,0.0000195888151671584,0.0000207160598358682,0.00002430221299285
"phi",0.0710045257908212,0.182855330549767,0.230852795675657,0.507679178529101,0.743647019319582,0.784752020989592,0.831459177188077
"sigma",0.604390151285545,0.643618863687345,0.660241360393509,0.770022410110612,0.933248249357274,0.954942536837546,1.0085131843574
"sigmaw",0.00462377676847944,0.0257974792392578,0.0805416155300862,1.00749219392129,1.91001063436503,1.9259522048002,1.99849805189262
"Tau",0.983188612257298,1.09665934776072,1.14820412720817,1.68654267091043,2.29405942704637,2.41404070428355,2.73757005993947
"tauw",0.250375910422287,0.269593399037555,0.274124114074995,0.985187913284428,155.313497538778,1528.07233249449,46774.1907919406
