"parameter","X0.","X2.5.","X5.","X50.","X95.","X97.5.","X100."
"lnalpha",1.16091354498176,1.25698180598942,1.30360411459045,1.53821892393791,1.92355618973636,1.93252645528986,2.35042990347611
"lnalpha.c",1.29733591393299,1.34600077543885,1.39239616188887,1.63244720709076,2.00348532611993,2.04037356046246,2.51002041015571
"alpha",3.1928487551606,3.51480449335619,3.68257340730243,4.6562901119155,6.84525900772313,6.90697178281818,10.4900784766959
"beta",8.62526278511031e-06,9.81757772856559e-06,1.00450817240103e-05,1.29274993732336e-05,1.66756638402264e-05,1.74453020915927e-05,2.33770569574778e-05
"phi",-0.397906876352653,-0.207794396867425,-0.134602344572056,0.116185105651899,0.393920979414473,0.497725840638127,0.62784175422033
"sigma",0.304738060690265,0.338708280017348,0.348679700774631,0.410238418412447,0.510355109583696,0.531938963360879,0.574203165887031
"sigmaw",0.00136230560019612,0.0346214660909027,0.102602838049643,1.00390863919139,1.88184841656635,1.94188672888369,1.9970445809879
"Tau",3.03297502878062,3.53408026033656,3.83932670285842,5.94194040175368,8.22525264524967,8.71697512046267,10.768286482735
"tauw",0.250740495704799,0.265187032225679,0.282378864572402,0.992338591984549,97.6283036768945,834.46419259945,538828.943607349
