"parameter","X0.","X2.5.","X5.","X50.","X95.","X97.5.","X100."
"lnalpha",0.729517654346223,0.950813031766724,1.0399103378328,1.7571782607838,2.35005034472575,2.50970367251045,2.87480284157157
"lnalpha.c",1.0195817669481,1.39537238233475,1.50660316707536,2.20840560167749,3.08812654198012,3.27433438467754,17.4266276773885
"alpha",2.07407994291432,2.58835927183526,2.82917679426326,5.79612310056908,10.4861452219108,12.3119158586343,17.7219297491824
"beta",5.16411308458047e-07,5.90278709764267e-06,6.4074486025952e-06,1.46626581781146e-05,2.14100533568442e-05,2.36043542484116e-05,2.69561910730604e-05
"phi",0.118189536116197,0.252808809429447,0.280973300884864,0.556251644766733,0.801866897035433,0.84758253241832,0.986154776576188
"sigma",0.584523109592728,0.621148265835865,0.635078307119168,0.772615860848775,0.929579975961187,0.957907968536876,1.03539079870743
"sigmaw",0.0217279829084873,0.0766303303247854,0.0999980635964767,0.95036911784123,1.93051810350735,1.96699279997802,1.98280208557444
"Tau",0.93280614334785,1.09004102770083,1.15729325546015,1.67524523137366,2.47983301658041,2.5918780814841,2.92682413723058
"tauw",0.254355577885428,0.258469594926934,0.268324334368381,1.10717283530565,100.094878652927,174.960805847148,2118.17178158562
