"parameter","X0.","X2.5.","X5.","X50.","X95.","X97.5.","X100."
"lnalpha",1.11673398332058,1.1736050441582,1.22027468855651,1.56373455710921,1.8284900260564,1.87707286538256,1.92352663558
"lnalpha.c",1.22770412826287,1.28438854849843,1.32556466300257,1.66157972123946,1.93584873011145,1.96532156597715,2.05030024389724
"alpha",3.05486066675686,3.23380586072293,3.38812380987978,4.77663750952372,6.22475712033474,6.53436765569981,6.8450559706958
"beta",6.79624309384385e-06,8.88160615210532e-06,9.8144269271156e-06,1.36163426646322e-05,1.68460379548003e-05,1.74224898097411e-05,1.93695561794604e-05
"phi",-0.442290351040537,-0.311749144170572,-0.193705425134114,0.0912556476748607,0.309922037245118,0.435982232960791,0.491331621949787
"sigma",0.327058473723055,0.346433277014422,0.350390681000241,0.420888971859883,0.512606226637532,0.527450002882994,0.575479370281657
"sigmaw",0.0137848090412525,0.0529390537046267,0.0939028475807839,0.951361403162401,1.88686531607221,1.94422866194375,1.98692690190946
"Tau",3.01953786887319,3.59451084947958,3.80576140994547,5.6450208426845,8.1453705684063,8.33234816132593,9.34865619668814
"tauw",0.253300600961367,0.264553890719737,0.280879199795533,1.10493697509617,131.953502197797,358.792397795631,5262.57734094828
