"parameter","X0.","X2.5.","X5.","X50.","X95.","X97.5.","X100."
"lnalpha",1.17390009792707,1.29871153146505,1.32660316618699,1.60568165475056,1.85221666135143,1.90107222406853,1.9744890982919
"lnalpha.c",1.29035455661688,1.37813563867902,1.41005447735669,1.69735883158652,1.95349952085746,2.01278199194294,2.06313665558465
"alpha",3.23458326171134,3.66459817862917,3.76822162916636,4.98129144223276,6.37393280712214,6.69324054503584,7.20293871990749
"beta",1.03859106726042e-05,1.09507882362335e-05,1.12386442280806e-05,1.40546598054487e-05,1.73322182012109e-05,1.79567742584453e-05,1.86678100817383e-05
"phi",-0.283196067648494,-0.241625091808394,-0.202887939648148,0.105098484272052,0.347575377838741,0.406897578352687,0.552446263581016
"sigma",0.308656467440649,0.331052950621617,0.343344406464065,0.410853625062345,0.497872431135591,0.501054830315288,0.558247242282275
"sigmaw",0.0109847164712846,0.0431255934089052,0.0989969691815877,0.900206378637861,1.80379750321419,1.88160906690152,1.98578667089626
"Tau",3.20883087182365,3.98347983138118,4.03425981484579,5.92414654171719,8.48397422414221,9.12553529112917,10.4966142501485
"tauw",0.253591572922374,0.282585487528262,0.307343892856875,1.23400270681725,102.732278523836,537.688896037112,8287.47624417297
