"","variable","Mean","SD","time_series_se","2.5%","50%","97.5%","mc_error","converge"
"1","Tau",1.64572077326356,0.390266713552334,0.0320508446076669,0.9767971197326,1.62448163731845,2.50317304091403,0.0821254887867064,"false"
"2","alpha",5.86442931309587,2.50090251764248,0.200765418503799,2.36753449673355,5.53200271571206,11.6238427135438,0.0802771867705801,"false"
"3","beta",0.0000138807438768864,0.00000448056679724979,0.000000362336555006548,0.00000558634190031869,0.0000140556529503087,0.0000218765159540428,0.0808684640588226,"false"
"4","lnalpha",1.68209033480385,0.421102633044229,0.0337905795758695,0.861820752256634,1.71054948679388,2.4529288383872,0.0802430973456309,"false"
"5","lnalpha.c",2.17158742148191,0.595643042987142,0.045449548411487,1.38940774796549,2.10590667897067,3.20249104184417,0.0763033312427492,"false"
"6","phi",0.497963460914709,0.15235489103013,0.0124892242227404,0.222441789465924,0.497337135617119,0.816441764504315,0.081974553874155,"false"
"7","sigma",0.796047405898142,0.0955691670056477,0.00785068143481935,0.632089074050524,0.784597509010298,1.01181743572598,0.0821465926804134,"false"
"8","sigmaw",0.948573783867184,0.570067053165213,0.0466546422220719,0.103788391973801,0.880148548604955,1.94347752206807,0.0818406220163556,"false"
"9","tauw",67.9159765116929,723.88119767695,59.1126910815819,0.264756070052985,1.29088924405509,93.1688289899068,0.0816607632181689,"false"
