"","variable","Mean","SD","time_series_se","2.5%","50%","97.5%","mc_error","converge"
"1","Tau",6.00101744115034,1.39080842414253,0.113268554322647,3.98347983138118,5.92414654171719,9.12553529112917,0.0814408025983017,"false"
"2","alpha",5.02937552177429,0.839460899816566,0.0672874333746946,3.66459817862917,4.98129144223276,6.69324054503584,0.0801555300424329,"false"
"3","beta",1.41790951743436e-05,1.84618989365914e-06,1.4514101226375e-07,1.09507882362335e-05,1.40546598054487e-05,1.79567742584453e-05,0.0786165132645599,"false"
"4","lnalpha",1.60140161545365,0.167799545647539,0.0128391629222995,1.29871153146505,1.60568165475056,1.90107222406853,0.076514884904802,"false"
"5","lnalpha.c",1.69327500256013,0.169595855117503,0.0132411975483448,1.37813563867902,1.69735883158652,2.01278199194294,0.0780750068400596,"false"
"6","phi",0.0988080632190782,0.175061266746585,0.00994889337726892,-0.241625091808394,0.105098484272052,0.406897578352687,0.0568309230371942,"false"
"7","sigma",0.416199097264555,0.047350827329059,0.00354563566890679,0.331052950621617,0.410853625062345,0.501054830315288,0.0748801207688898,"false"
"8","sigmaw",0.947154802366698,0.537314523404563,0.0613133747469323,0.0431255934089052,0.900206378637861,1.88160906690152,0.114110771394071,"false"
"9","tauw",106.728145996251,759.785826856857,62.0693833347084,0.282585487528262,1.23400270681725,537.688896037112,0.0816932629442194,"false"
