"","variable","Mean","SD","time_series_se","2.5%","50%","97.5%","mc_error","converge"
"1","Tau",1.71013242501127,0.395682941762883,0.0282558890792268,1.08446205296086,1.64605459634712,2.51004790308155,0.071410430162439,"false"
"2","alpha",6.06205811615719,3.46232883434382,0.281570372989243,2.68630044428964,5.22991668163483,14.7810580165147,0.0813239834981204,"false"
"3","beta",1.43968441659063e-05,4.84802028318054e-06,3.93641109952876e-07,5.51947051521969e-06,1.45046499793473e-05,2.33310196142454e-05,0.081196258876753,"false"
"4","lnalpha",1.69102745824049,0.449520251017343,0.036646170202756,0.987953784407367,1.65439471002515,2.69327800341722,0.0815228460115408,"false"
"5","lnalpha.c",2.20644151753125,1.11415517277043,0.0914837534074653,1.42562367259755,2.09233077607591,3.28088735732381,0.0821104237931094,"false"
"6","phi",0.496385550516237,0.14790569894937,0.0114078980865501,0.236330400024333,0.487923198849845,0.741088907204799,0.0771295370468125,"false"
"7","sigma",0.779672036017662,0.0886667851138847,0.00724323562725561,0.631188736930995,0.779433629184869,0.960367793973485,0.0816905182470788,"false"
"8","sigmaw",1.03223200151208,0.600995559782376,0.0491505261423105,0.0431826805533439,1.06209274277366,1.97624132117489,0.0817818457096559,"false"
"9","tauw",123.567223588177,887.995088558971,72.657268334188,0.25605072065523,0.886498246272683,540.61176500813,0.0818217006718984,"false"
