"","variable","Mean","SD","time_series_se","2.5%","50%","97.5%","mc_error","converge"
"1","Tau",5.79772784537644,1.35549024853394,0.110149894225806,3.59451084947958,5.6450208426845,8.33234816132593,0.08126203367744,"false"
"2","alpha",4.78394996022814,0.815048253957635,0.0995380336900378,3.23380586072293,4.77663750952372,6.53436765569981,0.122125325962862,"false"
"3","beta",1.35571199410466e-05,2.12745337903178e-06,2.51704837052533e-07,8.88160615210532e-06,1.36163426646322e-05,1.74224898097411e-05,0.118312739321736,"false"
"4","lnalpha",1.55048691298756,0.174098360568468,0.0202197588132187,1.1736050441582,1.56373455710921,1.87707286538256,0.116139857648267,"false"
"5","lnalpha.c",1.64537345427004,0.174790280267839,0.0212465856059747,1.28438854849843,1.66157972123946,1.96532156597715,0.12155473160989,"false"
"6","phi",0.0691169990412648,0.166238280992885,0.0157572485320632,-0.311749144170572,0.0912556476748607,0.435982232960791,0.0947871238679232,"false"
"7","sigma",0.42402526548922,0.0507491513092884,0.00451991662601322,0.346433277014422,0.420888971859883,0.527450002882994,0.0890638859843545,"false"
"8","sigmaw",0.968947553548092,0.546744045138222,0.0443171518656225,0.0529390537046267,0.951361403162401,1.94422866194375,0.0810564875094683,"false"
"9","tauw",57.6253061686194,439.537061042175,35.8101441343617,0.264553890719737,1.10493697509617,358.792397795631,0.0814724111078441,"false"
