"","variable","Mean","SD","time_series_se","2.5%","50%","97.5%","mc_error","converge"
"1","Tau",1.70213198938069,0.347008807844485,0.0214944187489048,1.09665934776072,1.68654267091043,2.41404070428355,0.0619419976179326,"false"
"2","alpha",5.28668364710419,2.15267641986121,0.187275505704775,2.04336730232902,4.99469991753529,9.52315052018458,0.0869965889796152,"false"
"3","beta",0.0000133544225218061,0.00000446981398588085,0.000000386306847812632,0.00000372322306688102,0.0000136617796189079,0.0000207160598358682,0.0864257101152058,"false"
"4","lnalpha",1.58576132366903,0.405977432605768,0.0332308187985768,0.714564822990999,1.60834179272289,2.2536019571414,0.0818538572089701,"false"
"5","lnalpha.c",2.02480386279987,0.461227568653993,0.0378571426266874,1.11355534462849,2.01925959407747,2.92193410088711,0.0820790976072103,"false"
"6","phi",0.49724810508471,0.149188630029424,0.0117031589992677,0.182855330549767,0.507679178529101,0.784752020989592,0.0784453815076896,"false"
"7","sigma",0.778680696943543,0.0814351180559334,0.00499671897167834,0.643618863687345,0.770022410110612,0.954942536837546,0.0613582824089033,"false"
"8","sigmaw",1.03122331618881,0.590295071466265,0.0477365269568683,0.0257974792392578,1.00749219392129,1.9259522048002,0.0808689234661795,"false"
"9","tauw",383.499715534461,3835.69667516115,313.257652530902,0.269593399037555,0.985187913284428,1528.07233249449,0.0816690366992434,"false"
