"","variable","Mean","SD","time_series_se","2.5%","50%","97.5%","mc_error","converge"
"1","Tau",1.71686485421212,0.394304399731864,0.0320875835225529,1.09004102770083,1.67524523137366,2.5918780814841,0.0813776958724609,"false"
"2","alpha",6.23107305695223,2.67429202463184,0.158196288991203,2.58835927183526,5.79612310056908,12.3119158586343,0.059154455659337,"false"
"3","beta",1.45133793723285e-05,4.61530346026048e-06,3.84882555348502e-07,5.90278709764267e-06,1.46626581781146e-05,2.36043542484116e-05,0.0833926866700071,"false"
"4","lnalpha",1.7427434783197,0.419753408216602,0.0252535571396296,0.950813031766724,1.7571782607838,2.50970367251045,0.0601628400039057,"false"
"5","lnalpha.c",2.34649498660632,1.33022160378916,0.108410764077485,1.39537238233475,2.20840560167749,3.27433438467754,0.0814982734971939,"false"
"6","phi",0.555443581338967,0.160485886185117,0.0131523707432295,0.252808809429447,0.556251644766733,0.84758253241832,0.0819534418625354,"false"
"7","sigma",0.778099305554982,0.0890842896172428,0.00725684655902334,0.621148265835865,0.772615860848775,0.957907968536876,0.0814604526814202,"false"
"8","sigmaw",0.983070417689056,0.616194160369175,0.0505483946891938,0.0766303303247854,0.95036911784123,1.96699279997802,0.082033225791866,"false"
"9","tauw",32.6502572220664,188.547246587608,15.3433930960341,0.258469594926934,1.10717283530565,174.960805847148,0.0813769141354438,"false"
