"q95","q90","Median","q10","q5","Escapement"
0,0,0,0,0,0
629.913469344723,593.926855614431,480.823721307328,385.209412340399,362.841103450685,100
1257.73558590896,1186.05512569742,960.363958701407,769.446404238492,724.951937551117,200
1883.47155749151,1776.42392053601,1438.70066415974,1152.97933267868,1086.33384697866,300
2507.12658036332,2365.03860803878,1915.87792264634,1535.5692090196,1446.91426875309,400
3128.70583929141,2951.5640767898,2391.74107373835,1917.29728359223,1806.73128276668,500
3748.21450756277,3536.03125503166,2866.30442895508,2298.26621087766,2165.83319367461,600
4365.65774700814,4118.5126488205,3339.53411387134,2678.42731615848,2524.3405615035,700
4981.04070802584,4699.06935296239,3811.60550960355,3057.76817549573,2882.30542054351,800
5594.36852960548,5278.0199208257,4282.4715410704,3436.29011343036,3238.83157562633,900
6205.64633935163,5855.20040668567,4752.16739635598,3813.99445260303,3594.92355963598,1000
6814.87925350751,6430.44635598591,5220.68320916245,4190.88251375664,3950.39763636591,1100
7421.79254803752,7003.8416686609,5687.78419996192,4566.95561573891,4305.1561533993,1200
8026.56145628687,7575.34871809046,6154.00502656465,4942.12190595018,4659.54492909122,1300
8629.24573966493,8144.76447002988,6619.25909653909,5316.56301575378,5012.82527966792,1400
9229.85075023374,8712.96135480033,7083.32178812253,5690.14451774024,5365.30443331926,1500
9828.38182786178,9278.84190127876,7545.99337380422,6062.75674991318,5717.04579777249,1600
10424.8443002501,9843.63682896917,8007.11584088065,6434.44350824411,6068.07326827941,1700
11019.243482958,10407.262485773,8467.47044557832,6805.34868801773,6418.48740562353,1800
11611.5846794296,10969.0892906626,8926.4209379801,7175.53337688945,6768.18284601574,1900
12201.8731810189,11529.028462612,9383.81155093688,7544.89665716191,7117.17071888345,2000
12790.1142670161,12086.4031906421,9839.97086299479,7914.1290183791,7465.42203087101,2100
13376.3132046733,12641.9925961201,10294.9071586079,8282.77573877679,7812.76642340002,2200
13961.566148957,13195.5376855932,10748.6228750514,8649.58018743863,8159.44926278703,2300
14545.6844899105,13746.5466383419,11201.1204452925,9015.10799990602,8505.78321756349,2400
15127.9314967905,14294.8058144887,11652.1460135137,9380.50962213778,8850.9391669232,2500
15708.3116108748,14844.3527079279,12101.3827101971,9745.74125994148,9195.37738929785,2600
16286.829264099,15391.4651223534,12549.3476890634,10109.7618517851,9539.08759620707,2700
16863.4888790751,15933.6119812707,12996.9948471544,10472.2372563627,9882.07093147887,2800
17437.9665059458,16474.7760883655,13443.9107481474,10833.8724916418,10224.3285373473,2900
18009.4443799955,17016.7084588876,13888.7432240518,11194.6690028842,10565.8615544546,3000
18578.8984880491,17556.9381141684,14334.6654323992,11554.646225413,10906.6711218531,3100
19146.4144105381,18095.4690053695,14779.3568033214,11913.8690295203,11246.7583770075,3200
19711.9970097104,18632.3050755323,15220.1781824004,12272.2633902884,11586.134776054,3300
20275.6511370179,19168.5084454034,15661.4195829162,12630.8520222401,11924.8389943307,3400
20837.3816331381,19703.1892571251,16100.5159684937,12989.6044864047,12263.7465962139,3500
21397.1892810431,20235.8074377335,16538.7346754054,13346.8377023946,12602.1978689001,3600
21955.1874955577,20767.1926279472,16975.3751320612,13702.7050739568,12940.0391602978,3700
22511.299182985,21294.4494526719,17411.7021054376,14056.4545229311,13277.2317643955,3800
23067.5977638597,21822.0786917033,17845.6897193032,14408.5454549278,13611.5454487276,3900
23623.0849088271,22348.0449172319,18279.585885906,14760.5686925278,13946.3255808692,4000
24176.8286859251,22872.3751677791,18712.4938584493,15112.2146520971,14281.0408447247,4100
24728.833113905,23394.5662164742,19143.9464687859,15464.2977000337,14612.1913363451,4200
25278.3390902199,23915.114276069,19572.9996055616,15814.9179527022,14942.5449507363,4300
25827.7523912489,24431.208615176,20000.6057574839,16166.1472324282,15272.1595816101,4400
26374.8109057129,24945.6620636217,20428.3681906264,16516.8768459863,15602.4886858172,4500
26919.944311455,25461.0696106807,20852.4831186077,16866.9076804385,15932.742341403,4600
27462.0118090434,25974.7892572783,21274.451562181,17216.2164276596,16262.1583767215,4700
27999.1638632486,26486.4908647789,21697.8220363504,17564.8041876569,16590.842043614,4800
28536.446504032,26995.5259592907,22122.2913092048,17912.4164555736,16918.8224942431,4900
29074.4191431846,27499.3058683568,22544.2531413056,18259.3318785297,17244.8919822355,5000
29611.5832914334,28008.1931646206,22965.8624124897,18605.6661913129,17571.2189996933,5100
30146.878995665,28510.582032435,23385.4718692878,18951.2806544236,17897.1075719425,5200
30677.696353494,29014.0202286752,23801.4760743923,19296.1763703172,18222.2406212352,5300
31208.6388408023,29517.0552472834,24216.72064503,19640.3544399552,18546.8108178807,5400
31738.0843750591,30018.2198000139,24632.5517981013,19983.1621069134,18871.999665515,5500
32265.8418802321,30515.7585527166,25048.2404231013,20324.6395847102,19195.0885743758,5600
32791.9152745902,31010.52833052,25461.9382615264,20665.3307788741,19517.4830976254,5700
33316.3084683758,31503.6199116115,25874.6206821703,21004.0943031879,19839.1843321682,5800
33838.9116732633,31995.6831441016,26284.6396448416,21342.879108149,20160.1933733761,5900
34359.8262386107,32485.8830542362,26693.55675958,21682.3266392584,20480.5113150903,6000
34879.0684181024,32973.9511302041,27102.1604551962,22017.7434936737,20800.1392496233,6100
35391.6089896407,33460.3572293998,27510.4307771275,22352.3404273343,21119.0782677612,6200
35896.3298172047,33944.7462131372,27915.9473439381,22688.8299558409,21437.3294587651,6300
36405.9996287637,34427.3097831942,28322.6185434135,23025.5433877719,21754.8939103738,6400
36916.9833285976,34910.6678691945,28728.5894335305,23361.5489431104,22071.7727088053,6500
37426.2087874436,35393.8790833125,29130.2182904868,23694.2921103918,22387.0519458949,6600
37933.7480101714,35877.8005200534,29531.6691787907,24024.4026615738,22702.5638396561,6700
38439.6050305376,36360.3820546127,29930.549735093,24356.4911635253,23018.2263856675,6800
38943.7838737978,36842.5582264097,30330.8303695191,24690.0545119143,23331.627402776,6900
39446.2885567243,37323.0354700882,30728.8116082516,25018.9522497888,23644.9884412879,7000
39947.1230876222,37798.1679704284,31126.9266052876,25346.4543318163,23957.6678531705,7100
40446.2914663463,38270.2233279821,31522.5519725327,25673.2478042593,24269.6667229698,7200
40943.5746713563,38747.3227450143,31915.2394159063,26001.4862543691,24581.2421760464,7300
41439.1116291056,39224.6795666262,32307.9366786768,26324.468497506,24892.1888395988,7400
41932.9870845429,39697.7003742702,32699.8704655056,26650.5728979526,25202.4657260159,7500
42425.2050423608,40169.6714874642,33092.2410324173,26977.627731052,25512.0738889888,7600
42912.9384727935,40632.5699011862,33480.5693711427,27303.9682233245,25821.1037418833,7700
43405.7028946828,41093.7282490697,33871.7404897097,27629.595512924,26129.2941231582,7800
43893.9945766001,41553.2894520918,34259.865878106,27954.5107364026,26436.6869831491,7900
44380.9450268302,42011.5658236266,34648.4777007628,28274.106004681,26743.4103021005,8000
44867.8913739496,42472.3831406448,35034.9382979954,28592.5111969411,27049.5230845211,8100
45353.266907345,42928.5735977582,35419.256979079,28910.0950784461,27354.9813218072,8200
45837.0752603765,43382.5804007852,35801.5691874272,29229.0663809438,27659.5475059934,8300
46319.3200590118,43835.0247531645,36183.7082403211,29547.8544975004,27963.9044575363,8400
46796.8165695837,44285.9104922142,36565.1722196102,29865.9554308769,28267.3714596881,8500
47270.5786906748,44735.241446973,36945.9865687583,30183.8497208924,28570.1768180549,8600
47742.6810496694,45182.5183314086,37325.719567569,30501.0031649087,28872.3283502539,8700
48213.0732114253,45627.5048261589,37703.1646562288,30815.8594710607,29179.4372840343,8800
48686.1354344181,46074.9714865246,38078.6804956567,31132.5653095685,29482.6811028821,8900
49157.6325799111,46519.4344979116,38459.130757499,31447.4820177681,29784.4923592646,9000
49626.2986593465,46964.672731607,38834.5782650219,31762.2169375068,30084.5672626603,9100
50087.9749489167,47411.6695620372,39208.5581080209,32077.9988192975,30381.3412828419,9200
50550.1021092387,47857.265991463,39583.3808262909,32394.3335526969,30681.7971628099,9300
51013.3481855221,48298.6616966436,39958.3773733901,32710.4064056141,30981.9438904733,9400
51475.0132583056,48745.0684503645,40331.2118114786,33025.8251367004,31280.4125437381,9500
51933.5776321756,49187.9089672132,40701.9851571958,33340.3924531395,31577.0003226632,9600
52387.348403927,49628.9960153582,41073.3559066571,33651.4995214113,31872.9830334763,9700
52839.3879066533,50064.8853756877,41439.4806305,33963.8890962645,32168.4535700428,9800
53289.9095613185,50490.7804226057,41806.0305734907,34272.5883091073,32463.6048550782,9900
53738.7122064776,50914.6845725526,42170.6704356701,34580.4239468315,32761.5802586812,10000
54185.8755223598,51336.7846648961,42534.9420770463,34887.2089193604,33054.4209691175,10100
54631.403719687,51763.7816956117,42896.7338499427,35192.1051657508,33345.8480761823,10200
55075.3009997093,52193.3336837066,43261.4397803776,35497.0028568457,33636.6112212961,10300
55517.5715542253,52621.4897148088,43624.8926778312,35803.9370216006,33927.7525950094,10400
55959.1497626176,53048.224934297,43989.5075186332,36107.8940950309,34219.6297146342,10500
56406.7432824531,53473.4509360218,44351.8364221316,36411.1287169029,34507.5088091321,10600
56852.8565881277,53897.2882760514,44711.5277770703,36713.7524459025,34792.7431484016,10700
57297.4931309356,54319.7401558349,45069.8996350433,37015.3458579663,35083.1865313135,10800
57740.6563551202,54739.9274585013,45427.9957583839,37318.5407515085,35374.6766437193,10900
58182.3496978876,55159.9428944647,45781.5359435947,37619.539508362,35663.2480241826,11000
58622.5765894202,55574.6347998218,46132.7711360887,37917.7303261941,35950.5223462874,11100
59064.1062876285,55987.4904596331,46486.5818361521,38216.9570753127,36239.6490335009,11200
59508.0478582665,56398.5430376901,46840.9467481122,38515.2746505503,36529.4820741041,11300
59950.6309187515,56808.1642602626,47191.4623973394,38812.8810063983,36814.1682895632,11400
60381.4850671911,57214.8805326581,47545.0764694091,39109.7773563066,37092.534414184,11500
60802.0884393637,57619.3056992338,47897.8395519931,39404.8451957324,37376.0920819189,11600
61232.9748267893,58022.2772502219,48249.3018900393,39697.9595774167,37659.018618101,11700
61659.0304284645,58423.7988232378,48598.4391930211,39991.8230468664,37941.6840405841,11800
62078.0849267045,58823.5772827847,48947.1598384135,40284.9684532674,38223.7859745505,11900
62496.4502414317,59221.0639826724,49297.0533770172,40577.3970486254,38505.2660804803,12000
62923.08837848,59618.7276866986,49642.7637688266,40869.2435604075,38786.1253405555,12100
63348.1876682831,60017.2885038145,49984.9357349287,41160.7703589867,39066.364735594,12200
63771.5545758969,60409.4214983846,50330.9770629658,41451.5915062828,39345.9852450514,12300
64184.0086270122,60802.4553704805,50671.8580198819,41741.7082189307,39624.1178392958,12400
64588.8507259073,61200.2674909616,51013.7306547149,42031.1217117236,39901.5654083542,12500
64991.9205514156,61597.935433585,51356.1048335453,42319.9254156627,40178.5250130978,12600
65406.5590027189,61998.7390700864,51692.9889615933,42610.9765522595,40458.4179089393,12700
65820.21664256,62398.4193879083,52030.5941524105,42905.3681831287,40734.8501772724,12800
66225.2528524738,62789.038973987,52368.5966285389,43188.1751868921,41006.8491675352,12900
66625.0659618263,63189.0497491224,52700.7635866676,43469.769503805,41283.1679553142,13000
67023.3267013927,63580.4388161349,53032.1487792026,43755.3698539253,41558.8894320042,13100
67420.0391965759,63963.884632281,53367.4120971715,44042.6100262359,41834.014519737,13200
67816.1762495087,64345.1555677338,53704.4335008761,44329.3329944082,42107.8131996521,13300
68221.0255372136,64734.5337536888,54040.5530997814,44613.6158928152,42380.5729455248,13400
68624.7874304941,65123.1408249332,54370.5028713985,44900.3540088582,42648.7493652586,13500
69031.3352018112,65505.7020088222,54699.5312475859,45183.9521477794,42914.9428207645,13600
69427.5773335576,65883.8594083998,55026.192953899,45467.8013694868,43181.1062355733,13700
69825.6146110172,66260.5700042066,55355.3238082787,45752.7807834917,43450.1036085513,13800
70223.5104739041,66639.5995669068,55683.609959098,46027.3009093052,43718.4809512076,13900
70605.2927902452,67018.0132085412,56010.0545628582,46306.6221921211,43985.5921187233,14000
70998.178108804,67395.6204679978,56332.8771694946,46583.6411435897,44249.5604108306,14100
71389.6586265519,67771.5045880669,56655.7004274757,46862.3393765518,44520.6828928176,14200
71779.7377817334,68146.2151017035,56981.5961553838,47140.7878605631,44786.6346454406,14300
72168.4190052666,68520.3724097632,57303.0876814302,47418.0481214321,45051.9897981649,14400
72555.7057207572,68892.8965360626,57620.5697375953,47694.63892341,45316.9509973009,14500
72941.6013445132,69259.8706121793,57942.1707182963,47971.7360978536,45581.3024348587,14600
73326.1092855596,69629.5833857613,58256.9317358154,48249.6590059219,45845.0451031195,14700
73708.4546995601,69997.9782690938,58572.3336961272,48524.9463964204,46108.1799929487,14800
74089.2358829609,70358.4626193401,58888.2082926224,48799.5764497397,46370.708093798,14900
74462.9834795156,70725.1378881606,59206.3699213152,49073.7982192679,46632.6303937072,15000
74826.3656507643,71093.2752481701,59522.5767816429,49347.6704134472,46892.7873352803,15100
75188.2235794978,71459.2882967611,59837.5012926003,49622.58767871,47151.980610515,15200
75554.9314772322,71821.8502744134,60149.104662401,49897.3704500922,47410.7995399676,15300
75933.6770023723,72181.6333027625,60469.774331849,50165.8910252122,47674.4510905196,15400
76311.1032934289,72542.2069636357,60783.1685522069,50437.8004310733,47933.2393443919,15500
76687.2055193641,72896.4010571758,61091.7618460049,50705.2657476753,48191.4975262177,15600
77061.5311919904,73258.3282950497,61401.4871474945,50974.4962214934,48449.2067664525,15700
77434.5425288832,73614.3508995713,61715.0828007454,51243.0772539847,48706.3180594616,15800
77800.8151950095,73969.1405603147,62025.2590795455,51508.2858341717,48962.8323806616,15900
78157.8639676394,74322.3298291276,62336.3518808929,51772.3362628689,49218.7507040762,16000
78515.366143326,74667.2745201286,62652.0135650155,52035.7127087657,49481.592263361,16100
78875.9640039378,75016.8398290261,62956.581964075,52302.9813493765,49749.9419907954,16200
79233.9048189678,75361.8515661254,63260.4373845125,52574.5112941327,50013.4618705966,16300
79614.0239148186,75703.8265670399,63564.5571926869,52840.8211823785,50264.2852692227,16400
79972.0487050195,76038.0040536889,63860.4385548271,53099.9897170924,50514.5095588163,16500
80323.4886300686,76368.1568802259,64154.3096408519,53369.0965909494,50764.1598569205,16600
80673.5452447314,76721.0318854942,64449.7021683472,53632.4683784058,51013.3674545479,16700
81022.2221668666,77065.6938235796,64751.4670043512,53893.4866566736,51263.9714634254,16800
81369.5230061438,77404.2890114261,65056.9084221642,54148.471475066,51522.5242944611,16900
81720.1441179537,77741.6500665044,65363.2208104639,54402.7578911388,51780.5681101128,17000
82072.8880991819,78077.1529383647,65664.5126726162,54656.3472256042,52038.1036191387,17100
82424.3358294357,78420.3656325145,65962.6537559532,54909.2407969951,52291.556167012,17200
82773.7526191441,78772.8157377105,66253.2172326514,55164.4852004772,52540.4002047774,17300
83116.7856838668,79099.2317219852,66546.5098667476,55421.2064433389,52794.1266333896,17400
83458.4836990099,79421.668638665,66841.1647431787,55677.3340873951,53047.3262140963,17500
83798.8501007095,79745.2453789781,67139.801450644,55932.8189815949,53299.99971722,17600
84137.8883174539,80066.2217643099,67434.0842051843,56187.6622438629,53540.2288606061,17700
84475.6017700993,80391.9195569058,67726.8137562146,56441.9492328177,53784.7030302873,17800
84811.8806494874,80712.859768296,68019.7034471998,56699.6886000399,54024.6568813684,17900
85146.4840879208,81041.1976051808,68309.8978344811,56957.6948733682,54264.6267762025,18000
85479.7692764444,81364.1773210413,68600.8590834186,57215.1092767667,54513.8516047397,18100
85813.631150119,81680.7962106356,68887.8012380054,57473.0360552965,54762.6262479023,18200
86158.0673775033,81995.7914946966,69171.7977624983,57730.2432851326,55002.1438582409,18300
86499.3275164228,82312.1694612163,69457.2755599204,57983.7459758557,55243.8195960836,18400
86840.929757849,82629.3202031023,69735.0415707362,58233.9951232409,55499.4057476383,18500
87163.9927768116,82945.2693481389,70018.6619038962,58486.810673055,55739.0651741294,18600
87484.2241605181,83260.019892301,70304.1846082298,58742.6282770904,55981.6672668494,18700
87804.3845066372,83579.4053450288,70587.9519017509,58997.8777234791,56210.783811316,18800
88135.2503355741,83890.5256249447,70866.8371220539,59252.5598924822,56447.1656229224,18900
88464.8863228103,84202.053239839,71144.2859673321,59507.222866603,56678.9757054455,19000
88799.6829114532,84523.0014692734,71429.8920225609,59745.2109584731,56912.6028583173,19100
89145.7776263794,84841.8361187272,71703.0562121585,59980.3980922243,57150.084313342,19200
89468.0549451086,85158.9695352411,71980.5949806126,60230.5756067122,57388.5601093554,19300
89778.8352168999,85474.9937333192,72256.702045276,60475.9562446672,57626.4839449809,19400
90093.9799137602,85789.9112810041,72536.922283953,60725.2672842535,57860.3621429511,19500
90414.6223383422,86103.7247411938,72815.0240406852,60967.1038519235,58089.43064145,19600
90736.2244491513,86409.8001040272,73082.3822771217,61203.1746584025,58318.3615320949,19700
91055.640684266,86712.1666870327,73360.2379417866,61450.740812357,58559.7184700439,19800
91373.7568339469,87012.7996194499,73637.3688185929,61699.148606509,58796.5818065123,19900
91689.0590569274,87312.27001636,73919.9837126213,61948.4659506791,59032.2461310433,20000
91997.205671882,87608.1310808762,74201.828176405,62197.2358231601,59262.0480014118,20100
92303.9299171509,87901.818710229,74480.198464371,62440.3154696768,59491.2718936605,20200
92608.9919970483,88194.3294173122,74750.6996073662,62690.9044354398,59720.3004989323,20300
92912.8075774225,88485.6662375579,75014.2198815898,62930.8227098544,59954.4473659841,20400
93215.3799225112,88777.6233348958,75282.5619069492,63159.8578620814,60190.14298007,20500
93516.712289204,89087.5383535042,75545.3853717255,63388.1527234641,60425.3273525818,20600
93819.3436222163,89381.3894701702,75816.9194528447,63617.6269082223,60660.1147472069,20700
94131.1282620913,89678.9305866633,76089.1320168202,63850.7946687261,60891.2248601193,20800
94426.4021080732,89978.9669642367,76357.8166116433,64084.8184911723,61106.7817329788,20900
94719.9922851727,90279.5751341516,76616.1729020337,64323.9309198761,61321.7678701415,21000
95012.1426194168,90567.7732149864,76877.8691567404,64559.8550231109,61547.6601311515,21100
95303.0533717359,90854.7678461967,77134.7793170263,64789.6105538225,61775.0929679542,21200
95594.0503764961,91134.7946610061,77395.9236485611,65019.8604812177,62000.1803757996,21300
95885.6784523494,91402.6603602596,77654.448114884,65247.2400903646,62226.7782666591,21400
96176.0960531057,91683.168721319,77913.7275270831,65481.702490731,62454.9672166535,21500
96465.3063595885,91962.9537106403,78167.8792961045,65712.668636768,62680.4541181924,21600
96758.2423388136,92242.0134704335,78426.6326641237,65936.2107253943,62902.3579526619,21700
97051.4467570885,92518.9858654129,78679.8764349308,66159.1899752312,63126.1989862418,21800
97342.7563246223,92793.9700444148,78936.4956462444,66382.6131198262,63349.503568215,21900
97634.5024212026,93071.1104324346,79192.5671332174,66608.7033615744,63568.2985067986,22000
97925.4141192987,93346.6225687658,79444.4882502231,66834.3255218269,63783.1247629149,22100
98214.1004268728,93622.9244422214,79694.2381752182,67058.6906957516,64007.8745543829,22200
98502.0779791986,93898.2175009205,79949.3980952511,67279.4278357512,64232.4662088948,22300
98780.2793189367,94169.8080735975,80202.8597765509,67508.4613780616,64456.8039623046,22400
99054.25539701,94443.9807643127,80449.0995579773,67733.5326028026,64680.2546943265,22500
99338.3915249742,94716.1737318614,80702.8262765721,67960.2859926084,64902.1204404891,22600
99609.3968542555,94986.5894064244,80949.6828352757,68187.0637556745,65119.6745428219,22700
99876.8680871003,95254.1670052639,81199.5366175228,68413.5174365859,65338.1449368595,22800
100143.131196133,95520.6609334242,81458.0114864891,68642.3555846909,65556.0872119249,22900
100408.189536237,95803.3838873931,81699.9297290582,68864.0482348092,65773.5022341484,23000
100694.685865766,96067.7270075788,81941.2974730886,69091.5752518868,65990.7522174518,23100
100983.706466374,96338.3280048964,82182.6629686138,69323.6581256457,66207.4803881955,23200
101266.756396226,96609.5806337031,82419.6878620757,69540.3635449649,66423.6862286187,23300
101546.532408439,96899.7915298908,82662.7878910262,69768.8934290178,66618.2103071213,23400
101821.30705158,97164.7215573645,82899.8002684622,69995.5772361251,66825.5282425147,23500
102097.406851945,97417.4261981114,83133.7122103807,70220.0285986513,67038.6776650214,23600
102361.37392903,97675.9381972948,83370.5806637283,70432.9552511699,67252.5288864214,23700
102624.06619532,97937.4608205323,83614.6936879844,70653.8575446545,67466.0532765445,23800
102889.387507115,98209.5773855218,83847.1352621592,70867.931816729,67679.2939045405,23900
103171.728869002,98477.578286115,84082.3258589246,71081.8358587077,67892.0199910172,24000
103408.931961435,98740.896750908,84318.4773256319,71294.2012718951,68101.1221137721,24100
103661.400294145,98992.4837697861,84566.9671138822,71502.8966418178,68309.5764097644,24200
103917.753618254,99262.8959921613,84808.9990766089,71709.2130799107,68526.4965038349,24300
104177.855773547,99524.9060460683,85051.3508334728,71917.6047077727,68737.4481216935,24400
104442.131255467,99785.0861076275,85291.3798248439,72134.1708564443,68957.2083806567,24500
104705.33284818,100041.683213205,85523.6111593943,72348.5840978686,69174.2725677878,24600
104957.992991279,100285.341767585,85757.9753777626,72565.4833321847,69376.3066904686,24700
105205.929138112,100541.988807734,85994.6011056379,72777.3573929838,69576.2590429476,24800
105459.182324585,100798.038244215,86232.8404473478,72976.4444491021,69780.5125507566,24900
105724.110709323,101053.109871767,86458.826559277,73176.7480505987,69985.9262051715,25000
105988.008810584,101306.244159582,86682.6253142874,73386.7053809309,70193.9725130035,25100
106250.879120626,101552.978581393,86909.5353289829,73600.8532523917,70400.2497428344,25200
106514.462063823,101809.418044498,87139.7564959623,73807.8485775639,70606.0213050509,25300
106778.776348683,102056.076504354,87373.5195889049,74027.6127529351,70808.2501528854,25400
107033.385642531,102296.784777516,87606.7558078281,74242.9769321742,71013.6029884728,25500
107286.407620444,102533.920315293,87844.1877550634,74449.2180244622,71219.8015252689,25600
107539.019862133,102773.248427704,88068.4487200465,74663.4699389162,71423.7383038178,25700
107790.594904938,103012.477955369,88287.6636580361,74865.1591919235,71626.943058509,25800
108041.135351803,103247.161093231,88507.3274957988,75066.2424830522,71829.1530818491,25900
108293.806761758,103480.836313322,88734.9640988808,75265.9923246624,72014.7093966575,26000
108538.441412127,103713.506230286,88952.4161399028,75464.9516721524,72208.1902025265,26100
108786.460395991,103945.173452996,89172.6197955205,75666.6656245595,72397.8500092164,26200
109031.952603634,104176.438930386,89396.5427771765,75870.4195084933,72581.86415485,26300
109276.153355543,104407.77119023,89623.2667104408,76074.5418428627,72765.3777057811,26400
109509.919622613,104638.618020263,89857.6028120703,76278.3309832235,72953.2934246388,26500
109735.555930132,104868.482043003,90084.0858522613,76483.8340019077,73150.431900038,26600
109960.103192145,105097.365777862,90308.2842195976,76687.8038062584,73348.1479823061,26700
110183.564470205,105335.331287687,90510.5989730758,76893.1288761999,73545.6296489696,26800
110405.225164054,105572.417153271,90720.9896144205,77100.6650191314,73741.6684983635,26900
110625.3759199,105823.01090586,90945.6911917181,77304.0474549647,73937.2081376383,27000
110844.445149467,106059.007473969,91159.4007976111,77505.6526394501,74132.2494062912,27100
111078.572859223,106276.434064751,91372.3687516497,77706.7255056212,74326.7931425985,27200
111324.890493999,106507.888393968,91586.1252377677,77908.4084227145,74520.3753122995,27300
111542.356240774,106738.155312848,91795.540909343,78114.5244287191,74707.5986152428,27400
111761.542289781,106961.432441312,92005.9791202807,78305.1953340281,74894.9535619072,27500
111982.23616284,107177.016081757,92224.2365268605,78493.8389644491,75081.8781172116,27600
112223.874504817,107391.624666117,92435.9816944018,78682.6239823082,75269.5176359359,27700
112462.381375044,107605.260783638,92647.6214349496,78888.9092083952,75481.3031092447,27800
112694.562569975,107817.105497811,92857.4768637331,79073.9463973989,75678.4393535282,27900
112925.772396025,108026.765905725,93065.5015408179,79262.9925014655,75869.8029036831,28000
113156.013278777,108255.420550502,93268.2308979849,79461.8068877007,76061.056262247,28100
113385.28763867,108485.518911242,93476.0005784365,79661.1033641446,76250.2549661417,28200
113613.597891011,108699.623810101,93671.6161041538,79859.8954922494,76439.1470866896,28300
113839.569580116,108913.348574546,93873.2318414213,80054.3256389441,76627.5504529585,28400
114064.385752388,109146.379844166,94071.7966229787,80239.4981765503,76810.3328060902,28500
114270.342061183,109376.963177857,94273.755607272,80423.2205672012,76992.3069332028,28600
114472.522261624,109600.441524716,94486.3233231013,80608.7980094652,77192.3174309006,28700
114673.668190536,109809.69452696,94702.8222161549,80789.9687132256,77378.9886401207,28800
114918.031742628,110016.620643728,94911.312427502,80975.7216622572,77564.89466976,28900
115162.341981333,110241.810732167,95110.3974322954,81163.0877075055,77720.6156916111,29000
115400.245815523,110462.075632357,95312.591395405,81363.4821305429,77885.448869789,29100
115616.997909806,110677.88464128,95525.3738269675,81559.7185763751,78071.0499792056,29200
115809.678104331,110884.021634074,95725.1442001646,81750.0594097037,78256.1756145642,29300
116005.633164771,111085.768950511,95926.9692078647,81939.8904062922,78440.8265701703,29400
116194.264049199,111297.065678998,96125.9404482324,82127.3161020058,78625.0036391847,29500
116385.486941621,111497.508601289,96321.7233146715,82313.144436691,78808.7479268228,29600
116574.385533917,111705.1354029,96522.3205030531,82500.541346452,78992.7808029439,29700
116781.476172247,111918.23959512,96719.1808918251,82690.7188366145,79176.3458420568,29800
116994.848682044,112131.895053325,96917.2330281285,82876.6512832884,79359.4438182376,29900
117207.300142723,112345.466024111,97112.5124480154,83056.946006526,79542.0755044579,30000
117418.832866613,112556.088618507,97297.7376872183,83242.5358092522,79724.2416725867,30100
117629.449161132,112750.750427669,97490.6694142225,83424.1467853396,79899.8651624764,30200
117839.151328795,112969.076515064,97686.1930193228,83606.3368641946,80074.8965301154,30300
118046.260579345,113186.938393866,97890.5654448917,83788.0122996172,80261.2907236828,30400
118235.725179904,113395.758555327,98090.1373614878,83969.1740191223,80447.6125967341,30500
118411.360084926,113603.296270534,98281.0070157113,84153.0055940639,80629.1179933211,30600
118585.989499529,113809.998361363,98474.0741169584,84335.8226834341,80806.2954032787,30700
118759.616457625,113998.250170615,98670.9677926707,84514.9328212727,80981.9709707917,30800
118944.932453577,114182.989013757,98866.6602946863,84689.4215972883,81152.883055899,30900
119146.699380211,114362.39170866,99050.3698447262,84863.5986027941,81323.4057178125,31000
119347.566763265,114551.879471933,99230.9887488239,85038.688618366,81494.2393875297,31100
119540.39223167,114749.638632809,99410.873585055,85207.6449408811,81664.5876577384,31200
119738.323879751,114942.899142865,99589.2581336056,85384.5857964414,81833.7909826373,31300
119947.938079584,115145.619384674,99770.6427455831,85558.3712797126,82003.2981362782,31400
120146.006949853,115325.481460968,99959.734749016,85733.7245553649,82171.5687591343,31500
120338.985451112,115520.935184896,100144.844934824,85912.4038796709,82347.5203258251,31600
120518.93500462,115716.787325511,100325.466934128,86098.4819811638,82512.5373461,31700
120720.70269732,115900.359481486,100506.627724569,86279.8789576214,82677.0622936005,31800
120919.195118348,116101.343405527,100689.821582807,86469.1803551344,82841.0960861039,31900
121087.920182543,116293.186409886,100864.157761583,86645.1424854654,83005.9127617202,32000
121256.012481634,116468.200599197,101049.648050487,86814.581357653,83171.2177401748,32100
121432.078077391,116646.946812768,101227.776869785,86969.0263447141,83338.0887238241,32200
121596.218543317,116835.584338361,101400.894349489,87151.7911868062,83500.499869286,32300
121801.746151242,117027.406938355,101576.034842493,87330.0270540823,83664.2587580937,32400
121975.778329075,117213.115709203,101744.903233206,87497.5332795669,83822.061030087,32500
122148.90321227,117401.235229146,101916.968739973,87677.7394566738,83990.7799653898,32600
122345.474137077,117574.616839139,102095.057155368,87849.2025308953,84153.9222838858,32700
122560.956597812,117754.814668659,102270.758558699,88012.0175841948,84335.7066798661,32800
122758.513980186,117924.54178791,102449.497217879,88174.6539293796,84496.8992577653,32900
122920.410454395,118123.617496803,102627.705679037,88324.2624399622,84668.6803135502,33000
123080.495449796,118294.332544571,102807.970352016,88487.9448731076,84840.4565960579,33100
123238.286302187,118456.112631645,102983.654257987,88648.5500791229,85011.8054673906,33200
123413.536701404,118616.584903304,103148.837033599,88816.9881227701,85182.7276100235,33300
123592.561619303,118776.203450123,103312.643580006,88981.5461666707,85353.2237054949,33400
123770.736787747,118934.970655452,103484.490451416,89152.3187496172,85523.2944344067,33500
123948.064408705,119094.808165995,103653.74690445,89312.6789732475,85686.5681639416,33600
124124.546679361,119259.072202507,103824.35362043,89472.1734689414,85847.5632394768,33700
124305.497528125,119422.511258823,104002.531398476,89639.2888911077,86008.1034806579,33800
124496.782651785,119585.127545608,104171.01184717,89806.0099143492,86168.1896900185,33900
124680.76664186,119755.311102675,104335.203483227,89971.6976960881,86327.8226688805,34000
124843.517624243,119926.839107976,104504.791000588,90136.2200672425,86487.0032173558,34100
125004.981106385,120092.944976524,104669.790590842,90301.0557135135,86645.7321343481,34200
125168.598621138,120264.51812256,104839.956933257,90466.0825974724,86804.0102175546,34300
125339.076680708,120447.127614341,105001.21540269,90624.8169265995,86961.8382634674,34400
125519.585947551,120636.353012694,105157.61981864,90794.7146958798,87115.1228008985,34500
125682.290951595,120812.71115838,105314.277210632,90958.9352326862,87253.7970619615,34600
125846.254770916,121002.587331591,105478.60346117,91120.8089498317,87391.962310276,34700
126014.6369352,121180.892280802,105646.580382591,91283.1418633201,87546.4070788201,34800
126182.146058097,121358.263780923,105807.713404598,91440.6800825194,87704.7908351166,34900
126344.682796413,121521.393866866,105966.627364689,91589.8332473062,87884.1487528173,35000
126497.950659849,121674.183128909,106125.040332904,91755.7836132678,88054.1001937325,35100
126666.236428077,121835.373630629,106281.374219727,91911.0394028392,88209.3157606422,35200
126841.822894735,121986.577602294,106437.716503986,92071.7359483478,88367.2113031603,35300
127016.978423089,122146.505342097,106591.595089756,92223.4701983506,88517.0262941412,35400
127195.171650263,122302.241949855,106763.498797615,92374.7173680381,88679.506494472,35500
127369.525144843,122454.914917163,106919.4528918,92525.4783965899,88833.7712123052,35600
127531.379485789,122605.631983999,107078.491217987,92689.395479138,88984.2523206181,35700
127675.294538824,122748.972409593,107226.812992438,92845.3072633863,89134.2889619773,35800
127840.880798411,122910.468814077,107390.589299458,92995.7437454651,89283.8819387565,35900
128005.688625371,123068.34933445,107558.277528156,93162.9534281732,89429.8361878239,36000
128169.71997435,123211.777414302,107708.511334755,93307.8067181604,89579.7829747473,36100
128332.850876956,123382.442468333,107859.062226435,93440.2079665748,89730.0068868392,36200
128494.982179848,123547.447854234,108013.521505318,93573.6710920329,89876.8981081804,36300
128653.301470943,123686.505544742,108172.479276033,93715.9793738967,90024.4006734019,36400
128815.932600933,123821.381429728,108319.543598666,93862.7919163201,90171.4357756372,36500
128973.413562401,123969.85150951,108464.841409643,94009.4465237046,90318.0330923006,36600
129131.638407452,124119.228545937,108617.219918479,94163.4444078617,90464.1934146623,36700
129291.080371479,124259.998380258,108765.301176255,94324.255671519,90609.9175327743,36800
129441.539518848,124406.322887146,108910.185449746,94482.3989550686,90756.3096066723,36900
129594.722991646,124557.61829882,109057.16839799,94625.1931482829,90901.478792294,37000
129728.740250037,124693.887978345,109204.002746672,94767.5109667301,91052.1234784751,37100
129861.811490602,124829.653038064,109349.194319897,94909.3533457274,91201.5045909971,37200
130032.071881707,124977.295750705,109490.797050349,95049.6595512487,91348.0090033874,37300
130201.238963862,125136.75980942,109637.543627384,95191.8717089631,91500.5949771071,37400
130370.456766873,125291.824546518,109771.225732377,95335.2541199916,91649.2847238241,37500
130528.351338466,125449.468118898,109911.400479517,95477.4731474147,91797.5633103281,37600
130680.598596104,125598.043915891,110059.802689197,95624.463185005,91945.4314341041,37700
130832.103013951,125751.610104761,110207.226658931,95761.3246231267,92092.8897916279,37800
131030.110732397,125899.24383126,110341.420705639,95901.1389936683,92239.9390783671,37900
131186.745970201,126033.182804087,110492.806545316,96045.5222467748,92386.5799887829,38000
131340.001117337,126164.112523722,110622.295052038,96194.0655937095,92505.3490976242,38100
131507.117632252,126299.188517424,110770.138056574,96333.8936683515,92647.9245606288,38200
131645.089913967,126439.693877698,110906.9552098,96461.468080251,92780.3982612599,38300
131781.592184114,126589.646504682,111056.569770711,96589.5076391104,92913.9363769393,38400
131918.500681054,126727.587262421,111203.381720924,96742.5813417168,93060.1453088717,38500
132053.809291613,126872.930576179,111348.249118072,96865.6962672638,93199.5709861679,38600
132182.231556422,127006.291306652,111490.951195022,96989.7510756612,93343.5962486165,38700
132297.1795654,127144.846513124,111615.202309293,97130.0419535702,93496.7930071793,38800
132439.30066095,127281.567175989,111753.89940982,97274.5704019563,93637.100868092,38900
132580.698301587,127422.947597201,111884.917065952,97432.5166776455,93776.769632219,39000
132718.551133596,127550.233495601,112017.79541148,97582.0276268989,93916.1992382567,39100
132846.648849677,127682.123234542,112147.14656222,97723.8634581715,94055.7767778285,39200
132959.502331695,127801.49500948,112279.461142709,97853.5059163066,94195.0891554202,39300
133093.312294001,127948.790907951,112412.470001949,97985.1513574981,94347.091554184,39400
133196.83571496,128072.377250212,112553.071303981,98125.2306338597,94477.5593537986,39500
133315.130856843,128197.456096313,112687.438776125,98268.8490014735,94608.2203866348,39600
133459.14175363,128320.402815578,112812.850276312,98413.1159511371,94746.9397706755,39700
133598.822192366,128454.658980474,112940.759556436,98551.6254062974,94877.4304713172,39800
133706.871367205,128588.449212565,113075.365559857,98691.0976883502,95005.8019736317,39900
133806.856908164,128715.07866724,113204.318515963,98833.6409930563,95138.4831636619,40000
133906.080491433,128825.299914592,113339.245506432,98979.9238290996,95268.8141097835,40100
134004.544483563,128937.282796135,113471.227984295,99109.6129632406,95405.1250447154,40200
134149.534813935,129045.731700845,113596.651226886,99231.7566417822,95533.032708614,40300
134321.686240329,129157.902672734,113719.295452182,99372.9941116949,95655.7443639848,40400
134452.827291215,129291.366167749,113834.894180695,99512.6441342361,95784.3748619521,40500
134577.063691443,129423.899582649,113965.588396518,99640.480301627,95911.8486808505,40600
134684.767957726,129550.633936641,114100.770453651,99767.0576478105,96039.1037401589,40700
134812.442122653,129655.965759838,114234.938916407,99890.3784463523,96185.193976899,40800
134913.116663421,129800.041927129,114363.130305882,100019.95384841,96310.6075556103,40900
135015.883522586,129942.361335463,114492.69187255,100148.967008468,96435.6081666988,41000
135117.742317471,130065.139145536,114621.165918867,100285.85415451,96552.7331444522,41100
135246.937469531,130183.387741041,114747.994919139,100412.724533478,96676.7876273629,41200
135365.551032861,130284.979868345,114872.065039011,100547.157800325,96805.1394568759,41300
135491.169279863,130424.470723718,115000.375749504,100690.853316918,96931.4965341956,41400
135630.725667303,130544.583668532,115127.637633362,100819.546647681,97054.4439958112,41500
135764.900403192,130661.963799926,115256.395638166,100947.345922086,97176.9831565611,41600
135891.752778507,130779.337063642,115376.086830746,101079.833772729,97299.1147898967,41700
136014.378002575,130889.851280055,115485.873183663,101212.595452961,97434.1253886046,41800
136140.291911044,131011.417979029,115596.536842874,101336.168858855,97553.7648352905,41900
136263.383797246,131127.392931429,115717.371432309,101458.834273447,97675.0022095067,42000
136371.522690545,131216.375008063,115830.728047633,101579.906051062,97809.9558076891,42100
136504.030739628,131349.081847217,115938.009866955,101709.011744864,97945.2168628342,42200
136615.762410308,131468.750586186,116068.263185262,101842.084959288,98079.2851655382,42300
136740.684110791,131569.408558964,116187.347253914,101968.522491015,98212.9881337283,42400
136834.367489191,131672.455715572,116310.577653413,102094.992907631,98330.3809791857,42500
136980.647576228,131790.638168474,116433.904323447,102226.127649305,98472.5540957151,42600
137104.769448706,131908.849437877,116554.556606514,102360.031963961,98606.403041927,42700
137202.246634543,132020.461706972,116667.602661877,102480.103260127,98725.5868779518,42800
137299.04363683,132137.667298525,116784.777020326,102571.125057891,98844.3751823815,42900
137395.162411171,132257.15439285,116902.586637997,102678.865931283,98962.7686972782,43000
137490.604908602,132379.078117549,117007.204092128,102800.087292029,99052.8298282587,43100
137591.971690213,132496.485217828,117126.932272454,102935.825002418,99171.38793185,43200
137737.9837614,132605.172459552,117255.061878494,103072.069345381,99281.5767137571,43300
137842.834387489,132714.393154399,117363.718136001,103187.429157039,99412.2489354515,43400
137957.144194962,132821.650762805,117464.989105108,103324.579851367,99531.246140503,43500
138079.327902773,132945.593884542,117575.484761731,103446.404219147,99651.3173139043,43600
138200.893104167,133038.126163497,117690.499649027,103568.39453803,99771.0596875697,43700
138318.185032048,133145.635182752,117807.426323881,103687.46702845,99890.4229301299,43800
138433.770409318,133278.363376759,117913.291286847,103808.540787867,99999.0804304449,43900
138532.560268784,133388.067258899,118024.282645958,103933.519795463,100126.138899516,44000
138629.186870751,133490.825733109,118131.322491472,104051.23092749,100245.437818417,44100
138738.623078175,133594.535308274,118242.753821239,104165.231637809,100362.542766403,44200
138857.212634203,133663.44242655,118352.870373649,104279.554668956,100479.666595489,44300
138973.608934975,133764.506147811,118454.98636622,104401.041777291,100604.394067564,44400
139065.612254401,133876.768348969,118577.973392611,104514.619154963,100734.621355666,44500
139156.65674094,133972.117301236,118685.866625197,104630.487727459,100864.617451093,44600
139245.240156876,134062.603609405,118792.508608687,104737.793817238,100996.008386405,44700
139349.023176364,134163.423073896,118906.450384211,104848.653516104,101126.128524484,44800
139446.242143004,134262.888088802,119010.025613434,104963.284705801,101238.030698175,44900
139561.263536281,134363.527864008,119110.427750109,105075.429156283,101346.627847488,45000
139669.931751423,134460.364907871,119207.536469502,105193.528343309,101454.840494782,45100
139783.076347539,134534.856661334,119306.612586338,105307.869546701,101562.669381898,45200
139887.40796532,134622.815167668,119410.892537114,105411.289032378,101670.265472984,45300
139967.821668165,134700.655213656,119516.030006229,105521.002208501,101776.173105614,45400
140038.428857619,134777.137046709,119619.091740894,105631.613854467,101870.886303025,45500
140116.874392448,134870.16213713,119730.632575399,105745.620171391,101967.202955789,45600
140214.198301298,134966.135953832,119832.258285471,105861.537220561,102076.60684549,45700
140311.562941016,135074.728899641,119924.978625738,105970.869545451,102178.535906749,45800
140401.287928162,135163.2863229,120033.14222965,106078.4710844,102276.234538412,45900
140475.836181316,135250.95051083,120127.771184778,106191.006599389,102393.009501558,46000
140560.06131957,135349.635833594,120231.115096218,106308.326378331,102518.181593903,46100
140673.115059931,135451.945623107,120331.682202311,106436.399665014,102622.366975576,46200
140733.655072394,135545.002695445,120421.703050804,106548.8909423,102708.079411706,46300
140818.460768757,135643.729512125,120512.378296011,106645.508264789,102769.398900624,46400
140882.007127315,135739.220427459,120594.470678645,106754.87410674,102858.054150935,46500
140943.93991027,135837.98960656,120699.750429671,106871.991682426,102962.618503062,46600
141018.395243327,135938.263778877,120798.707745437,106970.018314475,103072.791671741,46700
141086.427994405,136030.283041984,120893.994468079,107059.997270359,103189.502760296,46800
141158.960034024,136125.532958001,120984.846695576,107140.937234257,103306.009714514,46900
141233.743110947,136216.180383036,121082.999967359,107240.878174828,103422.178052608,47000
141307.106637411,136298.327266166,121179.289142226,107335.129385224,103512.481659851,47100
141396.862492332,136377.179703569,121270.022991058,107438.880787296,103608.290914623,47200
141513.98105846,136479.107604625,121358.785210234,107555.843195895,103694.650203215,47300
141630.564745874,136582.284692842,121448.9384278,107660.338355583,103785.060129814,47400
141720.492826609,136680.473177978,121536.948959564,107775.553045025,103876.965160854,47500
141782.726160868,136770.90358277,121626.743558,107880.164072744,103961.162475107,47600
141859.720529774,136842.411434729,121722.975235667,107970.36422288,104081.513035239,47700
141951.580932876,136921.159381878,121823.396821649,108069.698038735,104166.148249746,47800
142042.851644739,137000.911380551,121913.126653913,108170.564481871,104228.867961362,47900
142133.561795878,137066.632247289,122015.025426808,108272.178138155,104342.45319143,48000
142203.939837042,137140.044213175,122114.376807936,108378.59332539,104464.898953555,48100
142269.622889633,137231.774175103,122208.995703515,108492.330658148,104582.204881433,48200
142334.137712924,137311.229892428,122284.699427374,108602.774302251,104678.232704653,48300
142397.861931749,137378.682807473,122364.037654261,108713.575671102,104751.765671804,48400
142461.006573423,137457.585332615,122451.070155802,108823.797400197,104831.903264762,48500
142523.049973327,137538.670149473,122540.750846082,108918.418673589,104931.269571504,48600
142583.750022614,137637.752766324,122626.251952883,109001.101661866,105033.517715244,48700
142696.37216922,137737.492284985,122723.492591055,109092.582072764,105140.187107761,48800
142745.605550546,137833.998782962,122807.925422327,109181.255883055,105244.259134907,48900
142795.919592352,137913.844757645,122897.500316324,109285.560317811,105336.017759043,49000
142914.262992275,137981.334627523,122991.392897249,109370.261494383,105446.198837768,49100
143019.592785954,138066.575494813,123082.080250881,109455.357859537,105541.869031934,49200
143077.637728344,138136.505604121,123157.945690978,109550.236382991,105616.057320098,49300
143145.633379369,138210.435479742,123239.713379606,109644.931320207,105712.17891697,49400
143217.177011236,138285.094936398,123324.301199228,109741.744485207,105798.358022195,49500
143265.961163357,138370.611171651,123407.74990634,109856.913395834,105882.044138738,49600
143340.141771849,138434.54381735,123499.51898363,109965.265530356,105983.267577991,49700
143413.782849439,138504.8725709,123594.22181679,110040.651872359,106091.767320151,49800
143477.703480727,138578.673249415,123678.710818113,110121.014673791,106189.680824253,49900
143539.654620789,138649.522124254,123771.012508251,110219.705004435,106283.976377381,50000
143614.604099552,138717.098321995,123860.64044928,110312.706229615,106377.183004995,50100
143694.664316722,138793.453861469,123935.484653701,110401.40826145,106470.224628408,50200
143773.577710894,138871.347978041,123990.676546782,110501.449032852,106537.580385655,50300
143828.564357125,138949.749645861,124070.084762688,110597.870248432,106617.042220351,50400
143899.734764855,139018.078266157,124165.74276821,110690.645892778,106686.561964445,50500
143986.938326837,139089.231698876,124235.820777397,110776.447295354,106787.652830355,50600
144073.632037288,139166.955886593,124300.172459717,110863.917309935,106892.290493757,50700
144157.883395252,139234.632362122,124372.557495061,110950.301638166,106983.714615752,50800
144183.13591021,139295.930655341,124451.516026049,111028.283109094,107054.286450316,50900
144220.071695388,139350.036267742,124529.548935215,111127.197986627,107124.667255273,51000
144309.528066656,139423.288730499,124605.051930123,111202.078586923,107220.279622607,51100
144352.561108178,139496.877473647,124679.683039123,111277.692734204,107318.950575783,51200
144392.837208127,139551.676251776,124752.659407452,111362.384415701,107381.146825916,51300
144433.910954686,139602.313158319,124835.325698676,111456.767766139,107467.303926076,51400
144485.430168868,139659.599597269,124917.776914729,111553.150266219,107563.968923128,51500
144542.177458285,139716.842373079,124992.639272029,111625.436615284,107652.323129104,51600
144622.739808878,139783.943010693,125060.408260262,111708.849178074,107724.198297931,51700
144676.737627208,139850.879078369,125129.722500898,111787.593133968,107803.560767184,51800
144754.891734198,139886.422214774,125209.005965787,111865.494315233,107883.211808844,51900
144829.174541733,139977.44345382,125289.8937965,111926.911283544,107966.360026389,52000
144865.018852695,140069.15843429,125362.248455915,112008.76683424,108055.789571567,52100
144949.012806996,140116.258491044,125440.178140097,112091.413170835,108144.907651422,52200
145010.47463453,140168.108159778,125522.705177501,112164.51478759,108233.702026875,52300
145069.245981222,140230.494745717,125592.482659843,112235.608127707,108322.173298916,52400
145127.054037814,140300.264322872,125666.278369195,112300.641916936,108387.993379132,52500
145175.413459911,140366.01519799,125751.023848615,112367.116429451,108467.364688082,52600
145218.032211874,140434.604924284,125814.567948269,112431.193071355,108549.43077751,52700
145253.772317413,140486.377285245,125875.726212205,112511.90919551,108632.373321717,52800
145286.471640561,140531.544685393,125934.208841736,112585.154058905,108715.07638269,52900
145318.659064023,140545.819710876,126011.710237304,112684.259617079,108797.59569964,53000
145353.748708671,140596.232384279,126070.759481919,112769.626548734,108879.996945977,53100
145428.400725618,140659.734402041,126128.742018976,112856.299554918,108962.074203472,53200
145473.349168574,140722.995954326,126196.53665567,112932.59316814,109043.45746673,53300
145505.826927515,140787.354395942,126256.892071454,112999.601449339,109112.006337251,53400
145565.790606841,140846.35353284,126320.928942494,113082.091621759,109188.709167371,53500
145626.888870599,140889.579622874,126390.998110931,113163.348948996,109271.758100495,53600
145687.467904999,140924.656166873,126463.198547736,113231.11585975,109355.689431558,53700
145732.459106039,140965.335976444,126537.927696419,113302.515566775,109438.716095028,53800
145790.753580733,141009.626870508,126594.104653518,113369.159419706,109520.944924736,53900
145831.225823763,141056.010250579,126657.526821318,113448.904559156,109603.116661428,54000
145869.089769041,141099.816645043,126728.868424569,113522.909294293,109686.242543596,54100
145899.370801108,141137.038623653,126793.055255157,113595.485361666,109773.312867412,54200
145949.56264882,141188.201272259,126847.778265443,113677.591124018,109841.987769141,54300
145986.140301275,141259.046559186,126908.95462356,113738.841364385,109914.909777183,54400
146009.902969124,141309.254948182,126968.413442273,113799.972844205,109986.711975092,54500
146051.88364875,141360.440992949,127027.345835655,113880.140940123,110058.538821522,54600
146097.204872229,141415.584464449,127084.153602901,113956.205615127,110145.146941086,54700
146175.292827238,141462.319226274,127139.384821532,114033.039692313,110214.69582933,54800
146251.483467403,141510.030655159,127208.141321087,114099.382025415,110268.039047637,54900
146315.120696554,141563.690872641,127272.923611816,114155.858847449,110326.493533001,55000
146361.101561838,141613.306116253,127338.929417485,114207.764710077,110424.436469572,55100
146395.819385712,141667.40944765,127397.223567544,114274.255989985,110522.391791835,55200
146433.445824459,141695.638744978,127462.388551191,114343.4481968,110600.539748498,55300
146484.196037924,141737.92720738,127525.432233849,114416.7321943,110658.775326587,55400
146562.618656666,141769.183347925,127585.193790312,114499.842302663,110743.31307157,55500
146604.078353511,141831.876315752,127653.03249099,114554.901730701,110817.999632866,55600
146625.723527164,141885.431548562,127717.239012692,114604.226840894,110897.694354289,55700
146651.452699718,141920.23446092,127781.611053002,114687.367427444,110976.647382667,55800
146679.079026199,141955.626284274,127841.693962822,114742.21212721,111032.172519658,55900
146728.549362405,141986.543915995,127903.809846181,114811.063721553,111095.752937208,56000
146781.653608889,142025.038976587,127960.242968547,114854.338334931,111165.240965506,56100
146833.29169392,142060.066354008,128018.31160755,114903.893240978,111233.470397684,56200
146934.662001333,142114.824881745,128081.613536278,114966.649121876,111299.649883045,56300
146975.345720715,142158.528871285,128148.078166167,115022.520731485,111368.70572583,56400
147006.856533217,142208.547277042,128212.27780383,115095.265277874,111429.631484313,56500
147036.140517614,142239.711855123,128274.651929647,115148.243890691,111496.152175672,56600
147078.227801105,142272.980052406,128328.774009664,115205.327685671,111556.8676985,56700
147126.922203681,142346.952121488,128371.588152866,115289.186804722,111626.098272619,56800
147173.755826805,142391.211062571,128427.930386187,115372.750024651,111689.574994095,56900
147213.02541091,142435.043901148,128483.278791697,115417.372029308,111770.219220675,57000
147265.99481186,142476.252811941,128525.380555594,115468.838721425,111815.263819225,57100
147332.058765172,142509.612787603,128582.199209927,115533.073851143,111866.703598842,57200
147388.760721322,142561.003185734,128632.602246618,115601.312120674,111925.135678918,57300
147441.919427778,142637.262262567,128681.582852532,115681.968697521,111983.257209495,57400
147463.277621925,142681.677420216,128729.330430685,115734.759193396,112041.06886315,57500
147497.308711633,142711.933581851,128783.40169964,115786.501779364,112098.571311281,57600
147564.304430244,142770.281502729,128845.341352579,115849.678774389,112155.359953763,57700
147619.269868389,142828.696648481,128905.216443049,115909.790082029,112225.288595639,57800
147639.635662329,142881.255301814,128962.45190729,115972.260429812,112306.31863642,57900
147703.189565045,142912.072138896,129018.782973585,116043.432330061,112371.820680823,58000
147721.525712894,142959.813004886,129053.079543745,116103.63060306,112428.320059633,58100
147783.707487615,142992.109510923,129096.039445277,116154.897137208,112475.153644388,58200
147841.887378718,143026.239109153,129137.438117407,116205.933275852,112536.51675062,58300
147889.486668505,143073.922049998,129187.399299598,116258.278029103,112609.771333412,58400
147914.760130402,143118.265358211,129234.948027839,116309.485831304,112654.03066978,58500
147939.334828637,143155.215893131,129290.632563055,116357.872657199,112722.799206876,58600
147963.48276734,143204.735994038,129340.969004326,116427.826527304,112759.696510795,58700
147994.190541717,143251.394612996,129386.08960348,116511.084613763,112820.446195693,58800
148020.062963857,143290.767625863,129440.00336996,116563.597901952,112871.185993332,58900
148032.900842644,143313.711273006,129493.566373026,116605.744938823,112928.547659729,59000
148053.081001658,143368.135697044,129546.508236064,116647.630424293,112967.779296365,59100
148078.495693064,143395.06038018,129590.655754634,116692.68763056,113005.751722863,59200
148117.491539424,143437.065332812,129644.971145061,116755.833061408,113047.017055956,59300
148143.831310324,143439.825471003,129692.80444856,116827.960987847,113099.626936404,59400
148183.903427005,143471.212193866,129746.369837117,116902.927930082,113162.040328754,59500
148222.483890996,143525.276227055,129783.607313144,116959.200510096,113206.528223548,59600
148259.662005309,143600.962676724,129826.000267648,117004.742342419,113265.937872003,59700
148297.344003365,143655.76011673,129874.524604664,117057.638656048,113327.484329753,59800
148334.623563509,143701.91607071,129919.577291755,117099.913505813,113388.92352384,59900
148375.200117238,143743.039147082,129977.611413,117135.630886503,113461.050859773,60000
148440.987557662,143783.172331121,130010.917442608,117197.568010165,113511.419586493,60100
148485.426329726,143826.199164884,130049.567778334,117244.645558786,113576.017084383,60200
148535.077369114,143860.862956082,130088.521506111,117285.551801962,113631.818735174,60300
148580.67004064,143902.819580623,130130.074270599,117335.742437074,113691.160394311,60400
148614.416194739,143939.873277983,130176.899330157,117398.55054158,113750.227151108,60500
148657.78066202,143999.998820149,130214.109528474,117456.243044435,113810.411201125,60600
148704.8970534,144027.794230084,130256.49527317,117534.945157259,113863.02614542,60700
148750.516992064,144080.806057608,130296.009427672,117592.094594643,113911.346260878,60800
148797.502589478,144086.509999305,130341.917968468,117648.633618677,113957.125112889,60900
148843.671888174,144120.725572434,130384.210399452,117695.321066311,114001.657604344,61000
148886.811896535,144152.494012901,130434.970616444,117756.213062903,114046.277596799,61100
148910.943619385,144177.133416029,130469.098544256,117798.935609231,114088.534350969,61200
148908.170848861,144214.938178351,130504.556221957,117857.709191568,114131.373884351,61300
148933.769312474,144257.534611651,130553.988895474,117912.336917493,114175.457238186,61400
148965.545572172,144288.654407125,130594.736107011,117960.760724351,114219.254824446,61500
149011.539108526,144331.842770878,130632.899755032,117998.883994085,114280.084828054,61600
149027.580106841,144349.505046084,130673.254208333,118033.018080248,114326.975389665,61700
149037.052938447,144366.76639912,130715.918667762,118077.265469574,114363.312756483,61800
149046.136132416,144394.955503408,130744.926713008,118121.498354429,114411.766116032,61900
149070.65669045,144438.471243135,130786.103131291,118183.003584188,114473.734790637,62000
149067.912958015,144457.975554664,130822.305059331,118224.02969058,114540.966009921,62100
149091.875888927,144505.331427544,130857.233927207,118263.510652933,114582.260667822,62200
149116.815297943,144517.570688919,130891.134784503,118309.162593903,114621.159229692,62300
149141.465155318,144540.038378951,130926.180224065,118342.95878607,114671.69708664,62400
149166.241452034,144541.224704055,130956.379835668,118388.025515989,114707.108906509,62500
149190.55917766,144563.20403945,130997.285471598,118421.76472417,114740.08063902,62600
149203.736082907,144575.418508848,131013.714684514,118441.220904677,114778.027920545,62700
149241.256351319,144597.099025529,131056.486993626,118500.230758311,114807.425717891,62800
149277.756677285,144625.302764785,131095.632653014,118529.257328835,114854.666600272,62900
149284.476399255,144678.173818562,131130.719036764,118557.842421316,114909.355609301,63000
149328.709265196,144715.488023053,131157.278088101,118593.872395108,114967.714881989,63100
149342.475582497,144725.000968344,131182.91233547,118643.917467098,115000.905204509,63200
149377.868615385,144761.899557828,131222.135403978,118698.321088796,115059.187253124,63300
149381.332451784,144793.196827518,131263.879684021,118742.767971397,115119.632769997,63400
149425.811000952,144848.712099985,131292.487601757,118779.124146918,115180.515054449,63500
149444.143727817,144870.117003996,131314.912792384,118812.336506831,115232.64744778,63600
149456.764551083,144874.170523222,131356.372637036,118844.374605941,115285.334917101,63700
149469.698894461,144877.867121012,131395.397658215,118884.924782325,115323.99418693,63800
149499.112088872,144892.109882773,131436.926237569,118945.455403141,115362.383083327,63900
149534.795094111,144903.856690073,131450.16782991,118975.899652141,115399.836791929,64000
149560.819290919,144906.102252124,131471.270593243,119003.615417166,115458.397374461,64100
149610.055498115,144929.495783262,131504.876870076,119030.239371974,115498.971408018,64200
149616.361496047,144924.058991477,131543.467222843,119054.4943714,115527.77419766,64300
149655.173337544,144928.366683957,131580.557773576,119081.026491584,115556.30467935,64400
149676.297919661,144930.205737255,131613.100329969,119120.240993992,115584.705477237,64500
149705.224880537,144941.631585998,131651.878957328,119174.13854224,115628.697572119,64600
149713.046192767,144951.279626644,131688.139326881,119222.593480277,115673.884950193,64700
149721.732190497,145019.329434929,131712.345562623,119267.819160866,115692.562843287,64800
149735.080680579,145054.29230046,131751.310281762,119313.051755226,115717.289658209,64900
149740.575684038,145064.989102511,131767.978772039,119352.590758885,115761.33210202,65000
149756.019858179,145063.448905436,131805.009714614,119366.769735746,115814.218383939,65100
149761.594134017,145091.295672644,131834.388549023,119411.429147876,115825.895782042,65200
149751.858276352,145119.126315431,131857.946984323,119459.735712626,115861.916196558,65300
149764.93817062,145141.371410318,131883.858794342,119507.019967911,115906.048396848,65400
149781.844649016,145183.21355466,131914.857522312,119532.200060669,115940.17132679,65500
149816.783970892,145195.373487205,131936.416568794,119569.135340451,115995.533910869,65600
149813.992295923,145206.675627245,131955.772735154,119590.956764733,116033.270913044,65700
149835.157555429,145189.535849714,131971.348727091,119634.230524305,116066.226903675,65800
149856.240790964,145169.984495737,131989.610604473,119652.070514936,116088.459839683,65900
149886.03241999,145196.74085737,132020.226715801,119671.149741074,116136.834190634,66000
149876.024504234,145231.257851643,132042.945026854,119722.755573969,116200.08155537,66100
149898.096999529,145240.573422589,132068.200947459,119755.37037435,116260.581387252,66200
149944.876180458,145285.315197352,132082.383104339,119789.219193759,116290.721663412,66300
149975.938752673,145302.991120666,132096.367395601,119836.844641613,116315.434380808,66400
149988.180748522,145285.853269902,132109.324641756,119863.723245,116335.011054684,66500
150032.612228578,145304.835089269,132123.645139399,119864.324552118,116357.049051992,66600
150053.495314953,145338.112807281,132139.898825076,119871.774893087,116392.8402705,66700
150091.054164974,145364.818018278,132166.303662568,119902.211162978,116420.844908487,66800
150101.327117551,145390.152950854,132193.940499699,119943.598721786,116439.818904794,66900
150136.999330405,145384.762733653,132227.470775135,119987.619265226,116459.780757181,67000
150142.552566272,145382.610972041,132249.867758394,120012.88131127,116496.192732309,67100
150161.10974551,145395.956655186,132282.001664536,120047.751205546,116542.530524096,67200
150141.655111743,145418.460381939,132318.524911902,120067.921452622,116585.763233598,67300
150127.327756246,145441.166804252,132328.62507356,120102.094527229,116596.47534673,67400
150137.22825261,145442.501642766,132355.622471293,120097.53594056,116631.268980044,67500
150156.174274683,145427.903681892,132370.067069141,120116.067962445,116661.804398344,67600
150131.170955857,145427.892430024,132389.468150861,120151.992308202,116696.250743623,67700
150154.507126857,145435.849702567,132415.329470169,120182.374616289,116697.740934632,67800
150178.315866221,145428.128538782,132436.488043854,120212.170765717,116715.986670334,67900
150207.641310823,145419.521882082,132434.392494919,120261.069104061,116736.649118141,68000
150212.898808915,145409.970272664,132436.460375819,120289.279507946,116763.063565418,68100
150211.926225507,145419.111571674,132441.214920474,120314.690156076,116793.792284589,68200
150207.892065683,145428.406836533,132464.768872595,120338.306801018,116827.401288644,68300
150207.858861047,145426.459955644,132463.768571114,120363.770226478,116867.317067228,68400
150234.141466583,145464.966503048,132484.120986436,120397.520854465,116901.594332893,68500
150250.236444716,145479.03108014,132502.81623993,120435.174408188,116935.632441478,68600
150244.117883595,145477.981330364,132521.064940393,120465.748551251,116973.177872028,68700
150280.03570936,145503.592073051,132530.365078886,120475.459530344,117005.667755482,68800
150268.078532422,145502.86398033,132540.515573647,120490.262288998,117036.316935446,68900
150242.270885758,145528.914747238,132559.587831892,120505.839786658,117069.40352207,69000
150240.796718676,145544.811377915,132555.87863446,120538.517182673,117102.253500463,69100
150270.14002046,145572.924004889,132571.729775081,120574.003962296,117134.902652457,69200
150265.534969584,145603.837518733,132578.006148105,120602.263584057,117158.009288959,69300
150255.504730049,145590.796363339,132602.114495467,120629.739878153,117177.652649474,69400
150292.773178104,145602.004963243,132610.608333042,120641.346974959,117198.049563272,69500
150349.282610129,145648.99042004,132630.451576813,120675.860506283,117217.836489099,69600
150402.055371972,145664.385143908,132640.529620703,120699.288477338,117238.769745182,69700
150413.928068257,145699.678549104,132653.219194527,120717.31908195,117242.247703682,69800
150418.738937177,145728.428231827,132668.706008831,120738.223891607,117264.869501684,69900
150414.221185268,145736.508853842,132681.35008935,120722.765948389,117286.91701552,70000
150448.312823013,145744.29249339,132702.128456601,120748.610422676,117294.316170935,70100
150496.344428431,145765.65336308,132707.752681003,120769.115355654,117319.680398356,70200
150487.64239072,145784.683025707,132716.374419199,120776.324596215,117327.97426775,70300
150471.424213734,145783.883065466,132724.084976615,120789.294542877,117349.676292721,70400
150455.93764516,145799.743649301,132740.980101733,120813.796071496,117349.494043699,70500
150438.486404515,145820.467514699,132742.7446092,120822.917103751,117381.213684758,70600
150421.101718593,145830.904619319,132751.16680904,120839.460997104,117407.051295331,70700
150426.115364999,145839.929705466,132773.252093058,120851.287145567,117417.064867697,70800
150431.895060399,145847.780757099,132774.453308994,120871.652268035,117434.362398538,70900
150455.285878464,145860.773677005,132772.416615178,120893.862265946,117472.149450254,71000
150472.420683982,145867.576172682,132779.519799051,120922.57803756,117498.440112102,71100
150485.76172502,145872.350252655,132797.775352772,120929.613159597,117517.018213157,71200
150477.837531281,145882.898301256,132806.226087277,120930.783489385,117544.611427479,71300
150496.85453595,145909.784159826,132813.822219579,120932.66611531,117559.704450552,71400
150506.467103524,145901.723550992,132823.919886571,120953.475067841,117590.366116317,71500
150531.068621626,145913.536181475,132840.166630501,120985.551038084,117597.33336223,71600
150525.478118789,145928.484474392,132853.08883071,121011.560660851,117581.107867428,71700
150519.750507365,145911.765418854,132855.025118881,121027.712191107,117599.261064481,71800
150508.508398374,145919.68700753,132863.308995722,121036.770066305,117633.473648141,71900
150496.620174718,145911.349433664,132862.767704525,121020.148334419,117637.38583869,72000
150512.902743096,145900.263445797,132877.271214928,121046.988786452,117650.427278912,72100
150533.14821816,145902.345576339,132898.101884715,121037.24891513,117647.635741111,72200
150552.890041819,145916.758600323,132922.275784333,121049.648953274,117664.055028716,72300
150600.935703264,145914.431274838,132934.612958396,121062.522603019,117680.508659519,72400
150607.289081893,145916.66591983,132949.812900721,121068.370343569,117712.883935812,72500
150577.652475623,145913.000116931,132947.435282603,121077.053221923,117734.46294068,72600
150546.267140677,145921.265663442,132932.066864186,121082.100472027,117736.545456107,72700
150515.337959595,145945.04144692,132932.682569294,121075.665089401,117760.277440086,72800
150506.862526186,145949.531889304,132945.665794379,121079.573143154,117780.004543381,72900
150524.498152307,145966.175774465,132933.172769965,121081.246549291,117786.653747101,73000
150481.794491962,145977.583365162,132943.583057521,121066.676956915,117796.698228005,73100
150481.737704205,145972.243562766,132951.614164427,121076.361968557,117804.05522547,73200
150469.677002538,145969.051955938,132952.733856547,121085.160607768,117816.162082718,73300
150449.138847848,145967.425214025,132967.747156923,121110.307512605,117828.671444518,73400
150419.185864334,145947.37916278,132975.344185554,121108.972492373,117839.77492085,73500
150385.230542436,145925.848116064,132962.569424103,121109.138268908,117851.130752014,73600
150388.214710814,145916.505269542,132963.859637634,121126.336167258,117862.270097973,73700
150369.693618888,145893.433856141,132970.322204784,121137.55155986,117864.504847245,73800
150404.876621677,145899.262947291,132977.840679261,121134.530599452,117873.940942401,73900
150416.257088682,145900.941850377,132994.275012101,121116.037720768,117886.395658574,74000
150441.383389636,145898.102744937,133001.476129589,121113.361688759,117870.85810845,74100
150435.631981006,145897.026166833,132998.796064064,121141.619230832,117862.7525799,74200
150456.944398732,145893.546062864,132991.17448542,121122.910951565,117859.879678464,74300
150493.066916058,145888.419074955,132977.32517759,121123.355846291,117860.630416068,74400
150496.017100422,145868.786806612,132980.383078603,121122.797375499,117873.648374236,74500
150465.055621093,145875.681024514,132989.417476778,121119.01574706,117887.638702898,74600
150434.634772992,145901.180042404,132979.189014951,121091.408761452,117901.636351394,74700
150425.433238714,145903.513334223,132973.137560942,121100.92032292,117937.528969743,74800
150403.977335856,145909.736927865,132974.667299019,121118.065639432,117956.865376147,74900
150378.029122729,145934.177510792,132967.113945175,121133.793939681,117964.058439074,75000
150380.57355057,145939.251826001,132980.106509869,121120.918488026,117965.919307137,75100
150338.172696675,145939.644091715,132970.842562498,121095.226288395,117972.592026183,75200
150329.333904416,145938.216236422,132971.891990395,121116.193671238,117979.852359522,75300
150324.503041198,145937.048447966,132962.74130066,121150.30879969,117990.743159387,75400
150355.590920177,145939.809539438,132966.021423617,121173.974839068,118002.207159554,75500
150398.895343893,145935.899947511,132963.056024813,121166.912968241,118010.339512309,75600
150407.675932991,145933.404390246,132953.783162597,121179.643899744,118025.379470549,75700
150410.640165549,145930.298181403,132965.099667922,121201.201835909,118035.928555203,75800
150413.518292315,145902.019521083,132969.866247591,121200.491566628,118055.117051764,75900
150402.666493366,145882.783577627,132969.175670052,121177.297829905,118061.720649696,76000
150392.072201038,145879.472861544,132974.5153418,121165.434701841,118067.275064337,76100
150377.472446868,145876.486090987,132963.818624252,121193.917792504,118071.924719951,76200
150389.760463268,145859.461099284,132950.045874491,121178.723651293,118058.334058225,76300
150403.052548943,145853.44422922,132946.215921898,121196.544707827,118043.006832339,76400
150415.332418095,145847.374119153,132939.513256112,121195.801603725,118049.343255418,76500
150427.356287453,145838.250246432,132934.866628129,121209.103342542,118077.073182213,76600
150429.214333601,145841.094859583,132953.18151583,121191.861106351,118066.622041574,76700
150414.81052843,145839.195588428,132953.36696154,121181.657744832,118055.971234385,76800
150381.167079075,145847.539838294,132949.902000268,121170.053642527,118056.545917583,76900
150350.036335969,145850.556253355,132948.154624147,121171.186143714,118059.2543676,77000
150350.06168392,145851.399653025,132945.827506354,121157.469750833,118045.419848061,77100
150349.83445863,145853.025735179,132945.207206144,121157.586051037,118056.831639586,77200
150344.812879456,145835.529942222,132934.198751447,121154.084249628,118066.97861562,77300
150324.812871682,145816.677271376,132926.560553772,121172.477232297,118068.989270635,77400
150277.659778358,145810.210784113,132915.371850746,121163.981568322,118077.46165045,77500
150236.582496787,145829.891653251,132926.217722524,121162.140635268,118071.576743344,77600
150230.721005363,145835.62787968,132922.165615868,121159.038270777,118060.558609296,77700
150233.484567019,145850.010921779,132919.275210085,121141.172134859,118054.885043494,77800
150257.42961969,145846.370301765,132910.887488886,121149.25129603,118052.996185581,77900
150255.878715739,145838.877781136,132902.758154446,121149.15448806,118053.212752938,78000
150230.380332898,145835.475632196,132903.717817472,121143.347615775,118036.050211223,78100
150203.785941382,145813.211050709,132895.201904431,121137.50583201,118035.647122622,78200
150178.10909167,145799.275931224,132883.516915291,121131.553716973,118021.945976281,78300
150149.651369886,145779.128813074,132875.866906011,121113.488438641,118001.096031354,78400
150124.172775409,145775.74610653,132875.08996049,121116.256468854,117995.137956764,78500
150096.58109266,145778.462052559,132868.185728447,121115.044994218,117980.282811184,78600
150068.751579064,145796.930749216,132874.576001462,121111.330336239,117966.829970519,78700
150052.053056608,145769.972263125,132861.77414218,121105.572199817,117951.359425289,78800
150061.817235017,145774.644507236,132860.295373287,121094.878713532,117940.376834052,78900
150077.035659002,145760.363295019,132850.43692567,121094.91126451,117942.468822606,79000
150092.015146042,145721.632360461,132822.807561509,121086.562350485,117931.345415601,79100
150127.360643217,145683.188648535,132810.956138862,121075.665603463,117911.611317809,79200
150121.259451962,145696.850009658,132791.471473914,121048.525712245,117921.564160279,79300
150135.52533987,145702.690045059,132773.888954617,121043.628720366,117912.060098694,79400
150149.554428892,145694.226082286,132760.857733828,121029.579841577,117900.352071568,79500
150162.24862983,145682.947897807,132734.962573069,121007.742542789,117888.4586817,79600
150175.254039619,145675.625524359,132724.937618973,121011.772835975,117876.380453736,79700
150188.348708079,145653.506897806,132705.463476526,121002.861894911,117854.232143632,79800
150200.154615405,145642.774178055,132688.539161314,120973.749143106,117834.490089569,79900
150207.424997975,145610.135390404,132678.951658456,120969.772751059,117802.660308928,80000
150224.992079823,145590.684045852,132667.422903122,120970.625388634,117789.931947069,80100
150235.204752952,145571.972014211,132650.906778298,120957.350018822,117766.639395417,80200
150218.017930486,145552.34595428,132640.187286159,120915.701757131,117742.372146525,80300
150251.003966013,145534.81772888,132623.549924601,120904.397493099,117704.136728716,80400
150230.739038502,145517.314885425,132616.422579807,120878.458562646,117725.376921297,80500
150209.16880474,145516.934039022,132600.661849886,120872.48159095,117715.876739429,80600
150139.571578606,145521.040343185,132588.255607005,120842.00909964,117701.764477353,80700
150141.432517041,145519.227751778,132574.080223793,120835.104338352,117692.530043426,80800
150141.927766322,145524.908251752,132562.199010684,120818.982441354,117678.586848728,80900
150125.340706842,145537.988776596,132540.327116376,120825.341612225,117674.972341749,81000
150126.199653799,145548.56331557,132521.625248913,120832.258083418,117671.178659867,81100
150120.384364872,145541.989436286,132512.340520609,120796.567107359,117642.266675024,81200
150112.941594235,145510.11452232,132503.169627922,120783.023080147,117612.115553727,81300
150118.940600763,145506.912698387,132498.755480079,120786.376044002,117614.371516182,81400
150124.046906691,145502.260088434,132490.633040813,120773.681633612,117611.640165599,81500
150126.668913799,145539.625857595,132472.780165018,120797.133739639,117592.836321073,81600
150127.069672985,145494.980616221,132470.3790796,120784.871953747,117573.87343558,81700
150129.811504073,145508.491278051,132454.729562506,120775.054500848,117553.799674538,81800
150127.396086114,145496.708597033,132427.253243578,120761.482836733,117532.828309884,81900
150097.937875161,145453.934950246,132423.123139447,120729.726509949,117513.140235692,82000
150066.903672437,145426.886485069,132401.723995101,120714.077664625,117495.679220675,82100
150051.343596452,145400.912339872,132404.173231098,120702.646162063,117471.166048896,82200
150014.419582512,145368.447875003,132379.663432104,120692.844756258,117456.84085832,82300
150030.355215572,145346.679382494,132346.009284409,120661.723209173,117430.013594274,82400
150009.323618257,145353.901216002,132335.858916769,120631.419794667,117408.887386797,82500
149958.925148894,145333.431237587,132314.44101749,120625.762387875,117387.772132949,82600
149924.491441001,145343.072914786,132297.455007028,120612.930889831,117372.919761098,82700
149908.166485614,145316.115983397,132277.326761703,120609.53721317,117374.639505821,82800
149893.460494682,145286.809007166,132268.165946627,120601.23123144,117346.681092169,82900
149884.730536394,145278.695805469,132249.038437264,120577.849190531,117307.863839396,83000
149841.798886392,145263.688262329,132226.649160924,120565.009067846,117308.630335699,83100
149832.835896739,145247.626954491,132201.750765967,120536.904863737,117313.417215374,83200
149830.651783178,145226.92812967,132185.049831184,120523.232408778,117302.43224838,83300
149821.444163881,145212.122123832,132168.627905164,120516.664376708,117285.549468331,83400
149797.71542991,145209.361894018,132173.882794306,120501.802072454,117284.997308634,83500
149809.236290532,145225.746190367,132169.527371998,120484.693046616,117266.519339021,83600
149820.375888284,145221.511421299,132158.095387004,120460.924059732,117249.17351421,83700
149814.327398817,145217.593825801,132130.960637725,120440.800084168,117228.047581681,83800
149814.969571655,145196.769864564,132105.168502227,120415.794167429,117210.697319565,83900
149809.478727924,145180.805112813,132072.04789499,120391.579860057,117191.214032906,84000
149778.802195333,145174.364746051,132049.854901362,120359.697213521,117166.879999004,84100
149803.942949849,145150.386565283,132025.903096743,120324.282861344,117148.996555027,84200
149753.422768259,145123.595822621,132007.967234821,120296.960856494,117115.725575131,84300
149747.62784668,145106.382798989,131975.389046193,120291.079711467,117093.504623017,84400
149726.97768513,145071.729504573,131956.264799137,120272.52657777,117067.411197938,84500
149696.768345107,145082.74362928,131938.91009846,120250.763137749,117020.361683468,84600
149700.718485981,145055.02648125,131923.159514499,120207.72542248,117020.744823617,84700
149724.295920291,145041.134195354,131908.417079639,120181.424331875,117003.586038111,84800
149709.146574857,145052.134581661,131886.254254622,120176.034081623,117005.618760211,84900
149700.304748909,145068.297062897,131868.821941387,120143.564546453,116967.926220004,85000
149681.994960928,145038.994009268,131857.841721355,120098.253387219,116933.057413023,85100
149701.220953481,145022.623300421,131820.999917279,120069.304377376,116906.941657677,85200
149667.573439719,144983.055289105,131793.487542814,120052.182731665,116884.298970126,85300
149616.261379117,144961.698227115,131767.346296286,120030.723965039,116862.542454066,85400
149597.318184007,144931.644019149,131752.299101541,120007.951187603,116839.160112684,85500
149586.614725902,144913.849325431,131728.635202378,119985.100502645,116815.622689453,85600
149579.952251768,144881.776968059,131689.774876243,119954.827033836,116798.225952554,85700
149582.286571837,144861.809289047,131653.75920543,119931.609057967,116782.95699128,85800
149566.951558631,144812.702858046,131629.359477267,119932.270355187,116768.451379284,85900
149550.855988375,144821.942785794,131606.435708367,119908.348593376,116764.250956253,86000
149540.390842231,144791.469884766,131589.910203138,119860.247161067,116741.763146588,86100
149492.288065065,144790.043937015,131572.590555339,119805.590780438,116718.362345391,86200
149499.220941607,144787.150180799,131532.55989564,119789.165804725,116694.608096852,86300
149479.08257335,144778.842767461,131521.975914663,119771.367252245,116667.400985788,86400
149485.377877597,144742.116505069,131496.034949145,119768.257341433,116642.57445125,86500
149467.676750611,144684.611833304,131484.942410847,119740.844936969,116626.227491909,86600
149459.657894633,144661.058630706,131471.476545263,119726.688676641,116600.431841696,86700
149428.912006207,144669.814986459,131443.961804689,119708.946022735,116564.005389578,86800
149395.751050934,144668.872500611,131414.148112179,119682.745370281,116522.013727817,86900
149367.536332686,144634.675078102,131383.151607946,119656.409890204,116503.381086924,87000
149405.027920073,144619.420359737,131355.500010358,119641.217871001,116471.183526708,87100
149366.723167924,144620.225942523,131331.489852362,119617.141394618,116437.266477626,87200
149377.212061409,144590.186651277,131317.530234912,119594.104472764,116398.675602012,87300
149323.687021584,144560.71173679,131288.053796249,119563.061760748,116371.939761268,87400
149286.899995592,144544.925932115,131276.700037135,119535.994409078,116356.944206016,87500
149263.274531008,144518.394974079,131256.573375617,119504.657599305,116336.655793256,87600
149242.054146714,144494.356071891,131222.29372679,119482.60128958,116325.342583685,87700
149219.640476275,144478.417185861,131204.353083705,119440.430463812,116293.554625227,87800
149205.023036661,144503.094576564,131170.40206145,119418.351296335,116270.906357697,87900
149205.783538204,144496.457366191,131137.214634758,119390.21124942,116243.641246224,88000
149209.342178041,144487.092210776,131099.701041392,119358.942944784,116211.472944953,88100
149186.177635371,144469.243830634,131067.926892239,119323.391249266,116174.737480587,88200
149171.51938843,144448.077395017,131041.270566911,119307.582620721,116136.239565498,88300
149149.988675047,144434.477285962,131018.85269449,119255.2188425,116098.083700804,88400
149164.398465991,144400.496844818,130999.856189955,119199.644262512,116060.309576962,88500
149186.626656927,144384.98699708,130972.707420732,119159.08305273,116025.412542117,88600
149208.668199066,144370.542721093,130936.546872953,119128.815776191,115997.188280709,88700
149230.473404751,144357.087591389,130901.556563921,119099.051762585,115977.175991318,88800
149196.328764516,144315.843572651,130861.724113983,119066.64888116,115966.8077033,88900
149155.507486936,144274.977413219,130823.413650121,119024.41631321,115957.735630749,89000
149120.559879545,144247.804172902,130814.732771821,118990.125793508,115930.9661883,89100
149114.029738515,144219.439751802,130786.555658183,118959.296617528,115886.938730981,89200
149114.066432845,144200.16623499,130747.131077401,118944.959053071,115845.117606619,89300
149108.522900149,144173.242172253,130716.969890478,118901.274499031,115804.452384415,89400
149133.363420257,144132.914522369,130688.423183816,118881.272264369,115773.499759582,89500
149093.304430904,144113.046281865,130674.282247356,118862.572328771,115738.841602235,89600
149085.28257261,144071.965883019,130648.361742012,118843.191908895,115731.826538284,89700
149077.684304315,144046.541945469,130627.6547524,118821.396814569,115724.657797127,89800
149047.169984304,144025.669487605,130602.450919888,118794.724286788,115693.241666206,89900
149004.639599299,144012.818770692,130568.523506922,118750.978771656,115649.476973343,90000
148965.369178277,143981.448628823,130543.263520121,118735.085706516,115609.060606373,90100
148925.324995415,143993.680622029,130507.885110584,118716.371836115,115561.988544974,90200
148885.444924495,143978.02347667,130487.718367144,118687.162622998,115524.728191733,90300
148848.98013414,143929.210011299,130451.220046046,118649.241968515,115488.858793475,90400
148838.391005266,143921.948102208,130425.661916242,118612.749990102,115445.318058244,90500
148843.126649772,143874.012021875,130397.61041078,118580.48659442,115424.24450228,90600
148820.615942173,143840.181389371,130370.812416195,118540.625900483,115405.346617455,90700
148786.895845653,143813.734745731,130339.859766142,118504.154763948,115364.330786248,90800
148751.455923832,143787.119077928,130321.822269551,118464.193922533,115332.577603438,90900
148715.844483435,143761.307788218,130301.660095834,118431.912000299,115296.101710946,91000
148679.072923821,143729.554450795,130275.512720089,118387.641570252,115269.229895024,91100
148659.099064349,143700.425299148,130233.466506143,118344.556438938,115237.703597036,91200
148617.097459496,143682.662781057,130209.868160599,118311.331387254,115195.751620186,91300
148573.077386441,143665.934144648,130180.111875172,118287.073777956,115172.859803297,91400
148528.088391652,143640.958596222,130137.159758199,118253.469872964,115126.967387675,91500
148526.816304717,143632.031424838,130108.663532882,118223.790623212,115080.326218805,91600
148547.956352111,143625.452403739,130065.613089682,118177.089370655,115031.550396957,91700
148568.9227754,143607.10521189,130025.529840045,118144.728846234,114988.847063879,91800
148569.340941304,143606.012848991,129998.821911753,118115.927570731,114934.358117989,91900
148578.04037338,143607.678705512,129953.919023857,118084.923684524,114886.641115429,92000
148578.697528985,143593.737557863,129914.487593175,118032.647915197,114844.790234557,92100
148559.692764877,143573.202933679,129883.563021288,118007.212914669,114802.819280568,92200
148585.085948672,143548.151468356,129854.346336322,117949.681049627,114754.483713784,92300
148589.876972529,143540.142565534,129820.663309589,117911.258359396,114716.47956975,92400
148549.913957758,143492.847788667,129792.867766983,117871.5498311,114673.638195826,92500
148497.535365742,143457.241185265,129756.871569433,117844.11095185,114626.500266925,92600
148483.259637758,143434.918547285,129716.859455529,117797.894004617,114579.248106034,92700
148460.890329418,143412.16217671,129681.911485892,117770.916742812,114531.882158439,92800
148430.213204314,143407.714368753,129666.358289064,117730.619799831,114489.808843494,92900
148387.757925731,143382.524443886,129640.466380509,117698.097723529,114448.230430273,93000
148348.82430229,143363.280226716,129605.021024137,117661.123918522,114405.848754601,93100
148311.831891857,143346.889974922,129573.567971833,117640.829233561,114363.92637098,93200
148318.597381408,143314.935382477,129557.049787335,117578.672540328,114304.557573877,93300
148356.232275302,143282.389992181,129533.067876956,117542.501050347,114248.664803134,93400
148378.727636506,143255.194173523,129505.348285602,117507.724620257,114200.530903041,93500
148377.410830658,143221.342566824,129475.1970154,117446.091542236,114181.708966275,93600
148315.002018421,143180.462262273,129433.441217332,117389.298036291,114120.998929514,93700
148280.939964905,143171.27844762,129390.695829735,117341.22046856,114070.961551999,93800
148291.297714519,143139.114701526,129362.034186401,117285.650152644,114008.686083549,93900
148263.020511718,143102.614801098,129334.29688196,117230.24557111,113951.079470854,94000
148245.07738617,143083.899387767,129308.121367314,117201.69795063,113893.26992706,94100
148258.722671675,143070.087968738,129278.821048425,117150.107632681,113828.778808526,94200
148271.504517055,143054.796708018,129243.9341033,117134.979654916,113772.052031976,94300
148286.654833679,143052.482731701,129222.476760443,117099.969393395,113725.925472212,94400
148299.03183491,143019.009184199,129179.070116245,117070.745607465,113671.82833044,94500
148302.61471807,142995.584424971,129142.266620571,117008.127235335,113621.779939823,94600
148282.163642281,142959.991867737,129112.239211886,116985.417315441,113567.754123222,94700
148290.675112256,142915.120104302,129083.232321055,116936.012672909,113510.14737908,94800
148283.119422546,142880.336063014,129043.20860326,116886.559381184,113460.13782771,94900
148261.109453952,142840.629353051,129003.568935534,116836.208136945,113403.451482302,95000
148221.950156731,142812.901330816,128965.529410821,116777.061221178,113346.73997165,95100
148186.083479829,142793.341330238,128931.168670001,116727.552835861,113299.463238019,95200
148176.782387461,142797.104610014,128884.376264351,116689.674734937,113260.580077416,95300
148149.315065562,142788.087731554,128843.569963074,116639.805959366,113221.694118283,95400
148143.389680403,142784.395571336,128805.415438233,116593.554872845,113183.09549621,95500
148128.478937738,142765.895355767,128772.430805362,116549.273075531,113125.311702654,95600
148133.419820189,142741.080247263,128731.904139268,116506.08842506,113083.861154429,95700
148115.016865235,142703.632689335,128694.257711378,116466.358220934,113042.851783592,95800
148076.747514896,142678.739337852,128650.459275759,116410.467277723,112998.750444867,95900
148038.238380886,142655.988463671,128613.187044642,116364.062557817,112947.690007285,96000
148014.359188242,142642.342403514,128590.742613332,116310.200131994,112897.009033117,96100
147990.303070807,142622.409141476,128554.165274193,116281.620584201,112841.251623214,96200
147965.067759675,142590.006849285,128518.139596913,116247.939518537,112794.888537926,96300
147927.371215335,142579.895649589,128489.371755975,116187.680341917,112743.693128637,96400
147894.520994185,142560.756285648,128442.668091497,116133.001634415,112712.289012395,96500
147851.530169504,142537.385305504,128409.946551999,116071.877931961,112669.715367003,96600
147838.748589011,142509.289379562,128396.061829224,116050.700182486,112632.879278876,96700
147831.552198739,142485.242957096,128359.218084739,115979.753796458,112605.241491589,96800
147821.251887376,142458.60370046,128307.608528876,115942.595458977,112582.143274317,96900
147797.463784928,142403.644140537,128262.81600938,115907.284963511,112523.862703329,97000
147772.771429169,142366.964087465,128220.654144868,115861.894393171,112476.470654854,97100
147756.040701533,142355.7127863,128199.493953023,115831.631274322,112435.976915563,97200
147741.600615764,142321.847811257,128152.725097476,115779.235174027,112395.893504282,97300
147714.915719696,142286.246758615,128109.790385145,115737.158144333,112344.011261831,97400
147686.815365049,142253.42946179,128060.38924116,115676.850863538,112277.930014443,97500
147647.547301172,142225.779144005,128014.135010115,115592.290280598,112210.151664858,97600
147619.86111673,142208.141552602,127976.001594881,115557.790296997,112142.694434084,97700
147582.655215588,142179.756742444,127930.001871048,115512.837920164,112075.160342561,97800
147567.494359214,142142.496990624,127893.779912806,115461.759720603,112025.865138267,97900
147546.823439667,142109.635915367,127856.102740762,115403.723307746,111973.067092653,98000
147519.318810206,142079.677743699,127809.195511529,115352.014840159,111911.991039907,98100
147513.61494733,142039.25750646,127759.644421191,115296.728319464,111846.309336163,98200
147532.555588331,142002.787537826,127735.580084611,115252.032506436,111781.929221927,98300
147517.864874653,141989.683996002,127703.943431149,115216.657004917,111721.138298842,98400
147515.169219529,141965.03079461,127663.680542918,115174.245422908,111671.420511256,98500
147505.657403192,141939.712218238,127637.162659951,115139.615866823,111605.585516698,98600
147479.870368852,141908.042823814,127592.194199394,115092.522239578,111540.187042223,98700
147438.94967823,141863.900390191,127547.174458659,115052.656468534,111488.162564581,98800
147432.965441982,141852.914284627,127520.500102619,115003.815262515,111471.741368275,98900
147402.703748521,141815.650732152,127495.530600476,114946.457437045,111415.690312676,99000
147362.855195915,141802.563933955,127458.455394286,114903.483875421,111341.208176962,99100
147322.494739112,141764.441024533,127416.118112565,114859.495126972,111298.276224288,99200
147269.718273829,141754.739679462,127374.587104032,114805.538856445,111238.738888191,99300
147236.872562723,141716.544098051,127335.649282259,114771.526580176,111175.949968944,99400
147207.076726497,141681.115081776,127282.707303153,114725.655627773,111170.599128897,99500
147196.629123031,141656.637130379,127245.743781171,114674.447026183,111135.503251468,99600
147180.929324262,141630.480168012,127206.235610136,114632.600481649,111074.445643261,99700
147143.903526692,141623.126292608,127167.305537231,114591.872856675,111012.929200212,99800
147105.588222621,141583.07833342,127130.924282302,114536.964694007,110950.910389672,99900
147033.893392031,141540.570112176,127096.475211825,114506.616402329,110908.261071903,1e+05
147024.663326264,141500.410894949,127059.620926971,114445.26959964,110832.640923209,100100
146995.930982565,141465.033254261,127011.987040087,114379.651775568,110781.001332632,100200
146953.564212086,141443.648101374,126957.580204062,114314.182963179,110743.89262267,100300
146915.294332425,141422.125630847,126910.067287342,114281.378361521,110695.028808036,100400
146899.617230322,141411.85557274,126864.187378096,114222.180901987,110636.790345438,100500
146886.027607277,141385.921798253,126814.790099454,114166.572527413,110565.852515178,100600
146890.028206113,141361.550590928,126765.424416538,114122.36683279,110498.883396801,100700
146895.614744412,141347.569884031,126715.482229604,114086.973611543,110416.904695478,100800
146873.996051612,141320.111950448,126670.344244363,114033.029261646,110361.11252831,100900
146870.170168997,141288.553367687,126615.772341189,113977.373219825,110323.534507972,101000
146873.839911015,141257.094121862,126580.339023113,113923.979045872,110273.090060651,101100
146877.004292977,141232.259368846,126545.560738015,113894.947078259,110232.108600295,101200
146850.939427434,141203.848737372,126487.807881,113854.50160369,110163.996212246,101300
146818.251448881,141173.26088317,126449.286649177,113796.55021846,110095.818650115,101400
146784.846925886,141154.841017637,126405.654921808,113754.300009252,110022.920655249,101500
146741.196211783,141138.832775981,126363.681931877,113711.617907087,109962.137431984,101600
146691.291105594,141087.640594969,126331.798978645,113649.689827614,109901.030225566,101700
146641.261297009,141056.837151809,126274.76189503,113584.110289467,109840.990600885,101800
146591.107203537,141025.772664249,126224.635297633,113529.572291873,109809.869509402,101900
146543.91070656,140991.999668984,126180.028456233,113478.681008894,109725.961298101,102000
146531.418422544,140977.362904806,126140.217777612,113405.485184416,109658.708973342,102100
146518.775471454,140961.678522117,126110.774061497,113361.479854113,109603.599833941,102200
146495.31936286,140933.307709535,126071.210757243,113317.569080797,109546.925163075,102300
146484.73504785,140903.000310363,126033.480498564,113273.567299242,109490.428081428,102400
146452.652310388,140872.565083518,125991.745164428,113214.97936489,109440.493721521,102500
146406.0513855,140842.002376608,125938.000931634,113155.501922763,109391.281509104,102600
146377.204097853,140819.382281404,125884.607961067,113088.852663068,109337.108509534,102700
146332.993045311,140785.743559877,125848.134213466,113034.127925059,109280.781654834,102800
146300.642703308,140737.203851177,125791.198256068,112963.483944702,109223.171119558,102900
146282.687516888,140710.665499185,125747.426825106,112920.661761924,109165.376785286,103000
146262.605616171,140687.458675468,125707.044388114,112891.67038213,109107.77267227,103100
146253.790518006,140652.569653136,125661.080380303,112820.602368835,109055.36951206,103200
146227.638842333,140611.709281115,125623.643063191,112771.850213413,108984.774305851,103300
146182.036510779,140568.498852929,125583.508648393,112715.077607936,108920.057528384,103400
146170.773203308,140532.977414526,125543.231377515,112657.937169138,108862.409863324,103500
146125.007939369,140508.078446893,125495.574837228,112593.179005926,108798.913879626,103600
146078.266210748,140477.180899854,125452.664303768,112544.01461645,108741.277848642,103700
146031.403639081,140446.186476809,125400.043906873,112502.668392825,108683.57130113,103800
145984.420611717,140431.076883641,125344.656330695,112450.487981882,108621.559714149,103900
145937.218098972,140401.798911111,125295.956122503,112392.51810109,108564.995124383,104000
145893.889532938,140369.409596307,125250.656725444,112340.750915975,108516.266046719,104100
145857.420194685,140335.516346491,125212.086258514,112292.50023821,108458.331090888,104200
145819.596616307,140306.246836547,125154.642909598,112209.449139768,108400.327227633,104300
145784.645938066,140276.891348015,125095.151848917,112133.976976371,108342.254791871,104400
145750.376080119,140245.808173507,125043.832639637,112077.03027533,108284.114117673,104500
145715.981432584,140211.676728693,124989.452216177,112021.143050847,108225.905538263,104600
145680.843545908,140187.072504126,124942.640396229,111964.922752802,108167.629386026,104700
145643.407677649,140146.208817743,124898.334084909,111897.599291407,108126.343386287,104800
145605.84891313,140127.942911145,124858.135927015,111816.214507705,108104.447899034,104900
145572.764463119,140075.647794433,124804.621377325,111762.175626216,108048.807479451,105000
145561.336576449,140054.457733047,124755.264767246,111706.195558343,107993.097865289,105100
145539.773393861,140006.978050893,124713.586984058,111653.424479207,107935.740149751,105200
145507.654884273,139976.403532621,124665.982865425,111595.998607728,107879.557547721,105300
145486.599317779,139946.722573474,124612.736236114,111519.874533752,107822.892615112,105400
145466.586729815,139926.889689107,124546.443276396,111473.335521675,107766.756036634,105500
145446.770134442,139904.032241751,124489.172052722,111429.986377823,107720.308041642,105600
145425.29253362,139857.012383441,124443.823681022,111378.500180388,107655.339390732,105700
145390.232599868,139812.160793301,124383.062688037,111321.71925897,107585.78187863,105800
145334.166359535,139789.3067911,124328.662689374,111266.418460711,107526.995510233,105900
145255.743554631,139768.970098014,124274.960875646,111211.046051777,107479.016575436,106000
145231.330034285,139743.109489084,124227.013444574,111149.436262324,107395.357252974,106100
145206.791722285,139721.853809433,124176.464595271,111067.16572955,107326.182534294,106200
145171.307536528,139688.485975859,124124.868955255,111024.75362155,107291.596308811,106300
145143.409847692,139652.561269966,124077.737757375,110980.866945786,107251.006086736,106400
145105.270465454,139609.688346549,124026.860496976,110920.445477186,107194.920079389,106500
145067.200197011,139571.514025873,123982.3499868,110869.521937345,107136.470304584,106600
145050.91241591,139521.367273164,123924.383419826,110801.776689144,107079.10686955,106700
145029.186943123,139507.24825786,123872.051151602,110749.985815643,107019.647924803,106800
145016.130093687,139480.04781828,123822.99594186,110685.403243848,106954.087349007,106900
145003.066333647,139431.947097931,123789.582801524,110603.114590822,106890.071929879,107000
144989.639532438,139398.881437138,123757.19997746,110540.615742583,106814.695256811,107100
144965.992710346,139348.256710839,123711.132711689,110472.362658561,106747.036298473,107200
144929.839886595,139321.16714998,123668.747412381,110414.130609223,106695.590609461,107300
144873.246728669,139299.005869399,123617.956460195,110348.692850234,106589.364903681,107400
144833.847806992,139282.317941247,123561.057319321,110314.631090478,106514.199644687,107500
144818.932535644,139263.740172618,123512.242384796,110259.765427821,106454.337325023,107600
144803.893730096,139239.803576747,123460.983590142,110187.590658197,106418.604467603,107700
144788.731661282,139200.802429679,123416.380196835,110120.734004391,106381.151592582,107800
144764.680005074,139138.583676659,123369.181320174,110061.810239526,106303.411062182,107900
144757.46231027,139101.681887739,123325.189837581,109995.561398979,106225.636257075,108000
144732.804712985,139070.804702182,123275.445341535,109921.995470292,106163.437390281,108100
144712.953315434,139036.979979818,123223.221350224,109845.360602035,106095.594178973,108200
144694.242004372,138995.431562363,123167.665472674,109785.521157639,106033.612647541,108300
144685.116913187,138985.30233543,123112.966251446,109720.843922496,105989.102474294,108400
144678.705994799,138955.505305512,123070.728954171,109649.624029279,105933.399694077,108500
144662.892725723,138921.907067389,123023.224814313,109568.679710608,105868.937716907,108600
144646.309070442,138871.741832697,122975.238849636,109500.024953083,105804.425263107,108700
144629.551025573,138826.378136399,122914.613333222,109435.465495821,105758.303996548,108800
144612.672769111,138782.09266471,122874.131661114,109370.351654285,105673.548754486,108900
144581.309152156,138738.030803873,122818.337343487,109318.864001139,105610.15213239,109000
144553.876201035,138694.750076012,122761.994086866,109269.299146459,105545.427743041,109100
144504.207276177,138654.52068351,122705.770783277,109218.222439663,105480.661687594,109200
144463.446523114,138641.80085728,122657.487144612,109162.96589336,105427.357790419,109300
144422.576488538,138605.348045422,122615.624855733,109099.619217889,105367.092720325,109400
144381.597492569,138554.498279132,122571.427864738,109030.353707899,105306.237801354,109500
144340.449170631,138503.551656251,122519.258734014,108961.750783111,105245.398243025,109600
144345.762726431,138475.834210696,122464.306783809,108893.22596368,105184.48604005,109700
144361.524429519,138458.76113064,122415.3471396,108827.616770593,105118.181781605,109800
144312.647043664,138406.1924792,122361.622152805,108771.954455309,105050.676189834,109900
144262.594725383,138355.625387694,122302.361266002,108717.837935725,104989.672708757,110000
144259.547105916,138358.231884402,122242.093349613,108690.2052736,104928.67803853,110100
144262.223444166,138359.164755209,122199.217891391,108620.274327593,104863.763566765,110200
144229.678300499,138321.975616227,122160.331452984,108554.216379682,104795.65989222,110300
144179.859616351,138275.391859396,122111.587940915,108474.909695828,104726.249775987,110400
144123.694064399,138211.881531038,122055.744703644,108405.093737434,104657.115359002,110500
144082.368312357,138173.507629796,122005.607973787,108335.780467773,104583.267050059,110600
144079.87415841,138157.504822227,121946.525128001,108276.962749218,104508.737194655,110700
144051.165797172,138120.20451421,121896.942743804,108197.973250143,104434.724382816,110800
144003.622079594,138098.773634861,121847.208385808,108147.75025389,104375.274803176,110900
143973.457103463,138039.52662078,121790.220919576,108103.504341482,104313.672730165,111000
143948.384420268,138002.849261047,121735.568521184,108029.113553234,104248.305270034,111100
143923.199523379,137953.466813631,121682.204391886,107958.329008918,104193.567393606,111200
143881.606906314,137919.853241162,121623.666278032,107885.977935798,104121.219991685,111300
143846.115051389,137926.845031658,121571.53229134,107814.93794636,104069.358202474,111400
143815.527999716,137891.585402646,121514.444545265,107740.456561041,104020.023434109,111500
143806.063389194,137875.648468521,121456.294339446,107667.69939813,103955.830652736,111600
143773.74286215,137863.175045117,121397.569735725,107605.778961327,103906.543420852,111700
143759.536574519,137845.821446369,121331.135087715,107534.706969587,103844.574396288,111800
143746.287757637,137809.788833283,121279.148230796,107467.201003748,103783.712981802,111900
143720.299054421,137755.446474239,121216.278494256,107416.506382992,103732.062698653,112000
143683.33716805,137728.672878689,121163.024950145,107357.913449707,103680.355467607,112100
143643.148199364,137709.82573441,121110.87671386,107299.480085917,103621.318248402,112200
143602.85647498,137676.566582097,121070.973071537,107243.510313371,103563.699286186,112300
143581.108893663,137627.947787535,121026.971276132,107180.789541999,103501.530495216,112400
143562.596043374,137584.121708679,120968.673564015,107119.977839418,103445.62066867,112500
143564.179244222,137538.417723825,120920.407593819,107050.896633281,103390.345669587,112600
143540.568470182,137499.411901683,120875.62983031,106966.316258749,103330.904568056,112700
143518.782659287,137477.556416501,120826.995723226,106893.171788178,103268.807410923,112800
143507.745194401,137446.967760937,120774.697369943,106825.698064058,103206.781466176,112900
143489.989267543,137411.259872317,120722.554016345,106775.971056061,103144.034340937,113000
143452.611804826,137380.610027792,120657.997367112,106698.036695634,103064.447089878,113100
143433.596259843,137349.859677521,120601.296722787,106618.551413134,102998.428733507,113200
143415.054720471,137319.00908164,120551.859479631,106543.593487515,102920.314768981,113300
143396.403897961,137269.789814733,120501.540505188,106474.710963279,102836.939523081,113400
143377.494257428,137240.995439945,120454.405187879,106411.322849119,102760.585125715,113500
143357.743543745,137215.815106144,120405.259329829,106345.529445067,102684.880772909,113600
143337.884503715,137179.52404555,120341.074047521,106268.4003165,102613.898216812,113700
143317.917378375,137136.268431822,120287.500536473,106219.423011946,102536.491705045,113800
143297.842408384,137080.108358474,120229.95733865,106156.085888896,102459.064469455,113900
143277.659834022,137042.981775806,120175.205854537,106092.704757851,102381.616783976,114000
143257.08301127,137011.948190519,120117.670218256,106029.279886084,102305.55060578,114100
143229.104124956,136971.929614362,120064.277290099,105956.896299826,102229.463969851,114200
143184.010324597,136931.817733986,120000.881662708,105882.290771662,102153.663730124,114300
143134.630351051,136883.729396051,119942.036842271,105804.695295626,102083.438419191,114400
143085.158110168,136839.742709124,119902.43732836,105743.928503345,102013.183454057,114500
143035.59390023,136771.373710103,119851.877329605,105683.92113511,101942.899098433,114600
143012.840736246,136728.429561488,119796.328255395,105600.630661621,101873.458817086,114700
142991.334488786,136706.985126144,119740.667834811,105546.536443762,101807.290977417,114800
142950.950224968,136679.4553439,119689.948610572,105494.786827253,101732.585274215,114900
142909.803655374,136643.555291772,119634.501445868,105429.794643715,101657.359142562,115000
142871.25898331,136594.360428728,119583.249388926,105354.689765702,101582.809672026,115100
142834.974609006,136560.750292386,119524.612356687,105281.056652369,101516.621550021,115200
142787.102001732,136522.011900434,119475.535735172,105217.116709833,101452.339977527,115300
142746.946441007,136480.875430218,119414.108010553,105158.426360577,101382.589460465,115400
142707.760135036,136439.648903628,119354.854242861,105092.931191827,101319.283085849,115500
142666.866653497,136397.81430844,119288.226988784,105023.276887323,101263.297614667,115600
142625.325030962,136355.78096901,119228.56673046,104970.281718524,101206.041253489,115700
142583.689024349,136325.283027903,119167.967605817,104898.261871961,101150.793323517,115800
142541.958907213,136292.496967284,119108.519828639,104843.247269452,101097.003467941,115900
142510.923128052,136268.037870374,119053.345662282,104781.471531042,101037.493901731,116000
142493.17746508,136226.827983439,119000.626507083,104712.392138342,100980.284736318,116100
142476.01910553,136187.992389697,118937.584117822,104645.183109882,100924.959979682,116200
142426.803055619,136150.88880051,118881.674880497,104589.93112251,100850.124938083,116300
142410.264374693,136096.239573647,118830.463735406,104514.56376958,100778.302977524,116400
142392.992723017,136056.834174718,118780.178776273,104441.978318751,100712.699886375,116500
142349.391648231,136029.920623766,118720.086308422,104363.951784636,100641.085458316,116600
142325.74692204,135980.289764526,118651.176536479,104295.343055402,100565.402905199,116700
142309.015230362,135954.357955681,118592.911981842,104229.127798126,100490.762860611,116800
142290.411023132,135921.225789282,118544.898939733,104163.550461542,100416.104657673,116900
142270.067120674,135887.862599143,118492.686253918,104087.239022463,100338.292126903,117000
142249.336484005,135854.900734757,118433.588210252,104026.069094759,100247.032263503,117100
142228.505184133,135821.412868478,118375.32689082,103966.216062396,100155.189772451,117200
142207.573443066,135786.301659239,118328.951199687,103899.035210449,100087.961360352,117300
142177.739958627,135742.318920832,118270.038959559,103820.919816135,100028.062425092,117400
142140.695767283,135708.065376523,118219.973146593,103739.982021438,99949.7504797023,117500
142076.631898013,135662.698297916,118152.785459691,103670.071171949,99877.2837273992,117600
142010.890023683,135615.572442777,118093.075572231,103614.652683877,99807.7832362349,117700
141939.854776088,135576.415040603,118036.01232553,103552.901445039,99737.0905938078,117800
141863.768714097,135548.66672527,117978.965940368,103478.500326859,99661.9807288334,117900
141816.642282791,135505.457559912,117929.198306558,103422.97707522,99586.8557938869,118000
141763.568298191,135461.165905525,117873.766324484,103350.231783207,99504.981282143,118100
141740.944381151,135423.222467541,117821.841877476,103289.334077182,99421.2152438385,118200
141706.243906627,135391.426841846,117767.692888707,103222.523658083,99337.4487081596,118300
141690.30079946,135366.686941967,117707.577648238,103156.741364481,99264.4628967828,118400
141673.433271203,135335.327157209,117650.647769188,103088.189052313,99193.6288843657,118500
141654.965221753,135294.469741136,117612.598004482,103029.081802846,99135.8031418059,118600
141636.399145295,135242.3546694,117552.052175037,102959.230318097,99052.1354001518,118700
141593.59051128,135190.163818826,117491.455767615,102901.50894146,98985.3425237997,118800
141575.559554716,135137.897454061,117436.615437957,102845.358452684,98910.141649808,118900
141527.362755088,135084.840377778,117378.86337956,102773.392731044,98834.5106339373,119000
141478.834008128,135031.569752409,117306.346795077,102720.91546958,98758.5732380283,119100
141447.946039206,134991.536661347,117245.766194563,102648.558016699,98683.7445341635,119200
141426.796755068,134957.617129719,117182.619483693,102580.053544134,98610.0161539244,119300
141404.447660673,134923.611542168,117112.953319499,102514.714354264,98543.9429693891,119400
141382.338320676,134878.135413329,117049.451006775,102450.290671341,98470.8924810497,119500
141325.246310556,134829.125173408,116992.191672011,102373.077341768,98381.3698625327,119600
141267.824584276,134792.034665675,116943.040054237,102296.872169429,98305.7444383231,119700
141217.806234213,134759.275211003,116893.860047772,102212.585845365,98230.1085900708,119800
141191.545555618,134710.819036862,116846.10704304,102143.353389731,98154.682224113,119900
141150.893365914,134663.188329826,116798.651410332,102073.557725447,98078.806532228,120000
141089.464882024,134641.137316271,116736.089907752,101999.246774419,98003.1407762737,120100
141051.344896067,134570.749129538,116690.824239298,101908.694091126,97927.4655035529,120200
141025.162785366,134517.26240814,116630.262933405,101843.164739726,97851.780939133,120300
140971.147436129,134468.000318459,116570.330229342,101766.627929643,97774.4055700902,120400
140908.419812553,134429.650554564,116515.391378602,101720.00675023,97688.4095486663,120500
140863.887781413,134396.409177676,116469.627610694,101644.177769331,97624.6737359028,120600
140830.594493229,134348.996924334,116415.583779873,101577.565105773,97548.9542414389,120700
140793.560704509,134306.709142503,116354.08333566,101509.886752919,97473.2265701864,120800
140751.099785737,134271.466009596,116298.70619695,101435.778287958,97397.4909430534,120900
140734.853308768,134227.789277491,116243.548751688,101361.080722152,97321.7475802608,121000
140716.831938148,134175.207724144,116178.942251985,101282.849540702,97238.5996421723,121100
140671.042042807,134145.213707759,116109.093995409,101205.141711771,97166.0806948974,121200
140619.870399885,134092.82376129,116033.708362531,101139.81817929,97094.8758723164,121300
140586.483279297,134042.225576184,115969.885728484,101064.490405862,97018.8079155178,121400
140553.84813236,133982.388146471,115911.354068639,100982.37962538,96944.1253679868,121500
140521.125383884,133943.301209538,115856.739572525,100901.847306879,96887.8230447193,121600
140487.564166524,133898.212955202,115792.941745788,100832.538452479,96831.7448794035,121700
140449.874582823,133853.522455531,115735.850185468,100757.278774254,96744.0699536306,121800
140421.356948041,133806.177926211,115682.105068274,100689.90465783,96655.8104633069,121900
140392.048976474,133750.59551192,115614.514443969,100619.044184938,96567.5665902428,122000
140354.352734416,133726.872206837,115554.247340205,100550.905176242,96489.5791147484,122100
140317.33789214,133679.610732854,115487.06249222,100477.206434893,96431.6918479137,122200
140254.864890434,133629.78629928,115417.460771289,100397.624087808,96371.9168098425,122300
140192.020142042,133581.151957306,115364.142170123,100335.112293639,96293.4141097229,122400
140132.949354943,133548.937380285,115303.940868812,100264.82783253,96212.0571792372,122500
140077.570356847,133501.360913621,115252.893376253,100182.419246604,96137.1878693555,122600
140022.120088674,133465.888864908,115192.360095607,100102.511278266,96087.4102318201,122700
139966.598804124,133411.982924311,115129.125790189,100032.785016272,96037.7805343694,122800
139911.006756391,133369.313336704,115067.701228563,99960.6142125174,95988.1130851342,122900
139891.308555192,133334.268315786,115009.509156089,99891.6269636923,95938.4080726488,123000
139839.995703736,133283.581207174,114945.988529147,99827.8070731993,95865.0266970105,123100
139788.215024897,133232.517099295,114874.869871264,99760.6293383632,95779.2633673904,123200
139736.361904883,133195.503959762,114806.043646701,99690.4230003715,95693.7809738598,123300
139686.003133423,133159.635668926,114739.770511252,99620.7749132479,95608.3125571961,123400
139679.487740493,133104.115987415,114689.953170315,99544.0425159219,95549.1978190937,123500
139611.563995602,133066.004324979,114611.283537128,99460.4665786698,95476.6776506154,123600
139531.759056168,133032.303070316,114555.873640539,99387.6862184106,95392.2420951899,123700
139467.871967994,132985.282605981,114500.4231917,99319.5858225135,95298.3876902444,123800
139414.159153409,132940.853483571,114447.163922383,99252.9430378475,95205.0176904681,123900
139408.132587488,132912.105905069,114391.498297018,99194.3653750693,95122.5296640388,124000
139383.416179489,132880.218448292,114328.406124145,99136.8853857496,95051.275073534,124100
139335.822050227,132813.752219345,114267.692840045,99072.74188644,94981.6761602979,124200
139314.493592973,132781.60547818,114208.035053814,98996.5125248694,94901.2548970555,124300
139273.63273621,132737.726408697,114148.866920896,98932.0046112699,94818.9482054683,124400
139181.990287943,132673.12186104,114090.90084004,98855.8789040735,94748.6990420972,124500
139089.16622104,132620.170226355,114035.801396778,98783.2834718582,94672.2420179495,124600
138996.172287372,132570.203474372,113981.250042482,98712.7074805801,94605.2502892848,124700
138934.021498784,132522.1771921,113921.474629659,98643.0048660392,94537.1333545154,124800
138896.696580077,132474.480060101,113862.405554879,98581.6723585842,94446.7549191326,124900
138847.690638485,132446.669148874,113806.237710649,98515.1406007984,94363.6712494462,125000
138805.857762041,132415.842376344,113752.35836548,98455.9504707623,94290.0923104346,125100
138763.948867596,132378.864110051,113702.513585619,98393.8160231071,94219.341639169,125200
138721.210269938,132339.309036344,113636.058876808,98315.1132284925,94135.5624146779,125300
138677.71044569,132299.527242154,113569.524222115,98241.145083049,94052.4595816735,125400
138634.13620348,132259.673335593,113511.784948549,98181.7276833462,93987.6443289886,125500
138589.348069059,132219.747522981,113455.384976319,98110.9774375407,93905.1116793495,125600
138558.455037135,132180.091145787,113396.370203059,98036.9175733923,93816.3663970075,125700
138528.675346367,132130.697164293,113337.31455147,97931.0479514825,93727.6456758028,125800
138499.307679584,132087.920780884,113282.841225108,97865.3479241516,93638.9496989158,125900
138469.823018027,132037.623865032,113229.652223003,97797.4960028444,93571.0513000095,126000
138438.641745434,132003.072052893,113170.102671026,97735.7829176318,93507.6151091953,126100
138407.380452381,131957.444929946,113101.897220675,97671.3417710145,93424.6810712473,126200
138376.039334112,131928.430812944,113034.605388674,97585.4988124083,93342.3592281999,126300
138344.300452141,131889.263457009,112987.421586828,97499.6702074228,93266.5881872576,126400
138311.549162916,131839.108990368,112916.076018197,97413.8561475366,93182.4792741944,126500
138291.087232832,131797.751457791,112855.22750822,97338.9160911871,93116.2380611586,126600
138249.969493403,131767.752078045,112792.436073394,97279.1881840651,93060.5053977354,126700
138215.39379427,131725.248250585,112735.456316248,97220.7485863557,92978.1806546172,126800
138182.712240698,131684.774387327,112685.081611544,97147.3112043162,92912.5069286456,126900
138143.239362902,131645.056853856,112621.030029154,97073.3549305751,92846.8443401397,127000
138094.347691601,131617.736122433,112557.557897295,96989.9337657764,92781.1706347642,127100
138045.387979747,131555.105364305,112493.052234079,96923.4393192282,92715.4859922038,127200
137996.360446262,131491.131181816,112428.441076086,96847.7771622387,92633.5371884205,127300
137948.713911459,131439.893871402,112368.975561261,96782.7239336577,92565.3641740934,127400
137912.959315908,131383.844588218,112306.967578084,96720.7297090603,92500.324581981,127500
137876.144027783,131344.262113643,112246.723587243,96657.7025645209,92442.7371055203,127600
137821.049217996,131303.398854191,112187.597675832,96583.681506972,92371.4481957896,127700
137780.813479043,131261.023383116,112136.855095107,96515.307918374,92292.8290896148,127800
137739.380969579,131220.944980606,112074.97754507,96439.504690237,92223.2907955288,127900
137705.455951982,131161.382409359,112006.689429508,96351.6947773759,92155.4380828074,128000
137676.369329492,131094.831877565,111938.730248088,96274.020684976,92082.8617619017,128100
137641.83852325,131057.784390819,111864.618148734,96202.4113689049,92019.7069085402,128200
137606.907048674,131020.050018101,111797.222878207,96118.5559831033,91950.3798730121,128300
137571.900864212,130965.051202797,111736.861606284,96053.5645991775,91864.7859637456,128400
137536.039713229,130903.31726643,111681.87959659,95983.7631558063,91774.5361231641,128500
137491.596413123,130868.524159267,111616.468085032,95920.0995226182,91684.5292900462,128600
137440.096168114,130832.910085321,111564.631173064,95853.439669715,91608.335528375,128700
137388.532272294,130781.22684158,111496.631798617,95786.7684081383,91543.7235346204,128800
137334.661444364,130724.184561595,111421.777855718,95718.3846496144,91479.1019910132,128900
137279.766777847,130676.803358383,111360.85965439,95633.6219670326,91414.4710676078,129000
137245.193155108,130619.676159935,111308.969013086,95548.9241723119,91349.8309339752,129100
137222.625753156,130593.171699481,111236.982511035,95481.2448750234,91285.1817592049,129200
137199.97987087,130562.661724725,111176.450497051,95418.9312670613,91220.5237119055,129300
137177.255675396,130531.258602598,111113.140353943,95340.6462269619,91144.4213558062,129400
137154.453333634,130485.76592421,111052.819158559,95263.4793195319,91066.8288750151,129500
137130.468291502,130446.010894217,111003.308455721,95199.0859662143,90989.248219962,129600
137106.118497977,130405.054159162,110952.904998478,95141.2393319187,90911.6795566367,129700
137081.691539845,130368.726499331,110888.916357149,95062.1104619538,90834.1230504591,129800
137053.030039328,130327.848194605,110836.127044839,94984.7373696943,90756.5788662803,129900
137016.502425262,130286.439537825,110766.168675005,94920.1112881271,90679.047168384,130000
136965.549583127,130246.944913943,110701.581991418,94837.7887146294,90607.0638821017,130100
136929.231084474,130206.703877497,110633.330949161,94778.4341251761,90523.3570956405,130200
136903.473501595,130161.479916848,110568.206376619,94697.6932540187,90445.4124353038,130300
136869.508434008,130118.699563309,110503.168142248,94616.9655532227,90379.7337490761,130400
136833.191378601,130062.447224873,110447.464704988,94542.9394516758,90315.8395838776,130500
136796.803695545,130009.871354432,110387.299554651,94471.0863735903,90251.4936385005,130600
136760.345569254,129951.248887479,110323.561720713,94386.4439836528,90180.3883475372,130700
136723.817183833,129892.521746746,110265.067413382,94312.1885266016,90109.7572832529,130800
136686.942846701,129834.50996495,110213.615221922,94250.1094697889,90031.334027769,130900
136647.668876496,129798.214976194,110149.451201301,94176.3864928016,89943.1771993901,131000
136602.256729874,129750.108136928,110090.792864974,94111.697735158,89868.2471782408,131100
136567.537207604,129684.04808367,110038.373637611,94030.5638961389,89802.2808773889,131200
136525.074209849,129625.725035836,109980.736328389,93950.0388312371,89724.8710256998,131300
136487.914428648,129581.584001202,109915.453234378,93879.6310099013,89664.3499475874,131400
136450.685733005,129496.983325938,109848.736258318,93802.98461645,89572.3594862979,131500
136413.388304953,129424.984195867,109790.859654013,93718.5781761047,89480.4117167102,131600
136375.721348524,129379.579086078,109741.987315081,93634.1936335712,89394.5478917248,131700
136313.859441694,129316.879146642,109675.491882387,93555.4061075146,89316.3484487044,131800
136285.107252187,129254.518929095,109605.864137909,93491.8365194485,89269.098804099,131900
136256.282837629,129202.283380216,109537.876696101,93428.2564424728,89184.9921148174,132000
136217.32830876,129150.114903738,109470.288776672,93365.3901254771,89104.6195402719,132100
136160.785658399,129096.516711888,109409.599853538,93294.2469199671,89038.0827747625,132200
136104.188738959,129044.850940577,109353.422740015,93212.7453600464,88971.5449977485,132300
136060.822501669,128997.711466243,109291.984010931,93154.9401289839,88905.0457121821,132400
136023.836273042,128965.032643724,109239.836013812,93093.260056713,88839.7894960427,132500
136012.034515829,128932.288662622,109175.557379411,93019.8763074023,88774.5306299502,132600
135998.63201664,128898.51522224,109111.945979542,92944.4871456779,88709.2692663247,132700
135960.523888507,128868.152564661,109048.030518703,92874.4957860042,88644.0055571382,132800
135922.349367011,128827.113162291,108991.546943189,92800.9437565318,88573.0882028632,132900
135885.21209441,128784.271813141,108926.680595025,92727.3974854596,88485.9725725413,133000
135847.217318354,128717.3419173,108857.424373549,92651.0805485584,88424.5352152942,133100
135809.156585653,128661.483586411,108786.867670659,92569.5042999487,88364.8938726253,133200
135771.474552031,128623.948036644,108725.286262274,92487.9477822282,88305.3931022263,133300
135733.728073406,128579.901861049,108673.686646239,92425.3247962755,88245.8827530374,133400
135695.126512429,128526.276948022,108612.057963256,92352.4621798082,88170.1425304897,133500
135662.05221612,128494.690752306,108547.68719128,92264.3491821809,88114.0763749564,133600
135638.80702654,128464.010320886,108494.071806225,92182.5071594643,88053.220089299,133700
135615.490155157,128429.840738204,108431.156355361,92120.1853804984,87987.8054178519,133800
135571.036604929,128386.900337716,108372.052219255,92056.6488743734,87918.7395046961,133900
135526.1911944,128343.703648758,108318.163703817,91983.7650962783,87848.558679572,134000
135480.917298003,128300.014698713,108259.536435576,91917.6583040002,87773.1153639042,134100
135434.391262104,128256.269349876,108195.248958625,91848.8349500928,87692.7878115872,134200
135387.806034223,128210.269836851,108123.349439117,91775.2135242681,87624.7800343866,134300
135352.438317982,128157.25113575,108048.079367063,91701.6002879139,87561.2617925646,134400
135319.124893863,128117.955205455,107983.695588408,91627.9953915909,87488.252328562,134500
135283.238046341,128074.393523164,107931.185216695,91555.4122921681,87412.7287519678,134600
135233.532874419,128029.112758013,107864.901531229,91485.9205853895,87337.2221829122,134700
135186.812487507,127977.435156957,107796.480508674,91433.1442036928,87262.1831677466,134800
135147.144541074,127915.176767208,107736.094014258,91354.3912736857,87188.2235173523,134900
135102.869648006,127871.590795371,107677.771212897,91276.066186006,87113.2111145178,135000
135058.086227914,127808.000751466,107608.248408292,91196.2878019519,87038.5916226991,135100
135015.10676216,127747.224445804,107542.770455682,91118.7041901874,86963.0852373984,135200
134961.764008796,127704.859472871,107479.79874612,91044.9744312413,86887.5968518396,135300
134922.114069077,127654.110551896,107409.499793193,90971.8409106383,86812.1266030779,135400
134883.158530907,127609.227781057,107346.570266747,90898.7100872218,86736.6746276818,135500
134844.140797337,127557.458028662,107283.999460465,90825.917872542,86661.2410617336,135600
134805.061037106,127516.028706382,107219.619947023,90751.1268537584,86585.8260408315,135700
134765.79759776,127476.474837684,107160.572951042,90681.5284409033,86510.4297000902,135800
134716.218751202,127435.463248013,107098.077910598,90608.6033779799,86435.0521741422,135900
134659.527610758,127392.482815644,107030.660190641,90542.7603738871,86359.6935971392,136000
134602.787672621,127349.337083264,106964.063337511,90475.4149933278,86284.354102753,136100
134545.999125467,127305.262482111,106901.366818852,90401.3184561914,86209.033824177,136200
134516.888601458,127261.974304234,106846.383278914,90324.7247811577,86133.7328941273,136300
134491.634263563,127208.137017983,106783.083776404,90255.3453007404,86058.4514448438,136400
134465.454820786,127167.789222792,106713.929965198,90185.057893811,85983.1896080913,136500
134407.417494838,127118.928537935,106649.101076443,90114.8033265749,85907.947515161,136600
134341.820172283,127065.478933252,106582.643286104,90044.7783493047,85831.7841344908,136700
134275.714060513,127028.269919927,106509.203742556,89979.8164929727,85748.5591451361,136800
134209.569008791,126991.003982823,106451.511556205,89905.0021939703,85665.3690781081,136900
134170.248458099,126942.418376853,106383.749869382,89829.9434827907,85582.7754544578,137000
134141.197098446,126888.346891453,106315.953759849,89754.1754907514,85500.7249362338,137100
134112.080737304,126848.958092372,106253.57375763,89677.9919041582,85418.7079150227,137200
134082.899523678,126791.443685509,106197.310754088,89592.622883712,85336.72451161,137300
134053.653606349,126732.070801452,106140.727013684,89512.4707093754,85254.774846277,137400
134024.343133872,126672.65866066,106076.149364147,89440.3856360463,85172.8590388017,137500
133996.226432958,126616.359048497,106009.774510521,89367.2191736018,85109.0870419894,137600
133964.165559902,126584.728243881,105947.900000981,89294.2627390806,85050.8988084528,137700
133935.427173465,126532.21280452,105892.929152426,89216.3734164559,84985.5919799558,137800
133906.45865582,126488.646153163,105823.602041344,89133.7890585479,84914.3856560554,137900
133870.72654227,126441.735713684,105761.009069143,89057.6832355833,84838.1387389164,138000
133829.54268928,126399.995719813,105699.519351166,88987.25469028,84759.5364415445,138100
133787.067192794,126358.203410322,105635.715475038,88916.9061390187,84680.9625885519,138200
133740.645984755,126315.232039307,105570.289381271,88847.2306004904,84602.4173000643,138300
133687.333017488,126269.60257315,105507.687477274,88777.2315465683,84523.9006957333,138400
133633.971586612,126223.924047891,105443.63016541,88701.7909314238,84446.0018723772,138500
133604.845172889,126167.635374172,105382.903669508,88631.2405246527,84368.2966099069,138600
133576.648465472,126107.332455788,105307.335224614,88554.0544682651,84290.6190166163,138700
133535.360398651,126060.701670841,105230.93042983,88472.6548599569,84213.303185075,138800
133493.265830474,126013.94275738,105155.028172713,88418.3305509241,84143.7289839035,138900
133450.958833967,125965.341734723,105086.055395095,88339.5857590592,84074.705450839,139000
133411.524195718,125909.205205225,105017.343836621,88257.9068693315,84005.7855424547,139100
133379.646140129,125853.028744845,104948.508434236,88178.6996903151,83936.8787573296,139200
133324.87955508,125795.945397613,104874.058117733,88104.3095659877,83867.4315998206,139300
133279.906849078,125740.379891524,104798.111776831,88037.078017755,83797.9682047486,139400
133226.219072896,125696.03666905,104733.663807743,87971.7355116616,83728.519292632,139500
133169.620946702,125650.940636242,104675.743276822,87906.5313403095,83660.0004209864,139600
133112.97863714,125595.383142831,104614.561909028,87840.7366944454,83591.642638897,139700
133055.632728346,125538.371222229,104548.794824309,87775.0534354447,83519.0364825504,139800
132998.179500544,125481.157715001,104480.618656428,87696.4113923273,83436.7863422539,139900
132940.683157062,125428.105592214,104413.144624642,87622.2966523282,83354.5746137946,140000
132898.328187508,125382.113598011,104348.260226545,87548.6891890051,83272.4014040522,140100
132857.698804095,125321.931646955,104291.878450432,87475.9401873543,83190.2668194319,140200
132809.366500722,125275.758917284,104229.845892359,87404.7000975333,83108.1709658668,140300
132752.747966621,125233.287096958,104170.097358429,87333.71468485,83026.2115469323,140400
132696.086364285,125190.766422384,104099.881986699,87259.7894273278,82956.5168787872,140500
132646.825170375,125136.118968989,104025.997532096,87186.068851067,82886.8388219101,140600
132615.237613343,125076.994249126,103957.220110789,87112.3666649491,82817.565463095,140700
132583.427216,125026.232853663,103885.624959213,87040.5386507461,82740.3650863538,140800
132550.594030229,124965.462103407,103820.395809256,86969.0448910857,82659.4283784656,140900
132485.227546445,124916.817537165,103757.595967336,86897.5661636598,82584.2576106419,141000
132427.856627892,124864.568490315,103696.472464582,86826.1025899822,82515.8059317712,141100
132364.738864577,124816.95774245,103623.920934794,86756.6503165055,82445.8427053283,141200
132301.30598123,124750.610371638,103561.495913976,86682.0276826955,82348.7094377357,141300
132239.907051603,124667.080256115,103499.056665094,86605.1542445793,82272.7776960874,141400
132173.550627599,124602.875628985,103432.210905304,86524.8526811907,82203.6056267713,141500
132098.487485033,124550.866552822,103361.782963213,86463.106882795,82122.318799419,141600
132033.815857105,124498.817360962,103293.458551137,86390.3808742055,82039.8350483962,141700
131986.595060505,124448.125500202,103235.2412506,86320.0838858533,81957.3933494913,141800
131963.821730496,124405.673439506,103160.509234599,86248.6428816011,81875.5566175688,141900
131910.694377815,124347.502465622,103083.130983312,86175.752231118,81796.5948124143,142000
131848.657439898,124297.188862255,103018.232084395,86102.6516833166,81713.9822035188,142100
131786.58470848,124247.915622977,102953.20436961,86022.7930585432,81634.9266692297,142200
131755.780480167,124202.721356991,102889.37030644,85944.3255871453,81558.4833923447,142300
131747.01685341,124147.381814317,102829.211678401,85865.6592993557,81481.7793472394,142400
131737.598414082,124097.423928951,102765.987947599,85788.8616684175,81405.2532481165,142500
131685.235289705,124038.152621812,102699.900574063,85712.0905237332,81329.1204283436,142600
131627.208665395,123957.154083364,102641.15440337,85635.086849468,81253.3195653337,142700
131568.588875084,123908.188076919,102581.382376029,85558.8475321204,81177.5495142194,142800
131508.25136249,123862.86500119,102514.200374635,85483.2747374261,81105.1178955574,142900
131447.877302507,123817.497894461,102447.01220273,85404.186700713,81040.7409047813,143000
131387.466860825,123770.587693937,102379.818000239,85327.5978329233,80976.4105327424,143100
131318.714880724,123713.474151682,102314.976932578,85253.2995370065,80912.1751801539,143200
131239.771409773,123676.530123962,102253.588999729,85177.670871437,80848.1203963442,143300
131160.811676479,123633.105387031,102185.081698335,85101.6372234948,80771.6466968499,143400
131114.482217251,123584.383276953,102116.974446292,85034.62844036,80702.6257565564,143500
131075.14579406,123537.906934584,102049.2457041,84951.9641755451,80638.3884729237,143600
131030.140017674,123495.728473379,101983.677378245,84881.4497712751,80574.1632615638,143700
130971.562862297,123438.466808535,101909.484099757,84814.3148791294,80509.9502294239,143800
130931.515118019,123384.342284302,101844.630060649,84741.0940061585,80445.749483105,143900
130894.484115677,123330.111702459,101779.205374589,84677.2230478305,80381.5611288629,144000
130857.400481131,123268.332952171,101713.584751305,84603.3614340657,80317.3852726092,144100
130820.264352587,123202.187544189,101652.243040421,84537.3892641986,80247.7173220304,144200
130783.075868029,123157.454750258,101587.215269752,84468.636528944,80167.6044142992,144300
130745.835165222,123106.379951642,101524.73534578,84397.5792023874,80087.5331051984,144400
130708.542381713,123050.362722148,101458.820511258,84326.541210583,80007.5034830957,144500
130680.873329212,123002.232356046,101385.491632813,84255.5226612719,79928.6429271769,144600
130650.272294846,122955.313064018,101313.949032946,84181.4489216675,79859.2724692066,144700
130612.091429653,122915.345593903,101244.740819078,84109.8496294778,79789.9241927017,144800
130572.246694013,122871.409139741,101174.178568188,84039.2826429067,79720.5981970299,144900
130521.302052443,122821.300555101,101110.372697585,83968.7348998073,79651.2945811955,145000
130483.699660951,122770.589156472,101045.96559209,83898.2171965083,79582.0134438395,145100
130446.046145466,122720.03658845,100986.471141777,83827.4572225206,79513.4953584312,145200
130408.341641792,122670.586650023,100927.976654257,83752.8532244315,79445.1527663335,145300
130370.465740703,122615.406943504,100859.520450315,83682.8398214709,79376.8313404709,145400
130324.090028345,122563.946968805,100794.618314219,83610.1497812516,79308.5311789517,145500
130274.064719318,122511.534585006,100730.793692506,83531.7161770769,79240.25237953,145600
130223.533349914,122454.567261319,100663.314815176,83462.0829559451,79166.898515209,145700
130172.726948309,122398.23182622,100597.408441066,83391.8558131295,79087.0757878368,145800
130121.879157262,122351.965912933,100535.054279327,83312.9679354324,79020.952352528,145900
130070.750000742,122304.547678503,100464.012587939,83234.2205384793,78946.0565977084,146000
130019.543043493,122260.304769137,100394.958588774,83159.5503878003,78872.0643060576,146100
129968.295372786,122214.960310936,100322.159181208,83084.0660633413,78797.829885809,146200
129914.839615666,122169.575527235,100263.057232034,83006.9325971336,78723.2394049047,146300
129857.584725724,122124.150553538,100197.280897322,82938.0425840688,78657.2589152672,146400
129800.2945234,122077.818065039,100130.449060656,82867.3601813193,78578.2867525528,146500
129742.969160319,122026.439281764,100065.801283653,82792.3132323344,78507.420834193,146600
129685.608787813,121966.005778044,99997.9559048579,82717.5030896438,78440.4613362717,146700
129647.87257268,121905.544927911,99937.9855941645,82642.7222039088,78373.5225684246,146800
129611.15721995,121846.270728378,99877.9246422759,82573.1746542051,78306.6046246319,146900
129559.595671506,121786.720330719,99821.7845912136,82494.6609835729,78239.7075985362,147000
129505.531378851,121738.640320508,99764.7614083115,82421.7782149655,78172.8315834437,147100
129457.158336309,121694.0402359,99703.1031287166,82360.6343762734,78104.990572377,147200
129412.15122037,121637.839947487,99643.2514718559,82279.9679257739,78031.4828770017,147300
129361.952227712,121580.818096973,99586.0212950326,82209.2305689997,77958.0084464177,147400
129310.216264204,121526.988945944,99528.7781802009,82131.6035925733,77884.5673656621,147500
129258.44166307,121474.941388602,99462.1724828023,82054.5237644383,77811.1597194091,147600
129206.628567754,121422.860393303,99389.8353620672,81977.6436931475,77737.785591971,147700
129154.411838743,121370.746097591,99322.5526780174,81900.7981144682,77664.4450672996,147800
129108.169716194,121333.264020273,99258.9574956637,81824.398325448,77591.283831168,147900
129068.411213826,121297.995483397,99183.9956609389,81748.0214909168,77518.5282520645,148000
129028.606101123,121261.318457269,99122.7846451598,81670.7989771911,77457.5607046102,148100
128988.75450826,121201.129758639,99062.7702347116,81593.7624965408,77389.0772220682,148200
128948.856565201,121133.435808752,99002.7471564133,81520.1235199558,77311.6868422288,148300
128903.5318486,121092.542142808,98938.6025643375,81460.992492218,77230.3214629912,148400
128832.307873141,121051.607386984,98867.9905568993,81403.6122234514,77153.0560478658,148500
128760.989809598,121004.159530628,98796.7175452389,81338.2123159386,77077.8896262339,148600
128689.653110421,120936.519767184,98737.1335040351,81266.7981346323,77004.8229209591,148700
128634.035105683,120868.335822997,98685.1175383089,81207.903167895,76934.5758504982,148800
128582.089758706,120800.135764935,98624.6063634151,81137.4015616715,76868.0253053273,148900
128530.10741689,120735.341544728,98565.362857522,81074.0571808387,76801.4977182699,149000
128477.89393943,120672.376181978,98495.661452649,80991.0853673188,76732.4624810685,149100
128429.112131086,120625.763499982,98434.8635442088,80907.3703335509,76648.1198453913,149200
128383.533167116,120562.097072345,98369.0327482931,80823.705662609,76579.7614961424,149300
128337.912860944,120497.465613564,98303.1344691979,80748.9681096191,76511.8469568494,149400
128292.25134516,120457.671834268,98233.7096970547,80670.6764298474,76443.9584168365,149500
128246.548752129,120417.747047611,98174.9210367358,80586.0892496898,76376.0959595668,149600
128200.805213986,120365.510208551,98106.6081793853,80501.9043262489,76297.07599224,149700
128144.568221369,120309.364071845,98045.9318494871,80425.5116410387,76216.8910313108,149800
128081.76562232,120253.751028569,97984.6584014806,80358.8235998959,76136.756448934,149900
128017.32419407,120194.556903104,97914.0821578597,80292.2405280419,76056.6723086571,150000
127971.285955736,120149.522221675,97851.1347062989,80226.3398889036,75982.6423824439,150100
127903.886824316,120099.848661827,97797.4841812444,80160.4577631037,75909.5243954989,150200
127847.377887291,120047.603935209,97739.1722976961,80088.0378548295,75836.5416324509,150300
127794.605315564,120004.470270228,97678.0817667498,80015.3879245104,75764.1484553118,150400
127740.16838213,119964.420342942,97620.9758844857,79942.7685911824,75691.7909405412,150500
127683.677365652,119924.330849199,97552.1069799436,79870.188860974,75619.4691624027,150600
127636.70889466,119880.084151232,97481.1543626705,79802.131720279,75548.7159353007,150700
127587.334033574,119809.619940146,97410.2106541719,79734.0974975843,75481.3136064617,150800
127542.78654939,119734.202168012,97342.9844046677,79666.8531386977,75404.7753327268,150900
127488.69328355,119661.346938627,97275.5934644534,79595.4639029287,75329.3884486163,151000
127435.233453964,119590.113992638,97217.6059307852,79530.1679075735,75257.198470842,151100
127385.518492718,119539.705140114,97153.7059046169,79462.37665863,75189.6357225542,151200
127334.165202843,119492.109379704,97089.8054840848,79385.3440083015,75122.8371679844,151300
127286.97351746,119444.48042381,97025.2916471275,79307.5806063805,75056.065191338,151400
127238.409214058,119396.818396118,96957.7964857373,79229.858903769,74989.3198705227,151500
127194.752849159,119348.385721638,96891.2926666726,79154.5985090899,74922.6012831412,151600
127155.211820571,119286.827871819,96827.4521861196,79084.0570288716,74855.9095064918,151700
127115.627869073,119237.163653472,96767.3737106202,79013.5441692837,74789.2446175691,151800
127077.486264551,119187.468403526,96708.8662302626,78944.0003072158,74722.6066930646,151900
127036.801233088,119137.554861348,96647.2028463435,78875.0556264706,74655.5790514312,152000
126987.498851386,119080.670977489,96584.5838309005,78806.1370931205,74582.2394512103,152100
126937.360782286,119019.771554027,96517.8247023111,78736.7331026413,74508.9396919237,152200
126890.611188145,118958.679008903,96449.4046040208,78667.2605561806,74435.6798400174,152300
126843.426460429,118895.782416602,96387.9561162612,78598.9365113463,74362.4599616123,152400
126795.769828654,118828.486772335,96320.696140042,78528.3837547402,74288.279365513,152500
126748.07664911,118756.28766988,96252.3658296515,78465.4704941862,74214.0113717836,152600
126691.843352463,118684.081570269,96185.4831796185,78407.4060326157,74139.7857920097,152700
126633.933540179,118648.08323062,96116.4690809124,78349.3511188479,74065.6026891244,152800
126575.899989765,118598.125464447,96047.1868428236,78289.5011167415,73991.4621257366,152900
126517.152159993,118563.417176618,95983.3088173445,78225.7660428291,73917.4870230418,153000
126460.070716583,118502.263995279,95918.95969896,78162.049509973,73843.7590315386,153100
126413.616467175,118439.19465512,95853.675131981,78098.3516009797,73770.0731590962,153200
126353.979636028,118374.7656745,95793.5607083622,78034.6723983729,73696.4294674605,153300
126301.014040898,118325.779748298,95729.5258753946,77971.0119843938,73630.2341821253,153400
126247.626430099,118277.321048953,95665.4933099957,77905.3599554364,73560.5902141165,153500
126194.207844609,118228.47462075,95606.7578361122,77834.5621659548,73487.7303850533,153600
126140.779065225,118179.598485551,95548.9093345034,77764.1556462585,73414.911605319,153700
126090.888375976,118130.692761997,95484.8767934749,77693.7801841799,73342.1339363726,153800
126041.943090937,118069.116105432,95420.2300723514,77623.4358534527,73267.5936011386,153900
125992.677127029,118017.293787437,95350.8475692845,77553.1227275047,73192.4654517153,154000
125941.125805732,117969.672667815,95276.0128682764,77487.5674984063,73117.3835090814,154100
125889.542790539,117922.021105791,95208.0529347109,77414.5237718542,73042.3478290795,154200
125839.233431146,117873.1958069,95146.4281722397,77341.5163754538,72967.4569156559,154300
125789.721523008,117815.51213854,95083.7960689006,77270.0995186276,72892.6366426684,154400
125739.053938035,117762.345868307,95016.5789440828,77209.4853578354,72817.8625541838,154500
125687.973138332,117697.346392446,94949.3697930625,77148.5538749594,72746.3149388978,154600
125635.297217613,117635.067771769,94886.3334327901,77074.7024212637,72675.0768370616,154700
125586.511587645,117572.370102091,94825.8459844123,77000.8894954258,72603.8781684884,154800
125532.840922647,117509.656811415,94765.3575910459,76927.1151637062,72532.7189931428,154900
125485.418028534,117453.457882688,94704.8683547197,76853.3794920543,72460.1482452788,155000
125434.993490666,117406.967053693,94638.2816247551,76779.6825461087,72386.7943554029,155100
125384.423762489,117352.034151676,94573.7156656388,76706.0243911981,72313.4973950465,155200
125333.47172162,117296.579166894,94509.314598423,76632.6502392705,72240.2446619149,155300
125276.272687995,117247.308004605,94444.7817084977,76561.0744663577,72167.0362105711,155400
125215.150576461,117176.005763788,94379.2255984038,76489.2766729845,72093.8720952762,155500
125154.006572536,117115.246160336,94309.9224185835,76432.1146310303,72020.7523699899,155600
125092.840803906,117052.757686111,94237.2826445634,76366.5770571773,71947.6770883718,155700
125031.653397996,117028.803730961,94169.8556804074,76300.691578421,71874.6463037817,155800
124977.798247915,116986.687718809,94099.8422985415,76236.5628686237,71801.6600692809,155900
124949.294184551,116930.990951379,94029.8423712977,76168.0638483254,71728.7184376327,156000
124920.745501975,116875.272787767,93965.5486664994,76096.6601335258,71655.8214613038,156100
124876.334210873,116819.533345333,93901.8257359617,76035.7238282131,71582.9691924643,156200
124826.094890702,116763.292568674,93840.0536872844,75962.6852691376,71510.1616829891,156300
124775.153415228,116706.528842439,93776.5127217315,75889.3978527096,71437.3989844589,156400
124724.181741669,116650.732210673,93715.3301193254,75816.1503544399,71364.6811481604,156500
124673.179989143,116600.401011979,93651.7731211939,75742.9428348492,71292.0082250877,156600
124622.148276549,116550.381436938,93588.22113536,75673.4961468532,71219.3802659429,156700
124571.086722571,116506.364713459,93531.1617336389,75598.9768125147,71146.7973211369,156800
124519.995445678,116447.943654851,93476.0970158304,75524.5001427485,71074.2594407903,156900
124467.670397215,116389.207791263,93421.0271404385,75450.066195183,71001.7666747341,157000
124415.233886916,116328.630015796,93358.3676053748,75376.0992420378,70929.5525123908,157100
124360.869425809,116267.523092217,93289.0496488776,75306.4595791563,70857.4744934592,157200
124312.98793443,116206.401368921,93219.7461836678,75239.2320874053,70786.1995821341,157300
124260.473189163,116145.26496276,93153.6769234156,75170.9034158284,70720.0549392468,157400
124197.654426792,116089.253888199,93077.9867400823,75097.0120991642,70653.9436135711,157500
124141.036451771,116048.83632628,92998.0902208944,75026.5447432375,70587.8656634192,157600
124092.904136209,116008.386332853,92929.1173767114,74960.2350718987,70522.0125589874,157700
124044.535248102,115967.904010818,92871.7749284678,74894.3439757984,70456.390646273,157800
123993.603109384,115926.971876136,92804.4541346058,74827.7012782303,70390.8015285611,157900
123936.080375014,115873.450688705,92733.0949763064,74761.4772880362,70325.3525630413,158000
123882.361243484,115817.292590713,92660.1833408708,74695.2819899156,70255.1961680958,158100
123835.793160198,115757.426310868,92588.9479294434,74629.1154492719,70185.3657492959,158200
123789.142758104,115705.230623267,92523.9910080872,74562.4738093234,70122.9792821793,158300
123742.46055948,115652.049746839,92462.5843207543,74484.9529114669,70060.9169025678,158400
123694.620282712,115599.571491652,92402.426067792,74415.5476472605,69997.958740654,158500
123643.1948661,115554.230788409,92339.3079468351,74348.3107887253,69931.7765087899,158600
123591.741705603,115505.943043248,92267.8487661358,74283.4129747982,69857.5220327504,158700
123541.549016843,115439.777539565,92202.9810126253,74217.464640614,69792.7622649579,158800
123503.729315418,115379.248234902,92142.581643251,74149.6034416378,69726.3079603355,158900
123463.207380086,115324.946899928,92081.6995017446,74078.2184116663,69657.311867308,159000
123416.477453637,115274.818726881,92022.7490758367,74013.7292024047,69588.3565496851,159100
123369.115648604,115228.63311356,91953.6328403095,73949.5248920505,69519.4420561305,159200
123320.756056523,115192.897060373,91885.586108396,73885.3471400137,69453.0605927876,159300
123272.366844729,115148.244890687,91824.5657187334,73821.1960103971,69389.9572792776,159400
123223.948123881,115086.450335395,91752.3007254116,73757.0715670524,69326.8840425198,159500
123175.500004441,115039.004767462,91690.1892331878,73687.5902499381,69259.5437284326,159600
123127.022596679,114990.764296938,91621.5649193502,73615.786590208,69189.1460843859,159700
123078.51601067,114931.33598703,91553.0611283221,73544.0351026084,69110.3274367008,159800
123029.980356293,114866.677847164,91483.2132797355,73475.8483951654,69035.7184243305,159900
122981.415743236,114800.254322178,91413.3829999229,73409.8955928226,68966.1134267935,160000
122932.822280991,114732.06902158,91343.5618244665,73342.1980517993,68896.5518321428,160100
122884.200078861,114667.639643311,91273.775489484,73270.7629628599,68827.033684193,160200
122835.54924595,114609.068506109,91207.4878807201,73203.0960046851,68758.0967958811,160300
122786.869891175,114547.273938576,91143.8856151668,73132.1134172029,68689.305631982,160400
122738.162123258,114491.507235642,91078.5304462264,73055.9280460028,68620.8323428089,160500
122689.426050729,114439.403343067,91016.3196550972,72979.7937260688,68552.5018027346,160600
122640.661781928,114390.100229628,90951.8050593267,72904.5698277369,68484.2127796607,160700
122591.869425,114330.543558669,90881.5349195397,72831.3732586329,68415.9653181059,160800
122543.049087902,114266.198464115,90808.0174416544,72758.222055688,68346.5849035583,160900
122494.200878399,114210.198420918,90735.7536711267,72685.5290594216,68277.0846213342,161000
122445.324904065,114158.92089824,90669.3525988311,72612.9069536703,68207.6287401593,161100
122396.293623198,114106.577160294,90607.830957626,72540.4651639756,68138.2173009734,161200
122347.212404023,114055.720328284,90541.5195956916,72468.1554584703,68074.8586019277,161300
122298.086784244,114005.481575174,90472.3540274917,72406.8466319239,68006.6385602971,161400
122248.132929574,113952.531020909,90393.4971284831,72347.501856662,67938.3005480172,161500
122193.209247347,113915.033251918,90328.2069238939,72288.1781620574,67870.0051865679,161600
122132.074538053,113877.196405448,90261.5580538532,72221.2478862981,67801.7525175771,161700
122090.214996865,113820.527478652,90199.0009984856,72147.9035254271,67733.5425824246,161800
122048.323205208,113760.064929512,90127.5468088007,72074.8275912608,67665.3754222438,161900
122002.007027432,113699.591121793,90059.5907596891,72015.660427074,67597.2510779217,162000
121953.157089947,113638.619989688,89998.725656443,71939.3213823334,67529.1695900998,162100
121904.264666329,113578.336261921,89939.9518594685,71863.0359141436,67461.1309991748,162200
121854.384620564,113518.10320225,89883.8146875522,71786.8040573932,67393.1353452993,162300
121797.379880468,113457.585414163,89822.5846210496,71710.985220018,67325.7753611136,162400
121733.16506963,113398.674089539,89761.819356651,71635.5543454647,67275.3076119687,162500
121668.938134393,113337.036772962,89695.9369453791,71565.8105468887,67234.002702875,162600
121621.302991153,113276.255376897,89624.1202890671,71496.9686581702,67192.6982888999,162700
121576.121590067,113216.46007971,89558.8169812208,71428.5589534285,67143.2254102765,162800
121530.91112715,113163.69256474,89493.5279587534,71363.9358805024,67081.3458836574,162900
121488.56110784,113113.866049923,89424.9993999077,71299.8565141184,67019.4981568826,163000
121452.846937496,113063.290038138,89359.9062393637,71236.0282581388,66957.6822781237,163100
121406.818535522,113015.05300156,89295.0809966532,71172.7492454334,66896.0195200111,163200
121350.272962968,112965.346202851,89229.954438075,71109.4997504441,66834.7981818286,163300
121304.426420061,112910.497052555,89159.9612964228,71046.2798270632,66773.6078459318,163400
121259.043704744,112850.939310161,89085.4286340198,70980.6880061237,66712.4485603939,163500
121211.01748295,112791.777632827,89017.7423362957,70913.7101065954,66651.3203730693,163600
121161.309628439,112733.082473791,88956.0071143368,70844.7968141735,66582.4826398555,163700
121111.211642977,112683.073562494,88893.0225815219,70775.9240813904,66512.3474146783,163800
121060.321115695,112632.290150173,88830.7870962109,70707.0919523963,66442.2614429623,163900
121009.40692653,112578.902278104,88764.9870636452,70638.3004711005,66372.2247549329,164000
120958.469178226,112527.95016383,88699.2810246533,70569.5496811713,66302.2373805779,164100
120907.507973341,112481.201493529,88632.8652682315,70500.8396260374,66232.299349649,164200
120856.523414246,112427.638193245,88566.4665767265,70432.1703488881,66162.7471388742,164300
120805.412719796,112371.335931888,88501.2647292624,70362.1713205204,66095.0105461254,164400
120754.158574002,112312.22966105,88428.6295696881,70290.1123433349,66023.7227510261,164500
120702.402632646,112255.729304003,88361.1721211157,70216.7748167266,65952.4874725205,164600
120648.218086157,112201.037492157,88293.7340041801,70144.2524685742,65881.3047361396,164700
120594.013410857,112135.607261246,88231.7456204676,70074.3955857507,65810.2228405479,164800
120539.788709656,112076.419782863,88170.2554259522,70004.582520719,65739.9001330902,164900
120485.544085265,112031.366290746,88111.1552468972,69935.6497917171,65669.6284203963,165000
120431.279640203,111981.722537024,88050.9512734065,69866.1637260487,65599.4226879537,165100
120376.995476795,111930.181871644,87988.118772341,69795.0380289123,65536.6806244733,165200
120322.512837406,111877.153541102,87928.022667192,69724.0174041463,65472.2779621086,165300
120267.534829788,111823.462811774,87865.6578955419,69653.5834624268,65399.3567643845,165400
120213.19364073,111768.54182773,87801.1051950608,69583.1952468796,65326.4929118002,165500
120159.442498186,111713.252340298,87735.5124185619,69515.7457067412,65253.6864225059,165600
120104.452769637,111651.214074904,87670.6333095139,69451.4126569436,65180.93731442,165700
120053.872567964,111582.56279952,87610.4907859549,69382.5360945773,65115.9552065003,165800
119995.201877515,111519.724341751,87545.5719198775,69314.7706378529,65053.014632006,165900
119946.81489016,111464.759347964,87475.9514551675,69244.9122896163,64990.1113199649,166000
119898.403903813,111409.781056521,87407.1817438999,69176.1651221033,64927.2453083705,166100
119849.969015642,111354.789562471,87343.2585433798,69108.277562326,64864.8401721269,166200
119801.510322645,111294.34092765,87279.3505054433,69040.6196325213,64802.8513288286,166300
119753.02792165,111233.570607637,87215.4577031968,68973.0030028811,64740.8983742009,166400
119704.521909314,111172.793361448,87151.5802095244,68905.4277117655,64678.9813467126,166500
119655.992382123,111114.399172523,87087.7180970893,68837.9115661913,64617.1636148168,166600
119607.439436394,111065.532947385,87024.7654515711,68773.9535371396,64554.1086778005,166700
119558.658660538,111016.648292592,86961.7090122272,68714.6954774244,64491.5682463691,166800
119509.11441587,110967.745299271,86902.4111551957,68655.4639053157,64429.0652718111,166900
119460.501981728,110918.824058377,86840.1643731645,68593.1183137838,64366.599790398,167000
119411.8665047,110866.16479567,86773.2709666418,68522.5277941017,64304.1718381953,167100
119363.208080251,110812.36486063,86704.2230276813,68451.9854237493,64242.0000633693,167200
119314.439439667,110757.702106126,86639.18899953,68381.4912329077,64179.9604469723,167300
119262.868943787,110705.605931236,86581.4923071165,68311.0452515324,64117.9578354579,167400
119211.27728223,110650.884533214,86520.7780974542,68240.8630904916,64056.0262679275,167500
119159.665470387,110596.722163656,86454.3131556436,68171.9190952579,63989.049616378,167600
119108.03360441,110542.250600797,86387.8907525471,68117.2170126301,63921.7272399512,167700
119064.2932512,110487.766579558,86322.1934687459,68057.8276989456,63852.005387233,167800
119006.244469181,110433.270191608,86258.9429897042,67991.0336385986,63783.7073543342,167900
118952.512594808,110387.533952173,86195.3037213507,67924.2810473739,63722.0401913892,168000
118901.305600745,110345.769168853,86131.6808979307,67857.5699605208,63660.410138326,168100
118849.576815398,110298.803963232,86063.8811038518,67786.4138403661,63598.8172296149,168200
118797.826633887,110248.19538714,85997.5650495232,67720.8606053531,63534.2999086222,168300
118745.790726769,110202.828710797,85938.5494904407,67655.8415310431,63467.2136175866,168400
118693.574829933,110150.438475984,85874.7856923166,67588.4734480477,63400.5263771785,168500
118641.340119858,110094.102831228,85806.9362288253,67522.2361853081,63333.0276584103,168600
118589.08669113,110030.66054779,85743.0759962827,67456.040143869,63263.216140349,168700
118536.814638162,109971.549295385,85683.3088557819,67387.7186418427,63193.4594335032,168800
118483.921259876,109916.733085487,85623.2985854767,67320.9237761766,63131.4906304661,168900
118406.852362077,109861.905690453,85559.8268541853,67257.3269982451,63068.2828096978,169000
118339.878903158,109807.067199829,85494.1264842359,67198.3347995172,63009.5704778523,169100
118295.613990059,109747.273427654,85428.3551734538,67136.8678199835,62948.3872459511,169200
118251.324408243,109697.354180321,85362.6046658313,67075.6808562019,62887.241481994,169300
118190.111346703,109641.840485203,85299.232611362,67014.5262764992,62826.1332181486,169400
118125.521498522,109585.547447312,85233.9190718589,66953.4041215728,62761.5640717448,169500
118060.925876548,109531.477335963,85165.4786114152,66886.2007110135,62696.3145450327,169600
117996.324577289,109474.740540036,85099.8119648497,66818.6320439673,62631.1307471016,169700
117931.71769704,109420.368459418,85037.9848800419,66750.3499927726,62565.9930526003,169800
117867.105331886,109360.915430854,84976.238946999,66679.7655606214,62507.2342748672,169900
117802.4875777,109303.990450462,84913.8795483207,66614.1371191115,62450.1218419829,170000
117737.864530143,109247.96003794,84845.4711959459,66558.768795397,62393.4825572093,170100
117674.793527523,109201.101958903,84776.0313332823,66499.7327918432,62331.4265764812,170200
117625.690024092,109142.842270341,84710.1279870158,66432.2276950228,62265.7898114121,170300
117578.776914867,109078.505898606,84644.7083228359,66366.4713190936,62208.8424186576,170400
117531.842091069,109033.427370671,84577.7606564958,66305.1396283944,62151.9258036349,170500
117484.885641091,108985.962332007,84510.8369625428,66244.3857622894,62095.654343577,170600
117437.90765317,108932.444768543,84444.3179327361,66183.7546722814,62039.0319787615,170700
117387.428057728,108876.92934806,84380.6618232008,66123.3408471644,61979.0288746633,170800
117330.154610624,108821.372772933,84325.7102474949,66061.507851516,61919.0626069741,170900
117272.869007231,108764.051829058,84264.7476790676,65996.5572525041,61859.1332059024,171000
117216.611811159,108702.831040788,84199.7678755414,65931.989246931,61801.6509590366,171100
117178.122605109,108655.24830839,84131.3823043639,65864.7878133411,61747.1644289317,171200
117139.606099677,108590.720881688,84057.6195035149,65801.6530930067,61688.1532829061,171300
117101.062376728,108526.194886615,83993.6320329308,65739.5226144022,61620.1207799187,171400
117062.491517998,108463.922260096,83931.1051761856,65677.4284969519,61558.370524518,171500
117019.150425602,108409.031080258,83868.2978600891,65609.5899061372,61497.9500005428,171600
116972.948364407,108354.130882741,83806.1056201218,65539.8673370814,61437.5679699108,171700
116926.375742128,108301.360391937,83744.311643911,65470.1966613198,61375.2600461359,171800
116875.926199719,108248.902993836,83683.153117743,65400.5778967304,61302.0237076327,171900
116811.865374853,108196.43439534,83620.725104695,65331.0110609919,61228.854059731,172000
116747.800335143,108143.954679918,83557.5003172596,65261.4961715844,61155.751096331,172100
116683.73117189,108087.552358393,83493.166094859,65192.0332457901,61082.7148111445,172200
116637.228765198,108032.074283442,83430.0388725118,65122.622300694,61009.7451976958,172300
116594.228203793,107983.311991403,83366.9313025869,65054.5333335469,60944.2291555205,172400
116551.204287598,107933.191729059,83303.8434452534,64987.0910442391,60894.7055253872,172500
116507.834137277,107881.317242252,83242.6071598582,64919.6968629724,60829.9925305212,172600
116463.979189421,107828.847585417,83182.8870096167,64852.9330395081,60759.342854295,172700
116420.101872179,107776.292374799,83122.0153040245,64788.431227778,60689.0041709871,172800
116358.653223693,107722.18873346,83058.4912646265,64726.1619572135,60618.7266830477,172900
116297.095360552,107667.428558125,83001.9274669177,64663.9309426479,60552.1817277006,173000
116235.183999613,107619.340729467,82941.348602159,64601.738213812,60490.3987142333,173100
116173.126750214,107567.42699386,82879.3528283503,64539.5838002547,60429.2585919233,173200
116111.0639664,107508.683749415,82820.8869412745,64477.467731343,60368.2360638909,173300
116048.995737089,107448.30755184,82763.0354103576,64415.3900362628,60307.2550910651,173400
115989.166349967,107393.507633868,82697.5313151633,64353.350744019,60248.1161082749,173500
115950.26556269,107338.70001268,82632.8089961092,64291.3498834366,60191.0029632111,173600
115911.339525733,107283.884769654,82573.4057341286,64229.4052167405,60133.9240198489,173700
115872.388317521,107229.061986001,82514.0179495862,64167.9111512235,60076.8793065355,173800
115833.412016359,107174.231742763,82452.8476120126,64106.4547393556,60019.8688514526,173900
115780.348008448,107119.394120816,82395.0827202855,64045.0360101211,59962.8926826163,174000
115723.247424332,107070.663955552,82340.2829249256,63983.6549923268,59901.6647692123,174100
115665.437138451,107027.944655249,82282.5180588361,63922.311714603,59836.5942650926,174200
115607.617646249,106977.694870368,82224.7666518485,63861.0062054037,59771.5747648418,174300
115549.789034093,106916.627036138,82167.0287635827,63799.738493007,59706.606278405,174400
115491.95138818,106853.465518776,82106.4883094112,63738.5086055157,59641.6888155539,174500
115434.104794528,106787.710183399,82046.9876194413,63677.3165708576,59576.822385887,174600
115396.710602031,106728.2379122,81987.5037220336,63616.1624167865,59515.5033587306,174700
115375.829843957,106666.741362822,81924.6515412159,63555.0461708818,59454.834729926,174800
115334.090363699,106604.684539954,81862.0025309363,63493.9678605499,59394.363305005,174900
115280.939888284,106542.300703166,81800.0364768495,63432.9275130238,59334.9309208439,175000
115227.707458087,106486.222480684,81738.0907298323,63370.7641423733,59274.0509125508,175100
115174.462052467,106425.56596848,81676.1653452607,63303.8176677043,59213.2101785298,175200
115121.203754987,106370.698119175,81614.6544368927,63236.9213618523,59147.3078679894,175300
115067.932649049,106314.659260023,81556.8469475843,63170.0752387439,59079.5471099524,175400
115011.621908859,106244.767383752,81499.0539348405,63103.2793121276,59012.4149773603,175500
114954.15744753,106177.060513157,81441.116742892,63036.5335955742,58947.0186761898,175600
114896.684445283,106127.159274231,81383.5115685797,62969.8381024774,58883.5679391783,175700
114838.903213962,106076.691922527,81325.7623294033,62903.1928460544,58824.4420976477,175800
114780.940953279,106029.428277714,81262.3954309439,62836.5978393463,58765.4667185395,175900
114724.869047627,105980.620702661,81194.7766221546,62770.3675480495,58706.8017432011,176000
114665.326912288,105923.523800444,81127.0303164481,62707.0141111686,58648.1764003623,176100
114605.106322172,105855.698993296,81062.1498283906,62648.444557505,58589.5907097515,176200
114541.781509747,105787.88370832,80997.45471458,62590.2164156039,58531.0446909384,176300
114478.454870093,105721.868852011,80934.707477083,62519.0853851201,58472.5383633342,176400
114423.418121702,105669.033619261,80872.0757817192,62456.0935910176,58414.071746192,176500
114374.562595728,105616.190893987,80808.3189114013,62394.3769759154,58355.6448586072,176600
114318.94573034,105563.34075221,80747.2475329692,62332.7122011189,58295.1399346141,176700
114261.624004561,105510.483269801,80686.1965149061,62271.088465476,58237.6871680945,176800
114204.294521771,105457.618522476,80625.1659100409,62209.50579032,58179.9361782265,176900
114146.957363775,105404.746585798,80562.5916199328,62147.9641968185,58121.3787149942,177000
114089.612612211,105351.867535177,80498.9884845767,62086.4637059745,58062.8616729404,177100
114032.260348553,105298.740681913,80436.1655374093,62025.004338626,58004.3850695736,177200
113974.900654109,105244.648864179,80377.3941547523,61963.5861154472,57945.9489222476,177300
113917.53361002,105184.103678585,80322.9326865665,61902.2090569486,57882.9566077362,177400
113860.159297265,105118.322446216,80269.4228832101,61835.1956623148,57815.7165001217,177500
113802.777796657,105052.549191909,80218.3720110634,61766.2103180933,57749.020644568,177600
113744.51265654,105003.081811436,80161.9105435766,61697.9052049108,57685.7481110427,177700
113685.973780154,104959.173534663,80097.705796043,61631.5578984846,57632.7850313453,177800
113627.429163962,104915.250511961,80030.7919637779,61575.8937477322,57579.8525522962,177900
113568.878888238,104871.312814494,79966.9425549008,61518.5925869309,57526.9506993259,178000
113510.323033089,104822.619890929,79912.8358738338,61454.4874174193,57474.2566588213,178100
113456.973010595,104767.316190112,79846.6527316064,61390.4297767115,57416.9864578711,178200
113396.001510248,104702.121036825,79782.6147510292,61328.1919431157,57358.0842668088,178300
113336.859461946,104636.801707348,79717.7529743919,61270.213798903,57297.935158924,178400
113279.649799656,104571.490377503,79655.9634700053,61212.3130171936,57233.1680650344,178500
113222.433561347,104506.187119982,79586.8293459902,61155.5931075684,57168.4563284622,178600
113165.210825935,104440.892007296,79516.1493434569,61092.5661978822,57103.7999470888,178700
113107.981672174,104381.890530492,79451.2187270153,61037.7919520902,57039.1989186445,178800
113050.74617866,104335.466268163,79391.9692178353,60982.9510773257,56978.2141294579,178900
112993.504423826,104289.030377488,79332.7391066545,60924.9840523532,56923.0378601781,179000
112936.256485947,104242.582928713,79270.7331423666,60867.0532627987,56866.4955420942,179100
112879.002443137,104187.395099135,79206.1761415775,60809.6893159498,56803.9739795963,179200
112841.394740033,104140.705786206,79139.8469435556,60752.4100397265,56741.5034918874,179300
112805.022730093,104093.452815456,79075.4037924351,60692.4070777394,56679.0840813535,179400
112768.618221973,104045.666099551,79013.7199993172,60632.3525549632,56616.7157502331,179500
112731.735093515,103983.759436143,78952.0602101431,60572.3903028889,56554.8795565325,179600
112694.82921929,103914.921252025,78891.819123823,60512.9509832697,56493.2133582999,179700
112657.219405419,103846.096675318,78830.812565941,60453.5513057604,56430.9203642417,179800
112619.583068551,103790.28223182,78769.829546282,60394.1912889496,56369.6074729292,179900
112574.771308423,103741.708981294,78710.4604234298,60335.8917949413,56307.3583597645,180000
112509.092219922,103692.813565573,78654.6076486152,60278.1594360038,56245.1606514928,180100
112443.327740285,103624.131555618,78597.6219055559,60230.0737428305,56183.0143489032,180200
112376.786435162,103570.051779524,78539.0235314079,60168.3212604527,56121.4534027733,180300
112310.250038273,103517.631588808,78476.9951292735,60106.6136094645,56059.9607342629,180400
112243.718625819,103454.63974225,78410.1768502136,60044.9508022886,55998.5079572181,180500
112186.113841415,103390.646413467,78344.5042021964,59983.3328511969,55937.0316287912,180600
112137.780815915,103326.661004338,78284.1793788636,59921.8208684109,55875.391285559,180700
112089.434298527,103270.193083848,78218.395609753,59866.0982919227,55813.8017742189,180800
112041.074362609,103224.375666821,78154.470027039,59807.4757528476,55752.2630953265,180900
111992.701081388,103166.268977328,78091.6074578576,59752.1494168358,55690.7752492963,181000
111944.314527961,103107.63364356,78031.0172901996,59697.339875529,55629.3382364025,181100
111895.91477529,103052.944411358,77977.4122054941,59642.5624920624,55567.9520567788,181200
111847.501896211,103012.099711923,77922.353217296,59584.9126106658,55506.6167104196,181300
111799.075963427,102970.234389495,77861.9840115417,59522.1495545432,55445.33219718,181400
111750.63704951,102927.262602352,77799.7094179603,59459.4345624795,55384.0985167765,181500
111702.185226904,102864.736452056,77738.7497912371,59396.7676417682,55322.915668787,181600
111653.720567921,102800.482323652,77680.1226347239,59334.1487995551,55261.7836526521,181700
111605.243144743,102737.480547436,77623.9522599206,59271.5780428398,55200.7024676747,181800
111556.753029425,102686.65962755,77567.7994013801,59209.4866991076,55139.6721130209,181900
111508.250293889,102635.832850223,77511.6641056434,59150.1042495054,55078.1557473572,182000
111459.735009931,102585.000283105,77447.5201765603,59090.7635392707,55016.2995073939,182100
111411.207249215,102534.161993714,77384.0980488519,59031.4645818621,54954.9987233478,182200
111363.852627383,102483.318049433,77325.0787858198,58972.3633505705,54894.0220893221,182300
111321.940260245,102432.46851751,77266.0813593461,58913.3893088857,54833.0966145662,182400
111273.915310247,102381.613465057,77204.8733294531,58852.0455003195,54772.2222970096,182500
111216.972867577,102330.752959055,77142.5221878372,58789.9086063041,54711.3991344484,182600
111166.358016539,102271.784258583,77080.1982973748,58727.8197445667,54650.6271245452,182700
111112.847773193,102211.433066809,77016.8336563353,58667.8300385516,54589.9062648301,182800
111059.330064329,102164.597039051,76952.5244888058,58609.9425937771,54529.2365527005,182900
111005.80496187,102110.232888856,76888.2461566804,58552.0948037745,54468.6179854221,183000
110952.272537598,102055.772057041,76827.285500672,58494.3340528627,54408.0505601292,183100
110903.444810405,102013.462545517,76766.7184928356,58435.024395455,54347.606124016,183200
110858.523738868,101970.318823314,76706.1763829563,58373.0378033746,54287.4026592951,183300
110813.587886802,101916.577112283,76645.659212365,58311.1156501346,54228.2788769753,183400
110768.63732288,101864.161857685,76584.9423546837,58249.2419185901,54170.0981585987,183500
110723.672115655,101817.75045791,76524.699853597,58191.4770521213,54109.9316614139,183600
110678.692333565,101770.939699896,76464.2577473104,58134.3455380658,54049.8159566495,183700
110633.69804493,101716.854101358,76403.8407440927,58077.2529568326,53989.7510409562,183800
110587.812626277,101670.09590256,76343.0279613938,58018.9949421532,53928.9550803488,183900
110539.52355137,101623.20386973,76280.9540300365,57957.2028262509,53867.6147876308,184000
110491.22293229,101574.908286938,76222.157102069,57895.4594299309,53806.0125976373,184100
110442.910838034,101524.859107258,76162.2449481433,57833.7647562784,53745.9613607855,184200
110394.587337473,101474.804694627,76103.5918671619,57772.1188082426,53685.96132523,184300
110346.252499354,101424.745113539,76044.4781216042,57710.5215886372,53626.0298212437,184400
110297.9063923,101374.680428361,75987.0125799506,57648.9731001407,53566.3788639828,184500
110252.213234035,101324.093550447,75928.8469957888,57587.6106060517,53508.0614284478,184600
110211.466471859,101272.928041738,75871.8964968047,57527.7558763503,53448.9881151977,184700
110170.702482356,101221.758741898,75815.9242331461,57466.1982513519,53387.1812249918,184800
110129.921330711,101166.731048984,75759.2762917958,57407.0584690558,53327.9912820525,184900
110089.12308201,101109.971261168,75702.297891116,57348.9522968171,53272.9322075535,185000
110048.307801232,101053.213835752,75644.9930980207,57291.6499638465,53213.5271873325,185100
110004.834994412,100996.458836397,75587.5680100675,57229.7312976038,53154.1728960459,185200
109956.603323867,100939.706326622,75530.4425624405,57169.7815818561,53094.8693284695,185300
109887.899190803,100882.84791279,75471.0054752934,57110.409806888,53035.6164792571,185400
109819.206305113,100825.257412962,75408.4676959981,57051.4270190647,52976.4143429416,185500
109765.374967961,100777.587289922,75345.6069010874,56992.6821692515,52917.2629139348,185600
109716.898941504,100731.297228589,75282.7766747729,56934.1529028426,52858.1621865285,185700
109668.03369944,100682.200978924,75219.9770515019,56875.7075715818,52799.1121548942,185800
109619.10886151,100624.69091705,75157.9688772205,56817.3057934434,52740.112813084,185900
109570.174155043,100567.184780226,75096.6947162168,56758.9475751767,52681.195502717,186000
109521.229646817,100508.437538829,75034.5640545674,56700.7316787876,52623.3654631191,186100
109472.275403486,100452.854588763,74975.5817303076,56643.6876891843,52570.4515480845,186200
109423.311491583,100403.10465811,74915.8033881741,56587.8874959625,52517.5757266222,186300
109374.337977518,100353.132997749,74857.9818041957,56532.3621582009,52464.7380070702,186400
109325.354927582,100301.422486678,74800.438804371,56474.5748860555,52407.249114493,186500
109276.362407943,100241.697941061,74741.7304031653,56415.8316821672,52346.8211821043,186600
109227.360484648,100181.464061661,74683.1332657046,56357.2874609704,52286.4479125854,186700
109178.349223626,100121.237661462,74624.5606626814,56302.3195732769,52226.1292936058,186800
109129.328690682,100068.047960893,74566.0126313401,56247.3892100783,52165.8653127209,186900
109080.298951502,100017.437432887,74507.4892087844,56192.4963833978,52105.6559573721,187000
109028.821996178,99964.5284820093,74448.9904319772,56137.7565384634,52045.5012148877,187100
108975.335812001,99907.9102683082,74390.487645861,56083.1844008304,51985.4010724829,187200
108921.844795497,99851.2956796386,74328.7938461332,56028.6493312579,51925.3555172605,187300
108868.34901271,99794.6847765932,74267.1301414941,55974.1513418491,51865.3645362111,187400
108814.848529559,99738.0776196271,74205.4965645179,55919.6904445865,51805.4281162139,187500
108761.343411827,99681.4742690577,74144.9605974088,55865.2666513325,51745.5462440363,187600
108707.833725173,99624.8747850651,74092.3893458293,55810.8799738298,51687.0967592873,187700
108654.186311009,99568.279227692,74039.8348842229,55753.6580288615,51629.0557412681,187800
108600.457550839,99511.4865325285,73978.7599447305,55689.8699092383,51572.0744284597,187900
108546.574893255,99457.0578158975,73916.3139661164,55626.1391341788,51516.6678409604,188000
108491.554283714,99404.6020783753,73853.8999851047,55562.4656906182,51461.3062260495,188100
108421.178422815,99352.1460132353,73795.3521245386,55504.451852545,51405.9895821546,188200
108343.728945219,99299.6896800133,73740.0251811301,55448.0630028393,51350.7179075924,188300
108266.304530363,99247.2331381194,73684.7190900849,55392.848321726,51295.4912005688,188400
108188.905236044,99194.7764468379,73627.0335764926,55337.6730911791,51240.3094591799,188500
108111.531119875,99139.6032671844,73568.4615072017,55287.1292496565,51185.1726814116,188600
108034.182239286,99092.103625362,73505.9280313038,55236.8280320287,51130.0808651406,188700
107956.858651525,99041.6921270193,73445.4191063516,55186.5571394388,51075.0340081342,188800
107920.79801426,98991.2786083324,73384.9394553968,55128.4392625781,51020.1532903099,188900
107887.58884142,98940.8631278913,73324.1744978949,55069.9000992595,50965.3105970552,189000
107854.359899852,98890.4457441663,73259.7508812287,55009.3136026319,50907.6797310648,189100
107821.111245999,98840.026515508,73195.3634568364,54948.410066209,50850.0998291255,189200
107787.842936221,98789.6055001478,73133.0143529104,54892.3480412537,50792.5708807557,189300
107754.555026799,98739.1827561979,73075.6706801441,54835.013882538,50735.0928753681,189400
107721.247573933,98688.4836581822,73020.3096255621,54776.1680931895,50677.6658022706,189500
107684.337117409,98636.9978078544,72960.7883737064,54718.0590374625,50621.5193409059,189600
107631.586880891,98583.8752039472,72901.6802854577,54659.9964580845,50567.9171074195,189700
107578.145890682,98530.4254118853,72841.3663700874,54603.2364875789,50514.357611267,189800
107524.259584608,98476.977610633,72781.0822161231,54549.0423540153,50460.8408516705,189900
107470.187738124,98423.5318571099,72721.0393803411,54494.8869338399,50407.3668277471,190000
107415.183610976,98366.5393678793,72662.8322897071,54440.7702344497,50353.9783633556,190100
107343.133108236,98313.6268389337,72604.6516983635,54386.6922631297,50300.7996828376,190200
107267.219561532,98263.0581504442,72546.4976383818,54332.6530270535,50247.8792561069,190300
107191.330340902,98212.488353501,72489.2584579774,54278.6525332837,50195.0006635443,190400
107119.472405753,98161.91750506,72433.3644566114,54224.7538046719,50142.1639048164,190500
107070.595701547,98111.3456619596,72377.4936671567,54171.0670964286,50089.368979487,190600
107021.711851331,98060.7728809213,72321.6461233047,54117.0935082413,50036.5230891392,190700
106972.820916137,98010.0859920262,72265.8218586204,54062.4225862295,49979.2765263784,190800
106923.922956883,97958.6939778878,72210.0209065428,54007.8233949363,49921.6212106369,190900
106875.018034374,97907.3020463136,72154.2433003848,53953.2645465356,49864.01872364,191000
106826.106209305,97855.9102535657,72098.4890733338,53898.7460456697,49806.4690503295,191100
106776.726348827,97804.263560759,72039.5850322304,53844.2678968721,49748.972175549,191200
106727.098249353,97749.1851019763,71982.6192035387,53789.8301045672,49691.7502800418,191300
106677.464230523,97692.7750494917,71927.4452273328,53735.432673071,49634.613703288,191400
106610.535784943,97636.3709262949,71863.8779381551,53681.0756065916,49580.9392988536,191500
106542.752329912,97579.9727875283,71804.1101834118,53626.7589092291,49527.3094458157,191600
106474.982969641,97523.2896858029,71744.5058232451,53572.4825849761,49473.7241392648,191700
106407.227762304,97465.0949865608,71684.9314879,53518.2466377182,49420.1833741927,191800
106339.486765922,97404.8509837439,71625.9174141082,53463.1425910411,49366.6871454927,191900
106271.760038362,97336.581373372,71568.461879822,53401.9153339961,49313.23544796,192000
106204.04763734,97268.3333734948,71510.254240975,53345.7988285995,49259.8282762921,192100
106136.349620416,97200.0584252515,71450.683724639,53292.5132491194,49206.4656250889,192200
106068.666045,97131.1625925999,71390.7168480263,53234.7291792131,49153.1474888532,192300
106000.996968349,97074.8902986366,71330.7810114867,53173.7195510883,49100.0451806787,192400
105933.342447569,97026.686448718,71270.8762413911,53118.4958901111,49047.1374751838,192500
105878.876573758,96978.4806413427,71211.0025639813,53064.7948818477,48994.273565684,192600
105830.49733924,96918.5367609048,71151.7913502343,53011.8934342269,48941.4534471879,192700
105771.979988368,96856.5320820585,71093.1046556067,52959.0671182818,48888.6771146087,192800
105707.091289176,96794.4964662897,71035.1886975504,52906.2792126338,48835.9445627641,192900
105642.2141582,96731.484380495,70976.7944312593,52853.5297221194,48783.2557863767,193000
105577.348652434,96668.4874068972,70917.2257325718,52800.8186514722,48730.6107800744,193100
105512.494828725,96605.505596268,70858.0900911274,52748.1460053233,48678.0095383906,193200
105447.652743778,96542.5389992399,70798.9848304288,52693.5145586953,48625.4520557647,193300
105389.817176829,96485.0455490713,70740.0499818262,52638.0160103554,48572.9383265422,193400
105335.976477045,96435.2266915174,70683.8605631283,52582.5618650249,48520.4683449751,193500
105282.13518472,96385.4078705284,70627.6969347586,52524.6169296637,48468.0421052223,193600
105228.293357913,96335.5891392014,70570.7248974197,52463.5504991979,48417.5927237528,193700
105173.794390331,96285.7705505234,70513.0605677626,52405.0535943107,48369.9864532312,193800
105119.224775024,96236.864396279,70455.116394024,52343.0927670805,48322.4141306962,193900
105064.65555619,96189.3969384848,70396.275060427,52281.1912933367,48274.8757613228,194000
105010.086791402,96141.9274476311,70335.9239219834,52219.3491501117,48227.3713501947,194100
104955.51853811,96094.4559761359,70273.434604749,52159.8000249816,48176.5564554522,194200
104900.950853648,96043.5987901398,70212.8411861543,52104.8684573624,48124.232551902,194300
104846.383795226,95988.3170107661,70153.6094285397,52049.9810520369,48071.9527510129,194400
104791.81741994,95938.63440126,70095.7869310868,51995.1378054928,48019.717045621,194500
104737.251784764,95883.487923849,70039.1889954606,51940.6596125808,47969.1584406845,194600
104682.686946555,95822.1943967672,69982.6182805305,51886.8676434496,47919.5356300594,194700
104628.122962051,95762.6876828364,69927.2615893457,51833.1177178637,47869.9515328051,194800
104573.55988787,95706.7566400193,69875.4370424582,51779.4098346178,47820.4061479418,194900
104518.997780515,95650.8331388756,69823.6327949171,51725.7439924096,47770.8994744,195000
104464.43669637,95594.9172301775,69768.7385198901,51672.1201898398,47721.4315110207,195100
104409.8766917,95539.0089645769,69712.2030059293,51618.5384254128,47672.0022565558,195200
104355.317822653,95482.3566803086,69655.6950258669,51564.9986975368,47614.3690339087,195300
104300.76014526,95424.5192890933,69599.2146057297,51510.3213295815,47556.2327299155,195400
104240.617061906,95366.6920860748,69542.7617714273,51454.203627077,47498.4261449697,195500
104179.078036761,95308.875120719,69486.0180472384,51398.1336583174,47446.2147427761,195600
104117.548155361,95251.0684423684,69430.3675029899,51345.49486127,47394.0483866754,195700
104056.027472219,95193.2721002421,69372.4669522215,51293.5384270185,47341.927066941,195800
103994.516041716,95128.2570385712,69315.2462552295,51241.621245825,47290.1653055591,195900
103933.013918101,95071.4185044807,69258.0097278371,51189.4709245049,47238.464048974,196000
103871.521155494,95020.1804745326,69204.0454327971,51135.7683246369,47186.807033109,196100
103810.037807883,94966.873550294,69148.3664866617,51082.108795541,47135.1942489747,196200
103748.563929126,94910.8933389784,69091.6428710106,51028.4923334043,47083.6256874964,196300
103687.099572952,94854.9215436627,69034.2102734289,50974.9189343209,47032.101339515,196400
103625.644792959,94798.8688628791,68975.3838601073,50921.4634619088,46980.6211957873,196500
103564.199642615,94741.0154200759,68916.4310813235,50868.3201017109,46929.185246986,196600
103502.764175259,94677.8582804497,68857.5901810403,50815.2190571847,46877.7934837001,196700
103441.338444102,94609.581352132,68798.7817723017,50762.160324969,46826.4458964352,196800
103379.922502224,94540.6484683936,68741.1117310233,50709.2209556397,46774.0935166668,196900
103318.516402578,94471.7414768633,68685.0064396627,50653.5959677615,46719.9798531071,197000
103257.076939404,94402.8604188681,68629.7144018743,50598.0190298286,46665.9167802865,197100
103195.334602345,94334.0053355938,68575.0827578714,50542.4901308104,46611.9042796685,197200
103133.602663339,94276.9368391222,68520.9184039566,50487.0092595881,46557.9423326385,197300
103071.881174766,94225.961412456,68468.2872612697,50433.3165033903,46504.0309205037,197400
103010.170188878,94174.9895614419,68414.8131526335,50383.4297803196,46452.4746868597,197500
102948.469757796,94120.2082655011,68362.3160944705,50333.8334660501,46401.5123202998,197600
102891.059924363,94058.2398753385,68307.1198720726,50282.982305374,46350.5940032625,197700
102844.800807302,93996.2884168924,68251.6190571199,50231.9758821504,46299.7197254471,197800
102798.53632688,93934.3539347781,68194.1252939011,50178.2073158942,46248.9095174879,197900
102752.266535571,93871.6100599369,68136.073411652,50124.4835060067,46198.3488338877,198000
102705.991485754,93818.5799529764,68078.0535841986,50070.8044448985,46147.8316554198,198100
102659.711229711,93766.9027678114,68020.7382530023,50017.1701248932,46097.3579721333,198200
102613.425819631,93715.2303961306,67963.5485245872,49963.5805382273,46046.9277739982,198300
102567.135307606,93659.0815230665,67910.1750073735,49910.0356770509,45996.5410509054,198400
102520.839745635,93595.7503861225,67857.5179481176,49856.5355334277,45946.1977926671,198500
102461.860094104,93532.4385396051,67805.5073447838,49803.2471462049,45895.8979890171,198600
102401.524092199,93476.5152347958,67751.4635796199,49750.0541245567,45845.6416296111,198700
102341.197811521,93430.6524350637,67694.3717252386,49696.9053334879,45793.9984238152,198800
102280.881302831,93384.7885304106,67636.8449719468,49643.8007652925,45743.9766807809,198900
102220.574616769,93338.923568302,67579.35018774,49590.7404121795,45694.7179297742,199000
102160.27780385,93293.0575961105,67522.2295522709,49537.7242662732,45641.9932290256,199100
102099.990914469,93247.1906611151,67467.2736427824,49484.9684268643,45589.2726964083,199200
102039.713998897,93201.3228105024,67411.275446663,49433.2804368343,45534.7555844073,199300
101979.447107285,93155.3311013982,67353.1949773925,49381.6340079765,45479.1696304247,199400
101919.190289661,93104.8819508137,67295.1477042292,49330.0291353044,45423.6401139478,199500
101858.326642469,93047.9159584186,67238.5461776262,49278.4658137482,45368.1670054037,199600
101797.365709028,92989.8401438082,67180.440983548,49226.9440381538,45313.9093081459,199700
101736.415749854,92931.7772784199,67127.0482199784,49175.4638032844,45260.7027494997,199800
101675.476814448,92873.7274065785,67073.6833168365,49124.0251038196,45204.6518785202,199900
101614.548952189,92815.6905724927,67021.0070934255,49070.6105972713,45148.1647099543,2e+05
101553.632212333,92757.6668202557,66967.6127669906,49016.9361308006,45100.4916426682,200100
101492.726644016,92699.6561938446,66911.8558200928,48963.3081479824,45048.3878470475,200200
101431.832296251,92647.4130198168,66856.4593843508,48909.7266369286,44995.4368431333,200300
101370.949217931,92596.5487207963,66802.4727300489,48856.1915856708,44942.5368831247,200400
101310.077457826,92543.0670777552,66746.7120748689,48802.7029821609,44889.6879445153,200500
101249.217064588,92487.5141616602,66690.9813755074,48749.2608142712,44836.8900047311,200600
101188.368086747,92431.8322401962,66635.2806511871,48695.8650697951,44784.3906571419,200700
101127.530572711,92375.4404122739,66579.6099210261,48642.5157364465,44731.9978490562,200800
101067.702310734,92319.0600995185,66523.9692040383,48589.2128018611,44679.6552682602,200900
101013.932218004,92262.6913456243,66468.3585191337,48536.8714187489,44627.3628929118,201000
100960.165761777,92206.3341941746,66412.7778851184,48485.8445885294,44575.1207011022,201100
100908.741986391,92149.9616004807,66357.2273206949,48434.8594298389,44522.928670856,201200
100860.235313577,92091.4508157584,66301.6456041958,48383.9159359408,44472.8922448385,201300
100811.727146275,92032.9544777686,66245.7163755126,48333.0141000199,44424.3038545292,201400
100763.217533755,91974.4726287224,66189.818016846,48281.8874578056,44376.4961789599,201500
100714.706525193,91916.005310717,66131.8388717133,48227.5233150696,44329.7717605189,201600
100666.194169671,91857.5525657355,66073.29499237,48178.7280791828,44283.0856459252,201700
100617.680516174,91799.1144356477,66018.8779139951,48129.8231970486,44236.4378285843,201800
100569.165613595,91740.6909622098,65966.5336341344,48079.1295460351,44185.6876249612,201900
100520.23879959,91682.2821870647,65910.7898884958,48028.4775104617,44134.9513409498,202000
100471.293914185,91623.8881517426,65856.1599772401,47978.2604748821,44089.4979041837,202100
100422.348471396,91565.5088976607,65803.0800469854,47928.6875277121,44044.0805037776,202200
100356.235647168,91507.1444661235,65748.1609511796,47883.1496659762,43998.699135472,202300
100288.948068722,91450.8126699833,65692.9692950487,47829.9005767218,43953.3537949368,202400
100221.234308596,91396.0902003097,65635.8083246315,47777.6902924449,43908.0444777713,202500
100154.138698253,91340.3206353629,65578.68118096,47726.9407441263,43862.7711795046,202600
100100.43708459,91284.6034378078,65521.4958724206,47676.5555657973,43817.5338955958,202700
100046.739934413,91230.8094671893,65467.9339865446,47626.6281269697,43772.0645025016,202800
99993.0472954326,91177.9989545713,65414.0863265534,47576.7414171259,43723.2307419793,202900
99943.2337517395,91128.2139189929,65357.9845970315,47526.8954292131,43669.9585340452,203000
99897.3209303983,91077.2756054902,65300.5545972076,47474.7247650214,43616.7406850389,203100
99851.4050942703,91020.2294176997,65243.8930400712,47418.4808320511,43563.5771648517,203200
99792.4836941018,90960.728551336,65191.2753101636,47363.1416017689,43512.3446874493,203300
99733.5342050384,90905.5834861591,65139.6186330705,47308.3299877024,43464.6929012079,203400
99674.5955459551,90851.1185496472,65087.4408813794,47254.1647232637,43416.208642854,203500
99622.606051107,90796.6643221929,65036.1868558367,47200.0500973912,43365.7645131467,203600
99573.4889450768,90742.2208451848,64982.2421852534,47145.9860893495,43317.9559160161,203700
99524.3720780738,90687.7881599084,64927.4194757465,47091.9726783359,43270.1896111296,203800
99475.2554971617,90633.3663075464,64872.6274009182,47038.0098434798,43222.4655850512,203900
99426.1392493114,90578.9553291789,64817.7682236407,46986.4979061287,43174.7838242802,204000
99377.023381401,90524.5552657837,64763.1352184816,46935.217882401,43127.1443152518,204100
99327.4095128334,90473.330641855,64709.0076735507,46883.982589725,43079.547044337,204200
99277.6064804666,90418.3736437315,64656.1640110591,46832.7920148207,43031.9919978431,204300
99227.8046901732,90363.4284338506,64602.1064498275,46781.6461443383,42984.4791620137,204400
99178.004188384,90308.8825784104,64546.0096508182,46731.0324928159,42937.0085230293,204500
99128.2050214366,90254.4335630564,64492.0310657879,46680.7763029359,42889.580067007,204600
99078.4072355752,90199.995834877,64439.202825826,46630.5630653063,42842.1937800013,204700
99028.6108769512,90146.7417035156,64386.6358299155,46580.5667617438,42794.849648004,204800
98976.7517506598,90096.1278111021,64334.0963828143,46534.2651775096,42747.5476569445,204900
98921.3363483757,90041.4987734065,64281.1028514606,46487.9985889503,42698.9379253164,205000
98874.7127563694,89985.5350502944,64225.7020618948,46441.7669939985,42649.8149041986,205100
98828.0876492454,89929.8208572258,64170.4205935872,46395.5703905159,42600.2549683512,205200
98781.4610727588,89876.1205929374,64116.9216231785,46347.0893872912,42550.3341950633,205300
98732.5034328589,89822.010742542,64063.4520592439,46290.2759118187,42500.6783056099,205400
98683.3365588037,89767.2895426567,64010.0119173993,46233.9237967273,42451.2303678995,205500
98634.1708164376,89712.580474962,63956.6012131684,46184.8533535895,42401.8299749255,205600
98585.0062511752,89657.8835785641,63900.9568343957,46138.5986493286,42352.4771043766,205700
98535.8429083405,89603.5577005371,63843.7384012561,46085.9962998885,42303.171733886,205800
98486.1442313705,89549.6172887261,63787.522254813,46034.415249792,42253.913841031,205900
98434.5832078201,89495.6882396841,63733.8219578943,45985.6788695787,42204.7034033334,206000
98377.69825514,89441.7705924783,63680.1518631631,45935.2526721739,42157.1471957745,206100
98320.8230600916,89387.8643860773,63626.5119850164,45883.6657687036,42114.2700504491,206200
98263.9576662041,89333.9696593517,63572.9023377596,45832.2759076583,42066.7406121941,206300
98207.1021169032,89280.0864510738,63519.3229356069,45780.9328512257,42018.2426309609,206400
98150.256455511,89226.2147999183,63465.7737926817,45729.6365814861,41969.3810636058,206500
98093.4207252464,89172.3547444618,63412.2549230165,45678.3870804572,41920.0651253405,206600
98036.5949692252,89118.5063231836,63358.7663405534,45627.1843300938,41870.7973259684,206700
97979.7792304603,89064.6695744656,63305.3080591443,45576.5246936492,41821.5776414625,206800
97922.9735518618,89010.6035931512,63251.8800925507,45526.6414819674,41772.4060477432,206900
97866.1779762371,88956.3409611929,63200.9072021467,45476.8022482462,41723.2825206785,207000
97809.3925462916,88902.0906725986,63150.8998765506,45427.0069778545,41674.2070360839,207100
97752.3108687249,88847.8527651597,63098.9379714211,45377.2556560981,41625.1795697232,207200
97695.1968330866,88791.5491399067,63043.164131839,45327.5482682194,41576.2000973081,207300
97638.093447427,88734.6398717091,62987.4948469622,45279.4470310819,41527.2685944992,207400
97581.0007539806,88683.9154613118,62931.9496634741,45233.9811051295,41477.491019495,207500
97523.9187948803,88622.403946545,62877.1388509303,45181.0926976656,41425.6711119629,207600
97466.8476121568,88570.5616332262,62823.936119456,45130.3279345607,41381.0403076454,207700
97409.7872477387,88506.5337144776,62772.0624483504,45080.9143211939,41332.422741299,207800
97353.0692566319,88450.1298649183,62719.270705061,45031.811305952,41283.8527409437,207900
97309.8791914981,88396.031945268,62666.1770841601,44983.1278947036,41235.8838914232,208000
97266.6858959408,88341.9467039056,62613.1139362661,44935.6340705143,41186.571767029,208100
97223.489412857,88287.8741776638,62560.0812739891,44887.2851065596,41137.3450480551,208200
97180.289785067,88233.6945959682,62506.292103651,44835.8700388922,41088.1302831512,208300
97137.0870553147,88177.1253836194,62452.1343578861,44785.9546782206,41038.9649419117,208400
97093.8812662674,88120.5721595963,62397.9612850391,44736.667375547,40989.8642757318,208500
97050.6724605159,88064.0349591125,62344.5794277845,44687.4240473826,40940.9214183487,208600
96996.6823487574,88007.5138172824,62293.6296060546,44638.2246777791,40892.0276029236,208700
96941.2509670588,87951.0087691213,62243.0675620939,44589.0692507286,40843.1828023387,208800
96885.829130607,87894.5198495463,62191.0879182105,44539.9577501643,40794.3869894301,208900
96830.4168805286,87838.0470933756,62137.5232770001,44490.8901599604,40745.6401369873,209000
96775.0142578535,87780.7352836804,62084.1612039473,44441.8664639322,40696.9422177539,209100
96719.6213035147,87723.4142270459,62031.4340723259,44392.8866458369,40648.2932044277,209200
96664.2380583482,87666.1106029634,61979.1147888259,44343.9506893732,40599.6930696607,209300
96608.8645630936,87608.5633659664,61926.0716765299,44291.5871851014,40551.1417860597,209400
96553.500858394,87546.7643103653,61872.7651479787,44238.0812857602,40502.6393261865,209500
96498.1469847961,87485.5454322709,61818.9878586958,44184.6299709239,40454.1856625577,209600
96442.8029827508,87432.2948257837,61765.2432704882,44131.2332085401,40405.7807676455,209700
96387.2058807405,87376.347277699,61711.5313927432,44077.8909665092,40357.4246138774,209800
96331.334286349,87320.186824208,61657.8522347632,44024.6032126849,40309.5082243167,209900
96275.4732296105,87265.0971395813,61604.2058057665,43971.3699148745,40261.7433517471,210000
96219.6227505556,87210.0224380847,61549.453708808,43918.3247257738,40212.8893489516,210100
96163.7828891187,87154.9627540359,61494.5645640874,43869.5744370007,40164.3542792986,210200
96107.9536851381,87099.2284171997,61439.7104643129,43823.6101078696,40116.1775425592,210300
96052.1351783561,87042.8471187824,61385.6279495786,43777.9208911614,40068.049533991,210400
95996.3274084193,86986.4826703031,61333.9624666759,43732.269439576,40019.9702254839,210500
95940.5304148785,86930.1351049567,61282.3268198436,43686.6557436996,39971.9395888853,210600
95884.7442371892,86873.8044558427,61226.3894154718,43641.07979406,39923.9575960006,210700
95828.9689147113,86821.3303241055,61171.7294730018,43595.5415811266,39876.0242185928,210800
95773.2044867097,86771.1945873591,61119.6177695008,43550.041095311,39828.1394283834,210900
95717.4509923544,86717.0549514545,61068.8661604355,43504.578326967,39780.303197052,211000
95661.7084707203,86662.6989189765,61018.2630604302,43459.1532663905,39732.5154962371,211100
95605.9769607876,86607.5511116934,60967.6882212817,43413.3990335959,39684.7762975359,211200
95550.2565014423,86552.4190108801,60917.1416551781,43363.5988018938,39637.0855725046,211300
95494.5471314755,86496.8177444932,60866.8641735631,43313.8460116033,39589.4432926587,211400
95438.8488895844,86438.4706987097,60812.835714869,43264.1406396967,39541.8494294733,211500
95383.1618143721,86380.1437179915,60761.8076760435,43214.482663096,39494.3039543829,211600
95327.4859443477,86321.8368330813,60710.8088966508,43164.872058674,39446.8897142789,211700
95273.0159860398,86263.5500746247,60659.8393876979,43115.3088032535,39399.6071208685,211800
95220.1711029847,86212.5727600576,60608.8991601124,43066.0251127292,39352.3724385747,211900
95167.3343367387,86164.3731922702,60557.9882247431,43018.809947073,39305.1884814975,212000
95114.5057263049,86114.972760729,60507.1065923599,42976.8586280574,39260.4677132665,212100
95061.6853105977,86061.0970599697,60457.4068263813,42934.9388304275,39215.953454719,212200
95008.873128443,86007.2360176443,60405.6039925021,42894.4138568165,39171.5434724102,212300
94956.0692185785,85953.3896664098,60354.5482232141,42853.9586560154,39126.9313027916,212400
94903.2736196535,85899.5580388341,60303.1488484696,42811.1248240354,39082.3612896595,212500
94850.4863702295,85845.7411673955,60251.7799061685,42763.6620646882,39037.8334128568,212600
94797.70750878,85791.9390844836,60200.4414056633,42716.0652129999,38992.6459519596,212700
94744.9370736906,85738.1518223991,60149.1333562287,42668.5119355505,38946.4683120045,212800
94692.1751032593,85684.379413354,60097.8557670616,42621.0022136266,38900.3367807084,212900
94639.421635697,85630.6218894714,60043.9033141046,42573.5360284647,38854.7872150098,213000
94586.6767091267,85576.8792827863,59990.7167799981,42526.1133612517,38811.6106789757,213100
94533.9403615844,85523.1516252455,59939.6161287336,42478.7341931249,38768.473597172,213200
94481.2126310192,85469.4389487075,59887.0891406233,42431.4505281615,38724.3130380788,213300
94428.4935552931,85415.7412849429,59834.4555823784,42384.8885533946,38678.2133589158,213400
94375.7831721813,85362.0586656345,59781.8552260439,42338.3684037451,38632.1600762882,213500
94323.0815193723,85308.2913706909,59728.3963388192,42291.8900623653,38586.1531631016,213600
94270.3886344683,85254.0727418615,59673.8935836191,42245.4535123581,38540.1925922241,213700
94217.7045549849,85199.8699178386,59619.8521476377,42199.0587367765,38494.278336486,213800
94165.0293183515,85145.6829297388,59568.3616540789,42152.7057186245,38448.4103686805,213900
94112.3629619116,85091.5118085908,59514.0048321234,42106.3944408563,38402.5886615636,214000
94059.7055229223,85037.3565853354,59461.5838251934,42060.849276355,38356.8131878541,214100
94007.0570385554,84983.217290826,59414.1596218291,42017.8354814108,38311.0839202343,214200
93954.4175458965,84929.0939558284,59366.7603266127,41974.8608819637,38265.40083135,214300
93901.7870819461,84878.5220336673,59319.385952352,41931.9211050411,38219.7638938104,214400
93849.1656836188,84833.5733035764,59269.2998428883,41889.0161422173,38174.1730801886,214500
93796.5533877445,84788.6300303312,59219.1902881529,41846.1459850143,38128.6283630219,214600
93743.9502310673,84743.69224764,59169.7547456509,41802.3962364319,38083.1297148115,214700
93691.3562502469,84698.759989138,59119.1557990887,41759.2312985444,38037.6771080235,214800
93638.7714818577,84653.8332883879,59070.7091482899,41716.1019215334,37992.3203889334,214900
93586.1959623894,84608.9121788804,59022.3019600946,41672.8954429466,37947.0268144917,215000
93533.6827256546,84563.912901338,58969.743901195,41620.2121713761,37901.7790409564,215100
93487.7814705818,84517.6240103259,58918.0742789462,41568.8044086672,37856.5770408879,215200
93441.8825923869,84471.342757463,58862.7130510719,41521.7808335988,37811.4207868116,215300
93395.9861284199,84411.3337964376,58811.5067856735,41475.1605963304,37766.3102512182,215400
93350.0921159577,84347.0858089211,58760.0155139647,41429.25351249,37722.0654175483,215500
93304.2005922032,84282.8691130286,58708.2161296312,41383.3883547537,37678.2723833046,215600
93258.3115942865,84218.5613472179,58656.4498589565,41337.5651046498,37634.5220961188,215700
93212.4251592641,84153.5357612435,58603.7414709135,41292.2327781925,37592.7756429593,215800
93166.5413241195,84088.5425268791,58550.3990482472,41245.2055389674,37554.9012059214,215900
93120.660125763,84023.581663465,58497.2520369809,41198.7724020089,37517.056924314,216000
93074.7816010321,83964.4837167489,58445.9191550766,41152.3827534441,37479.2427913229,216100
93028.9057866915,83915.0190584204,58394.6188569039,41106.0365722502,37441.4588000887,216200
92983.032719433,83865.5656112602,58343.3511473043,41059.9924183203,37403.7460590839,216300
92937.1624358759,83816.1234063757,58290.6600206862,41014.1510314905,37366.1190545529,216400
92891.2949725672,83766.6924747964,58236.7994238175,40968.352075798,37328.5219512734,216500
92845.4303659811,83717.2728474743,58182.9762015959,40922.5955314815,37290.9547425191,216600
92799.5686525197,83667.8645552836,58129.0519754872,40876.8813787363,37252.2632655254,216700
92753.7098685129,83618.4676290213,58076.6641752606,40831.2095977146,37209.6895986334,216800
92707.8540502185,83569.0820994069,58025.2024677157,40785.5801685257,37167.1566815563,216900
92662.0012338222,83519.7079970828,57971.5411636149,40739.9930712363,37124.6644930792,217000
92616.1514554381,83470.3453526144,57917.1933401183,40694.4482858702,37082.2130119503,217100
92570.3047511082,83420.99419649,57862.0438984011,40648.9457924092,37039.8022168812,217200
92524.4611568031,83371.6545591212,57806.9347181326,40603.4855707927,36997.4320865474,217300
92478.6207084216,83322.3264708431,57751.865795582,40558.0676009182,36955.1025995878,217400
92432.7834417911,83273.0099619139,57701.1533806024,40512.6918626412,36912.8137346054,217500
92386.3756142903,83223.7050625157,57651.1480754142,40467.3583357759,36870.5654701672,217600
92333.943314067,83174.4118027542,57598.9523298226,40422.0670000946,36828.3577848048,217700
92281.5213271237,83125.1302126589,57548.1217117078,40376.8178353287,36786.1906570137,217800
92229.1096875574,83075.8603221833,57498.3518192012,40331.6108211684,36744.0640652546,217900
92176.7084293841,83026.6021612049,57448.6129784565,40286.4459372629,36701.9779879526,218000
92124.3175865389,82977.3557595257,57398.9051944558,40241.2418486848,36659.8583160351,218100
92071.9371928765,82928.1211468718,57349.2284721131,40192.9891733505,36616.7935520613,218200
92019.5672821708,82878.8983528938,57297.3003281557,40144.7859560422,36573.7717023893,218300
91967.2078881155,82829.6874071668,57243.9046786815,40096.6321653241,36530.7927416708,218400
91914.8590443238,82780.488339191,57191.6285257906,40050.0064907067,36487.8566445257,218500
91862.5207843291,82731.301178391,57141.4557682285,40005.069668017,36444.9633855427,218600
91811.4564256232,82682.1259541168,57091.268364747,39960.4230476761,36402.1129392788,218700
91769.004220667,82632.962695643,57040.5244588896,39917.3472104241,36359.3052802604,218800
91726.3760743022,82583.8114321699,56990.3016845434,39877.5167982551,36316.5403829826,218900
91683.7486597561,82534.6721928229,56941.6687711693,39837.1097561602,36273.8182219098,219000
91641.1220118719,82485.4222022397,56894.2993906746,39792.4069503851,36231.138771476,219100
91598.4961654274,82436.21932962,56846.1876762199,39747.7460275294,36188.5020060846,219200
91555.8711551358,82388.5651332379,56794.8789385023,39701.4633444356,36147.2040065009,219300
91513.2470156454,82337.1037955931,56743.6048503725,39654.2023133751,36106.7686688913,219400
91465.1880011832,82288.5945290253,56692.3654123572,39606.128904279,36066.3710781842,219500
91412.5846889807,82240.0908850401,56641.1463068301,39560.4399042588,36026.0112157233,219600
91359.9927489544,82191.0366238441,56586.3267160309,39515.8220648119,35985.6890628175,219700
91307.4122135327,82141.9946171054,56531.5484829425,39471.2926816781,35945.404600741,219800
91254.8431150646,82092.5377385304,56476.811600834,39427.0908785372,35905.1578107334,219900
91202.2854858204,82040.8082334843,56422.11606291,39383.0726791985,35864.9486740002,220000
91149.7393579917,81989.0943977911,56367.4864425467,39339.0955000803,35824.7771717127,220100
91097.2047636915,81937.3962583007,56316.9182654716,39295.159320906,35784.643285008,220200
91044.6817349541,81885.7138417862,56271.1600186539,39251.2641213614,35743.8945348083,220300
90992.1703037358,81834.0471749441,56221.8580416224,39208.1685927357,35702.6593633987,220400
90939.6705019143,81782.2425737383,56170.7637292914,39163.1853267831,35661.4644222718,220500
90887.1823612894,81730.2689476438,56120.7856283443,39118.849705786,35620.3096886056,220600
90834.7059135829,81682.2756797323,56072.2166969646,39074.5562888344,35579.1951395478,220700
90782.2411904388,81638.9231624005,56022.2905490144,39030.305053502,35537.9463022865,220800
90729.7882234232,81592.1490644985,55972.1586872661,38986.0959773273,35495.0810762246,220900
90683.6379774034,81541.1765341525,55923.0624831861,38942.3353326935,35452.2602890931,221000
90638.2441504268,81492.0142741321,55873.8025103798,38898.699135206,35409.4839113847,221100
90592.7009887314,81446.2192642858,55823.748350532,38855.1038862288,35366.7519135678,221200
90547.1622055718,81400.4333631228,55775.3362172212,38811.5495648699,35324.0642660867,221300
90501.6278340686,81354.6565992439,55729.9842082268,38768.0361502017,35281.4209393615,221400
90456.0979072752,81308.7866133641,55683.7064382205,38724.4263043367,35238.8219037886,221500
90410.572458178,81257.9371851621,55635.7364682444,38678.3400070317,35196.2671297406,221600
90365.0515196964,81201.2348086245,55586.2575113297,38632.3007201311,35153.7565875666,221700
90319.5351246829,81148.7009655571,55538.6588731411,38586.3084134358,35111.2902475923,221800
90274.023305923,81094.1179823185,55492.3972384239,38540.3630567192,35068.8680801203,221900
90228.4805607276,81039.5553726319,55446.0403108159,38496.2262268714,35026.4900554298,222000
90182.6365025317,80985.0131596116,55398.6777297165,38453.21661516,34984.1561437775,222100
90136.7974868192,80930.4913662939,55351.2756704914,38410.2472985115,34941.8663153972,222200
90090.9635460182,80874.3060869785,55304.7361227192,38367.3182562415,34899.6205404999,222300
90044.9437268566,80818.1119289848,55258.5810687123,38324.6750599652,34857.4187892745,222400
89998.7261750288,80764.9350847204,55212.4533821306,38282.13460241,34815.2610318874,222500
89952.5142846489,80712.2055281153,55166.3530687779,38239.6336411181,34773.147238483,222600
89906.3080876595,80658.9227933812,55120.280134398,38197.3686807079,34731.0773791836,222700
89860.1076159364,80597.7114957375,55073.8196546863,38155.2284616122,34689.0514240898,222800
89813.9129012883,80539.6826223685,55025.4739090349,38113.1270678598,34647.0693432806,222900
89767.7239754574,80487.8350190917,54975.677375262,38071.0644804147,34605.1311068133,223000
89721.5408701193,80436.2752305005,54928.0756126301,38026.5471555596,34563.2366847241,223100
89675.3636168829,80384.7323205756,54880.5041312684,37985.2768908005,34521.3860470277,223200
89629.192247291,80333.2063136646,54832.4051236472,37943.9632586008,34479.579163718,223300
89578.3765926516,80281.6972340419,54782.8896879175,37901.4355138442,34437.8160047679,223400
89519.346189315,80230.205105909,54733.7438352183,37858.9478839207,34396.0965401297,223500
89460.3368851831,80178.7299533949,54684.6311780667,37816.7919588371,34354.4207397349,223600
89401.3487058437,80127.2718005557,54635.5517160152,37774.7241448699,34312.8195463291,223700
89342.3816768017,80075.8306713752,54586.5054485576,37732.6955878247,34271.3517411318,223800
89283.4358234798,80024.4065897648,54536.7889444263,37690.70626754,34232.3479276823,223900
89224.033498415,79972.9995795636,54486.2384914999,37648.7561638221,34193.9097871924,224000
89164.5011269012,79921.6096645387,54435.7240454825,37606.4363171359,34155.5958712124,224100
89104.9907356312,79870.2368683851,54385.4323239372,37564.3856205758,34117.3180926152,224200
89045.5023494378,79818.8812147261,54335.5688967052,37522.4051220996,34079.076432188,224300
88986.0359930714,79767.5427271132,54285.7404002579,37480.4641307732,34040.8708706899,224400
88926.5916912002,79716.2214290264,54235.9468319609,37438.562625643,34002.7013888514,224500
88867.1694684099,79664.9173438742,54186.1881891218,37396.4079584041,33964.5679673749,224600
88807.7693492043,79613.6304949936,54136.464468991,37354.3567755357,33926.4705869349,224700
88748.3913580052,79562.3609056508,54086.7756687616,37312.0764255733,33888.4092281777,224800
88689.0355191527,79511.1085990404,54037.3975500581,37269.8365582556,33850.383871722,224900
88629.7018569052,79463.0396701042,53988.9217182681,37227.6371510067,33812.3944981587,225000
88570.3903954399,79418.5354955968,53941.6893606563,37185.616717352,33774.4410880514,225100
88511.1011588523,79373.9704937264,53893.9639908423,37143.7932471856,33736.5236219362,225200
88451.8341711569,79321.5287132664,53844.3767150852,37101.9109371669,33698.6420803218,225300
88395.382936764,79266.2001766617,53795.6997258569,37059.9401287969,33660.7964436901,225400
88347.6931279658,79211.1363983494,53747.0562781425,37018.0095128787,33622.9866924956,225500
88300.0117424903,79167.9368793771,53698.9030435748,36976.1190668879,33585.2128071665,225600
88252.3388098523,79118.8680007129,53650.8324227079,36934.2687682715,33547.4747681037,225700
88204.6743595005,79067.952142696,53602.7943258769,36892.458594448,33509.7725556819,225800
88157.0184208174,79016.6743111287,53554.7887520963,36850.6885228074,33472.1061502491,225900
88109.3710231196,78965.4120556638,53506.8157003251,36808.9585307114,33434.4755321272,226000
88061.7321956574,78913.9112811447,53458.8751694668,36767.2685954938,33396.8806816118,226100
88014.1019676157,78859.9187730378,53411.7266270549,36725.6186944602,33355.9428055804,226200
87966.4803681135,78804.9427397619,53365.2768171047,36684.0088048885,33314.7421094249,226300
87915.0874540266,78749.8328380259,53318.8569967235,36642.4389040287,33273.5858217731,226400
87858.1012448936,78694.7221107547,53272.467167123,36600.9089691037,33232.4739095214,226500
87801.1349182511,78641.9678706432,53226.1073294604,36559.4189773085,33191.4063395524,226600
87751.7435590222,78590.8503618356,53179.7774848378,36517.9689058112,33150.2262988868,226700
87703.7599982376,78539.7508010942,53133.4776343034,36476.5587317525,33109.0115393062,226800
87655.7856349089,78488.6692100882,53087.2077788506,36435.1884322464,33067.8415952747,226900
87607.8204976619,78437.6056104183,53040.967919419,36393.85798438,33026.7164327137,227000
87559.8646150565,78386.5600236167,52994.7580568939,36352.7184002919,32985.6360175325,227100
87511.9180155876,78335.532471147,52948.5781921068,36311.6324255416,32944.6003156281,227200
87463.9807276845,78284.5229744048,52902.4283258354,36270.4501047504,32903.6092928855,227300
87416.8821403124,78232.2406506171,52856.3084588039,36229.2483545032,32862.7248620624,227400
87371.8724555289,78179.8257102315,52810.2185916829,36188.0864101275,32822.0282752874,227500
87326.8690752035,78127.4307958855,52764.1587250896,36146.9642484516,32781.3757628693,227600
87281.8720282884,78075.0559276459,52718.1288595882,36105.8818462777,32740.7672914511,227700
87236.8813436746,78026.304628878,52672.1289956897,36064.8391803827,32700.8909506774,227800
87191.897050192,77979.2947816379,52626.8539894832,36023.8362275178,32662.7563072984,227900
87146.9191766102,77929.5467819498,52582.1454222832,35982.872964409,32624.659864017,228000
87101.9477516376,77879.272641535,52535.1888838067,35941.9493677568,32586.6015964172,228100
87056.9828039221,77829.0159950837,52490.0042009073,35901.065414237,32548.5814800633,228200
87012.0243620512,77778.4763182067,52445.3570513181,35860.2210805002,32510.5994904994,228300
86967.0724545518,77727.7454857922,52398.4927903944,35819.4163431723,32472.6556032501,228400
86922.1271098905,77679.7704324087,52351.6604188807,35778.6678018675,32434.7497938202,228500
86872.4295616599,77635.2388945521,52305.524262654,35737.971842724,32396.8820376951,228600
86812.6393236055,77584.4617533282,52261.2022076342,35697.3153417303,32357.7701269097,228700
86752.8737856669,77533.0108619908,52216.9077407261,35656.6982755145,32317.5425881932,228800
86698.1637422116,77487.8517929813,52172.6408641704,35616.1206206801,32277.3588950522,228900
86650.4921939988,77441.0096781426,52126.4346361707,35575.5823538067,32237.2190136912,229000
86602.7338445593,77391.1118917457,52078.8094076398,35534.1208802411,32197.1229103041,229100
86554.9787918836,77341.2315662912,52032.5534474728,35492.4326027078,32157.0705510751,229200
86507.2336058037,77291.368722317,51981.6097250601,35450.786488782,32117.0619021784,229300
86459.4983134009,77241.5233802963,51931.985735513,35409.182510705,32077.0969297782,229400
86411.7729416933,77191.6955606373,51884.152828238,35368.1460006948,32037.1756000293,229500
86363.8671696444,77141.8852836839,51836.3542000333,35328.9970984345,31997.2978790769,229600
86315.764800069,77092.0925697152,51788.589845907,35289.9291506335,31957.4637330567,229700
86267.6728985952,77042.3008456019,51742.3238488143,35250.8977299404,31917.6731280953,229800
86219.5914918026,76991.8279262338,51697.0141787216,35211.9028165368,31877.9594433584,229900
86171.5206062077,76941.3735169725,51651.7344193382,35172.3608534968,31838.328648348,230000
86123.460268264,76890.6820834546,51606.3008989519,35132.3409760086,31798.7411143023,230100
86075.410504362,76839.7631514322,51558.8143912828,35092.4860633606,31759.1968075985,230200
86027.3713408295,76788.863489822,51511.362015511,35052.6697582109,31719.6956946049,230300
85975.511764708,76737.9831175788,51466.2796167633,35012.8920374886,31680.2377416812,230400
85921.2572582233,76687.1220535926,51422.0036863715,34973.8429360938,31640.8229151781,230500
85867.0208537694,76636.2803166887,51378.0904085943,34935.7073101845,31601.4511814379,230600
85812.5514590513,76585.457925628,51333.8518511757,34897.6067147624,31562.1225067945,230700
85757.6559644158,76534.6548991068,51289.346426048,34859.5411316054,31522.8933235635,230800
85702.7795254464,76483.1905525749,51245.1841846223,34821.5105424658,31483.7876601477,230900
85647.0397562608,76428.484883679,51200.6382913941,34783.51492907,31444.7246369098,231000
85585.9248554515,76380.5888133113,51155.6309675296,34745.5542731192,31408.8655139354,231100
85524.8375774696,76332.7084731798,51110.7100761535,34707.7555649706,31373.5846878909,231200
85463.7779392706,76283.5361766724,51065.8190839136,34669.8319767743,31338.3376547866,231300
85402.7459577345,76233.6869180644,51020.9579895785,34630.1157338984,31303.1580696525,231400
85341.7416496663,76183.856014249,50976.1267918685,34590.4385808461,31265.5723701104,231500
85280.7650317962,76134.0434841062,50931.3254894559,34553.0407777116,31227.1284541192,231600
85219.8161207797,76084.2493464537,50886.5540809652,34517.0281629493,31188.7606409076,231700
85158.8949331974,76034.4736200464,50841.8125649731,34480.2513908461,31150.4900205342,231800
85098.001485556,75984.7163235769,50797.1009400088,34441.9394189416,31112.260584695,231900
85037.1357942874,75934.9774756757,50752.419204554,34403.6636280937,31074.0723020199,232000
84977.8215476399,75885.257094911,50707.767357043,34365.4239978081,31036.6058791457,232100
84929.955487694,75835.5551997889,50662.7424433412,34327.220507568,31001.2499860788,232200
84882.1006716124,75785.8718087537,50616.6010903464,34289.0531368334,30965.9286403188,232300
84834.2571243193,75736.7887751605,50570.4924085491,34251.0227655532,30930.6418205029,232400
84786.4248706783,75687.7736821026,50525.0278920565,34213.1059683217,30895.3895052505,232500
84738.6039354926,75638.7763225572,50479.9954677586,34175.2248238442,30860.2918804092,232600
84690.7943435046,75589.7967151817,50434.9939366896,34137.3793120822,30825.2680774114,232700
84642.9961193966,75540.8348785726,50388.7003925265,34099.5694129745,30790.2783373004,232800
84595.2092877904,75491.8908312659,50342.571115101,34061.7951064376,30755.322639206,232900
84547.4338732476,75442.9645917369,50296.5667681138,34024.0563723653,30720.4009622399,233000
84499.66990027,75394.964230067,50250.5952274734,33985.5212585362,30685.5132854957,233100
84451.917393299,75348.3639744927,50205.6736664703,33942.991820505,30650.6595880492,233200
84399.7165783298,75301.7786993463,50161.0171069317,33900.5094457624,30615.8398489587,233300
84345.9944334995,75253.8072479098,50116.3910611944,33858.0740961747,30581.0540472647,233400
84292.2910354697,75207.5687437261,50071.7955263823,33816.7170986801,30546.3021619902,233500
84238.6064052264,75157.3329675887,50027.230499574,33778.6328442614,30511.5841721408,233600
84184.9405636902,75107.117008729,49982.6959778027,33740.5853724791,30476.9000567047,233700
84131.2935317152,75056.9208840408,49938.1919580565,33702.5746609436,30442.2497946531,233800
84077.6653300901,75006.7446103564,49893.7184372784,33664.6006872466,30407.63336494,233900
84024.055979538,74957.5599445897,49849.2754123665,33626.6634289599,30373.0507465024,234000
83970.4655007163,74909.2786239652,49804.8628801743,33588.986746062,30338.5019182604,234100
83916.8939142171,74860.9786451589,49760.4808375104,33551.5198016742,30303.9868591175,234200
83863.3412405673,74812.2130727843,49716.1292811389,33514.0991645153,30269.5055479602,234300
83809.8075002284,74763.4656565753,49671.8082077797,33476.7141690238,30235.0579636588,234400
83756.2927135972,74714.7364140541,49627.5269414917,33439.3647942414,30200.6440850668,234500
83702.7969010052,74666.0253626843,49584.4712764238,33402.0510191898,30166.2638910215,234600
83649.3200827193,74617.3325198707,49541.4439848556,33364.7728228708,30131.917360344,234700
83595.8622789416,74568.6579029591,49498.4450654206,33327.5301842662,30097.6044718391,234800
83542.4235098097,74520.0015292371,49455.4745167086,33290.3230823381,30063.3252042957,234900
83489.0037953967,74471.3634159336,49412.5323372655,33252.5726999125,30028.4856038206,235000
83435.6031557113,74422.7435802193,49369.6185255934,33214.2455006261,29991.4592697918,235100
83382.2216106979,74374.1420392065,49326.7330801508,33175.9564753354,29954.4731866066,235200
83328.8591802369,74324.8853297273,49283.8759993527,33137.7055989774,29917.9225910905,235300
83275.5158841446,74274.2060314843,49241.0472815706,33099.4928464734,29883.8097370136,235400
83222.1917421735,74223.547903407,49198.246925133,33061.3181927287,29849.7304074474,235500
83168.8867740121,74176.0864395945,49155.474928325,33023.1816126331,29815.4537941218,235600
83118.5683837027,74129.0867125031,49112.7312893887,32985.0830810607,29778.808858066,235700
83070.3325141648,74082.1034328339,49068.9798387899,32947.0225728702,29742.2036072438,235800
83022.1097064735,74035.1366183692,49027.3811921795,32909.0794585124,29705.6380105765,235900
82973.8999830354,73987.9471260063,48986.410803415,32871.2334963605,29669.1120369798,236000
82925.7033661988,73938.6408603693,48944.6893776009,32833.4251688426,29632.6256553639,236100
82877.5198782539,73888.5670569745,48902.3945559373,32795.654451213,29596.1788346334,236200
82829.349541433,73839.2688334076,48857.7457259489,32757.9213187108,29559.7715436876,236300
82781.1923779104,73791.4237930958,48813.1289385836,32720.2257465598,29523.4037514205,236400
82733.0484098027,73743.5965590542,48768.5441879058,32682.5677099689,29487.0754267209,236500
82684.9176591688,73695.787148002,48723.9914679388,32644.947184132,29450.7865384726,236600
82636.80014801,73647.9955766019,48677.5177794388,32607.3641442281,29414.5370555546,236700
82588.69589827,73600.2218614609,48630.5139463676,32569.8185654214,29378.3269468407,236800
82540.604931835,73552.4660191298,48583.5468860951,32532.3104228614,29342.1561812001,236900
82492.5272705342,73504.7280661034,48536.6165870608,32494.8396916832,29306.0247274975,237000
82444.4629361393,73457.0080188207,48493.0784162037,32457.4063470075,29269.9325545929,237100
82396.4119503648,73409.3058936653,48450.0858644596,32420.0103639406,29233.8796313418,237200
82348.2139216225,73361.6217069648,48407.1228269214,32382.6517175744,29197.8659265954,237300
82300.0119447245,73313.5925990683,48362.6012132484,32345.3303829871,29161.8914092007,237400
82251.8235912562,73261.5494915251,48317.6110609513,32308.0463352425,29125.9560480004,237500
82203.6488826128,73209.5303785137,48273.4517191433,32270.7995493907,29090.0598118333,237600
82155.4878401329,73157.5352723093,48229.3242383123,32233.590000468,29054.2026695342,237700
82107.3404850982,73105.5641851284,48186.5380995936,32196.1289448753,29018.384589934,237800
82059.2068387335,73057.0378711782,48144.2564848356,32158.4687985136,28982.6055418598,237900
82011.0869222073,73012.1603504298,48102.0034732388,32120.8470401514,28946.8654941352,238000
81962.9807566314,72967.2975284631,48059.7790617557,32083.2636429013,28911.1644155799,238100
81914.8883630614,72922.4494228769,48017.5832472987,32045.7185798645,28875.5022750106,238200
81866.8097624965,72877.6160512174,47974.1027669032,32009.3458777597,28839.8790412403,238300
81818.7449758797,72832.797430979,47928.8469827067,31970.3589593252,28804.2946830787,238400
81770.6940240979,72787.9935796042,47883.5876253797,31932.5389855806,28768.7491693325,238500
81722.6569279818,72741.5242356044,47838.8356034254,31894.758154185,28733.2424688052,238600
81674.6337083063,72693.8738017288,47794.9299645662,31857.0164367735,28697.7745502973,238700
81626.6243857905,72646.1160181161,47751.0562665298,31819.3138049719,28662.3453826066,238800
81578.6289810976,72598.5923034833,47707.2131133646,31781.6502303962,28626.9549345278,238900
81530.6475148353,72550.9793244123,47662.2490473161,31744.0256846534,28591.603174853,239000
81482.6800075557,72503.3848789438,47617.3190237464,31706.440139341,28556.2900723719,239100
81434.7264797552,72455.8089821866,47572.4230332535,31668.8935660474,28521.0155958713,239200
81386.786951875,72408.2516491952,47528.4614360905,31631.3859363519,28485.7797141359,239300
81338.8614443011,72360.6763658197,47484.536131424,31593.9172218249,28450.582395948,239400
81290.949977364,72312.7341874572,47440.6431635933,31556.5951484607,28415.4236100875,239500
81243.0525713392,72261.9532568491,47396.7825248865,31519.4695735737,28380.3033253323,239600
81195.1692464473,72210.9165518471,47352.9542075545,31482.3821940523,28345.2215104583,239700
81147.3000228539,72159.9033527022,47309.1582038105,31445.3329824318,28310.2279442436,239800
81099.4449206695,72108.9136709987,47265.3945058305,31407.8820220585,28275.2804144077,239900
81051.5251039896,72057.947518265,47221.6631057534,31369.8164989758,28240.3711197786,240000
81003.3816213852,72006.7994613062,47177.9639956809,31331.7916827126,28205.5000293547,240100
80955.252735605,71954.5681635044,47134.2971676777,31293.8075416177,28170.6671121321,240200
80907.1384662966,71902.3623964221,47090.6626137718,31255.8640440348,28135.8723371054,240300
80859.0388330528,71844.8933105614,47047.0603259544,31217.9611583031,28101.1156732675,240400
80810.9538554119,71785.3865670862,47003.0384934991,31180.0988527569,28066.3970896097,240500
80762.8835528577,71729.4926297931,46958.848352868,31142.2770957259,28031.7165551218,240600
80714.8279448197,71680.4860703448,46914.6916552586,31105.2003490737,27997.0740387924,240700
80666.7870506729,71632.7402110342,46870.5683911949,31069.0776578846,27962.4695096085,240800
80618.7608897384,71585.0138273649,46826.4785511653,31032.9915761491,27927.9029365561,240900
80570.7494812828,71537.3069330333,46782.4221256227,30997.0801488069,27893.37428862,241000
80522.7528445191,71489.6195416828,46739.1929623955,30960.4613592793,27858.8835347839,241100
80474.7709986061,71441.6694690259,46697.2455866945,30922.4640991675,27824.4306440308,241200
80424.5133986657,71391.0042547312,46655.3279042822,30884.5081794438,27788.4823068309,241300
80368.8917439373,71340.3627368724,46613.4399094296,30848.3249096432,27752.0382451053,241400
80313.2948180698,71289.7449261463,46571.5815963712,30812.2994650372,27715.6372384307,241500
80257.7226343795,71239.1508331955,46529.7529593055,30776.3108305042,27682.8045570644,241600
80202.173702361,71188.5804686091,46487.9539923954,30740.3589797093,27650.4512249316,241700
80146.3160860077,71138.033842922,46448.0077806647,30704.4438863087,27618.1309794324,241800
80090.4836758295,71087.5109666158,46408.3871735849,30668.56552395,27584.317969478,241900
80034.6764846718,71037.0118501186,46368.7924421395,30632.723866272,27550.1668666846,242000
79990.6827791243,70987.3663982606,46329.5383461434,30596.9188869053,27515.9383126053,242100
79947.838333104,70938.7792754066,46289.8116603863,30561.1505594718,27481.4804781664,242200
79905.003296556,70890.1036393801,46249.1528577064,30525.4188575853,27447.8771954866,242300
79858.3975144026,70841.4493998468,46208.8340257741,30489.3581475737,27413.814974856,242400
79804.9789362688,70792.8165685452,46167.9019696145,30453.0153389614,27379.8364634663,242500
79751.5826115157,70743.2933002801,46126.9983533237,30416.7106801922,27346.4717879622,242600
79697.8513819137,70689.0603544033,46085.9898498668,30380.4441423785,27313.8842020129,242700
79643.9323154604,70641.7050882656,46043.4368744383,30344.2156966273,27281.3308211758,242800
79591.9444517401,70594.8944854073,46000.7808675037,30308.0253140401,27248.8116195323,242900
79547.5950507875,70548.1029459531,45958.1566010773,30271.8729657131,27216.1102083093,243000
79503.2569529732,70501.330482954,45915.5640665716,30235.7586227374,27183.0955884889,243100
79458.9301780111,70454.5771094111,45873.0032553655,30199.6822561988,27150.1164242331,243200
79408.0133462879,70407.8428382758,45830.4741588039,30163.6506127043,27117.2060075483,243300
79355.0810289467,70361.1276824493,45787.9767681984,30127.986503549,27084.3863586897,243400
79302.3344368704,70314.1312658432,45745.5110748268,30092.3595355714,27051.6018665459,243500
79254.7397866907,70266.5445784946,45703.0131968412,30056.769680918,27018.8525033633,243600
79207.1603630589,70218.9782650347,45660.3170443362,30022.3208469474,26985.6741085723,243700
79159.5961837993,70171.4323373982,45618.6262270256,29990.1608032897,26952.0957768313,243800
79112.047266685,70123.9068074697,45577.8780049106,29956.3993507951,26918.9650875258,243900
79064.5136294372,70076.4016870839,45537.15857084,29920.8200252854,26887.173398061,244000
79016.9952897259,70028.9169880256,45496.4679189656,29885.2779380804,26855.4147506472,244100
78969.4922651698,69981.4527220299,45455.7167188306,29849.7730609848,26822.7850116995,244200
78922.0045733363,69934.0089007824,45413.3334574723,29814.3053657981,26790.1863454927,244300
78874.5322317417,69886.5855359188,45369.865395683,29778.8748243154,26757.6228158212,244400
78827.0752578511,69839.1826390257,45326.4313970209,29743.4814083267,26725.0943945421,244500
78779.6336690788,69791.8002216401,45282.6245830069,29708.1250896176,26692.6010535108,244600
78732.2074827881,69744.4382952499,45238.5651350532,29672.8058399689,26660.1427645818,244700
78684.5186876488,69697.0968712938,45194.541020671,29637.6692873655,26627.7194996084,244800
78636.6356258455,69649.7759611613,45150.5522263087,29602.6071323396,26595.3312304427,244900
78588.7686198131,69602.4755761929,45106.5987383845,29567.5815338513,26562.9779289362,245000
78540.9176863977,69554.9864901239,45062.6805432866,29532.5924643228,26530.6595669391,245100
78493.0828423942,69507.1857875542,45019.1861231237,29497.6398961714,26498.3761163011,245200
78445.264104547,69459.4064062855,44977.9439438213,29462.7238018097,26466.1275488711,245300
78397.4614895496,69411.6483569269,44937.1536612954,29427.772370295,26433.9138364972,245400
78349.675014045,69363.2149194604,44896.3930328837,29392.7786388984,26401.7349510271,245500
78301.9046946255,69312.0782666553,44855.6620510735,29357.7421041427,26369.6374878862,245600
78254.1505478332,69268.012321668,44814.9607083209,29322.9478784132,26337.5838750004,245700
78206.4125901597,69222.6147778854,44773.1965781903,29289.4567877408,26305.5648674491,245800
78158.6908380463,69175.9645691169,44732.8251854714,29256.3280516217,26273.5804373039,245900
78110.9853078841,69129.3344091021,44692.4828967017,29223.2319650544,26241.630556636,246000
78060.7409662642,69082.7243089764,44652.1697048065,29190.1685059428,26208.8593933931,246100
78007.9134326121,69036.1342798273,44611.8856026793,29157.1376521819,26175.6448033201,246200
77955.1088090994,68989.4434329222,44571.6305831828,29124.1393816571,26142.4679979197,246300
77902.3271080434,68942.4315638001,44529.8857723873,29091.173672245,26109.3289437266,246400
77849.5683417079,68895.4403841351,44488.5423384482,29058.2405018131,26076.2276072815,246500
77796.8325223032,68848.4699044966,44448.5845015141,29025.3398482201,26043.1639551315,246600
77744.1196619862,68801.5201354064,44408.6553271479,28992.4716893157,26010.1379538302,246700
77691.4297728608,68754.5910873391,44368.7548085036,28959.636002941,25977.1495699373,246800
77638.7628669774,68707.6827707221,44328.1052405992,28926.6445308299,25943.972267531,246900
77586.1189563336,68660.7951959355,44286.5438180436,28893.5066859573,25910.7792538753,247000
77533.4980528739,68613.9283733123,44245.4295614141,28860.4020794922,25878.3306009032,247100
77480.9001684902,68567.0823131388,44203.1571853195,28827.3306880058,25845.3990391127,247200
77428.3253150213,68522.3870699626,44162.1965883137,28794.2924880621,25812.5051605659,247300
77375.7735042537,68478.5720766382,44121.551086382,28761.2513036943,25779.6489314725,247400
77323.244747921,68434.7739252857,44079.9042014289,28727.5771574945,25746.8303180493,247500
77270.7390577048,68390.9926284591,44038.4193035538,28693.9377533457,25714.0492865208,247600
77218.2564452339,68346.5572324967,43998.0283600726,28659.545143795,25681.3058031191,247700
77165.7969220851,68301.6426784717,43958.5109699984,28624.716897697,25648.5998340836,247800
77114.8972901572,68254.1238798984,43917.6401446136,28589.9263253725,25615.9313456616,247900
77068.2160520437,68198.1593390165,43876.5457930047,28555.1733960963,25583.300304108,248000
77021.5505493274,68150.2996986928,43835.482767484,28520.4580791438,25550.7066756856,248100
76974.9007977376,68105.8086197922,43794.4510578185,28485.7803437914,25518.150426665,248200
76928.2668129556,68060.876427309,43753.450653746,28451.1401593165,25485.6315233246,248300
76881.6486106153,68015.6982228061,43711.776536983,28416.5374949973,25453.1499319512,248400
76835.0462063029,67970.5390401199,43670.0444868074,28381.9723201133,25420.7056188392,248500
76788.4596155571,67925.3988900436,43629.9786695728,28347.444603945,25388.2985502915,248600
76741.8888538694,67876.6119916363,43588.5121110633,28312.9543157742,25355.9286926189,248700
76695.3339366836,67826.6678938502,43546.0214689614,28278.501424884,25323.5960121408,248800
76648.7948793967,67776.7496447734,43503.565268536,28244.085900559,25291.3004751848,248900
76602.6925690501,67726.8572502259,43462.6383169938,28209.7077120851,25259.0420480867,249000
76557.5474589877,67677.5980906674,43423.269822157,28175.3668287499,25226.8697049725,249100
76512.41662621,67631.275053552,43383.930051747,28141.0632198424,25194.7922446567,249200
76467.3000867287,67584.9728458857,43343.7174654552,28106.7968546535,25162.7515272587,249300
76422.1978565095,67538.69147703,43302.510232922,28072.5677024758,25130.747519594,249400
76377.1099514726,67492.4309563018,43261.335224421,28038.497076883,25100.4382636987,249500
76332.0363874925,67446.1912929729,43220.1924281073,28004.5093879098,25070.1639371608,249600
76286.9771803983,67399.9724962705,43179.0818321095,27971.6659854464,25039.922112504,249700
76241.9323459737,67353.7745753774,43138.6970280415,27940.0755594852,25009.7127634232,249800
76196.9018999569,67307.8573646272,43099.7140202126,27908.5163655399,24979.5358636136,249900
76151.8858580407,67263.9144974284,43060.7739887565,27877.0430620691,24949.3913867713,250000
76106.8842358732,67219.9895638961,43021.5744767205,27845.6694916264,24919.2793065933,250100
76061.8970490568,67176.0825749639,42982.3189973,27814.3267920343,24889.1995967773,250200
76016.9243131493,67132.1935415222,42942.1328974704,27783.0149420903,24859.1522310218,250300
75971.9660436629,67091.8431964823,42901.2368739503,27750.2689839909,24829.1371830264,250400
75927.0222560657,67053.460028385,42861.3294175624,27716.0189516563,24799.1544264918,250500
75882.0929657803,67015.0881949499,42821.3322935723,27681.8067892271,24769.2126787547,250600
75837.1781881847,66976.7277103664,42781.365701491,27647.6324643482,24739.3173227249,250700
75792.2405673045,66938.3542687921,42741.4296309355,27613.4959446693,24709.2528561027,250800
75747.2794449588,66899.4290193889,42701.5240714964,27579.3971978451,24677.9071116568,250900
75702.3329754205,66851.1266123992,42661.9292208426,27545.3361915348,24646.5972167903,251000
75657.401173837,66801.8037092319,42622.8304027165,27511.3128934026,24615.3231390753,251100
75612.4840553111,66752.4818604775,42583.5301423968,27477.3272711176,24584.0848460925,251200
75567.5816349012,66703.1859030988,42543.9781550636,27443.8831612375,24552.8823054309,251300
75522.6939276215,66653.9158419337,42504.4561761606,27411.3005539175,24521.7154846884,251400
75477.8209484418,66606.9295744521,42464.1974726323,27378.7523072227,24490.5914781727,251500
75432.9627122879,66563.2749340576,42423.4606657163,27346.238394065,24459.5226459068,251600
75388.1192340413,66519.6383971619,42382.6221602312,27313.7587873561,24428.4893697893,251700
75343.2905285398,66475.6876530726,42341.8163110327,27281.3134600069,24396.8054049239,251800
75298.4766105771,66431.6445150303,42301.0431048055,27249.0417761758,24364.1578663972,251900
75253.6774949028,66387.6201259387,42260.3025282104,27217.0660030131,24331.550194473,252000
75208.8931962232,66343.6144954983,42220.234962164,27185.1234898896,24298.9823490729,252100
75164.1237292003,66299.6276333675,42181.5628979002,27153.2142111741,24266.4542901375,252200
75119.3691084529,66255.6595491636,42142.7337883398,27121.6054717852,24233.9659776266,252300
75074.6293485561,66211.7102524621,42103.0659568089,27091.6454391869,24201.5173715191,252400
75029.9044640413,66167.7797527973,42063.4289747825,27061.7142725696,24169.1084318134,252500
74985.1944693968,66120.7675697103,42023.8228306654,27031.8119527518,24137.9433170383,252600
74940.4993790671,66073.0836887986,41983.9999871294,27001.7872660326,24107.8748721975,252700
74893.9837369406,66025.4238868296,41944.75093334,26968.8077227435,24077.8949324612,252800
74846.3884169722,65977.7881694864,41906.5621992931,26935.8642496609,24048.1318833152,252900
74798.8116557639,65930.1765424093,41869.230677447,26902.9568163449,24018.4018794364,253000
74751.2534656205,65882.5890111959,41830.5218456928,26870.0853923599,23990.0607687744,253100
74703.7138588016,65834.8859771098,41791.8422865588,26837.2499472744,23962.417172156,253200
74655.6240744231,65786.6076817414,41753.1919901777,26804.4504506615,23934.8017056923,253300
74592.6079213234,65738.3545538636,41714.5709466572,26771.6868720981,23906.3325464962,253400
74546.5185135347,65690.1265981172,41675.9791460802,26738.9591811661,23875.9337742557,253500
74505.4111043809,65641.9238191,41637.4165785048,26706.8369258029,23845.5699468871,253600
74464.3148147079,65593.7462213678,41598.8832339646,26675.0820050607,23815.2410323131,253700
74417.4665434164,65545.5938094338,41560.6513200027,26643.3607062832,23784.9844003132,253800
74370.2384711533,65497.4665877692,41523.0201502832,26611.6730025865,23754.7733318622,253900
74323.0288722756,65449.364560803,41485.4166195901,26580.0188670872,23724.5969623499,254000
74275.8377587334,65401.2877329219,41447.8407196138,26548.3982729029,23695.9062640798,254100
74228.6651424327,65353.2361084711,41410.2924420199,26516.8111931523,23667.331167275,254200
74181.5110352356,65305.2096917536,41372.7717784487,26485.3648197947,23635.5706353963,254300
74134.37544896,65256.2437701955,41335.2787205158,26454.1789652288,23604.1108922314,254400
74087.25839538,65206.1538792908,41297.2308799267,26423.0257653679,23574.7272816538,254500
74039.9532966388,65156.0923868347,41258.9890816761,26391.9051945437,23545.3766151964,254600
73992.6065645311,65106.7147743321,41220.7763618916,26361.9719718145,23516.0588637497,254700
73945.2787122592,65064.7830498311,41182.5927103675,26332.6885646823,23486.7739982112,254800
73897.9697512712,65019.4463513597,41144.4381168745,26303.4336514409,23457.5219894854,254900
73850.6796929718,64972.4909792153,41106.3125711598,26274.2072125778,23428.3028084839,255000
73803.4085487218,64925.559587702,41068.9842598917,26245.0092285747,23399.1164261258,255100
73756.1563298385,64878.6521816728,41032.0436324015,26215.839679908,23369.9628133368,255200
73708.9230475956,64832.7705881765,40995.1299446908,26186.6985470479,23340.8419410505,255300
73661.7087132237,64787.9389642821,40958.0314741934,26155.0653304734,23311.7537802075,255400
73614.5133379096,64742.4222115959,40920.7162595781,26122.6865288154,23282.6983017559,255500
73567.5712970899,64696.9275408843,40883.2925582701,26090.3438213716,23253.675476651,255600
73522.1443237975,64651.4549582901,40845.8968616765,26058.0371764609,23224.6852758561,255700
73476.7341631401,64606.0044699159,40807.4192758113,26025.76656241,23195.7276703415,255800
73431.3408273994,64560.576081825,40768.6498896401,25993.5319475528,23166.8026310855,255900
73385.812992393,64515.1698000405,40729.9111190942,25961.3788778019,23137.9101290738,256000
73340.2067125722,64469.7856305462,40691.2029517574,25929.274518245,23109.0501352999,256100
73294.6176181605,64424.4235792863,40652.5253751917,25897.2341217257,23080.2226207652,256200
73249.0457210659,64379.0836521654,40613.8783769378,25867.0920678161,23051.4275564787,256300
73203.4910331544,64333.3490660903,40575.2619445143,25837.3604322975,23022.6649134573,256400
73157.9535662505,64285.458271557,40536.6760654189,25807.659045496,22993.934662726,256500
73112.4333321371,64237.5933787335,40498.1207271274,25777.6983160469,22965.2367753175,256600
73066.9270742541,64189.7543904606,40459.5959170947,25746.0999183368,22936.5712222726,256700
73021.4112397996,64144.138708588,40421.101622754,25715.7050165783,22907.9379746404,256800
72975.9127150928,64099.0450140887,40382.6378315178,25685.5212794415,22879.3370034778,256900
72930.4315117211,64052.2840212312,40344.2045307771,25655.3690929768,22850.76827985,257000
72884.9676412307,64007.7379429912,40305.8017079022,25625.2484322763,22822.2317748306,257100
72839.1152955123,63963.1461203729,40267.4293502423,25595.2386644958,22793.7274595012,257200
72788.2911035948,63918.3620568597,40229.0874451258,25565.2907791558,22765.2553049518,257300
72737.3607607071,63873.5997009934,40190.7759798603,25535.3740785952,22736.8152822809,257400
72686.4550835239,63828.8590585799,40152.7002277871,25505.488538344,22708.4073625953,257500
72635.574078657,63784.1401353866,40114.9326188063,25475.6341339328,22680.0315170103,257600
72584.7177526747,63739.4429371429,40077.1946118453,25445.8108408928,22651.7004449097,257700
72533.8861121019,63694.7674695396,40039.4861948861,25416.0186347557,22623.4054620659,257800
72483.07916342,63650.1137382298,40002.8081630682,25386.2574910541,22595.1424239405,257900
72435.7998491015,63605.4817488281,39965.8875463223,25356.5273853212,22566.9113017573,258000
72388.861003767,63560.8715069115,39928.9950278394,25326.8282930911,22538.7120667488,258100
72339.4998590036,63516.2830180189,39892.1305973661,25297.1601898989,22510.5446901561,258200
72289.5227597335,63471.7162876514,39855.2942446275,25267.5230512804,22482.4091432291,258300
72239.5693683091,63427.1713212724,39818.4859593276,25237.9168527726,22454.3053972264,258400
72189.6396916796,63382.6481243075,39781.705731149,25208.3415699134,22426.2334234154,258500
72139.7337367517,63338.1467021448,39744.9535497532,25178.7971782419,22398.1931930725,258600
72098.2770509906,63293.6670601349,39706.4238154183,25149.2836532983,22370.1846774829,258700
72056.9285606694,63249.209203591,39667.4375829847,25119.8009706242,22342.2078479408,258800
72015.3940623209,63204.7731377886,39628.4837611342,25090.3491057622,22314.2626757495,258900
71969.0784113034,63160.3588679664,39589.562334136,25060.9280342565,22286.3491322213,259000
71922.7818460414,63115.9663993254,39550.6732862418,25031.5377316524,22258.4671886774,259100
71876.5043763005,63071.5957370297,39512.4330197753,25002.1781734969,22230.6586788148,259200
71830.2460118061,63030.6946057709,39475.773515634,24972.8493353383,22202.8888689386,259300
71784.0067622433,62991.2321671595,39439.1421740938,24943.5511927266,22175.1504509214,259400
71737.7866372572,62950.0313660787,39402.5389844007,24914.2837212133,22147.4433963279,259500
71691.5856464525,62906.2751558496,39365.9639357804,24885.0468963516,22119.767676732,259600
71645.4037993939,62862.5400742423,39329.4170174384,24855.8406936965,22092.1232637164,259700
71599.2411056063,62818.8261266642,39292.8376133541,24826.6650888046,22064.5101288734,259800
71553.0975745745,62775.1333184859,39254.643430408,24797.5200572344,22036.9282438043,259900
71506.9732157437,62731.246619573,39216.4805894588,24768.4055745464,22009.3775801198,260000
71460.8680385191,62686.6697615847,39178.3490757493,24739.3216163027,21981.8581094397,260100
71414.7820522665,62642.9318771823,39140.2488745044,24710.2681580677,21954.3698033935,260200
71368.7152663118,62599.6860145283,39102.1799709317,24681.4391825903,21926.9126336198,260300
71322.6676899414,62556.4608145988,39063.7363129271,24652.6729400356,21899.4865717669,260400
71276.5717516377,62513.256282907,39024.7217434351,24623.9366038297,21872.0915894925,260500
71230.3761403234,62467.7624500478,38985.7403946358,24595.2301503429,21844.7276584639,260600
71184.1999895077,62420.4967497383,38947.5753474998,24566.5535559472,21817.3947503578,260700
71138.0433082013,62376.6043173952,38909.751341368,24537.906797016,21790.0928368608,260800
71091.9061053756,62332.7335876318,38871.9583891892,24509.2898499243,21762.8218896691,260900
71045.7883899625,62288.8845650946,38834.1964762139,24480.7026910486,21735.5818804885,261000
70999.6901708551,62245.0572543943,38796.4655876756,24452.145296767,21708.3727810348,261100
70953.6114569071,62201.251660106,38758.7657087906,24423.6176434595,21681.1945630333,261200
70907.5522569335,62157.4677867692,38721.0968247586,24395.1197075076,21654.0471982196,261300
70861.5125797101,62113.7056388879,38683.4589207623,24366.6514652947,21626.9306583387,261400
70815.4924339738,62071.8487045456,38646.772997202,24338.212893206,21599.8449151459,261500
70769.491828423,62030.120059127,38610.7859572315,24309.8039676288,21572.7899404064,261600
70723.510771717,61988.4104092198,38574.8267952681,24282.6768989742,21545.7657058954,261700
70677.5492724768,61946.7197611518,38538.8955001473,24255.6729713825,21518.7721833981,261800
70631.6073392844,61905.0481212168,38502.9920606857,24228.6955494268,21491.8093447099,261900
70585.6849806836,61863.3954956738,38467.1164656814,24201.744614167,21464.8771616364,262000
70539.7822051796,61821.7618907478,38430.4101254511,24173.8378362179,21437.9756059934,262100
70493.8990212393,61780.1473126294,38393.5646355238,24145.0419235558,21411.1046496067,262200
70448.0354372912,61738.5517674748,38356.7489459574,24116.2768054464,21384.2642643128,262300
70402.1914617257,61696.9752614065,38319.9630430273,24087.5424562353,21357.4544219582,262400
70356.3671028947,61655.4178005126,38283.2069129925,24058.8388502725,21330.6750943998,262500
70310.5623691125,61613.8793908473,38246.480542095,24030.1659619128,21303.5577487338,262600
70264.7772686549,61572.360038431,38209.7993857571,24001.5237655156,21275.8426924964,262700
70219.01180976,61530.8597492499,38174.1844195184,23972.9122354448,21248.1606194573,262800
70173.266000628,61492.2436275366,38138.597131104,23944.3313460693,21220.5114970435,262900
70127.5398494211,61453.3130731957,38102.5556308332,23915.7810717628,21193.28543814,263000
70081.833364264,61411.7231706706,38065.2666565777,23887.2613869035,21167.1687154553,263100
70038.058524601,61369.3713299134,38028.4027005842,23858.7722658749,21141.0811285393,263200
69995.7670780004,61327.039850596,37991.5690815993,23830.3136830653,21115.0226513188,263300
69953.4910803317,61284.7287375997,37954.7657847953,23801.8856128679,21088.9932577287,263400
69911.2305421092,61242.4379957721,37919.2019906931,23773.488029681,21062.9929217123,263500
69868.9854738118,61200.1676299269,37884.0169819883,23745.1209079079,21037.0216172213,263600
69826.7558858826,61157.5815214941,37848.8591829419,23716.7842219573,21011.0793182159,263700
69784.5417887294,61113.6354603719,37813.7285825278,23688.6318013531,20984.6401637707,263800
69742.3431927244,61070.6232918515,37775.4084191625,23660.6955000186,20958.2800534297,263900
69700.1601082046,61029.9055440276,37736.9036194205,23632.7887515916,20931.9590848461,264000
69657.9925454714,60989.2061961519,37698.4328751272,23604.9115317906,20905.6681734802,264100
69615.8405147912,60948.1342529988,37659.9961662491,23576.9226915597,20879.4072913855,264200
69573.7040263951,60906.3588126902,37623.4527626192,23548.6406468283,20853.1764106261,264300
69531.583090479,60864.6032961602,37587.6970782376,23520.3891612177,20826.9755032775,264400
69489.4777172038,60822.8677082817,37552.3296219385,23492.168208693,20800.8045414262,264500
69447.3879166953,60781.1520538947,37517.4540383673,23463.9777632255,20774.66349717,264600
69405.3136990443,60739.4563378066,37482.6055001591,23435.8177987925,20748.5523426178,264700
69363.2550743069,60697.7805647916,37447.7839961659,23406.9409474505,20722.4710498899,264800
69321.2045176947,60655.9351731622,37412.870048609,23378.447926017,20696.4195911177,264900
69279.1122850474,60613.9989629632,37377.157867021,23350.2505475679,20670.3979384442,265000
69237.035758309,60572.0831250194,37341.4745198839,23322.0838751382,20644.4060640236,265100
69194.9749473442,60530.1876636725,37305.8199937144,23293.9478821637,20618.4439400215,265200
69152.9298619832,60488.3125832316,37270.1942750137,23265.8425420875,20592.5115386149,265300
69110.9005120214,60446.4578879736,37234.5973502677,23237.7678283598,20566.6088319926,265400
69068.8869072199,60403.4822874088,37197.5292237341,23209.7237144382,20540.7357923546,265500
69026.8890573053,60360.3789776281,37161.6018387271,23181.7101737872,20514.8923919124,265600
68984.9069719696,60317.2978794182,37125.6951593568,23153.7271798791,20489.0786028894,265700
68942.9406608705,60274.2389955605,37088.1457462545,23125.7747061931,20463.2943975205,265800
68900.9901336317,60231.1251750924,37050.6290670754,23097.852726216,20438.0240661151,265900
68859.0553998422,60187.5421870438,37013.2008845564,23069.9612134422,20412.8627363475,266000
68817.1364690572,60143.1255828377,36977.2466915939,23042.0666674537,20387.7295022894,266100
68775.2333507976,60096.3323379123,36941.3222603708,23014.1544053786,20362.6243386083,266200
68733.3460545501,60049.5670503034,36905.9615271938,22986.5071708762,20337.5472199805,266300
68691.4745897678,60002.8297177698,36872.1841194257,22959.0019966156,20312.4981210913,266400
68649.6189658695,59956.1203380387,36839.0007615438,22931.5265116431,20287.4770166348,266500
68607.7791922402,59909.4389088051,36806.338526801,22904.0806905693,20262.4838813143,266600
68565.9552782312,59862.7854277321,36772.7637320192,22876.6645080111,20237.5186898418,266700
68524.1472331598,59816.159892451,36737.6075002563,22849.277938592,20212.5814169387,266800
68482.3550663097,59769.5623005614,36703.6829182985,22821.9209569421,20187.6720373354,266900
68440.578786931,59722.9926496311,36669.0336793316,22794.5935376979,20162.7905257713,267000
68398.8184042402,59676.4509371964,36634.1456734952,22767.2956555027,20137.936856995,267100
68356.8007294815,59630.2061259293,36599.285741128,22740.0272850066,20113.1110057645,267200
68314.7321231764,59586.9025399426,36564.4538691004,22712.7884008661,20088.3129468469,267300
68272.6799191368,59543.6220678014,36529.6500442683,22685.5789777447,20063.5426550184,267400
68222.8177903589,59500.3647110549,36494.8895258717,22658.3989903125,20038.8001050649,267500
68171.9500242306,59457.1304712204,36460.8703789579,22631.2484132468,20014.0852717814,267600
68121.1107402837,59413.9193497844,36426.8778569573,22604.1272212315,19989.3981299724,267700
68070.2999384799,59370.7313482017,36391.6771766284,22577.0353889574,19964.7386544515,267800
68019.4801810258,59327.5664678963,36358.2472462615,22549.9728911224,19940.1068200422,267900
67968.3532994624,59284.4247102608,36324.8812525944,22522.9397024314,19915.5026015772,268000
67923.9246692966,59241.3060766571,36291.1737871061,22495.9357975963,19890.9259738989,268100
67881.7411421529,59198.2105684156,36257.3142163028,22468.7320738219,19866.376911859,268200
67839.5744159212,59155.1381868363,36223.4812009592,22441.8353881257,19841.8553903191,268300
67797.4244988641,59112.0889331881,36189.674729447,22414.6951959753,19817.3613841501,268400
67755.2913992116,59069.0628087092,36155.894790123,22387.5847209376,19792.8948682329,268500
67713.1751251604,59026.0598146071,36122.1413713291,22360.5039368972,19768.4558174578,268600
67671.0756848744,58983.0799520585,36088.1389112405,22333.4528177469,19744.0442067251,268700
67625.1238616694,58940.1232222097,36053.8801735148,22305.3415217531,19719.6600109445,268800
67579.5134097412,58897.1896261765,36019.6489779539,22277.2189548401,19695.3032050358,268900
67540.4318974658,58854.279165044,35985.4453115725,22249.1287686365,19670.9737639286,269000
67501.3636630941,58811.3918398673,35951.2691613714,22221.0709323596,19646.6716625621,269100
67462.3087166622,58768.5276516709,35917.7734836817,22193.0454152405,19622.3968758857,269200
67420.918114896,58725.686601449,35884.6707261984,22165.052186525,19598.1493788586,269300
67379.4204549998,58682.868690166,35851.5935430905,22137.0912154729,19573.9291464499,269400
67337.9390640543,58640.0739187556,35818.5419235506,22109.1624713585,19549.7361536387,269500
67296.4739503451,58597.3022881221,35785.5158567563,22081.2659234702,19525.5703754143,269600
67255.0251221253,58554.5537991392,35751.8217960062,22053.8485723633,19501.4317867759,269700
67213.5234364864,58512.9667544461,35718.0292290992,22028.1120382397,19477.3203627326,269800
67171.8417470552,58473.2859672281,35684.2637022108,22002.4025301517,19453.2360783041,269900
67130.1766953627,58434.9872285281,35650.7149703816,21976.7200258182,19429.1789085198,270000
67088.5206895823,58397.3339017608,35617.4486142724,21951.0645029627,19405.1488284196,270100
67046.8455258696,58359.6968775784,35584.3469302898,21925.6027632879,19381.1458130534,270200
67005.1870812029,58322.076161651,35551.0380653195,21900.1731294607,19357.1698374814,270300
66960.5647848576,58284.4717596202,35517.11737226,21874.7699953899,19333.2208767741,270400
66915.7274615179,58246.8836770995,35483.3325217069,21849.3933394981,19309.2989060123,270500
66870.9110230512,58209.311919674,35450.6777302832,21824.0431402121,19285.4039002873,270600
66826.1154744637,58171.7564929008,35417.7034054457,21798.7193759627,19261.5358347005,270700
66781.3408207291,58134.2174023087,35383.2299437809,21773.378330406,19237.6946843638,270800
66736.587066788,58096.6946533986,35348.7852556221,21747.1427645015,19213.8804243996,270900
66691.8542175483,58057.3955709424,35314.6239163582,21720.9358545427,19190.0930299407,271000
66647.1422778849,58015.8723822962,35281.1818781303,21694.7575753079,19166.3324761304,271100
66602.4512526401,57974.371042659,35247.7667142612,21668.6079015837,19142.5987381227,271200
66557.7811466238,57932.8915534491,35214.3784119167,21642.4868081653,19118.8917910818,271300
66513.1319646131,57891.4339160561,35181.0169582497,21616.3942698563,19095.2116101828,271400
66468.5037113525,57849.9981318408,35147.6823404007,21590.3302614688,19071.5581706112,271500
66423.8963915543,57808.9227693963,35114.3745454973,21564.1980152654,19047.9314475634,271600
66380.2614692202,57772.1111138199,35081.0631712617,21537.7791632971,19024.3314162462,271700
66340.880802821,57735.0742040285,35047.5483109975,21512.1368424308,19000.7580518773,271800
66301.5145396873,57697.6456293591,35014.060729717,21486.033539809,18977.2113296849,271900
66261.3510382565,57660.2335864752,34980.6004138996,21459.9590103808,18953.6912249084,272000
66217.8821266873,57622.838080412,34947.1673500122,21433.9132284053,18930.1977127975,272100
66174.4328089425,57585.4591161778,34913.7615245103,21407.896168151,18906.730768613,272200
66131.0030904414,57545.4263692043,34880.3829238371,21381.9078038962,18882.4077215727,272300
66087.5929765714,57502.8604499725,34847.0315344243,21355.9481099284,18857.7186833054,272400
66044.2024726887,57460.3183392719,34813.7073426917,21330.0170605448,18833.059389712,272500
66000.8315841177,57417.8000365361,34780.4103350476,21304.1146300524,18808.4298103956,272600
65957.4803161515,57375.5093997415,34747.1404978883,21278.2407927675,18783.8299149774,272700
65914.1486740517,57336.8795882232,34713.8978175988,21252.3955230164,18759.259673097,272800
65870.8366630487,57298.2680939489,34680.6822805526,21226.8249536756,18734.7190544126,272900
65827.5442883415,57259.6749205842,34647.4938731117,21201.3863977475,18710.2080286008,273000
65784.0482816418,57221.1000717671,34614.3325816263,21176.0791422978,18685.7265653568,273100
65740.4553061615,57182.5435511083,34581.1983924359,21152.9986725878,18661.2746343942,273200
65696.8824199222,57144.0053621911,34548.0912918681,21127.5175249604,18636.8522054452,273300
65653.3296277114,57105.3612385878,34515.0112662396,21101.5978744884,18612.4592482605,273400
65609.7969342857,57066.0566108355,34481.9583018557,21075.7072036426,18588.0957326097,273500
65566.2843443707,57026.7714651,34448.9323850107,21049.8454858472,18563.7616282806,273600
65522.7918626609,56987.5058039604,34415.9335019878,21024.0126945378,18539.4569050799,273700
65479.3194938198,56948.2596299686,34382.9616390588,20998.2088031613,18515.1815328329,273800
65438.7720767518,56909.0329456496,34350.0167824851,20972.4337851755,18490.936922029,273900
65404.7337003366,56869.8257535012,34317.0989185167,20946.6876140496,18466.7365606606,274000
65370.7044285204,56830.6380559945,34284.2080333928,20920.9702632642,18442.5654184239,274100
65326.8971188638,56789.065570789,34251.3441133421,20895.2817063111,18418.4234652909,274200
65282.0049966072,56745.3065758538,34217.7053105501,20869.7547630364,18394.3106712523,274300
65237.1351597728,56701.5738161776,34183.8086781904,20844.38841977,18370.2270063175,274400
65192.2876111521,56657.8672885722,34149.9411253163,20819.0501437563,18346.1724405147,274500
65147.4623535054,56614.1869898228,34116.1026353375,20793.7399096138,18322.1469438907,274600
65102.6398766136,56570.532916688,34082.1254290532,20768.4576919713,18298.1504865113,274700
65057.2333818781,56526.3531243642,34047.6727918202,20743.2034654675,18274.1830384609,274800
65011.8499473822,56483.4910117529,34013.2504832475,20717.9772047516,18250.2445698427,274900
64966.4895753123,56445.0314896441,33979.9336115431,20692.7788844831,18226.3350507789,275000
64921.1522678245,56406.5907562297,33947.2302954262,20667.6084793314,18202.4544514102,275100
64876.2356374978,56368.1688142072,33914.5540166054,20642.4659639766,18178.6027418966,275200
64833.0406937358,56329.7656662475,33881.9047608551,20617.3513131089,18154.7798924166,275300
64789.8659659691,56291.2353513084,33849.2825139401,20592.2645014291,18130.985873168,275400
64746.7114583205,56247.9627158625,33816.6872616153,20566.5019599384,18107.2206543672,275500
64703.5771748827,56206.2580557249,33784.2043481118,20540.4924902835,18083.4842062496,275600
64660.4631197187,56168.3810295262,33751.5393342843,20514.5380419741,18059.7764990698,275700
64617.3692968616,56130.5221438838,33718.9015201254,20489.9645692368,18036.0975031011,275800
64574.2957103148,56092.6814018792,33686.2908910276,20465.4648604749,18012.4471886361,275900
64531.2423640523,56054.8588065677,33653.707432374,20441.0705931251,17988.8255259861,276000
64488.209262018,56017.054360979,33620.6237101007,20416.7027264798,17965.2324854816,276100
64447.4161848493,55979.2680681169,33586.0265820175,20392.3612373906,17942.4285784051,276200
64407.989117958,55941.4999309596,33551.4606740609,20367.7317905479,17919.8318060693,276300
64368.5777698968,55903.7499524595,33516.9259663037,20342.9219815873,17897.2611507321,276400
64329.1821474257,55865.5402319659,33482.4224388135,20318.1397342152,17874.7165870938,276500
64289.8022572766,55827.1823262784,33447.9500716534,20293.3850232592,17852.1980898686,276600
64250.4381061537,55784.8624152781,33413.5088448814,20268.6960726384,17829.7056337836,276700
64211.0897007328,55741.544420829,33379.1168398233,20244.0526591212,17807.2676895406,276800
64166.2859636075,55700.9905221841,33345.5917880677,20219.4365692322,17784.9011316173,276900
64121.2444482428,55664.9488119877,33312.0960637112,20194.8477780715,17762.5603507574,277000
64076.226228771,55628.9231779349,33278.9345529867,20170.2862607495,17740.2453220734,277100
64031.2313065493,55592.9136242305,33247.1502384385,20145.7519923874,17717.956020691,277200
63986.2596829058,55556.9201550544,33215.874006576,20121.2449481169,17695.6924217489,277300
63941.3113591395,55520.9408102115,33185.5969759552,20096.7651030806,17673.4545003991,277400
63896.3863365201,55484.6615989957,33155.3432427579,20072.3124324316,17651.2422318065,277500
63851.4846162884,55444.8165825022,33125.1127966921,20047.8869113338,17629.0555911496,277600
63806.606199656,55404.6103094057,33093.8545941163,20023.488514962,17606.8945536196,277700
63762.8987974315,55364.2598718033,33061.5618710031,19999.1172185015,17584.7590944214,277800
63720.5450123285,55323.9201087931,33029.2964563707,19974.7729971487,17562.6491887727,277900
63678.2111250991,55283.602596211,32997.0583348515,19950.4558261108,17540.564811905,278000
63635.8971393972,55243.3073334014,32964.8474910702,19926.1656806056,17518.5059390627,278100
63593.6030588485,55203.0343196837,32932.6639096436,19901.9025358623,17496.4725455035,278200
63551.3288870502,55162.7835543527,32900.507575181,19877.6663671205,17474.5948452357,278300
63509.0746275715,55122.5550366781,32868.2373045091,19853.4571496311,17453.0028909447,278400
63466.8402839533,55082.3487659048,32834.8094976872,19829.274858656,17431.4353675835,278500
63424.6258597082,55042.1647412532,32801.4114608439,19805.1194694677,17409.892252135,278600
63382.431358321,55002.0029619189,32768.043175334,19781.0009990419,17388.3735215936,278700
63340.2567832482,54961.8634270728,32734.8946324068,19756.9185576242,17366.8791529647,278800
63298.1021379186,54921.7461358615,32702.415378802,19732.8628976254,17345.4091232652,278900
63255.9674257329,54881.6510874068,32669.9641606096,19708.8339944386,17323.9634095235,279000
63213.852650064,54841.5518581771,32637.5409613367,19684.8318234679,17302.5419887791,279100
63171.7578142569,54801.1959279617,32605.1119424037,19661.3821430409,17281.1448380831,279200
63129.6829216289,54760.8626693506,32572.7053455922,19638.6491749029,17259.7719344979,279300
63087.6279754696,54720.5520810277,32540.3790978247,19615.974410209,17238.4232550974,279400
63045.592979041,54680.767438671,32508.0807923585,19593.3233201296,17217.098776967,279500
63003.5779355775,54642.7441546957,32475.8104126566,19570.6958849104,17195.7984772036,279600
62961.5828482857,54604.7403355935,32443.5679421758,19548.0920848026,17174.5223329156,279700
62919.607720345,54566.7559825224,32411.3533643667,19525.5119000632,17153.2703212228,279800
62877.5014640312,54528.7910966165,32379.1666626735,19502.9597397479,17132.0424192567,279900
62835.2308148874,54490.8456789857,32347.0078205344,19479.6991308592,17110.8386041604,280000
62792.9805806838,54452.9197307164,32314.8768213814,19456.0731248017,17089.6588530885,280100
62750.750764172,54415.0132528707,32283.0032192964,19432.473300289,17068.5031432072,280200
62708.5413680769,54377.1262464872,32251.9919506225,19408.8996333327,17047.3714516945,280300
62666.3523950956,54339.2587125803,32220.6058989487,19385.3520999553,17026.2637557399,280400
62624.1838478985,54301.4106521412,32187.5890300971,19361.8306761903,17005.1800325446,280500
62582.0357291285,54263.5820661371,32154.5440078237,19338.3353380819,16984.1202593216,280600
62539.9080414016,54225.7729555115,32122.5668630289,19314.8660616851,16963.0844132956,280700
62497.8007873067,54187.8252084315,32089.9975728096,19291.4228230659,16942.0724717028,280800
62455.7139694057,54149.6057449683,32058.1613286439,19268.6396681705,16921.0844117916,280900
62415.2286658441,54111.4064589479,32027.1520340251,19245.9406005148,16900.1202108218,281000
62375.0876189948,54072.5395959719,31995.8567177638,19223.2658420569,16879.1798460653,281100
62334.9645184244,54028.8935145378,31964.4872428223,19200.6153716178,16858.2632948055,281200
62294.8593683213,53985.2759142782,31933.1444850419,19177.9891680266,16837.370534338,281300
62254.7721728474,53945.8643756334,31901.8284290162,19155.3872101201,16816.5015419699,281400
62214.7029361387,53908.4175890894,31870.5390593323,19132.809476743,16795.6562950205,281500
62174.6516623046,53870.9899981528,31839.276360571,19110.2559467479,16774.8347708209,281600
62134.6183554289,53833.572567896,31808.0403173063,19087.7265989951,16754.036946714,281700
62094.6030195687,53795.946725921,31776.8309141061,19065.221412353,16733.2628000548,281800
62054.6056587556,53758.3404211197,31745.648135532,19042.7403656979,16712.5123082102,281900
62014.6262769948,53720.7536540884,31714.4919661392,19020.2834379139,16691.785448559,282000
61974.6648782658,53683.1864254002,31683.3623904767,18997.8506078934,16671.0821984923,282100
61934.7214665221,53645.6387356055,31652.2593930872,18974.8017721963,16650.4025354128,282200
61894.7960456914,53608.1105852317,31620.8649570712,18951.5661237035,16629.6698327475,282300
61854.8886196755,53570.6019747835,31589.1429533907,18928.3620125372,16607.6866679282,282400
61814.9991923506,53531.6842482957,31557.4488270923,18905.1839426995,16585.7304863698,282500
61775.127767567,53492.3703804572,31525.7825609266,18882.0318897851,16563.8012593646,282600
61735.2743491495,53453.0787006974,31494.1441376396,18858.9058294008,16541.898958225,282700
61695.4389408972,53413.8092072726,31462.7610208003,18835.8057371655,16520.0235542839,282800
61655.6215465838,53374.5618984167,31431.9350814059,18812.7315887104,16498.1750188949,282900
61614.6351810745,53335.3367723412,31401.1354213943,18789.683359679,16476.3533234317,283000
61570.3964107275,53296.1338272353,31370.3620254757,18766.661025727,16454.5584392889,283100
61530.8956816994,53256.9530612656,31340.045433524,18743.6645625224,16432.7903378814,283200
61493.4164238036,53217.7944725767,31309.5234699173,18720.6939457454,16411.0489906446,283300
61455.9523412635,53178.6580592909,31278.3784533796,18697.7491510888,16389.3343690344,283400
61418.4020535052,53139.5438195082,31247.5307767257,18674.8301542574,16367.6464445273,283500
61379.0626780887,53100.4517513065,31216.888471717,18651.9369309688,16345.9851886205,283600
61339.7408770042,53061.3818527419,31186.2723389386,18629.0694569525,16324.3505728316,283700
61300.4366541356,53024.6984116195,31155.68236306,18606.2277079508,16302.7425686986,283800
61261.1500133418,52990.1310144669,31124.6982400822,18583.4116597183,16281.1611477805,283900
61221.8809584565,52955.5795940663,31092.9758563333,18560.621288022,16260.1032845801,284000
61182.6294932887,52921.0441531781,31061.2819862113,18537.8565686415,16239.4618367696,284100
61143.3956216224,52886.5246945408,31029.6166111467,18515.1174773689,16218.8445857103,284200
61104.1793472165,52852.0212208715,30998.5034056751,18492.4039900086,16198.251507193,284300
61064.9806738056,52817.5337348654,30968.8215404744,18469.7160823778,16177.6825770229,284400
61025.799605099,52783.0622391965,30939.1642982985,18447.0537303061,16157.1377710207,284500
60986.6361447817,52748.6067365172,30909.5316655312,18424.4169096359,16136.6170650216,284600
60947.4902965136,52714.1672294583,30878.9346628228,18402.0496282775,16116.1204348759,284700
60908.3620639305,52679.7437206293,30848.124036952,18379.821209261,16095.647856449,284800
60869.2514506431,52644.9120538977,30817.3403573848,18357.6173783641,16075.199305621,284900
60830.1584602378,52608.3994045445,30786.6073415417,18335.4381129388,16054.7747582873,285000
60791.0830962766,52571.9056187147,30756.6349165119,18313.2833903481,16034.374190358,285100
60752.0253622969,52535.4306968259,30726.6878973511,18290.9644804951,16013.0825687258,285200
60712.9852618117,52498.9746392743,30696.7662693228,18268.3401215441,15991.5833795266,285300
60673.909832964,52462.5374464346,30666.8700176851,18245.7415054767,15970.1110933136,285400
60634.6357557579,52426.1191186602,30636.9991276904,18223.1686075658,15948.6656806082,285500
60595.3796749687,52389.6350046734,30607.1535845858,18200.6214030979,15927.2471119546,285600
60557.0983609237,52352.994983062,30577.3333736131,18178.0998673731,15905.85535792,285700
60520.7890224679,52316.3741771861,30547.5384800085,18155.6039757052,15884.4903890941,285800
60484.4940813966,52279.7725870553,30517.768889003,18133.1337034219,15863.1521760892,285900
60448.2135430949,52243.1902126586,30488.0245858223,18110.6890258643,15841.8406895407,286000
60411.9474129246,52206.6270539631,30458.3055556871,18088.2699183874,15820.5559001065,286100
60372.2095684915,52170.0831109155,30428.6117838124,18065.8763563601,15799.2977784673,286200
60330.2777297524,52133.558383441,30398.9432554085,18043.5083151649,15778.0662953265,286300
60288.367691379,52097.0528714442,30370.08443242,18021.1657701981,15756.8614214106,286400
60246.4794535405,52060.5665748083,30341.3301290972,17998.8486968699,15735.6831274685,286500
60205.2660246756,52024.0994933959,30312.4259533441,17976.5570706042,15714.531384272,286600
60166.5228341618,51987.6516270488,30283.5446988899,17954.2908668391,15693.4061626157,286700
60127.7972678326,51951.1949570919,30254.603468197,17932.050061026,15672.3074333172,286800
60089.0893288519,51914.5664351007,30225.6862468215,17909.8346286308,15651.2351672165,286900
60050.3990203599,51877.9574436317,30196.7930213529,17887.6931324682,15630.1893351768,287000
60011.7263454734,51841.3679821814,30167.571538624,17865.6316542972,15609.169908084,287100
59973.0713072855,51804.7980502254,30137.9344429023,17843.5952205628,15588.1768568466,287200
59934.4339088657,51768.2476472188,30108.3228131558,17821.5838072229,15567.2101523962,287300
59895.8141532602,51731.7167725961,30078.5286562455,17799.5973902484,15546.2697656871,287400
59857.2120434918,51695.2054257714,30048.1768226823,17777.6359456239,15525.3556676966,287500
59818.3572428177,51658.7136061385,30017.8520017132,17755.6994493473,15504.4678294247,287600
59779.498705624,51621.3950098006,29987.5541758996,17733.7878774301,15483.6062218943,287700
59740.6581999786,51581.7475153771,29957.4586819331,17711.9476033176,15462.7708161512,287800
59701.8357285508,51541.3333459819,29928.4921702625,17690.3547937992,15441.9615832639,287900
59663.0312939869,51500.9446367466,29899.5500706186,17669.28151101,15421.1784943241,288000
59624.24489891,51460.5813817585,29870.6323688552,17648.2312071653,15400.4215204459,288100
59585.4765459198,51420.2435750859,29841.7390508211,17627.2038614285,15379.7212852549,288200
59546.7262375933,51379.9312107777,29812.8701023599,17606.1994529725,15359.0493874488,288300
59507.9939764839,51339.644282864,29784.0255093106,17585.2179609802,15338.4034317881,288400
59469.2797651224,51299.3827853558,29754.9640261927,17564.2593646441,15318.6475508805,288500
59430.5836060165,51259.1467122448,29725.6820596314,17543.3236431664,15300.4501452144,288600
59391.9055016507,51218.9360575043,29696.4253443642,17522.43033619,15282.3069939514,288700
59353.2454544869,51178.7508150882,29667.1938650265,17501.5658090607,15264.1835340123,288800
59314.6034669641,51138.5909789321,29637.9876062501,17480.7240318047,15246.0797476362,288900
59275.9795414983,51098.8639358484,29608.8065526631,17459.4104442654,15227.9956170705,289000
59237.373680483,51062.723983018,29579.6506888897,17437.8332214446,15209.9311245707,289100
59198.7858862886,51026.6034932012,29550.5199995504,17416.2805814922,15191.8862524008,289200
59160.2161612631,50990.5024654774,29521.4144692622,17394.7525006168,15173.8609828328,289300
59121.6645077319,50954.4208989066,29492.3340826382,17373.2489550406,15155.855298147,289400
59082.9571807171,50918.3587925289,29463.2788242883,17351.7699209997,15137.8691806321,289500
59041.9478000419,50882.3161453652,29434.2486788185,17330.3153747439,15119.902612585,289600
59000.959855116,50846.2929564165,29405.2436308316,17308.8852925369,15100.4550829979,289700
58959.9933456733,50810.2892246646,29376.2636649265,17287.5461207312,15080.2880535141,289800
58919.0482714255,50774.3049490718,29347.3087656991,17266.2894058511,15060.1461659457,289900
58878.1246320614,50738.3401285809,29318.3789177417,17245.0567885858,15040.0293927366,290000
58837.2224272476,50702.3947621154,29289.4741056432,17223.8482457353,15019.9377063522,290100
58796.3416566279,50666.4688485797,29260.5750190322,17203.8661956944,14999.8710792797,290200
58755.4823198241,50630.5623868586,29231.5156092232,17183.9320147669,14979.8294840279,290300
58714.6444164353,50593.2707040445,29202.4815943769,17164.0189072763,14959.8128931273,290400
58673.8279460384,50555.7119948828,29173.4729585396,17144.1268548966,14939.8212791298,290500
58633.0329081879,50520.0286287858,29144.4896857547,17124.2693184093,14919.8546146093,290600
58592.2593024164,50485.3189926758,29115.5317600632,17102.9109528545,14899.912872161,290700
58551.5071282341,50450.5481548565,29086.599165503,17081.5393294994,14879.996024402,290800
58510.7763851289,50412.8747469669,29057.6918861098,17060.1923988239,14860.104043971,290900
58470.067072567,50374.3233800236,29028.8099059163,17038.8701363891,14840.2369035284,291000
58429.3791899923,50335.7059117322,28999.953208953,17017.5725177716,14820.3945757561,291100
58388.7127368266,50297.1121334063,28971.1217792476,16996.2995185629,14800.5770333579,291200
58348.0677124702,50258.5420400295,28942.3156008254,16975.0511143701,14780.7842490591,291300
58307.4441163009,50219.9956265669,28913.5346577093,16953.8272808153,14761.0161956068,291400
58266.7949641828,50181.472887966,28884.7789339196,16933.1543811563,14741.2728457698,291500
58229.7840517434,50144.0111302262,28856.0484134744,16912.6976521347,14721.5541723385,291600
58193.1370610103,50106.715049382,28827.3430803894,16892.2636543062,14701.8601481251,291700
58156.5063286837,50069.4408321152,28798.6629186779,16871.85236636,14682.1907459632,291800
58119.8918577776,50032.1884749374,28770.0079123509,16851.4637669966,14662.5459387087,291900
58083.2936512853,49994.9579743422,28741.3780454173,16831.097834928,14642.9256992386,292000
58046.7117121783,49957.6471572735,28712.5160562727,16810.7545488775,14623.3300004519,292100
58010.1460434075,49920.0773413256,28683.2903311675,16790.4338875802,14603.7588152693,292200
57973.5966479021,49882.5299422308,28654.5975306664,16770.1358297824,14584.2121166332,292300
57937.0635285707,49845.0049559056,28626.4867221692,16749.1426199723,14564.6898775077,292400
57895.4051257397,49807.5023782486,28598.4001491688,16728.0841831139,14545.1920708787,292500
57853.5404976898,49770.0222051408,28570.1258752954,16707.1022137918,14526.3081496895,292600
57811.6994189281,49732.5644324452,28541.6715361804,16686.1468948105,14507.4696660832,292700
57769.881886764,49695.1290560068,28513.2422084524,16665.2159160029,14488.6539235741,292800
57728.0878984863,49657.7160716534,28484.8378761015,16644.309253043,14469.8608982066,292900
57686.3174513625,49620.3254751947,28456.9475509088,16623.4268816202,14451.0905660428,293000
57644.5705426397,49582.957262423,28429.3496214742,16602.5687774397,14432.3429031623,293100
57602.8471695436,49545.6114291127,28400.6414201043,16581.7349162221,14413.6178856619,293200
57561.1473292795,49509.8033374535,28371.9589168408,16560.9252737042,14394.9154896562,293300
57524.5558550573,49474.3867620018,28343.9064567467,16540.1761161139,14376.2356912771,293400
57489.9576391562,49438.9898049936,28316.1228952841,16519.471751652,14357.6041589145,293500
57455.3735644403,49403.612464484,28288.4717964411,16498.7913955745,14339.0206873853,293600
57420.8036349677,49366.8513319516,28261.1413602275,16478.7948791408,14320.4596081188,293700
57386.247854776,49328.4675088459,28233.8340558388,16459.0489811822,14301.9208975617,293800
57351.7062278828,49290.1078461928,28206.5498694777,16439.3248461851,14283.4045321777,293900
57317.1787582855,49251.7723379316,28179.2887873433,16419.6608525751,14264.910488448,294000
57282.6654499615,49213.4609779844,28152.0507956315,16400.0340921506,14246.4387428707,294100
57248.166306868,49178.3294049823,28124.8358805348,16380.4288999465,14227.9892719613,294200
57213.6813329424,49143.6455293,28097.6440282423,16360.8452559914,14209.5620522524,294300
57179.2105321019,49108.9804451242,28070.47522494,16341.2831403244,14191.1570602937,294400
57144.7539082437,49074.33415105,28043.3294568103,16321.7425329949,14172.7742726524,294500
57110.3114652454,49039.7066456547,28016.2067100326,16302.2234140631,14154.4136659127,294600
57075.8832069645,49005.0979274983,27989.1069707831,16282.7257635995,14136.075216676,294700
57041.4691372385,48970.5079951231,27961.7640550774,16263.2495616854,14117.7589015611,294800
57007.0692598854,48935.9368470542,27934.3056670215,16243.7947884125,14099.4646972039,294900
56972.6081995572,48901.3844817991,27907.7512812243,16224.3614238831,14081.1925802575,295000
56938.1574522868,48866.8508978478,27880.9378124802,16204.9494482101,14062.9425273925,295100
56903.7210105693,48832.3360936732,27854.2758633432,16185.558841517,14044.7145152966,295200
56869.2988780727,48797.8400677308,27827.4302519181,16166.189583938,14026.6783379363,295300
56834.8910584454,48763.3628184587,27800.2220946362,16146.4126908196,14008.8052040569,295400
56800.4224453357,48728.904344278,27773.1356679108,16126.0757207643,13990.9532416201,295500
56765.8238039308,48694.4646435922,27746.2512146098,16105.7625231755,13973.122428818,295600
56727.607691913,48660.0437147882,27719.4179813237,16085.4730739995,13955.3127438579,295700
56686.3389187483,48625.6415562354,27692.6075312085,16065.207349199,13937.5241649623,295800
56645.0245812394,48591.2581662861,27665.8198504964,16044.9653247526,13919.7566703691,295900
56603.5981304025,48556.7150381438,27639.054925417,16024.7469766553,13902.0102383314,296000
56562.1955298064,48521.9265824212,27612.3127421968,16004.5522809183,13884.2848471178,296100
56520.8167757968,48487.1575599659,27585.5932870596,15984.3812135688,13866.5804750121,296200
56479.4618646997,48450.8713469609,27558.8272301748,15964.2337506506,13848.8971003134,296300
56438.1307928221,48412.4624351105,27532.0444508668,15944.1098682234,13831.2347013362,296400
56396.8235564513,48374.0785045639,27505.2845696324,15924.0095423634,13813.5932564102,296500
56355.5401518554,48335.7195479008,27478.5475724136,15903.9327491629,13795.9727438808,296600
56315.5091429823,48297.3855576853,27451.8334451498,15883.8794647304,13778.3731421084,296700
56280.3423552442,48259.0765264669,27425.1421737783,15863.8496651909,13760.7944294689,296800
56245.1911507669,48220.7924467795,27398.4737442338,15843.8433266856,13743.2365843536,296900
56210.0555320832,48182.304085685,27371.1664664328,15823.860425372,13725.1845120178,297000
56174.9355017064,48143.5505353836,27344.6010614822,15803.9009374237,13707.0652302902,297100
56139.8310621306,48104.8227058615,27318.0100580455,15783.9648390309,13688.9683181764,297200
56104.7422158309,48066.1205888625,27291.305538666,15764.0521063999,13670.8937512817,297300
56069.668965263,48027.4441761158,27264.0379121772,15744.4289332114,13652.8415052307,297400
56034.6113128636,47988.7934593361,27236.7944699336,15724.606561713,13634.8115556677,297500
55999.5692610503,47950.1684302233,27209.5751959546,15704.4488507887,13616.8038782562,297600
55964.5428122215,47911.569080463,27182.3800742598,15684.4223589805,13598.8184486792,297700
55929.5319687567,47872.9954017262,27155.2090888678,15664.5425422219,13580.8552426393,297800
55894.5367330163,47834.4473856697,27128.062223797,15645.4128913098,13562.9142358584,297900
55859.557107342,47795.9250239359,27100.9394630657,15626.7123054355,13544.9954040778,298000
55824.3148091295,47757.4283081526,27073.8407906915,15608.1207122071,13527.0987230585,298100
55786.6272123649,47718.9572299335,27046.7465695818,15589.6246682347,13508.5724544159,298200
55748.9587974504,47680.5117808783,27019.5201465949,15570.8238346335,13489.9376816451,298300
55711.3095640928,47643.4768954368,26991.890737323,15551.7612370339,13472.4736518597,298400
55673.6795119798,47607.1755763576,26964.6893601868,15533.5680641883,13455.1338709382,298500
55636.0686407804,47570.896593986,26937.5746139711,15515.4128715745,13437.8148992316,298600
55598.4769501444,47534.6399429873,26910.4841195579,15497.1248240026,13419.8335410353,298700
55560.9044397031,47498.4056180118,26883.4178606413,15478.6419994889,13402.2943844359,298800
55523.3511090684,47462.1936136946,26856.3758209154,15460.1794897242,13384.5389488538,298900
55485.816957834,47426.0039246558,26829.3579840744,15441.7372757617,13366.7675073322,299000
55448.3019855744,47389.8365455002,26802.3643338127,15423.3153386651,13349.0561110249,299100
55410.8061918457,47351.8566579338,26775.3948538252,15404.9136595085,13331.4202232355,299200
55373.2180318575,47313.3995687919,26748.4495278068,15386.5322193767,13313.8061491107,299300
55335.5081712735,47274.9684516299,26721.5283394528,15367.3154110952,13296.2138647503,299400
55297.8178262563,47236.5632974247,26694.6312724586,15348.0195620483,13278.6433462734,299500
55260.1469960307,47198.1840971398,26667.7583105204,15328.7462337156,13261.0945698185,299600
55222.4956798031,47159.8308417253,26640.9094373342,15309.4954032483,13243.5675115434,299700
55184.8638767613,47121.5035221177,26614.084636597,15290.2670478129,13226.0621476253,299800
55147.2515860747,47083.2021292405,26587.2838920057,15270.7150378732,13208.8544964048,299900
55109.6588068944,47044.9266540038,26560.5071872581,15250.7367217508,13191.9765949564,3e+05
55072.0855383528,47008.6689909109,26533.7545060521,15230.7828600908,13175.1187972285,300100
55034.5317795643,46975.9627504343,26507.0258320864,15210.8534264301,13158.2810822451,300200
54996.997529625,46943.2740763581,26480.3211490602,15192.2173363487,13141.2086825988,300300
54959.4827876124,46910.6029671478,26453.640440673,15174.8973746011,13123.8065815247,300400
54921.9875525861,46877.9494212534,26426.9836906253,15156.2959459763,13106.4260725977,300500
54884.5118235874,46845.3134371093,26400.350882618,15137.2465706911,13089.0671320371,300600
54847.0555996395,46812.6950131347,26373.7420003527,15118.2194656483,13071.7297360816,300700
54809.6188797474,46780.0941477334,26347.6841183374,15099.2146081726,13054.4138609893,300800
54772.2016628982,46747.510839294,26321.7932284978,15080.2319756042,13037.1194830381,300900
54734.657370014,46712.5934599494,26295.9248806702,15061.2715452996,13019.8465785252,301000
54695.4753543487,46677.4758765954,26270.0790603315,15042.3352458337,13002.5951237675,301100
54656.3153621333,46642.3795691406,26244.2557529575,15023.7293279707,12985.3650951013,301200
54617.1773902301,46607.3045327116,26217.9059836587,15005.1447707528,12968.1564688826,301300
54578.0614354838,46572.2507624203,26191.5253143047,14986.5815529453,12950.9692214867,301400
54538.9674947217,46537.2182533642,26165.1683118247,14968.0396533273,12933.8033293087,301500
54499.8955647533,46502.2070006265,26139.1184043421,14949.5190506924,12916.6587687631,301600
54460.8456423708,46467.2169992761,26113.262894588,14931.0197238478,12899.5355162838,301700
54421.8177243489,46432.2482443677,26087.4300951334,14912.5416516152,12882.4335483246,301800
54382.8118074449,46397.3007309414,26061.6199910798,14894.0848128302,12865.3528413584,301900
54343.8278883988,46362.3744540235,26035.8325675281,14875.6491863424,12848.2933718779,302000
54304.8659639332,46327.2299539397,26010.0678095793,14857.2347510158,12831.2551163954,302100
54265.9260307534,46290.8858186803,25984.325702334,14838.8414857281,12814.2380514426,302200
54227.1579515609,46254.5653838465,25958.6062308927,14820.4693693716,12797.2421535707,302300
54191.0963917975,46218.2686416946,25932.9093803559,14802.1183808525,12780.2673993504,302400
54155.0528920802,46173.9715596113,25907.2351358237,14783.7884990909,12763.3137653722,302500
54119.0274521886,46128.6327056613,25881.5834823963,14765.4797030216,12746.3812282459,302600
54083.0200718844,46083.3335898046,25855.9544051739,14747.1919715931,12729.4697646008,302700
54047.0307509122,46038.074185783,25830.3478892565,14728.9252837681,12712.579351086,302800
54011.0594889989,45992.8544673384,25804.7639197441,14710.6796185238,12695.7099643698,302900
53975.1062858543,45947.6744082131,25779.2024817369,14692.4549548512,12678.8615811402,303000
53939.1711411709,45902.5339821496,25753.6635603349,14673.6948829558,12662.0341781049,303100
53903.1291504444,45857.4331628908,25728.1471406383,14654.9282471797,12645.2277319907,303200
53867.0207013494,45812.37192418,25702.6532077474,14636.1840253569,12628.4422195444,303300
53830.930612355,45775.7342267216,25677.1817467626,14617.4621939304,12611.6776175319,303400
53793.6874092427,45741.3573782122,25651.7327427844,14598.7627293614,12594.933902739,303500
53752.9812905737,45707.0013846118,25626.0285062432,14580.0856081287,12578.2110519708,303600
53712.1179763462,45672.6662409781,25599.8145385132,14561.4308067287,12561.509042052,303700
53671.2081574075,45637.9901561662,25573.6246287603,14542.798301676,12544.8278498269,303800
53630.3236866406,45603.3134083389,25547.4587598399,14524.4963808926,12528.1674521591,303900
53589.464557413,45568.658111995,25521.31691461,14506.6106562529,12511.5278259318,304000
53548.6307630768,45534.0242615182,25495.1990759308,14488.7453934199,12494.908948048,304100
53507.8222969682,45499.4118512791,25469.1052266651,14470.9005720756,12478.3107954299,304200
53467.0391524078,45464.8208756348,25443.0353496778,14453.0973520032,12461.7362990306,304300
53427.269502758,45430.2513289297,25416.9894278367,14435.4297757986,12445.1972344205,304400
53393.1816684391,45395.7032054946,25390.9674440119,14417.7822420749,12428.6787793796,304500
53353.4363765904,45361.1764996474,25364.9693810759,14400.1547311535,12412.1809109945,304600
53313.1751752548,45326.6712056932,25338.9952219041,14382.5472233686,12395.703606371,304700
53272.9386599105,45292.1873179237,25313.044949374,14364.9596990677,12379.2468426345,304800
53232.7268242935,45257.7248306178,25287.1185463662,14347.3921386106,12362.8105969298,304900
53197.6607267832,45223.2837380414,25261.2159957635,14329.8445223702,12346.3948464209,305000
53162.8216213078,45188.8640344477,25235.3372804515,14312.5222150563,12329.9995682913,305100
53127.9996259675,45154.4657140766,25209.4823833186,14295.4030115457,12313.9103648212,305200
53093.1947407694,45120.0887711556,25183.6512872556,14278.3027529169,12297.8626558809,305300
53058.4069657043,45085.7331998992,25157.8439751564,14261.2214211764,12281.8345433727,305400
53023.6363007462,45051.398994509,25132.0604299173,14244.158998342,12265.8260060536,305500
52988.8827458528,45017.0861491741,25106.3006344376,14227.1154664418,12249.8370226975,305600
52954.1463009654,44982.7946580709,25081.093252978,14209.5733531859,12233.8675720959,305700
52919.4269660089,44948.5245153628,25056.4175731885,14191.6685364529,12217.9176330572,305800
52884.7247408916,44914.275715201,25031.7635006217,14173.7847667404,12201.987184407,305900
52850.3531531905,44880.0482517238,25007.1310210213,14155.9220223336,12186.0762049881,306000
52816.0035441945,44842.6972018156,24982.5201201315,14138.0802815337,12170.1901560775,306100
52781.6706279721,44805.0947680905,24957.9307836968,14120.2671545019,12154.3404795958,306200
52747.2180698067,44769.1624585326,24933.3629974619,14102.8783661047,12138.5101501086,306300
52712.7781745114,44735.63043933,24908.8167471717,14085.5094919496,12122.6991466361,306400
52678.3551578344,44702.1658662627,24884.2920185718,14068.0990203136,12106.9074482157,306500
52643.9490197384,44671.1539189113,24859.7887974077,14050.3643936531,12091.1350339018,306600
52609.5597601705,44640.1587547412,24835.3070694257,14032.6506309885,12075.3818827655,306700
52575.1873790611,44609.180371768,24810.8468203724,14014.9577107543,12059.6479738954,306800
52540.8318763251,44576.9148655218,24786.4080359946,13997.2856114007,12043.9332863967,306900
52506.493251861,44543.6163973398,24761.9907020399,13979.634311394,12028.2377993919,307000
52472.1715055515,44510.3380976063,24737.5948042562,13962.0037892165,12012.5614920205,307100
52437.8666372633,44478.5824416123,24713.220328392,13944.4903661315,11996.9043434389,307200
52403.5786468473,44447.5372379276,24688.8672601963,13927.0264524782,11981.2663328205,307300
52369.3075341383,44416.5090002273,24664.4105012136,13910.3231155745,11965.6474393559,307400
52335.0532989553,44385.4977262938,24639.668087921,13893.638347349,11950.0476422527,307500
52300.8159411016,44354.503413896,24614.9288932919,13876.9721299991,11934.4669207352,307600
52266.5954603645,44323.5260607899,24589.2687417696,13860.3007147323,11918.9052540452,307700
52232.3918565158,44292.5656647181,24563.5544232911,13842.5273739285,11903.3626214412,307800
52198.2051293113,44261.5416507995,24537.864407154,13824.7753656846,11887.8390021989,307900
52164.0352784913,44230.1151066259,24512.1986750389,13807.0446673328,11872.3343756107,308000
52129.8823037804,44198.7062579828,24486.5572086312,13789.3352562234,11856.8487209865,308100
52095.7462048872,44165.6248206155,24460.9399896209,13771.6471097244,11841.3820176529,308200
52061.6269815054,44130.6576301636,24435.3469997024,13753.9802052215,11825.9342449536,308300
52027.5246333124,44095.7135261216,24409.7782205749,13736.3345201183,11810.5053822492,308400
51992.6426260111,44060.7925005026,24384.2336339423,13718.7100318361,11795.0954089176,308500
51956.9054415259,44025.8945453091,24358.7132215131,13701.106717814,11779.7043043534,308600
51921.1873722034,43991.0196525324,24333.2169650005,13683.5245555087,11764.3320479684,308700
51885.4556132891,43955.9869641236,24307.7448461224,13665.9635223949,11748.9786191915,308800
51849.6493701316,43920.6526688198,24282.2968466015,13648.4640585876,11733.6439974684,308900
51813.8624072152,43885.3421786873,24256.8729481653,13631.1982014426,11718.3281622618,309000
51779.4763247153,43850.0554849587,24231.473132546,13613.952761134,11703.126064057,309100
51745.1694123547,43814.7925788561,24206.0973814806,13596.7277163609,11687.9442085238,309200
51708.9886865876,43779.553451591,24180.7456767111,13579.523045839,11672.7808267243,309300
51672.7454390547,43745.3437557842,24155.8485253809,13562.3427785591,11657.6358986499,309400
51636.52220505,43711.9992795015,24131.4529586093,13545.2395181725,11642.509404308,309500
51600.3189815857,43678.6756741617,24107.0795343213,13528.1564147438,11627.4013237229,309600
51564.4354829022,43645.3729337295,24082.7282368191,13511.0934473253,11612.3116369347,309700
51529.49567532,43612.0910521579,24058.3990504075,13494.0505949853,11597.2403240002,309800
51495.6177243911,43578.8300233887,24034.0919593939,13477.0278368078,11582.1873649924,309900
51461.7566880038,43545.5898413521,24009.806948088,13460.1659735872,11567.1527400006,310000
51427.9125655394,43512.3704999668,23985.5440008022,13443.4158527332,11552.1364291306,310100
51394.085356364,43479.1719931403,23961.3031018516,13426.6851803996,11537.1384125043,310200
51360.275059829,43444.9808855408,23937.6436467168,13409.9739367575,11522.1586702602,310300
51326.4816752706,43410.9852498038,23913.8861171936,13393.2821019919,11507.1971825528,310400
51292.7052020103,43378.2835033074,23889.414764389,13376.6096563028,11492.2539295534,310500
51258.9456393543,43345.6018953472,23864.9660292961,13359.956579904,11477.3288914491,310600
51225.2029865944,43312.9404204201,23840.5398953239,13343.3228530242,11462.4220484438,310700
51191.4772430072,43280.2990730116,23816.1363458853,13326.7084559063,11447.5333807575,310800
51157.7684078545,43247.6778475955,23791.7553643964,13310.1133688076,11432.6628686265,310900
51123.8728620457,43215.0767386345,23767.9371312743,13293.5375719998,11417.8104923035,311000
51089.4249570308,43183.5875727407,23744.4617949586,13276.9810457691,11402.9762320576,311100
51050.6358433915,43151.1420840647,23721.0071964425,13260.4437704162,11388.1600681741,311200
51011.8709398681,43118.7165377822,23697.5733216545,13243.9257262561,11373.3619809546,311300
50973.1302394217,43086.3109284344,23674.1601565242,13227.4268936181,11358.5819507173,311400
50934.413735,43053.9252505514,23650.7676869828,13210.9472528464,11343.8199577964,311500
50895.7214195378,43021.559498652,23627.3958989625,13194.4867842991,11329.0759825426,311600
50857.2113799653,42989.2136672437,23604.0447783972,13178.045468349,11314.3500053228,311700
50823.5593822012,42957.0520678322,23580.7143112219,13161.6232853835,11299.6420065203,311800
50791.2508608421,42924.9158714363,23557.4044833732,13145.0716374384,11284.9519665348,311900
50758.9576617589,42892.7993219152,23534.1152807891,13128.0807802184,11270.2798657822,312000
50726.6797851869,42860.7024139719,23510.8466894091,13111.1114988794,11255.6256846948,312100
50694.4172313467,42828.6251422977,23487.598695174,13094.1628167003,11240.9894037211,312200
50662.1700004448,42796.5675015734,23464.3712840263,13077.2347113677,11225.9061976761,312300
50629.9380926729,42764.5294864682,23441.1644419098,13060.5965916577,11210.7279401807,312400
50597.7215082086,42732.5110916405,23417.9781547701,13044.6236107133,11195.5690612667,312500
50565.520247215,42700.5123117378,23394.812408554,13028.2747272319,11180.4295385587,312600
50533.3343098409,42668.5331413965,23371.6671892103,13011.5964106312,11166.0205090219,312700
50501.1183296372,42636.573575242,23348.542482689,12994.9612222505,11151.7459029944,312800
50468.8291221416,42604.3433628334,23325.4382749419,12978.3459792283,11137.501012379,312900
50436.5554226448,42572.0908782365,23302.3545519225,12962.2210735346,11123.2867217923,313000
50404.29723109,42539.8584683126,23279.2912995858,12946.2420447248,11109.0894389874,313100
50372.0545474061,42507.6461272097,23256.2485038886,12930.281398754,11094.9091458744,313200
50339.3770130782,42475.338440482,23232.97613222,12914.3590524175,11080.7458243777,313300
50303.6366652539,42442.8780879121,23208.120298267,12898.2694551875,11066.5994564362,313400
50267.9165892379,42410.438250919,23183.9526471662,12882.0118415608,11052.3377951911,313500
50232.2167811487,42378.0189231347,23159.8489394926,12866.1617363069,11037.9500720414,313600
50196.5372370917,42345.6200981808,23135.7681715439,12849.2848265018,11023.5799576905,313700
50160.8779531585,42313.2417696689,23111.7103253776,12832.8496018927,11009.2274328479,313800
50125.2389254277,42280.8839312002,23088.8005202759,12816.4580869438,10994.8924782392,313900
50089.6190574362,42248.5465763658,23066.3966666986,12800.2490842986,10980.5750746065,314000
50053.8567769571,42216.2296987465,23044.0122364372,12784.0592884556,10966.2752027078,314100
50018.114960094,42183.933291913,23021.6472166261,12767.8886792189,10951.9928433177,314200
49982.393602701,42151.6573494259,22999.3015944008,12752.0106715031,10937.7279772271,314300
49946.6927006194,42119.4018648357,22976.5595275857,12736.4675748176,10923.4805852429,314400
49911.0122496769,42087.0200106652,22953.14715638,12720.9421401162,10909.1367892046,314500
49875.3522456883,42051.9894536398,22929.7563306162,12705.4343498166,10894.759243182,314600
49839.7126844551,42018.494551427,22906.3870345225,12690.0025492728,10880.3995465426,314700
49804.0935617658,41986.509253055,22883.0392523308,12674.591269877,10866.0576793579,314800
49768.4948733957,41954.5440689917,22859.7129682769,12659.1974292677,10851.7336217164,314900
49732.9166151071,41922.5989930589,22836.4081666001,12643.8210101796,10837.4273537242,315000
49697.3587826494,41890.6740190677,22813.1248315434,12628.4619953594,10823.138855505,315100
49661.8213717587,41858.7691408198,22789.8629473537,12613.1203675656,10808.8681071997,315200
49626.3043781585,41826.8843521065,22766.6224982815,12597.796109569,10794.6150889668,315300
49590.8077975591,41795.0196467092,22743.4034685813,12582.489204152,10780.379780982,315400
49555.3316256581,41763.1750183994,22720.205842511,12567.1996341094,10766.1621634386,315500
49519.8758581401,41731.3504609387,22697.0296043327,12551.9273822476,10751.9622165474,315600
49484.4404906769,41699.5459680786,22673.8747383121,12536.6724313854,10737.7799205363,315700
49449.0000102508,41667.7615335608,22650.7412287189,12521.3967560719,10723.615255651,315800
49413.4917209809,41635.9971511174,22627.6290598265,12505.7980625957,10709.4682021543,315900
49378.003984041,41604.2935022551,22604.5382159123,12490.2175504369,10695.3387403265,316000
49343.0749207368,41573.1474055163,22581.4686812575,12474.6552008539,10681.2268504654,316100
49309.6736826281,41542.0204684817,22558.4603797779,12459.1109951195,10667.132512886,316200
49276.2901398672,41510.9126856605,22535.8999899435,12443.5849145209,10653.0557079209,316300
49242.9242902436,41479.8240515521,22513.3599123162,12428.0769403591,10638.9964159199,316400
49209.5761315337,41448.7545606458,22490.840132504,12412.5870539496,10624.9546172502,316500
49176.2456615007,41417.7042074208,22468.3406361178,12397.1152366219,10610.9302922965,316600
49142.9328778951,41386.6729863467,22445.8614087711,12381.6614697199,10596.9234214609,316700
49109.6377784542,41355.6608918827,22423.4024360804,12366.2257346014,10582.9339851626,316800
49076.3603609024,41324.6679184785,22400.9637036645,12350.8080126387,10568.9619638384,316900
49041.5489025179,41293.6940605739,22378.5451971454,12335.4082852182,10555.0073379424,317000
49006.8497252302,41262.7393125986,22356.1469021476,12320.0399073654,10541.0700879461,317100
48974.786478394,41231.8036689728,22333.7688042986,12304.9139791634,10527.1501943381,317200
48942.7393459673,41200.8871241066,22311.4108892287,12289.8054010063,10513.2476376248,317300
48910.7083268359,41169.9896724007,22289.073142571,12274.7141553594,10499.3623983295,317400
48878.12660975,41139.1113082458,22266.7555499614,12259.6402247009,10485.4944569932,317500
48845.2113810322,41108.252026023,22244.4580970387,12244.3610811496,10471.6437941738,317600
48812.3037387996,41077.4110921633,22222.1807694448,12228.2508936999,10457.8103904469,317700
48779.2600649335,41046.2269244249,22199.9235528242,12212.5936572139,10443.9942264054,317800
48744.4163504905,41015.0623697646,22177.8321399824,12197.2366699412,10430.1952826593,317900
48709.3916425305,40983.9174220119,22156.3165741014,12181.8977941001,10416.413539836,318000
48674.3872927077,40952.792074987,22134.8197106741,12166.5770106897,10402.6489785803,318100
48639.4032963295,40921.686322501,22113.3415371436,12151.2743007242,10388.9015795542,318200
48604.4396486909,40890.6001583553,22091.8820409541,12136.1137786812,10375.1713234371,318300
48569.3730499355,40859.5335763424,22070.4412095513,12120.9769292924,10361.4581909256,318400
48534.274414073,40828.4865702454,22049.0190303826,12105.8577665813,10347.7621627336,318500
48499.1963628623,40797.459133838,22027.2558845435,12090.7562722128,10334.0832195923,318600
48464.1388913357,40766.4512608851,22005.1274126005,12075.6724278661,10319.970802762,318700
48429.1019945133,40735.462945142,21983.2198644534,12060.6062152343,10305.7178173901,318800
48394.0856674036,40704.4941803552,21961.3319734375,12045.5576160249,10291.4835066341,318900
48359.0899050035,40673.4624608325,21939.4637256247,12030.5266119594,10277.6709891918,319000
48324.1147022978,40642.4234541755,21917.6151070893,12015.5131847736,10264.1103552008,319100
48289.1600542598,40611.4041467725,21895.7861039088,12000.5173162171,10250.5666091012,319200
48253.4976115229,40580.4045321743,21873.9767021633,11985.8552874301,10237.0397318909,319300
48217.439271962,40549.4246039224,21852.1868879356,11971.2204255927,10223.1949594755,319400
48183.5479096454,40518.3896208677,21830.4166473117,11956.602262305,10209.0983279608,319500
48149.8121579533,40486.0735999002,21808.66596638,11941.5449491609,10195.0201354048,319600
48115.1123571648,40452.9463930512,21786.9348312323,11926.3798807177,10180.9603597609,319700
48080.4328621921,40419.8286723412,21764.9194682042,11911.2329060703,10166.9189790041,319800
48045.7736681181,40386.6837475682,21742.3944038062,11896.1040059274,10152.8959711313,319900
48011.1347700142,40353.5620668029,21719.8905372376,11880.9931610139,10138.8913141612,320000
47976.5161629404,40320.4636199026,21697.4078522613,11865.970226561,10124.9049861345,320100
47941.9178419451,40288.7382186028,21674.9463326454,11851.0852715248,10110.9369651133,320200
47907.3398020654,40257.7861330185,21652.9914457676,11836.2178345201,10096.9872291819,320300
47872.782038327,40226.8539060022,21631.1559603283,11821.3678971873,10083.055756446,320400
47838.2048760101,40195.9415307681,21609.3403905212,11806.5354411813,10069.1425250332,320500
47803.5986965819,40165.0490005214,21587.5447218188,11791.7204481716,10055.2475130929,320600
47769.0129037812,40134.1763084593,21565.7689396972,11776.922899842,10041.3706987961,320700
47734.4474924817,40103.3234477703,21544.0130296362,11762.1427778912,10027.5120603357,320800
47699.9024575456,40072.4904116346,21522.276977119,11747.3800640321,10013.6715759261,320900
47665.3777938238,40041.6771932238,21500.5607676329,11732.6347399923,9999.84922380348,321000
47630.8734961562,40010.8837857013,21478.8643866686,11717.9067875139,9986.04498222581,321100
47596.3895593716,39980.1101822221,21457.1878197206,11703.1961883535,9972.25882947259,321200
47562.5881524574,39949.3563759327,21435.5310522872,11688.5029242824,9958.49074384506,321300
47529.1442558893,39918.6223599716,21413.8940698705,11673.8269770861,9944.74070366608,321400
47495.7192787823,39887.9081274689,21392.2768579762,11659.1683285649,9931.00868728017,321500
47462.3132171567,39857.2136715462,21370.6056403548,11644.5269605336,9917.29467305348,321600
47428.9260670216,39826.5389853173,21348.5161082926,11629.9028548214,9903.59863937376,321700
47395.5578243744,39795.8840618876,21326.4473541322,11615.2959932721,9889.92056465039,321800
47362.2084852016,39765.2488943541,21304.3993619241,11600.7063577441,9876.26695604927,321900
47328.8780454781,39734.6334758061,21282.3721157243,11585.9319913529,9862.65979261138,322000
47295.5665011676,39704.0377993245,21260.3655995942,11570.9239133606,9849.07042866122,322100
47262.2738482225,39673.461857982,21238.4675344876,11555.9341631252,9835.49884287675,322200
47229.0000825841,39642.9056448435,21216.9484782086,11540.9646027042,9821.94501395721,322300
47195.7452001825,39612.3691529657,21195.4491852426,11526.0437528834,9808.4089206231,322400
47162.5091969364,39581.8523753974,21173.9696409639,11511.141088918,9794.89054161617,322500
47129.2920687537,39551.988672176,21152.5098307512,11496.2565908387,9781.49646624788,322600
47096.0598494442,39521.6731097984,21131.069739987,11481.3902386939,9768.57988327394,322700
47061.9306443654,39490.9283269732,21109.6493540582,11466.5420125491,9755.67942189918,322800
47027.821659662,39460.2880662995,21088.2486583558,11451.8263939138,9742.79506388365,322900
46993.7328900146,39429.9900420147,21066.8676382748,11437.4855224594,9729.92679100407,323000
46959.6643300935,39400.1803600657,21045.5062792146,11423.1615175748,9717.07458505378,323100
46925.6159745581,39370.5177657879,21024.1645665786,11408.8543615507,9704.2384278427,323200
46891.5878180574,39340.8737369568,21002.8424857745,11394.5640366922,9691.41830119741,323300
46857.5798552298,39311.2482675951,20981.5400222143,11380.2905253184,9678.61418696105,323400
46823.5920807033,39281.6413517168,20960.257161314,11366.0338097627,9665.82606699337,323500
46789.6244890952,39252.0529833281,20938.9938884941,11351.8017723436,9653.05392317075,323600
46755.6770750124,39222.4831564266,20917.7501891793,11337.6051889674,9640.29773738612,323700
46721.7498330516,39192.9318650022,20896.5260487983,11323.4252799959,9627.557491549,323800
46687.8427577988,39163.3991030362,20875.3214527845,11309.2620279438,9614.83316758549,323900
46653.9558438297,39133.8848645021,20854.1363865754,11295.11541534,9602.12474743825,324000
46620.0890857098,39104.3891433651,20832.6700678484,11280.9854247271,9589.43221306653,324100
46586.242477994,39074.9119335825,20811.1462471522,11266.8720386619,9576.75554644611,324200
46552.416015227,39045.4532291033,20789.290257442,11252.7752397152,9564.09472956932,324300
46518.6096919436,39016.0130238687,20767.1340167319,11238.6950104716,9551.44974444507,324400
46484.8235026677,38986.5913118119,20745.0213437338,11224.6313335299,9538.82057309878,324500
46451.0574419135,38957.1880868579,20723.756478992,11210.5841915027,9526.20719757238,324600
46417.3115041848,38927.803342924,20702.5114575096,11196.5535670166,9513.60959992441,324700
46383.5856839753,38898.4370739194,20681.2862641623,11182.5394427123,9501.02776222984,324800
46349.8799757684,38869.0892737454,20659.8856041966,11168.5418012445,9488.46166658021,324900
46316.1943740377,38839.7599362956,20638.0983644609,11154.5606252816,9475.91129508355,325000
46282.5288732464,38810.382974589,20616.3321499441,11140.5958975063,9463.37662986439,325100
46248.883467848,38780.9489027245,20594.5869437884,11126.6476006151,9450.85765306377,325200
46215.2581522855,38751.5334936931,20572.8627291427,11112.7157173186,9438.23093107356,325300
46181.6529209922,38722.1367411442,20551.1594891628,11098.8002303411,9425.3645333742,325400
46148.0677683916,38692.4891246955,20529.4772070117,11084.9011224212,9412.51478670504,325500
46114.9430512148,38662.0699440764,20507.8158658591,11071.0183763112,9399.6816713357,325600
46083.7171613737,38631.5701353495,20486.1754488818,11057.1519747776,9386.86516755525,325700
46052.5080763361,38601.0449420764,20464.5559392635,11043.3019006007,9374.06525567221,325800
46021.3157932634,38570.5402349567,20442.9573201951,11029.4681365748,9361.28191601455,325900
45990.1403093064,38540.0560057743,20422.0527923212,11015.6506655082,9348.51512892965,326000
45958.9816216049,38509.5922463067,20401.2287176602,11001.8494702231,9335.76487478434,326100
45927.8397272885,38479.1489483243,20380.4239778323,10988.0645335558,9323.03113396483,326200
45896.7146234757,38448.7261035915,20359.6385581693,10974.2958383563,9310.31388687673,326300
45865.6063072749,38418.3237038658,20338.8724440081,10960.5433674888,9297.61311394506,326400
45834.5147757836,38387.9417408982,20318.1256206903,10946.8071038313,9284.92879561423,326500
45803.4400260888,38357.5802064332,20297.3980735625,10933.0870302758,9272.26091234795,326600
45772.3820552671,38327.2390922091,20276.6897879762,10919.3831297283,9259.60944462938,326700
45741.3408603846,38296.9183899572,20256.0007492879,10905.6953851087,9246.97437296097,326800
45710.3164384967,38266.618091403,20235.5904008496,10892.0237793509,9234.35567786451,326900
45679.3087866487,38236.3381882651,20215.56866954,10878.3682954025,9221.75333988116,327000
45648.3179018753,38206.0514635174,20195.5648597514,10864.7289162254,9209.16733957136,327100
45617.3437812006,38175.698875943,20175.578958643,10851.0343930415,9196.59765751485,327200
45586.3864216387,38145.3668388671,20155.6109533772,10836.992430663,9184.04427431071,327300
45555.445820193,38115.0553438007,20135.6608311197,10822.9676294773,9171.50717057728,327400
45524.5219738568,38084.7643822486,20115.7285790392,10808.9599705074,9158.98632695216,327500
45493.6148796131,38054.4939457097,20095.8141843079,10794.9694347931,9146.48172409226,327600
45462.698179879,38024.2440256763,20075.7219998978,10780.9960033908,9133.99334267372,327700
45430.5751382018,37994.6609198061,20055.5365236898,10767.0396573741,9121.52116339192,327800
45398.4695296896,37964.8874970501,20035.3694847123,10753.1003778331,9109.06516696149,327900
45366.2801224279,37934.8911662849,20015.2208693012,10739.1781458747,9096.62533411628,328000
45334.109325447,37904.9150135865,19995.0906637966,10725.2729426226,9084.20164560935,328100
45301.957134094,37874.9590307245,19974.978854543,10711.3847492173,9071.79408221298,328200
45269.8235437061,37845.0232094625,19954.7527720159,10697.5135468162,9059.40262471863,328300
45237.1540633357,37815.107541558,19934.4468998736,10683.6593165932,9047.02725393693,328400
45204.4484358349,37785.2120187622,19914.1598609503,10669.8220397391,9034.66795069772,328500
45171.762268409,37755.3366328204,19893.8916409288,10656.0016974616,9022.32469584998,328600
45139.0955555872,37725.4813754718,19873.6422254975,10642.1982709849,9010.0106456731,328700
45106.4482918899,37695.6462384494,19853.4116003491,10628.41174155,8997.72446646245,328800
45073.820471828,37665.8312134803,19833.1997511816,10614.6420904147,8985.4542102002,328900
45041.2120899032,37636.0362922856,19813.006663698,10600.8892988536,8973.19985794386,329000
45008.6231406079,37606.2614665805,19792.5375938505,10587.1533481578,8960.96139076986,329100
44976.0536184254,37576.506728074,19772.0408323197,10573.4342196354,8948.73878977355,329200
44943.5035178298,37546.7720684693,19751.5634769213,10559.7318946109,8936.5320360691,329300
44910.972833286,37517.0574794639,19731.1055124342,10546.0463544259,8924.3411107896,329400
44878.4615592499,37487.362952749,19710.6669236431,10532.3775804383,8912.16599508698,329500
44845.9696901682,37457.6884800103,19690.2476953389,10518.725554023,8900.006670132,329600
44813.4972204786,37428.0340529274,19669.8478123183,10505.1054662939,8887.86311711429,329700
44781.0441446097,37398.3996631743,19649.467259384,10491.5251080489,8875.7353172423,329800
44748.6104569811,37368.7853024191,19629.1060213448,10477.9613449795,8863.62325174329,329900
44716.1961520033,37339.1613347385,19608.7640830156,10464.4141587,8851.52690186332,330000
44683.801224078,37309.4226278896,19588.4414292172,10450.8835308408,8839.44624886728,330100
44651.4256675979,37279.7041875352,19568.1380447765,10437.369443049,8827.38127403879,330200
44619.0694769467,37250.0060050508,19547.4255293645,10423.8718769879,8815.3319586803,330300
44586.7326464992,37220.328071807,19526.4494384909,10410.3908143374,8803.298284113,330400
44554.4151706215,37190.6703791683,19505.7738141115,10396.9262367935,8791.28023167682,330500
44522.1170436706,37161.0329184941,19485.5042383782,10383.478126069,8779.27778273046,330600
44489.8382599948,37131.4156811382,19465.2540127353,10370.0464638927,8767.29091865135,330700
44457.5788139336,37101.818658449,19445.0231217118,10356.6312320101,8755.31962083562,330800
44425.3386998177,37072.2418417694,19424.8115498435,10343.2324121828,8743.36387069813,330900
44393.117911969,37042.685222437,19404.6192816726,10329.8499861891,8731.42364967245,331000
44360.9164447008,37013.148791784,19384.4463017482,10316.4839358232,8719.49893921081,331100
44328.7342923176,36983.6325411372,19364.4328789374,10303.1342428962,8707.58972078414,331200
44296.5714491151,36954.1364618182,19344.7788856432,10289.8008892351,8695.69597588205,331300
44264.4279093805,36924.5027864274,19325.1431020931,10276.4838566835,8683.81768601277,331400
44232.3036673923,36895.2961962844,19305.5255143949,10263.3003948567,8671.95483270321,331500
44200.1987174206,36866.0519047028,19285.9054626923,10250.4506159075,8660.10739749892,331600
44168.1130537264,36836.8039051453,19265.8893019856,10237.6159965876,8648.27536196404,331700
44136.0466705627,36807.5757655371,19245.8921686977,10224.7965208027,8636.45870768136,331800
44103.9995621737,36778.367477444,19226.0845913145,10211.9921724717,8624.65741625227,331900
44071.9717227948,36749.1790324265,19206.5372997403,10199.202935527,8612.87146929673,332000
44039.9571322771,36720.0104220396,19187.0081431737,10186.4287939144,8601.1008484533,332100
44007.9518577774,36690.8616378333,19167.4971077601,10173.6697315932,8589.34553537912,332200
43975.9658577921,36661.732671352,19148.00417965,10160.925732536,8577.60551174986,332300
43943.9991265028,36632.6235141352,19128.5293449987,10148.1967807289,8565.88075925977,332400
43912.0516580827,36603.5341577169,19109.0725899668,10135.4828601713,8554.06676126036,332500
43880.1234466967,36574.4645936261,19089.6339007199,10122.7839548761,8542.16528707956,332600
43848.2144865014,36545.4148133864,19070.2132634285,10110.0236162919,8530.27960200553,332700
43818.1283758287,36516.3848085164,19050.8106642684,10096.9730459288,8518.40968667542,332800
43788.3200598041,36489.0183974242,19031.4260894203,10083.9703735929,8506.55552174674,332900
43758.5280767085,36462.5933828763,19012.0595250703,10071.0101687863,8494.71708789724,333000
43728.7524231688,36436.1842307975,18992.6194401834,10058.0657157751,8482.89436582504,333100
43698.9930958026,36409.7909364144,18973.1074552482,10045.1369971851,8471.0873362485,333200
43669.2500912185,36382.7299581886,18953.6138158375,10032.2239956576,8459.29597990629,333300
43639.5234060162,36354.6436438301,18934.1385076208,10019.3266938494,8447.52027755733,333400
43609.8130367862,36326.5757546358,18914.6815162733,10006.4450744329,8435.76020998077,333500
43580.1189801101,36298.5262833693,18895.242827476,9993.57912009578,8424.01575797601,333600
43550.4412325603,36270.0818870553,18875.8224269155,9980.7288135414,8412.28690236268,333700
43520.7797907005,36241.6287714789,18856.4203002844,9967.89413748848,8400.57362398059,333800
43491.1346510855,36213.1947393346,18837.0364332807,9955.07507467124,8388.87590368976,333900
43461.5058102608,36183.6210334506,18817.6708116086,9942.27160783935,8377.1937223704,334000
43431.8932647633,36153.4246535894,18798.3234209777,9929.48371975794,8365.52706092285,334100
43401.9029495689,36123.2502499882,18778.9942471036,9916.7113932076,8353.87590026765,334200
43370.6888168546,36093.0978116237,18759.6832757077,9904.17338610242,8342.24022134546,334300
43339.4932585534,36064.6823010686,18740.3904925171,9891.80497563171,8330.62000511705,334400
43308.3162691983,36037.0084877575,18721.1158832647,9879.45112941975,8319.13521011444,334500
43277.157843314,36009.3526918837,18701.8594336895,9867.11183200791,8307.98860492538,334600
43245.9569110041,35981.7149064826,18682.621129536,9854.78706795053,8296.85619510769,334700
43214.760811728,35954.095124584,18663.4009565548,9842.47682181493,8285.73796406583,334800
43183.5833637733,35926.4933392122,18644.1989005022,9830.18107818137,8274.63389522054,334900
43152.4245615433,35898.9095433859,18625.0149471403,9817.89982164308,8263.5439720088,335000
43121.2843994334,35871.3437301181,18605.8490822374,9805.63303680624,8252.46817788386,335100
43090.162871831,35843.7958924163,18586.7012915674,9793.38070828998,8241.40649631523,335200
43059.0599731157,35816.2660232826,18567.5715609102,9781.14282072637,8230.35891078866,335300
43027.9756976589,35788.7541157134,18548.7392519267,9768.91935876043,8219.32540480611,335400
42996.9100398244,35761.2601626997,18529.9979810783,9756.71030705014,8208.30596188578,335500
42965.862993968,35733.730670365,18511.2740417732,9744.51565026638,8197.30056556208,335600
42934.8345544375,35706.1346538657,18492.5674207211,9732.33537309299,8186.30919938562,335700
42903.8247155731,35677.5393465193,18473.5702018705,9720.16946022673,8175.33184692322,335800
42872.8334717072,35648.9173311431,18453.9749665924,9708.01789637732,8164.36849175787,335900
42841.8608171641,35623.3898604887,18434.3988826912,9695.88066626733,8153.41911748875,336000
42810.9067462608,35596.6730970936,18414.84193429,9683.75775463233,8142.24269984274,336100
42779.9712533062,35569.3046292597,18395.30410552,9671.64914622077,8131.06133161774,336200
42749.0543326015,35541.7388525904,18375.7853805198,9659.55482579401,8119.90426282494,336300
42718.5140070759,35514.041648588,18356.2857434362,9647.47477812634,8108.78423330689,336400
42688.3530793877,35486.3628933657,18336.8051784237,9635.40898800495,8097.67871796712,336500
42658.2096793869,35458.702579296,18317.3436696445,9623.35744022991,8086.58769931054,336600
42628.0838022552,35431.0606987464,18297.9012012687,9611.32011961423,8075.51115986009,336700
42597.9754431664,35403.4372440796,18278.4777574745,9599.2970109838,8064.44908215666,336800
42567.8845972862,35375.8322076535,18259.0733224475,9586.78842437048,8053.40144875915,336900
42537.8112597726,35348.2455818208,18239.6878803816,9574.16887638944,8042.36824224442,337000
42507.7554257756,35320.6773589296,18220.3214154783,9561.5650987615,8031.34944520728,337100
42477.7170904374,35293.127531323,18200.9739119471,9548.97707344145,8020.3450402605,337200
42447.6962488921,35265.5960913393,18181.6453540053,9536.40478240126,8009.35501003479,337300
42417.6928962661,35238.083031312,18162.3357258783,9523.84820763008,7998.37933717875,337400
42387.7070276781,35210.5883435698,18143.045011799,9511.30733113423,7987.41800435893,337500
42357.7386382388,35183.1120204365,18123.7731960087,9498.7821349372,7976.47099425978,337600
42327.7877230513,35155.6540542313,18104.8796491879,9486.27260107962,7965.53828958361,337700
42297.8542772107,35128.2144372686,18085.8882488329,9473.77871161929,7954.61987305062,337800
42267.9382958045,35100.7931618581,18066.3286129296,9461.30044863111,7943.71572739889,337900
42238.0397739126,35073.3902203048,18046.874600835,9448.83779420713,7932.82583538434,338000
42208.1587066069,35046.0056049089,18027.6995418241,9436.39073045652,7921.99597365007,338100
42178.295088952,35018.6393079661,18008.6752579386,9423.95923950556,7911.51673044706,338200
42148.4489160045,34991.2913217674,17989.6694775053,9411.5433034976,7901.05065952752,338300
42118.6201828136,34963.9616385991,17970.6821852459,9399.14290459314,7890.59774569967,338400
42088.8088844207,34936.650250743,17951.7133658895,9386.75802496971,7880.15797378643,338500
42059.0150158597,34909.3571504761,17932.7630041728,9374.38864682197,7869.73132862536,338600
42029.2385721569,34882.0823300712,17913.8310848401,9362.03475236158,7859.3177950687,338700
41999.4795483311,34854.8257817963,17894.9175926431,9349.69632381732,7848.91735798333,338800
41969.7379393934,34827.5874979148,17876.0225123412,9337.37334343498,7838.53000225077,338900
41940.0137403476,34800.3674706857,17857.0269707028,9325.06579347742,7828.1557127672,339000
41910.3069461898,34773.1656923636,17837.8073527979,9312.77365622449,7817.7944744434,339100
41880.6175519089,34745.9821551984,17818.3738979337,9300.49691397311,7807.4462722048,339200
41850.945552486,34718.8168514357,17798.9600680314,9288.23554903719,7797.11109099141,339300
41820.9566240678,34691.6697733167,17779.5658459923,9275.98954374765,7786.78891575787,339400
41790.9253246282,34664.540913078,17760.1912147272,9263.75888045239,7776.47973147341,339500
41760.9119674616,34637.4302629519,17740.8361571568,9251.54354151633,7766.18352312186,339600
41730.9165470199,34610.3378151663,17721.6160378606,9239.34350932134,7755.9002757016,339700
41700.9390577479,34583.2635619448,17702.51979755,9227.15876626628,7745.62997422562,339800
41670.9794940833,34556.2074955066,17683.4426050143,9214.98929476696,7735.37260372147,339900
41641.0378504565,34529.1696080665,17664.3844439254,9202.83507725613,7725.12814923123,340000
41611.114121291,34502.1498918351,17645.3452979641,9190.69609618352,7714.89659581156,340100
41581.2083010032,34475.1483390187,17626.3251508204,9178.57233401576,7704.67792853365,340200
41551.3203840023,34448.1180951984,17607.3239861931,9166.46377323641,7694.47213248323,340300
41521.4503646906,34421.1035872273,17588.3417877899,9154.37039634595,7684.27919276054,340400
41491.5982374633,34394.1072959898,17569.3785393276,9142.29218586179,7674.09909448037,340500
41461.7639967088,34367.1292135982,17550.4342245319,9130.2291243182,7663.931822772,340600
41431.9476368081,34340.1693321607,17531.5093239121,9118.18119426637,7653.7773627792,340700
41402.1491521358,34313.2276437816,17513.1348953721,9106.14837827434,7643.63569966026,340800
41372.368537059,34286.3041405607,17494.7782256316,9094.13065892705,7633.50681858794,340900
41342.6057859384,34259.3988145939,17476.4393001033,9082.12801882629,7623.39070474949,341000
41312.8608931274,34232.5116579731,17458.1181042071,9070.14044059069,7613.28734334662,341100
41283.1338529728,34205.642662786,17439.8146233701,9058.16790685575,7603.19671959551,341200
41253.4246598142,34178.7918211162,17421.5288430264,9046.21040027378,7593.11881872678,341300
41223.7333079849,34151.9591250434,17403.2607486177,9034.26790351394,7583.05362598552,341400
41194.0597918108,34125.1445666431,17385.0103255925,9022.34039926218,7573.00112663124,341500
41164.4041056114,34098.3481379872,17366.7775594067,9010.42787022127,7562.95037392354,341600
41134.7662436993,34071.5698311431,17348.5624355235,8998.707176945,7552.77971654555,341700
41105.1462003802,34044.8096381747,17330.3649394132,8987.00708055643,7542.62209107592,341800
41075.5439699533,34018.0675511416,17312.1850565533,8975.32142886974,7532.47748210329,341900
41045.9595467109,33991.3435620997,17294.0227724287,8963.65020554933,7522.34587423188,342000
41016.3929249388,33964.6376631009,17275.8472365746,8951.99339427498,7512.22725208139,342100
40986.8440989158,33937.9498461933,17257.4278450311,8940.35097874186,7502.12160028707,342200
40957.3130629143,33911.2801034209,17239.0266201625,8928.72294266053,7492.02890349967,342300
40927.7998112,33884.6284268242,17220.6435465978,8917.10926975692,7481.94914638541,342400
40898.304338032,33857.9948084395,17202.2786089743,8905.50994377233,7471.88231362601,342500
40868.8266376626,33831.3792402996,17183.9317919377,8893.92494846341,7461.82838991869,342600
40839.3667043377,33804.7817144332,17165.6030801417,8882.38048712941,7451.78735997609,342700
40809.9245322967,33778.2022228655,17147.3680847635,8870.86075757276,7441.75920852635,342800
40780.5001157722,33751.6407576177,17129.4530574143,8859.35521446517,7431.74392031303,342900
40751.0934489906,33725.0973107074,17111.5552977778,8847.86384180225,7421.74148009512,343000
40721.7045261715,33698.5718741483,17093.6747916897,8836.38662359466,7411.75187264708,343100
40692.3333415281,33672.0644399507,17075.8115249925,8824.9235438681,7401.77508275875,343200
40662.9798892672,33645.5750001209,17057.965483536,8813.47458666332,7391.81109523539,343300
40633.6441635891,33619.1035466615,17040.1499205051,8802.03973603609,7381.85989489766,343400
40604.3261586876,33592.6500715718,17022.5492076662,8790.61897605721,7371.9214665816,343500
40575.0258687502,33566.214566847,17004.9652497601,8779.21229081248,7361.99579513865,343600
40545.743287958,33539.7970244791,16987.3980332622,8767.81966440271,7352.08286543559,343700
40516.4784104857,33513.397436456,16969.8475446545,8756.44108094373,7342.18266235459,343800
40487.2312305016,33487.0157947625,16952.4622633647,8745.07652456633,7332.29517079316,343900
40458.0017421676,33460.6520913795,16935.2612232745,8733.72597941632,7322.42037566413,344000
40428.7899396394,33434.3063182845,16918.0762093808,8722.38942965446,7312.55826189569,344100
40399.5958170665,33407.9784674514,16900.9072091487,8711.0668594565,7302.70881443134,344200
40370.4193685918,33381.6685308504,16883.7542100488,8699.79914341249,7292.87201822988,344300
40341.2605883523,33355.3765004486,16866.4267661916,8688.61526884801,7283.04785826543,344400
40312.1194704785,33329.1023682092,16848.8514008882,8677.44504012996,7273.23631952739,344500
40282.9960090947,33302.8461260922,16831.2929350603,8666.28844202091,7263.43738702044,344600
40253.8901983191,33276.6077660539,16813.7513548686,8655.14761397093,7253.65104576454,344700
40224.8020322637,33250.3872800474,16796.2266464811,8644.10189055967,7243.87728079492,344800
40195.7315050342,33224.1846600223,16778.7187960722,8633.53345261949,7234.11607716204,344900
40166.6786107303,33197.9998979246,16761.2277898235,8622.97721461928,7224.3674199316,345000
40137.6433434455,33171.8329856972,16743.7536139234,8612.43316382635,7214.63129418458,345100
40108.6256972672,33145.6839152794,16726.2962545673,8601.90128751866,7204.90768501711,345200
40079.6256662766,33119.5526786073,16708.8556979573,8591.38157298473,7195.1965775406,345300
40050.643244549,33093.4392676136,16691.4319303027,8580.87400752373,7185.49795688162,345400
40021.6784261536,33067.3436742275,16674.0249378195,8570.37857844539,7175.81180818197,345500
39992.7312051535,33041.2658903753,16656.6347067307,8559.89527307009,7166.13811659858,345600
39963.8015756057,33015.2059079795,16639.2612232663,8549.42407872874,7156.47686730361,345700
39934.8895315614,32989.1637189598,16621.9044736631,8538.96498276288,7146.82804548435,345800
39905.9950670656,32963.1393152323,16604.5644441651,8528.51797252464,7137.19163634325,345900
39877.1181761576,32937.1326887101,16587.2411210229,8518.08303537673,7127.5676250979,346000
39848.2588528704,32911.1438313028,16569.9344904945,8507.66015869243,7117.95599698105,346100
39819.4170912313,32885.172734917,16552.6445388444,8497.24932985561,7108.35673724054,346200
39790.5928852617,32859.2193914562,16535.3712523444,8486.85053626071,7098.76983113933,346300
39761.7798271948,32833.2837928203,16518.1146172732,8476.46376531277,7089.19526395551,346400
39732.9252155999,32807.3659309065,16500.8746199163,8466.08900442736,7079.63302098223,346500
39704.0882374186,32781.4657976086,16483.6512465666,8455.72624103064,7070.08308752775,346600
39675.2688865603,32755.5833848173,16466.4444835235,8445.37546255933,7060.54544891539,346700
39646.4671569285,32729.7186844203,16449.2543170938,8435.0366564607,7051.02009048353,346800
39617.6830424209,32703.8716883021,16432.0807335911,8424.7098101926,7041.50699758562,346900
39588.9165369295,32678.0423883441,16414.9237193361,8413.71585384636,7032.00615559015,347000
39560.1676343405,32652.2307764248,16397.7832606564,8402.72658987797,7022.51754988063,347100
39531.4363285346,32626.4368444194,16380.6593438868,8391.7509829651,7013.04116585561,347200
39502.7226133866,32600.6605842002,16363.2316105849,8380.78901748945,7003.57698892864,347300
39474.0264827657,32574.9019876366,16345.7760424118,8369.84067784784,6994.1250045283,347400
39445.3479305354,32549.1610465948,16328.3377430902,8358.90594845216,6984.68519809813,347500
39417.8173695196,32523.4377529381,16310.9166978608,8347.98481372935,6975.25755509668,347600
39390.7405257736,32497.7320985268,16293.512891973,8337.07725812146,6965.84206099747,347700
39363.6790333545,32472.0440752183,16276.1263106842,8326.18326608559,6956.43870128895,347800
39336.6328880509,32446.373674867,16258.7569392601,8315.30282209386,6947.04746147458,347900
39309.602085645,32420.7208893245,16241.404762975,8304.43591063345,6937.66832707273,348000
39282.5866219128,32395.0857104394,16224.0697671112,8293.5825162066,6928.3012836167,348100
39255.5864926237,32369.4681300573,16206.7519369595,8282.74262333053,6918.94631665473,348200
39228.2233865306,32343.8681400212,16189.4512578189,8271.9162165375,6909.60341174997,348300
39198.9838269694,32318.2857321709,16172.167714997,8261.10328037479,6900.27255448046,348400
39169.7628424499,32292.7208983438,16154.9012938095,8250.30379940464,6890.95373043915,348500
39140.5604257774,32267.1736303739,16137.6519795804,8239.51775820432,6881.64692523386,348600
39111.3765697523,32241.643920093,16120.4197576423,8228.74514136606,6872.3521244873,348700
39082.21126717,32217.2843912764,16103.2046133359,8217.98593349708,6863.06931383703,348800
39053.0645108211,32193.1994289839,16086.0065320105,8207.24011921955,6853.79847893545,348900
39023.9362934912,32169.1298367525,16068.8254990234,8196.5076831706,6844.53960544984,349000
38994.8266079611,32145.0756085456,16051.6614997407,8185.78861000231,6835.29267906228,349100
38965.7354470067,32121.0367383224,16034.5145195365,8175.0828843817,6826.05768546968,349200
38936.662803399,32097.0132200385,16017.4091580315,8164.39049099072,6816.83461038377,349300
38907.6086699044,32073.0050476453,16000.5632386987,8153.71141452624,6807.62343953108,349400
38878.5730392843,32048.7776027916,15983.733736917,8143.04563970005,6798.42415865291,349500
38849.5559042954,32023.5150828125,15966.9206389023,8132.39315123883,6789.23675350539,349600
38820.5935878422,31998.2698652336,15950.1239308778,8121.75393388417,6780.06120985937,349700
38792.2707145891,31973.0419420293,15933.3435990745,8111.12797239253,6770.89751350049,349800
38763.9653411111,31947.8313051709,15916.5796297305,8100.51525153528,6761.74565022914,349900
38735.6774610674,31922.6379466273,15899.8320090917,8089.91575609864,6752.60560586043,350000
38707.4070681122,31897.4618583646,15883.1007234116,8079.32947088367,6743.47736622424,350100
38679.1541558945,31872.3030323461,15866.3857589508,8068.75638070631,6734.36091716513,350200
38650.9187180582,31847.1614605326,15849.687101978,8058.19647039736,6725.25624454239,350300
38622.7007482419,31822.0371348821,15833.0047387688,8047.64972480241,6716.16333423001,350400
38594.5002400794,31796.915825449,15816.3386556069,8037.1161287819,6707.08217211666,350500
38566.3171871991,31771.4719461928,15799.6888387831,8026.5956672111,6698.01274410571,350600
38538.1515832247,31746.045855177,15783.0552745961,8016.08832498006,6688.95503611517,350700
38510.0034217744,31720.6375437552,15766.4379493519,8005.59408699364,6679.90903407773,350800
38481.8726964618,31695.2470032789,15749.8368493641,7995.11293817152,6670.87472394074,350900
38453.7594008953,31669.8742250972,15733.2519609539,7984.64486344811,6661.85209166616,351000
38425.6635286782,31644.5192005571,15716.7525057857,7974.18984777265,6652.84112323058,351100
38397.585073409,31619.1819210036,15700.321465971,7963.74787610908,6643.84180462524,351200
38369.5240286812,31593.8623777793,15683.9063367328,7953.31893343615,6634.85412185595,351300
38341.4803880833,31567.4341317512,15667.5360740212,7942.90300474735,6625.87806094314,351400
38313.4541451989,31540.6062944547,15651.4836599023,7932.50007505087,6616.91360792183,351500
38285.4452936066,31513.7987169945,15635.4464273484,7922.11012936968,6607.96074884159,351600
38256.5738949721,31487.0113879204,15619.4243641168,7911.73315274143,6599.01946976658,351700
38227.0190901645,31460.2442957823,15603.4174579708,7901.3691302185,6590.08975677553,351800
38197.4840351788,31433.9146291094,15587.4256966798,7891.01804686798,6581.17159596168,351900
38167.9687212734,31408.9597225348,15571.4490680193,7880.67988777163,6572.26497343282,352000
38138.4731397033,31384.0220943563,15555.4875597709,7870.35463802591,6563.36987531128,352100
38108.99728172,31359.1017363165,15539.5411597221,7860.04228274197,6554.48628773388,352200
38079.5411385714,31334.198640156,15523.6098556666,7849.74280704559,6545.61419685197,352300
38050.1047015017,31309.3127976128,15507.6936354041,7839.45619607724,6536.75358883137,352400
38020.6879617519,31284.4442004229,15491.7924867405,7829.18243499203,6527.90444985242,352500
37991.2909105592,31259.5928403198,15475.9063974876,7818.9215089597,6519.06676610988,352600
37961.9135391575,31234.7587090351,15459.9664705784,7808.67340316464,6510.24052381302,352700
37932.5558387774,31209.9417982979,15443.754047699,7798.43810280585,6501.42570918555,352800
37903.2178006456,31185.1420998355,15427.5573985375,7788.21559309693,6492.6223084656,352900
37873.8994159858,31160.3596053727,15411.3765098293,7778.00585926612,6483.83030790576,353000
37844.6006760181,31135.5943066322,15395.2113683174,7767.80888655622,6475.04969377305,353100
37815.3215719593,31110.8461953346,15379.0619607519,7757.62466022464,6466.28045234886,353200
37786.0620950228,31086.1152631985,15362.9282738906,7747.45316554335,6457.52256992902,353300
37756.8222364184,31061.4015019401,15346.8102944983,7737.29438779891,6448.77603282373,353400
37727.6019873531,31036.7049032738,15330.7080093474,7727.25395115581,6440.04082735757,353500
37699.1489020546,31012.0254589117,15314.6214052176,7717.25720548574,6431.31693986951,353600
37670.80813835,30987.363160564,15298.5504688959,7707.27277652311,6422.60435671287,353700
37642.4856721368,30962.9769802609,15282.4951871769,7697.30065027603,6413.90306425529,353800
37614.1814958821,30938.7596878571,15266.7364980981,7687.34081276612,6405.2130488788,353900
37585.8956020494,30914.5588691065,15251.404927723,7677.39325002852,6396.53429697971,354000
37557.6279830981,30890.3745163784,15235.8203255064,7667.45794811185,6387.86679496869,354100
37529.3786314837,30866.2066220393,15219.70531782,7657.53489307821,6379.21052927069,354200
37501.1475396576,30842.0551784538,15203.6061623348,7647.6240710032,6370.56548632496,354300
37472.9347000675,30817.9201779836,15187.5228454904,7637.72546797585,6361.93165258504,354400
37444.7401051569,30793.8016129883,15171.4553537345,7627.83907009869,6353.30901451876,354500
37416.5637473657,30769.6994758252,15155.4481307033,7617.9648634877,6344.69755860818,354600
37388.4056191297,30745.613758849,15139.9035308752,7608.12478574661,6336.0996445159,354700
37360.2657128811,30721.5444544123,15124.3736727877,7598.31110497101,6327.51440319041,354800
37332.1440210479,30697.4915548652,15108.8585444634,7588.50948043375,6318.94029279782,354900
37304.0405360545,30673.4550525557,15092.8316769107,7578.71989847692,6310.37729989856,355000
37275.9552503215,30649.4349398292,15076.7594972922,7568.94234545578,6301.8254110672,355100
37247.8881562656,30625.431209029,15060.7032577997,7559.07403942512,6293.28461289248,355200
37219.8392462997,30601.4438524961,15044.6629446331,7549.08687043667,6284.75489197733,355300
37191.8085128331,30577.4728625694,15028.6385440007,7539.1631934719,6276.24334469234,355400
37163.7959482712,30553.5182315852,15012.6300421188,7529.56208389201,6267.74793040007,355500
37135.8015450157,30529.5799518779,14996.637425212,7519.97260870885,6259.26352017552,355600
37107.8252954645,30505.4149546214,14980.7441150693,7510.38753459064,6250.79010074257,355700
37079.8671920121,30481.1135990598,14965.3122238495,7500.64904456981,6242.32765883909,355800
37051.9272270488,30456.829197398,14950.0965877623,7490.92259121953,6233.87618121695,355900
37024.0053929618,30432.4621044124,14934.9281809135,7481.20816079687,6225.43565464199,356000
36996.1016821342,30407.7713277946,14919.7739901499,7471.5057395723,6217.00606589402,356100
36968.2160869457,30382.46787264,14904.0133294701,7461.81531382971,6208.58740176681,356200
36940.3485997723,30357.1830846354,14888.1561687161,7452.13686986634,6200.17964906811,356300
36912.4992129864,30331.9169535652,14872.9999904319,7442.47039399287,6191.78279461956,356400
36884.6679189568,30306.6694692134,14857.3595109837,7432.81587253331,6183.39682525677,356500
36856.8547100487,30281.4406213637,14841.7343174777,7423.17329182503,6175.02172782924,356600
36829.0595786237,30256.2303997994,14826.1243969368,7413.54263821881,6166.6574892004,356700
36801.2825170401,30231.2910137616,14810.5297363912,7403.92389807873,6158.30409624756,356800
36773.5235176523,30207.172999149,14795.1190750448,7394.31705778224,6149.96153586193,356900
36745.7825728115,30183.0718559135,14780.0017767369,7384.72210372011,6141.6297949486,357000
36718.0596748652,30158.987575703,14764.8987678618,7375.13902229643,6133.30886042651,357100
36690.3548161575,30134.9201501637,14749.8100368317,7365.56779992862,6124.99871922849,357200
36662.6679890291,30110.8695709406,14734.735572065,7356.00842304742,6116.69935830117,357300
36634.9991858171,30086.8358296767,14719.6753619858,7346.46087809685,6108.41076460505,357400
36607.7849900943,30062.8189180135,14704.6293950241,7336.92515153421,6100.13292511445,357500
36581.1127532752,30038.8188275913,14689.5976596162,7327.40122983014,6091.8658268175,357600
36554.4570912051,30014.8355500486,14674.5801442042,7317.8890994685,6083.60945671614,357700
36527.817997571,29990.8690770223,14659.576837236,7308.38874694644,6075.36380182609,357800
36501.1954660552,29966.919400148,14644.5877271657,7298.90015877438,6067.12884917688,357900
36474.5894903362,29942.9865110597,14629.5123806587,7289.42332147597,6058.90458581179,358000
36448.0000640884,29919.8990215416,14614.4159097811,7279.95822158812,6050.69099878787,358100
36421.4271809821,29897.031469072,14599.3338787648,7270.50484566097,6042.48807517594,358200
36394.8708346836,29874.1790700384,14584.2662756939,7261.06401645002,6034.29580206054,358300
36369.9949524508,29851.3418177105,14569.213088659,7251.64292200709,6026.11416653995,358400
36346.3501527241,29828.5197053557,14554.1743057568,7242.23348776234,6017.94315572618,358500
36322.7179122949,29805.7127262388,14539.1499150907,7232.83570036334,6009.78275674493,358600
36299.0982282297,29782.310874398,14524.1399047706,7223.44954647079,6001.63295673563,358700
36275.4910975897,29758.5858827945,14509.1442629126,7214.10769931927,5993.49374285139,358800
36251.8965174308,29734.8774853598,14494.1629776393,7204.79882901891,5985.36510225899,358900
36228.3144848034,29711.1856738342,14479.19603708,7195.50141380942,5977.24702213889,359000
36204.7449967526,29687.5104399572,14464.2434293701,7186.21544065742,5969.1394896852,359100
36181.1880503182,29663.8517754663,14449.3051426517,7176.94089654223,5961.04874005198,359200
36157.6436425345,29640.2096720979,14434.3811650732,7167.67776845586,5952.96988453765,359300
36134.1117704307,29616.5841215871,14418.7439900423,7158.426043403,5944.90151812201,359400
36110.5924310305,29592.9751156674,14403.0983159472,7149.18570840103,5936.84362809223,359500
36087.0856213525,29569.3826460712,14387.4685438985,7139.95675047999,5928.796201749,359600
36063.5913384099,29545.8067045292,14371.8546595925,7130.73915668259,5920.75922640658,359700
36040.1095792105,29522.247282771,14356.256648735,7121.53291406421,5912.73268939274,359800
36016.6403407571,29498.7043725249,14340.6744970411,7112.33800969283,5904.71657804876,359900
35993.1612380478,29475.1779655178,14325.1081902355,7103.15443064914,5896.71087972942,360000
35969.6081010305,29451.6680534754,14309.3421822881,7093.9821640264,5888.71558180303,360100
35943.4282923872,29428.1746281219,14293.5582004762,7084.82119693052,5880.73067165135,360200
35915.0145180334,29404.6976811805,14277.7905454217,7075.67151648004,5872.75613666962,360300
35886.5271482618,29381.2372043729,14262.0392021167,7066.53310980607,5864.79196426656,360400
35858.0596199019,29357.7931894197,14246.3041555638,7057.40596405236,5856.83814186433,360500
35829.6119231166,29334.3656280402,14230.5853907755,7048.29006637523,5848.89465689854,360600
35801.184048067,29310.9522068046,14214.882892775,7039.18540394359,5840.96149681823,360700
35772.7759849123,29287.4883198524,14199.1966465956,7030.03347461552,5833.03864908586,360800
35744.3877238104,29264.0409687869,14184.0569499852,7020.81013472901,5825.12610117731,360900
35716.0192549173,29240.6101452139,14169.1137893458,7011.88668001047,5817.22384058187,361000
35687.6705683876,29217.1958407385,14154.1852891633,7002.77412850412,5809.33185480219,361100
35659.3416543741,29193.7980469643,14139.2714368744,6993.67288350606,5801.45013135433,361200
35631.0325030282,29170.4167554939,14124.3722199234,6984.5829320124,5793.50912845028,361300
35602.7431044994,29147.0519579291,14109.4876257619,6975.50426103222,5785.38132404719,361400
35574.4734489361,29123.7036458702,14094.6176418492,6966.43685758745,5777.26448225832,361500
35546.2235264847,29100.7978800931,14079.762255652,6957.38070871292,5769.15858918326,361600
35517.9933272904,29079.4243069854,14064.9214546444,6948.33580145636,5761.06363093739,361700
35489.7828414968,29058.0642197497,14050.0952263081,6939.30212287835,5752.97959365186,361800
35461.5920592459,29036.7176129577,14035.2835581323,6930.27966005231,5744.90646347351,361900
35433.4209706782,29015.3844811782,14020.4864376136,6921.26840006457,5736.84422656497,362000
35405.269565933,28993.9294606318,14005.7038522562,6912.26833001426,5728.79286910456,362100
35377.1378351477,28972.4700651273,13990.9357895718,6903.27943701335,5720.7523772863,362200
35349.0257684586,28951.0243776724,13976.1822370794,6894.30170818666,5712.7227373199,362300
35320.9333560005,28929.5923925555,13961.4431823059,6885.33513067182,5704.70393543076,362400
35294.3525589862,28908.1741040621,13946.7186127853,6876.37969161926,5696.69595785992,362500
35268.5012485015,28886.7695064756,13932.0085160594,6867.43537819222,5688.69879086407,362600
35242.6661923426,28864.2220864357,13917.3128796772,6858.50217756675,5680.71242071555,362700
35216.8473840079,28840.2876133684,13902.6316911957,6849.58255067514,5672.7368337023,362800
35191.0134038284,28816.3708295671,13887.9649381789,6840.70670869369,5664.77201612787,362900
35165.1919117495,28792.4717251502,13873.3126081986,6831.8418499899,5656.81795431144,363000
35139.3867005705,28768.5902902366,13858.6746888341,6822.98796196,5648.87463458769,363100
35113.5977637254,28744.7265149451,13844.0511676722,6814.14503201276,5640.94204330694,363200
35087.8250946447,28720.7827445118,13829.4420323072,6805.31304756938,5633.02016683504,363300
35062.0686867558,28696.7878306842,13814.8472703408,6796.49199606356,5625.10899155333,363400
35036.3285334826,28672.8107995402,13800.2668693825,6787.68186494148,5617.20850385875,363500
35010.6046282459,28648.8516409498,13785.5975250746,6778.88264166178,5609.3186901637,363600
34984.8969644631,28624.9103447832,13770.7381063645,6770.09431369552,5601.43953689608,363700
34959.2055355484,28600.9869009112,13755.8936849506,6761.31686852625,5593.5710304993,363800
34933.5303349126,28577.0812992052,13741.0642474366,6752.48012963229,5585.7131574322,363900
34907.8713559635,28553.1935295367,13726.2497804351,6743.59180202276,5577.86590416911,364000
34882.2285921055,28529.323581778,13711.6080194912,6734.71466744722,5570.02925719977,364100
34856.60203674,28505.4714458019,13697.1924192964,6726.02084352854,5562.20320302939,364200
34830.991683265,28481.6371114816,13682.584414345,6717.43968662677,5554.38772817854,364300
34805.3975250753,28457.8205686908,13667.990965011,6708.79020152057,5546.58281918323,364400
34779.8195555628,28434.0218073038,13653.4120585194,6700.05455990088,5538.78846259485,364500
34754.2577681159,28410.2408171954,13638.8476821034,6691.32978977519,5531.00464498015,364600
34728.7121561202,28386.4775882411,13624.297823004,6682.61587857436,5523.23135292124,364700
34703.1827129579,28362.7321103167,13609.7624684705,6673.91281374182,5515.4685730156,364800
34677.6694320082,28339.6098756543,13595.2077556701,6665.22058273365,5507.71629187599,364900
34652.1723066472,28316.8332572759,13580.3566792943,6656.53917301852,5499.97449613055,365000
34626.6913302479,28294.072821416,13565.5208078771,6647.86857207767,5492.2431724227,365100
34601.2264961802,28271.3285596443,13550.7001275903,6639.20876740492,5484.52230741112,365200
34575.777797811,28248.6004635297,13535.8946246151,6630.55974650668,5476.81188776981,365300
34550.3452285041,28225.8885246405,13521.1042851422,6621.92149690192,5469.111900188,365400
34524.9287816202,28203.1927345444,13506.3290953718,6613.29400612216,5461.4223313702,365500
34499.5284505172,28180.5130848086,13491.5690415134,6604.67726171146,5453.74316803615,365600
34474.1442285497,28157.8495669996,13476.8241097858,6596.07125122643,5446.07439692078,365700
34448.7761090695,28135.2021726834,13462.0942864174,6587.47596223619,5438.41600477426,365800
34423.4240854254,28112.5708934256,13447.3795576458,6578.89138232241,5430.76797836196,365900
34398.0881509631,28089.9557207909,13432.6799097183,6570.31749907925,5423.13030446439,366000
34372.7682990255,28067.3566463438,13417.9953288913,6561.75430011337,5415.50296987728,366100
34347.4645229524,28044.773661648,13403.533103799,6553.20177304394,5407.88596141149,366200
34322.1768160808,28022.2067582671,13389.324812738,6544.65990550261,5400.279265893,366300
34296.9051717447,27999.6559277637,13375.13059754,6536.05709534008,5392.68287016295,366400
34271.6495832751,27977.1211617003,13360.950445917,6527.21948622435,5385.1207256435,366500
34246.4100440004,27954.6024516386,13346.7843455889,6518.39334204335,5377.99082924131,366600
34221.1865472459,27932.0997891402,13332.6322842833,6509.57864887014,5370.86997535172,366700
34195.9790863339,27909.613165766,13318.4942497353,6500.77539279279,5363.75815327249,366800
34170.7876545842,27887.1425730765,13304.2954819707,6491.98355991434,5356.6553523125,366900
34145.6122453134,27864.6880026318,13289.9018785085,6483.20313635278,5349.56156179175,367000
34120.4528518355,27842.2494459915,13275.522862305,6474.43410824107,5342.47677104136,367100
34095.3094674616,27819.8268947148,13261.158420246,6465.67646172714,5335.40096940354,367200
34070.1820855,27797.4203403607,13246.8085392264,6456.9301829738,5328.33414623159,367300
34045.0706992561,27775.0297744875,13232.4732061494,6448.1952581588,5321.2762908899,367400
34019.9753020328,27752.6551886533,13218.1524079273,6439.47167347483,5314.22739275393,367500
33994.8958871298,27730.2965744159,13203.846131481,6430.75941512944,5307.18744121022,367600
33969.8324478445,27707.9539233324,13189.5543637403,6422.05846934505,5300.15642565636,367700
33944.7849774712,27687.1431950477,13175.2770916438,6413.36882235901,5293.13433550099,367800
33919.7534693017,27667.0014421846,13161.0143021386,6404.69046042348,5286.12116016379,367900
33894.7379166248,27646.8723119036,13146.7659821809,6396.02336980548,5279.1168890755,368000
33869.738312727,27626.7557990848,13132.5321187355,6387.36753678687,5272.12151167785,368100
33844.7546508918,27606.6518986055,13118.4431478838,6378.88654735434,5265.13501742361,368200
33819.7869244,27586.5606053411,13104.42665629,6370.41662568146,5258.15739577656,368300
33794.83512653,27566.4819141644,13090.4241762382,6361.95748199329,5251.18863621147,368400
33769.8992505572,27546.4158199457,13076.4356953421,6353.50910347708,5244.2287282141,368500
33744.9792897545,27526.3623175533,13062.4612012237,6345.07147733346,5237.27766128123,368600
33719.5836171069,27506.321401853,13048.5006815127,6336.6445907765,5230.33542492058,368700
33693.9325562995,27486.2207926069,13034.554123847,6328.22843103363,5223.40200865084,368800
33668.2985343377,27466.1111472671,13020.6215158726,6319.8229853457,5216.47740200169,368900
33642.6815433659,27446.0142251925,13006.7028452434,6311.42824096692,5209.56159451373,369000
33617.0815755263,27425.9300210758,12992.7980996214,6303.04418516488,5202.65457573853,369100
33591.4986229594,27405.8585296077,12978.9072666768,6294.6708052205,5195.75633523856,369200
33565.9326778034,27385.7997454765,12965.0303340876,6286.32520634686,5188.86686258726,369300
33540.3837321951,27365.7536633686,12951.16728954,6278.01663633741,5181.99331631761,369400
33514.8517782692,27345.720277968,12937.3181207281,6269.71858899263,5175.13846903321,369500
33489.3368081585,27325.6995839569,12923.4828153542,6261.43105186576,5168.2923110987,369600
33463.8388139939,27305.6915760152,12909.6613611287,6253.15401252298,5161.45483222533,369700
33438.3577879047,27285.6962488207,12895.8537457697,6244.88745854348,5154.62602213506,369800
33412.8937220182,27265.7135970491,12882.0599570038,6236.63137751932,5147.80587056057,369900
33387.4466084598,27243.9311758014,12868.2799825653,6228.38575705554,5140.99436724527,370000
33362.0164393532,27221.6860865311,12854.5138101968,6220.15058477009,5134.19150194325,370100
33336.6032068204,27199.457202029,12840.7614276487,6211.92584829383,5127.02042219388,370200
33311.2069029814,27177.2445133368,12827.0228226796,6203.78214867758,5119.79515784821,370300
33285.8275199547,27155.0480114962,12813.3140424625,6195.76268297503,5112.5797038872,370400
33260.4650498569,27132.8635070809,12799.6383602337,6187.75313358125,5105.37404773472,370500
33235.1194848028,27110.506917823,12785.9763437784,6179.75348908489,5098.17817682921,370600
33209.7908169055,27088.1667802281,12772.3279809994,6171.76373808612,5090.99207862368,370700
33184.4790382764,27065.8430850494,12758.6932598071,6163.78386919648,5083.81574058565,370800
33159.1841410252,27043.5358230411,12745.07216812,6155.81387103899,5076.64915019723,370900
33133.90611726,27021.2449849577,12731.4646938645,6147.85373224807,5069.49229495501,371000
33108.6449590871,26998.9705615542,12717.8708249748,6139.9034414696,5062.34516237011,371100
33083.400658611,26976.7125435864,12704.2905493932,6131.96298736082,5055.20773996813,371200
33058.1732079349,26954.4709218105,12690.7238550698,6124.03235859044,5048.08001528917,371300
33032.96259916,26932.2456869835,12677.1707299628,6116.1115438385,5040.96197588778,371400
33007.768824386,26910.0368298626,12663.6311620379,6108.20053179647,5033.85360933297,371500
32982.591875711,26887.8443412062,12650.1051392693,6100.2993111672,5026.75490320818,371600
32957.4317452315,26865.6682117728,12636.5926496387,6092.40787066488,5019.6658451113,371700
32932.2884250423,26843.5084323219,12623.0936811359,6084.52619901511,5012.58642265463,371800
32907.1619072367,26821.3649936134,12609.6082217585,6076.65428495481,5005.51662346484,371900
32882.0521839064,26799.226698611,12596.1362595121,6068.79211723228,4998.45643518302,372000
32856.9592471415,26777.0841905868,12582.6777824104,6060.93968460712,4991.40584546462,372100
32831.8830890306,26754.9580463739,12569.4339285256,6053.0969758503,4984.36484197946,372200
32806.8237016607,26732.8482566807,12556.2838017145,6045.2639797441,4977.33341241169,372300
32781.7810771174,26710.7548122167,12543.1866551667,6037.44068508212,4970.3115444598,372400
32756.7552074845,26688.6777036917,12530.1022664119,6029.62708066928,4963.29922583661,372500
32731.7460848447,26666.6169218167,12517.0306245125,6021.82315532177,4956.29644426924,372600
32706.7537012787,26644.572457303,12503.9717185374,6014.02889786711,4949.30318749909,372700
32681.7780488662,26622.5443008632,12490.9255375623,6006.24429714407,4942.31944328186,372800
32656.8191196851,26600.5324432102,12477.89207067,5998.46934200273,4935.3451993875,372900
32631.876905812,26578.5368750579,12464.8713069494,5990.70402130441,4928.38044360023,373000
32606.951399322,26556.557587121,12451.8632354968,5982.94832392172,4921.42516371849,373100
32582.0425922888,26534.594570115,12438.8678454148,5975.2022387385,4914.47934755496,373200
32557.1504767845,26512.6478147561,12425.885125813,5967.46575464984,4907.54298293653,373300
32532.2750448801,26490.7173117616,12412.9150658076,5959.73886056207,4900.61605770428,373400
32507.4162886448,26468.8030518493,12399.9576545217,5952.02154539275,4893.69855971349,373500
32482.5742001468,26446.9050257381,12387.0128810851,5944.31379807068,4886.7904768336,373600
32457.7487714527,26425.0232241476,12374.0807346343,5936.50506250602,4879.89179694823,373700
32432.9399946276,26403.1576377983,12361.1612043126,5928.65423094339,4873.00250795511,373800
32408.1478617356,26381.3082574117,12348.2542792701,5920.81335812723,4866.12259776613,373900
32383.3723648392,26359.47507371,12335.3599486637,5912.98243223454,4859.2520543073,374000
32358.6134959996,26337.6580774163,12322.4782016568,5905.16144145478,4852.39086551873,374100
32333.8712472766,26315.8572592547,12309.60902742,5897.35037398979,4845.5390193546,374200
32309.1456107289,26294.0726099503,12296.7524151302,5889.54921805383,4838.69650378322,374300
32284.4365784138,26272.3041202288,12283.9083539714,5881.75796187356,4831.86330678692,374400
32259.9823782155,26250.5517808171,12271.0768331342,5873.976593688,4825.0583793225,374500
32236.2176462823,26228.815582443,12258.257841816,5866.20510174858,4818.52437286718,374600
32212.4681254183,26207.056053019,12245.4513692211,5858.44347431907,4811.99887268403,374700
32188.7338090251,26185.2278984006,12232.6574045603,5850.6916996756,4805.48186836295,374800
32165.0146905017,26163.4160636831,12219.8759370514,5842.94976610666,4798.97334950523,374900
32141.3107632453,26141.6205393663,12207.106955919,5835.21766191306,4792.47330572357,375000
32117.6220206513,26119.8413159517,12194.3504503941,5827.49537540794,4785.98172664201,375100
32093.9484561125,26098.0783839415,12181.6064097149,5819.78289491677,4779.49860189602,375200
32070.2900630202,26076.3317338395,12168.8748231262,5812.08020877731,4773.02392113237,375300
32046.6468347633,26054.6013561504,12156.1556798796,5804.38730533964,4766.55767400923,375400
32023.018764729,26032.8872413802,12143.4489692333,5796.70417296611,4760.09985019608,375500
31999.4058463022,26011.5409330691,12130.7546804526,5789.03080003135,4753.65043937375,375600
31975.8080728661,25991.8564609706,12118.0728028094,5781.36717492226,4747.20943123439,375700
31952.2254378016,25972.1850737856,12105.4033255822,5773.71328603802,4740.77681548146,375800
31928.6579344881,25952.5267653301,12092.7462380566,5766.06912179003,4734.35258182972,375900
31905.1055563025,25932.8815294187,12080.1015295248,5758.43467060195,4727.93672000524,376000
31881.5682966201,25913.2493598652,12067.4691892858,5750.80992090966,4721.52921974536,376100
31858.0461488143,25893.6302504824,12054.8492066453,5743.19486116127,4715.1300707987,376200
31834.5391062563,25874.024195082,12042.2415709161,5735.52366876111,4708.73926292514,376300
31811.0471623156,25854.4311874746,12029.6462714173,5727.762046537,4702.35678589582,376400
31787.5703103599,25834.8512214699,12017.0632974751,5720.01052435698,4695.98262949314,376500
31764.1085437547,25815.2842908766,12004.4926384225,5712.28455981796,4689.61678351072,376600
31740.6618558638,25795.7303895024,11991.934283599,5704.57197341557,4683.2592377534,376700
31717.2302400491,25776.1895111539,11979.3882223513,5696.8694006404,4676.90998203726,376800
31693.8136896707,25756.6616496369,11966.8544440324,5689.17682926461,4670.56900618957,376900
31670.4121980867,25735.4346530856,11954.3329380026,5681.49424707373,4664.2363000488,377000
31647.0257586536,25713.662043057,11941.8236936285,5673.82164186667,4657.91185346463,377100
31623.6543647258,25691.9060745435,11929.1926006782,5666.15900145569,4651.5956562979,377200
31600.298009656,25670.1667374352,11916.5420193227,5658.50631366639,4645.28769842061,377300
31576.9566867952,25648.4440216241,11903.9040195697,5650.86356633769,4638.98796971594,377400
31553.6303894925,25626.7379170042,11891.2785902884,5643.23074732185,4632.6964600782,377500
31530.3191110951,25605.0484134713,11878.6657203554,5635.60784448443,4626.41315941288,377600
31507.0228449486,25583.3755009231,11866.0653986548,5627.99484570427,4620.13805763657,377700
31483.7415843968,25561.7191692594,11853.4776140778,5620.39173887353,4613.87114467697,377800
31460.4753227816,25540.0794083819,11840.8134106558,5612.7985118976,4607.61241047293,377900
31437.2240534434,25518.4562081943,11827.8426432621,5605.21515269518,4601.36184497437,378000
31413.9877697207,25496.849558602,11814.8852626684,5597.64164919818,4595.11943814231,378100
31390.7664649503,25475.2594495127,11801.9412564479,5590.07798935178,4588.88517994887,378200
31367.5601324671,25453.6858708359,11789.0106121828,5582.52416111437,4582.65906037724,378300
31344.3687656048,25432.1288124832,11776.0933174641,5574.98015245757,4576.44106942166,378400
31321.1923576948,25410.588264368,11763.1893598921,5567.4459513662,4570.23119708743,378500
31298.0309020673,25389.064216406,11750.298727076,5559.92154583827,4564.0294333909,378600
31274.8843920505,25367.4278195395,11737.421406634,5552.40692388499,4557.83576835945,378700
31251.7528209711,25345.7766942114,11724.5573861936,5544.90207353073,4551.6501920315,378800
31228.636182154,25324.1422883854,11711.7066533911,5537.50455716365,4545.47269445648,378900
31205.5344689227,25302.508918486,11698.8691958717,5530.27730515525,4539.30326569481,379000
31182.4476745989,25280.8837255678,11686.04500129,5523.05910295491,4533.14189581793,379100
31159.3757925026,25259.2752606496,11673.5795668838,5515.84993995312,4526.98857490826,379200
31136.3188159524,25237.6835133596,11661.3647160332,5508.64980555138,4520.84329305919,379300
31113.276738265,25216.1084733285,11649.161846609,5501.45868916221,4514.70604037511,379400
31090.2495527559,25194.5501301893,11636.9709481744,5494.27658020911,4508.57680697132,379500
31067.2372527386,25173.0084735772,11624.7920102996,5487.1034681266,4502.45558297412,379600
31044.2398315253,25151.4834931298,11612.6250225614,5479.93934236015,4496.34235852072,379700
31021.2572824265,25129.9751784869,11600.4699745433,5472.78419236624,4490.23712375926,379800
30998.2895987512,25108.4835192908,11588.3268558359,5465.63800761229,4484.13986884882,379900
30975.3367738069,25087.0085051858,11575.9027265914,5458.50077757669,4478.05058395939,380000
30952.3988008995,25065.5501258188,11563.4037195246,5451.37249174877,4471.96925927184,380100
30929.4756733333,25044.1083708391,11550.9174088335,5444.2531396288,4465.89588497795,380200
30906.5673844113,25022.6832298981,11538.4437829557,5437.14271072801,4459.83045128038,380300
30883.6739274347,25001.2746926497,11525.9828303369,5430.04231655433,4453.77294839267,380400
30860.7952957035,24979.88274875,11513.6989371889,5422.99582566248,4447.72336653922,380500
30837.931482516,24958.5073878578,11501.5494594742,5415.95810517191,4441.63021845774,380600
30815.0824811691,24937.148599634,11489.3023631277,5408.92914486777,4435.38816019903,380700
30792.2482849583,24915.806373742,11476.831767223,5401.90893454569,4429.06479245276,380800
30769.4288871775,24894.5051610105,11464.3739164459,5394.89746401185,4422.73915477424,380900
30746.6242811192,24874.1908951293,11451.9287990936,5387.89472308293,4416.42224705197,381000
30723.8344600746,24853.8914939126,11439.4964034719,5380.9007015861,4410.1140578468,381100
30701.0594173333,24833.6069489228,11427.0767178947,5373.91538935903,4403.8145757333,381200
30678.2991461834,24813.3372517233,11414.6697306846,5366.93877624989,4397.52378929977,381300
30655.5536399119,24793.0823938782,11402.3134931753,5359.97085211731,4391.24168714818,381400
30632.8228918041,24772.8423669527,11389.9737989478,5353.01160683041,4384.96825789421,381500
30610.1068951442,24752.617162513,11377.6466774215,5346.06103026874,4378.70349016723,381600
30587.4056432147,24732.4067721261,11365.3321170907,5339.11911232233,4372.44737261023,381700
30564.7191292969,24712.2111873598,11353.0301064581,5332.18584289165,4366.19989387988,381800
30542.0473466707,24692.0303997833,11340.7406340346,5325.26121188761,4359.96104264646,381900
30519.3902886147,24671.8644009665,11328.4636883392,5318.34520923153,4353.73080759387,382000
30496.7479484062,24651.7131824801,11316.1992578993,5311.39160754432,4347.50917741964,382100
30474.120319321,24631.5767358962,11304.0942932675,5304.36794535309,4341.29614083486,382200
30451.5073946336,24611.4550527875,11292.0904052514,5297.35320978492,4335.09168656422,382300
30428.9091676174,24591.348124728,11280.0984952148,5290.34739018058,4328.89580334595,382400
30406.3256315442,24571.2559432925,11268.1185524748,5283.35047589223,4322.70847993186,382500
30383.7567796848,24551.1785000569,11256.1505663557,5276.36245628337,4316.52970508728,382600
30361.2026053084,24531.1157865982,11244.1945261894,5269.38332072888,4310.37104320177,382700
30338.6631016831,24511.0677944942,11232.4219968551,5262.41305861497,4304.22318579346,382800
30316.1382620758,24491.0345153239,11220.6731476308,5255.45165933918,4298.08380482075,382900
30293.628079752,24471.0159406675,11209.0403356802,5248.68981450969,4291.95288918046,383000
30271.1325479761,24451.0120621058,11197.4735281461,5241.9678092439,4285.83042778269,383100
30248.651660011,24431.0228712212,11185.6198411277,5235.25405747209,4279.71640955089,383200
30226.1854091186,24411.0483595967,11173.7779613339,5228.53557762041,4273.61082342182,383300
30203.7337885596,24391.0885188166,11162.1015679343,5221.57730339054,4267.51365834555,383400
30181.2967915933,24371.1433404664,11150.0792891903,5214.62793467298,4261.4249032854,383500
30158.8744114779,24351.2128161324,11138.0413136094,5207.68746074505,4255.34454721799,383600
30136.4666414704,24331.2969374022,11126.0155912735,5200.75587089564,4249.27257913319,383700
30114.0734748267,24311.3956958644,11114.4334751948,5193.83315442522,4243.20898803411,383800
30091.6949048014,24291.5090831088,11102.9019588115,5186.91930064581,4237.15376293709,383900
30069.3309246479,24271.6370907263,11091.3816549001,5180.01429888095,4231.10689287169,384000
30046.9815276186,24251.7797103088,11079.872553779,5173.11813846576,4225.06836688068,384100
30024.6467069647,24231.9369334496,11068.3746457728,5166.23080874686,4219.03817402001,384200
30002.3264559361,24212.1087517428,11056.8879212126,5159.35229908239,4213.01630335881,384300
29980.0207677818,24192.295156784,11045.4123704353,5152.50284883946,4207.00274397937,384400
29957.7296357496,24172.4961401696,11033.9479837844,5145.66411399328,4200.99748497716,384500
29935.4530530861,24152.7116934974,11022.4947516095,5138.83410933216,4195.00051546074,384600
29913.1910130369,24132.9418083664,11011.0526642666,5132.02856634371,4189.01182455183,384700
29890.9435088464,24113.1864763767,10999.6217121177,5125.40354290913,4183.03140138525,384800
29868.7105337581,24093.4456891294,10988.1029723215,5118.78672709661,4177.05923510892,384900
29846.4920810142,24073.7104147997,10976.5940345244,5112.17810938026,4171.09531488383,385000
29824.288143856,24053.9345275149,10965.0964114322,5105.57768024397,4165.13962988405,385100
29802.0987155237,24034.1732673478,10953.6100931271,5098.98543018145,4159.19216929673,385200
29779.9237892564,24014.4266257822,10942.1350696985,5092.4013496962,4153.25292232203,385300
29757.7633582922,23994.6945943033,10930.6713312419,5085.82542930151,4147.32187817315,385400
29735.6174158681,23974.9771643974,10919.2188678597,5079.25765952043,4141.39902607633,385500
29713.4859552203,23955.2743275524,10907.7776696608,5072.6980308858,4135.4843552708,385600
29691.3689695837,23935.5860752574,10896.3477267606,5066.14653394023,4129.57785500876,385700
29669.2664521924,23915.9123990029,10884.9290292813,5059.60315923606,4123.67951455543,385800
29647.1783962794,23896.2532902805,10873.5215673515,5053.06789733539,4117.78932318896,385900
29625.1047950766,23876.6087405836,10862.1253311065,5046.54073881008,4111.90727020048,386000
29603.0456418153,23856.9787414067,10850.7403106882,5040.02167424169,4106.03334489404,386100
29581.0009297254,23837.3632842456,10839.366496245,5033.51069422153,4100.16753658661,386200
29558.9706520362,23817.7623605977,10828.003877932,5027.00778935063,4094.3098346081,386300
29536.9548019757,23798.1759619617,10816.6524459109,5020.51295023971,4088.4602283013,386400
29514.9533727713,23778.6040798376,10805.3121903498,5014.02616750921,4082.61870702189,386500
29492.9663576492,23759.046705727,10793.9831014237,5007.54743178926,4076.78526013842,386600
29470.9937498347,23739.5038311328,10782.665169314,5001.07673371969,4070.95987703229,386700
29449.0355425525,23719.9754475592,10771.3583842086,4994.61406394999,4065.14254709779,386800
29427.0917290259,23700.461546512,10760.0627363023,4988.15941313934,4059.33325974198,386900
29405.1623024777,23680.9621194984,10748.7782157961,4981.71277195657,4053.53200438479,387000
29383.2472561295,23661.477158027,10737.504812898,4975.2741310802,4047.73877045895,387100
29361.3465832024,23642.0066536079,10726.2425178222,4968.84348119835,4041.95354740996,387200
29339.4602769163,23622.5505977525,10714.9913207897,4962.42081300884,4036.17632469612,387300
29317.5883304902,23603.1089819738,10703.7512120282,4956.00611721908,4030.40709178851,387400
29295.7307371426,23583.6817977863,10692.5221817718,4949.59938454613,4024.64583817093,387500
29273.8874900908,23564.2690367059,10681.3042202611,4943.20060571668,4018.89255333995,387600
29252.0585825514,23544.8706902498,10670.0973177435,4936.80977146701,4013.14722680486,387700
29230.2440077402,23525.4867499371,10658.901464473,4930.40707532088,4007.44905914685,387800
29208.4437588722,23506.117207288,10647.2652505739,4923.74816089853,4001.98374348244,387900
29186.6578291613,23486.7620538244,10635.564971102,4916.94100626396,3996.53334324857,388000
29164.886211821,23467.4212810697,10623.8768701606,4910.14293773785,3991.09869542772,388100
29143.1289000638,23448.0948805487,10612.2009362224,4903.35394382476,3985.67117325945,388200
29121.3858871013,23428.7828437879,10600.5371577686,4896.57401304256,3980.25076790984,388300
29099.6571661447,23409.4851623151,10588.8855232895,4889.80313392233,3974.83747055487,388400
29077.9427304039,23390.2018276598,10577.246021284,4883.04129500842,3969.43127238048,388500
29056.2425730885,23370.9328313529,10565.6186402601,4876.28848485842,3964.0321645825,388600
29034.556687407,23351.678164927,10554.0033687344,4869.5446920431,3958.64013836669,388700
29012.8850665675,23332.4378199163,10542.4001952326,4862.80990514648,3953.2551849487,388800
28991.2277037771,23313.2117878562,10530.7420793824,4856.08411276572,3947.87729555408,388900
28969.5845922421,23294.0000602841,10519.0135701947,4849.36730351122,3942.50646141826,389000
28947.9557251684,23274.8026287386,10507.2974427697,4842.65946600649,3937.14267378652,389100
28926.341095761,23255.6194847602,10495.5936851902,4835.96058888824,3931.78592391406,389200
28904.7406972241,23236.4506198908,10483.9022855485,4829.27066080628,3926.43620306587,389300
28883.1545227613,23217.2960256739,10472.8209275783,4822.5896704236,3921.09350251683,389400
28861.5825655756,23198.1556936546,10461.8033548549,4815.91760641626,3915.7825035469,389500
28840.0248188691,23179.0296153797,10450.7966910714,4809.25445747345,3910.48332502703,389600
28818.4812758435,23159.9177823975,10439.8009265391,4802.60021229745,3905.19106055187,389700
28796.9519296996,23140.8201862578,10428.8160515761,4795.95485960361,3899.90570159296,389800
28775.4367736378,23121.7368185125,10417.8420565071,4789.31838812034,3894.62723963135,389900
28753.9358008575,23102.6676707145,10406.8789316633,4782.69078658914,3889.35566615763,390000
28732.4490045577,23083.6127344188,10395.9266673827,4776.07204376451,3884.09097267191,390100
28711.7320657937,23064.5720011819,10384.9852540102,4769.46214841401,3878.83315068384,390200
28692.6160396174,23045.5454625618,10374.054681897,4762.8610893182,3873.58219171253,390300
28673.5109615036,23026.5331101183,10363.1349414013,4756.26885527064,3868.33808728664,390400
28651.3718882722,23007.5349354129,10352.2260228876,4749.6854350779,3863.10082894429,390500
28625.2046691716,22988.5509300087,10341.3279167274,4743.33079090143,3857.87040823309,390600
28603.5101760383,22969.5810854705,10330.4406132986,4737.05260027481,3852.64681671012,390700
28582.2653338517,22950.6253933648,10319.5641029861,4730.84518310326,3847.43004594193,390800
28561.0344131628,22931.6838452596,10308.6983761812,4724.64559109793,3842.22008750452,390900
28539.7046570035,22912.7564327248,10297.8434232819,4718.4538149727,3836.91755626161,391000
28518.3575237695,22893.843147332,10286.999234693,4712.27092384544,3831.51094167813,391100
28497.018825622,22874.9439806544,10276.1658008257,4706.0959792686,3826.11169587927,391200
28475.6942334617,22856.0589242669,10265.3431120981,4699.69793091761,3820.86617940136,391300
28454.3837404686,22837.1879697462,10254.5311589349,4693.23898790248,3815.65109321735,391400
28433.0873398225,22818.3311086708,10243.7299317674,4686.78861653567,3810.44287679377,391500
28411.8050247024,22799.4883326206,10232.9394210336,4680.39827419766,3805.24152155881,391600
28390.536788287,22780.6596331777,10222.1596171783,4674.18497746871,3800.04701895038,391700
28369.2826237545,22761.8450019254,10211.3905106526,4668.10884273258,3794.85936041616,391800
28348.0425242824,22743.0444304493,10200.6320919146,4662.04030347749,3789.6785374135,391900
28326.8164830479,22724.2579103364,10189.8843514289,4655.97935077261,3784.50454140953,392000
28305.6044932277,22705.4854331755,10179.1472796667,4649.92597569655,3779.33736388104,392100
28284.4065479981,22686.7269905573,10168.4208671061,4643.88016933732,3774.17699631454,392200
28263.2226405348,22667.9825740742,10157.7051042315,4637.8419227923,3769.02343020623,392300
28242.0527640131,22649.2521753202,10146.9999815342,4631.81122716829,3763.87665706198,392400
28220.8969116079,22630.4154422835,10136.3054895121,4625.78807358144,3758.73666839733,392500
28199.7550764937,22611.1115817467,10125.4104401525,4619.77245315731,3753.6034557375,392600
28178.6272518445,22591.8227240319,10114.394275629,4613.76435703078,3748.47701061733,392700
28157.5134308338,22572.5488595844,10103.3894418386,4607.76377634611,3743.35732458135,392800
28136.4071622884,22553.2899788521,10092.3959282113,4601.77070225691,3738.24438918369,392900
28115.311963562,22534.046072286,10081.4137241851,4595.78512592611,3733.1381959881,393000
28094.2307622698,22514.8171303396,10070.5595870775,4589.807038526,3728.03873656799,393100
28073.1635515694,22495.6031434694,10059.8142693597,4583.83643123818,3722.94600250634,393200
28052.1103246179,22476.4041021344,10049.0797754516,4577.87329525358,3717.85998539572,393300
28031.071074572,22457.793259178,10038.3560955034,4571.91762177242,3712.78067683834,393400
28010.0457945882,22439.2653205578,10027.6432196722,4565.96940200423,3707.70806844595,393500
27989.0344778225,22420.7512197314,10016.9411381224,4560.02862716784,3702.64215183987,393600
27968.0371174306,22402.2509484069,10006.2498410257,4554.09528849138,3697.58291865101,393700
27947.0537065679,22383.7644982943,9995.56931856054,4548.16937721223,3692.5303605198,393800
27926.0842383895,22365.2918611054,9984.89956091284,4542.25088457707,3687.48446909626,393900
27905.1287060501,22346.8330285538,9974.24055827546,4536.32462956285,3682.44523603991,394000
27884.1871027041,22328.3879923546,9963.59230084842,4530.3717284828,3677.41265301979,394100
27863.2594215058,22309.9567442253,9952.95477883887,4524.4263482064,3672.3867117145,394200
27842.3456556089,22291.5392758846,9942.32798246109,4518.48847977577,3667.36740381211,394300
27821.445798167,22273.1355790535,9931.71190193644,4512.55811424262,3662.19260787999,394400
27800.5598423333,22254.7456454544,9921.10652749344,4506.63524266829,3656.98876198883,394500
27779.6877812609,22236.369466812,9910.51184936768,4500.71985612371,3651.79207594278,394600
27758.8296081026,22218.0070348524,9899.9278578019,4494.8119456894,3646.60254035357,394700
27737.9853160107,22199.6583413037,9889.35454304594,4488.91150245546,3641.42014584428,394800
27717.1548981375,22181.323377896,9878.79189535673,4483.01851752156,3636.24488304937,394900
27696.338347635,22163.3329789925,9868.23990499833,4476.86419373687,3631.07674261461,395000
27675.5356576549,22145.3640624777,9857.68353007906,4470.68990988288,3625.91571519713,395100
27654.7468213489,22127.4725453675,9846.97494009971,4464.52385623563,3620.76179146537,395200
27633.9718318681,22109.6139236066,9836.27735347399,4458.36602237534,3615.61496209908,395300
27613.2106823637,22091.7683021788,9825.590759935,4452.21639789433,3610.4752177893,395400
27592.4633659866,22073.9356735873,9814.91514922359,4446.074972397,3605.34254923838,395500
27571.7298758874,22056.1160303365,9804.25051108839,4439.9417354998,3600.21694715991,395600
27551.0102052167,22038.3093649321,9793.5968352858,4433.81667683125,3595.09840227877,395700
27530.3043471247,22020.5156698814,9782.95411157995,4427.6997860319,3589.98690533107,395800
27509.6122947616,22002.7349376925,9772.32232974275,4421.59105275435,3584.88244706418,395900
27488.9340412774,21984.9671608753,9761.70147955386,4415.49046666321,3579.78501823668,396000
27468.233133632,21967.2123319406,9751.09155080067,4409.3980174351,3574.69460961837,396100
27447.1764076699,21949.4336896757,9740.49253327836,4403.31369475863,3569.61121199025,396200
27426.1340766507,21930.6880092704,9729.90441678983,4397.2374883344,3564.53481614453,396300
27405.1061330989,21912.9328018505,9719.32719114571,4391.16938787499,3559.46541288457,396400
27384.0925695395,21895.1766395074,9708.80078314484,4385.10938310493,3554.40299302493,396500
27363.0933784974,21877.4041900524,9698.86028470355,4379.05746376072,3549.34754739132,396600
27342.5722934823,21859.6447773247,9688.92939272063,4373.01826276142,3544.29906682057,396700
27322.4543278261,21841.8983936981,9679.00809884046,4366.99069942354,3539.25754216067,396800
27302.349430774,21823.984742483,9669.0963947131,4360.97116896365,3534.22296427074,396900
27282.2575961349,21805.9937033744,9659.05749121409,4354.95966120786,3529.19532402098,397000
27262.1788177172,21788.0161136025,9648.59969899297,4349.03263302545,3524.17461229271,397100
27242.113089329,21770.0519650544,9637.91718589209,4343.26851996524,3519.16081997834,397200
27221.6619354021,21752.1012496192,9627.2458919837,4337.52548646961,3514.15393798134,397300
27201.2206117888,21734.1639591877,9616.58580649965,4331.79677798977,3509.15395721626,397400
27180.7929172461,21716.2400856526,9605.93691868038,4326.07536180705,3504.16086860871,397500
27160.3788449894,21698.3296209086,9595.29921777484,4320.36122915116,3499.1746630953,397600
27139.9484072582,21680.4325568522,9584.67269304055,4314.65437126138,3494.19533162373,397700
27119.5260574828,21662.5488853821,9574.05733374356,4308.95477938652,3489.22286515267,397800
27099.1173628211,21644.6785983985,9563.45312915844,4303.26244478492,3484.25725465182,397900
27078.7223164352,21626.8216878037,9552.86006856834,4297.57735872448,3479.29849110187,398000
27058.3409114871,21608.9781455021,9542.27814126489,4291.89951248257,3474.34656549449,398100
27037.973141139,21591.1479633999,9531.70733654826,4286.22889734612,3469.40146883232,398200
27017.6189985528,21573.3311334051,9521.14764372716,4280.56550461154,3464.46319212898,398300
26997.0698111775,21555.5276474278,9510.59905211882,4274.90932558472,3459.53172640903,398400
26976.5056885226,21537.7154558882,9500.06155104895,4269.26035158107,3454.60706270795,398500
26955.9555325741,21519.8424400652,9489.53512985182,4263.61857392546,3449.68919207217,398600
26935.4193361306,21501.9829044334,9479.03355445387,4257.98398395221,3444.77810555902,398700
26914.8970919906,21484.1368407279,9468.71467236102,4252.35657300515,3439.87379423674,398800
26894.388792953,21466.3042406864,9458.40642888831,4246.73633243751,3434.97624918447,398900
26873.894431817,21448.4850960482,9448.10881404683,4241.12325361199,3430.08546149221,399000
26853.4140013821,21430.6793985553,9437.82181785538,4235.51732790074,3425.20142226086,399100
26832.9474944481,21412.8871399512,9427.54543034041,4229.91854668531,3420.32412260214,399200
26812.4949038151,21395.1083119822,9417.27964153607,4224.32690135669,3415.45355363864,399300
26792.0562222833,21377.1024710091,9407.09405678646,4218.74238331527,3410.58970650379,399400
26771.6314426535,21358.8521892113,9397.0430058907,4213.16498397083,3405.73257234182,399500
26751.2205577267,21340.6161527387,9387.00211184777,4207.59469474259,3400.8821423078,399600
26730.8235603043,21322.3943523791,9376.97136534387,4202.03150705911,3396.03840756758,399700
26710.4404431879,21304.1867789227,9366.95075707207,4196.47541235834,3391.20135929782,399800
26690.0711991794,21285.9711157486,9356.94027773236,4190.92640208761,3386.37098868592,399900
26669.7158210813,21267.7346022932,9346.93991803161,4185.38446770362,3381.54728693009,4e+05
26649.3743016963,21249.5123846778,9336.94966868362,4179.84960067239,3376.73024523928,400100
