"q95","q90","Median","q10","q5","Escapement"
0,0,0,0,0,0
529.913469344723,493.926855614431,380.823721307328,285.209412340399,262.841103450685,100
1057.73558590896,986.055125697415,760.363958701407,569.446404238492,524.951937551117,200
1583.47155749151,1476.42392053601,1138.70066415974,852.979332678683,786.333846978664,300
2107.12658036332,1965.03860803878,1515.87792264634,1135.5692090196,1046.91426875309,400
2628.70583929141,2451.5640767898,1891.74107373835,1417.29728359223,1306.73128276668,500
3148.21450756277,2936.03125503166,2266.30442895508,1698.26621087766,1565.83319367461,600
3665.65774700814,3418.5126488205,2639.53411387134,1978.42731615848,1824.3405615035,700
4181.04070802584,3899.06935296239,3011.60550960355,2257.76817549573,2082.30542054351,800
4694.36852960548,4378.0199208257,3382.4715410704,2536.29011343036,2338.83157562633,900
5205.64633935163,4855.20040668567,3752.16739635598,2813.99445260303,2594.92355963598,1000
5714.87925350751,5330.44635598591,4120.68320916245,3090.88251375664,2850.39763636591,1100
6221.79254803752,5803.8416686609,4487.78419996192,3366.95561573891,3105.1561533993,1200
6726.56145628687,6275.34871809046,4854.00502656465,3642.12190595018,3359.54492909122,1300
7229.24573966493,6744.76447002988,5219.25909653909,3916.56301575378,3612.82527966792,1400
7729.85075023374,7212.96135480033,5583.32178812253,4190.14451774024,3865.30443331926,1500
8228.38182786178,7678.84190127876,5945.99337380422,4462.75674991318,4117.04579777249,1600
8724.84430025006,8143.63682896917,6307.11584088065,4734.44350824411,4368.07326827941,1700
9219.24348295804,8607.262485773,6667.47044557833,5005.34868801773,4618.48740562353,1800
9711.5846794296,9069.08929066255,7026.4209379801,5275.53337688945,4868.18284601574,1900
10201.8731810189,9529.02846261196,7383.81155093688,5544.89665716191,5117.17071888345,2000
10690.1142670161,9986.40319064209,7739.97086299479,5814.1290183791,5365.42203087101,2100
11176.3132046733,10441.9925961201,8094.90715860792,6082.77573877678,5612.76642340002,2200
11661.566148957,10895.5376855932,8448.62287505144,6349.58018743863,5859.44926278704,2300
12145.6844899105,11346.5466383419,8801.12044529254,6615.10799990602,6105.78321756349,2400
12627.9314967905,11794.8058144887,9152.14601351369,6880.50962213778,6350.9391669232,2500
13108.3116108748,12244.3527079279,9501.38271019712,7145.74125994148,6595.37738929785,2600
13586.829264099,12691.4651223534,9849.34768906345,7409.76185178514,6839.08759620708,2700
14063.4888790751,13133.6119812707,10196.9948471544,7672.23725636274,7082.07093147887,2800
14537.9665059458,13574.7760883655,10543.9107481474,7933.87249164181,7324.3285373473,2900
15009.4443799955,14016.7084588876,10888.7432240518,8194.6690028842,7565.86155445456,3000
15478.8984880491,14456.9381141684,11234.6654323992,8454.64622541295,7806.67112185306,3100
15946.4144105381,14895.4690053695,11579.3568033214,8713.86902952029,8046.75837700755,3200
16411.9970097104,15332.3050755323,11920.1781824004,8972.26339028844,8286.13477605402,3300
16875.6511370179,15768.5084454034,12261.4195829162,9230.85202224012,8524.83899433065,3400
17337.3816331381,16203.1892571251,12600.5159684937,9489.60448640466,8763.74659621385,3500
17797.1892810431,16635.8074377335,12938.7346754054,9746.83770239457,9002.19786890009,3600
18255.1874955577,17067.1926279472,13275.3751320612,10002.7050739568,9240.03916029782,3700
18711.299182985,17494.4494526719,13611.7021054376,10256.4545229311,9477.23176439547,3800
19167.5977638597,17922.0786917033,13945.6897193032,10508.5454549278,9711.5454487276,3900
19623.0849088271,18348.0449172319,14279.585885906,10760.5686925278,9946.3255808692,4000
20076.8286859251,18772.3751677791,14612.4938584493,11012.2146520971,10181.0408447247,4100
20528.833113905,19194.5662164742,14943.9464687859,11264.2977000337,10412.1913363451,4200
20978.3390902199,19615.114276069,15272.9996055616,11514.9179527022,10642.5449507363,4300
21427.7523912489,20031.208615176,15600.6057574839,11766.1472324282,10872.1595816101,4400
21874.8109057129,20445.6620636217,15928.3681906264,12016.8768459863,11102.4886858172,4500
22319.944311455,20861.0696106807,16252.4831186077,12266.9076804385,11332.742341403,4600
22762.0118090434,21274.7892572783,16574.451562181,12516.2164276596,11562.1583767215,4700
23199.1638632486,21686.4908647789,16897.8220363504,12764.8041876569,11790.842043614,4800
23636.446504032,22095.5259592907,17222.2913092048,13012.4164555736,12018.8224942431,4900
24074.4191431846,22499.3058683568,17544.2531413056,13259.3318785297,12244.8919822355,5000
24511.5832914334,22908.1931646206,17865.8624124897,13505.6661913129,12471.2189996933,5100
24946.878995665,23310.582032435,18185.4718692878,13751.2806544236,12697.1075719425,5200
25377.696353494,23714.0202286752,18501.4760743923,13996.1763703172,12922.2406212352,5300
25808.6388408023,24117.0552472834,18816.72064503,14240.3544399552,13146.8108178807,5400
26238.0843750591,24518.2198000139,19132.5517981013,14483.1621069134,13371.999665515,5500
26665.8418802321,24915.7585527166,19448.2404231013,14724.6395847102,13595.0885743758,5600
27091.9152745902,25310.52833052,19761.9382615264,14965.3307788741,13817.4830976254,5700
27516.3084683758,25703.6199116115,20074.6206821703,15204.0943031879,14039.1843321683,5800
27938.9116732633,26095.6831441016,20384.6396448416,15442.879108149,14260.1933733761,5900
28359.8262386107,26485.8830542362,20693.55675958,15682.3266392584,14480.5113150903,6000
28779.0684181024,26873.9511302041,21002.1604551962,15917.7434936737,14700.1392496233,6100
29191.6089896407,27260.3572293998,21310.4307771275,16152.3404273343,14919.0782677612,6200
29596.3298172047,27644.7462131372,21615.9473439381,16388.8299558409,15137.3294587651,6300
30005.9996287637,28027.3097831942,21922.6185434135,16625.5433877719,15354.8939103738,6400
30416.9833285976,28410.6678691945,22228.5894335305,16861.5489431104,15571.7727088053,6500
30826.2087874436,28793.8790833125,22530.2182904868,17094.2921103918,15787.0519458949,6600
31233.7480101714,29177.8005200534,22831.6691787907,17324.4026615738,16002.5638396561,6700
31639.6050305376,29560.3820546127,23130.549735093,17556.4911635253,16218.2263856675,6800
32043.7838737978,29942.5582264097,23430.8303695191,17790.0545119143,16431.627402776,6900
32446.2885567243,30323.0354700882,23728.8116082516,18018.9522497888,16644.9884412879,7000
32847.1230876222,30698.1679704284,24026.9266052876,18246.4543318163,16857.6678531705,7100
33246.2914663463,31070.2233279821,24322.5519725327,18473.2478042593,17069.6667229698,7200
33643.5746713563,31447.3227450143,24615.2394159063,18701.4862543691,17281.2421760464,7300
34039.1116291056,31824.6795666262,24907.9366786768,18924.468497506,17492.1888395988,7400
34432.9870845429,32197.7003742702,25199.8704655056,19150.5728979526,17702.4657260159,7500
34825.2050423608,32569.6714874642,25492.2410324173,19377.627731052,17912.0738889888,7600
35212.9384727935,32932.5699011862,25780.5693711427,19603.9682233245,18121.1037418833,7700
35605.7028946828,33293.7282490697,26071.7404897097,19829.595512924,18329.2941231582,7800
35993.9945766001,33653.2894520918,26359.865878106,20054.5107364026,18536.6869831491,7900
36380.9450268302,34011.5658236266,26648.4777007628,20274.106004681,18743.4103021005,8000
36767.8913739496,34372.3831406448,26934.9382979954,20492.5111969411,18949.5230845211,8100
37153.266907345,34728.5735977582,27219.256979079,20710.0950784461,19154.9813218072,8200
37537.0752603765,35082.5804007852,27501.5691874272,20929.0663809438,19359.5475059934,8300
37919.3200590118,35435.0247531645,27783.7082403211,21147.8544975004,19563.9044575363,8400
38296.8165695837,35785.9104922142,28065.1722196102,21365.9554308769,19767.3714596881,8500
38670.5786906748,36135.241446973,28345.9865687583,21583.8497208924,19970.1768180549,8600
39042.6810496694,36482.5183314086,28625.719567569,21801.0031649087,20172.3283502539,8700
39413.0732114253,36827.5048261589,28903.1646562288,22015.8594710607,20379.4372840343,8800
39786.1354344181,37174.9714865246,29178.6804956567,22232.5653095685,20582.6811028821,8900
40157.6325799111,37519.4344979116,29459.130757499,22447.4820177681,20784.4923592646,9000
40526.2986593465,37864.672731607,29734.5782650219,22662.2169375068,20984.5672626603,9100
40887.9749489167,38211.6695620372,30008.5581080209,22877.9988192975,21181.3412828419,9200
41250.1021092387,38557.265991463,30283.3808262909,23094.3335526969,21381.7971628099,9300
41613.3481855221,38898.6616966436,30558.3773733901,23310.4064056141,21581.9438904733,9400
41975.0132583056,39245.0684503645,30831.2118114786,23525.8251367004,21780.4125437381,9500
42333.5776321756,39587.9089672132,31101.9851571958,23740.3924531395,21977.0003226632,9600
42687.3484039271,39928.9960153582,31373.3559066571,23951.4995214113,22172.9830334763,9700
43039.3879066533,40264.8853756877,31639.4806305,24163.8890962645,22368.4535700428,9800
43389.9095613185,40590.7804226057,31906.0305734907,24372.5883091073,22563.6048550782,9900
43738.7122064776,40914.6845725526,32170.6704356701,24580.4239468315,22761.5802586812,10000
44085.8755223599,41236.7846648961,32434.9420770463,24787.2089193604,22954.4209691175,10100
44431.403719687,41563.7816956117,32696.7338499427,24992.1051657508,23145.8480761823,10200
44775.3009997093,41893.3336837066,32961.4397803776,25197.0028568457,23336.6112212961,10300
45117.5715542253,42221.4897148088,33224.8926778312,25403.9370216006,23527.7525950094,10400
45459.1497626176,42548.224934297,33489.5075186332,25607.8940950309,23719.6297146342,10500
45806.7432824531,42873.4509360218,33751.8364221316,25811.1287169029,23907.5088091321,10600
46152.8565881277,43197.2882760514,34011.5277770703,26013.7524459025,24092.7431484016,10700
46497.4931309356,43519.7401558349,34269.8996350433,26215.3458579663,24283.1865313135,10800
46840.6563551201,43839.9274585013,34527.9957583839,26418.5407515085,24474.6766437193,10900
47182.3496978876,44159.9428944647,34781.5359435947,26619.539508362,24663.2480241826,11000
47522.5765894202,44474.6347998218,35032.7711360887,26817.7303261941,24850.5223462874,11100
47864.1062876285,44787.4904596331,35286.5818361521,27016.9570753127,25039.6490335009,11200
48208.0478582665,45098.5430376901,35540.9467481122,27215.2746505503,25229.4820741041,11300
48550.6309187515,45408.1642602626,35791.4623973394,27412.8810063983,25414.1682895632,11400
48881.4850671911,45714.8805326581,36045.0764694091,27609.7773563066,25592.534414184,11500
49202.0884393637,46019.3056992338,36297.8395519931,27804.8451957324,25776.0920819189,11600
49532.9748267893,46322.2772502219,36549.3018900393,27997.9595774167,25959.018618101,11700
49859.0304284645,46623.7988232378,36798.4391930211,28191.8230468664,26141.6840405841,11800
50178.0849267045,46923.5772827847,37047.1598384135,28384.9684532674,26323.7859745505,11900
50496.4502414317,47221.0639826724,37297.0533770172,28577.3970486254,26505.2660804802,12000
50823.08837848,47518.7276866986,37542.7637688266,28769.2435604075,26686.1253405555,12100
51148.1876682831,47817.2885038145,37784.9357349287,28960.7703589867,26866.364735594,12200
51471.5545758969,48109.4214983846,38030.9770629658,29151.5915062828,27045.9852450514,12300
51784.0086270122,48402.4553704805,38271.8580198819,29341.7082189307,27224.1178392957,12400
52088.8507259073,48700.2674909616,38513.7306547149,29531.1217117236,27401.5654083542,12500
52391.9205514156,48997.935433585,38756.1048335453,29719.9254156627,27578.5250130978,12600
52706.5590027189,49298.7390700864,38992.9889615933,29910.9765522595,27758.4179089393,12700
53020.21664256,49598.4193879083,39230.5941524105,30105.3681831287,27934.8501772724,12800
53325.2528524738,49889.038973987,39468.5966285389,30288.1751868921,28106.8491675352,12900
53625.0659618263,50189.0497491224,39700.7635866676,30469.769503805,28283.1679553142,13000
53923.3267013927,50480.4388161349,39932.1487792026,30655.3698539253,28458.8894320042,13100
54220.0391965759,50763.884632281,40167.4120971715,30842.6100262359,28634.014519737,13200
54516.1762495087,51045.1555677338,40404.4335008761,31029.3329944082,28807.8131996521,13300
54821.0255372136,51334.5337536888,40640.5530997814,31213.6158928152,28980.5729455248,13400
55124.7874304941,51623.1408249332,40870.5028713985,31400.3540088582,29148.7493652586,13500
55431.3352018112,51905.7020088222,41099.5312475859,31583.9521477794,29314.9428207645,13600
55727.5773335576,52183.8594083998,41326.192953899,31767.8013694868,29481.1062355733,13700
56025.6146110172,52460.5700042066,41555.3238082787,31952.7807834917,29650.1036085513,13800
56323.5104739041,52739.5995669068,41783.609959098,32127.3009093052,29818.4809512076,13900
56605.2927902452,53018.0132085412,42010.0545628582,32306.622192121,29985.5921187233,14000
56898.178108804,53295.6204679978,42232.8771694946,32483.6411435897,30149.5604108306,14100
57189.6586265519,53571.5045880669,42455.7004274757,32662.3393765518,30320.6828928176,14200
57479.7377817334,53846.2151017035,42681.5961553838,32840.7878605631,30486.6346454406,14300
57768.4190052666,54120.3724097632,42903.0876814302,33018.0481214321,30651.9897981649,14400
58055.7057207572,54392.8965360626,43120.5697375953,33194.63892341,30816.9509973009,14500
58341.6013445132,54659.8706121793,43342.1707182963,33371.7360978536,30981.3024348587,14600
58626.1092855596,54929.5833857613,43556.9317358154,33549.6590059219,31145.0451031195,14700
58908.4546995601,55197.9782690938,43772.3336961272,33724.9463964204,31308.1799929487,14800
59189.2358829609,55458.4626193401,43988.2082926224,33899.5764497397,31470.708093798,14900
59462.9834795156,55725.1378881606,44206.3699213152,34073.7982192679,31632.6303937072,15000
59726.3656507643,55993.2752481701,44422.5767816429,34247.6704134472,31792.7873352803,15100
59988.2235794979,56259.2882967611,44637.5012926003,34422.58767871,31951.980610515,15200
60254.9314772322,56521.8502744134,44849.104662401,34597.3704500922,32110.7995399676,15300
60533.6770023723,56781.6333027625,45069.774331849,34765.8910252122,32274.4510905196,15400
60811.1032934289,57042.2069636357,45283.1685522069,34937.8004310733,32433.2393443919,15500
61087.2055193641,57296.4010571758,45491.7618460049,35105.2657476753,32591.4975262177,15600
61361.5311919904,57558.3282950496,45701.4871474945,35274.4962214934,32749.2067664525,15700
61634.5425288832,57814.3508995713,45915.0828007454,35443.0772539847,32906.3180594616,15800
61900.8151950095,58069.1405603147,46125.2590795455,35608.2858341717,33062.8323806616,15900
62157.8639676394,58322.3298291276,46336.3518808929,35772.3362628689,33218.7507040762,16000
62415.366143326,58567.2745201286,46552.0135650155,35935.7127087657,33381.592263361,16100
62675.9640039378,58816.839829026,46756.581964075,36102.9813493765,33549.9419907954,16200
62933.9048189678,59061.8515661254,46960.4373845125,36274.5112941327,33713.4618705966,16300
63214.0239148186,59303.8265670399,47164.5571926869,36440.8211823785,33864.2852692227,16400
63472.0487050195,59538.0040536889,47360.4385548271,36599.9897170924,34014.5095588163,16500
63723.4886300686,59768.1568802259,47554.3096408519,36769.0965909494,34164.1598569205,16600
63973.5452447314,60021.0318854942,47749.7021683472,36932.4683784058,34313.3674545479,16700
64222.2221668666,60265.6938235796,47951.4670043512,37093.4866566736,34463.9714634254,16800
64469.5230061438,60504.2890114261,48156.9084221642,37248.471475066,34622.5242944611,16900
64720.1441179537,60741.6500665044,48363.2208104639,37402.7578911388,34780.5681101128,17000
64972.8880991819,60977.1529383647,48564.5126726162,37556.3472256042,34938.1036191387,17100
65224.3358294357,61220.3656325145,48762.6537559532,37709.2407969951,35091.556167012,17200
65473.7526191441,61472.8157377105,48953.2172326514,37864.4852004772,35240.4002047774,17300
65716.7856838668,61699.2317219852,49146.5098667476,38021.2064433389,35394.1266333896,17400
65958.4836990099,61921.668638665,49341.1647431787,38177.334087395,35547.3262140963,17500
66198.8501007095,62145.2453789781,49539.801450644,38332.8189815949,35699.99971722,17600
66437.8883174539,62366.2217643099,49734.0842051843,38487.6622438629,35840.2288606061,17700
66675.6017700993,62591.9195569058,49926.8137562146,38641.9492328177,35984.7030302873,17800
66911.8806494874,62812.859768296,50119.7034471998,38799.6886000399,36124.6568813684,17900
67146.4840879208,63041.1976051808,50309.8978344811,38957.6948733682,36264.6267762025,18000
67379.7692764445,63264.1773210413,50500.8590834186,39115.1092767667,36413.8516047397,18100
67613.6311501191,63480.7962106356,50687.8012380054,39273.0360552965,36562.6262479023,18200
67858.0673775033,63695.7914946966,50871.7977624983,39430.2432851326,36702.1438582409,18300
68099.3275164228,63912.1694612163,51057.2755599204,39583.7459758557,36843.8195960836,18400
68340.929757849,64129.3202031023,51235.0415707362,39733.9951232409,36999.4057476383,18500
68563.9927768116,64345.2693481388,51418.6619038962,39886.810673055,37139.0651741294,18600
68784.224160518,64560.019892301,51604.1846082297,40042.6282770904,37281.6672668494,18700
69004.3845066372,64779.4053450288,51787.9519017509,40197.8777234791,37410.783811316,18800
69235.2503355741,64990.5256249447,51966.8371220539,40352.5598924822,37547.1656229224,18900
69464.8863228103,65202.053239839,52144.2859673321,40507.222866603,37678.9757054455,19000
69699.6829114532,65423.0014692734,52329.8920225609,40645.2109584731,37812.6028583173,19100
69945.7776263794,65641.8361187272,52503.0562121585,40780.3980922243,37950.084313342,19200
70168.0549451086,65858.9695352411,52680.5949806126,40930.5756067122,38088.5601093554,19300
70378.8352168999,66074.9937333192,52856.702045276,41075.9562446672,38226.4839449809,19400
70593.9799137602,66289.9112810041,53036.922283953,41225.2672842535,38360.3621429511,19500
70814.6223383422,66503.7247411938,53215.0240406852,41367.1038519235,38489.43064145,19600
71036.2244491513,66709.8001040273,53382.3822771216,41503.1746584025,38618.3615320949,19700
71255.640684266,66912.1666870327,53560.2379417866,41650.740812357,38759.7184700439,19800
71473.7568339469,67112.7996194499,53737.3688185929,41799.148606509,38896.5818065123,19900
71689.0590569274,67312.27001636,53919.9837126213,41948.4659506791,39032.2461310433,20000
71897.205671882,67508.1310808762,54101.8281764051,42097.2358231601,39162.0480014118,20100
72103.9299171509,67701.818710229,54280.198464371,42240.3154696768,39291.2718936604,20200
72308.9919970483,67894.3294173122,54450.6996073662,42390.9044354398,39420.3004989323,20300
72512.8075774225,68085.6662375579,54614.2198815898,42530.8227098544,39554.4473659841,20400
72715.3799225112,68277.6233348959,54782.5619069492,42659.8578620814,39690.14298007,20500
72916.712289204,68487.5383535042,54945.3853717255,42788.1527234642,39825.3273525818,20600
73119.3436222163,68681.3894701702,55116.9194528447,42917.6269082223,39960.1147472069,20700
73331.1282620913,68878.9305866633,55289.1320168202,43050.7946687261,40091.2248601193,20800
73526.4021080733,69078.9669642367,55457.8166116433,43184.8184911723,40206.7817329788,20900
73719.9922851727,69279.5751341516,55616.1729020337,43323.9309198761,40321.7678701415,21000
73912.1426194168,69467.7732149864,55777.8691567404,43459.8550231109,40447.6601311515,21100
74103.0533717359,69654.7678461967,55934.7793170263,43589.6105538225,40575.0929679542,21200
74294.0503764961,69834.7946610061,56095.9236485611,43719.8604812176,40700.1803757996,21300
74485.6784523494,70002.6603602597,56254.448114884,43847.2400903646,40826.7782666591,21400
74676.0960531057,70183.168721319,56413.7275270831,43981.702490731,40954.9672166535,21500
74865.3063595885,70362.9537106402,56567.8792961045,44112.668636768,41080.4541181924,21600
75058.2423388136,70542.0134704335,56726.6326641237,44236.2107253943,41202.3579526619,21700
75251.4467570885,70718.9858654129,56879.8764349308,44359.1899752312,41326.1989862418,21800
75442.7563246223,70893.9700444148,57036.4956462444,44482.6131198262,41449.503568215,21900
75634.5024212026,71071.1104324346,57192.5671332174,44608.7033615745,41568.2985067986,22000
75825.4141192987,71246.6225687658,57344.4882502231,44734.3255218269,41683.1247629149,22100
76014.1004268728,71422.9244422214,57494.2381752182,44858.6906957516,41807.8745543829,22200
76202.0779791986,71598.2175009205,57649.3980952511,44979.4278357512,41932.4662088948,22300
76380.2793189367,71769.8080735975,57802.8597765509,45108.4613780616,42056.8039623046,22400
76554.25539701,71943.9807643127,57949.0995579773,45233.5326028026,42180.2546943265,22500
76738.3915249742,72116.1737318614,58102.8262765721,45360.2859926084,42302.1204404891,22600
76909.3968542555,72286.5894064244,58249.6828352757,45487.0637556745,42419.6745428219,22700
77076.8680871003,72454.1670052639,58399.5366175228,45613.5174365859,42538.1449368595,22800
77243.131196133,72620.6609334242,58558.0114864891,45742.3555846909,42656.0872119249,22900
77408.1895362366,72803.3838873931,58699.9297290582,45864.0482348092,42773.5022341484,23000
77594.6858657659,72967.7270075788,58841.2974730886,45991.5752518868,42890.7522174518,23100
77783.7064663743,73138.3280048964,58982.6629686138,46123.6581256457,43007.4803881955,23200
77966.756396226,73309.5806337031,59119.6878620757,46240.3635449649,43123.6862286187,23300
78146.5324084391,73499.7915298908,59262.7878910262,46368.8934290178,43218.2103071213,23400
78321.3070515801,73664.7215573645,59399.8002684623,46495.5772361251,43325.5282425147,23500
78497.4068519448,73817.4261981114,59533.7122103807,46620.0285986513,43438.6776650214,23600
78661.3739290304,73975.9381972948,59670.5806637283,46732.9552511699,43552.5288864214,23700
78824.0661953199,74137.4608205323,59814.6936879844,46853.8575446545,43666.0532765445,23800
78989.3875071151,74309.5773855218,59947.1352621592,46967.931816729,43779.2939045405,23900
79171.7288690017,74477.578286115,60082.3258589246,47081.8358587077,43892.0199910172,24000
79308.9319614347,74640.896750908,60218.4773256319,47194.2012718951,44001.1221137721,24100
79461.4002941451,74792.4837697861,60366.9671138822,47302.8966418178,44109.5764097644,24200
79617.7536182539,74962.8959921613,60508.9990766089,47409.2130799107,44226.4965038349,24300
79777.8557735467,75124.9060460683,60651.3508334728,47517.6047077727,44337.4481216935,24400
79942.1312554671,75285.0861076275,60791.3798248439,47634.1708564443,44457.2083806567,24500
80105.33284818,75441.6832132054,60923.6111593943,47748.5840978686,44574.2725677879,24600
80257.9929912788,75585.3417675855,61057.9753777626,47865.4833321847,44676.3066904686,24700
80405.9291381118,75741.9888077341,61194.6011056379,47977.3573929838,44776.2590429476,24800
80559.1823245845,75898.0382442152,61332.8404473478,48076.4444491021,44880.5125507566,24900
80724.110709323,76053.1098717673,61458.826559277,48176.7480505987,44985.9262051715,25000
80888.0088105837,76206.2441595822,61582.6253142874,48286.7053809309,45093.9725130035,25100
81050.8791206256,76352.9785813931,61709.5353289829,48400.8532523917,45200.2497428344,25200
81214.4620638226,76509.4180444984,61839.7564959623,48507.8485775639,45306.0213050509,25300
81378.7763486834,76656.0765043544,61973.5195889049,48627.6127529351,45408.2501528854,25400
81533.3856425306,76796.7847775164,62106.7558078281,48742.9769321742,45513.6029884728,25500
81686.407620444,76933.920315293,62244.1877550634,48849.2180244622,45619.8015252689,25600
81839.0198621329,77073.2484277044,62368.4487200465,48963.4699389162,45723.7383038178,25700
81990.5949049381,77212.477955369,62487.6636580361,49065.1591919235,45826.943058509,25800
82141.135351803,77347.1610932307,62607.3274957988,49166.2424830522,45929.1530818491,25900
82293.8067617578,77480.8363133215,62734.9640988808,49265.9923246623,46014.7093966575,26000
82438.4414121274,77613.506230286,62852.4161399028,49364.9516721524,46108.1902025265,26100
82586.4603959914,77745.1734529962,62972.6197955205,49466.6656245595,46197.8500092164,26200
82731.9526036337,77876.4389303858,63096.5427771765,49570.4195084933,46281.86415485,26300
82876.1533555431,78007.7711902302,63223.2667104408,49674.5418428627,46365.3777057811,26400
83009.9196226131,78138.6180202625,63357.6028120702,49778.3309832235,46453.2934246388,26500
83135.5559301318,78268.482043003,63484.0858522613,49883.8340019077,46550.431900038,26600
83260.1031921448,78397.3657778619,63608.2842195976,49987.8038062584,46648.1479823061,26700
83383.564470205,78535.3312876872,63710.5989730758,50093.1288761999,46745.6296489696,26800
83505.2251640544,78672.4171532711,63820.9896144205,50200.6650191314,46841.6684983635,26900
83625.3759199,78823.0109058604,63945.6911917181,50304.0474549647,46937.2081376383,27000
83744.4451494666,78959.0074739687,64059.4007976111,50405.6526394501,47032.2494062912,27100
83878.5728592231,79076.4340647511,64172.3687516497,50506.7255056212,47126.7931425985,27200
84024.890493999,79207.8883939676,64286.1252377677,50608.4084227145,47220.3753122995,27300
84142.3562407739,79338.1553128475,64395.540909343,50714.5244287191,47307.5986152428,27400
84261.5422897814,79461.4324413123,64505.9791202807,50805.1953340281,47394.9535619072,27500
84382.2361628404,79577.0160817569,64624.2365268605,50893.8389644491,47481.8781172116,27600
84523.8745048174,79691.6246661167,64735.9816944018,50982.6239823082,47569.5176359359,27700
84662.3813750444,79805.260783638,64847.6214349496,51088.9092083952,47681.3031092447,27800
84794.5625699751,79917.1054978109,64957.4768637331,51173.9463973989,47778.4393535282,27900
84925.7723960247,80026.7659057251,65065.5015408179,51262.9925014655,47869.8029036831,28000
85056.0132787765,80155.4205505016,65168.2308979849,51361.8068877007,47961.056262247,28100
85185.2876386701,80285.5189112422,65276.0005784365,51461.1033641446,48050.2549661417,28200
85313.5978910112,80399.6238101005,65371.6161041538,51559.8954922494,48139.1470866896,28300
85439.5695801165,80513.3485745462,65473.2318414213,51654.3256389441,48227.5504529585,28400
85564.3857523883,80646.3798441663,65571.7966229787,51739.4981765503,48310.3328060902,28500
85670.3420611831,80776.9631778574,65673.755607272,51823.2205672012,48392.3069332028,28600
85772.5222616244,80900.4415247158,65786.3233231013,51908.7980094652,48492.3174309006,28700
85873.6681905362,81009.6945269596,65902.8222161549,51989.9687132256,48578.9886401207,28800
86018.0317426284,81116.6206437276,66011.312427502,52075.7216622572,48664.89466976,28900
86162.3419813329,81241.8107321675,66110.3974322954,52163.0877075055,48720.6156916111,29000
86300.2458155228,81362.0756323568,66212.591395405,52263.4821305429,48785.4488697891,29100
86416.9979098058,81477.8846412798,66325.3738269675,52359.7185763751,48871.0499792056,29200
86509.6781043315,81584.0216340744,66425.1442001646,52450.0594097037,48956.1756145642,29300
86605.6331647706,81685.7689505113,66526.9692078647,52539.8904062922,49040.8265701703,29400
86694.2640491987,81797.0656789984,66625.9404482324,52627.3161020058,49125.0036391847,29500
86785.4869416211,81897.5086012895,66721.7233146715,52713.144436691,49208.7479268228,29600
86874.3855339169,82005.1354029004,66822.3205030531,52800.541346452,49292.7808029439,29700
86981.4761722467,82118.2395951197,66919.1808918251,52890.7188366144,49376.3458420568,29800
87094.8486820438,82231.8950533251,67017.2330281285,52976.6512832884,49459.4438182376,29900
87207.3001427228,82345.4660241107,67112.5124480154,53056.946006526,49542.0755044579,30000
87318.8328666132,82456.0886185074,67197.7376872183,53142.5358092522,49624.2416725867,30100
87429.4491611323,82550.7504276692,67290.6694142225,53224.1467853396,49699.8651624764,30200
87539.1513287951,82669.0765150641,67386.1930193228,53306.3368641946,49774.8965301154,30300
87646.2605793454,82786.9383938655,67490.5654448917,53388.0122996172,49861.2907236828,30400
87735.7251799036,82895.7585553273,67590.1373614878,53469.1740191223,49947.6125967341,30500
87811.3600849263,83003.2962705336,67681.0070157113,53553.0055940639,50029.1179933211,30600
87885.9894995287,83109.9983613627,67774.0741169584,53635.8226834341,50106.2954032787,30700
87959.6164576248,83198.2501706151,67870.9677926707,53714.9328212727,50181.9709707917,30800
88044.9324535773,83282.989013757,67966.6602946863,53789.4215972883,50252.883055899,30900
88146.699380211,83362.3917086595,68050.3698447262,53863.5986027941,50323.4057178125,31000
88247.566763265,83451.8794719329,68130.9887488239,53938.688618366,50394.2393875297,31100
88340.3922316697,83549.6386328092,68210.873585055,54007.6449408811,50464.5876577384,31200
88438.3238797511,83642.8991428654,68289.2581336056,54084.5857964414,50533.7909826373,31300
88547.9380795843,83745.6193846741,68370.6427455831,54158.3712797126,50603.2981362782,31400
88646.0069498533,83825.4814609683,68459.734749016,54233.7245553649,50671.5687591343,31500
88738.9854511119,83920.935184896,68544.8449348244,54312.4038796709,50747.5203258251,31600
88818.93500462,84016.7873255114,68625.4669341277,54398.4819811638,50812.5373461,31700
88920.7026973203,84100.3594814859,68706.6277245692,54479.8789576214,50877.0622936005,31800
89019.195118348,84201.3434055272,68789.821582807,54569.1803551344,50941.0960861039,31900
89087.9201825425,84293.1864098862,68864.1577615826,54645.1424854654,51005.9127617202,32000
89156.0124816343,84368.2005991967,68949.6480504872,54714.581357653,51071.2177401748,32100
89232.0780773907,84446.9468127684,69027.7768697847,54769.0263447141,51138.0887238241,32200
89296.2185433173,84535.5843383612,69100.8943494894,54851.7911868062,51200.499869286,32300
89401.7461512422,84627.4069383552,69176.0348424925,54930.0270540823,51264.2587580937,32400
89475.7783290745,84713.1157092026,69244.9032332056,54997.5332795669,51322.061030087,32500
89548.90321227,84801.2352291456,69316.9687399732,55077.7394566738,51390.7799653898,32600
89645.4741370765,84874.6168391387,69395.0571553675,55149.2025308953,51453.9222838858,32700
89760.9565978124,84954.8146686592,69470.758558699,55212.0175841948,51535.7066798661,32800
89858.5139801864,85024.5417879095,69549.4972178792,55274.6539293796,51596.8992577653,32900
89920.4104543948,85123.6174968035,69627.7056790371,55324.2624399622,51668.6803135502,33000
89980.4954497959,85194.3325445712,69707.9703520159,55387.9448731076,51740.4565960579,33100
90038.2863021871,85256.1126316451,69783.654257987,55448.5500791229,51811.8054673906,33200
90113.5367014036,85316.5849033038,69848.8370335985,55516.9881227701,51882.7276100236,33300
90192.5616193025,85376.2034501226,69912.6435800057,55581.5461666707,51953.2237054949,33400
90270.736787747,85434.9706554518,69984.4904514157,55652.3187496172,52023.2944344067,33500
90348.0644087047,85494.8081659954,70053.7469044502,55712.6789732475,52086.5681639416,33600
90424.546679361,85559.0722025065,70124.3536204299,55772.1734689414,52147.5632394768,33700
90505.4975281252,85622.5112588234,70202.5313984762,55839.2888911076,52208.1034806579,33800
90596.7826517848,85685.1275456079,70271.0118471702,55906.0099143492,52268.1896900185,33900
90680.7666418599,85755.3111026751,70335.2034832274,55971.6976960881,52327.8226688805,34000
90743.517624243,85826.8391079765,70404.7910005884,56036.2200672425,52387.0032173558,34100
90804.9811063852,85892.944976524,70469.7905908416,56101.0557135135,52445.7321343481,34200
90868.5986211384,85964.5181225605,70539.9569332567,56166.0825974724,52504.0102175546,34300
90939.0766807081,86047.1276143406,70601.2154026901,56224.8169265995,52561.8382634674,34400
91019.5859475512,86136.3530126942,70657.6198186403,56294.7146958798,52615.1228008985,34500
91082.2909515954,86212.7111583805,70714.2772106315,56358.9352326862,52653.7970619615,34600
91146.2547709159,86302.5873315913,70778.6034611704,56420.8089498317,52691.9623102759,34700
91214.6369352,86380.8922808021,70846.5803825914,56483.1418633201,52746.4070788201,34800
91282.1460580967,86458.2637809226,70907.7134045978,56540.6800825194,52804.7908351166,34900
91344.6827964135,86521.3938668657,70966.6273646891,56589.8332473062,52884.1487528173,35000
91397.9506598494,86574.1831289087,71025.0403329041,56655.7836132678,52954.1001937325,35100
91466.2364280774,86635.3736306289,71081.3742197265,56711.0394028392,53009.3157606422,35200
91541.822894735,86686.5776022941,71137.716503986,56771.7359483478,53067.2113031603,35300
91616.9784230891,86746.5053420968,71191.5950897562,56823.4701983506,53117.0262941412,35400
91695.1716502628,86802.2419498552,71263.4987976147,56874.7173680381,53179.506494472,35500
91769.5251448432,86854.914917163,71319.4528918002,56925.4783965899,53233.7712123052,35600
91831.3794857892,86905.6319839989,71378.4912179875,56989.395479138,53284.2523206181,35700
91875.2945388237,86948.9724095932,71426.812992438,57045.3072633863,53334.2889619773,35800
91940.8807984111,87010.4688140773,71490.5892994582,57095.7437454651,53383.8819387565,35900
92005.688625371,87068.3493344505,71558.277528156,57162.9534281732,53429.8361878239,36000
92069.7199743498,87111.7774143024,71608.5113347553,57207.8067181604,53479.7829747473,36100
92132.8508769564,87182.4424683334,71659.0622264353,57240.2079665748,53530.0068868392,36200
92194.9821798485,87247.4478542344,71713.5215053177,57273.6710920329,53576.8981081804,36300
92253.3014709427,87286.5055447416,71772.479276033,57315.9793738967,53624.4006734019,36400
92315.9326009334,87321.381429728,71819.5435986662,57362.7919163201,53671.4357756372,36500
92373.4135624013,87369.8515095097,71864.8414096427,57409.4465237046,53718.0330923006,36600
92431.6384074521,87419.2285459371,71917.2199184794,57463.4444078617,53764.1934146623,36700
92491.0803714786,87459.9983802579,71965.3011762554,57524.255671519,53809.9175327743,36800
92541.539518848,87506.322887146,72010.185449746,57582.3989550686,53856.3096066723,36900
92594.7229916462,87557.6182988199,72057.1683979895,57625.1931482829,53901.478792294,37000
92628.740250037,87593.887978345,72104.0027466719,57667.5109667301,53952.1234784751,37100
92661.8114906022,87629.6530380641,72149.1943198973,57709.3533457274,54001.5045909971,37200
92732.0718817072,87677.2957507046,72190.7970503495,57749.6595512487,54048.0090033874,37300
92801.2389638621,87736.7598094203,72237.5436273844,57791.8717089631,54100.5949771071,37400
92870.456766873,87791.8245465181,72271.2257323773,57835.2541199916,54149.2847238241,37500
92928.3513384665,87849.4681188977,72311.4004795167,57877.4731474147,54197.5633103281,37600
92980.5985961043,87898.0439158915,72359.8026891968,57924.463185005,54245.4314341041,37700
93032.1030139507,87951.6101047608,72407.2266589308,57961.3246231267,54292.8897916279,37800
93130.1107323967,87999.2438312598,72441.4207056392,58001.1389936683,54339.9390783671,37900
93186.7459702007,88033.1828040874,72492.806545316,58045.5222467748,54386.5799887829,38000
93240.0011173371,88064.1125237222,72522.2950520377,58094.0655937095,54405.3490976242,38100
93307.1176322516,88099.1885174242,72570.1380565737,58133.8936683515,54447.9245606288,38200
93345.0899139669,88139.6938776978,72606.9552098002,58161.468080251,54480.3982612599,38300
93381.5921841142,88189.6465046816,72656.569770711,58189.5076391104,54513.9363769393,38400
93418.5006810539,88227.5872624205,72703.3817209238,58242.5813417168,54560.1453088717,38500
93453.809291613,88272.9305761791,72748.2491180722,58265.6962672638,54599.5709861679,38600
93482.2315564223,88306.291306652,72790.9511950225,58289.7510756612,54643.5962486165,38700
93497.1795654002,88344.8465131237,72815.2023092925,58330.0419535701,54696.7930071793,38800
93539.3006609496,88381.5671759891,72853.8994098198,58374.5704019563,54737.100868092,38900
93580.6983015871,88422.9475972006,72884.9170659515,58432.5166776455,54776.769632219,39000
93618.5511335959,88450.2334956005,72917.7954114804,58482.0276268989,54816.1992382567,39100
93646.6488496774,88482.1232345422,72947.1465622204,58523.8634581715,54855.7767778285,39200
93659.5023316946,88501.49500948,72979.4611427089,58553.5059163066,54895.0891554202,39300
93693.3122940007,88548.7909079513,73012.4700019494,58585.1513574981,54947.091554184,39400
93696.83571496,88572.3772502122,73053.0713039815,58625.2306338597,54977.5593537986,39500
93715.1308568428,88597.4560963126,73087.438776125,58668.8490014735,55008.2203866348,39600
93759.1417536296,88620.4028155779,73112.8502763119,58713.1159511371,55046.9397706755,39700
93798.8221923665,88654.6589804738,73140.7595564362,58751.6254062974,55077.4304713172,39800
93806.871367205,88688.4492125654,73175.3655598571,58791.0976883502,55105.8019736317,39900
93806.8569081643,88715.0786672405,73204.3185159628,58833.6409930563,55138.4831636619,40000
93806.0804914332,88725.2999145915,73239.2455064317,58879.9238290996,55168.8141097835,40100
93804.5444835629,88737.2827961347,73271.2279842949,58909.6129632406,55205.1250447154,40200
93849.5348139349,88745.7317008454,73296.6512268862,58931.7566417822,55233.032708614,40300
93921.686240329,88757.9026727343,73319.2954521824,58972.9941116949,55255.7443639848,40400
93952.8272912148,88791.3661677489,73334.8941806955,59012.6441342361,55284.3748619521,40500
93977.0636914428,88823.899582649,73365.588396518,59040.480301627,55311.8486808505,40600
93984.7679577257,88850.6339366405,73400.7704536513,59067.0576478105,55339.1037401589,40700
94012.4421226529,88855.9657598377,73434.9389164066,59090.3784463523,55385.193976899,40800
94013.1166634215,88900.0419271291,73463.1303058822,59119.9538484099,55410.6075556103,40900
94015.8835225861,88942.3613354627,73492.6918725501,59148.9670084679,55435.6081666988,41000
94017.7423174708,88965.1391455365,73521.1659188672,59185.8541545104,55452.7331444522,41100
94046.9374695309,88983.3877410412,73547.9949191395,59212.7245334784,55476.7876273629,41200
94065.5510328606,88984.9798683446,73572.0650390111,59247.1578003249,55505.1394568758,41300
94091.1692798626,89024.4707237176,73600.3757495041,59290.8533169175,55531.4965341956,41400
94130.7256673032,89044.5836685319,73627.637633362,59319.5466476813,55554.4439958112,41500
94164.9004031918,89061.9637999263,73656.3956381656,59347.3459220861,55576.9831565611,41600
94191.7527785065,89079.3370636422,73676.0868307458,59379.8337727288,55599.1147898967,41700
94214.3780025747,89089.8512800546,73685.8731836631,59412.5954529612,55634.1253886046,41800
94240.2919110443,89111.4179790295,73696.5368428744,59436.1688588546,55653.7648352905,41900
94263.3837972455,89127.3929314288,73717.3714323085,59458.8342734469,55675.0022095067,42000
94271.5226905452,89116.3750080632,73730.7280476332,59479.9060510623,55709.9558076891,42100
94304.0307396275,89149.0818472173,73738.0098669553,59509.011744864,55745.2168628342,42200
94315.7624103079,89168.7505861861,73768.2631852617,59542.0849592883,55779.2851655382,42300
94340.6841107911,89169.4085589643,73787.3472539138,59568.5224910152,55812.9881337283,42400
94334.367489191,89172.4557155717,73810.5776534133,59594.9929076312,55830.3809791857,42500
94380.6475762277,89190.6381684737,73833.9043234468,59626.1276493046,55872.5540957151,42600
94404.7694487059,89208.8494378774,73854.5566065142,59660.0319639612,55906.403041927,42700
94402.2466345425,89220.4617069717,73867.6026618774,59680.1032601268,55925.5868779518,42800
94399.0436368303,89237.6672985248,73884.7770203262,59671.1250578913,55944.3751823815,42900
94395.1624111711,89257.1543928501,73902.586637997,59678.8659312834,55962.7686972782,43000
94390.6049086024,89279.0781175492,73907.204092128,59700.0872920287,55952.8298282586,43100
94391.9716902128,89296.4852178276,73926.9322724545,59735.8250024178,55971.38793185,43200
94437.9837613998,89305.1724595516,73955.061878494,59772.0693453805,55981.5767137571,43300
94442.8343874889,89314.3931543989,73963.7181360007,59787.4291570394,56012.2489354515,43400
94457.1441949619,89321.6507628048,73964.9891051082,59824.5798513674,56031.246140503,43500
94479.327902773,89345.5938845421,73975.484761731,59846.4042191474,56051.3173139043,43600
94500.893104167,89338.1261634974,73990.4996490271,59868.3945380304,56071.0596875697,43700
94518.1850320484,89345.6351827518,74007.4263238806,59887.4670284499,56090.4229301299,43800
94533.7704093177,89378.3633767586,74013.2912868469,59908.5407878675,56099.080430445,43900
94532.5602687838,89388.0672588993,74024.2826459577,59933.5197954626,56126.138899516,44000
94529.1868707514,89390.825733109,74031.3224914715,59951.2309274898,56145.4378184175,44100
94538.6230781751,89394.5353082742,74042.7538212395,59965.2316378095,56162.5427664035,44200
94557.212634203,89363.4424265496,74052.8703736489,59979.5546689559,56179.6665954886,44300
94573.608934975,89364.5061478112,74054.9863662198,60001.0417772912,56204.3940675636,44400
94565.6122544013,89376.7683489693,74077.9733926113,60014.6191549635,56234.6213556663,44500
94556.6567409398,89372.1173012356,74085.8666251965,60030.4877274594,56264.6174510932,44600
94545.2401568755,89362.6036094046,74092.5086086874,60037.7938172381,56296.0083864053,44700
94549.0231763638,89363.423073896,74106.4503842105,60048.6535161039,56326.1285244835,44800
94546.2421430039,89362.8880888018,74110.0256134335,60063.2847058009,56338.0306981749,44900
94561.2635362806,89363.5278640084,74110.427750109,60075.4291562825,56346.6278474878,45000
94569.9317514234,89360.3649078713,74107.5364695022,60093.5283433095,56354.8404947815,45100
94583.0763475389,89334.8566613344,74106.6125863385,60107.8695467011,56362.6693818977,45200
94587.4079653202,89322.8151676683,74110.8925371141,60111.2890323782,56370.2654729841,45300
94567.8216681654,89300.6552136561,74116.0300062291,60121.0022085014,56376.1731056142,45400
94538.4288576195,89277.1370467089,74119.0917408944,60131.6138544671,56370.8863030251,45500
94516.8743924484,89270.1621371298,74130.6325753993,60145.620171391,56367.2029557893,45600
94514.1983012978,89266.1359538322,74132.2582854707,60161.5372205614,56376.6068454898,45700
94511.5629410164,89274.7288996408,74124.9786257384,60170.869545451,56378.5359067493,45800
94501.2879281621,89263.2863229004,74133.1422296497,60178.4710843996,56376.2345384124,45900
94475.8361813159,89250.9505108297,74127.7711847782,60191.006599389,56393.0095015582,46000
94460.0613195701,89249.6358335936,74131.1150962182,60208.3263783306,56418.1815939031,46100
94473.1150599306,89251.945623107,74131.6822023109,60236.3996650145,56422.3669755764,46200
94433.6550723937,89245.0026954455,74121.703050804,60248.8909423003,56408.0794117055,46300
94418.4607687572,89243.7295121252,74112.3782960111,60245.5082647891,56369.3989006242,46400
94382.0071273153,89239.2204274594,74094.4706786449,60254.8741067404,56358.0541509352,46500
94343.9399102705,89237.9896065596,74099.7504296708,60271.9916824255,56362.6185030619,46600
94318.3952433267,89238.2637788773,74098.707745437,60270.018314475,56372.7916717411,46700
94286.4279944048,89230.283041984,74093.9944680795,60259.9972703589,56389.5027602963,46800
94258.960034024,89225.532958001,74084.8466955761,60240.9372342569,56406.0097145137,46900
94233.7431109468,89216.1803830358,74082.9999673585,60240.8781748276,56422.1780526078,47000
94207.1066374115,89198.3272661658,74079.2891422265,60235.1293852241,56412.4816598513,47100
94196.8624923324,89177.1797035695,74070.0229910584,60238.8807872957,56408.2909146234,47200
94213.98105846,89179.1076046245,74058.7852102337,60255.843195895,56394.6502032148,47300
94230.5647458745,89182.2846928419,74048.9384278004,60260.3383555826,56385.0601298143,47400
94220.4928266089,89180.4731779782,74036.9489595644,60275.5530450253,56376.9651608536,47500
94182.7261608675,89170.9035827695,74026.7435580003,60280.1640727439,56361.1624751075,47600
94159.7205297741,89142.4114347285,74022.9752356674,60270.3642228801,56381.5130352386,47700
94151.5809328755,89121.159381878,74023.3968216489,60269.6980387348,56366.1482497457,47800
94142.8516447395,89100.9113805507,74013.1266539129,60270.5644818712,56328.8679613615,47900
94133.5617958782,89066.6322472889,74015.0254268082,60272.1781381546,56342.4531914296,48000
94103.9398370417,89040.0442131754,74014.3768079359,60278.5933253899,56364.8989535553,48100
94069.622889633,89031.774175103,74008.9957035154,60292.3306581475,56382.2048814325,48200
94034.1377129235,89011.2298924283,73984.6994273735,60302.7743022508,56378.2327046525,48300
93997.8619317491,88978.6828074726,73964.037654261,60313.5756711019,56351.7656718037,48400
93961.0065734232,88957.5853326151,73951.0701558021,60323.7974001966,56331.903264762,48500
93923.0499733266,88938.6701494732,73940.7508460825,60318.4186735887,56331.269571504,48600
93883.7500226143,88937.7527663241,73926.2519528828,60301.1016618657,56333.5177152438,48700
93896.3721692197,88937.4922849853,73923.4925910549,60292.5820727638,56340.187107761,48800
93845.6055505462,88933.9987829623,73907.9254223271,60281.2558830546,56344.2591349066,48900
93795.9195923518,88913.8447576451,73897.5003163244,60285.5603178105,56336.0177590427,49000
93814.2629922746,88881.3346275233,73891.3928972489,60270.2614943828,56346.1988377681,49100
93819.5927859538,88866.575494813,73882.0802508812,60255.3578595372,56341.8690319336,49200
93777.6377283439,88836.505604121,73857.9456909779,60250.2363829913,56316.057320098,49300
93745.6333793692,88810.4354797418,73839.7133796055,60244.9313202066,56312.1789169701,49400
93717.1770112358,88785.0949363981,73824.3011992282,60241.7444852069,56298.3580221949,49500
93665.9611633567,88770.6111716514,73807.7499063404,60256.9133958338,56282.0441387381,49600
93640.1417718494,88734.5438173497,73799.5189836301,60265.2655303565,56283.2675779907,49700
93613.7828494392,88704.8725708996,73794.2218167902,60240.6518723585,56291.7673201514,49800
93577.703480727,88678.6732494147,73778.7108181134,60221.0146737905,56289.6808242531,49900
93539.6546207887,88649.5221242535,73771.0125082509,60219.7050044349,56283.976377381,50000
93514.6040995521,88617.0983219952,73760.6404492804,60212.7062296145,56277.1830049946,50100
93494.6643167219,88593.4538614693,73735.4846537006,60201.4082614497,56270.2246284084,50200
93473.5777108938,88571.3479780405,73690.6765467824,60201.4490328518,56237.5803856554,50300
93428.5643571252,88549.749645861,73670.084762688,60197.8702484325,56217.042220351,50400
93399.7347648555,88518.0782661566,73665.74276821,60190.6458927776,56186.5619644448,50500
93386.9383268367,88489.2316988764,73635.8207773969,60176.4472953541,56187.6528303554,50600
93373.6320372876,88466.9558865928,73600.1724597166,60163.917309935,56192.2904937574,50700
93357.8833952517,88434.6323621223,73572.5574950611,60150.301638166,56183.7146157519,50800
93283.1359102103,88395.930655341,73551.5160260495,60128.2831090944,56154.2864503156,50900
93220.0716953875,88350.0362677422,73529.5489352149,60127.1979866266,56124.6672552727,51000
93209.5280666564,88323.2887304988,73505.0519301228,60102.0785869232,56120.2796226072,51100
93152.5611081777,88296.8774736469,73479.6830391227,60077.6927342036,56118.9505757829,51200
93092.8372081273,88251.6762517759,73452.6594074517,60062.3844157012,56081.146825916,51300
93033.9109546861,88202.3131583192,73435.3256986763,60056.7677661394,56067.3039260761,51400
92985.4301688682,88159.5995972694,73417.7769147292,60053.1502662194,56063.9689231277,51500
92942.1774582852,88116.842373079,73392.6392720291,60025.4366152843,56052.3231291037,51600
92922.7398088784,88083.9430106935,73360.4082602616,60008.8491780743,56024.1982979313,51700
92876.7376272081,88050.8790783688,73329.7225008979,59987.5931339677,56003.5607671844,51800
92854.8917341984,87986.4222147743,73309.0059657872,59965.4943152331,55983.2118088442,51900
92829.1745417325,87977.4434538196,73289.8937965001,59926.9112835435,55966.3600263888,52000
92765.0188526948,87969.1584342899,73262.2484559145,59908.7668342405,55955.789571567,52100
92749.0128069965,87916.2584910438,73240.1781400972,59891.4131708348,55944.9076514222,52200
92710.4746345298,87868.1081597778,73222.7051775011,59864.5147875899,55933.7020268754,52300
92669.2459812219,87830.4947457166,73192.4826598433,59835.6081277068,55922.1732989156,52400
92627.0540378139,87800.264322872,73166.2783691954,59800.6419169358,55887.9933791323,52500
92575.4134599109,87766.0151979902,73151.0238486148,59767.1164294505,55867.364688082,52600
92518.0322118742,87734.6049242844,73114.5679482687,59731.1930713549,55849.4307775095,52700
92453.7723174133,87686.377285245,73075.726212205,59711.9091955101,55832.3733217171,52800
92386.4716405613,87631.5446853927,73034.2088417364,59685.154058905,55815.0763826899,52900
92318.6590640231,87545.819710876,73011.7102373043,59684.2596170789,55797.5956996405,53000
92253.7487086711,87496.2323842791,72970.7594819193,59669.6265487337,55779.9969459767,53100
92228.4007256175,87459.7344020413,72928.7420189758,59656.2995549183,55762.0742034719,53200
92173.349168574,87422.9959543257,72896.5366556699,59632.5931681401,55743.4574667304,53300
92105.8269275148,87387.354395942,72856.8920714542,59599.6014493389,55712.0063372506,53400
92065.7906068408,87346.3535328403,72820.9289424939,59582.0916217587,55688.7091673711,53500
92026.8888705985,87289.5796228742,72790.9981109315,59563.3489489961,55671.7581004948,53600
91987.4679049986,87224.6561668729,72763.1985477356,59531.1158597496,55655.6894315584,53700
91932.4591060387,87165.3359764439,72737.9276964188,59502.5155667746,55638.7160950282,53800
91890.7535807333,87109.626870508,72694.1046535185,59469.1594197061,55620.9449247365,53900
91831.2258237626,87056.0102505792,72657.5268213179,59448.9045591556,55603.1166614281,54000
91769.0897690407,86999.8166450434,72628.8684245685,59422.9092942927,55586.242543596,54100
91699.3708011078,86937.0386236526,72593.0552551567,59395.4853616658,55573.3128674121,54200
91649.5626488196,86888.2012722593,72547.7782654433,59377.5911240181,55541.9877691411,54300
91586.1403012755,86859.046559186,72508.9546235605,59338.8413643847,55514.9097771832,54400
91509.9029691241,86809.2549481825,72468.413442273,59299.9728442047,55486.7119750924,54500
91451.8836487503,86760.4409929488,72427.3458356552,59280.1409401229,55458.5388215215,54600
91397.2048722285,86715.5844644486,72384.1536029005,59256.2056151273,55445.1469410856,54700
91375.2928272381,86662.3192262738,72339.3848215317,59233.0396923129,55414.6958293302,54800
91351.4834674033,86610.0306551587,72308.1413210873,59199.3820254145,55368.0390476366,54900
91315.1206965543,86563.6908726408,72272.923611816,59155.858847449,55326.4935330007,55000
91261.1015618381,86513.3061162528,72238.9294174853,59107.7647100772,55324.4364695724,55100
91195.8193857118,86467.4094476496,72197.2235675441,59074.2559899852,55322.3917918354,55200
91133.4458244594,86395.6387449783,72162.3885511908,59043.4481968005,55300.5397484982,55300
91084.1960379242,86337.9272073801,72125.4322338488,59016.7321942998,55258.7753265867,55400
91062.6186566656,86269.1833479255,72085.1937903118,58999.8423026628,55243.31307157,55500
91004.0783535107,86231.8763157521,72053.0324909903,58954.9017307011,55217.9996328661,55600
90925.7235271639,86185.431548562,72017.2390126916,58904.2268408939,55197.6943542894,55700
90851.452699718,86120.2344609198,71981.6110530019,58887.3674274442,55176.6473826672,55800
90779.0790261994,86055.626284274,71941.6939628216,58842.2121272095,55132.1725196576,55900
90728.5493624045,85986.5439159951,71903.8098461811,58811.0637215526,55095.7529372077,56000
90681.653608889,85925.0389765866,71860.2429685466,58754.3383349313,55065.2409655065,56100
90633.2916939204,85860.0663540076,71818.3116075497,58703.8932409782,55033.470397684,56200
90634.6620013331,85814.8248817446,71781.6135362777,58666.6491218765,54999.6498830454,56300
90575.3457207148,85758.5288712847,71748.0781661667,58622.5207314845,54968.7057258295,56400
90506.8565332174,85708.5472770416,71712.2778038298,58595.2652778743,54929.6314843128,56500
90436.1405176137,85639.7118551234,71674.6519296472,58548.2438906911,54896.1521756719,56600
90378.2278011047,85572.9800524055,71628.7740096642,58505.3276856707,54856.8676984999,56700
90326.9222036812,85546.9521214876,71571.5881528656,58489.1868047225,54826.0982726186,56800
90273.7558268046,85491.2110625706,71527.9303861868,58472.7500246507,54789.5749940947,56900
90213.0254109097,85435.0439011483,71483.2787916973,58417.3720293081,54770.2192206753,57000
90165.9948118601,85376.2528119406,71425.3805555937,58368.8387214253,54715.2638192248,57100
90132.0587651722,85309.6127876033,71382.1992099265,58333.0738511433,54666.7035988417,57200
90088.7607213224,85261.0031857344,71332.6022466185,58301.3121206738,54625.1356789185,57300
90041.9194277781,85237.2622625675,71281.5828525321,58281.9686975209,54583.257209495,57400
89963.2776219246,85181.6774202163,71229.3304306847,58234.759193396,54541.0688631498,57500
89897.3087116334,85111.9335818507,71183.40169964,58186.5017793641,54498.5713112808,57600
89864.3044302439,85070.2815027285,71145.3413525795,58149.6787743886,54455.3599537634,57700
89819.2698683893,85028.6966484814,71105.2164430491,58109.7900820291,54425.2885956388,57800
89739.635662329,84981.2553018135,71062.4519072895,58072.2604298125,54406.3186364205,57900
89703.1895650452,84912.0721388963,71018.7829735852,58043.4323300611,54371.8206808227,58000
89621.5257128938,84859.8130048856,70953.0795437451,58003.6306030601,54328.3200596331,58100
89583.7074876149,84792.1095109227,70896.0394452767,57954.8971372075,54275.1536443884,58200
89541.8873787183,84726.2391091528,70837.4381174068,57905.9332758521,54236.5167506204,58300
89489.4866685049,84673.9220499977,70787.3992995982,57858.2780291026,54209.7713334118,58400
89414.760130402,84618.2653582114,70734.9480278387,57809.4858313039,54154.0306697795,58500
89339.3348286374,84555.2158931315,70690.6325630553,57757.8726571993,54122.7992068758,58600
89263.4827673397,84504.7359940377,70640.969004326,57727.8265273042,54059.6965107949,58700
89194.1905417173,84451.3946129956,70586.0896034801,57711.0846137635,54020.4461956926,58800
89120.0629638566,84390.7676258632,70540.00336996,57663.5979019521,53971.185993332,58900
89032.9008426436,84313.7112730057,70493.5663730257,57605.7449388225,53928.5476597289,59000
88953.0810016576,84268.1356970442,70446.5082360641,57547.6304242931,53867.7792963655,59100
88878.4956930642,84195.0603801803,70390.6557546341,57492.6876305601,53805.7517228633,59200
88817.4915394236,84137.0653328125,70344.9711450612,57455.8330614084,53747.0170559563,59300
88743.8313103241,84039.8254710031,70292.8044485605,57427.9609878467,53699.6269364037,59400
88683.9034270046,83971.212193866,70246.3698371175,57402.9279300818,53662.040328754,59500
88622.4838909957,83925.2762270553,70183.6073131445,57359.2005100963,53606.5282235478,59600
88559.6620053087,83900.962676724,70126.0002676479,57304.7423424187,53565.9378720026,59700
88497.344003365,83855.7601167299,70074.5246046644,57257.6386560477,53527.4843297528,59800
88434.6235635089,83801.9160707099,70019.5772917549,57199.913505813,53488.9235238398,59900
88375.2001172381,83743.039147082,69977.6114130005,57135.6308865027,53461.0508597729,60000
88340.9875576618,83683.1723311213,69910.9174426084,57097.5680101653,53411.4195864933,60100
88285.4263297263,83626.1991648836,69849.567778334,57044.645558786,53376.0170843825,60200
88235.0773691139,83560.8629560816,69788.5215061109,56985.5518019619,53331.8187351743,60300
88180.6700406404,83502.819580623,69730.0742705991,56935.7424370737,53291.1603943114,60400
88114.4161947392,83439.8732779826,69676.8993301574,56898.5505415798,53250.2271511077,60500
88057.7806620201,83399.9988201494,69614.1095284737,56856.2430444352,53210.4112011249,60600
88004.8970533998,83327.7942300843,69556.4952731697,56834.945157259,53163.0261454196,60700
87950.5169920641,83280.8060576081,69496.0094276722,56792.0945946429,53111.3462608778,60800
87897.5025894784,83186.5099993049,69441.9179684684,56748.633618677,53057.1251128893,60900
87843.6718881744,83120.7255724335,69384.2103994518,56695.3210663108,53001.6576043439,61000
87786.8118965354,83052.4940129007,69334.970616444,56656.213062903,52946.2775967988,61100
87710.9436193851,82977.1334160287,69269.0985442562,56598.9356092306,52888.5343509694,61200
87608.1708488607,82914.9381783505,69204.5562219567,56557.7091915679,52831.373884351,61300
87533.769312474,82857.534611651,69153.9888954738,56512.3369174928,52775.4572381863,61400
87465.5455721717,82788.6544071251,69094.736107011,56460.7607243508,52719.2548244462,61500
87411.5391085258,82731.8427708777,69032.8997550316,56398.8839940851,52680.0848280536,61600
87327.5801068409,82649.5050460843,68973.2542083332,56333.0180802477,52626.9753896648,61700
87237.0529384468,82566.7663991197,68915.9186677623,56277.2654695739,52563.312756483,61800
87146.1361324158,82494.9555034076,68844.9267130081,56221.4983544293,52511.7661160318,61900
87070.6566904498,82438.4712431347,68786.1031312908,56183.0035841885,52473.7347906368,62000
86967.9129580154,82357.9755546643,68722.3050593312,56124.0296905801,52440.9660099205,62100
86891.8758889267,82305.331427544,68657.2339272065,56063.5106529327,52382.260667822,62200
86816.8152979428,82217.5706889195,68591.1347845029,56009.162593903,52321.1592296925,62300
86741.4651553185,82140.0383789509,68526.1802240654,55942.9587860696,52271.6970866397,62400
86666.2414520338,82041.2247040551,68456.3798356678,55888.0255159888,52207.1089065091,62500
86590.55917766,81963.2040394499,68397.2854715975,55821.76472417,52140.0806390204,62600
86503.7360829067,81875.418508848,68313.7146845139,55741.2209046773,52078.0279205449,62700
86441.2563513192,81797.0990255295,68256.4869936265,55700.2307583107,52007.4257178912,62800
86377.7566772846,81725.3027647852,68195.6326530137,55629.2573288348,51954.6666002718,62900
86284.4763992546,81678.1738185622,68130.7190367638,55557.8424213164,51909.3556093012,63000
86228.7092651964,81615.4880230531,68057.2780881014,55493.8723951085,51867.7148819895,63100
86142.4755824973,81525.0009683437,67982.9123354698,55443.9174670975,51800.9052045094,63200
86077.8686153854,81461.8995578281,67922.1354039777,55398.3210887956,51759.1872531241,63300
85981.3324517837,81393.1968275181,67863.8796840205,55342.767971397,51719.6327699973,63400
85925.8110009517,81348.7120999846,67792.487601757,55279.1241469184,51680.5150544489,63500
85844.1437278169,81270.1170039959,67714.9127923836,55212.3365068306,51632.6474477801,63600
85756.7645510834,81174.170523222,67656.3726370362,55144.3746059413,51585.3349171013,63700
85669.6988944612,81077.8671210117,67595.3976582152,55084.9247823246,51523.9941869297,63800
85599.1120888722,80992.1098827728,67536.9262375688,55045.4554031407,51462.3830833273,63900
85534.7950941107,80903.8566900728,67450.1678299101,54975.8996521408,51399.8367919289,64000
85460.8192909189,80806.1022521237,67371.2705932432,54903.6154171656,51358.3973744606,64100
85410.0554981147,80729.4957832622,67304.8768700761,54830.239371974,51298.9714080184,64200
85316.3614960466,80624.0589914774,67243.467222843,54754.4943714004,51227.7741976598,64300
85255.1733375443,80528.366683957,67180.557773576,54681.026491584,51156.3046793496,64400
85176.2979196612,80430.2057372552,67113.1003299693,54620.2409939919,51084.7054772369,64500
85105.2248805372,80341.6315859982,67051.8789573281,54574.1385422398,51028.6975721191,64600
85013.046192767,80251.2796266439,66988.1393268812,54522.5934802768,50973.8849501926,64700
84921.732190497,80219.3294349294,66912.3455626234,54467.8191608663,50892.5628432865,64800
84835.0806805789,80154.2923004603,66851.310281762,54413.0517552261,50817.2896582094,64900
84740.5756840384,80064.9891025107,66767.9787720392,54352.5907588846,50761.3321020202,65000
84656.019858179,79963.4489054357,66705.0097146141,54266.7697357457,50714.2183839386,65100
84561.5941340167,79891.2956726444,66634.3885490229,54211.4291478765,50625.895782042,65200
84451.8582763525,79819.1263154309,66557.9469843228,54159.7357126261,50561.9161965584,65300
84364.9381706199,79741.3714103183,66483.8587943424,54107.0199679113,50506.048396848,65400
84281.8446490162,79683.2135546599,66414.8575223116,54032.2000606688,50440.1713267901,65500
84216.7839708916,79595.373487205,66336.4165687939,53969.1353404508,50395.5339108693,65600
84113.9922959232,79506.6756272454,66255.7727351544,53890.9567647327,50333.2709130436,65700
84035.157555429,79389.5358497139,66171.3487270913,53834.2305243051,50266.2269036749,65800
83956.2407909641,79269.9844957369,66089.610604473,53752.0705149355,50188.4598396829,65900
83886.0324199898,79196.74085737,66020.2267158013,53671.1497410738,50136.8341906342,66000
83776.0245042342,79131.2578516434,65942.9450268543,53622.7555739694,50100.0815553697,66100
83698.0969995289,79040.5734225893,65868.2009474587,53555.3703743502,50060.5813872519,66200
83644.8761804576,78985.3151973521,65782.3831043387,53489.2191937592,49990.7216634115,66300
83575.9387526729,78902.991120666,65696.3673956012,53436.8446416133,49915.4343808076,66400
83488.1807485223,78785.8532699017,65609.3246417556,53363.7232449996,49835.0110546837,66500
83432.6122285785,78704.8350892691,65523.6451393994,53264.3245521183,49757.0490519923,66600
83353.495314953,78638.1128072811,65439.8988250763,53171.7748930874,49692.8402705004,66700
83291.0541649736,78564.8180182779,65366.3036625678,53102.2111629784,49620.8449084868,66800
83201.3271175508,78490.1529508538,65293.9404996994,53043.598721786,49539.8189047938,66900
83136.9993304047,78384.7627336525,65227.4707751353,52987.6192652262,49459.7807571811,67000
83042.5525662722,78282.6109720409,65149.8677583937,52912.8813112703,49396.1927323092,67100
82961.1097455101,78195.9566551863,65082.0016645359,52847.7512055463,49342.5305240959,67200
82841.655111743,78118.4603819389,65018.5249119015,52767.9214526217,49285.7632335982,67300
82727.3277562461,78041.166804252,64928.6250735603,52702.0945272289,49196.4753467301,67400
82637.2282526104,77942.5016427657,64855.6224712932,52597.53594056,49131.2689800442,67500
82556.1742746826,77827.9036818916,64770.0670691408,52516.0679624453,49061.8043983442,67600
82431.1709558573,77727.8924300245,64689.4681508606,52451.9923082017,48996.250743623,67700
82354.5071268571,77635.8497025667,64615.3294701689,52382.3746162888,48897.7409346322,67800
82278.3158662213,77528.1285387819,64536.4880438538,52312.1707657171,48815.9866703339,67900
82207.6413108234,77419.5218820824,64434.392494919,52261.0691040614,48736.6491181413,68000
82112.8988089149,77309.9702726636,64336.4603758191,52189.2795079457,48663.0635654181,68100
82011.9262255073,77219.1115716741,64241.2149204742,52114.6901560758,48593.7922845892,68200
81907.8920656827,77128.4068365333,64164.7688725954,52038.3068010178,48527.4012886437,68300
81807.8588610471,77026.4599556438,64063.7685711142,51963.7702264779,48467.3170672276,68400
81734.1414665826,76964.9665030476,63984.1209864363,51897.5208544654,48401.5943328929,68500
81650.2364447161,76879.0310801402,63902.8162399304,51835.1744081884,48335.6324414778,68600
81544.1178835946,76777.9813303643,63821.0649403932,51765.7485512507,48273.1778720281,68700
81480.0357093595,76703.5920730513,63730.3650788856,51675.459530344,48205.6677554822,68800
81368.0785324218,76602.8639803302,63640.5155736467,51590.2622889978,48136.3169354457,68900
81242.2708857581,76528.9147472376,63559.5878318923,51505.8397866576,48069.4035220696,69000
81140.7967186759,76444.8113779147,63455.87863446,51438.5171826733,48002.253500463,69100
81070.1400204599,76372.9240048887,63371.7297750806,51374.0039622965,47934.9026524568,69200
80965.5349695841,76303.8375187329,63278.0061481054,51302.263584057,47858.0092889591,69300
80855.5047300491,76190.7963633395,63202.114495467,51229.7398781532,47777.6526494735,69400
80792.7731781042,76102.0049632426,63110.6083330419,51141.346974959,47698.0495632716,69500
80749.2826101289,76048.9904200405,63030.4515768132,51075.8605062832,47617.836489099,69600
80702.0553719723,75964.3851439081,62940.5296207027,50999.2884773381,47538.7697451818,69700
80613.9280682565,75899.6785491037,62853.2191945272,50917.3190819498,47442.2477036824,69800
80518.7389371772,75828.4282318271,62768.7060088313,50838.2238916073,47364.8695016836,69900
80414.2211852683,75736.5088538422,62681.3500893498,50722.7659483886,47286.9170155199,70000
80348.3128230127,75644.2924933902,62602.1284566009,50648.6104226759,47194.3161709346,70100
80296.3444284305,75565.6533630798,62507.7526810029,50569.1153556538,47119.680398356,70200
80187.6423907202,75484.6830257075,62416.3744191994,50476.3245962152,47027.9742677499,70300
80071.4242137336,75383.8830654657,62324.0849766155,50389.2945428766,46949.676292721,70400
79955.9376451603,75299.7436493007,62240.9801017332,50313.7960714961,46849.4940436994,70500
79838.4864045151,75220.4675146992,62142.7446092004,50222.9171037509,46781.2136847577,70600
79721.101718593,75130.9046193187,62051.1668090402,50139.4609971042,46707.0512953314,70700
79626.1153649995,75039.929705466,61973.2520930581,50051.287145567,46617.0648676974,70800
79531.8950603987,74947.7807570991,61874.4533089936,49971.6522680351,46534.3623985381,70900
79455.285878464,74860.7736770047,61772.4166151783,49893.8622659459,46472.1494502535,71000
79372.4206839824,74767.5761726817,61679.5197990511,49822.5780375601,46398.4401121017,71100
79285.7617250204,74672.350252655,61597.7753527718,49729.6131595972,46317.0182131574,71200
79177.8375312813,74582.8983012564,61506.2260872768,49630.7834893846,46244.6114274788,71300
79096.8545359505,74509.7841598256,61413.8222195791,49532.6661153099,46159.7044505516,71400
79006.4671035244,74401.7235509916,61323.919886571,49453.4750678409,46090.3661163165,71500
78931.0686216256,74313.5361814753,61240.166630501,49385.5510380835,45997.3333622296,71600
78825.4781187892,74228.4844743923,61153.0888307104,49311.5606608508,45881.1078674284,71700
78719.750507365,74111.7654188542,61055.0251188813,49227.7121911066,45799.2610644807,71800
78608.5083983742,74019.6870075299,60963.3089957218,49136.7700663045,45733.4736481408,71900
78496.6201747184,73911.3494336635,60862.7677045252,49020.1483344192,45637.3858386902,72000
78412.9027430956,73800.2634457967,60777.2712149284,48946.9887864517,45550.4272789115,72100
78333.1482181595,73702.3455763391,60698.1018847154,48837.24891513,45447.635741111,72200
78252.8900418187,73616.7586003229,60622.2757843327,48749.6489532742,45364.0550287163,72300
78200.9357032643,73514.4312748385,60534.6129583962,48662.5226030189,45280.5086595192,72400
78107.2890818931,73416.6659198302,60449.8129007205,48568.3703435691,45212.8839358118,72500
77977.6524756231,73313.000116931,60347.4352826033,48477.0532219232,45134.4629406805,72600
77846.2671406767,73221.2656634416,60232.0668641856,48382.1004720268,45036.5454561067,72700
77715.3379595951,73145.04144692,60132.6825692938,48275.6650894007,44960.2774400865,72800
77606.8625261864,73049.531889304,60045.6657943793,48179.5731431545,44880.0045433814,72900
77524.4981523069,72966.1757744654,59933.172769965,48081.2465492914,44786.6537471005,73000
77381.7944919624,72877.5833651622,59843.5830575205,47966.6769569153,44696.6982280051,73100
77281.7377042049,72772.2435627664,59751.6141644273,47876.3619685567,44604.0552254697,73200
77169.6770025383,72669.0519559383,59652.7338565475,47785.1606077679,44516.1620827185,73300
77049.1388478485,72567.4252140247,59567.7471569225,47710.3075126045,44428.6714445178,73400
76919.1858643342,72447.3791627801,59475.3441855537,47608.972492373,44339.7749208502,73500
76785.2305424362,72325.8481160642,59362.5694241029,47509.1382689076,44251.1307520143,73600
76688.2147108143,72216.5052695421,59263.8596376342,47426.3361672579,44162.2700979731,73700
76569.6936188877,72093.4338561406,59170.3222047835,47337.5515598598,44064.5048472447,73800
76504.8766216774,71999.2629472913,59077.8406792607,47234.5305994522,43973.9409424007,73900
76416.2570886819,71900.941850377,58994.2750121006,47116.0377207679,43886.3956585739,74000
76341.3833896355,71798.1027449373,58901.4761295891,47013.3616887595,43770.8581084497,74100
76235.6319810057,71697.0261668334,58798.7960640641,46941.6192308321,43662.7525799001,74200
76156.944398732,71593.5460628636,58691.1744854198,46822.9109515653,43559.8796784641,74300
76093.0669160581,71488.419074955,58577.3251775902,46723.3558462907,43460.630416068,74400
75996.0171004222,71368.7868066122,58480.3830786027,46622.7973754995,43373.6483742364,74500
75865.0556210929,71275.6810245138,58389.4174767785,46519.0157470605,43287.6387028976,74600
75734.6347729924,71201.180042404,58279.1890149508,46391.408761452,43201.6363513944,74700
75625.4332387145,71103.5133342232,58173.1375609417,46300.9203229197,43137.5289697428,74800
75503.9773358564,71009.7369278654,58074.6672990192,46218.0656394315,43056.8653761468,74900
75378.0291227293,70934.1775107916,57967.1139451745,46133.7939396808,42964.058439074,75000
75280.5735505696,70839.251826001,57880.1065098691,46020.9184880261,42865.919307137,75100
75138.1726966754,70739.6440917147,57770.8425624983,45895.2262883955,42772.5920261828,75200
75029.333904416,70638.2162364217,57671.8919903945,45816.1936712376,42679.8523595224,75300
74924.5030411976,70537.0484479665,57562.7413006602,45750.3087996899,42590.7431593867,75400
74855.5909201771,70439.8095394384,57466.0214236172,45673.9748390684,42502.2071595541,75500
74798.8953438929,70335.8999475107,57363.0560248129,45566.912968241,42410.3395123094,75600
74707.6759329909,70233.4043902461,57253.7831625974,45479.6438997438,42325.3794705491,75700
74610.6401655491,70130.2981814034,57165.0996679223,45401.2018359089,42235.9285552026,75800
74513.5182923154,70002.019521083,57069.8662475909,45300.4915666283,42155.1170517639,75900
74402.6664933657,69882.7835776266,56969.175670052,45177.2978299051,42061.7206496959,76000
74292.0722010383,69779.4728615438,56874.5153417997,45065.4347018405,41967.275064337,76100
74177.4724468679,69676.4860909865,56763.8186242518,44993.9177925045,41871.9247199507,76200
74089.7604632681,69559.4610992842,56650.0458744908,44878.7236512932,41758.3340582245,76300
74003.0525489429,69453.4442292204,56546.2159218982,44796.5447078274,41643.0068323393,76400
73915.3324180946,69347.374119153,56439.513256112,44695.8016037248,41549.3432554177,76500
73827.3562874529,69238.250246432,56334.8666281289,44609.1033425419,41477.0731822133,76600
73729.2143336012,69141.0948595827,56253.1815158299,44491.8611063508,41366.6220415745,76700
73614.8105284295,69039.1955884277,56153.36696154,44381.6577448316,41255.971234385,76800
73481.1670790749,68947.5398382941,56049.9020002676,44270.0536425274,41156.5459175828,76900
73350.036335969,68850.5562533551,55948.1546241466,44171.1861437136,41059.2543676004,77000
73250.0616839202,68751.3996530249,55845.8275063536,44057.4697508331,40945.4198480615,77100
73149.8344586297,68653.0257351794,55745.2072061444,43957.5860510373,40856.8316395858,77200
73044.8128794562,68535.5299422223,55634.1987514474,43854.084249628,40766.97861562,77300
72924.8128716816,68416.6772713763,55526.560553772,43772.477232297,40668.9892706352,77400
72777.6597783583,68310.2107841126,55415.3718507462,43663.9815683224,40577.4616504501,77500
72636.5824967875,68229.891653251,55326.2177225238,43562.1406352682,40471.5767433444,77600
72530.7210053633,68135.6278796804,55222.1656158677,43459.038270777,40360.5586092962,77700
72433.4845670189,68050.010921779,55119.2752100849,43341.1721348588,40254.8850434938,77800
72357.4296196903,67946.3703017652,55010.8874888859,43249.2512960301,40152.9961855811,77900
72255.8787157392,67838.8777811358,54902.7581544456,43149.1544880598,40053.2127529385,78000
72130.3803328982,67735.4756321957,54803.7178174725,43043.3476157753,39936.050211223,78100
72003.7859413817,67613.2110507094,54695.2019044308,42937.5058320097,39835.6471226221,78200
71878.1090916696,67499.2759312236,54583.5169152907,42831.5537169726,39721.9459762806,78300
71749.6513698862,67379.1288130744,54475.8669060113,42713.4884386405,39601.0960313539,78400
71624.1727754092,67275.7461065302,54375.0899604897,42616.2564688538,39495.1379567636,78500
71496.5810926597,67178.4620525589,54268.1857284465,42515.0449942183,39380.2828111841,78600
71368.7515790641,67096.9307492156,54174.5760014622,42411.3303362385,39266.8299705189,78700
71252.0530566075,66969.9722631255,54061.7741421804,42305.5721998169,39151.3594252885,78800
71161.8172350171,66874.6445072357,53960.2953732874,42194.8787135316,39040.3768340519,78900
71077.0356590019,66760.3632950191,53850.4369256702,42094.9112645103,38942.4688226063,79000
70992.0151460421,66621.6323604615,53722.8075615092,41986.5623504854,38831.3454156015,79100
70927.3606432174,66483.188648535,53610.9561388616,41875.6656034629,38711.6113178094,79200
70821.2594519624,66396.8500096585,53491.4714739141,41748.5257122454,38621.5641602785,79300
70735.5253398704,66302.6900450588,53373.8889546169,41643.6287203663,38512.0600986939,79400
70649.5544288923,66194.2260822856,53260.8577338283,41529.5798415775,38400.3520715682,79500
70562.2486298301,66082.9478978066,53134.9625730692,41407.7425427886,38288.4586816998,79600
70475.2540396192,65975.6255243594,53024.9376189729,41311.7728359747,38176.3804537355,79700
70388.348708079,65853.5068978064,52905.4634765263,41202.8618949111,38054.2321436319,79800
70300.1546154049,65742.7741780549,52788.5391613142,41073.7491431056,37934.4900895687,79900
70207.4249979747,65610.1353904044,52678.9516584557,40969.7727510588,37802.6603089278,80000
70124.9920798228,65490.6840458516,52567.4229031225,40870.6253886335,37689.9319470692,80100
70035.2047529525,65371.9720142114,52450.9067782977,40757.3500188222,37566.6393954172,80200
69918.0179304857,65252.3459542803,52340.1872861591,40615.7017571313,37442.3721465253,80300
69851.0039660128,65134.81772888,52223.5499246007,40504.3974930991,37304.1367287157,80400
69730.7390385019,65017.314885425,52116.4225798075,40378.4585626461,37225.3769212975,80500
69609.1688047403,64916.9340390222,52000.6618498859,40272.4815909505,37115.8767394288,80600
69439.571578606,64821.0403431853,51888.2556070046,40142.0090996402,37001.7644773534,80700
69341.4325170407,64719.2277517783,51774.0802237933,40035.1043383521,36892.5300434261,80800
69241.9277663217,64624.9082517518,51662.199010684,39918.9824413539,36778.5868487276,80900
69125.3407068424,64537.9887765956,51540.3271163758,39825.3416122253,36674.972341749,81000
69026.1996537986,64448.5633155696,51421.6252489133,39732.2580834182,36571.1786598668,81100
68920.3843648717,64341.9894362864,51312.3405206094,39596.5671073591,36442.266675024,81200
68812.9415942354,64210.1145223204,51203.1696279224,39483.0230801468,36312.1155537266,81300
68718.9406007631,64106.9126983868,51098.7554800794,39386.3760440022,36214.371516182,81400
68624.0469066911,64002.2600884337,50990.6330408126,39273.6816336121,36111.6401655988,81500
68526.6689137986,63939.6258575946,50872.7801650175,39197.1337396395,35992.8363210727,81600
68427.0696729852,63794.9806162206,50770.3790795995,39084.871953747,35873.8734355802,81700
68329.8115040728,63708.4912780513,50654.7295625061,38975.0545008475,35753.7996745379,81800
68227.3960861137,63596.7085970325,50527.253243578,38861.4828367328,35632.8283098838,81900
68097.9378751612,63453.9349502463,50423.1231394469,38729.7265099487,35513.1402356921,82000
67966.9036724371,63326.8864850689,50301.7239951008,38614.077664625,35395.6792206752,82100
67851.3435964518,63200.9123398716,50204.1732310983,38502.6461620628,35271.1660488965,82200
67714.4195825116,63068.4478750029,50079.6634321039,38392.8447562581,35156.8408583201,82300
67630.3552155721,62946.6793824944,49946.0092844088,38261.7232091734,35030.013594274,82400
67509.3236182572,62853.9012160018,49835.8589167694,38131.4197946667,34908.8873867971,82500
67358.9251488943,62733.4312375874,49714.44101749,38025.7623878747,34787.7721329487,82600
67224.4914410013,62643.0729147865,49597.4550070281,37912.9308898308,34672.9197610984,82700
67108.166485614,62516.1159833972,49477.3267617026,37809.5372131696,34574.6395058208,82800
66993.460494682,62386.8090071657,49368.1659466273,37701.2312314397,34446.6810921691,82900
66884.730536394,62278.6958054692,49249.0384372638,37577.8491905308,34307.8638393955,83000
66741.7988863919,62163.6882623287,49126.6491609242,37465.0090678462,34208.6303356993,83100
66632.8358967393,62047.626954491,49001.7507659666,37336.9048637374,34113.417215374,83200
66530.6517831785,61926.9281296701,48885.0498311841,37223.2324087776,34002.4322483797,83300
66421.444163881,61812.1221238321,48768.6279051639,37116.6643767082,33885.5494683312,83400
66297.7154299098,61709.3618940184,48673.8827943057,37001.8020724543,33784.9973086344,83500
66209.2362905318,61625.7461903673,48569.5273719976,36884.6930466156,33666.5193390208,83600
66120.3758882842,61521.511421299,48458.0953870038,36760.9240597322,33549.1735142098,83700
66014.3273988169,61417.5938258008,48330.9606377251,36640.8000841682,33428.0475816812,83800
65914.9695716549,61296.7698645639,48205.1685022272,36515.7941674294,33310.6973195649,83900
65809.4787279244,61180.8051128131,48072.0478949897,36391.5798600572,33191.2140329061,84000
65678.8021953327,61074.3647460507,47949.8549013622,36259.6972135212,33066.8799990041,84100
65603.9429498494,60950.3865652828,47825.9030967426,36124.2828613444,32948.9965550273,84200
65453.4227682593,60823.5958226213,47707.9672348214,35996.9608564936,32815.7255751313,84300
65347.6278466795,60706.3827989887,47575.3890461929,35891.0797114674,32693.5046230167,84400
65226.9776851295,60571.7295045728,47456.2647991369,35772.5265777702,32567.4111979375,84500
65096.7683451071,60482.7436292796,47338.9100984595,35650.7631377487,32420.3616834677,84600
65000.718485981,60355.0264812502,47223.1595144989,35507.7254224797,32320.7448236174,84700
64924.2959202909,60241.1341953541,47108.4170796387,35381.4243318749,32203.5860381113,84800
64809.1465748568,60152.1345816609,46986.2542546219,35276.0340816231,32105.6187602114,84900
64700.3047489094,60068.2970628967,46868.8219413873,35143.5645464525,31967.9262200036,85000
64581.9949609279,59938.9940092677,46757.8417213547,34998.2533872187,31833.0574130226,85100
64501.2209534808,59822.6233004205,46620.9999172791,34869.3043773757,31706.9416576766,85200
64367.5734397191,59683.0552891051,46493.4875428144,34752.1827316649,31584.2989701263,85300
64216.2613791166,59561.6982271155,46367.3462962863,34630.7239650393,31462.5424540663,85400
64097.3181840066,59431.6440191494,46252.299101541,34507.9511876031,31339.1601126839,85500
63986.6147259016,59313.8493254307,46128.6352023783,34385.1005026449,31215.622689453,85600
63879.9522517685,59181.7769680588,45989.7748762431,34254.8270338362,31098.225952554,85700
63782.2865718375,59061.8092890469,45853.7592054299,34131.6090579669,30982.9569912796,85800
63666.9515586312,58912.7028580459,45729.3594772668,34032.2703551873,30868.4513792842,85900
63550.8559883753,58821.9427857943,45606.4357083675,33908.3485933756,30764.2509562535,86000
63440.3908422309,58691.4698847659,45489.9102031384,33760.2471610675,30641.7631465884,86100
63292.288065065,58590.0439370151,45372.5905553395,33605.590780438,30518.3623453911,86200
63199.2209416066,58487.1501807988,45232.5598956398,33489.1658047248,30394.6080968517,86300
63079.0825733496,58378.8427674608,45121.9759146635,33371.3672522454,30267.4009857876,86400
62985.3778775967,58242.1165050692,44996.0349491446,33268.2573414332,30142.5744512505,86500
62867.6767506109,58084.6118333045,44884.9424108475,33140.844936969,30026.2274919093,86600
62759.6578946328,57961.058630706,44771.4765452632,33026.6886766406,29900.431841696,86700
62628.9120062067,57869.8149864591,44643.9618046888,32908.9460227354,29764.0053895778,86800
62495.7510509344,57768.8725006112,44514.1481121786,32782.745370281,29622.0137278169,86900
62367.5363326865,57634.6750781016,44383.1516079461,32656.4098902043,29503.3810869242,87000
62305.0279200727,57519.4203597371,44255.5000103575,32541.2178710008,29371.1835267084,87100
62166.7231679241,57420.2259425229,44131.4898523622,32417.1413946177,29237.2664776256,87200
62077.2120614095,57290.1866512768,44017.5302349119,32294.1044727644,29098.6756020121,87300
61923.6870215843,57160.71173679,43888.0537962491,32163.0617607482,28971.9397612678,87400
61786.8999955917,57044.9259321154,43776.7000371353,32035.9944090783,28856.9442060157,87500
61663.2745310076,56918.3949740792,43656.5733756172,31904.6575993048,28736.6557932559,87600
61542.0541467135,56794.3560718907,43522.2937267897,31782.6012895803,28625.3425836854,87700
61419.6404762748,56678.4171858613,43404.3530837051,31640.4304638123,28493.5546252265,87800
61305.0230366609,56603.0945765641,43270.4020614498,31518.351296335,28370.9063576974,87900
61205.7835382038,56496.4573661913,43137.2146347582,31390.2112494196,28243.6412462237,88000
61109.3421780408,56387.0922107758,42999.701041392,31258.9429447837,28111.4729449526,88100
60986.1776353707,56269.2438306338,42867.9268922393,31123.3912492659,27974.7374805868,88200
60871.5193884296,56148.0773950174,42741.2705669111,31007.5826207207,27836.2395654976,88300
60749.9886750471,56034.4772859618,42618.8526944902,30855.2188424995,27698.0837008044,88400
60664.398465991,55900.4968448182,42499.8561899552,30699.6442625117,27560.3095769625,88500
60586.6266569269,55784.98699708,42372.7074207318,30559.0830527304,27425.4125421168,88600
60508.6681990664,55670.5427210931,42236.5468729528,30428.8157761908,27297.1882807088,88700
60430.4734047513,55557.0875913888,42101.5565639206,30299.0517625848,27177.175991318,88800
60296.3287645159,55415.843572651,41961.7241139834,30166.6488811599,27066.8077032997,88900
60155.5074869357,55274.977413219,41823.4136501206,30024.4163132099,26957.7356307489,89000
60020.5598795447,55147.8041729024,41714.7327718207,29890.1257935077,26830.9661883,89100
59914.0297385154,55019.4397518022,41586.5556581834,29759.296617528,26686.9387309811,89200
59814.0664328454,54900.1662349902,41447.1310774014,29644.9590530705,26545.1176066187,89300
59708.5229001493,54773.2421722533,41316.969890478,29501.2744990305,26404.4523844146,89400
59633.3634202571,54632.9145223685,41188.4231838161,29381.272264369,26273.4997595825,89500
59493.3044309043,54513.0462818651,41074.282247356,29262.5723287713,26138.8416022351,89600
59385.2825726095,54371.9658830186,40948.3617420117,29143.191908895,26031.8265382837,89700
59277.6843043145,54246.5419454691,40827.6547523999,29021.3968145695,25924.6577971269,89800
59147.1699843042,54125.6694876045,40702.4509198883,28894.724286788,25793.2416662061,89900
59004.6395992995,54012.8187706916,40568.5235069225,28750.9787716563,25649.476973343,90000
58865.3691782772,53881.4486288233,40443.2635201206,28635.0857065157,25509.0606063731,90100
58725.3249954153,53793.6806220291,40307.8851105839,28516.371836115,25361.9885449736,90200
58585.4449244948,53678.0234766701,40187.7183671441,28387.1626229979,25224.7281917327,90300
58448.9801341405,53529.2100112991,40051.2200460459,28249.2419685152,25088.858793475,90400
58338.3910052664,53421.9481022085,39925.6619162419,28112.7499901017,24945.3180582437,90500
58243.1266497722,53274.0120218754,39797.6104107797,27980.4865944201,24824.2445022796,90600
58120.6159421731,53140.181389371,39670.8124161948,27840.6259004826,24705.346617455,90700
57986.8958456531,53013.7347457313,39539.8597661422,27704.1547639476,24564.3307862481,90800
57851.4559238324,52887.1190779282,39421.8222695511,27564.1939225327,24432.5776034377,90900
57715.8444834351,52761.3077882181,39301.660095834,27431.9120002991,24296.101710946,91000
57579.0729238213,52629.5544507951,39175.512720089,27287.6415702525,24169.2298950244,91100
57459.0990643492,52500.4252991483,39033.4665061427,27144.5564389384,24037.7035970365,91200
57317.0974594962,52382.6627810572,38909.8681605987,27011.3313872539,23895.7516201863,91300
57173.0773864414,52265.9341446479,38780.1118751716,26887.0737779563,23772.8598032973,91400
57028.0883916517,52140.9585962217,38637.1597581992,26753.4698729643,23626.9673876748,91500
56926.8163047169,52032.031424838,38508.6635328816,26623.790623212,23480.3262188054,91600
56847.9563521114,51925.4524037392,38365.6130896822,26477.0893706549,23331.5503969571,91700
56768.9227753996,51807.10521189,38225.529840045,26344.7288462339,23188.8470638792,91800
56669.3409413042,51706.0128489908,38098.8219117528,26215.9275707311,23034.3581179891,91900
56578.0403733797,51607.6787055121,37953.9190238573,26084.9236845242,22886.6411154287,92000
56478.6975289854,51493.7375578628,37814.4875931751,25932.647915197,22744.790234557,92100
56359.6927648774,51373.2029336787,37683.5630212878,25807.2129146689,22602.8192805679,92200
56285.0859486717,51248.1514683563,37554.3463363221,25649.6810496268,22454.4837137845,92300
56189.876972529,51140.1425655335,37420.663309589,25511.2583593964,22316.4795697502,92400
56049.9139577584,50992.8477886675,37292.8677669831,25371.5498311003,22173.6381958263,92500
55897.5353657416,50857.241185265,37156.871569433,25244.1109518496,22026.5002669247,92600
55783.2596377581,50734.918547285,37016.8594555285,25097.8940046173,21879.2481060338,92700
55660.890329418,50612.1621767101,36881.9114858922,24970.9167428123,21731.8821584394,92800
55530.2132043137,50507.7143687531,36766.3582890638,24830.6197998307,21589.8088434937,92900
55387.757925731,50382.5244438864,36640.4663805089,24698.0977235291,21448.2304302731,93000
55248.8243022904,50263.2802267162,36505.0210241367,24561.1239185218,21305.8487546006,93100
55111.8318918565,50146.8899749223,36373.5679718328,24440.8292335614,21163.9263709805,93200
55018.5973814084,50014.9353824771,36257.0497873351,24278.6725403279,21004.5575738771,93300
54956.2322753023,49882.3899921814,36133.0678769561,24142.5010503469,20848.6648031344,93400
54878.7276365056,49755.1941735227,36005.3482856021,24007.7246202573,20700.530903041,93500
54777.4108306583,49621.3425668237,35875.1970153995,23846.091542236,20581.708966275,93600
54615.0020184211,49480.4622622733,35733.4412173316,23689.2980362906,20420.9989295137,93700
54480.939964905,49371.2784476204,35590.6958297348,23541.2204685599,20270.9615519993,93800
54391.297714519,49239.1147015261,35462.0341864007,23385.6501526443,20108.6860835488,93900
54263.0205117183,49102.6148010984,35334.2968819601,23230.2455711104,19951.0794708539,94000
54145.0773861696,48983.8993877669,35208.1213673141,23101.6979506302,19793.2699270601,94100
54058.7226716752,48870.0879687381,35078.8210484253,22950.1076326815,19628.7788085264,94200
53971.5045170547,48754.796708018,34943.9341033001,22834.9796549156,19472.052031976,94300
53886.6548336785,48652.4827317013,34822.4767604432,22699.9693933948,19325.9254722116,94400
53799.0318349097,48519.0091841991,34679.0701162446,22570.7456074646,19171.8283304398,94500
53702.6147180696,48395.5844249707,34542.2666205712,22408.1272353349,19021.7799398233,94600
53582.1636422814,48259.991867737,34412.2392118859,22285.4173154412,18867.7541232221,94700
53490.6751122561,48115.1201043019,34283.2323210549,22136.0126729092,18710.1473790802,94800
53383.1194225462,47980.3360630139,34143.2086032604,21986.5593811837,18560.1378277102,94900
53261.1094539516,47840.6293530508,34003.5689355341,21836.2081369455,18403.4514823016,95000
53121.9501567308,47712.901330816,33865.5294108211,21677.0612211777,18246.7399716497,95100
52986.0834798291,47593.3413302385,33731.1686700009,21527.552835861,18099.4632380191,95200
52876.7823874611,47497.1046100138,33584.3762643507,21389.6747349367,17960.5800774162,95300
52749.3150655621,47388.087731554,33443.5699630743,21239.8059593656,17821.6941182826,95400
52643.3896804034,47284.3955713357,33305.4154382328,21093.554872845,17683.0954962096,95500
52528.4789377378,47165.8953557665,33172.4308053616,20949.2730755313,17525.3117026543,95600
52433.419820189,47041.0802472627,33031.9041392679,20806.0884250598,17383.8611544288,95700
52315.0168652351,46903.6326893347,32894.2577113779,20666.3582209337,17242.8517835919,95800
52176.7475148961,46778.7393378519,32750.4592757586,20510.4672777226,17098.7504448672,95900
52038.2383808856,46655.9884636711,32613.1870446423,20364.0625578169,16947.6900072848,96000
51914.3591882417,46542.3424035144,32490.7426133321,20210.2001319936,16797.0090331175,96100
51790.3030708074,46422.409141476,32354.1652741932,20081.6205842008,16641.2516232143,96200
51665.0677596748,46290.0068492845,32218.1395969126,19947.9395185374,16494.8885379256,96300
51527.3712153347,46179.8956495891,32089.3717559749,19787.6803419169,16343.6931286365,96400
51394.5209941849,46060.7562856481,31942.6680914972,19633.0016344147,16212.2890123951,96500
51251.5301695043,45937.3853055037,31809.9465519995,19471.8779319607,16069.7153670032,96600
51138.748589011,45809.2893795623,31696.0618292235,19350.7001824862,15932.879278876,96700
51031.5521987394,45685.2429570965,31559.2180847388,19179.7537964576,15805.2414915895,96800
50921.2518873758,45558.6037004597,31407.6085288756,19042.5954589774,15682.143274317,96900
50797.4637849282,45403.6441405373,31262.8160093804,18907.2849635111,15523.8627033289,97000
50672.7714291694,45266.9640874652,31120.6541448683,18761.894393171,15376.4706548537,97100
50556.0407015328,45155.7127862997,30999.4939530227,18631.6312743222,15235.976915563,97200
50441.6006157642,45021.8478112568,30852.7250974756,18479.2351740269,15095.8935042822,97300
50314.9157196958,44886.2467586147,30709.7903851449,18337.1581443333,14944.0112618313,97400
50186.8153650495,44753.4294617898,30560.3892411602,18176.8508635384,14777.9300144428,97500
50047.5473011723,44625.7791440048,30414.1350101146,17992.2902805976,14610.1516648584,97600
49919.8611167304,44508.1415526017,30276.0015948815,17857.7902969968,14442.6944340844,97700
49782.6552155885,44379.756742444,30130.0018710477,17712.8379201638,14275.1603425608,97800
49667.4943592144,44242.4969906245,29993.7799128057,17561.7597206032,14125.8651382666,97900
49546.8234396669,44109.6359153668,29856.1027407615,17403.7233077464,13973.0670926533,98000
49419.3188102063,43979.6777436994,29709.1955115295,17252.0148401591,13811.991039907,98100
49313.6149473302,43839.2575064596,29559.6444211909,17096.7283194641,13646.3093361629,98200
49232.5555883314,43702.7875378258,29435.5800846111,16952.0325064359,13481.9292219274,98300
49117.8648746533,43589.6839960019,29303.9434311485,16816.6570049165,13321.1382988423,98400
49015.1692195289,43465.0307946098,29163.6805429181,16674.2454229075,13171.4205112561,98500
48905.6574031925,43339.7122182379,29037.1626599506,16539.6158668234,13005.5855166983,98600
48779.8703688524,43208.0428238138,28892.1941993939,16392.5222395778,12840.1870422232,98700
48638.9496782301,43063.9003901907,28747.174458659,16252.6564685336,12688.1625645807,98800
48532.965441982,42952.9142846275,28620.5001026195,16103.8152625153,12571.7413682755,98900
48402.7037485207,42815.6507321524,28495.5306004759,15946.4574370453,12415.6903126758,99000
48262.8551959151,42702.5639339546,28358.4553942856,15803.4838754206,12241.2081769621,99100
48122.4947391115,42564.4410245332,28216.1181125648,15659.4951269721,12098.2762242881,99200
47969.7182738286,42454.7396794619,28074.5871040315,15505.5388564445,11938.7388881914,99300
47836.8725627227,42316.5440980509,27935.6492822589,15371.5265801759,11775.9499689445,99400
47707.0767264974,42181.1150817764,27782.7073031533,15225.6556277731,11670.5991288973,99500
47596.6291230314,42056.6371303786,27645.7437811711,15074.4470261829,11535.5032514681,99600
47480.929324262,41930.4801680118,27506.2356101358,14932.6004816485,11374.4456432609,99700
47343.9035266922,41823.1262926077,27367.3055372306,14791.8728566752,11212.9292002116,99800
47205.588222621,41683.0783334198,27230.924282302,14636.9646940067,11050.9103896724,99900
47033.8933920314,41540.5701121764,27096.4752118247,14506.6164023292,10908.2610719035,1e+05
46924.6633262636,41400.4108949488,26959.6209269707,14345.2695996395,10732.6409232093,100100
46795.9309825649,41265.0332542613,26811.9870400875,14179.6517755682,10581.001332632,100200
46653.5642120859,41143.6481013739,26657.5802040621,14014.1829631785,10443.8926226697,100300
46515.2943324253,41022.1256308469,26510.0672873415,13881.3783615214,10295.0288080363,100400
46399.617230322,40911.85557274,26364.1873780955,13722.1809019872,10136.7903454383,100500
46286.0276072767,40785.9217982532,26214.7900994543,13566.5725274127,9965.85251517789,100600
46190.0282061135,40661.5505909276,26065.4244165377,13422.3668327905,9798.88339680095,100700
46095.6147444117,40547.5698840313,25915.4822296041,13286.9736115431,9616.90469547769,100800
45973.9960516117,40420.1119504477,25770.3442443629,13133.0292616458,9461.11252831023,100900
45870.1701689972,40288.5533676867,25615.7723411893,12977.3732198254,9323.53450797152,101000
45773.8399110146,40157.0941218616,25480.3390231133,12823.9790458723,9173.09006065081,101100
45677.0042929773,40032.2593688461,25345.5607380154,12694.9470782595,9032.10860029491,101200
45550.9394274339,39903.8487373715,25187.8078809999,12554.5016036898,8863.99621224601,101300
45418.2514488809,39773.2608831701,25049.2866491766,12396.5502184597,8695.81865011551,101400
45284.8469258855,39654.8410176367,24905.6549218076,12254.3000092523,8522.92065524881,101500
45141.1962117831,39538.8327759808,24763.681931877,12111.6179070873,8362.13743198432,101600
44991.2911055944,39387.640594969,24631.7989786449,11949.6898276142,8201.03022556638,101700
44841.261297009,39256.8371518091,24474.7618950297,11784.1102894667,8040.99060088517,101800
44691.1072035369,39125.772664249,24324.635297633,11629.5722918735,7909.86950940209,101900
44543.9107065598,38991.9996689838,24180.0284562328,11478.6810088939,7725.96129810106,102000
44431.4184225438,38877.3629048056,24040.2177776116,11305.485184416,7558.70897334187,102100
44318.7754714536,38761.6785221168,23910.7740614968,11161.4798541125,7403.59983394085,102200
44195.3193628602,38633.3077095345,23771.210757243,11017.5690807966,7246.92516307482,102300
44084.7350478499,38503.0003103633,23633.4804985644,10873.5672992418,7090.42808142812,102400
43952.6523103876,38372.5650835179,23491.7451644277,10714.9793648896,6940.49372152069,102500
43806.0513855004,38242.0023766082,23338.0009316343,10555.5019227627,6791.28150910363,102600
43677.2040978532,38119.3822814042,23184.6079610674,10388.8526630675,6637.10850953356,102700
43532.9930453106,37985.7435598772,23048.1342134664,10234.1279250586,6480.78165483364,102800
43400.6427033077,37837.2038511767,22891.1982560683,10063.4839447022,6323.17111955758,102900
43282.6875168877,37710.665499185,22747.426825106,9920.66176192444,6165.37678528574,103000
43162.605616171,37587.4586754679,22607.044388114,9791.67038213048,6007.77267226992,103100
43053.7905180064,37452.569653136,22461.0803803029,9620.60236883533,5855.36951205978,103200
42927.6388423329,37311.7092811147,22323.6430631912,9471.850213413,5684.77430585059,103300
42782.0365107785,37168.498852929,22183.5086483934,9315.07760793585,5520.05752838354,103400
42670.7732033085,37032.9774145258,22043.2313775146,9157.93716913819,5362.40986332442,103500
42525.0079393686,36908.0784468934,21895.5748372278,8993.17900592563,5198.91387962601,103600
42378.2662107477,36777.1808998538,21752.6643037675,8844.01461645029,5041.27784864182,103700
42231.4036390812,36646.1864768093,21600.0439068732,8702.66839282504,4883.57130113049,103800
42084.4206117174,36531.0768836413,21444.6563306946,8550.48798188202,4721.55971414909,103900
41937.2180989717,36401.7989111109,21295.956122503,8392.51810108972,4564.99512438261,104000
41793.889532938,36269.4095963073,21150.6567254438,8240.75091597516,4416.26604671892,104100
41657.4201946849,36135.5163464913,21012.086258514,8092.50023820994,4258.33109088835,104200
41519.5966163075,36006.2468365475,20854.642909598,7909.4491397681,4100.32722763343,104300
41384.645938066,35876.8913480153,20695.1518489169,7733.97697637104,3942.25479187132,104400
41250.3760801192,35745.8081735066,20543.8326396369,7577.03027533037,3784.11411767267,104500
41115.9814325839,35611.6767286935,20389.4522161775,7421.1430508474,3625.90553826334,104600
40980.8435459084,35487.0725041264,20242.6403962293,7264.92275280219,3467.62938602635,104700
40843.4076776493,35346.2088177431,20098.3340849086,7097.59929140656,3326.34338628654,104800
40705.8489131299,35227.9429111451,19958.135927015,6916.21450770485,3204.44789903419,104900
40572.7644631191,35075.6477944327,19804.6213773245,6762.17562621633,3048.80747945115,105000
40461.3365764491,34954.4577330474,19655.2647672457,6606.19555834311,2893.09786528915,105100
40339.7733938613,34806.978050893,19513.586984058,6453.42447920656,2735.74014975115,105200
40207.6548842732,34676.403532621,19365.982865425,6295.99860772818,2579.55754772106,105300
40086.5993177788,34546.7225734737,19212.7362361137,6119.8745337515,2422.89261511235,105400
39966.5867298148,34426.8896891067,19046.4432763961,5973.33552167466,2266.75603663378,105500
39846.7701344425,34304.0322417506,18889.1720527216,5829.98637782298,2120.30804164215,105600
39725.29253362,34157.0123834413,18743.823681022,5678.50018038814,1955.33939073211,105700
39590.2325998679,34012.1607933011,18583.0626880374,5521.71925896999,1785.78187862957,105800
39434.1663595348,33889.3067911005,18428.6626893738,5366.41846071064,1626.99551023296,105900
39255.7435546311,33768.9700980136,18274.9608756459,5211.0460517771,1479.01657543635,106000
39131.3300342853,33643.1094890837,18127.0134445737,5049.4362623238,1295.35725297416,106100
39006.7917222854,33521.8538094326,17976.4645952709,4867.16572954951,1126.18253429408,106200
38871.3075365284,33388.4859758592,17824.8689552553,4724.75362154966,991.596308811258,106300
38743.4098476923,33252.561269966,17677.7377573752,4580.86694578591,851.006086735586,106400
38605.2704654537,33109.6883465488,17526.8604969763,4420.44547718611,694.920079389057,106500
38467.2001970106,32971.5140258729,17382.3499868,4269.52193734478,536.470304583637,106600
38350.9124159097,32821.3672731643,17224.3834198258,4101.77668914383,379.106869549808,106700
38229.1869431229,32707.2482578605,17072.051151602,3949.98581564293,219.647924802588,106800
38116.1300936868,32580.0478182803,16922.9959418599,3785.40324384822,54.0873490072559,106900
38003.0663336471,32431.9470979308,16789.5828015238,3603.11459082245,-109.928070120795,107000
37889.6395324383,32298.8814371383,16657.1999774601,3440.61574258338,-285.304743188904,107100
37765.9927103465,32148.2567108389,16511.1327116886,3272.36265856064,-452.963701526515,107200
37629.839886595,32021.1671499803,16368.7474123806,3114.13060922339,-604.409390538588,107300
37473.246728669,31899.0058693991,16217.9564601953,2948.69285023362,-810.635096319479,107400
37333.8478069923,31782.3179412469,16061.0573193208,2814.63109047753,-985.800355313054,107500
37218.9325356438,31663.740172618,15912.2423847961,2659.76542782101,-1145.66267497659,107600
37103.8937300965,31539.8035767466,15760.9835901418,2487.59065819747,-1281.39553239733,107700
36988.731661282,31400.8024296788,15616.3801968352,2320.73400439116,-1418.8484074175,107800
36864.6800050735,31238.5836766591,15469.1813201741,2161.81023952581,-1596.58893781791,107900
36757.4623102696,31101.6818877394,15325.1898375813,1995.56139897938,-1774.36374292538,108000
36632.8047129847,30970.8047021816,15175.4453415354,1821.99547029245,-1936.56260971925,108100
36512.9533154339,30836.9799798178,15023.2213502241,1645.36060203534,-2104.40582102679,108200
36394.2420043718,30695.4315623628,14867.6654726744,1485.5211576394,-2266.38735245863,108300
36285.1169131869,30585.3023354302,14712.9662514461,1320.84392249567,-2410.89752570637,108400
36178.7059947994,30455.5053055125,14570.7289541706,1149.62402927938,-2566.60030592252,108500
36062.8927257232,30321.9070673886,14423.2248143128,968.679710608335,-2731.06228309282,108600
35946.3090704422,30171.7418326966,14275.2388496356,800.024953083373,-2895.57473689327,108700
35829.5510255729,30026.378136399,14114.6133332221,635.46549582057,-3041.69600345182,108800
35712.6727691114,29882.09266471,13974.1316611143,470.351654285079,-3226.45124551354,108900
35581.3091521558,29738.0308038732,13818.3373434869,318.864001138729,-3389.84786761048,109000
35453.8762010353,29594.7500760116,13661.9940868663,169.29914645862,-3554.57225695948,109100
35304.2072761768,29454.5206835098,13505.7707832766,18.2224396625315,-3719.33831240564,109200
35163.4465231142,29341.8008572797,13357.4871446116,-137.034106640304,-3872.64220958142,109300
35022.5764885376,29205.3480454221,13215.6248557326,-300.380782111445,-4032.90727967491,109400
34881.5974925695,29054.4982791317,13071.4278647376,-469.646292100589,-4193.76219864615,109500
34740.4491706313,28903.5516562512,12919.2587340145,-638.249216889396,-4354.60175697527,109600
34645.7627264311,28775.8342106958,12764.3067838089,-806.77403631952,-4515.51395995044,109700
34561.5244295194,28658.7611306395,12615.3471395997,-972.383229407418,-4681.8182183945,109800
34412.6470436645,28506.1924791996,12461.6221528053,-1128.04554469134,-4849.32381016599,109900
34262.5947253831,28355.6253876942,12302.3612660023,-1282.16206427514,-5010.3272912432,110000
34159.5471059158,28258.2318844018,12142.0933496128,-1409.79472640012,-5171.32196146974,110100
34062.2234441657,28159.1647552087,11999.2178913912,-1579.72567240718,-5336.23643323477,110200
33929.6783004994,28021.9756162272,11860.3314529843,-1745.78362031814,-5504.3401077804,110300
33779.859616351,27875.3918593956,11711.5879409153,-1925.09030417204,-5673.75022401274,110400
33623.6940643994,27711.8815310384,11555.7447036442,-2094.90626256607,-5842.88464099799,110500
33482.368312357,27573.5076297956,11405.6079737867,-2264.21953222703,-6016.73294994079,110600
33379.8741584101,27457.5048222267,11246.5251280013,-2423.03725078172,-6191.26280534496,110700
33251.1657971725,27320.2045142104,11096.9427438043,-2602.02674985723,-6365.27561718442,110800
33103.6220795945,27198.7736348611,10947.2083858079,-2752.2497461097,-6524.72519682425,110900
32973.4571034627,27039.52662078,10790.2209195763,-2896.49565851777,-6686.32726983494,111000
32848.3844202678,26902.8492610466,10635.568521184,-3070.88644676592,-6851.69472996565,111100
32723.1995233788,26753.466813631,10482.2043918857,-3241.67099108205,-7006.43260639383,111200
32581.6069063139,26619.8532411615,10323.6662780322,-3414.02206420199,-7178.78000831525,111300
32446.1150513892,26526.8450316584,10171.53229134,-3585.06205364044,-7330.64179752616,111400
32315.5279997163,26391.5854026461,10014.4445452648,-3759.54343895949,-7479.97656589108,111500
32206.0633891936,26275.6484685206,9856.29433944613,-3932.30060186954,-7644.16934726398,111600
32073.7428621497,26163.175045117,9697.56973572491,-4094.22103867311,-7793.45657914759,111700
31959.5365745186,26045.8214463689,9531.13508771535,-4265.29303041305,-7955.42560371213,111800
31846.287757637,25909.7888332832,9379.14823079628,-4432.79899625245,-8116.28701819834,111900
31720.299054421,25755.4464742386,9216.27849425637,-4583.49361700813,-8267.93730134654,112000
31583.3371680498,25628.6728786895,9063.02495014497,-4742.08655029287,-8419.64453239279,112100
31443.1481993645,25509.8257344099,8910.87671386033,-4900.51991408261,-8578.68175159761,112200
31302.85647498,25376.5665820971,8770.97307153718,-5056.48968662861,-8736.30071381393,112300
31181.1088936635,25227.9477875354,8626.97127613168,-5219.2104580009,-8898.46950478356,112400
31062.5960433743,25084.1217086787,8468.6735640149,-5380.02216058181,-9054.37933132978,112500
30964.1792442218,24938.4177238253,8320.40759381925,-5549.10336671888,-9209.65433041275,112600
30840.568470182,24799.4119016829,8175.62983031041,-5733.68374125136,-9369.09543194359,112700
30718.782659287,24677.5564165013,8026.99572322558,-5906.82821182237,-9531.19258907735,112800
30607.7451944006,24546.9677609368,7874.69736994322,-6074.30193594151,-9693.21853382381,112900
30489.989267543,24411.259872317,7722.5540163447,-6224.02894393934,-9855.96565906332,113000
30352.6118048262,24280.6100277917,7557.99736711186,-6401.96330436552,-10035.5529101216,113100
30233.5962598433,24149.8596775207,7401.29672278727,-6581.44858686554,-10201.5712664933,113200
30115.0547204712,24019.0090816404,7251.85947963141,-6756.4065124853,-10379.6852310187,113300
29996.4038979611,23869.7898147327,7101.5405051878,-6925.28903672051,-10563.0604769191,113400
29877.4942574282,23740.9954399448,6954.40518787868,-7088.67715088111,-10739.4148742846,113500
29757.7435437453,23615.8151061438,6805.25932982882,-7254.47055493335,-10915.1192270913,113600
29637.8845037152,23479.5240455503,6641.07404752146,-7431.59968350012,-11086.1017831876,113700
29517.9173783751,23336.2684318222,6487.50053647339,-7580.57698805405,-11263.5082949553,113800
29397.8424083838,23180.1083584739,6329.95733865043,-7743.91411110352,-11440.9355305451,113900
29277.6598340223,23042.9817758064,6175.2058545368,-7907.29524214906,-11618.3832160237,114000
29157.0830112699,22911.9481905186,6017.67021825603,-8070.72011391564,-11794.4493942198,114100
29029.1041249557,22771.9296143618,5864.27729009867,-8243.10370017383,-11970.5360301493,114200
28884.0103245972,22631.8177339863,5700.88166270822,-8417.70922833767,-12146.3362698758,114300
28734.6303510508,22483.7293960512,5542.03684227069,-8595.30470437382,-12316.561580809,114400
28585.1581101679,22339.742709124,5402.43732835998,-8756.07149665526,-12486.8165459428,114500
28435.5939002296,22171.3737101029,5251.87732960519,-8916.07886488961,-12657.1009015675,114600
28312.8407362463,22028.4295614875,5096.32825539493,-9099.36933837865,-12826.5411829142,114700
28191.3344887863,21906.9851261441,4940.66783481069,-9253.46355623811,-12992.7090225826,114800
28050.9502249684,21779.4553438996,4789.94861057231,-9405.21317274675,-13167.4147257851,114900
27909.803655374,21643.5552917722,4634.50144586843,-9570.20535628491,-13342.6408574376,115000
27771.2589833105,21494.3604287281,4483.24938892598,-9745.31023429815,-13517.1903279744,115100
27634.9746090061,21360.7502923859,4324.61235668732,-9918.94334763121,-13683.3784499794,115200
27487.1020017317,21222.0119004343,4175.53573517239,-10082.8832901674,-13847.6600224732,115300
27346.9464410067,21080.8754302176,4014.10801055303,-10241.573639423,-14017.4105395346,115400
27207.7601350356,20939.6489036276,3854.85424286115,-10407.068808173,-14180.716914151,115500
27066.866653497,20797.8143084404,3688.2269887844,-10576.723112677,-14336.7023853334,115600
26925.325030962,20655.78096901,3528.56673046022,-10729.7182814759,-14493.9587465111,115700
26783.6890243486,20525.2830279031,3367.96760581704,-10901.7381280394,-14649.2066764826,115800
26641.9589072131,20392.4969672836,3208.51982863878,-11056.752730548,-14802.996532059,115900
26510.9231280524,20268.0378703742,3053.34566228218,-11218.5284689578,-14962.5060982693,116000
26393.1774650801,20126.8279834385,2900.62650708341,-11387.6078616582,-15119.7152636815,116100
26276.01910553,19987.9923896965,2737.58411782238,-11554.8168901179,-15275.0400203176,116200
26126.8030556192,19850.8888005098,2581.67488049685,-11710.0688774897,-15449.8750619174,116300
26010.2643746927,19696.2395736471,2430.46373540634,-11885.4362304199,-15621.6970224765,116400
25892.9927230165,19556.8341747178,2280.17877627269,-12058.0216812486,-15787.3001136252,116500
25749.3916482311,19429.9206237657,2120.08630842166,-12236.0482153642,-15958.914541684,116600
25625.7469220402,19280.2897645259,1951.17653647932,-12404.6569445979,-16134.5970948014,116700
25509.0152303622,19154.3579556811,1792.91198184152,-12570.8722018743,-16309.2371393892,116800
25390.4110231317,19021.2257892816,1644.89893973281,-12736.4495384582,-16483.8953423266,116900
25270.067120674,18887.8625991429,1492.68625391751,-12912.7609775367,-16661.7078730974,117000
25149.3364840048,18754.9007347574,1333.58821025209,-13073.9309052408,-16852.9677364975,117100
25028.5051841328,18621.4128684783,1175.32689082017,-13233.7839376044,-17044.810227549,117200
24907.5734430658,18486.3016592393,1028.95119968708,-13400.9647895511,-17212.0386396476,117300
24777.739958627,18342.3189208322,870.038959559286,-13579.0801838647,-17371.9375749077,117400
24640.6957672829,18208.0653765227,719.973146593038,-13760.0179785624,-17550.2495202977,117500
24476.631898013,18062.6982979159,552.785459691033,-13929.9288280509,-17722.7162726008,117600
24310.8900236826,17915.5724427774,393.075572230824,-14085.3473161227,-17892.2167637651,117700
24139.8547760884,17776.415040603,236.012325530115,-14247.0985549614,-18062.9094061922,117800
23963.7687140966,17648.6667252695,78.9659403682454,-14421.4996731408,-18238.0192711666,117900
23816.6422827909,17505.4575599124,-70.8016934424668,-14577.0229247801,-18413.1442061131,118000
23663.568298191,17361.1659055251,-226.233675515978,-14749.7682167927,-18595.018717857,118100
23540.9443811506,17223.2224675406,-378.158122524379,-14910.6659228178,-18778.7847561615,118200
23406.243906627,17091.426841846,-532.307111293274,-15077.4763419171,-18962.5512918404,118300
23290.3007994602,16966.6869419672,-692.422351761808,-15243.2586355192,-19135.5371032172,118400
23173.4332712034,16835.3271572094,-849.352230811812,-15411.8109476872,-19306.3711156343,118500
23054.9652217528,16694.4697411358,-987.401995518463,-15570.9181971543,-19464.1968581941,118600
22936.3991452945,16542.3546694,-1147.94782496312,-15740.7696819034,-19647.8645998482,118700
22793.5905112804,16390.1638188263,-1308.54423238511,-15898.4910585404,-19814.6574762003,118800
22675.5595547162,16237.8974540611,-1463.38456204328,-16054.6415473163,-19989.858350192,118900
22527.3627550877,16084.8403777778,-1621.13662043984,-16226.6072689562,-20165.4893660627,119000
22378.8340081281,15931.5697524093,-1793.65320492318,-16379.0845304199,-20341.4267619717,119100
22247.9460392065,15791.5366613466,-1954.23380543668,-16551.4419833013,-20516.2554658365,119200
22126.7967550682,15657.6171297195,-2117.38051630706,-16719.946455866,-20689.9838460756,119300
22004.4476606733,15523.6115421675,-2287.04668050149,-16885.2856457358,-20856.0570306109,119400
21882.3383206756,15378.1354133291,-2450.54899322453,-17049.7093286585,-21029.1075189503,119500
21725.2463105556,15229.1251734077,-2607.80832798866,-17226.9226582321,-21218.6301374673,119600
21567.824584276,15092.0346656746,-2756.95994576337,-17403.127830571,-21394.2555616769,119700
21417.8062342131,14959.2752110027,-2906.13995222839,-17587.4141546349,-21569.8914099292,119800
21291.5455556176,14810.8190368619,-3053.89295696018,-17756.6466102685,-21745.317775887,119900
21150.8933659135,14663.1883298265,-3201.34858966825,-17926.4422745528,-21921.193467772,120000
20989.4648820241,14541.1373162707,-3363.91009224849,-18100.7532255808,-22096.8592237263,120100
20851.3448960672,14370.7491295377,-3509.17576070197,-18291.3059088744,-22272.5344964471,120200
20725.1627853655,14217.2624081401,-3669.73706659493,-18456.8352602736,-22448.219060867,120300
20571.1474361291,14068.0003184587,-3829.669770658,-18633.3720703572,-22625.5944299098,120400
20408.4198125531,13929.6505545638,-3984.60862139769,-18779.9932497696,-22811.5904513337,120500
20263.8877814127,13796.4091776758,-4130.37238930561,-18955.822230669,-22975.3262640972,120600
20130.5944932295,13648.9969243345,-4284.4162201272,-19122.434894227,-23151.045758561,120700
19993.5607045092,13506.7091425034,-4445.91666433985,-19290.1132470813,-23326.7734298136,120800
19851.099785737,13371.4660095962,-4601.29380304958,-19464.2217120424,-23502.5090569467,120900
19734.8533087684,13227.7892774906,-4756.45124831205,-19638.9192778479,-23678.2524197392,121000
19616.8319381483,13075.2077241441,-4921.05774801464,-19817.1504592979,-23861.4003578277,121100
19471.0420428075,12945.2137077587,-5090.9060045908,-19994.8582882285,-24033.9193051025,121200
19319.8703998846,12792.8237612903,-5266.29163746921,-20160.1818207096,-24205.1241276836,121300
19186.4832792969,12642.225576184,-5430.11427151552,-20335.5095941381,-24381.1920844822,121400
19053.8481323602,12482.3881464712,-5588.64593136128,-20517.6203746204,-24555.8746320132,121500
18921.1253838844,12343.3012095378,-5743.26042747548,-20698.152693121,-24712.1769552807,121600
18787.5641665238,12198.2129552017,-5907.05825421218,-20867.4615475206,-24868.2551205965,121700
18649.8745828235,12053.5224555311,-6064.149814532,-21042.7212257464,-25055.9300463694,121800
18521.3569480409,11906.1779262107,-6217.89493172555,-21210.0953421697,-25244.1895366931,121900
18392.0489764744,11750.5955119196,-6385.48555603127,-21380.9558150621,-25432.4334097572,122000
18254.3527344161,11626.8722068371,-6545.75265979499,-21549.0948237579,-25610.4208852516,122100
18117.3378921398,11479.6107328541,-6712.93750777975,-21722.7935651072,-25768.3081520863,122200
17954.8648904336,11329.7862992798,-6882.53922871138,-21902.3759121918,-25928.0831901575,122300
17792.0201420424,11181.1519573056,-7035.85782987721,-22064.8877063612,-26106.5858902771,122400
17632.9493549426,11048.9373802851,-7196.05913118762,-22235.1721674704,-26287.9428207628,122500
17477.5703568472,10901.3609136214,-7347.10662374742,-22417.5807533957,-26462.8121306445,122600
17322.1200886737,10765.8888649083,-7507.63990439261,-22597.4887217343,-26612.5897681799,122700
17166.5988041243,10611.9829243106,-7670.87420981147,-22767.2149837283,-26762.2194656306,122800
17011.0067563914,10469.3133367036,-7832.29877143728,-22939.3857874826,-26911.8869148658,122900
16891.308555192,10334.2683157855,-7990.49084391052,-23108.3730363077,-27061.5919273512,123000
16739.9957037361,10183.5812071738,-8154.01147085272,-23272.1929268007,-27234.9733029895,123100
16588.2150248972,10032.517099295,-8325.13012873597,-23439.3706616368,-27420.7366326096,123200
16436.3619048831,9895.50395976151,-8493.95635329939,-23609.5769996285,-27606.2190261402,123300
16286.0031334228,9759.63566892647,-8660.22948874767,-23779.2250867521,-27791.6874428039,123400
16179.4877404928,9604.11598741519,-8810.04682968548,-23955.9574840781,-27950.8021809063,123500
16011.5639956018,9466.00432497949,-8988.71646287205,-24139.5334213301,-28123.3223493846,123600
15831.7590561681,9332.30307031589,-9144.12635946078,-24312.3137815894,-28307.7579048101,123700
15667.8719679936,9185.28260598106,-9299.5768083005,-24480.4141774865,-28501.6123097556,123800
15514.1591534093,9040.85348357085,-9452.83607761747,-24647.0569621525,-28694.9823095319,123900
15408.1325874876,8912.10590506857,-9608.50170298223,-24805.6346249307,-28877.4703359613,124000
15283.4161794889,8780.21844829181,-9771.59387585457,-24963.1146142504,-29048.724926466,124100
15135.8220502274,8613.75221934532,-9932.30715995473,-25127.25811356,-29218.3238397021,124200
15014.493592973,8481.60547818024,-10091.9649461863,-25303.4874751306,-29398.7451029445,124300
14873.6327362102,8337.72640869663,-10251.1330791043,-25467.9953887301,-29581.0517945317,124400
14681.9902879432,8173.12186104047,-10409.0991599602,-25644.1210959265,-29751.3009579028,124500
14489.1662210396,8020.17022635506,-10564.1986032219,-25816.7165281417,-29927.7579820505,124600
14296.1722873724,7870.20347437167,-10718.7499575177,-25987.2925194199,-30094.7497107152,124700
14134.0214987838,7722.17719210027,-10878.5253703412,-26156.9951339608,-30262.8666454846,124800
13996.6965800774,7574.48006010085,-11037.5944451206,-26318.3276414157,-30453.2450808674,124900
13847.6906384854,7446.66914887396,-11193.7622893513,-26484.8593992016,-30636.3287505538,125000
13705.8577620407,7315.842376344,-11347.6416345199,-26644.0495292377,-30809.9076895654,125100
13563.948867596,7178.86411005058,-11497.4864143806,-26806.1839768929,-30980.658360831,125200
13421.2102699384,7039.30903634393,-11663.9411231923,-26984.8867715075,-31164.4375853221,125300
13277.7104456904,6899.52724215428,-11830.4757778851,-27158.854916951,-31347.5404183265,125400
13134.1362034798,6759.67333559262,-11988.2150514513,-27318.2723166538,-31512.3556710114,125500
12989.3480690594,6619.74752298052,-12144.6150236808,-27489.0225624594,-31694.8883206505,125600
12858.4550371353,6480.09114578747,-12303.629796941,-27663.0824266077,-31883.6336029925,125700
12728.6753463667,6330.6971642927,-12462.68544853,-27868.9520485175,-32072.3543241972,125800
12599.3076795844,6187.92078088359,-12617.1587748916,-28034.6520758484,-32261.0503010842,125900
12469.823018027,6037.62386503165,-12770.347776997,-28202.5039971556,-32428.9486999905,126000
12338.6417454335,5903.07205289297,-12929.8973289744,-28364.2170823682,-32592.3848908047,126100
12207.3804523811,5757.44492994571,-13098.1027793245,-28528.6582289855,-32775.3189287527,126200
12076.0393341115,5628.43081294356,-13265.3946113264,-28714.5011875917,-32957.6407718001,126300
11944.300452141,5489.26345700943,-13412.5784131715,-28900.3297925772,-33133.4118127424,126400
11811.5491629159,5339.10899036768,-13583.9239818031,-29086.1438524634,-33317.5207258056,126500
11691.0872328321,5197.7514577913,-13744.7724917796,-29261.0839088129,-33483.7619388414,126600
11549.9694934031,5067.75207804454,-13907.5639266056,-29420.8118159349,-33639.4946022646,126700
11415.3937942698,4925.24825058544,-14064.5436837519,-29579.2514136443,-33821.8193453828,126800
11282.7122406984,4784.77438732695,-14214.9183884562,-29752.6887956838,-33987.4930713544,126900
11143.239362902,4645.05685385558,-14378.9699708463,-29926.6450694249,-34153.1556598603,127000
10994.3476916009,4517.73612243293,-14542.4421027046,-30110.0662342236,-34318.8293652358,127100
10845.3879797467,4355.10536430496,-14706.9477659209,-30276.5606807718,-34484.5140077962,127200
10696.360446262,4191.13118181647,-14871.558923914,-30452.2228377613,-34666.4628115795,127300
10548.7139114592,4039.89387140203,-15031.0244387394,-30617.2760663423,-34834.6358259066,127400
10412.9593159077,3883.84458821788,-15193.032421916,-30779.2702909397,-34999.675418019,127500
10276.1440277834,3744.26211364325,-15353.2764127573,-30942.2974354791,-35157.2628944797,127600
10121.0492179962,3603.39885419112,-15512.4023241677,-31116.318493028,-35328.5518042104,127700
9980.81347904274,3461.02338311606,-15663.1449048934,-31284.692081626,-35507.1709103852,127800
9839.38096957922,3320.94498060594,-15825.0224549298,-31460.495309763,-35676.7092044712,127900
9705.45595198242,3161.38240935875,-15993.3105704919,-31648.3052226241,-35844.5619171926,128000
9576.36932949212,2994.83187756493,-16161.2697519116,-31825.979315024,-36017.1382380983,128100
9441.83852324993,2857.78439081935,-16335.381851266,-31997.5886310951,-36180.2930914598,128200
9306.90704867385,2720.05001810118,-16502.7771217928,-32181.4440168967,-36349.6201269879,128300
9171.90086421204,2565.05120279659,-16663.1383937158,-32346.4354008225,-36535.2140362544,128400
9036.03971322908,2403.31726642963,-16818.1204034098,-32516.2368441937,-36725.4638768359,128500
8891.59641312264,2268.52415926742,-16983.5319149675,-32679.9004773818,-36915.4707099538,128600
8740.0961681144,2132.91008532115,-17135.3688269355,-32846.560330285,-37091.664471625,128700
8588.53227229377,1981.22684157958,-17303.3682013834,-33013.2315918617,-37256.2764653796,128800
8434.66144436391,1824.18456159512,-17478.2221442822,-33181.6153503857,-37420.8980089868,128900
8279.76677784714,1676.80335838309,-17639.1403456098,-33366.3780329674,-37585.5289323923,129000
8145.19315510821,1519.67615993478,-17791.0309869137,-33551.0758276881,-37750.1690660248,129100
8022.62575315571,1393.17169948086,-17963.0174889647,-33718.7551249766,-37914.8182407951,129200
7899.97987086965,1262.66172472518,-18123.5495029493,-33881.0687329387,-38079.4762880945,129300
7777.25567539555,1131.25860259763,-18286.8596460569,-34059.3537730381,-38255.5786441938,129400
7654.45333363418,985.765924210111,-18447.1808414406,-34236.5206804681,-38433.1711249849,129500
7530.4682915022,846.010894217319,-18596.6915442786,-34400.9140337857,-38610.751780038,129600
7406.1184979766,705.054159161964,-18747.0950015218,-34558.7606680813,-38788.3204433633,129700
7281.69153984498,568.72649933067,-18911.0836428513,-34737.8895380462,-38965.8769495409,129800
7153.03003932819,427.848194604841,-19063.8729551611,-34915.2626303057,-39143.4211337197,129900
7016.50242526182,286.439537825484,-19233.831324995,-35079.888711873,-39320.952831616,130000
6865.54958312688,146.944913942688,-19398.4180085824,-35262.2112853706,-39492.9361178983,130100
6729.23108447442,6.7038774972412,-19566.6690508389,-35421.5658748239,-39676.6429043595,130200
6603.47350159495,-138.520083151626,-19731.7936233806,-35602.3067459813,-39854.5875646962,130300
6469.50843400795,-281.300436690762,-19896.8318577522,-35783.0344467773,-40020.2662509239,130400
6333.19137860074,-437.552775127228,-20052.5352950117,-35957.0605483242,-40184.1604161224,130500
6196.80369554525,-590.128645568428,-20212.7004453491,-36128.9136264097,-40348.5063614994,130600
6060.34556925379,-748.751112521152,-20376.4382792868,-36313.5560163472,-40519.6116524628,130700
5923.81718383314,-907.478253254454,-20534.9325866176,-36487.8114733984,-40690.2427167471,130800
5786.94284670094,-1065.49003505031,-20686.3847780777,-36649.8905302111,-40868.665972231,130900
5647.66887649622,-1201.78502380558,-20850.5487986985,-36823.6135071984,-41056.8228006099,131000
5502.25672987371,-1349.89186307195,-21009.2071350264,-36988.302264842,-41231.7528217592,131100
5367.53720760354,-1515.95191632961,-21161.6263623893,-37169.4361038611,-41397.7191226111,131200
5225.07420984889,-1674.27496416433,-21319.2636716109,-37349.9611687629,-41575.1289743002,131300
5087.91442864809,-1818.41599879784,-21484.5467656222,-37520.3689900987,-41735.6500524126,131400
4950.68573300533,-2003.01667406236,-21651.2637416824,-37697.0153835499,-41927.6405137021,131500
4813.38830495312,-2175.01580413332,-21809.1403459874,-37881.4218238953,-42119.5882832898,131600
4675.72134852397,-2320.42091392178,-21958.0126849188,-38065.8063664288,-42305.4521082752,131700
4513.85944169439,-2483.12085335841,-22124.5081176134,-38244.5938924854,-42483.6515512956,131800
4385.10725218715,-2645.48107090483,-22294.135862091,-38408.1634805515,-42630.901195901,131900
4256.2828376285,-2797.71661978412,-22462.123303899,-38571.7435575272,-42815.0078851826,132000
4117.32830876045,-2949.88509626171,-22629.711223328,-38734.6098745229,-42995.3804597281,132100
3960.78565839936,-3103.48328811182,-22790.4001464623,-38905.7530800329,-43161.9172252375,132200
3804.1887389595,-3255.14905942339,-22946.5772599855,-39087.2546399536,-43328.4550022515,132300
3660.82250166908,-3402.2885337568,-23108.0159890695,-39245.0598710161,-43494.9542878179,132400
3523.83627304163,-3534.96735627649,-23260.1639861883,-39406.739943287,-43660.2105039573,132500
3412.03451582854,-3667.71133737798,-23424.4426205894,-39580.1236925977,-43825.4693700498,132600
3298.63201664017,-3801.48477776024,-23588.0540204578,-39755.5128543221,-43990.7307336753,132700
3160.52388850727,-3931.84743533938,-23751.9694812973,-39925.5042139958,-44155.9944428618,132800
3022.34936701116,-4072.88683770927,-23908.4530568112,-40099.0562434682,-44326.9117971368,132900
2885.21209440955,-4215.72818685852,-24073.3194049749,-40272.6025145404,-44514.0274274586,133000
2747.21731835367,-4382.65808270047,-24242.5756264515,-40448.9194514416,-44675.4647847058,133100
2609.15658565335,-4538.51641358874,-24413.1323293412,-40630.4957000513,-44835.1061273748,133200
2471.47455203106,-4676.05196335599,-24574.7137377263,-40812.0522177718,-44994.6068977737,133300
2333.72807340625,-4820.09813895076,-24726.313353761,-40974.6752037245,-45154.1172469626,133400
2195.12651242904,-4973.72305197831,-24887.9420367442,-41147.5378201918,-45329.8574695103,133500
2062.05221611974,-5105.30924769402,-25052.3128087197,-41335.650817819,-45485.9236250436,133600
1938.80702653957,-5235.98967911444,-25205.9281937753,-41517.4928405357,-45646.779910701,133700
1815.49015515697,-5370.15926179613,-25368.8436446387,-41679.8146195016,-45812.1945821481,133800
1671.03660492868,-5513.09966228417,-25527.9477807451,-41843.3511256266,-45981.2604953039,133900
1526.19119440011,-5656.29635124219,-25681.8362961832,-42016.2349037217,-46151.441320428,134000
1380.91729800319,-5799.98530128708,-25840.4635644235,-42182.3416959998,-46326.8846360958,134100
1234.39126210394,-5943.73065012383,-26004.7510413748,-42351.1650499072,-46507.2121884128,134200
1087.80603422266,-6089.73016314936,-26176.6505608835,-42524.7864757319,-46675.2199656134,134300
952.4383179821,-6242.74886424992,-26351.9206329367,-42698.3997120862,-46838.7382074354,134400
819.12489386294,-6382.04479454481,-26516.3044115919,-42872.0046084091,-47011.747671438,134500
683.238046340878,-6525.6064768361,-26668.8147833053,-43044.5877078319,-47187.2712480322,134600
533.532874418955,-6670.88724198717,-26835.0984687706,-43214.0794146105,-47362.7778170878,134700
386.812487506914,-6822.56484304287,-27003.5194913259,-43366.8557963072,-47537.8168322534,134800
247.144541073714,-6984.82323279184,-27163.9059857423,-43545.6087263143,-47711.7764826477,134900
102.869648006136,-7128.40920462881,-27322.2287871031,-43723.933813994,-47886.7888854822,135000
-41.9137720864177,-7291.99924853451,-27491.7515917079,-43903.7121980481,-48061.4083773009,135100
-184.893237839762,-7452.77555419649,-27657.2295443183,-44081.2958098126,-48236.9147626016,135200
-338.235991203852,-7595.14052712949,-27820.2012538803,-44255.0255687587,-48412.4031481604,135300
-477.885930923393,-7745.88944810446,-27990.5002068068,-44428.1590893617,-48587.8733969221,135400
-616.841469092601,-7890.77221894313,-28153.429733253,-44601.2899127782,-48763.3253723182,135500
-755.859202662511,-8042.5419713376,-28316.0005395348,-44774.082127458,-48938.7589382664,135600
-894.938962893492,-8183.97129361774,-28480.3800529765,-44948.8731462416,-49114.1739591685,135700
-1034.20240223986,-8323.52516231601,-28639.4270489577,-45118.4715590967,-49289.5702999098,135800
-1183.78124879784,-8464.53675198676,-28801.922089402,-45291.3966220201,-49464.9478258578,135900
-1340.47238924245,-8607.51718435641,-28969.3398093591,-45457.2396261129,-49640.3064028609,136000
-1497.21232737866,-8750.66291673589,-29135.9366624893,-45624.5850066722,-49815.645897247,136100
-1654.0008745329,-8894.73751788867,-29298.633181148,-45798.6815438086,-49990.966175823,136200
-1783.11139854209,-9038.02569576649,-29453.6167210856,-45975.2752188423,-50166.2671058727,136300
-1908.36573643653,-9191.8629820166,-29616.9162235963,-46144.6546992596,-50341.5485551562,136400
-2034.54517921364,-9332.21077720829,-29786.0700348024,-46314.942106189,-50516.8103919087,136500
-2192.582505162,-9481.07146206485,-29950.8989235573,-46485.1966734251,-50692.052484839,136600
-2358.1798277169,-9634.52106674842,-30117.3567138962,-46655.2216506953,-50868.2158655092,136700
-2524.2859394867,-9771.73008007261,-30290.7962574436,-46820.1835070273,-51051.4408548639,136800
-2690.43099120861,-9908.99601717672,-30448.4884437954,-46994.9978060297,-51234.6309218919,136900
-2829.75154190077,-10057.5816231468,-30616.2501306176,-47170.0565172093,-51417.2245455422,137000
-2958.8029015538,-10211.6531085469,-30784.046240151,-47345.8245092486,-51599.2750637662,137100
-3087.91926269552,-10351.041907628,-30946.4262423702,-47522.0080958418,-51781.2920849773,137200
-3217.10047632154,-10508.5563144906,-31102.6892459119,-47707.377116288,-51963.27548839,137300
-3346.34639365147,-10667.929198548,-31259.2729863163,-47887.5292906246,-52145.225153723,137400
-3475.65686612845,-10827.34133934,-31423.850635853,-48059.6143639537,-52327.1409611983,137500
-3603.77356704244,-10983.6409515029,-31590.2254894793,-48232.7808263982,-52490.9129580105,137600
-3735.83444009794,-11115.2717561187,-31752.0999990188,-48405.7372609194,-52649.1011915472,137700
-3864.57282653519,-11267.7871954797,-31907.0708475737,-48583.6265835441,-52814.4080200442,137800
-3993.54134417991,-11411.3538468374,-32076.3979586563,-48766.2109414521,-52985.6143439447,137900
-4129.27345772975,-11558.2642863163,-32238.9909308567,-48942.3167644167,-53161.8612610836,138000
-4270.45731071991,-11700.0042801871,-32400.4806488336,-49112.74530972,-53340.4635584555,138100
-4412.93280720623,-11841.796589678,-32564.2845249624,-49283.0938609813,-53519.0374114481,138200
-4559.35401524473,-11984.7679606926,-32729.7106187291,-49452.7693995096,-53697.5826999357,138300
-4712.66698251201,-12130.3974268496,-32892.3125227264,-49622.7684534317,-53876.0993042667,138400
-4866.02841338839,-12276.0759521086,-33056.3698345902,-49798.2090685762,-54053.9981276228,138500
-4995.15482711057,-12432.3646258276,-33217.0963304915,-49968.7594753473,-54231.7033900931,138600
-5123.35153452843,-12592.6675442117,-33392.6647753859,-50145.9455317349,-54409.3809833837,138700
-5264.63960134875,-12739.2983291586,-33569.0695701701,-50327.3451400431,-54586.696814925,138800
-5406.73416952567,-12886.0572426205,-33744.9718272871,-50481.6694490759,-54756.2710160965,138900
-5549.04116603327,-13034.6582652772,-33913.9446049046,-50660.4142409408,-54925.294549161,139000
-5688.47580428195,-13190.7947947748,-34082.6561633791,-50842.0931306685,-55094.2144575453,139100
-5820.35385987065,-13346.9712551545,-34251.4915657637,-51021.3003096849,-55263.1212426705,139200
-5975.12044491966,-13504.0546023872,-34425.9418822675,-51195.6904340123,-55432.5684001794,139300
-6120.09315092191,-13659.6201084757,-34601.8882231693,-51362.921982245,-55602.0317952515,139400
-6273.78092710365,-13803.9633309502,-34766.3361922575,-51528.2644883384,-55771.480707368,139500
-6430.37905329838,-13949.0593637579,-34924.2567231782,-51693.4686596905,-55939.9995790136,139600
-6587.02136285996,-14104.6168571692,-35085.4380909719,-51859.2633055546,-56108.3573611029,139700
-6744.36727165443,-14261.6287777706,-35251.2051756912,-52024.9465645553,-56280.9635174496,139800
-6901.82049945607,-14418.8422849986,-35419.3813435719,-52203.5886076727,-56463.2136577461,139900
-7059.3168429377,-14571.8944077859,-35586.8553753576,-52377.7033476718,-56645.4253862054,140000
-7201.6718124922,-14717.8864019886,-35751.7397734551,-52551.3108109949,-56827.5985959478,140100
-7342.30119590508,-14878.0683530451,-35908.1215495682,-52724.0598126457,-57009.7331805681,140200
-7490.63349927779,-15024.2410827164,-36070.1541076409,-52895.2999024667,-57191.8290341332,140300
-7647.25203337916,-15166.7129030417,-36229.9026415708,-53066.28531515,-57373.7884530677,140400
-7803.91363571453,-15309.2335776163,-36400.1180133013,-53240.2105726722,-57543.4831212128,140500
-7953.17482962509,-15463.8810310112,-36574.0024679044,-53413.931148933,-57713.1611780899,140600
-8084.76238665649,-15623.0057508744,-36742.7798892108,-53587.6333350509,-57882.434536905,140700
-8216.57278400041,-15773.7671463367,-36914.3750407866,-53759.4613492539,-58059.6349136462,140800
-8349.40596977051,-15934.5378965926,-37079.6041907436,-53930.9551089143,-58240.5716215344,140900
-8514.77245355536,-16083.1824628346,-37242.4040326638,-54102.4338363402,-58415.7423893581,141000
-8672.14337210818,-16235.4315096854,-37403.5275354179,-54273.8974100179,-58584.1940682288,141100
-8835.26113542298,-16383.0422575497,-37576.0790652064,-54443.3496834945,-58754.1572946717,141200
-8998.69401876965,-16549.389628362,-37738.5040860238,-54617.9723173045,-58951.2905622643,141300
-9160.09294839687,-16732.9197438845,-37900.9433349057,-54794.8457554207,-59127.2223039126,141400
-9326.44937240129,-16897.1243710153,-38067.7890946959,-54975.1473188093,-59296.3943732287,141500
-9501.51251496746,-17049.1334471775,-38238.2170367868,-55136.893117205,-59477.681200581,141600
-9666.18414289539,-17201.1826390378,-38406.541448863,-55309.6191257945,-59660.1649516038,141700
-9813.40493949519,-17351.8744997976,-38564.7587494002,-55479.9161141467,-59842.6066505087,141800
-9936.17826950356,-17494.3265604944,-38739.4907654014,-55651.3571183989,-60024.4433824312,141900
-10089.3056221852,-17652.4975343778,-38916.869016688,-55824.247768882,-60203.4051875857,142000
-10251.3425601022,-17802.8111377449,-39081.7679156049,-55997.3483166834,-60386.0177964812,142100
-10413.4152915199,-17952.084377023,-39246.7956303896,-56177.2069414568,-60565.0733307703,142200
-10544.2195198329,-18097.2786430086,-39410.6296935596,-56355.6744128547,-60741.5166076553,142300
-10652.9831465903,-18252.6181856827,-39570.7883215993,-56534.3407006443,-60918.2206527606,142400
-10762.4015859179,-18402.5760710491,-39734.0120524007,-56711.1383315825,-61094.7467518835,142500
-10914.7647102948,-18561.8473781884,-39900.0994259366,-56887.9094762668,-61270.8795716564,142600
-11072.7913346047,-18742.8459166359,-40058.8455966296,-57064.913150532,-61446.6804346663,142700
-11231.4111249159,-18891.8119230812,-40218.6176239706,-57241.1524678796,-61622.4504857806,142800
-11391.7486375096,-19037.1349988096,-40385.7996253654,-57416.7252625739,-61794.8821044427,142900
-11552.1226974929,-19182.5021055389,-40552.9877972699,-57595.813299287,-61959.2590952187,143000
-11712.5331391751,-19329.4123060626,-40720.1819997607,-57772.4021670767,-62123.5894672576,143100
-11881.2851192758,-19486.5258483178,-40885.0230674221,-57946.7004629935,-62287.8248198461,143200
-12060.2285902274,-19623.4698760383,-41046.411000271,-58122.329128563,-62451.8796036559,143300
-12239.1883235212,-19766.8946129686,-41214.9183016646,-58298.3627765052,-62628.3533031501,143400
-12385.5177827489,-19915.6167230471,-41383.0255537076,-58465.37155964,-62797.3742434436,143500
-12524.8542059397,-20062.0930654161,-41550.7542959004,-58648.0358244549,-62961.6115270763,143600
-12669.8599823258,-20204.2715266211,-41716.3226217549,-58818.5502287249,-63125.8367384362,143700
-12828.4371377027,-20361.5331914655,-41890.5159002435,-58985.6851208706,-63290.0497705761,143800
-12968.4848819809,-20515.6577156975,-42055.3699393514,-59158.9059938415,-63454.250516895,143900
-13105.515884323,-20669.8882975414,-42220.7946254107,-59322.7769521695,-63618.4388711371,144000
-13242.5995188687,-20831.6670478286,-42386.4152486952,-59496.6385659343,-63782.6147273908,144100
-13379.7356474131,-20997.8124558112,-42547.7569595794,-59662.6107358014,-63952.2826779696,144200
-13516.9241319713,-21142.5452497423,-42712.7847302477,-59831.363471056,-64132.3955857008,144300
-13654.164834778,-21293.6200483578,-42875.26465422,-60002.4207976126,-64312.4668948016,144400
-13791.4576182869,-21449.6372778516,-43041.1794887424,-60173.458789417,-64492.4965169043,144500
-13919.1266707876,-21597.7676439536,-43214.5083671869,-60344.4773387281,-64671.3570728231,144600
-14049.7277051536,-21744.6869359816,-43386.0509670538,-60518.5510783324,-64840.7275307934,144700
-14187.9085703471,-21884.6544060969,-43555.2591809225,-60690.1503705222,-65010.0758072983,144800
-14327.7533059868,-22028.5908602587,-43725.8214318122,-60860.7173570933,-65179.4018029701,144900
-14478.6979475571,-22178.699444899,-43889.6273024152,-61031.2651001927,-65348.7054188045,145000
-14616.3003390491,-22329.4108435275,-44054.0344079103,-61201.7828034918,-65517.9865561605,145100
-14753.9538545338,-22479.9634115504,-44213.5288582233,-61372.5427774794,-65686.5046415688,145200
-14891.658358208,-22629.4133499775,-44372.0233457432,-61547.1467755685,-65854.8472336665,145300
-15029.5342592966,-22784.5930564963,-44540.4795496851,-61717.1601785291,-66023.1686595291,145400
-15175.9099716555,-22936.0530311952,-44705.3816857812,-61889.8502187484,-66191.4688210483,145500
-15325.9352806816,-23088.4654149945,-44869.2063074937,-62068.2838229231,-66359.74762047,145600
-15476.4666500863,-23245.4327386806,-45036.6851848236,-62237.9170440549,-66533.101484791,145700
-15627.2730516907,-23401.7681737801,-45202.5915589341,-62408.1441868705,-66712.9242121632,145800
-15778.1208427377,-23548.0340870667,-45364.9457206729,-62587.0320645675,-66879.047647472,145900
-15929.2499992575,-23695.4523214975,-45535.9874120608,-62765.7794615207,-67053.9434022916,146000
-16080.4569565068,-23839.6952308631,-45705.0414112261,-62940.4496121997,-67227.9356939424,146100
-16231.7046272145,-23985.0396890637,-45877.8408187919,-63115.9339366587,-67402.170114191,146200
-16385.1603843342,-24130.4244727649,-46036.9427679656,-63293.0674028664,-67576.7605950953,146300
-16542.4152742759,-24275.8494464623,-46202.7191026776,-63461.9574159312,-67742.7410847328,146400
-16699.7054766001,-24422.1819349614,-46369.5509393437,-63632.6398186807,-67921.7132474472,146500
-16857.0308396805,-24573.5607182356,-46534.1987163468,-63807.6867676656,-68092.579165807,146600
-17014.3912121869,-24733.9942219563,-46702.0440951421,-63982.4969103562,-68259.5386637283,146700
-17152.1274273198,-24894.455072089,-46862.0144058355,-64157.2777960912,-68426.4774315754,146800
-17288.8427800502,-25053.7292716221,-47022.0753577241,-64326.8253457949,-68593.3953753681,146900
-17440.4043284943,-25213.2796692814,-47178.2154087864,-64505.3390164271,-68760.2924014638,147000
-17594.4686211491,-25361.3596794922,-47335.2385916885,-64678.2217850345,-68927.1684165563,147100
-17742.8416636905,-25505.9597641004,-47496.8968712834,-64839.3656237266,-69095.009427623,147200
-17887.84877963,-25662.1600525129,-47656.7485281441,-65020.0320742261,-69268.5171229983,147300
-18038.0477722885,-25819.1819030266,-47813.9787049674,-65190.7694310003,-69441.9915535823,147400
-18189.7837357962,-25973.0110540559,-47971.2218197991,-65368.3964074267,-69615.4326343379,147500
-18341.5583369295,-26125.0586113975,-48137.8275171977,-65545.4762355617,-69788.8402805909,147600
-18493.3714322462,-26277.1396066969,-48310.1646379328,-65722.3563068525,-69962.214408029,147700
-18645.5881612568,-26429.2539024087,-48477.4473219826,-65899.2018855318,-70135.5549327004,147800
-18791.8302838059,-26566.7359797266,-48641.0425043363,-66075.601674552,-70308.716168832,147900
-18931.5887861735,-26702.0045166029,-48816.0043390611,-66251.9785090832,-70481.4717479355,148000
-19071.3938988767,-26838.6815427309,-48977.2153548402,-66429.2010228089,-70642.4392953898,148100
-19211.2454917399,-26998.8702413613,-49137.2297652884,-66606.2375034592,-70810.9227779318,148200
-19351.1434347986,-27166.564191248,-49297.2528435867,-66779.8764800442,-70988.3131577712,148300
-19496.4681513997,-27307.4578571917,-49461.3974356625,-66939.007507782,-71169.6785370088,148400
-19667.6921268592,-27448.3926130158,-49632.0094431007,-67096.3877765486,-71346.9439521342,148500
-19839.0101904017,-27595.840469372,-49803.2824547611,-67261.7876840614,-71522.1103737661,148600
-20010.3468895788,-27763.4802328157,-49962.8664959649,-67433.2018653677,-71695.1770790409,148700
-20165.9648943174,-27931.6641770027,-50114.8824616911,-67592.096832105,-71865.4241495018,148800
-20317.9102412939,-28099.8642350654,-50275.3936365849,-67762.5984383285,-72031.9746946727,148900
-20469.8925831099,-28264.6584552719,-50434.637142478,-67925.9428191613,-72198.5022817301,149000
-20622.1060605703,-28427.623818022,-50604.338547351,-68108.9146326812,-72367.5375189315,149100
-20770.8878689141,-28574.2365000175,-50765.1364557912,-68292.6296664491,-72551.8801546087,149200
-20916.4668328836,-28737.9029276552,-50930.9672517069,-68476.294337391,-72720.2385038576,149300
-21062.0871390564,-28902.5343864358,-51096.8655308021,-68651.031890381,-72888.1530431506,149400
-21207.7486548404,-29042.3281657317,-51266.2903029453,-68829.3235701526,-73056.0415831635,149500
-21353.4512478714,-29182.2529523895,-51425.0789632642,-69013.9107503102,-73223.9040404332,149600
-21499.1947860139,-29334.489791449,-51593.3918206147,-69198.0956737511,-73402.92400776,149700
-21655.4317786306,-29490.6359281551,-51754.0681505129,-69374.4883589613,-73583.1089686892,149800
-21818.2343776799,-29646.248971431,-51915.3415985194,-69541.1764001041,-73763.243551066,149900
-21982.6758059299,-29805.4430968964,-52085.9178421403,-69707.7594719581,-73943.3276913429,150000
-22128.7140442638,-29950.4777783253,-52248.8652937011,-69873.6601110964,-74117.3576175561,150100
-22296.1131756845,-30100.1513381728,-52402.5158187556,-70039.5422368963,-74290.475604501,150200
-22452.6221127086,-30252.3960647914,-52560.8277023039,-70211.9621451705,-74463.4583675491,150300
-22605.3946844357,-30395.529729772,-52721.9182332502,-70384.6120754896,-74635.8515446882,150400
-22759.8316178697,-30535.5796570576,-52879.0241155143,-70557.2314088176,-74808.2090594588,150500
-22916.3226343483,-30675.6691508015,-53047.8930200564,-70729.811139026,-74980.5308375973,150600
-23063.29110534,-30819.9158487682,-53218.8456373295,-70897.868279721,-75151.2840646993,150700
-23212.6659664265,-30990.380059854,-53389.7893458282,-71065.9025024157,-75318.6863935383,150800
-23357.2134506095,-31165.7978319879,-53557.0155953323,-71233.1468613023,-75495.2246672732,150900
-23511.3067164501,-31338.653061373,-53724.4065355466,-71404.5360970713,-75670.6115513837,151000
-23664.7665460364,-31509.8860073618,-53882.3940692148,-71569.8320924265,-75842.801529158,151100
-23814.4815072816,-31660.2948598856,-54046.2940953831,-71737.62334137,-76010.3642774458,151200
-23965.8347971569,-31807.8906202958,-54210.1945159152,-71914.6559916985,-76177.1628320156,151300
-24113.0264825396,-31955.5195761899,-54374.7083528725,-72092.4193936195,-76343.934808662,151400
-24261.5907859418,-32103.1816038819,-54542.2035142626,-72270.141096231,-76510.6801294773,151500
-24405.2471508408,-32251.6142783625,-54708.7073333275,-72445.4014909101,-76677.3987168588,151600
-24544.7881794286,-32413.1721281806,-54872.5478138804,-72615.9429711284,-76844.0904935082,151700
-24684.3721309267,-32562.8363465283,-55032.6262893798,-72786.4558307163,-77010.7553824309,151800
-24822.5137354485,-32712.5315964742,-55191.1337697374,-72955.9996927842,-77177.3933069354,151900
-24963.198766912,-32862.4451386522,-55352.7971536565,-73124.9443735294,-77344.4209485688,152000
-25112.5011486143,-33019.3290225106,-55515.4161690995,-73293.8629068795,-77517.7605487897,152100
-25262.6392177143,-33180.228445973,-55682.1752976889,-73463.2668973587,-77691.0603080763,152200
-25409.3888118548,-33341.320991097,-55850.5953959792,-73632.7394438194,-77864.3201599826,152300
-25556.5735395714,-33504.2175833975,-56012.0438837388,-73801.0634886537,-78037.5400383877,152400
-25704.2301713461,-33671.5132276654,-56179.303859958,-73971.6162452598,-78211.720634487,152500
-25851.9233508895,-33843.7123301196,-56347.6341703485,-74134.5295058138,-78385.9886282164,152600
-26008.1566475373,-34015.9184297314,-56514.5168203815,-74292.5939673843,-78560.2142079903,152700
-26166.0664598213,-34151.9167693796,-56683.5309190876,-74450.6488811521,-78734.3973108756,152800
-26324.1000102353,-34301.8745355534,-56852.8131571764,-74610.4988832585,-78908.5378742634,152900
-26482.8478400066,-34436.5828233823,-57016.6911826555,-74774.2339571709,-79082.5129769582,153000
-26639.9292834175,-34597.736004721,-57181.04030104,-74937.950490027,-79256.2409684614,153100
-26786.3835328248,-34760.8053448803,-57346.324868019,-75101.6483990203,-79429.9268409038,153200
-26946.0203639719,-34925.2343254997,-57506.4392916378,-75265.3276016271,-79603.5705325395,153300
-27098.9859591022,-35074.2202517017,-57670.4741246054,-75428.9880156062,-79769.7658178747,153400
-27252.3735699008,-35222.678951047,-57834.5066900044,-75594.6400445636,-79939.4097858835,153500
-27405.792155391,-35371.5253792504,-57993.2421638878,-75765.4378340452,-80112.2696149467,153600
-27559.2209347747,-35520.4015144488,-58151.0906654966,-75935.8443537415,-80285.088394681,153700
-27709.1116240235,-35669.3072380032,-58315.1232065251,-76106.21981582,-80457.8660636274,153800
-27858.0569090633,-35830.883894568,-58479.7699276486,-76276.5641465473,-80632.4063988614,153900
-28007.3228729711,-35982.7062125633,-58649.1524307155,-76446.8772724953,-80807.5345482847,154000
-28158.8741942679,-36130.3273321847,-58823.9871317236,-76612.4325015937,-80982.6164909186,154100
-28310.4572094607,-36277.9788942091,-58991.9470652891,-76785.4762281458,-81157.6521709205,154200
-28460.7665688542,-36426.8041930997,-59153.5718277603,-76958.4836245462,-81332.5430843441,154300
-28610.2784769921,-36584.48786146,-59316.2039310994,-77129.9004813724,-81507.3633573316,154400
-28760.9460619648,-36737.6541316926,-59483.4210559172,-77290.5146421646,-81682.1374458162,154500
-28912.0268616681,-36902.6536075538,-59650.6302069375,-77451.4461250407,-81853.6850611022,154600
-29064.7027823871,-37064.9322282307,-59813.6665672099,-77625.2975787363,-82024.9231629384,154700
-29213.4884123555,-37227.6298979095,-59974.1540155877,-77799.1105045742,-82196.1218315116,154800
-29367.1590773532,-37390.3431885851,-60134.6424089541,-77972.8848362938,-82367.2810068572,154900
-29514.5819714659,-37546.542117312,-60295.1316452803,-78146.6205079457,-82539.8517547212,155000
-29665.0065093338,-37693.0329463068,-60461.7183752449,-78320.3174538913,-82713.2056445971,155100
-29815.5762375113,-37847.9658483238,-60626.2843343612,-78493.9756088019,-82886.5026049535,155200
-29966.5282783801,-38003.4208331056,-60790.685401577,-78667.3497607295,-83059.7553380852,155300
-30123.7273120054,-38152.6919953955,-60955.2182915023,-78838.9255336423,-83232.9637894289,155400
-30284.8494235395,-38323.9942362123,-61120.7744015962,-79010.7233270155,-83406.1279047238,155500
-30445.9934274639,-38484.7538396636,-61290.0775814165,-79167.8853689697,-83579.2476300101,155600
-30607.1591960935,-38647.2423138886,-61462.7173554366,-79333.4229428227,-83752.3229116282,155700
-30768.3466020042,-38771.1962690389,-61630.1443195926,-79499.308421579,-83925.3536962183,155800
-30922.2017520853,-38913.3122811906,-61800.1577014585,-79663.4371313763,-84098.3399307191,155900
-31050.7058154494,-39069.009048621,-61970.1576287023,-79831.9361516746,-84271.2815623673,156000
-31179.2544980255,-39224.7272122331,-62134.4513335006,-80003.3398664742,-84444.1785386962,156100
-31323.6657891266,-39380.4666546669,-62298.1742640383,-80164.2761717869,-84617.0308075357,156200
-31473.9051092981,-39536.7074313263,-62459.9463127156,-80337.3147308624,-84789.8383170109,156300
-31624.8465847724,-39693.4711575614,-62623.4872782685,-80510.6021472904,-84962.6010155411,156400
-31775.8182583309,-39849.267789327,-62784.6698806746,-80683.8496455601,-85135.3188518396,156500
-31926.8200108572,-39999.598988021,-62948.2268788061,-80857.0571651508,-85307.9917749123,156600
-32077.8517234513,-40149.6185630617,-63111.77886464,-81026.5038531468,-85480.6197340571,156700
-32228.913277429,-40293.6352865413,-63268.8382663611,-81201.0231874853,-85653.2026788631,156800
-32380.004554322,-40452.0563451493,-63423.9029841696,-81375.4998572515,-85825.7405592097,156900
-32532.329602785,-40610.7922087367,-63578.9728595615,-81549.933804817,-85998.2333252659,157000
-32684.7661130844,-40771.3699842039,-63741.6323946252,-81723.9007579622,-86170.4474876092,157100
-32839.1305741914,-40932.4769077832,-63910.9503511224,-81893.5404208437,-86342.5255065408,157200
-32987.0120655701,-41093.5986310795,-64080.2538163322,-82060.7679125947,-86513.8004178659,157300
-33139.5268108369,-41254.73503724,-64246.3230765844,-82229.0965841716,-86679.9450607532,157400
-33302.3455732076,-41410.7461118014,-64422.0132599177,-82402.9879008358,-86846.0563864289,157500
-33458.9635482294,-41551.1636737196,-64601.9097791056,-82573.4552567625,-87012.1343365808,157600
-33607.0958637912,-41691.6136671468,-64770.8826232886,-82739.7649281013,-87177.9874410126,157700
-33755.4647518985,-41832.0959891823,-64928.2250715322,-82905.6560242016,-87343.609353727,157800
-33906.3968906159,-41973.0281238643,-65095.5458653942,-83072.2987217697,-87509.1984714389,157900
-34063.9196249861,-42126.5493112946,-65266.9050236936,-83238.5227119638,-87674.6474369587,158000
-34217.6387565155,-42282.7074092874,-65439.8166591292,-83404.7180100844,-87844.8038319042,158100
-34364.2068398017,-42442.5736891325,-65611.0520705566,-83570.8845507281,-88014.6342507041,158200
-34510.8572418965,-42594.7693767333,-65776.0089919128,-83737.5261906766,-88177.0207178207,158300
-34657.5394405198,-42747.950253161,-65937.4156792457,-83915.0470885331,-88339.0830974322,158400
-34805.3797172884,-42900.4285083476,-66097.573932208,-84084.4523527395,-88502.041259346,158500
-34956.8051339004,-43045.7692115913,-66260.6920531649,-84251.6892112747,-88668.2234912101,158600
-35108.2582943972,-43194.0569567518,-66432.1512338642,-84416.5870252018,-88842.4779672496,158700
-35258.4509831568,-43360.222460435,-66597.0189873747,-84582.535359386,-89007.2377350421,158800
-35396.2706845816,-43520.7517650979,-66757.418356749,-84750.3965583623,-89173.6920396645,158900
-35536.7926199138,-43675.0531000722,-66918.3004982554,-84921.7815883338,-89342.688132692,159000
-35683.5225463626,-43825.1812731194,-67077.2509241633,-85086.2707975953,-89511.6434503149,159100
-35830.8843513961,-43971.3668864402,-67246.3671596905,-85250.4751079495,-89680.5579438695,159200
-35979.243943477,-44107.1029396274,-67414.413891604,-85414.6528599863,-89846.9394072124,159300
-36127.6331552708,-44251.7551093126,-67575.4342812666,-85578.8039896029,-90010.0427207224,159400
-36276.0518761192,-44413.5496646053,-67747.6992745884,-85742.9284329476,-90173.1159574802,159500
-36424.4999955587,-44560.9952325382,-67909.8107668122,-85912.4097500619,-90340.4562715674,159600
-36572.9774033206,-44709.2357030624,-68078.4350806498,-86084.213409792,-90510.8539156141,159700
-36721.4839893303,-44868.6640129698,-68246.9388716779,-86255.9648973916,-90689.6725632992,159800
-36870.0196437071,-45033.3221528359,-68416.7867202645,-86424.1516048346,-90864.2815756695,159900
-37018.5842567644,-45199.7456778218,-68586.6170000771,-86590.1044071774,-91033.8865732065,160000
-37167.1777190086,-45367.9309784201,-68756.4381755335,-86757.8019482008,-91203.4481678572,160100
-37315.7999211395,-45532.3603566886,-68926.224510516,-86929.2370371401,-91372.966315807,160200
-37464.4507540498,-45690.9314938913,-69092.5121192799,-87096.9039953149,-91541.9032041189,160300
-37613.1301088246,-45852.7260614238,-69256.1143848332,-87267.8865827971,-91710.694368018,160400
-37761.8378767417,-46008.4927643581,-69421.4695537736,-87444.0719539972,-91879.1676571911,160500
-37910.5739492705,-46160.5966569328,-69583.6803449028,-87620.2062739312,-92047.4981972654,160600
-38059.3382180725,-46309.8997703718,-69748.1949406733,-87795.4301722631,-92215.7872203393,160700
-38208.1305750004,-46469.456441331,-69918.4650804603,-87968.6267413671,-92384.0346818941,160800
-38356.9509120983,-46633.8015358848,-70091.9825583456,-88141.777944312,-92553.4150964417,160900
-38505.7991216013,-46789.8015790822,-70264.2463288733,-88314.4709405784,-92722.9153786658,161000
-38654.6750959349,-46941.0791017605,-70430.6474011689,-88487.0930463297,-92892.3712598407,161100
-38803.7063768017,-47093.4228397059,-70592.169042374,-88659.5348360244,-93061.7826990266,161200
-38952.7875959774,-47244.2796717158,-70758.4804043084,-88831.8445415297,-93225.1413980723,161300
-39101.9132157565,-47394.518424826,-70927.6459725083,-88993.1533680761,-93393.3614397029,161400
-39251.8670704264,-47547.4689790909,-71106.5028715169,-89152.4981433379,-93561.6994519828,161500
-39406.7907526534,-47684.9667480819,-71271.7930761061,-89311.8218379426,-93729.9948134321,161600
-39567.9254619473,-47822.8035945522,-71438.4419461468,-89478.7521137019,-93898.247482423,161700
-39709.7850031354,-47979.4725213483,-71600.9990015144,-89652.0964745729,-94066.4574175754,161800
-39851.6767947922,-48139.9350704881,-71772.4531911993,-89825.1724087392,-94234.6245777562,161900
-39997.9929725678,-48300.4088782067,-71940.4092403109,-89984.339572926,-94402.7489220783,162000
-40146.8429100527,-48461.3800103115,-72101.274343557,-90160.6786176666,-94570.8304099002,162100
-40295.7353336712,-48621.6637380785,-72260.0481405315,-90336.9640858564,-94738.8690008252,162200
-40445.6153794358,-48781.8967977504,-72416.1853124478,-90513.1959426068,-94906.8646547007,162300
-40602.6201195322,-48942.4145858371,-72577.4153789504,-90689.014779982,-95074.2246388864,162400
-40766.83493037,-49101.3259104606,-72738.180643349,-90864.4456545353,-95224.6923880313,162500
-40931.0618656073,-49262.963227038,-72904.0630546209,-91034.1894531113,-95365.997297125,162600
-41078.6970088468,-49423.7446231035,-73075.8797109329,-91203.0313418298,-95507.3017111001,162700
-41223.8784099326,-49583.5399202901,-73241.1830187792,-91371.4410465715,-95656.7745897235,162800
-41369.0888728495,-49736.3074352603,-73406.4720412466,-91536.0641194976,-95818.6541163426,162900
-41511.4388921603,-49886.1339500771,-73575.0006000923,-91700.1434858816,-95980.5018431174,163000
-41647.153062504,-50036.7099618618,-73740.0937606363,-91863.9717418612,-96142.3177218763,163100
-41793.1814644775,-50184.94699844,-73904.9190033468,-92027.2507545666,-96303.9804799889,163200
-41949.7270370319,-50334.6537971486,-74070.045561925,-92190.5002495559,-96465.2018181714,163300
-42095.5735799387,-50489.502947445,-74240.0387035772,-92353.7201729368,-96626.3921540682,163400
-42240.956295256,-50649.0606898387,-74414.5713659802,-92519.3119938763,-96787.5514396061,163500
-42388.9825170502,-50808.2223671729,-74582.2576637043,-92686.2898934046,-96948.6796269307,163600
-42538.6903715609,-50966.9175262093,-74743.9928856632,-92855.2031858265,-97117.5173601445,163700
-42688.7883570226,-51116.9264375057,-74906.9774184781,-93024.0759186096,-97287.6525853217,163800
-42839.678884305,-51267.7098498266,-75069.2129037891,-93192.9080476037,-97457.7385570377,163900
-42990.5930734703,-51421.0977218959,-75235.0129363548,-93361.6995288995,-97627.7752450671,164000
-43141.5308217743,-51572.0498361695,-75400.7189753467,-93530.4503188287,-97797.7626194221,164100
-43292.4920266594,-51718.7985064707,-75567.1347317685,-93699.1603739626,-97967.700650351,164200
-43443.4765857544,-51872.3618067545,-75733.5334232735,-93867.8296511119,-98137.2528611258,164300
-43594.5872802036,-52028.6640681116,-75898.7352707376,-94037.8286794796,-98304.9894538746,164400
-43745.8414259984,-52187.7703389497,-76071.3704303119,-94209.8876566651,-98476.2772489739,164500
-43897.597367354,-52344.2706959975,-76238.8278788843,-94383.2251832734,-98647.5125274795,164600
-44051.7819138433,-52498.9625078428,-76406.2659958199,-94555.7475314258,-98818.6952638604,164700
-44205.9865891425,-52664.3927387544,-76568.2543795324,-94725.6044142493,-98989.7771594521,164800
-44360.211290344,-52823.5802171367,-76729.7445740478,-94895.417479281,-99160.0998669098,164900
-44514.4559147348,-52968.6337092539,-76888.8447531028,-95064.3502082829,-99330.3715796037,165000
-44668.7203597966,-53118.2774629761,-77049.0487265935,-95233.8362739513,-99500.5773120463,165100
-44823.0045232053,-53269.8181283557,-77211.881227659,-95404.9619710877,-99663.3193755267,165200
-44977.4871625943,-53422.8464588978,-77371.977332808,-95575.9825958537,-99827.7220378914,165300
-45132.4651702116,-53576.5371882263,-77534.3421044581,-95746.4165375732,-100000.643235616,165400
-45286.8063592696,-53731.4581722703,-77698.8948049392,-95916.8047531204,-100173.5070882,165500
-45440.5575018141,-53886.7476597025,-77864.4875814381,-96084.2542932588,-100346.313577494,165600
-45595.547230363,-54048.7859250961,-78029.3666904861,-96248.5873430564,-100519.06268558,165700
-45746.1274320363,-54217.4372004802,-78189.5092140451,-96417.4639054227,-100684.0447935,165800
-45904.7981224853,-54380.2756582494,-78354.4280801225,-96585.2293621471,-100846.985367994,165900
-46053.1851098396,-54535.2406520355,-78524.0485448325,-96755.0877103837,-101009.888680035,166000
-46201.5960961871,-54690.2189434791,-78692.8182561001,-96923.8348778967,-101172.754691629,166100
-46350.0309843583,-54845.2104375285,-78856.7414566202,-97091.722437674,-101335.159827873,166200
-46498.4896773551,-55005.6590723505,-79020.6494945567,-97259.3803674787,-101497.148671171,166300
-46646.9720783498,-55166.4293923628,-79184.5422968032,-97426.9969971189,-101659.101625799,166400
-46795.4780906858,-55327.2066385522,-79348.4197904756,-97594.5722882345,-101821.018653287,166500
-46944.0076178765,-55485.6008274766,-79512.2819029107,-97762.0884338087,-101982.836385183,166600
-47092.5605636058,-55634.4670526151,-79675.2345484289,-97926.0464628604,-102145.8913222,166700
-47241.3413394617,-55783.3517074078,-79838.2909877728,-98085.3045225756,-102308.431753631,166800
-47390.8855841298,-55932.2547007292,-79997.5888448043,-98244.5360946843,-102470.934728189,166900
-47539.4980182722,-56081.1759416233,-80159.8356268355,-98406.8816862162,-102633.400209602,167000
-47688.1334952997,-56233.8352043299,-80326.7290333582,-98577.4722058983,-102795.828161805,167100
-47836.7919197494,-56387.6351393705,-80495.7769723187,-98748.0145762507,-102957.999936631,167200
-47985.5605603327,-56542.2978938741,-80660.81100047,-98918.5087670923,-103120.039553028,167300
-48137.1310562128,-56694.394068764,-80818.5076928835,-99088.9547484676,-103282.042164542,167400
-48288.7227177704,-56849.1154667864,-80979.2219025458,-99259.1369095084,-103443.973732072,167500
-48440.3345296127,-57003.2778363437,-81145.6868443564,-99428.0809047421,-103610.950383622,167600
-48591.9663955899,-57157.7493992034,-81312.1092474529,-99582.7829873699,-103778.272760049,167700
-48735.7067487999,-57312.2334204415,-81477.8065312541,-99742.1723010544,-103947.994612767,167800
-48893.755530819,-57466.7298083918,-81641.0570102958,-99908.9663614014,-104116.292645666,167900
-49047.4874051921,-57612.466047827,-81804.6962786493,-100075.718952626,-104277.959808611,168000
-49198.6943992549,-57754.2308311468,-81968.3191020693,-100242.430039479,-104439.589861674,168100
-49350.4231846018,-57901.1960367678,-82136.1188961482,-100413.586159634,-104601.182770385,168200
-49502.1733661128,-58051.8046128601,-82302.4349504768,-100579.139394647,-104765.700091378,168300
-49654.2092732306,-58197.1712892034,-82461.4505095593,-100744.158468957,-104932.786382413,168400
-49806.4251700667,-58349.5615240157,-82625.2143076834,-100911.526551952,-105099.473622821,168500
-49958.6598801422,-58505.8971687722,-82793.0637711747,-101077.763814692,-105266.97234159,168600
-50110.91330887,-58669.3394522097,-82956.9240037173,-101243.959856131,-105436.783859651,168700
-50263.1853618383,-58828.450704615,-83116.6911442181,-101412.281358157,-105606.540566497,168800
-50416.0787401241,-58983.2669145129,-83276.7014145233,-101579.076223823,-105768.509369534,168900
-50593.1476379231,-59138.0943095466,-83440.1731458147,-101742.673001755,-105931.717190302,169000
-50760.1210968424,-59292.9328001709,-83605.8735157641,-101901.665200483,-106090.429522148,169100
-50904.3860099413,-59452.7265723459,-83771.6448265462,-102063.132180017,-106251.612754049,169200
-51048.6755917567,-59602.6458196786,-83937.3953341687,-102224.319143798,-106412.758518006,169300
-51209.8886532972,-59758.1595147973,-84100.767388638,-102385.473723501,-106573.866781851,169400
-51374.4785014779,-59914.4525526879,-84266.0809281411,-102546.595878427,-106738.435928255,169500
-51539.0741234517,-60068.5226640373,-84434.5213885848,-102713.799288987,-106903.685454967,169600
-51703.6754227108,-60225.2594599642,-84600.1880351503,-102881.367956033,-107068.869252898,169700
-51868.2823029596,-60379.6315405824,-84762.0151199581,-103049.650007227,-107234.0069474,169800
-52032.8946681137,-60539.0845691463,-84923.761053001,-103220.234439379,-107392.765725133,169900
-52197.5124223001,-60696.0095495382,-85086.1204516793,-103385.862880888,-107549.878158017,170000
-52362.1354698566,-60852.0399620603,-85254.5288040541,-103541.231204603,-107706.517442791,170100
-52525.2064724774,-60998.8980410965,-85423.9686667177,-103700.267208157,-107868.573423519,170200
-52674.3099759078,-61157.1577296591,-85589.8720129842,-103867.772304977,-108034.210188588,170300
-52821.2230851333,-61321.4941013939,-85755.2916771641,-104033.528680906,-108191.157581342,170400
-52968.1579089311,-61466.5726293294,-85922.2393435042,-104194.860371606,-108348.074196365,170500
-53115.1143589095,-61614.037667993,-86089.1630374572,-104355.614237711,-108504.345656423,170600
-53262.0923468298,-61767.5552314571,-86255.6820672639,-104516.245327719,-108660.968021238,170700
-53412.5719422723,-61923.0706519402,-86419.3381767992,-104676.659152836,-108820.971125337,170800
-53569.845389376,-62078.6272270672,-86574.2897525051,-104838.492148484,-108980.937393026,170900
-53727.1309927688,-62235.9481709417,-86735.2523209324,-105003.442747496,-109140.866794098,171000
-53883.3881888409,-62397.1689592125,-86900.2321244586,-105168.010753069,-109298.349040963,171100
-54021.8773948909,-62544.7516916105,-87068.6176956361,-105335.212186659,-109452.835571068,171200
-54160.3939003229,-62709.2791183116,-87242.3804964851,-105498.346906993,-109611.846717094,171300
-54298.9376232724,-62873.8051133855,-87406.3679670692,-105660.477385598,-109779.879220081,171400
-54437.5084820016,-63036.0777399036,-87568.8948238144,-105822.571503048,-109941.629475482,171500
-54580.8495743985,-63190.9689197418,-87731.7021399109,-105990.410093863,-110102.049999457,171600
-54727.0516355932,-63345.8691172589,-87893.8943798782,-106160.132662919,-110262.432030089,171700
-54873.6242578724,-63498.6396080631,-88055.688356089,-106329.80333868,-110424.739953864,171800
-55024.0738002813,-63651.0970061639,-88216.846882257,-106499.42210327,-110597.976292367,171900
-55188.1346251469,-63803.5656046599,-88379.274895305,-106668.988939008,-110771.145940269,172000
-55352.1996648572,-63956.0453200821,-88542.4996827404,-106838.503828416,-110944.248903669,172100
-55516.2688281099,-64112.4476416068,-88706.833905141,-107007.96675421,-111117.285188855,172200
-55662.771234802,-64267.9257165584,-88869.9611274882,-107177.377699306,-111290.254802304,172300
-55805.7717962067,-64416.6880085972,-89033.0686974131,-107345.466666453,-111455.77084448,172400
-55948.7957124022,-64566.8082709415,-89196.1565547466,-107512.908955761,-111605.294474613,172500
-56092.1658627228,-64718.6827577476,-89357.3928401418,-107680.303137028,-111770.007469479,172600
-56236.0208105785,-64871.1524145833,-89517.1129903833,-107847.066960492,-111940.657145705,172700
-56379.8981278212,-65023.7076252012,-89677.9846959755,-108011.568772222,-112110.995829013,172800
-56541.3467763069,-65177.8112665398,-89841.5087353735,-108173.838042786,-112281.273316952,172900
-56702.904639448,-65332.5714418749,-89998.0725330823,-108336.069057352,-112447.818272299,173000
-56864.8160003869,-65480.6592705331,-90158.651397841,-108498.261786188,-112609.601285767,173100
-57026.8732497863,-65632.57300614,-90320.6471716497,-108660.416199745,-112770.741408077,173200
-57188.9360335997,-65791.3162505851,-90479.1130587255,-108822.532268657,-112931.763936109,173300
-57351.0042629106,-65951.6924481604,-90636.9645896424,-108984.609963737,-113092.744908935,173400
-57510.8336500332,-66106.4923661323,-90802.4686848367,-109146.649255981,-113251.883891725,173500
-57649.7344373098,-66261.2999873201,-90967.1910038908,-109308.650116563,-113408.997036789,173600
-57788.6604742668,-66416.1152303456,-91126.5942658714,-109470.594783259,-113566.075980151,173700
-57927.6116824785,-66570.9380139988,-91285.9820504138,-109632.088848776,-113723.120693464,173800
-58066.5879836415,-66725.7682572367,-91447.1523879874,-109793.545260644,-113880.131148547,173900
-58219.6519915519,-66880.6058791836,-91604.9172797145,-109954.963989879,-114037.107317384,174000
-58376.7525756675,-67029.3360444475,-91759.7170750744,-110116.345007673,-114198.335230788,174100
-58534.5628615487,-67172.0553447506,-91917.4819411639,-110277.688285397,-114363.405734907,174200
-58692.3823537514,-67322.3051296321,-92075.2333481515,-110438.993794596,-114528.425235158,174300
-58850.2109659066,-67483.3729638616,-92232.9712364173,-110600.261506993,-114693.393721595,174400
-59008.0486118202,-67646.5344812237,-92393.5116905888,-110761.491394484,-114858.311184446,174500
-59165.8952054724,-67812.2898166015,-92553.0123805587,-110922.683429142,-115023.177614113,174600
-59303.2893979688,-67971.7620878003,-92712.4962779664,-111083.837583214,-115184.496641269,174700
-59424.1701560435,-68133.2586371777,-92875.3484587841,-111244.953829118,-115345.165270074,174800
-59565.9096363012,-68295.3154600459,-93037.9974690637,-111406.03213945,-115505.636694995,174900
-59719.0601117163,-68457.6992968339,-93199.9635231505,-111567.072486976,-115665.069079156,175000
-59872.2925419128,-68613.7775193159,-93361.9092701677,-111729.235857627,-115825.949087449,175100
-60025.5379475326,-68774.4340315199,-93523.8346547393,-111896.182332296,-115986.78982147,175200
-60178.7962450132,-68929.3018808248,-93685.3455631073,-112063.078638148,-116152.692132011,175300
-60332.0673509509,-69085.3407399773,-93843.1530524157,-112229.924761256,-116320.452890048,175400
-60488.3780911407,-69255.2326162476,-94000.9460651595,-112396.720687872,-116487.58502264,175500
-60645.8425524697,-69422.9394868434,-94158.883257108,-112563.466404426,-116652.98132381,175600
-60803.3155547167,-69572.8407257692,-94316.4884314203,-112730.161897523,-116816.432060822,175700
-60961.0967860382,-69723.3080774725,-94474.2376705967,-112896.807153946,-116975.557902352,175800
-61119.0590467213,-69870.5717222861,-94637.6045690561,-113063.402160654,-117134.533281461,175900
-61275.1309523726,-70019.3792973393,-94805.2233778454,-113229.632451951,-117293.198256799,176000
-61434.6730877118,-70176.4761995558,-94972.9696835519,-113392.985888831,-117451.823599638,176100
-61594.8936778282,-70344.3010067038,-95137.8501716094,-113551.555442495,-117610.409290249,176200
-61758.2184902526,-70512.1162916796,-95302.54528542,-113709.783584396,-117768.955309062,176300
-61921.5451299067,-70678.1311479893,-95465.292522917,-113880.91461488,-117927.461636666,176400
-62076.581878298,-70830.9663807388,-95627.9242182808,-114043.906408982,-118085.928253808,176500
-62225.4374042721,-70983.8091060134,-95791.6810885987,-114205.623024085,-118244.355141393,176600
-62381.0542696595,-71136.6592477901,-95952.7524670308,-114367.287798881,-118404.860065386,176700
-62538.3759954393,-71289.516730199,-96113.8034850939,-114528.911534524,-118562.312831906,176800
-62695.7054782293,-71442.3814775241,-96274.8340899591,-114690.49420968,-118720.063821774,176900
-62853.0426362252,-71595.2534142021,-96437.4083800672,-114852.035803181,-118878.621285006,177000
-63010.3873877886,-71748.1324648227,-96601.0115154233,-115013.536294026,-119037.13832706,177100
-63167.7396514466,-71901.2593180872,-96763.8344625907,-115174.995661374,-119195.614930426,177200
-63325.0993458913,-72055.3511358206,-96922.6058452477,-115336.413884553,-119354.051077752,177300
-63482.4663899802,-72215.8963214147,-97077.0673134335,-115497.790943051,-119517.043392264,177400
-63639.8407027352,-72381.6775537839,-97230.5771167899,-115664.804337685,-119684.283499878,177500
-63797.2222033429,-72547.4508080907,-97381.6279889366,-115833.789681907,-119850.979355432,177600
-63955.4873434604,-72696.9181885643,-97538.0894564234,-116002.094795089,-120014.251888957,177700
-64114.0262198457,-72840.8264653372,-97702.294203957,-116168.442101515,-120167.214968655,177800
-64272.5708360376,-72984.7494880391,-97869.2080362221,-116324.106252268,-120320.147447704,177900
-64431.1211117619,-73128.6871855063,-98033.0574450992,-116481.407413069,-120473.049300674,178000
-64589.6769669109,-73277.3801090705,-98187.1641261662,-116645.512582581,-120625.743341179,178100
-64743.0269894049,-73432.6838098883,-98353.3472683936,-116809.570223289,-120783.013542129,178200
-64903.9984897516,-73597.8789631749,-98517.3852489708,-116971.808056884,-120941.915733191,178300
-65063.1405380541,-73763.1982926516,-98682.2470256081,-117129.786201097,-121102.064841076,178400
-65220.3502003438,-73928.5096224971,-98844.0365299947,-117287.686982806,-121266.831934966,178500
-65377.5664386528,-74093.8128800179,-99013.1706540098,-117444.406892432,-121431.543671538,178600
-65534.7891740652,-74259.1079927045,-99183.8506565431,-117607.433802118,-121596.200052911,178700
-65692.0183278258,-74418.109469508,-99348.7812729847,-117762.20804791,-121760.801081355,178800
-65849.2538213403,-74564.533731837,-99508.0307821647,-117917.048922674,-121921.785870542,178900
-66006.4955761742,-74710.9696225125,-99667.2608933455,-118075.015947647,-122076.962139822,179000
-66163.7435140533,-74857.4170712867,-99829.2668576334,-118232.946737201,-122233.504457906,179100
-66320.9975568633,-75012.6049008652,-99993.8238584225,-118390.31068405,-122396.026020404,179200
-66458.6052599667,-75159.2942137938,-100160.153056444,-118547.589960274,-122558.496508113,179300
-66594.9772699072,-75306.5471845443,-100324.596207565,-118707.592922261,-122720.915918646,179400
-66731.3817780271,-75454.3339004489,-100486.280000683,-118867.647445037,-122883.284249767,179500
-66868.2649064854,-75616.2405638568,-100647.939789857,-119027.609697111,-123045.120443467,179600
-67005.1707807103,-75785.0787479748,-100808.180876177,-119187.04901673,-123206.7866417,179700
-67142.780594581,-75953.9033246824,-100969.187434059,-119346.44869424,-123369.079635758,179800
-67280.4169314492,-76109.7177681801,-101130.170453718,-119505.80871105,-123530.392527071,179900
-67425.2286915772,-76258.2910187057,-101289.53957657,-119664.108205059,-123692.641640235,180000
-67590.9077800783,-76407.1864344272,-101445.392351385,-119821.840563996,-123854.839348507,180100
-67756.6722597147,-76575.8684443817,-101602.378094444,-119969.92625717,-124016.985651097,180200
-67923.213564838,-76729.9482204761,-101760.976468592,-120131.678739547,-124178.546597227,180300
-68089.7499617272,-76882.3684111924,-101923.004870726,-120293.386390536,-124340.039265737,180400
-68256.2813741815,-77045.3602577499,-102089.823149786,-120455.049197711,-124501.492042782,180500
-68413.8861585849,-77209.3535865332,-102255.495797804,-120616.667148803,-124662.968371209,180600
-68562.2191840852,-77373.3389956617,-102415.820621136,-120778.179131589,-124824.608714441,180700
-68710.5657014732,-77529.8069161518,-102581.604390247,-120933.901708077,-124986.198225781,180800
-68858.9256373909,-77675.6243331792,-102745.529972961,-121092.524247152,-125147.736904674,180900
-69007.2989186116,-77833.7310226722,-102908.392542142,-121247.850583164,-125309.224750704,181000
-69155.6854720394,-77992.3663564404,-103068.9827098,-121402.660124471,-125470.661763598,181100
-69304.0852247098,-78147.0555886421,-103222.587794506,-121557.437507938,-125632.047943221,181200
-69452.4981037888,-78287.900288077,-103377.646782704,-121715.087389334,-125793.38328958,181300
-69600.9240365731,-78429.7656105052,-103538.015988458,-121877.850445457,-125954.66780282,181400
-69749.3629504898,-78572.7373976477,-103700.29058204,-122040.56543752,-126115.901483224,181500
-69897.8147730961,-78735.2635479438,-103861.250208763,-122203.232358232,-126277.084331213,181600
-70046.2794320794,-78899.5176763478,-104019.877365276,-122365.851200445,-126438.216347348,181700
-70194.7568552568,-79062.519452564,-104176.047740079,-122528.42195716,-126599.297532325,181800
-70343.2469705752,-79213.3403724498,-104332.20059862,-122690.513300892,-126760.327886979,181900
-70491.7497061107,-79364.1671497775,-104488.335894357,-122849.895750495,-126921.844252643,182000
-70640.264990069,-79514.9997168951,-104652.47982344,-123009.236460729,-127083.700492606,182100
-70788.7927507848,-79665.8380062856,-104815.901951148,-123168.535418138,-127245.001276652,182200
-70936.1473726168,-79816.6819505665,-104974.92121418,-123327.63664943,-127405.977910678,182300
-71078.0597397552,-79967.53148249,-105133.918640654,-123486.610691114,-127566.903385434,182400
-71226.0846897525,-80118.3865349426,-105295.126670547,-123647.95449968,-127727.77770299,182500
-71383.0271324235,-80269.2470409448,-105457.477812163,-123810.091393696,-127888.600865552,182600
-71533.6419834612,-80428.2157414166,-105619.801702625,-123972.180255433,-128049.372875455,182700
-71687.1522268066,-80588.5669331914,-105783.166343665,-124132.169961448,-128210.09373517,182800
-71840.6699356706,-80735.4029609491,-105947.475511194,-124290.057406223,-128370.7634473,182900
-71994.1950381299,-80889.7671111442,-106111.75384332,-124447.905196226,-128531.382014578,183000
-72147.7274624015,-81044.2279429588,-106272.714499328,-124605.665947137,-128691.949439871,183100
-72296.5551895946,-81186.5374544831,-106433.281507164,-124764.975604545,-128852.393875984,183200
-72441.4762611318,-81329.6811766859,-106593.823617044,-124926.962196625,-129012.597340705,183300
-72586.4121131975,-81483.4228877172,-106754.340787635,-125088.884349865,-129171.721123025,183400
-72731.3626771201,-81635.8381423153,-106915.057645316,-125250.75808141,-129329.901841401,183500
-72876.3278843451,-81782.2495420901,-107075.300146403,-125408.522947879,-129490.068338586,183600
-73021.3076664351,-81929.0603001041,-107235.74225269,-125565.654461934,-129650.18404335,183700
-73166.3019550697,-82083.1458986421,-107396.159255907,-125722.747043167,-129810.248959044,183800
-73312.1873737226,-82229.9040974403,-107556.972038606,-125881.005057847,-129971.044919651,183900
-73460.4764486303,-82376.7961302699,-107719.045969963,-126042.797173749,-130132.385212369,184000
-73608.7770677099,-82525.0917130622,-107877.842897931,-126204.540570069,-130293.987402363,184100
-73757.0891619659,-82675.1408927418,-108037.755051857,-126366.235243722,-130454.038639214,184200
-73905.412662527,-82825.1953053731,-108196.408132838,-126527.881191757,-130614.03867477,184300
-74053.7475006461,-82975.2548864612,-108355.521878396,-126689.478411363,-130773.970178756,184400
-74202.0936076996,-83125.3195716393,-108512.987420049,-126851.026899859,-130933.621136017,184500
-74347.7867659654,-83275.906449553,-108671.153004211,-127012.389393948,-131091.938571552,184600
-74488.5335281405,-83427.0719582624,-108828.103503195,-127172.24412365,-131251.011884802,184700
-74629.2975176443,-83578.2412581015,-108984.075766854,-127333.801748648,-131412.818775008,184800
-74770.0786692886,-83733.2689510162,-109140.723708204,-127492.941530944,-131572.008717947,184900
-74910.8769179895,-83890.028738832,-109297.702108884,-127651.047703183,-131727.067792446,185000
-75051.6921987676,-84046.7861642484,-109455.006901979,-127808.350036154,-131886.472812668,185100
-75195.1650055884,-84203.5411636034,-109612.431989932,-127970.268702396,-132045.827103954,185200
-75343.3966761329,-84360.2936733783,-109769.55743756,-128130.218418144,-132205.130671531,185300
-75512.100809197,-84517.1520872102,-109928.994524707,-128289.590193112,-132364.383520743,185400
-75680.7936948869,-84674.7425870385,-110091.532304002,-128448.572980935,-132523.585657058,185500
-75834.6250320391,-84822.4127100782,-110254.393098913,-128607.317830748,-132682.737086065,185600
-75983.1010584959,-84968.7027714109,-110417.223325227,-128765.847097157,-132841.837813472,185700
-76131.9663005598,-85117.7990210758,-110580.022948498,-128924.292428418,-133000.887845106,185800
-76280.8911384904,-85275.3090829499,-110742.031122779,-129082.694206557,-133159.887186916,185900
-76429.8258449568,-85432.8152197741,-110903.305283783,-129241.052424823,-133318.804497283,186000
-76578.7703531827,-85591.5624611709,-111065.435945433,-129399.268321212,-133476.634536881,186100
-76727.7245965137,-85747.1454112375,-111224.418269692,-129556.312310816,-133629.548451915,186200
-76876.6885084173,-85896.8953418896,-111384.196611826,-129712.112504037,-133782.424273378,186300
-77025.6620224822,-86046.8670022509,-111542.018195804,-129867.637841799,-133935.26199293,186400
-77174.6450724184,-86198.5775133223,-111699.561195629,-130025.425113944,-134092.750885507,186500
-77323.6375920575,-86358.3020589389,-111858.269596835,-130184.168317833,-134253.178817896,186600
-77472.6395153516,-86518.5359383392,-112016.866734295,-130342.71253903,-134413.552087415,186700
-77621.6507763738,-86678.7623385375,-112175.439337319,-130497.680426723,-134573.870706394,186800
-77770.6713093179,-86831.9520391068,-112333.98736866,-130652.610789922,-134734.134687279,186900
-77919.7010484982,-86982.5625671127,-112492.510791216,-130807.503616602,-134894.344042628,187000
-78071.1780038223,-87135.4715179907,-112651.009568023,-130962.243461537,-135054.498785112,187100
-78224.6641879986,-87292.0897316918,-112809.512354139,-131116.81559917,-135214.598927517,187200
-78378.1552045032,-87448.7043203614,-112971.206153867,-131271.350668742,-135374.64448274,187300
-78531.6509872895,-87605.3152234068,-113132.869858506,-131425.848658151,-135534.635463789,187400
-78685.1514704414,-87761.9223803729,-113294.503435482,-131580.309555413,-135694.571883786,187500
-78838.6565881726,-87918.5257309423,-113455.039402591,-131734.733348667,-135854.453755964,187600
-78992.1662748268,-88075.1252149349,-113607.610654171,-131889.12002617,-136012.903240713,187700
-79145.813688991,-88231.720772308,-113760.165115777,-132046.341971138,-136170.944258732,187800
-79299.5424491614,-88388.5134674715,-113921.24005527,-132210.130090762,-136327.92557154,187900
-79453.4251067452,-88542.9421841025,-114083.686033884,-132373.860865821,-136483.33215904,188000
-79608.4457162861,-88695.3979216248,-114246.100014895,-132537.534309382,-136638.69377395,188100
-79778.8215771846,-88847.8539867647,-114404.647875461,-132695.548147455,-136794.010417845,188200
-79956.271054781,-89000.3103199867,-114559.97481887,-132851.936997161,-136949.282092408,188300
-80133.695469637,-89152.7668618806,-114715.280909915,-133007.151678274,-137104.508799431,188400
-80311.0947639562,-89305.2235531621,-114872.966423507,-133162.326908821,-137259.69054082,188500
-80488.4688801252,-89460.3967328156,-115031.538492798,-133312.870750343,-137414.827318588,188600
-80665.8177607141,-89607.896374638,-115194.071968696,-133463.171967971,-137569.919134859,188700
-80843.1413484753,-89758.3078729807,-115354.580893648,-133613.442860561,-137724.965991866,188800
-80979.2019857401,-89908.7213916676,-115515.060544603,-133771.560737422,-137879.84670969,188900
-81112.4111585799,-90059.1368721087,-115675.825502105,-133930.09990074,-138034.689402945,189000
-81245.6401001478,-90209.5542558337,-115840.249118771,-134090.686397368,-138192.320268935,189100
-81378.8887540014,-90359.973484492,-116004.636543164,-134251.589933791,-138349.900170875,189200
-81512.1570637793,-90510.3944998522,-116166.98564709,-134407.651958746,-138507.429119244,189300
-81645.4449732012,-90660.8172438021,-116324.329319856,-134564.986117462,-138664.907124632,189400
-81778.7524260674,-90811.5163418178,-116479.690374438,-134723.831906811,-138822.334197729,189500
-81915.662882591,-90963.0021921456,-116639.211626294,-134881.940962537,-138978.480659094,189600
-82068.413119109,-91116.1247960528,-116798.319714542,-135040.003541916,-139132.08289258,189700
-82221.854109318,-91269.5745881147,-116958.633629913,-135196.763512421,-139285.642388733,189800
-82375.7404153918,-91423.022389367,-117118.917783877,-135350.957645985,-139439.15914833,189900
-82529.8122618763,-91576.4681428901,-117278.960619659,-135505.11306616,-139592.633172253,190000
-82684.816389024,-91733.4606321207,-117437.167710293,-135659.22976555,-139746.021636644,190100
-82856.866891764,-91886.3731610663,-117595.348301637,-135813.30773687,-139899.200317162,190200
-83032.7804384684,-92036.9418495558,-117753.502361618,-135967.346972946,-140052.120743893,190300
-83208.6696590982,-92187.511646499,-117910.741542023,-136121.347466716,-140204.999336456,190400
-83380.527594247,-92338.08249494,-118066.635543389,-136275.246195328,-140357.836095184,190500
-83529.4042984533,-92488.6543380404,-118222.506332843,-136428.932903571,-140510.631020513,190600
-83678.2881486691,-92639.2271190787,-118378.353876695,-136582.906491759,-140663.476910861,190700
-83827.1790838632,-92789.9140079738,-118534.17814138,-136737.577413771,-140820.723473622,190800
-83976.0770431173,-92941.3060221122,-118689.979093457,-136892.176605064,-140978.378789363,190900
-84124.9819656257,-93092.6979536864,-118845.756699615,-137046.735453464,-141135.98127636,191000
-84273.8937906953,-93244.0897464343,-119001.510926666,-137201.25395433,-141293.530949671,191100
-84423.2736511735,-93395.736439241,-119160.41496777,-137355.732103128,-141451.027824451,191200
-84572.9017506475,-93550.8148980237,-119317.380796461,-137510.169895433,-141608.249719958,191300
-84722.5357694772,-93707.2249505083,-119472.554772667,-137664.567326929,-141765.386296712,191400
-84889.4642150566,-93863.629073705,-119636.122061845,-137818.924393408,-141919.060701146,191500
-85057.2476700878,-94020.0272124717,-119795.889816588,-137973.241090771,-142072.690554184,191600
-85225.017030359,-94176.7103141971,-119955.494176755,-138127.517415024,-142226.275860735,191700
-85392.7722376961,-94334.9050134392,-120115.0685121,-138281.753362282,-142379.816625807,191800
-85560.5132340781,-94495.1490162561,-120274.082585892,-138436.857408959,-142533.312854507,191900
-85728.2399616378,-94663.418626628,-120431.538120178,-138598.084666004,-142686.76455204,192000
-85895.9523626604,-94831.6666265052,-120589.745759025,-138754.201171401,-142840.171723708,192100
-86063.6503795843,-94999.9415747485,-120749.316275361,-138907.486750881,-142993.534374911,192200
-86231.3339550003,-95168.8374074001,-120909.283151974,-139065.270820787,-143146.852511147,192300
-86399.0030316509,-95325.1097013634,-121069.218988513,-139226.280448912,-143299.954819321,192400
-86566.6575524311,-95473.313551282,-121229.123758609,-139381.504109889,-143452.862524816,192500
-86721.1234262421,-95621.5193586573,-121388.997436019,-139535.205118152,-143605.726434316,192600
-86869.5026607602,-95781.4632390952,-121548.208649766,-139688.106565773,-143758.546552812,192700
-87028.0200116322,-95943.4679179415,-121706.895344393,-139840.932881718,-143911.322885391,192800
-87192.9087108243,-96105.5035337103,-121864.81130245,-139993.720787366,-144064.055437236,192900
-87357.7858417998,-96268.515619505,-122023.205568741,-140146.470277881,-144216.744213623,193000
-87522.6513475661,-96431.5125931028,-122182.774267428,-140299.181348528,-144369.389219926,193100
-87687.5051712749,-96594.494403732,-122341.909908873,-140451.853994677,-144521.990461609,193200
-87852.3472562217,-96757.4610007601,-122501.015169571,-140606.485441305,-144674.547944235,193300
-88010.1828231707,-96914.9544509287,-122659.950018174,-140761.983989645,-144827.061673458,193400
-88164.0235229545,-97064.7733084826,-122816.139436872,-140917.438134975,-144979.531655025,193500
-88317.8648152804,-97214.5921294716,-122972.303065241,-141075.383070336,-145131.957894778,193600
-88471.7066420871,-97364.4108607986,-123129.27510258,-141236.449500802,-145282.407276247,193700
-88626.2056096687,-97514.2294494766,-123286.939432237,-141394.946405689,-145430.013546769,193800
-88780.7752249763,-97663.135603721,-123444.883605976,-141556.90723292,-145577.585869304,193900
-88935.3444438096,-97810.6030615152,-123603.724939573,-141718.808706663,-145725.124238677,194000
-89089.9132085979,-97958.0725523689,-123764.076078017,-141880.650849888,-145872.628649805,194100
-89244.4814618895,-98105.5440238641,-123926.565395251,-142040.199975018,-146023.443544548,194200
-89399.0491463525,-98256.4012098602,-124087.158813846,-142195.131542638,-146175.767448098,194300
-89553.6162047739,-98411.6829892339,-124246.39057146,-142350.018947963,-146328.047248987,194400
-89708.18258006,-98561.36559874,-124404.213068913,-142504.862194507,-146480.282954379,194500
-89862.7482152358,-98716.512076151,-124560.811004539,-142659.340387419,-146630.841559315,194600
-90017.3130534449,-98877.8056032328,-124717.38171947,-142813.13235655,-146780.464369941,194700
-90171.8770379494,-99037.3123171636,-124872.738410654,-142966.882282136,-146930.048467195,194800
-90326.4401121298,-99193.2433599807,-125024.562957542,-143120.590165382,-147079.593852058,194900
-90481.0022194845,-99349.1668611244,-125176.367205083,-143274.25600759,-147229.1005256,195000
-90635.5633036301,-99505.0827698225,-125331.26148011,-143427.87981016,-147378.568488979,195100
-90790.1233083005,-99660.9910354231,-125487.796994071,-143581.461574587,-147527.997743444,195200
-90944.6821773475,-99817.6433196914,-125644.304974133,-143735.001302463,-147685.630966091,195300
-91099.2398547401,-99975.4807109067,-125800.78539427,-143889.678670418,-147843.767270084,195400
-91259.3829380941,-100133.307913925,-125957.238228573,-144045.796372923,-148001.57385503,195500
-91420.9219632394,-100291.124879281,-126113.981952762,-144201.866341683,-148153.785257224,195600
-91582.4518446391,-100448.931557632,-126269.63249701,-144354.50513873,-148305.951613325,195700
-91743.972527781,-100606.727899758,-126427.533047779,-144506.461572981,-148458.072933059,195800
-91905.4839582843,-100771.742961429,-126584.75374477,-144658.378754175,-148609.834694441,195900
-92066.9860818992,-100928.581495519,-126741.990272163,-144810.529075495,-148761.535951026,196000
-92228.4788445064,-101079.819525467,-126895.954567203,-144964.231675363,-148913.192966891,196100
-92389.9621921174,-101233.126449706,-127051.633513338,-145117.891204459,-149064.805751025,196200
-92551.436070874,-101389.106661022,-127208.357128989,-145271.507666596,-149216.374312504,196300
-92712.9004270481,-101545.078456337,-127365.789726571,-145425.081065679,-149367.898660485,196400
-92874.3552070415,-101701.131137121,-127524.616139893,-145578.536538091,-149519.378804213,196500
-93035.8003573855,-101858.984579924,-127683.568918676,-145731.679898289,-149670.814753014,196600
-93197.2358247409,-102022.14171955,-127842.40981896,-145884.780942815,-149822.2065163,196700
-93358.661555898,-102190.418647868,-128001.218227698,-146037.839675031,-149973.554103565,196800
-93520.0774977758,-102359.351531606,-128158.888268977,-146190.77904436,-150125.906483333,196900
-93681.4835974221,-102528.258523137,-128314.993560337,-146346.404032238,-150280.020146893,197000
-93842.9230605959,-102697.139581132,-128470.285598126,-146501.980970171,-150434.083219714,197100
-94004.6653976549,-102865.994664406,-128624.917242129,-146657.50986919,-150588.095720332,197200
-94166.3973366607,-103023.063160878,-128779.081596043,-146812.990740412,-150742.057667361,197300
-94328.1188252336,-103174.038587544,-128931.71273873,-146966.68349661,-150895.969079496,197400
-94489.8298111224,-103325.010438558,-129085.186847366,-147116.57021968,-151047.52531314,197500
-94651.530242204,-103479.791734499,-129237.68390553,-147266.16653395,-151198.4876797,197600
-94808.9400756367,-103641.760124662,-129392.880127927,-147417.017694626,-151349.405996738,197700
-94955.1991926975,-103803.711583108,-129548.38094288,-147568.02411785,-151500.280274553,197800
-95101.4636731196,-103965.646065222,-129705.874706099,-147721.792684106,-151651.090482512,197900
-95247.7334644287,-104128.389940063,-129863.926588348,-147875.516493993,-151801.651166112,198000
-95394.0085142462,-104281.420047024,-130021.946415801,-148029.195555101,-151952.16834458,198100
-95540.288770289,-104433.097232189,-130179.261746998,-148182.829875107,-152102.642027867,198200
-95686.5741803692,-104584.769603869,-130336.451475413,-148336.419461773,-152253.072226002,198300
-95832.8646923939,-104740.918476933,-130489.824992626,-148489.964322949,-152403.458949095,198400
-95979.1602543654,-104904.249613878,-130642.482051882,-148643.464466572,-152553.802207333,198500
-96138.1399058963,-105067.561460395,-130794.492655216,-148796.752853795,-152704.102010983,198600
-96298.4759078011,-105223.484765204,-130948.53642038,-148949.945875443,-152854.358370389,198700
-96458.802188479,-105369.347564936,-131105.628274761,-149103.094666512,-153006.001576185,198800
-96619.1186971685,-105515.211469589,-131263.155028053,-149256.199234708,-153156.023319219,198900
-96779.4253832309,-105661.076431698,-131420.64981226,-149409.259587821,-153305.282070226,199000
-96939.7221961499,-105806.94240389,-131577.770447729,-149562.275733727,-153458.006770974,199100
-97100.0090855313,-105952.809338885,-131732.726357218,-149715.031573136,-153610.727303592,199200
-97260.2860011033,-106098.677189498,-131888.724553337,-149866.719563166,-153765.244415593,199300
-97420.5528927155,-106244.668898602,-132046.805022608,-150018.365992024,-153920.830369575,199400
-97580.8097103395,-106395.118049186,-132204.852295771,-150169.970864696,-154076.359886052,199500
-97741.6733575306,-106552.084041581,-132361.453822374,-150321.534186252,-154231.832994596,199600
-97902.6342909721,-106710.159856192,-132519.559016452,-150473.055961846,-154386.090691854,199700
-98063.5842501461,-106868.22272158,-132672.951780022,-150624.536196716,-154539.2972505,199800
-98224.5231855519,-107026.272593422,-132826.316683163,-150775.97489618,-154695.34812148,199900
-98385.451047811,-107184.309427507,-132978.992906574,-150929.389402729,-154851.835290046,2e+05
-98546.3677876666,-107342.333179744,-133132.387233009,-151083.063869199,-154999.508357332,200100
-98707.2733559838,-107500.343806155,-133288.144179907,-151236.691852018,-155151.612152952,200200
-98868.1677037489,-107652.586980183,-133443.540615649,-151390.273363071,-155304.563156867,200300
-99029.0507820695,-107803.451279204,-133597.527269951,-151543.808414329,-155457.463116875,200400
-99189.922542174,-107956.932922245,-133753.287925131,-151697.297017839,-155610.312055485,200500
-99350.782935412,-108112.48583834,-133909.018624493,-151850.739185729,-155763.109995269,200600
-99511.6319132534,-108268.167759804,-134064.719348813,-152004.134930205,-155915.609342858,200700
-99672.4694272887,-108424.559587726,-134220.390078974,-152157.484263553,-156068.002150944,200800
-99832.2976892664,-108580.939900482,-134376.030795962,-152310.787198139,-156220.34473174,200900
-99986.0677819962,-108737.308654376,-134531.641480866,-152463.128581251,-156372.637107088,201000
-100139.834238223,-108893.665805825,-134687.222114882,-152614.155411471,-156524.879298898,201100
-100291.258013609,-109050.038399519,-134842.772679305,-152765.140570161,-156677.071329144,201200
-100439.764686423,-109208.549184242,-134998.354395804,-152916.084064059,-156827.107755162,201300
-100588.272853725,-109367.045522231,-135154.283624487,-153066.98589998,-156975.696145471,201400
-100736.782466245,-109525.527371278,-135310.181983154,-153218.112542194,-157123.50382104,201500
-100885.293474807,-109683.994689283,-135468.161128287,-153372.47668493,-157270.228239481,201600
-101033.805830329,-109842.447434264,-135626.70500763,-153521.271920817,-157416.914354075,201700
-101182.319483826,-110000.885564352,-135781.122086005,-153670.176802951,-157563.562171416,201800
-101330.834386405,-110159.30903779,-135933.466365866,-153820.870453965,-157714.312375039,201900
-101479.76120041,-110317.717812935,-136089.210111504,-153971.522489538,-157865.04865905,202000
-101628.706085815,-110476.111848257,-136243.84002276,-154121.739525118,-158010.502095816,202100
-101777.651528604,-110634.491102339,-136396.919953015,-154271.312472288,-158155.919496222,202200
-101943.764352832,-110792.855533877,-136551.83904882,-154416.850334024,-158301.300864528,202300
-102111.051931278,-110949.187330017,-136707.030704951,-154570.099423278,-158446.646205063,202400
-102278.765691404,-111103.90979969,-136864.191675368,-154722.309707555,-158591.955522229,202500
-102445.861301747,-111259.679364637,-137021.31881904,-154873.059255874,-158737.228820495,202600
-102599.56291541,-111415.396562192,-137178.504127579,-155023.444434203,-158882.466104404,202700
-102753.260065587,-111569.190532811,-137332.066013455,-155173.37187303,-159027.935497498,202800
-102906.952704567,-111722.001045429,-137485.913673447,-155323.258582874,-159176.769258021,202900
-103056.76624826,-111871.786081007,-137642.015402968,-155473.104570787,-159330.041465955,203000
-103202.679069602,-112022.72439451,-137799.445402792,-155625.275234979,-159483.259314961,203100
-103348.59490573,-112179.7705823,-137956.106959929,-155781.519167949,-159636.422835148,203200
-103507.516305898,-112339.271448664,-138108.724689836,-155936.858398231,-159787.655312551,203300
-103666.465794962,-112494.416513841,-138260.38136693,-156091.670012298,-159935.307098792,203400
-103825.404454045,-112648.881450353,-138412.559118621,-156245.835276736,-160083.791357146,203500
-103977.393948893,-112803.335677807,-138563.813144163,-156399.949902609,-160234.235486853,203600
-104126.511054923,-112957.779154815,-138717.757814747,-156554.01391065,-160382.044083984,203700
-104275.627921926,-113112.211840092,-138872.580524253,-156708.027321664,-160529.81038887,203800
-104424.744502838,-113266.633692454,-139027.372599082,-156861.99015652,-160677.534414949,203900
-104573.860750689,-113421.044670821,-139182.231776359,-157013.502093871,-160825.21617572,204000
-104722.976618599,-113575.444734216,-139336.864781518,-157164.782117599,-160972.855684748,204100
-104872.590487167,-113726.669358145,-139490.992326449,-157316.017410275,-161120.452955663,204200
-105022.393519533,-113881.626356269,-139643.835988941,-157467.207985179,-161268.008002157,204300
-105172.195309827,-114036.571566149,-139797.893550173,-157618.353855662,-161415.520837986,204400
-105321.995811616,-114191.11742159,-139953.990349182,-157768.967507184,-161562.991476971,204500
-105471.794978563,-114345.566436944,-140107.968934212,-157919.223697064,-161710.419932993,204600
-105621.592764425,-114500.004165123,-140260.797174174,-158069.436934694,-161857.806219999,204700
-105771.389123049,-114653.258296484,-140413.364170084,-158219.433238256,-162005.150351996,204800
-105923.24824934,-114803.872188898,-140565.903617186,-158365.73482249,-162152.452343056,204900
-106078.663651624,-114958.501226594,-140718.897148539,-158512.00141105,-162301.062074684,205000
-106225.287243631,-115114.464949706,-140874.297938105,-158658.233006002,-162450.185095801,205100
-106371.912350755,-115270.179142774,-141029.579406413,-158804.429609484,-162599.745031649,205200
-106518.538927241,-115423.879407063,-141183.078376822,-158952.910612709,-162749.665804937,205300
-106667.496567141,-115577.989257458,-141336.547940756,-159109.724088181,-162899.32169439,205400
-106816.663441196,-115732.710457343,-141489.988082601,-159266.076203273,-163048.7696321,205500
-106965.829183562,-115887.419525038,-141643.398786832,-159415.14664641,-163198.170025075,205600
-107114.993748825,-116042.116421436,-141799.043165604,-159561.401350671,-163347.522895623,205700
-107264.157091659,-116196.442299463,-141956.261598744,-159714.003700111,-163496.828266114,205800
-107413.85576863,-116350.382711274,-142112.477745187,-159865.584750208,-163646.086158969,205900
-107565.41679218,-116504.311760316,-142266.178042106,-160014.321130421,-163795.296596667,206000
-107722.30174486,-116658.229407522,-142419.848136837,-160164.747327826,-163942.852804225,206100
-107879.176939908,-116812.135613923,-142573.488014984,-160316.334231296,-164085.729949551,206200
-108036.042333796,-116966.030340648,-142727.09766224,-160467.724092342,-164233.259387806,206300
-108192.897883097,-117119.913548926,-142880.677064393,-160619.067148774,-164381.757369039,206400
-108349.743544489,-117273.785200082,-143034.226207318,-160770.363418514,-164530.618936394,206500
-108506.579274754,-117427.645255538,-143187.745076984,-160921.612919543,-164679.93487466,206600
-108663.405030775,-117581.493676816,-143341.233659447,-161072.815669906,-164829.202674032,206700
-108820.22076954,-117735.330425534,-143494.691940856,-161223.475306351,-164978.422358538,206800
-108977.026448138,-117889.396406849,-143648.119907449,-161373.358518033,-165127.593952257,206900
-109133.822023763,-118043.659038807,-143799.092797853,-161523.197751754,-165276.717479322,207000
-109290.607453708,-118197.909327401,-143949.100123449,-161672.993022145,-165425.792963916,207100
-109447.689131275,-118352.14723484,-144101.062028579,-161822.744343902,-165574.820430277,207200
-109604.803166913,-118508.450860093,-144256.835868161,-161972.451731781,-165723.799902692,207300
-109761.906552573,-118665.360128291,-144412.505153038,-162120.552968918,-165872.731405501,207400
-109918.999246019,-118816.084538688,-144568.050336526,-162266.018894871,-166022.508980505,207500
-110076.08120512,-118977.596053455,-144722.86114907,-162418.907302334,-166174.328888037,207600
-110233.152387843,-119129.438366774,-144876.063880544,-162569.672065439,-166318.959692355,207700
-110390.212752261,-119293.466285522,-145027.93755165,-162719.085678806,-166467.577258701,207800
-110546.930743368,-119449.870135082,-145180.729294939,-162868.188694048,-166616.147259056,207900
-110690.120808502,-119603.968054732,-145333.82291584,-163016.872105296,-166764.116108577,208000
-110833.314104059,-119758.053296094,-145486.886063734,-163164.365929486,-166913.428232971,208100
-110976.510587143,-119912.125822336,-145639.918726011,-163312.71489344,-167062.654951945,208200
-111119.710214933,-120066.305404032,-145793.707896349,-163464.129961108,-167211.869716849,208300
-111262.912944685,-120222.874616381,-145947.865642114,-163614.045321779,-167361.035058088,208400
-111406.118733733,-120379.427840404,-146102.038714961,-163763.332624453,-167510.135724268,208500
-111549.327539484,-120535.965040887,-146255.420572216,-163912.575952617,-167659.078581651,208600
-111703.317651243,-120692.486182718,-146406.370393945,-164061.775322221,-167807.972397076,208700
-111858.749032941,-120848.991230879,-146556.932437906,-164210.930749271,-167956.817197661,208800
-112014.170869393,-121005.480150454,-146708.91208179,-164360.042249836,-168105.61301057,208900
-112169.583119471,-121161.952906624,-146862.476723,-164509.10984004,-168254.359863013,209000
-112324.985742146,-121319.26471632,-147015.838796053,-164658.133536068,-168403.057782246,209100
-112480.378696485,-121476.585772954,-147168.565927674,-164807.113354163,-168551.706795572,209200
-112635.761941652,-121633.889397037,-147320.885211174,-164956.049310627,-168700.306930339,209300
-112791.135436906,-121791.436634034,-147473.92832347,-165108.412814899,-168848.85821394,209400
-112946.499141606,-121953.235689635,-147627.234852021,-165261.91871424,-168997.360673813,209500
-113101.853015204,-122114.454567729,-147781.012141304,-165415.370029076,-169145.814337442,209600
-113257.197017249,-122267.705174216,-147934.756729512,-165568.76679146,-169294.219232355,209700
-113412.79411926,-122423.652722301,-148088.468607257,-165722.109033491,-169442.575386123,209800
-113568.665713651,-122579.813175792,-148242.147765237,-165875.396787315,-169590.491775683,209900
-113724.526770389,-122734.902860419,-148395.794194234,-166028.630085126,-169738.256648253,210000
-113880.377249444,-122889.977561915,-148550.546291192,-166181.675274226,-169887.110651048,210100
-114036.217110881,-123045.037245964,-148705.435435913,-166330.425562999,-170035.645720701,210200
-114192.046314862,-123200.7715828,-148860.289535687,-166476.38989213,-170183.822457441,210300
-114347.864821644,-123357.152881218,-149014.372050421,-166622.079108839,-170331.950466009,210400
-114503.672591581,-123513.517329697,-149166.037533324,-166767.730560424,-170480.029774516,210500
-114659.469585121,-123669.864895043,-149317.673180156,-166913.3442563,-170628.060411115,210600
-114815.255762811,-123826.195544157,-149473.610584528,-167058.92020594,-170776.042403999,210700
-114971.031085289,-123978.669675894,-149628.270526998,-167204.458418873,-170923.975781407,210800
-115126.79551329,-124128.805412641,-149780.382230499,-167349.958904689,-171071.860571617,210900
-115282.549007646,-124282.945048545,-149931.133839565,-167495.421673033,-171219.696802948,211000
-115438.29152928,-124437.301081023,-150081.73693957,-167640.846733609,-171367.484503763,211100
-115594.023039212,-124592.448888307,-150232.311778718,-167786.600966404,-171515.223702464,211200
-115749.743498558,-124747.58098912,-150382.858344822,-167936.401198106,-171662.914427495,211300
-115905.452868525,-124903.182255507,-150533.135826437,-168086.153988397,-171810.556707341,211400
-116061.151110416,-125061.52930129,-150687.164285131,-168235.859360303,-171958.150570527,211500
-116216.838185628,-125219.856282008,-150838.192323956,-168385.517336904,-172105.696045617,211600
-116372.514055652,-125378.163166919,-150989.191103349,-168535.127941326,-172253.110285721,211700
-116526.98401396,-125536.449925375,-151140.160612302,-168684.691196746,-172400.392879131,211800
-116679.828897015,-125687.427239942,-151291.100839888,-168833.974887271,-172547.627561425,211900
-116832.665663261,-125835.62680773,-151442.011775257,-168981.190052927,-172694.811518503,212000
-116985.494273695,-125985.027239271,-151592.89340764,-169123.141371943,-172839.532286733,212100
-117138.314689402,-126138.90294003,-151742.593173619,-169265.061169572,-172984.046545281,212200
-117291.126871557,-126292.763982356,-151894.396007498,-169405.586143183,-173128.45652759,212300
-117443.930781422,-126446.61033359,-152045.451776786,-169546.041343985,-173273.068697208,212400
-117596.726380346,-126600.441961166,-152196.85115153,-169688.875175965,-173417.638710341,212500
-117749.51362977,-126754.258832605,-152348.220093831,-169836.337935312,-173562.166587143,212600
-117902.29249122,-126908.060915516,-152499.558594337,-169983.934787,-173707.35404804,212700
-118055.062926309,-127061.848177601,-152650.866643771,-170131.488064449,-173853.531687996,212800
-118207.824896741,-127215.620586646,-152802.144232938,-170278.997786373,-173999.663219292,212900
-118360.578364303,-127369.378110529,-152956.096685895,-170426.463971535,-174145.21278499,213000
-118513.323290873,-127523.120717214,-153109.283220002,-170573.886638748,-174288.389321024,213100
-118666.059638416,-127676.848374754,-153260.383871266,-170721.265806875,-174431.526402828,213200
-118818.787368981,-127830.561051292,-153412.910859377,-170868.549471839,-174575.686961921,213300
-118971.506444707,-127984.258715057,-153565.544417622,-171015.111446605,-174721.786641084,213400
-119124.216827819,-128137.941334366,-153718.144773956,-171161.631596255,-174867.839923712,213500
-119276.918480628,-128291.708629309,-153871.603661181,-171308.109937635,-175013.846836898,213600
-119429.611365532,-128445.927258138,-154026.106416381,-171454.546487642,-175159.807407776,213700
-119582.295445015,-128600.130082161,-154180.147852362,-171600.941263223,-175305.721663514,213800
-119734.970681648,-128754.317070261,-154331.638345921,-171747.294281376,-175451.589631319,213900
-119887.637038088,-128908.488191409,-154485.995167877,-171893.605559144,-175597.411338436,214000
-120040.294477078,-129062.643414665,-154638.416174807,-172039.150723645,-175743.186812146,214100
-120192.942961445,-129216.782709174,-154785.840378171,-172182.164518589,-175888.916079766,214200
-120345.582454103,-129370.906044172,-154933.239673387,-172325.139118036,-176034.59916865,214300
-120498.212918054,-129521.477966333,-155080.614047648,-172468.078894959,-176180.23610619,214400
-120650.834316381,-129666.426696424,-155230.700157112,-172610.983857783,-176325.826919811,214500
-120803.446612256,-129811.369969669,-155380.809711847,-172753.854014986,-176471.371636978,214600
-120956.049768933,-129956.30775236,-155530.245254349,-172897.603763568,-176616.870285188,214700
-121108.643749753,-130101.240010862,-155680.844200911,-173040.768701456,-176762.322891976,214800
-121261.228518142,-130246.166711612,-155829.29085171,-173183.898078467,-176907.679611067,214900
-121413.804037611,-130391.08782112,-155977.698039905,-173327.104557053,-177052.973185508,215000
-121566.317274345,-130536.087098662,-156130.256098805,-173479.787828624,-177198.220959044,215100
-121712.218529418,-130682.375989674,-156281.925721054,-173631.195591333,-177343.422959112,215200
-121858.117407613,-130828.657242537,-156437.286948928,-173778.219166401,-177488.579213188,215300
-122004.01387158,-130988.666203562,-156588.493214327,-173924.83940367,-177633.689748782,215400
-122149.907884042,-131152.914191079,-156739.984486035,-174070.74648751,-177777.934582452,215500
-122295.799407797,-131317.130886971,-156891.783870369,-174216.611645246,-177921.727616695,215600
-122441.688405713,-131481.438652782,-157043.550141043,-174362.43489535,-178065.477903881,215700
-122587.574840736,-131646.464238756,-157196.258529086,-174507.767221807,-178207.224357041,215800
-122733.458675881,-131811.457473121,-157349.600951753,-174654.794461033,-178345.098794079,215900
-122879.339874237,-131976.418336535,-157502.747963019,-174801.227597991,-178482.943075686,216000
-123025.218398968,-132135.516283251,-157654.080844923,-174947.617246556,-178620.757208677,216100
-123171.094213309,-132284.98094158,-157805.381143096,-175093.96342775,-178758.541199911,216200
-123316.967280567,-132434.43438874,-157956.648852696,-175240.00758168,-178896.253940916,216300
-123462.837564124,-132583.876593624,-158109.339979314,-175385.848968509,-179033.880945447,216400
-123608.705027433,-132733.307525204,-158263.200576182,-175531.647924202,-179171.478048727,216500
-123754.569634019,-132882.727152526,-158417.023798404,-175677.404468519,-179309.045257481,216600
-123900.43134748,-133032.135444716,-158570.948024513,-175823.118621264,-179447.736734475,216700
-124046.290131487,-133181.532370979,-158723.335824739,-175968.790402285,-179590.310401367,216800
-124192.145949782,-133330.917900593,-158874.797532284,-176114.419831474,-179732.843318444,216900
-124337.998766178,-133480.292002917,-159028.458836385,-176260.006928764,-179875.335506921,217000
-124483.848544562,-133629.654647386,-159182.806659882,-176405.55171413,-180017.78698805,217100
-124629.695248892,-133779.00580351,-159337.956101599,-176551.054207591,-180160.197783119,217200
-124775.538843197,-133928.345440879,-159493.065281867,-176696.514429207,-180302.567913453,217300
-124921.379291578,-134077.673529157,-159648.134204418,-176841.932399082,-180444.897400412,217400
-125067.216558209,-134226.990038086,-159798.846619398,-176987.308137359,-180587.186265395,217500
-125213.62438571,-134376.294937484,-159948.851924586,-177132.641664224,-180729.434529833,217600
-125366.056685933,-134525.588197246,-160101.047670177,-177277.932999905,-180871.642215195,217700
-125518.478672876,-134674.869787341,-160251.878288292,-177423.182164671,-181013.809342986,217800
-125670.890312443,-134824.139677817,-160401.648180799,-177568.389178832,-181155.935934745,217900
-125823.291570616,-134973.397838795,-160551.387021543,-177713.554062737,-181298.022012047,218000
-125975.682413461,-135122.644240474,-160701.094805544,-177858.758151315,-181440.141683965,218100
-126128.062807123,-135271.878853128,-160850.771527887,-178007.010826649,-181583.206447939,218200
-126280.432717829,-135421.101647106,-161002.699671844,-178155.214043958,-181726.228297611,218300
-126432.792111884,-135570.312592833,-161156.095321318,-178303.367834676,-181869.207258329,218400
-126585.140955676,-135719.511660809,-161308.371474209,-178449.993509293,-182012.143355474,218500
-126737.479215671,-135868.698821609,-161458.544231772,-178594.930331983,-182155.036614457,218600
-126888.543574377,-136017.874045883,-161608.731635253,-178739.576952324,-182297.887060721,218700
-127030.995779333,-136167.037304357,-161759.47554111,-178882.652789576,-182440.69471974,218800
-127173.623925698,-136316.18856783,-161909.698315457,-179022.483201745,-182583.459617017,218900
-127316.251340244,-136465.327807177,-162058.331228831,-179162.89024384,-182726.18177809,219000
-127458.877988128,-136614.57779776,-162205.700609325,-179307.593049615,-182868.861228524,219100
-127601.503834573,-136763.78067038,-162353.81232378,-179452.253972471,-183011.497993915,219200
-127744.128844864,-136911.434866762,-162505.121061498,-179598.536655564,-183152.795993499,219300
-127886.752984355,-137062.896204407,-162656.395149628,-179745.797686625,-183293.231331109,219400
-128034.811998817,-137211.405470975,-162807.634587643,-179893.871095721,-183433.628921816,219500
-128187.415311019,-137359.90911496,-162958.85369317,-180039.560095741,-183573.988784277,219600
-128340.007251046,-137508.963376156,-163113.673283969,-180184.177935188,-183714.310937182,219700
-128492.587786467,-137658.005382895,-163268.451517058,-180328.707318322,-183854.595399259,219800
-128645.156884935,-137807.46226147,-163423.188399166,-180472.909121463,-183994.842189267,219900
-128797.71451418,-137959.191766516,-163577.88393709,-180616.927320801,-184135.051326,220000
-128950.260642008,-138110.905602209,-163732.513557453,-180760.90449992,-184275.222828287,220100
-129102.795236309,-138262.603741699,-163883.081734528,-180904.840679094,-184415.356714992,220200
-129255.318265046,-138414.286158214,-164028.839981346,-181048.735878639,-184556.105465192,220300
-129407.829696264,-138565.952825056,-164178.141958378,-181191.831407264,-184697.340636601,220400
-129560.329498086,-138717.757426262,-164329.236270709,-181336.814673217,-184838.535577728,220500
-129712.817638711,-138869.731052356,-164479.214371656,-181481.150294214,-184979.690311394,220600
-129865.294086417,-139017.724320268,-164627.783303035,-181625.443711166,-185120.804860452,220700
-130017.758809561,-139161.076837599,-164777.709450986,-181769.694946498,-185262.053697713,220800
-130170.211776577,-139307.850935502,-164927.841312734,-181913.904022673,-185404.918923775,220900
-130316.362022597,-139458.823465848,-165076.937516814,-182057.664667306,-185547.739710907,221000
-130461.755849573,-139607.985725868,-165226.19748962,-182201.300864794,-185690.516088615,221100
-130607.299011269,-139753.780735714,-165376.251649468,-182344.896113771,-185833.248086432,221200
-130752.837794428,-139899.566636877,-165524.663782779,-182488.45043513,-185975.935733913,221300
-130898.372165931,-140045.343400756,-165670.015791773,-182631.963849798,-186118.579060639,221400
-131043.902092725,-140191.213386636,-165816.293561779,-182775.573695663,-186261.178096211,221500
-131189.427541822,-140342.062814838,-165964.263531756,-182921.659992968,-186403.732870259,221600
-131334.948480304,-140498.765191376,-166113.74248867,-183067.699279869,-186546.243412433,221700
-131480.464875317,-140651.299034443,-166261.341126859,-183213.691586564,-186688.709752408,221800
-131625.976694077,-140805.882017682,-166407.602761576,-183359.636943281,-186831.13191988,221900
-131771.519439272,-140960.444627368,-166553.959689184,-183503.773773129,-186973.50994457,222000
-131917.363497468,-141114.986840388,-166701.322270283,-183646.78338484,-187115.843856222,222100
-132063.202513181,-141269.508633706,-166848.724329509,-183789.752701488,-187258.133684603,222200
-132209.036453982,-141425.693913022,-166995.263877281,-183932.681743759,-187400.3794595,222300
-132355.056273143,-141581.888071015,-167141.418931288,-184075.324940035,-187542.581210725,222400
-132501.273824971,-141735.06491528,-167287.546617869,-184217.86539759,-187684.738968113,222500
-132647.485715351,-141887.794471885,-167433.646931222,-184360.366358882,-187826.852761517,222600
-132793.69191234,-142041.077206619,-167579.719865602,-184502.631319292,-187968.922620816,222700
-132939.892384064,-142202.288504262,-167726.180345314,-184644.771538388,-188110.94857591,222800
-133086.087098712,-142360.317377631,-167874.526090965,-184786.87293214,-188252.930656719,222900
-133232.276024543,-142512.164980908,-168024.322624738,-184928.935519585,-188394.868893187,223000
-133378.459129881,-142663.7247695,-168171.92438737,-185073.45284444,-188536.763315276,223100
-133524.636383117,-142815.267679424,-168319.495868732,-185214.723109199,-188678.613952972,223200
-133670.807752709,-142966.793686335,-168467.594876353,-185356.036741399,-188820.420836282,223300
-133821.623407348,-143118.302765958,-168617.110312082,-185498.564486156,-188962.183995232,223400
-133980.653810685,-143269.794894091,-168766.256164782,-185641.052116079,-189103.90345987,223500
-134139.663114817,-143421.270046605,-168915.368821933,-185783.208041163,-189245.579260265,223600
-134298.651294156,-143572.728199444,-169064.448283985,-185925.27585513,-189387.180453671,223700
-134457.618323198,-143724.169328625,-169213.494551442,-186067.304412175,-189528.648258868,223800
-134616.56417652,-143875.593410235,-169363.211055574,-186209.29373246,-189667.652072318,223900
-134775.966501585,-144027.000420436,-169513.7615085,-186351.243836178,-189806.090212808,224000
-134935.498873099,-144178.390335461,-169664.275954517,-186493.563682864,-189944.404128788,224100
-135095.009264369,-144329.763131615,-169814.567676063,-186635.614379424,-190082.681907385,224200
-135254.497650562,-144481.118785274,-169964.431103295,-186777.5948779,-190220.923567812,224300
-135413.964006929,-144632.457272887,-170114.259599742,-186919.535869227,-190359.12912931,224400
-135573.4083088,-144783.778570974,-170264.053168039,-187061.437374357,-190497.298611149,224500
-135732.83053159,-144935.082656126,-170413.811810878,-187203.592041596,-190635.432032625,224600
-135892.230650796,-145086.369505006,-170563.535531009,-187345.643224464,-190773.529413065,224700
-136051.608641995,-145237.639094349,-170713.224331238,-187487.923574427,-190911.590771822,224800
-136210.964480847,-145388.89140096,-170862.602449942,-187630.163441744,-191049.616128278,224900
-136370.298143095,-145536.960329896,-171011.078281732,-187772.362848993,-191187.605501841,225000
-136529.60960456,-145681.464504403,-171158.310639344,-187914.383282648,-191325.558911949,225100
-136688.898841148,-145826.029506274,-171306.036009158,-188056.206752814,-191463.476378064,225200
-136848.165828843,-145978.471286734,-171455.623284915,-188198.089062833,-191601.357919678,225300
-137004.617063236,-146133.799823338,-171604.300274143,-188340.059871203,-191739.20355631,225400
-137152.306872034,-146288.863601651,-171752.943721857,-188481.990487121,-191877.013307504,225500
-137299.98825751,-146432.063120623,-171901.096956425,-188623.880933112,-192014.787192834,225600
-137447.661190148,-146581.131999287,-172049.167577292,-188765.731231728,-192152.525231896,225700
-137595.325640499,-146732.047857304,-172197.205674123,-188907.541405552,-192290.227444318,225800
-137742.981579183,-146883.325688871,-172345.211247904,-189049.311477193,-192427.893849751,225900
-137890.62897688,-147034.587944336,-172493.184299675,-189191.041469289,-192565.524467873,226000
-138038.267804343,-147186.088718855,-172641.124830533,-189332.731404506,-192703.119318388,226100
-138185.898032384,-147340.081226962,-172788.273372945,-189474.38130554,-192844.05719442,226200
-138333.519631887,-147495.057260238,-172934.723182895,-189615.991195112,-192985.257890575,226300
-138484.912545973,-147650.167161974,-173081.143003277,-189757.561095971,-193126.414178227,226400
-138641.898755106,-147805.277889245,-173227.532832877,-189899.091030896,-193267.526090479,226500
-138798.865081749,-147958.032129357,-173373.89267054,-190040.581022692,-193408.593660448,226600
-138948.256440978,-148109.149638164,-173520.222515162,-190182.031094189,-193549.773701113,226700
-139096.240001762,-148260.249198906,-173666.522365697,-190323.441268247,-193690.988460694,226800
-139244.214365091,-148411.330789912,-173812.792221149,-190464.811567754,-193832.158404725,226900
-139392.179502338,-148562.394389582,-173959.032080581,-190606.14201562,-193973.283567286,227000
-139540.135384944,-148713.439976383,-174105.241943106,-190747.281599708,-194114.363982468,227100
-139688.081984412,-148864.467528853,-174251.421807893,-190888.367574458,-194255.399684372,227200
-139836.019272315,-149015.477025595,-174397.571674165,-191029.54989525,-194396.390707114,227300
-139983.117859688,-149167.759349383,-174543.691541196,-191170.751645497,-194537.275137938,227400
-140128.127544471,-149320.174289768,-174689.781408317,-191311.913589872,-194677.971724713,227500
-140273.130924796,-149472.569204115,-174835.84127491,-191453.035751548,-194818.624237131,227600
-140418.127971712,-149624.944072354,-174981.871140412,-191594.118153722,-194959.232708549,227700
-140563.118656325,-149773.695371122,-175127.87100431,-191735.160819617,-195099.109049323,227800
-140708.102949808,-149920.705218362,-175273.146010517,-191876.163772482,-195237.243692702,227900
-140853.08082339,-150070.45321805,-175417.854577717,-192017.127035591,-195375.340135983,228000
-140998.052248362,-150220.727358465,-175564.811116193,-192158.050632243,-195513.398403583,228100
-141143.017196078,-150370.984004916,-175709.995799093,-192298.934585763,-195651.418519937,228200
-141287.975637949,-150521.523681793,-175854.642948682,-192439.7789195,-195789.400509501,228300
-141432.927545448,-150672.254514208,-176001.507209606,-192580.583656828,-195927.34439675,228400
-141577.87289011,-150820.229567591,-176148.339581119,-192721.332198132,-196065.25020618,228500
-141727.57043834,-150964.761105448,-176294.475737346,-192862.028157276,-196203.117962305,228600
-141887.360676395,-151115.538246672,-176438.797792366,-193002.68465827,-196342.22987309,228700
-142047.126214333,-151266.989138009,-176583.092259274,-193143.301724486,-196482.457411807,228800
-142201.836257788,-151412.148207019,-176727.35913583,-193283.87937932,-196622.641104948,228900
-142349.507806001,-151558.990321857,-176873.565363829,-193424.417646193,-196762.780986309,229000
-142497.266155441,-151708.888108254,-177021.19059236,-193565.879119759,-196902.877089696,229100
-142645.021208116,-151858.768433709,-177167.446552527,-193707.567397292,-197042.929448925,229200
-142792.766394196,-152008.631277683,-177318.39027494,-193849.213511218,-197182.938097822,229300
-142940.501686599,-152158.476619704,-177468.014264487,-193990.817489295,-197322.903070222,229400
-143088.227058307,-152308.304439363,-177615.847171762,-194131.853999305,-197462.824399971,229500
-143236.132830356,-152458.114716316,-177763.645799967,-194271.002901565,-197602.702120923,229600
-143384.235199931,-152607.907430285,-177911.410154093,-194410.070849366,-197742.536266943,229700
-143532.327101405,-152757.699154398,-178057.676151186,-194549.10227006,-197882.326871905,229800
-143680.408508197,-152908.172073766,-178202.985821278,-194688.097183463,-198022.040556642,229900
-143828.479393792,-153058.626483027,-178348.265580662,-194827.639146503,-198161.671351652,230000
-143976.539731736,-153209.317916545,-178493.699101048,-194967.659023991,-198301.258885698,230100
-144124.589495638,-153360.236848568,-178641.185608717,-195107.513936639,-198440.803192402,230200
-144272.62865917,-153511.136510178,-178788.637984489,-195247.330241789,-198580.304305395,230300
-144424.488235292,-153662.016882421,-178933.720383237,-195387.107962511,-198719.762258319,230400
-144578.742741777,-153812.877946407,-179077.996313629,-195526.157063906,-198859.177084822,230500
-144732.979146231,-153963.719683311,-179221.909591406,-195664.292689815,-198998.548818562,230600
-144887.448540949,-154114.542074372,-179366.148148824,-195802.393285238,-199137.877493206,230700
-145042.344035584,-154265.345100893,-179510.653573952,-195940.458868395,-199277.106676437,230800
-145197.220474554,-154416.809447425,-179654.815815378,-196078.489457534,-199416.212339852,230900
-145352.960243739,-154571.515116321,-179799.361708606,-196216.48507093,-199555.27536309,231000
-145514.075144549,-154719.411186689,-179944.36903247,-196354.445726881,-199691.134486065,231100
-145675.16242253,-154867.29152682,-180089.289923847,-196492.244435029,-199826.415312109,231200
-145836.222060729,-155016.463823328,-180234.180916086,-196630.168023226,-199961.662345213,231300
-145997.254042265,-155166.313081936,-180379.042010421,-196769.884266102,-200096.841930347,231400
-146158.258350334,-155316.143985751,-180523.873208132,-196909.561419154,-200234.42762989,231500
-146319.234968204,-155465.956515894,-180668.674510544,-197046.959222288,-200372.871545881,231600
-146480.18387922,-155615.750653546,-180813.445919035,-197182.971837051,-200511.239359092,231700
-146641.105066803,-155765.526379954,-180958.187435027,-197319.748609154,-200649.509979466,231800
-146801.998514444,-155915.283676423,-181102.899059991,-197458.060581058,-200787.739415305,231900
-146962.864205713,-156065.022524324,-181247.580795446,-197596.336371906,-200925.92769798,232000
-147122.17845236,-156214.742905089,-181392.232642957,-197734.576002192,-201063.394120854,232100
-147270.044512306,-156364.444800211,-181537.257556659,-197872.779492432,-201198.750013921,232200
-147417.899328388,-156514.128191246,-181683.398909654,-198010.946863167,-201334.071359681,232300
-147565.742875681,-156663.211224839,-181829.507591451,-198148.977234447,-201469.358179497,232400
-147713.575129322,-156812.226317897,-181974.972107943,-198286.894031678,-201604.61049475,232500
-147861.396064507,-156961.223677443,-182120.004532241,-198424.775176156,-201739.708119591,232600
-148009.205656495,-157110.203284818,-182265.00606331,-198562.620687918,-201874.731922589,232700
-148157.003880603,-157259.165121427,-182411.299607473,-198700.430587025,-202009.7216627,232800
-148304.79071221,-157408.109168734,-182557.428884899,-198838.204893562,-202144.677360794,232900
-148452.566126752,-157557.035408263,-182703.433231886,-198975.943627635,-202279.59903776,233000
-148600.33009973,-157705.035769933,-182849.404772527,-199114.478741464,-202414.486714504,233100
-148748.082606701,-157851.636025507,-182994.32633353,-199257.008179495,-202549.340411951,233200
-148900.28342167,-157998.221300654,-183138.982893068,-199399.490554238,-202684.160151041,233300
-149054.005566501,-158146.19275209,-183283.608938806,-199541.925903825,-202818.945952735,233400
-149207.70896453,-158292.431256274,-183428.204473618,-199683.28290132,-202953.69783801,233500
-149361.393594774,-158442.667032411,-183572.769500426,-199821.367155739,-203088.415827859,233600
-149515.05943631,-158592.882991271,-183717.304022197,-199959.414627521,-203223.099943295,233700
-149668.706468285,-158743.079115959,-183861.808041944,-200097.425339056,-203357.750205347,233800
-149822.33466991,-158893.255389644,-184006.281562722,-200235.399312753,-203492.36663506,233900
-149975.944020462,-159042.44005541,-184150.724587633,-200373.33657104,-203626.949253498,234000
-150129.534499284,-159190.721376035,-184295.137119826,-200511.013253938,-203761.49808174,234100
-150283.106085783,-159339.021354841,-184439.51916249,-200648.480198326,-203896.013140883,234200
-150436.658759433,-159487.786927216,-184583.870718861,-200785.900835485,-204030.49445204,234300
-150590.192499772,-159636.534343425,-184728.19179222,-200923.285830976,-204164.942036341,234400
-150743.707286403,-159785.263585946,-184872.473058508,-201060.635205759,-204299.355914933,234500
-150897.203098995,-159933.974637316,-185015.528723576,-201197.94898081,-204433.736108978,234600
-151050.679917281,-160082.667480129,-185158.556015144,-201335.227177129,-204568.082639656,234700
-151204.137721058,-160231.342097041,-185301.554934579,-201472.469815734,-204702.395528161,234800
-151357.57649019,-160379.998470763,-185444.525483291,-201609.676917662,-204836.674795704,234900
-151510.996204603,-160528.636584066,-185587.467662735,-201747.427300087,-204971.514396179,235000
-151664.396844289,-160677.256419781,-185730.381474407,-201885.754499374,-205108.540730208,235100
-151817.778389302,-160825.857960793,-185873.266919849,-202024.043524665,-205245.526813393,235200
-151971.140819763,-160975.114670273,-186016.124000647,-202162.294401023,-205382.07740891,235300
-152124.484115855,-161125.793968516,-186158.952718429,-202300.507153527,-205516.190262986,235400
-152277.808257826,-161276.452096593,-186301.753074867,-202438.681807271,-205650.269592553,235500
-152431.113225988,-161423.913560406,-186444.525071675,-202576.818387367,-205784.546205878,235600
-152581.431616297,-161570.913287497,-186587.268710611,-202714.916918939,-205921.191141934,235700
-152729.667485835,-161717.896567166,-186731.02016121,-202852.97742713,-206057.796392756,235800
-152877.890293526,-161864.863381631,-186872.61880782,-202990.920541488,-206194.361989424,235900
-153026.100016965,-162012.052873994,-187013.589196585,-203128.766503639,-206330.88796302,236000
-153174.296633801,-162161.359139631,-187155.310622399,-203266.574831157,-206467.374344636,236100
-153322.480121746,-162311.432943025,-187297.605444063,-203404.345548787,-206603.821165367,236200
-153470.650458567,-162460.731166592,-187442.254274051,-203542.078681289,-206740.228456312,236300
-153618.80762209,-162608.576206904,-187586.871061416,-203679.77425344,-206876.59624858,236400
-153766.951590197,-162756.403440946,-187731.455812094,-203817.432290031,-207012.924573279,236500
-153915.082340831,-162904.212851998,-187876.008532061,-203955.052815868,-207149.213461527,236600
-154063.19985199,-163052.004423398,-188022.482220561,-204092.635855772,-207285.462944445,236700
-154211.30410173,-163199.778138539,-188169.486053632,-204230.181434579,-207421.673053159,236800
-154359.395068165,-163347.53398087,-188316.453113905,-204367.689577139,-207557.8438188,236900
-154507.472729466,-163495.271933897,-188463.383412939,-204505.160308317,-207693.975272502,237000
-154655.537063861,-163642.991981179,-188606.921583796,-204642.593652992,-207830.067445407,237100
-154803.588049635,-163790.694106335,-188749.91413554,-204779.989636059,-207966.120368658,237200
-154951.786078377,-163938.378293035,-188892.877173079,-204917.348282426,-208102.134073405,237300
-155099.988055276,-164086.407400932,-189037.398786752,-205054.669617013,-208238.108590799,237400
-155248.176408744,-164238.450508475,-189182.388939049,-205191.953664758,-208374.043952,237500
-155396.351117387,-164390.469621486,-189326.548280857,-205329.200450609,-208509.940188167,237600
-155544.512159867,-164542.464727691,-189470.675761688,-205466.409999532,-208645.797330466,237700
-155692.659514902,-164694.435814872,-189613.461900406,-205603.871055125,-208781.615410066,237800
-155840.793161267,-164842.962128822,-189755.743515164,-205741.531201486,-208917.39445814,237900
-155988.913077793,-164987.83964957,-189897.996526761,-205879.152959849,-209053.134505865,238000
-156137.019243369,-165132.702471537,-190040.220938244,-206016.736357099,-209188.83558442,238100
-156285.111636939,-165277.550577123,-190182.416752701,-206154.281420135,-209324.497724989,238200
-156433.190237503,-165422.383948783,-190325.897233097,-206290.65412224,-209460.12095876,238300
-156581.25502412,-165567.202569021,-190471.153017293,-206429.641040675,-209595.705316921,238400
-156729.305975902,-165712.006420396,-190616.41237462,-206567.461014419,-209731.250830668,238500
-156877.343072018,-165858.475764396,-190761.164396575,-206705.241845815,-209866.757531195,238600
-157025.366291694,-166006.126198271,-190905.070035434,-206842.983563226,-210002.225449703,238700
-157173.37561421,-166153.883981884,-191048.94373347,-206980.686195028,-210137.654617393,238800
-157321.371018902,-166301.407696517,-191192.786886635,-207118.349769604,-210273.045065472,238900
-157469.352485165,-166449.020675588,-191337.750952684,-207255.974315347,-210408.396825147,239000
-157617.319992444,-166596.615121056,-191482.680976254,-207393.559860659,-210543.709927628,239100
-157765.273520245,-166744.191017813,-191627.576966746,-207531.106433953,-210678.984404129,239200
-157913.213048125,-166891.748350805,-191771.538563909,-207668.614063648,-210814.220285864,239300
-158061.138555699,-167039.32363418,-191915.463868576,-207806.082778175,-210949.417604052,239400
-158209.050022636,-167187.265812543,-192059.356836407,-207943.404851539,-211084.576389912,239500
-158356.947428661,-167338.046743151,-192203.217475113,-208080.530426426,-211219.696674668,239600
-158504.830753553,-167489.083448153,-192347.045792446,-208217.617805948,-211354.778489542,239700
-158652.699977146,-167640.096647298,-192490.84179619,-208354.667017568,-211489.772055756,239800
-158800.55507933,-167791.086329001,-192634.605494169,-208492.117977941,-211624.719585592,239900
-158948.47489601,-167942.052481735,-192778.336894247,-208630.183501024,-211759.628880221,240000
-159096.618378615,-168093.200538694,-192922.036004319,-208768.208317287,-211894.499970645,240100
-159244.747264395,-168245.431836496,-193065.702832322,-208906.192458382,-212029.332887868,240200
-159392.861533703,-168397.637603578,-193209.337386228,-209044.135955965,-212164.127662895,240300
-159540.961166947,-168555.106689439,-193352.939674046,-209182.038841697,-212298.884326733,240400
-159689.046144588,-168714.613432914,-193496.961506501,-209319.901147243,-212433.60291039,240500
-159837.116447142,-168870.507370207,-193641.151647132,-209457.722904274,-212568.283444878,240600
-159985.17205518,-169019.513929655,-193785.308344741,-209594.799650926,-212702.925961208,240700
-160133.212949327,-169167.259788966,-193929.431608805,-209730.922342115,-212837.530490392,240800
-160281.239110262,-169314.986172635,-194073.521448835,-209867.008423851,-212972.097063444,240900
-160429.250518717,-169462.693066967,-194217.577874377,-210002.919851193,-213106.62571138,241000
-160577.247155481,-169610.380458317,-194360.807037605,-210139.538640721,-213241.116465216,241100
-160725.229001394,-169758.330530974,-194502.754413306,-210277.535900833,-213375.569355969,241200
-160875.486601334,-169908.995745269,-194644.672095718,-210415.491820556,-213511.517693169,241300
-161031.108256063,-170059.637263128,-194786.56009057,-210551.675090357,-213647.961754895,241400
-161186.70518193,-170210.255073854,-194928.418403629,-210687.700534963,-213784.362761569,241500
-161342.277365621,-170360.849166804,-195070.247040694,-210823.689169496,-213917.195442936,241600
-161497.826297639,-170511.419531391,-195212.046007605,-210959.641020291,-214049.548775068,241700
-161653.683913992,-170661.966157078,-195351.992219335,-211095.556113691,-214181.869020568,241800
-161809.516324171,-170812.489033384,-195491.612826415,-211231.43447605,-214315.682030522,241900
-161965.323515328,-170962.988149881,-195631.207557861,-211367.276133728,-214449.833133315,242000
-162109.317220876,-171112.633601739,-195770.461653857,-211503.081113095,-214584.061687395,242100
-162252.161666896,-171261.220724593,-195910.188339614,-211638.849440528,-214718.519521834,242200
-162394.996703444,-171409.89636062,-196050.847142294,-211774.581142415,-214852.122804513,242300
-162541.602485597,-171558.550600153,-196191.165974226,-211910.641852426,-214986.185025144,242400
-162695.021063731,-171707.183431455,-196332.098030386,-212046.984661039,-215120.163536534,242500
-162848.417388484,-171856.70669972,-196473.001646676,-212183.289319808,-215253.528212038,242600
-163002.148618086,-172010.939645597,-196614.010150133,-212319.555857621,-215386.115797987,242700
-163156.06768454,-172158.294911734,-196756.563125562,-212455.784303373,-215518.669178824,242800
-163308.05554826,-172305.105514593,-196899.219132496,-212591.97468596,-215651.188380468,242900
-163452.404949213,-172451.897054047,-197041.843398923,-212728.127034287,-215783.889791691,243000
-163596.743047027,-172598.669517046,-197184.435933428,-212864.241377263,-215916.904411511,243100
-163741.069821989,-172745.422890589,-197326.996744635,-213000.317743801,-216049.883575767,243200
-163891.986653712,-172892.157161724,-197469.525841196,-213136.349387296,-216182.793992452,243300
-164044.918971053,-173038.872317551,-197612.023231802,-213272.013496451,-216315.61364131,243400
-164197.66556313,-173185.868734157,-197754.488925173,-213407.640464429,-216448.398133454,243500
-164345.260213309,-173333.455421505,-197896.986803159,-213543.230319082,-216581.147496637,243600
-164492.839636941,-173481.021734965,-198039.682955664,-213677.679153053,-216714.325891428,243700
-164640.403816201,-173628.567662602,-198181.373772974,-213809.83919671,-216847.904223169,243800
-164787.952733315,-173776.09319253,-198322.121995089,-213943.600649205,-216981.034912474,243900
-164935.486370563,-173923.598312916,-198462.84142916,-214079.179974715,-217112.826601939,244000
-165083.004710274,-174071.083011974,-198603.532081034,-214214.72206192,-217244.585249353,244100
-165230.50773483,-174218.54727797,-198744.283281169,-214350.226939015,-217377.2149883,244200
-165377.995426664,-174365.991099218,-198886.666542528,-214485.694634202,-217509.813654507,244300
-165525.467768258,-174513.414464081,-199030.134604317,-214621.125175685,-217642.377184179,244400
-165672.924742149,-174660.817360974,-199173.568602979,-214756.518591673,-217774.905605458,244500
-165820.366330921,-174808.19977836,-199317.375416993,-214891.874910382,-217907.398946489,244600
-165967.792517212,-174955.56170475,-199461.434864947,-215027.194160031,-218039.857235418,244700
-166115.481312351,-175102.903128706,-199605.458979329,-215162.330712635,-218172.280500392,244800
-166263.364374155,-175250.224038839,-199749.447773691,-215297.39286766,-218304.668769557,244900
-166411.231380187,-175397.524423807,-199893.401261616,-215432.418466149,-218437.022071064,245000
-166559.082313602,-175545.013509876,-200037.319456713,-215567.407535677,-218569.340433061,245100
-166706.917157606,-175692.814212446,-200180.813876876,-215702.360103829,-218701.623883699,245200
-166854.735895453,-175840.593593714,-200322.056056179,-215837.27619819,-218833.872451129,245300
-167002.53851045,-175988.351643073,-200462.846338705,-215972.227629705,-218966.086163503,245400
-167150.324985955,-176136.78508054,-200603.606967116,-216107.221361102,-219098.265048973,245500
-167298.095305374,-176287.921733345,-200744.337948926,-216242.257895857,-219230.362512114,245600
-167445.849452167,-176431.987678332,-200885.039291679,-216377.052121587,-219362.416125,245700
-167593.58740984,-176577.385222115,-201026.80342181,-216510.543212259,-219494.435132551,245800
-167741.309161954,-176724.035430883,-201167.174814529,-216643.671948378,-219626.419562696,245900
-167889.014692116,-176870.665590898,-201307.517103298,-216776.768034946,-219758.369443364,246000
-168039.259033736,-177017.275691024,-201447.830295194,-216909.831494057,-219891.140606607,246100
-168192.086567388,-177163.865720173,-201588.114397321,-217042.862347818,-220024.35519668,246200
-168344.891190901,-177310.556567078,-201728.369416817,-217175.860618343,-220157.53200208,246300
-168497.672891957,-177457.5684362,-201870.114227613,-217308.826327755,-220290.671056273,246400
-168650.431658292,-177604.559615865,-202011.457661552,-217441.759498187,-220423.772392718,246500
-168803.167477697,-177751.530095503,-202151.415498486,-217574.66015178,-220556.836044868,246600
-168955.880338014,-177898.479864594,-202291.344672852,-217707.528310684,-220689.86204617,246700
-169108.570227139,-178045.408912661,-202431.245191496,-217840.363997059,-220822.850430063,246800
-169261.237133023,-178192.317229278,-202571.894759401,-217973.35546917,-220956.027732469,246900
-169413.881043666,-178339.204804065,-202713.456181956,-218106.493314043,-221089.220746125,247000
-169566.501947126,-178486.071626688,-202854.570438586,-218239.597920508,-221221.669399097,247100
-169719.09983151,-178632.917686861,-202996.842814681,-218372.669311994,-221354.600960887,247200
-169871.674684979,-178777.612930037,-203137.803411686,-218505.707511938,-221487.494839434,247300
-170024.226495746,-178921.427923362,-203278.448913618,-218638.748696306,-221620.351068528,247400
-170176.755252079,-179065.226074714,-203420.095798571,-218772.422842506,-221753.169681951,247500
-170329.260942295,-179209.007371541,-203561.580696446,-218906.062246654,-221885.950713479,247600
-170481.743554766,-179353.442767503,-203701.971639927,-219040.454856205,-222018.694196881,247700
-170634.203077915,-179498.357321528,-203841.489030002,-219175.283102303,-222151.400165916,247800
-170785.102709843,-179645.876120102,-203982.359855386,-219310.073674627,-222284.068654338,247900
-170931.783947956,-179801.840660984,-204123.454206995,-219444.826603904,-222416.699695892,248000
-171078.449450673,-179949.700301307,-204264.517232516,-219579.541920856,-222549.293324314,248100
-171225.099202262,-180094.191380208,-204405.548942182,-219714.219656209,-222681.849573335,248200
-171371.733187044,-180239.123572691,-204546.549346254,-219848.859840684,-222814.368476675,248300
-171518.351389385,-180384.301777194,-204688.223463017,-219983.462505003,-222946.850068049,248400
-171664.953793697,-180529.46095988,-204829.955513193,-220118.027679887,-223079.294381161,248500
-171811.540384443,-180674.601109956,-204970.021330427,-220252.555396055,-223211.701449709,248600
-171958.111146131,-180823.388008364,-205111.487888937,-220387.045684226,-223344.071307381,248700
-172104.666063316,-180973.33210615,-205253.978531039,-220521.498575116,-223476.403987859,248800
-172251.205120603,-181123.250355227,-205396.434731464,-220655.914099441,-223608.699524815,248900
-172397.30743095,-181273.142749774,-205537.361683006,-220790.292287915,-223740.957951913,249000
-172542.452541012,-181422.401909333,-205676.730177843,-220924.63317125,-223873.130295027,249100
-172687.58337379,-181568.724946448,-205816.069948253,-221058.936780158,-224005.207755343,249200
-172832.699913271,-181715.027154114,-205956.282534545,-221193.203145346,-224137.248472741,249300
-172977.80214349,-181861.30852297,-206097.489767078,-221327.432297524,-224269.252480406,249400
-173122.890048527,-182007.569043698,-206238.664775579,-221461.502923117,-224399.561736301,249500
-173267.963612507,-182153.808707027,-206379.807571893,-221595.49061209,-224529.836062839,249600
-173413.022819602,-182300.027503729,-206520.91816789,-221728.334014554,-224660.077887496,249700
-173558.067654026,-182446.225424623,-206661.302971959,-221859.924440515,-224790.287236577,249800
-173703.098100043,-182592.142635373,-206800.285979787,-221991.48363446,-224920.464136386,249900
-173848.114141959,-182736.085502572,-206939.226011243,-222122.956937931,-225050.608613229,250000
-173993.115764127,-182880.010436104,-207078.42552328,-222254.330508374,-225180.720693407,250100
-174138.102950943,-183023.917425036,-207217.6810027,-222385.673207966,-225310.800403223,250200
-174283.075686851,-183167.806458478,-207357.86710253,-222516.98505791,-225440.847768978,250300
-174428.033956337,-183308.156803518,-207498.76312605,-222649.731016009,-225570.862816974,250400
-174572.977743934,-183446.539971615,-207638.670582438,-222783.981048344,-225700.845573508,250500
-174717.90703422,-183584.91180505,-207778.667706428,-222918.193210773,-225830.787321245,250600
-174862.821811815,-183723.272289634,-207918.634298509,-223052.367535652,-225960.682677275,250700
-175007.759432695,-183861.645731208,-208058.570369065,-223186.504055331,-226090.747143897,250800
-175152.720555041,-184000.570980611,-208198.475928504,-223320.602802155,-226222.092888343,250900
-175297.66702458,-184148.873387601,-208338.070779157,-223454.663808465,-226353.40278321,251000
-175442.598826163,-184298.196290768,-208477.169597283,-223588.687106597,-226484.676860925,251100
-175587.515944689,-184447.518139522,-208616.469857603,-223722.672728882,-226615.915153908,251200
-175732.418365099,-184596.814096901,-208756.021844936,-223856.116838763,-226747.117694569,251300
-175877.306072379,-184746.084158066,-208895.543823839,-223988.699446083,-226878.284515312,251400
-176022.179051558,-184893.070425548,-209035.802527368,-224121.247692777,-227009.408521827,251500
-176167.037287712,-185036.725065942,-209176.539334284,-224253.761605935,-227140.477354093,251600
-176311.880765959,-185180.361602838,-209317.377839769,-224386.241212644,-227271.510630211,251700
-176456.70947146,-185324.312346927,-209458.183688967,-224518.686539993,-227403.194595076,251800
-176601.523389423,-185468.35548497,-209598.956895194,-224650.958223824,-227535.842133603,251900
-176746.322505097,-185612.379874061,-209739.69747179,-224782.933996987,-227668.449805527,252000
-176891.106803777,-185756.385504502,-209879.765037836,-224914.87651011,-227801.017650927,252100
-177035.8762708,-185900.372366633,-210018.4371021,-225046.785788826,-227933.545709863,252200
-177180.630891547,-186044.340450836,-210157.26621166,-225178.394528215,-228066.034022373,252300
-177325.370651444,-186188.289747538,-210296.934043191,-225308.354560813,-228198.482628481,252400
-177470.095535959,-186332.220247203,-210436.571025217,-225438.28572743,-228330.891568187,252500
-177614.805530603,-186479.23243029,-210576.177169335,-225568.188047248,-228462.056682962,252600
-177759.500620933,-186626.916311201,-210716.000012871,-225698.212733967,-228592.125127802,252700
-177906.016263059,-186774.57611317,-210855.24906666,-225831.192277256,-228722.105067539,252800
-178053.611583028,-186922.211830514,-210993.437800707,-225964.135750339,-228851.868116685,252900
-178201.188344236,-187069.823457591,-211130.769322553,-226097.043183655,-228981.598120564,253000
-178348.746534379,-187217.410988804,-211269.478154307,-226229.91460764,-229109.939231226,253100
-178496.286141198,-187365.11402289,-211408.157713441,-226362.750052726,-229237.582827844,253200
-178644.375925577,-187513.392318259,-211546.808009822,-226495.549549339,-229365.198294308,253300
-178807.392078677,-187661.645446136,-211685.429053343,-226628.313127902,-229493.667453504,253400
-178953.481486465,-187809.873401883,-211824.02085392,-226761.040818834,-229624.066225744,253500
-179094.588895619,-187958.0761809,-211962.583421495,-226893.163074197,-229754.430053113,253600
-179235.685185292,-188106.253778632,-212101.116766035,-227024.917994939,-229884.758967687,253700
-179382.533456584,-188254.406190566,-212239.348679997,-227156.639293717,-230015.015599687,253800
-179529.761528847,-188402.533412231,-212376.979849717,-227288.326997413,-230145.226668138,253900
-179676.971127724,-188550.635439197,-212514.58338041,-227419.981132913,-230275.40303765,254000
-179824.162241267,-188698.712267078,-212652.159280386,-227551.601727097,-230404.09373592,254100
-179971.334857567,-188846.763891529,-212789.70755798,-227683.188806848,-230532.668832725,254200
-180118.488964764,-188994.790308246,-212927.228221551,-227814.635180205,-230664.429364604,254300
-180265.62455104,-189143.756229804,-213064.721279484,-227945.821034771,-230795.889107769,254400
-180412.74160462,-189293.846120709,-213202.769120073,-228076.974234632,-230925.272718346,254500
-180560.046703361,-189443.907613165,-213341.010918324,-228208.094805456,-231054.623384804,254600
-180707.393435469,-189593.285225668,-213479.223638108,-228338.028028185,-231183.94113625,254700
-180854.721287741,-189735.216950169,-213617.407289633,-228467.311435318,-231313.226001789,254800
-181002.030248729,-189880.55364864,-213755.561883126,-228596.566348559,-231442.478010515,254900
-181149.320307028,-190027.509020785,-213893.68742884,-228725.792787422,-231571.697191516,255000
-181296.591451278,-190174.440412298,-214031.015740108,-228854.990771425,-231700.883573874,255100
-181443.843670161,-190321.347818327,-214167.956367599,-228984.160320092,-231830.037186663,255200
-181591.076952404,-190467.229411823,-214304.870055309,-229113.301452952,-231959.158058949,255300
-181738.291286776,-190612.061035718,-214441.968525807,-229244.934669527,-232088.246219792,255400
-181885.48666209,-190757.577788404,-214579.283740422,-229377.313471185,-232217.301698244,255500
-182032.42870291,-190903.072459116,-214716.70744173,-229509.656178628,-232346.324523349,255600
-182177.855676203,-191048.54504171,-214854.103138323,-229641.962823539,-232475.314724144,255700
-182323.26583686,-191193.995530084,-214992.580724189,-229774.23343759,-232604.272329658,255800
-182468.659172601,-191339.423918175,-215131.35011036,-229906.468052447,-232733.197368915,255900
-182614.187007607,-191484.83019996,-215270.088880906,-230038.621122198,-232862.089870926,256000
-182759.793287428,-191630.214369454,-215408.797048243,-230170.725481755,-232990.9498647,256100
-182905.38238184,-191775.576420714,-215547.474624808,-230302.765878274,-233119.777379235,256200
-183050.954278934,-191920.916347835,-215686.121623062,-230432.907932184,-233248.572443521,256300
-183196.508966846,-192066.65093391,-215824.738055486,-230562.639567702,-233377.335086543,256400
-183342.046433749,-192214.541728443,-215963.323934581,-230692.340954504,-233506.065337274,256500
-183487.566667863,-192362.406621267,-216101.879272873,-230822.301683953,-233634.763224683,256600
-183633.072925746,-192510.245609539,-216240.404082905,-230953.900081663,-233763.428777727,256700
-183778.5887602,-192655.861291412,-216378.898377246,-231084.294983422,-233892.06202536,256800
-183924.087284907,-192800.954985911,-216517.362168482,-231214.478720559,-234020.662996522,256900
-184069.568488279,-192947.715978769,-216655.795469223,-231344.630907023,-234149.23172015,257000
-184215.032358769,-193092.262057009,-216794.198292098,-231474.751567724,-234277.768225169,257100
-184360.884704488,-193236.853879627,-216932.570649758,-231604.761335504,-234406.272540499,257200
-184511.708896405,-193381.63794314,-217070.912554874,-231734.709220844,-234534.744695048,257300
-184662.639239293,-193526.400299007,-217209.22402014,-231864.625921405,-234663.184717719,257400
-184813.544916476,-193671.14094142,-217347.299772213,-231994.511461656,-234791.592637405,257500
-184964.425921343,-193815.859864613,-217485.067381194,-232124.365866067,-234919.96848299,257600
-185115.282247325,-193960.557062857,-217622.805388155,-232254.189159107,-235048.29955509,257700
-185266.113887898,-194105.23253046,-217760.513805114,-232383.981365244,-235176.594537934,257800
-185416.92083658,-194249.88626177,-217897.191836932,-232513.742508946,-235304.85757606,257900
-185564.200150899,-194394.518251172,-218034.112453678,-232643.472614679,-235433.088698243,258000
-185711.138996233,-194539.128493088,-218171.004972161,-232773.171706909,-235561.287933251,258100
-185860.500140996,-194683.716981981,-218307.869402634,-232902.839810101,-235689.455309844,258200
-186010.477240266,-194828.283712349,-218444.705755372,-233032.47694872,-235817.590856771,258300
-186160.430631691,-194972.828678728,-218581.514040672,-233162.083147227,-235945.694602774,258400
-186310.36030832,-195117.351875693,-218718.294268851,-233291.658430087,-236073.766576585,258500
-186460.266263248,-195261.853297855,-218855.046450247,-233421.202821758,-236201.806806927,258600
-186601.722949009,-195406.332939865,-218993.576184582,-233550.716346702,-236329.815322517,258700
-186743.071439331,-195550.790796409,-219132.562417015,-233680.199029376,-236457.792152059,258800
-186884.605937679,-195695.226862211,-219271.516238866,-233809.650894238,-236585.73732425,258900
-187030.921588697,-195839.641132034,-219410.437665864,-233939.071965743,-236713.650867779,259000
-187177.218153959,-195984.033600675,-219549.326713758,-234068.462268348,-236841.532811323,259100
-187323.4956237,-196128.40426297,-219687.566980225,-234197.821826503,-236969.341321185,259200
-187469.753988194,-196269.305394229,-219824.226484366,-234327.150664662,-237097.111131061,259300
-187615.993237757,-196408.767832841,-219960.857825906,-234456.448807273,-237224.849549079,259400
-187762.213362743,-196549.968633921,-220097.461015599,-234585.716278787,-237352.556603672,259500
-187908.414353548,-196693.72484415,-220234.03606422,-234714.953103648,-237480.232323268,259600
-188054.596200606,-196837.459925758,-220370.582982562,-234844.159306303,-237607.876736284,259700
-188200.758894394,-196981.173873336,-220507.162386646,-234973.334911195,-237735.489871127,259800
-188346.902425426,-197124.866681514,-220645.356569592,-235102.479942766,-237863.071756196,259900
-188493.026784256,-197268.753380427,-220783.519410541,-235231.594425454,-237990.62241988,260000
-188639.131961481,-197413.330238415,-220921.650924251,-235360.678383697,-238118.14189056,260100
-188785.217947734,-197557.068122818,-221059.751125496,-235489.731841932,-238245.630196607,260200
-188931.284733688,-197700.313985472,-221197.820029068,-235618.56081741,-238373.08736638,260300
-189077.332310059,-197843.539185401,-221336.263687073,-235747.327059964,-238500.513428233,260400
-189223.428248362,-197986.743717093,-221475.278256565,-235876.06339617,-238627.908410507,260500
-189369.623859677,-198132.237549952,-221614.259605364,-236004.769849657,-238755.272341536,260600
-189515.800010492,-198279.503250262,-221752.4246525,-236133.446444053,-238882.605249642,260700
-189661.956691799,-198423.395682605,-221890.248658632,-236262.093202984,-239009.907163139,260800
-189808.093894624,-198567.266412368,-222028.041610811,-236390.710150076,-239137.178110331,260900
-189954.211610038,-198711.115434905,-222165.803523786,-236519.297308951,-239264.418119512,261000
-190100.309829145,-198854.942745606,-222303.534412324,-236647.854703233,-239391.627218965,261100
-190246.388543093,-198998.748339894,-222441.234291209,-236776.382356541,-239518.805436967,261200
-190392.447743067,-199142.532213231,-222578.903175241,-236904.880292492,-239645.95280178,261300
-190538.48742029,-199286.294361112,-222716.541079238,-237033.348534705,-239773.069341661,261400
-190684.507566026,-199428.151295454,-222853.227002798,-237161.787106794,-239900.155084854,261500
-190830.508171577,-199569.879940873,-222989.214042769,-237290.196032371,-240027.210059594,261600
-190976.489228283,-199711.58959078,-223125.173204732,-237417.323101026,-240154.234294105,261700
-191122.450727523,-199853.280238848,-223261.104499853,-237544.327028617,-240281.227816602,261800
-191268.392660716,-199994.951878783,-223397.007939314,-237671.304450573,-240408.19065529,261900
-191414.315019316,-200136.604504326,-223532.883534319,-237798.255385833,-240535.122838364,262000
-191560.21779482,-200278.238109252,-223669.589874549,-237926.162163782,-240662.024394007,262100
-191706.100978761,-200419.852687371,-223806.435364476,-238054.958076444,-240788.895350393,262200
-191851.964562709,-200561.448232525,-223943.251054043,-238183.723194554,-240915.735735687,262300
-191997.808538274,-200703.024738593,-224080.036956973,-238312.457543765,-241042.545578042,262400
-192143.632897105,-200844.582199487,-224216.793087007,-238441.161149728,-241169.3249056,262500
-192289.437630888,-200986.120609153,-224353.519457905,-238569.834038087,-241296.442251266,262600
-192435.222731345,-201127.639961569,-224490.200614243,-238698.476234484,-241424.157307504,262700
-192580.98819024,-201269.14025075,-224625.815580482,-238827.087764555,-241551.839380543,262800
-192726.733999372,-201407.756372463,-224761.402868896,-238955.668653931,-241679.488502957,262900
-192872.460150579,-201546.686926804,-224897.444369167,-239084.218928237,-241806.71456186,263000
-193018.166635736,-201688.276829329,-225034.733343422,-239212.738613097,-241932.831284545,263100
-193161.941475399,-201830.628670087,-225171.597299416,-239341.227734125,-242058.918871461,263200
-193304.232922,-201972.960149404,-225308.430918401,-239469.686316935,-242184.977348681,263300
-193446.508919668,-202115.2712624,-225445.234215205,-239598.114387132,-242311.006742271,263400
-193588.769457891,-202257.562004228,-225580.798009307,-239726.511970319,-242437.007078288,263500
-193731.014526188,-202399.832370073,-225715.983018012,-239854.879092092,-242562.978382779,263600
-193873.244114117,-202542.418478506,-225851.140817058,-239983.215778043,-242688.920681784,263700
-194015.458211271,-202686.364539628,-225986.271417472,-240111.368198647,-242815.359836229,263800
-194157.656807276,-202829.376708149,-226124.591580837,-240239.304499981,-242941.71994657,263900
-194299.839891795,-202970.094455972,-226263.09638058,-240367.211248408,-243068.040915154,264000
-194442.007454529,-203110.793803848,-226401.567124873,-240495.088468209,-243194.33182652,264100
-194584.159485209,-203251.865747001,-226540.003833751,-240623.07730844,-243320.592708615,264200
-194726.295973605,-203393.64118731,-226676.547237381,-240751.359353172,-243446.823589374,264300
-194868.416909521,-203535.39670384,-226812.302921762,-240879.610838782,-243573.024496723,264400
-195010.522282796,-203677.132291718,-226947.670378061,-241007.831791307,-243699.195458574,264500
-195152.612083305,-203818.847946105,-227082.545961633,-241136.022236775,-243825.33650283,264600
-195294.686300956,-203960.543662193,-227217.394499841,-241264.182201207,-243951.447657382,264700
-195436.744925693,-204102.219435208,-227352.216003834,-241393.059052549,-244077.52895011,264800
-195578.795482305,-204244.064826838,-227487.129951391,-241521.552073983,-244203.580408882,264900
-195720.887714953,-204386.001037037,-227622.842132979,-241649.749452432,-244329.602061556,265000
-195862.964241691,-204527.916874981,-227758.525480116,-241777.916124862,-244455.593935976,265100
-196005.025052656,-204669.812336328,-227894.180006286,-241906.052117836,-244581.556059979,265200
-196147.070138017,-204811.687416768,-228029.805724986,-242034.157457913,-244707.488461385,265300
-196289.099487979,-204953.542112026,-228165.402649732,-242162.23217164,-244833.391168007,265400
-196431.11309278,-205096.517712591,-228302.470776266,-242290.276285562,-244959.264207645,265500
-196573.110942695,-205239.621022372,-228438.398161273,-242418.289826213,-245085.107608088,265600
-196715.09302803,-205382.702120582,-228574.304840643,-242546.272820121,-245210.921397111,265700
-196857.059339129,-205525.76100444,-228711.854253745,-242674.225293807,-245336.705602479,265800
-196999.009866368,-205668.874824908,-228849.370932925,-242802.147273784,-245461.975933885,265900
-197140.944600158,-205812.457812956,-228986.799115444,-242930.038786558,-245587.137263653,266000
-197282.863530943,-205956.874417162,-229122.753308406,-243057.933332546,-245712.270497711,266100
-197424.766649202,-206103.667662088,-229258.677739629,-243185.845594621,-245837.375661392,266200
-197566.65394545,-206250.432949697,-229394.038472806,-243313.492829124,-245962.452780019,266300
-197708.525410232,-206397.17028223,-229527.815880574,-243440.998003384,-246087.501878909,266400
-197850.381034131,-206543.879661961,-229660.999238456,-243568.473488357,-246212.522983365,266500
-197992.22080776,-206690.561091195,-229793.661473199,-243695.919309431,-246337.516118686,266600
-198134.044721769,-206837.214572268,-229927.236267981,-243823.335491989,-246462.481310158,266700
-198275.85276684,-206983.840107549,-230062.392499744,-243950.722061408,-246587.418583061,266800
-198417.64493369,-207130.437699439,-230196.317081701,-244078.079043058,-246712.327962665,266900
-198559.421213069,-207277.007350369,-230330.966320668,-244205.406462302,-246837.209474229,267000
-198701.18159576,-207423.549062804,-230465.854326505,-244332.704344497,-246962.063143005,267100
-198843.199270518,-207569.793874071,-230600.714258872,-244459.972714993,-247086.888994235,267200
-198985.267876824,-207713.097460057,-230735.5461309,-244587.211599134,-247211.687053153,267300
-199127.320080863,-207856.377932199,-230870.349955732,-244714.421022255,-247336.457344982,267400
-199277.182209641,-207999.635288945,-231005.110474128,-244841.601009687,-247461.199894935,267500
-199428.049975769,-208142.86952878,-231139.129621042,-244968.751586753,-247585.914728219,267600
-199578.889259716,-208286.080650216,-231273.122143043,-245095.872778769,-247710.601870028,267700
-199729.70006152,-208429.268651798,-231408.322823372,-245222.964611043,-247835.261345548,267800
-199880.519818974,-208572.433532104,-231541.752753738,-245350.027108878,-247959.893179958,267900
-200031.646700538,-208715.575289739,-231675.118747406,-245477.060297569,-248084.497398423,268000
-200176.075330703,-208858.693923343,-231808.826212894,-245604.064202404,-248209.074026101,268100
-200318.258857847,-209001.789431584,-231942.685783697,-245731.267926178,-248333.623088141,268200
-200460.425584079,-209144.861813164,-232076.518799041,-245858.164611874,-248458.144609681,268300
-200602.575501136,-209287.911066812,-232210.325270553,-245985.304804025,-248582.63861585,268400
-200744.708600788,-209430.937191291,-232344.105209877,-246112.415279062,-248707.105131767,268500
-200886.82487484,-209573.940185393,-232477.858628671,-246239.496063103,-248831.544182542,268600
-201028.924315126,-209716.920047941,-232611.861088759,-246366.547182253,-248955.955793275,268700
-201174.876138331,-209859.87677779,-232746.119826485,-246494.658478247,-249080.339989056,268800
-201320.486590259,-210002.810373824,-232880.351022046,-246622.78104516,-249204.696794964,268900
-201459.568102534,-210145.720834956,-233014.554688428,-246750.871231363,-249329.026236071,269000
-201598.636336906,-210288.608160133,-233148.730838629,-246878.92906764,-249453.328337438,269100
-201737.691283338,-210431.472348329,-233282.226516318,-247006.954584759,-249577.603124114,269200
-201879.081885104,-210574.313398551,-233415.329273802,-247134.947813475,-249701.850621141,269300
-202020.579545,-210717.131309834,-233548.406456909,-247262.908784527,-249826.07085355,269400
-202162.060935946,-210859.926081244,-233681.458076449,-247390.837528642,-249950.263846361,269500
-202303.526049655,-211002.697711878,-233814.484143244,-247518.73407653,-250074.429624586,269600
-202444.974877875,-211145.446200861,-233948.178203994,-247646.151427637,-250198.568213224,269700
-202586.476563514,-211287.033245554,-234081.970770901,-247771.88796176,-250322.679637267,269800
-202728.158252945,-211426.714032772,-234215.736297789,-247897.597469848,-250446.763921696,269900
-202869.823304637,-211565.012771472,-234349.285029618,-248023.279974182,-250570.82109148,270000
-203011.479310418,-211702.666098239,-234482.551385728,-248148.935497037,-250694.85117158,270100
-203153.15447413,-211840.303122422,-234615.65306971,-248274.397236712,-250818.854186947,270200
-203294.812918797,-211977.923838349,-234748.96193468,-248399.826870539,-250942.830162519,270300
-203439.435215142,-212115.52824038,-234882.88262774,-248525.23000461,-251066.779123226,270400
-203584.272538482,-212253.1163229,-235016.667478293,-248650.606660502,-251190.701093988,270500
-203729.088976949,-212390.688080326,-235149.322269717,-248775.956859788,-251314.596099713,270600
-203873.884525536,-212528.243507099,-235282.296594554,-248901.280624037,-251438.4641653,270700
-204018.659179271,-212665.782597691,-235416.770056219,-249026.621669594,-251562.305315636,270800
-204163.412933212,-212803.305346601,-235551.214744378,-249152.857235498,-251686.1195756,270900
-204308.145782452,-212942.604429058,-235685.376083642,-249279.064145457,-251809.906970059,271000
-204452.857722115,-213084.127617704,-235818.81812187,-249405.242424692,-251933.66752387,271100
-204597.54874736,-213225.628957341,-235952.233285739,-249531.392098416,-252057.401261877,271200
-204742.218853376,-213367.108446551,-236085.621588083,-249657.513191835,-252181.108208918,271300
-204886.868035387,-213508.566083944,-236218.98304175,-249783.605730144,-252304.788389817,271400
-205031.496288647,-213650.001868159,-236352.317659599,-249909.669738531,-252428.441829389,271500
-205176.103608446,-213791.077230604,-236485.625454503,-250035.801984735,-252552.068552437,271600
-205319.73853078,-213927.88888618,-236618.936828738,-250162.220836703,-252675.668583754,271700
-205459.119197179,-214064.925795971,-236752.451689003,-250287.863157569,-252799.241948123,271800
-205598.485460313,-214202.354370641,-236885.939270283,-250413.966460191,-252922.788670315,271900
-205738.648961743,-214339.766413525,-237019.3995861,-250540.040989619,-253046.308775092,272000
-205882.117873313,-214477.161919588,-237152.832649988,-250666.086771595,-253169.802287203,272100
-206025.567191057,-214614.540883822,-237286.23847549,-250792.103831849,-253293.269231387,272200
-206168.996909559,-214754.573630796,-237419.617076163,-250918.092196104,-253417.592278427,272300
-206312.407023429,-214897.139550027,-237552.968465576,-251044.051890072,-253542.281316695,272400
-206455.797527311,-215039.681660728,-237686.292657308,-251169.982939455,-253666.940610288,272500
-206599.168415882,-215182.199963464,-237819.589664952,-251295.885369948,-253791.570189604,272600
-206742.519683849,-215324.490600258,-237952.859502112,-251421.759207232,-253916.170085023,272700
-206885.851325948,-215463.120411777,-238086.102182401,-251547.604476984,-254040.740326903,272800
-207029.163336951,-215601.731906051,-238219.317719447,-251673.175046324,-254165.280945587,272900
-207172.455711659,-215740.325079416,-238352.506126888,-251798.613602253,-254289.791971399,273000
-207315.951718358,-215878.899928233,-238485.667418374,-251923.920857702,-254414.273434643,273100
-207459.544693838,-216017.456448892,-238618.801607564,-252047.001327412,-254538.725365606,273200
-207603.117580078,-216155.994637809,-238751.908708132,-252172.48247504,-254663.147794555,273300
-207746.670372289,-216294.638761412,-238884.98873376,-252298.402125512,-254787.540751739,273400
-207890.203065714,-216433.943389164,-239018.041698144,-252424.292796357,-254911.90426739,273500
-208033.715655629,-216573.2285349,-239151.067614989,-252550.154514153,-255036.238371719,273600
-208177.208137339,-216712.49419604,-239284.066498012,-252675.987305462,-255160.54309492,273700
-208320.68050618,-216851.740370031,-239417.038360941,-252801.791196839,-255284.818467167,273800
-208461.227923248,-216990.96705435,-239549.983217515,-252927.566214825,-255409.063077971,273900
-208595.266299663,-217130.174246499,-239682.901081483,-253053.31238595,-255533.263439339,274000
-208729.29557148,-217269.361944006,-239815.791966607,-253179.029736736,-255657.434581576,274100
-208873.102881136,-217410.934429211,-239948.655886658,-253304.718293689,-255781.576534709,274200
-209017.995003393,-217554.693424146,-240082.29468945,-253430.245236964,-255905.689328748,274300
-209162.864840227,-217698.426183822,-240216.19132181,-253555.61158023,-256029.772993683,274400
-209307.712388848,-217842.132711428,-240350.058874684,-253680.949856244,-256153.827559485,274500
-209452.537646495,-217985.813010177,-240483.897364663,-253806.260090386,-256277.853056109,274600
-209597.360123386,-218129.467083312,-240617.874570947,-253931.542308029,-256401.849513489,274700
-209742.766618122,-218273.646875636,-240752.32720818,-254056.796534533,-256525.816961539,274800
-209888.150052618,-218416.508988247,-240886.749516752,-254182.022795248,-256649.755430157,274900
-210033.510424688,-218554.968510356,-241020.066388457,-254307.221115517,-256773.664949221,275000
-210178.847732175,-218693.40924377,-241152.769704574,-254432.391520669,-256897.54554859,275100
-210323.764362502,-218831.831185793,-241285.445983395,-254557.534036023,-257021.397258103,275200
-210466.959306264,-218970.234333752,-241418.095239145,-254682.648686891,-257145.220107583,275300
-210610.134034031,-219108.764648692,-241550.71748606,-254807.735498571,-257269.014126832,275400
-210753.288541679,-219252.037284138,-241683.312738385,-254933.498040062,-257392.779345633,275500
-210896.422825117,-219393.741944275,-241815.795651888,-255059.507509716,-257516.51579375,275600
-211039.536880281,-219531.618970474,-241948.460665716,-255185.461958026,-257640.22350093,275700
-211182.630703138,-219669.477856116,-242081.098479875,-255310.035430763,-257763.902496899,275800
-211325.704289685,-219807.318598121,-242213.709108972,-255434.535139525,-257887.552811364,275900
-211468.757635948,-219945.141193432,-242346.292567626,-255558.929406875,-258011.174474014,276000
-211611.790737982,-220082.945639021,-242479.376289899,-255683.29727352,-258134.767514518,276100
-211752.583815151,-220220.731931883,-242613.973417982,-255807.638762609,-258257.571421595,276200
-211892.010882042,-220358.50006904,-242748.539325939,-255932.268209452,-258380.168193931,276300
-212031.422230103,-220496.25004754,-242883.074033696,-256057.078018413,-258502.738849268,276400
-212170.817852574,-220634.459768034,-243017.577561186,-256181.860265785,-258625.283412906,276500
-212310.197742723,-220772.817673722,-243152.049928347,-256306.614976741,-258747.801910131,276600
-212449.561893846,-220915.137584722,-243286.491155119,-256431.303927362,-258870.294366216,276700
-212588.910299267,-221058.455579171,-243420.883160177,-256555.947340879,-258992.732310459,276800
-212733.714036392,-221199.009477816,-243554.408211932,-256680.563430768,-259115.098868383,276900
-212878.755551757,-221335.051188012,-243687.903936289,-256805.152221928,-259237.439649243,277000
-213023.773771229,-221471.076822065,-243821.065447013,-256929.71373925,-259359.754677927,277100
-213168.768693451,-221607.08637577,-243952.849761561,-257054.248007613,-259482.043979309,277200
-213313.740317094,-221743.079844946,-244084.125993424,-257178.755051883,-259604.307578251,277300
-213458.68864086,-221879.059189789,-244214.403024045,-257303.234896919,-259726.545499601,277400
-213603.61366348,-222015.338401004,-244344.656757242,-257427.687567568,-259848.757768193,277500
-213748.515383712,-222155.183417498,-244474.887203308,-257552.113088666,-259970.94440885,277600
-213893.393800344,-222295.389690594,-244606.145405884,-257676.511485038,-260093.10544638,277700
-214037.101202569,-222435.740128197,-244738.438128997,-257800.882781499,-260215.240905579,277800
-214179.454987672,-222576.079891207,-244870.703543629,-257925.227002851,-260337.350811227,277900
-214321.788874901,-222716.397403789,-245002.941665148,-258049.544173889,-260459.435188095,278000
-214464.102860603,-222856.692666599,-245135.15250893,-258173.834319394,-260581.494060937,278100
-214606.396941152,-222996.965680316,-245267.336090356,-258298.097464138,-260703.527454497,278200
-214748.67111295,-223137.216445647,-245399.492424819,-258422.333632879,-260825.405154764,278300
-214890.925372428,-223277.444963322,-245531.762695491,-258546.542850369,-260946.997109055,278400
-215033.159716047,-223417.651234095,-245665.190502313,-258670.725141344,-261068.564632417,278500
-215175.374140292,-223557.835258747,-245798.588539156,-258794.880530532,-261190.107747865,278600
-215317.568641679,-223697.997038081,-245931.956824666,-258918.999000958,-261311.626478406,278700
-215459.743216752,-223838.136572927,-246065.105367593,-259043.081442376,-261433.120847035,278800
-215601.897862081,-223978.253864138,-246197.584621198,-259167.137102375,-261554.590876735,278900
-215744.032574267,-224118.348912593,-246330.03583939,-259291.166005561,-261676.036590476,279000
-215886.147349936,-224258.448141823,-246462.459038663,-259415.168176532,-261797.458011221,279100
-216028.242185743,-224398.804072038,-246594.888057596,-259538.617856959,-261918.855161917,279200
-216170.317078371,-224539.137330649,-246727.294654408,-259661.350825097,-262040.228065502,279300
-216312.37202453,-224679.447918972,-246859.620902175,-259784.025589791,-262161.576744903,279400
-216454.407020959,-224819.232561329,-246991.919207642,-259906.67667987,-262282.901223033,279500
-216596.422064423,-224957.255845304,-247124.189587343,-260029.30411509,-262404.201522796,279600
-216738.417151714,-225095.259664407,-247256.432057824,-260151.907915197,-262525.477667084,279700
-216880.392279655,-225233.244017478,-247388.646635633,-260274.488099937,-262646.729678777,279800
-217022.498535969,-225371.208903384,-247520.833337327,-260397.040260252,-262767.957580743,279900
-217164.769185113,-225509.154321014,-247652.992179466,-260520.300869141,-262889.16139584,280000
-217307.019419316,-225647.080269284,-247785.123178619,-260643.926875198,-263010.341146911,280100
-217449.249235828,-225784.986747129,-247916.996780704,-260767.526699711,-263131.496856793,280200
-217591.458631923,-225922.873753513,-248048.008049377,-260891.100366667,-263252.628548305,280300
-217733.647604904,-226060.74128742,-248179.394101051,-261014.647900045,-263373.73624426,280400
-217875.816152101,-226198.589347859,-248312.410969903,-261138.16932381,-263494.819967455,280500
-218017.964270872,-226336.417933863,-248445.455992176,-261261.664661918,-263615.879740678,280600
-218160.091958598,-226474.227044488,-248577.433136971,-261385.133938315,-263736.915586704,280700
-218302.199212693,-226612.174791568,-248710.00242719,-261508.577176934,-263857.927528297,280800
-218444.286030594,-226750.394255032,-248841.838671356,-261631.360331829,-263978.915588208,280900
-218584.771334156,-226888.593541052,-248972.847965975,-261754.059399485,-264099.879789178,281000
-218724.912381005,-227027.460404028,-249104.143282236,-261876.734157943,-264220.820153935,281100
-218865.035481576,-227171.106485462,-249235.512757178,-261999.384628382,-264341.736705194,281200
-219005.140631679,-227314.724085722,-249366.855514958,-262122.010831973,-264462.629465662,281300
-219145.227827153,-227454.135624367,-249498.171570984,-262244.61278988,-264583.49845803,281400
-219285.297063861,-227591.582410911,-249629.460940668,-262367.190523257,-264704.34370498,281500
-219425.348337695,-227729.010001847,-249760.723639429,-262489.744053252,-264825.165229179,281600
-219565.381644571,-227866.427432104,-249891.959682694,-262612.273401005,-264945.963053286,281700
-219705.396980431,-228004.053274079,-250023.169085894,-262734.778587647,-265066.737199945,281800
-219845.394341244,-228141.65957888,-250154.351864468,-262857.259634302,-265187.48769179,281900
-219985.373723005,-228279.246345912,-250285.508033861,-262979.716562086,-265308.214551441,282000
-220125.335121734,-228416.8135746,-250416.637609523,-263102.149392107,-265428.917801508,282100
-220265.278533478,-228554.361264394,-250547.740606913,-263225.198227804,-265549.597464587,282200
-220405.203954309,-228691.889414768,-250679.135042929,-263348.433876297,-265670.330167253,282300
-220545.111380324,-228829.398025217,-250810.857046609,-263471.637987463,-265792.313332072,282400
-220685.000807649,-228968.315751704,-250942.551172908,-263594.8160573,-265914.26951363,282500
-220824.872232433,-229107.629619543,-251074.217439073,-263717.968110215,-266036.198740635,282600
-220964.72565085,-229246.921299303,-251205.85586236,-263841.094170599,-266158.101041775,282700
-221104.561059103,-229386.190792727,-251337.2389792,-263964.194262834,-266279.976445716,282800
-221244.378453416,-229525.438101583,-251468.064918594,-264087.26841129,-266401.824981105,282900
-221385.364818926,-229664.663227659,-251598.864578606,-264210.316640321,-266523.646676568,283000
-221529.603589273,-229803.866172765,-251729.637974524,-264333.338974273,-266645.441560711,283100
-221669.104318301,-229943.046938734,-251859.954566476,-264456.335437478,-266767.209662119,283200
-221806.583576196,-230082.205527423,-251990.476530083,-264579.306054255,-266888.951009355,283300
-221944.047658736,-230221.341940709,-252121.62154662,-264702.250848911,-267010.665630966,283400
-222081.597946495,-230360.456180492,-252252.469223274,-264825.169845743,-267132.353555473,283500
-222220.937321911,-230499.548248693,-252383.111528283,-264948.063069031,-267254.014811379,283600
-222360.259122996,-230638.618147258,-252513.727661061,-265070.930543047,-267375.649427168,283700
-222499.563345864,-230775.30158838,-252644.31763694,-265193.772292049,-267497.257431301,283800
-222638.849986658,-230909.868985533,-252775.301759918,-265316.588340282,-267618.83885222,283900
-222778.119041543,-231044.420405934,-252907.024143667,-265439.378711978,-267739.89671542,284000
-222917.370506711,-231178.955846822,-253038.718013789,-265562.143431358,-267860.53816323,284100
-223056.604378378,-231313.475305459,-253170.383388853,-265684.882522631,-267981.15541429,284200
-223195.820652783,-231447.978779129,-253301.496594325,-265807.596009991,-268101.748492807,284300
-223335.019326194,-231582.466265135,-253431.178459526,-265930.283917622,-268222.317422977,284400
-223474.200394901,-231716.937760803,-253560.835701702,-266052.946269694,-268342.862228979,284500
-223613.363855218,-231851.393263483,-253690.468334469,-266175.583090364,-268463.382934978,284600
-223752.509703486,-231985.832770542,-253821.065337177,-266297.950371723,-268583.879565124,284700
-223891.63793607,-232120.256279371,-253951.875963048,-266420.178790739,-268704.352143551,284800
-224030.748549357,-232255.087946102,-254082.659642615,-266542.382621636,-268824.800694379,284900
-224169.841539762,-232391.600595456,-254213.392658458,-266664.561887061,-268945.225241713,285000
-224308.916903723,-232528.094381285,-254343.365083488,-266786.716609652,-269065.625809642,285100
-224447.974637703,-232664.569303174,-254473.312102649,-266909.035519505,-269186.917431274,285200
-224587.014738188,-232801.025360726,-254603.233730677,-267031.659878456,-269308.416620473,285300
-224726.090167036,-232937.462553565,-254733.129982315,-267154.258494523,-269429.888906686,285400
-224865.364244242,-233073.88088134,-254863.00087231,-267276.831392434,-269551.334319392,285500
-225004.620325031,-233210.364995327,-254992.846415414,-267399.378596902,-269672.752888045,285600
-225142.901639076,-233347.005016938,-255122.666626387,-267521.900132627,-269794.14464208,285700
-225279.210977532,-233483.625822814,-255252.461519992,-267644.396024295,-269915.509610906,285800
-225415.505918603,-233620.227412945,-255382.231110997,-267766.866296578,-270036.847823911,285900
-225551.786456905,-233756.809787341,-255511.975414178,-267889.310974136,-270158.159310459,286000
-225688.052587075,-233893.372946037,-255641.694444313,-268011.730081613,-270279.444099894,286100
-225827.790431508,-234029.916889085,-255771.388216188,-268134.12364364,-270400.702221533,286200
-225969.722270248,-234166.441616559,-255901.056744592,-268256.491684835,-270521.933704673,286300
-226111.632308621,-234302.947128556,-256029.91556758,-268378.834229802,-270643.138578589,286400
-226253.52054646,-234439.433425192,-256158.669870903,-268501.15130313,-270764.316872532,286500
-226394.733975324,-234575.900506604,-256287.574046656,-268623.442929396,-270885.468615728,286600
-226533.477165838,-234712.348372951,-256416.45530111,-268745.709133161,-271006.593837384,286700
-226672.202732167,-234848.805042908,-256545.396531803,-268867.949938974,-271127.692566683,286800
-226810.910671148,-234985.433564899,-256674.313753179,-268990.165371369,-271248.764832783,286900
-226949.60097964,-235122.042556368,-256803.206978647,-269112.306867532,-271369.810664823,287000
-227088.273654527,-235258.632017819,-256932.428461376,-269234.368345703,-271490.830091916,287100
-227226.928692715,-235395.201949775,-257062.065557098,-269356.404779437,-271611.823143153,287200
-227365.566091134,-235531.752352781,-257191.677186844,-269478.416192777,-271732.789847604,287300
-227504.18584674,-235668.283227404,-257321.471343754,-269600.402609752,-271853.730234313,287400
-227642.787956508,-235804.794574229,-257451.823177318,-269722.364054376,-271974.644332303,287500
-227781.642757182,-235941.286393862,-257582.147998287,-269844.300550653,-272095.532170575,287600
-227920.501294376,-236078.604990199,-257712.4458241,-269966.21212257,-272216.393778106,287700
-228059.341800021,-236218.252484623,-257842.541318067,-270088.052396682,-272337.229183849,287800
-228198.164271449,-236358.666654018,-257971.507829738,-270209.645206201,-272458.038416736,287900
-228336.968706013,-236499.055363253,-258100.449929381,-270330.71848899,-272578.821505676,288000
-228475.75510109,-236639.418618241,-258229.367631145,-270451.768792835,-272699.578479554,288100
-228614.52345408,-236779.756424914,-258358.260949179,-270572.796138572,-272820.278714745,288200
-228753.273762407,-236920.068789222,-258487.12989764,-270693.800547027,-272940.950612551,288300
-228892.006023516,-237060.355717136,-258615.974490689,-270814.78203902,-273061.596568212,288400
-229030.720234878,-237200.617214644,-258745.035973807,-270935.740635356,-273181.35244912,288500
-229169.416393984,-237340.853287755,-258874.317940369,-271056.676356834,-273299.549854786,288600
-229308.094498349,-237481.063942496,-259003.574655636,-271177.56966381,-273417.693006049,288700
-229446.754545513,-237621.249184912,-259132.806134974,-271298.434190939,-273535.816465988,288800
-229585.396533036,-237761.409021068,-259262.01239375,-271419.275968195,-273653.920252364,288900
-229724.020458502,-237901.136064152,-259391.193447337,-271540.589555735,-273772.00438293,289000
-229862.626319517,-238037.276016982,-259520.34931111,-271662.166778555,-273890.068875429,289100
-230001.214113711,-238173.396506799,-259649.48000045,-271783.719418508,-274008.113747599,289200
-230139.783838737,-238309.497534523,-259778.585530738,-271905.247499383,-274126.139017167,289300
-230278.335492268,-238445.579101093,-259907.665917362,-272026.751044959,-274244.144701853,289400
-230417.042819283,-238581.641207471,-260036.721175712,-272148.230079,-274362.130819368,289500
-230558.052199958,-238717.683854635,-260165.751321181,-272269.684625256,-274480.097387415,289600
-230699.040144884,-238853.707043584,-260294.756369168,-272391.114707463,-274599.544917002,289700
-230840.006654327,-238989.710775335,-260423.736335073,-272512.453879269,-274719.711946486,289800
-230980.951728575,-239125.695050928,-260552.691234301,-272633.710594149,-274839.853834054,289900
-231121.875367939,-239261.659871419,-260681.621082258,-272754.943211414,-274959.970607263,290000
-231262.777572752,-239397.605237885,-260810.525894357,-272876.151754265,-275080.062293648,290100
-231403.658343372,-239533.53115142,-260939.424980968,-272996.133804306,-275200.12892072,290200
-231544.517680176,-239669.437613141,-261068.484390777,-273116.067985233,-275320.170515972,290300
-231685.355583565,-239806.729295955,-261197.518405623,-273235.981092724,-275440.187106873,290400
-231826.172053962,-239944.288005117,-261326.52704146,-273355.873145103,-275560.17872087,290500
-231966.967091812,-240079.971371214,-261455.510314245,-273475.730681591,-275680.145385391,290600
-232107.740697584,-240214.681007324,-261584.468239937,-273597.089047146,-275800.087127839,290700
-232248.492871766,-240349.451845143,-261713.400834497,-273718.460670501,-275920.003975598,290800
-232389.223614871,-240487.125253033,-261842.30811389,-273839.807601176,-276039.895956029,290900
-232529.932927433,-240625.676619976,-261971.190094084,-273961.129863611,-276159.763096472,291000
-232670.620810008,-240764.294088268,-262100.046791047,-274082.427482228,-276279.605424244,291100
-232811.287263173,-240902.887866594,-262228.878220752,-274203.700481437,-276399.422966642,291200
-232951.93228753,-241041.457959971,-262357.684399175,-274324.94888563,-276519.215750941,291300
-233092.555883699,-241180.004373433,-262486.465342291,-274446.172719185,-276638.983804393,291400
-233233.205035817,-241318.527112034,-262615.22106608,-274566.845618844,-276758.72715423,291500
-233370.215948257,-241455.988869774,-262743.951586526,-274687.302347865,-276878.445827661,291600
-233506.86293899,-241593.284950618,-262872.656919611,-274807.736345694,-276998.139851875,291700
-233643.493671316,-241730.559167885,-263001.337081322,-274928.14763364,-277117.809254037,291800
-233780.108142222,-241867.811525063,-263129.992087649,-275048.536233003,-277237.454061291,291900
-233916.706348715,-242005.042025658,-263258.621954583,-275168.902165072,-277357.074300761,292000
-234053.288287822,-242142.352842726,-263387.483943727,-275289.245451122,-277476.669999548,292100
-234189.853956593,-242279.922658674,-263516.709668832,-275409.56611242,-277596.241184731,292200
-234326.403352098,-242417.470057769,-263645.402469334,-275529.864170218,-277715.787883367,292300
-234462.936471429,-242554.995044094,-263773.513277831,-275650.857380028,-277835.310122492,292400
-234604.59487426,-242692.497621751,-263901.599850831,-275771.915816886,-277954.807929121,292500
-234746.45950231,-242829.977794859,-264029.874124705,-275892.897786208,-278073.691850311,292600
-234888.300581072,-242967.435567555,-264158.32846382,-276013.85310519,-278192.530333917,292700
-235030.118113236,-243104.870943993,-264286.757791548,-276134.784083997,-278311.346076426,292800
-235171.912101514,-243242.283928347,-264415.162123899,-276255.690746957,-278430.139101793,292900
-235313.682548637,-243379.674524805,-264543.052449091,-276376.57311838,-278548.909433957,293000
-235455.42945736,-243517.042737577,-264670.650378526,-276497.43122256,-278667.657096838,293100
-235597.152830456,-243654.388570887,-264799.358579896,-276618.265083778,-278786.382114338,293200
-235738.852670721,-243790.196662546,-264928.041083159,-276739.074726296,-278905.084510344,293300
-235875.444144943,-243925.613237998,-265056.093543253,-276859.823883886,-279023.764308723,293400
-236010.042360844,-244061.010195006,-265183.877104716,-276980.528248348,-279142.395841085,293500
-236144.62643556,-244196.387535516,-265311.528203559,-277101.208604426,-279260.979312615,293600
-236279.196365032,-244333.148668048,-265438.858639773,-277221.205120859,-279379.540391881,293700
-236413.752145224,-244471.532491154,-265566.165944161,-277340.951018818,-279498.079102438,293800
-236548.293772117,-244609.892153807,-265693.450130522,-277460.675153815,-279616.595467822,293900
-236682.821241714,-244748.227662068,-265820.711212657,-277580.339147425,-279735.089511552,294000
-236817.334550039,-244886.539022016,-265947.949204369,-277699.965907849,-279853.561257129,294100
-236951.833693132,-245021.670595018,-266075.164119465,-277819.571100054,-279972.010728039,294200
-237086.318667058,-245156.3544707,-266202.355971758,-277939.154744009,-280090.437947748,294300
-237220.789467898,-245291.019554876,-266329.52477506,-278058.716859676,-280208.842939706,294400
-237355.246091756,-245425.66584895,-266456.67054319,-278178.257467005,-280327.225727348,294500
-237489.688534755,-245560.293354345,-266583.793289967,-278297.776585937,-280445.586334087,294600
-237624.116793036,-245694.902072502,-266710.893029217,-278417.2742364,-280563.924783324,294700
-237758.530862761,-245829.492004877,-266838.235944923,-278536.750438315,-280682.241098439,294800
-237892.930740115,-245964.063152946,-266965.694332979,-278656.205211587,-280800.535302796,294900
-238027.391800443,-246098.615518201,-267092.248718776,-278775.638576117,-280918.807419742,295000
-238161.842547713,-246233.149102152,-267219.06218752,-278895.05055179,-281037.057472608,295100
-238296.278989431,-246367.663906327,-267345.724136657,-279014.441158483,-281155.285484703,295200
-238430.701121927,-246502.159932269,-267472.569748082,-279133.810416062,-281273.321662064,295300
-238565.108941555,-246636.637181541,-267599.777905364,-279253.58730918,-281391.194795943,295400
-238699.577554664,-246771.095655722,-267726.864332089,-279373.924279236,-281509.04675838,295500
-238834.176196069,-246905.535356408,-267853.74878539,-279494.237476825,-281626.877571182,295600
-238972.392308087,-247039.956285212,-267980.582018676,-279614.526926,-281744.687256142,295700
-239113.661081252,-247174.358443765,-268107.392468792,-279734.792650801,-281862.475835038,295800
-239254.975418761,-247308.741833714,-268234.180149504,-279855.034675247,-281980.243329631,295900
-239396.401869597,-247443.284961856,-268360.945074583,-279975.253023345,-282097.989761669,296000
-239537.804470194,-247578.073417579,-268487.687257803,-280095.447719082,-282215.715152882,296100
-239679.183224203,-247712.842440034,-268614.40671294,-280215.618786431,-282333.419524988,296200
-239820.5381353,-247849.128653039,-268741.172769825,-280335.766249349,-282451.102899687,296300
-239961.869207178,-247987.53756489,-268867.955549133,-280455.890131777,-282568.765298664,296400
-240103.176443549,-248125.921495436,-268994.715430368,-280575.990457637,-282686.40674359,296500
-240244.459848145,-248264.280452099,-269121.452427586,-280696.067250837,-282804.027256119,296600
-240384.490857018,-248402.614442315,-269248.16655485,-280816.12053527,-282921.626857892,296700
-240519.657644756,-248540.923473533,-269374.857826222,-280936.150334809,-283039.205570531,296800
-240654.808849233,-248679.207553221,-269501.526255766,-281056.156673314,-283156.763415646,296900
-240789.944467917,-248817.695914315,-269628.833533567,-281176.139574628,-283274.815487982,297000
-240925.064498294,-248956.449464616,-269755.398938518,-281296.099062576,-283392.93476971,297100
-241060.168937869,-249095.177294139,-269881.989941954,-281416.035160969,-283511.031681824,297200
-241195.257784169,-249233.879411138,-270008.694461334,-281535.9478936,-283629.106248718,297300
-241330.331034737,-249372.555823884,-270135.962087823,-281655.571066789,-283747.158494769,297400
-241465.388687136,-249511.206540664,-270263.205530066,-281775.393438287,-283865.188444332,297500
-241600.43073895,-249649.831569777,-270390.424804045,-281895.551149211,-283983.196121744,297600
-241735.457187779,-249788.430919537,-270517.61992574,-282015.57764102,-284101.181551321,297700
-241870.468031243,-249927.004598274,-270644.790911132,-282135.457457778,-284219.144757361,297800
-242005.463266984,-250065.55261433,-270771.937776203,-282254.58710869,-284337.085764142,297900
-242140.442892658,-250204.074976064,-270899.060536934,-282373.287694564,-284455.004595922,298000
-242275.685190871,-250342.571691847,-271026.159209308,-282491.879287793,-284572.901276941,298100
-242413.372787635,-250481.042770066,-271153.253430418,-282610.375331765,-284691.427545584,298200
-242551.04120255,-250619.488219122,-271280.479853405,-282729.176165366,-284810.062318355,298300
-242688.690435907,-250756.523104563,-271408.109262677,-282848.238762966,-284927.52634814,298400
-242826.32048802,-250892.824423642,-271535.310639813,-282966.431935812,-285044.866129062,298500
-242963.93135922,-251029.103406014,-271662.425386029,-283084.587128425,-285162.185100768,298600
-243101.523049856,-251165.360057013,-271789.515880442,-283202.875175997,-285280.166458965,298700
-243239.095560297,-251301.594381988,-271916.582139359,-283321.358000511,-285397.705615564,298800
-243376.648890932,-251437.806386305,-272043.624179085,-283439.820510276,-285515.461051146,298900
-243514.183042166,-251573.996075344,-272170.642015926,-283558.262724238,-285633.232492668,299000
-243651.698014426,-251710.1634545,-272297.635666187,-283676.684661335,-285750.943888975,299100
-243789.193808154,-251848.143342066,-272424.605146175,-283795.086340491,-285868.579776765,299200
-243926.781968142,-251986.600431208,-272551.550472193,-283913.467780623,-285986.193850889,299300
-244064.491828726,-252125.03154837,-272678.471660547,-284032.684588905,-286103.78613525,299400
-244202.182173744,-252263.436702575,-272805.368727541,-284151.980437952,-286221.356653727,299500
-244339.853003969,-252401.81590286,-272932.24168948,-284271.253766284,-286338.905430181,299600
-244477.504320197,-252540.169158275,-273059.090562666,-284390.504596752,-286456.432488457,299700
-244615.136123239,-252678.496477882,-273185.915363403,-284509.732952187,-286573.937852375,299800
-244752.748413925,-252816.797870759,-273312.716107994,-284629.284962127,-286691.145503595,299900
-244890.341193106,-252955.073345996,-273439.492812742,-284749.263278249,-286808.023405044,3e+05
-245027.914461647,-253091.331009089,-273566.245493948,-284869.217139909,-286924.881202771,300100
-245165.468220436,-253224.037249566,-273692.974167914,-284989.14657357,-287041.718917755,300200
-245303.002470375,-253356.725923642,-273819.67885094,-285107.782663651,-287158.791317401,300300
-245440.517212388,-253489.397032852,-273946.359559327,-285225.102625399,-287276.193418475,300400
-245578.012447414,-253622.050578747,-274073.016309375,-285343.704054024,-287393.573927402,300500
-245715.488176413,-253754.686562891,-274199.649117382,-285462.753429309,-287510.932867963,300600
-245852.94440036,-253887.304986865,-274326.257999647,-285581.780534352,-287628.270263918,300700
-245990.381120253,-254019.905852267,-274452.315881663,-285700.785391827,-287745.586139011,300800
-246127.798337102,-254152.489160706,-274578.206771502,-285819.768024396,-287862.880516962,300900
-246265.342629986,-254287.406540051,-274704.07511933,-285938.7284547,-287980.153421475,301000
-246404.524645651,-254422.524123405,-274829.920939669,-286057.664754166,-288097.404876232,301100
-246543.684637867,-254557.620430859,-274955.744247043,-286176.270672029,-288214.634904899,301200
-246682.82260977,-254692.695467288,-275082.094016341,-286294.855229247,-288331.843531117,301300
-246821.938564516,-254827.74923758,-275208.474685695,-286413.418447055,-288449.030778513,301400
-246961.032505278,-254962.781746636,-275334.831688175,-286531.960346673,-288566.196670691,301500
-247100.104435247,-255097.792999374,-275460.881595658,-286650.480949308,-288683.341231237,301600
-247239.154357629,-255232.783000724,-275586.737105412,-286768.980276152,-288800.464483716,301700
-247378.182275651,-255367.751755632,-275712.569904867,-286887.458348385,-288917.566451675,301800
-247517.188192555,-255502.699269059,-275838.38000892,-287005.91518717,-289034.647158642,301900
-247656.172111601,-255637.625545977,-275964.167432472,-287124.350813658,-289151.706628122,302000
-247795.134036067,-255772.77004606,-276089.932190421,-287242.765248984,-289268.744883605,302100
-247934.073969247,-255909.11418132,-276215.674297666,-287361.158514272,-289385.761948557,302200
-248072.842048439,-256045.434616153,-276341.393769107,-287479.530630628,-289502.757846429,302300
-248208.903608203,-256181.731358305,-276467.090619644,-287597.881619148,-289619.73260065,302400
-248344.94710792,-256326.028440389,-276592.764864176,-287716.211500909,-289736.686234628,302500
-248480.972547811,-256471.367294339,-276718.416517604,-287834.520296978,-289853.618771754,302600
-248616.979928116,-256616.666410195,-276844.045594826,-287952.808028407,-289970.530235399,302700
-248752.969249088,-256761.925814217,-276969.652110744,-288071.074716232,-290087.420648914,302800
-248888.940511001,-256907.145532662,-277095.236080256,-288189.320381476,-290204.29003563,302900
-249024.893714146,-257052.325591787,-277220.797518263,-288307.545045149,-290321.13841886,303000
-249160.828858829,-257197.46601785,-277346.336439665,-288426.305117044,-290437.965821895,303100
-249296.870849556,-257342.566837109,-277471.852859362,-288545.07175282,-290554.772268009,303200
-249432.979298651,-257487.62807582,-277597.346792253,-288663.815974643,-290671.557780456,303300
-249569.069387645,-257624.265773278,-277722.818253237,-288782.53780607,-290788.322382468,303400
-249706.312590757,-257758.642621788,-277848.267257216,-288901.237270639,-290905.066097261,303500
-249847.018709426,-257892.998615388,-277973.971493757,-289019.914391871,-291021.788948029,303600
-249987.882023654,-258027.333759022,-278100.185461487,-289138.569193271,-291138.490957948,303700
-250128.791842592,-258162.009843834,-278226.37537124,-289257.201698324,-291255.172150173,303800
-250269.676313359,-258296.686591661,-278352.54124016,-289375.503619107,-291371.832547841,303900
-250410.535442587,-258431.341888005,-278478.68308539,-289493.389343747,-291488.472174068,304000
-250551.369236923,-258565.975738482,-278604.800924069,-289611.25460658,-291605.091051952,304100
-250692.177703032,-258700.588148721,-278730.894773335,-289729.099427924,-291721.68920457,304200
-250832.960847592,-258835.179124365,-278856.964650322,-289846.902647997,-291838.263700969,304300
-250972.730497242,-258969.74867107,-278983.010572163,-289964.570224201,-291954.802765579,304400
-251106.818331561,-259104.296794505,-279109.032555988,-290082.217757925,-292071.32122062,304500
-251246.56362341,-259238.823500353,-279235.030618924,-290199.845268847,-292187.819089006,304600
-251386.824824745,-259373.328794307,-279361.004778096,-290317.452776631,-292304.296393629,304700
-251527.06134009,-259507.812682076,-279486.955050626,-290435.040300932,-292420.753157365,304800
-251667.273175707,-259642.275169382,-279612.881453634,-290552.607861389,-292537.18940307,304900
-251802.339273217,-259776.716261959,-279738.784004237,-290670.15547763,-292653.605153579,305000
-251937.178378692,-259911.135965552,-279864.662719549,-290787.477784944,-292770.000431709,305100
-252072.000374033,-260045.534285923,-279990.517616681,-290904.596988454,-292886.089635179,305200
-252206.805259231,-260179.911228844,-280116.348712744,-291021.697247083,-293002.137344119,305300
-252341.593034296,-260314.266800101,-280242.156024844,-291138.778578824,-293118.165456627,305400
-252476.363699254,-260448.601005491,-280367.939570083,-291255.841001658,-293234.173993946,305500
-252611.117254147,-260582.913850826,-280493.699365562,-291372.884533558,-293350.162977302,305600
-252745.853699035,-260717.205341929,-280618.906747022,-291490.426646814,-293466.132427904,305700
-252880.573033991,-260851.475484637,-280743.582426811,-291608.331463547,-293582.082366943,305800
-253015.275259108,-260985.724284799,-280868.236499378,-291726.21523326,-293698.012815593,305900
-253149.64684681,-261119.951748276,-280992.868978979,-291844.077977666,-293813.923795012,306000
-253283.996455805,-261257.302798184,-281117.479879868,-291961.919718466,-293929.809843922,306100
-253418.329372028,-261394.905231909,-281242.069216303,-292079.732845498,-294045.659520404,306200
-253552.781930193,-261530.837541467,-281366.637002538,-292197.121633895,-294161.489849891,306300
-253687.221825489,-261664.36956067,-281491.183252828,-292314.49050805,-294277.300853364,306400
-253821.644842166,-261797.834133737,-281615.707981428,-292431.900979686,-294393.092551784,306500
-253956.050980262,-261928.846081089,-281740.211202592,-292549.635606347,-294508.864966098,306600
-254090.44023983,-262059.841245259,-281864.692930574,-292667.349369011,-294624.618117234,306700
-254224.812620939,-262190.819628232,-281989.153179628,-292785.042289246,-294740.352026105,306800
-254359.168123675,-262323.085134478,-282113.591964005,-292902.714388599,-294856.066713603,306900
-254493.506748139,-262456.38360266,-282238.00929796,-293020.365688606,-294971.762200608,307000
-254627.828494449,-262589.661902394,-282362.405195744,-293137.996210784,-295087.43850798,307100
-254762.133362737,-262721.417558388,-282486.779671608,-293255.509633868,-295203.095656561,307200
-254896.421353153,-262852.462762072,-282611.132739804,-293372.973547522,-295318.733667179,307300
-255030.692465862,-262983.490999773,-282735.589498786,-293489.676884425,-295434.352560644,307400
-255164.946701045,-263114.502273706,-282860.331912079,-293606.361652651,-295549.952357747,307500
-255299.184058898,-263245.496586104,-282985.071106708,-293723.027870001,-295665.533079265,307600
-255433.404539635,-263376.47393921,-283110.73125823,-293839.699285268,-295781.094745955,307700
-255567.608143484,-263507.434335282,-283236.445576709,-293957.472626071,-295896.637378559,307800
-255701.794870689,-263638.4583492,-283362.135592846,-294075.224634315,-296012.160997801,307900
-255835.964721509,-263769.884893374,-283487.801324961,-294192.955332667,-296127.665624389,308000
-255970.11769622,-263901.293742017,-283613.442791369,-294310.664743777,-296243.151279013,308100
-256104.253795113,-264034.375179384,-283739.060010379,-294428.352890276,-296358.617982347,308200
-256238.373018495,-264169.342369836,-283864.653000298,-294546.019794778,-296474.065755046,308300
-256372.475366688,-264304.286473878,-283990.221779425,-294663.665479882,-296589.494617751,308400
-256507.357373989,-264439.207499497,-284115.766366058,-294781.289968164,-296704.904591082,308500
-256643.094558474,-264574.105454691,-284241.286778487,-294898.893282186,-296820.295695647,308600
-256778.812627797,-264708.980347468,-284366.783035,-295016.475444491,-296935.667952032,308700
-256914.544386711,-264844.013035876,-284492.255153878,-295134.036477605,-297051.021380808,308800
-257050.350629868,-264979.34733118,-284617.703153398,-295251.535941412,-297166.356002532,308900
-257186.137592785,-265114.657821313,-284743.127051835,-295368.801798557,-297281.671837738,309000
-257320.523675285,-265249.944515041,-284868.526867454,-295486.047238866,-297396.873935943,309100
-257454.830587645,-265385.207421144,-284993.902618519,-295603.272283639,-297512.055791476,309200
-257591.011313412,-265520.446548409,-285119.254323289,-295720.476954161,-297627.219173276,309300
-257727.254560945,-265654.656244216,-285244.151474619,-295837.657221441,-297742.36410135,309400
-257863.47779495,-265788.000720499,-285368.547041391,-295954.760481827,-297857.490595692,309500
-257999.681018414,-265921.324325838,-285492.920465679,-296071.843585256,-297972.598676277,309600
-258135.564517098,-266054.627066271,-285617.271763181,-296188.906552675,-298087.688363065,309700
-258270.50432468,-266187.908947842,-285741.600949592,-296305.949405015,-298202.759676,309800
-258404.382275609,-266321.169976611,-285865.908040606,-296422.972163192,-298317.812635008,309900
-258538.243311996,-266454.410158648,-285990.193051912,-296539.834026413,-298432.847259999,310000
-258672.087434461,-266587.629500033,-286114.455999198,-296656.584147267,-298547.863570869,310100
-258805.914643636,-266720.82800686,-286238.696898148,-296773.3148196,-298662.861587496,310200
-258939.724940171,-266855.019114459,-286362.356353283,-296890.026063243,-298777.84132974,310300
-259073.518324729,-266989.014750196,-286486.113882806,-297006.717898008,-298892.802817447,310400
-259207.29479799,-267121.716496693,-286610.585235611,-297123.390343697,-299007.746070447,310500
-259341.054360646,-267254.398104653,-286735.033970704,-297240.043420096,-299122.671108551,310600
-259474.797013406,-267387.05957958,-286859.460104676,-297356.677146976,-299237.577951556,310700
-259608.522756993,-267519.700926988,-286983.863654115,-297473.291544094,-299352.466619243,310800
-259742.231592145,-267652.322152405,-287108.244635604,-297589.886631192,-299467.337131374,310900
-259876.127137954,-267784.923261366,-287232.062868726,-297706.462428,-299582.189507696,311000
-260010.575042969,-267916.412427259,-287355.538205041,-297823.018954231,-299697.023767942,311100
-260149.364156609,-268048.857915935,-287478.992803557,-297939.556229584,-299811.839931826,311200
-260288.129060132,-268181.283462218,-287602.426678346,-298056.074273744,-299926.638019045,311300
-260426.869760578,-268313.689071566,-287725.839843476,-298172.573106382,-300041.418049283,311400
-260565.586265,-268446.074749449,-287849.232313017,-298289.052747154,-300156.180042204,311500
-260704.278580462,-268578.440501348,-287972.604101037,-298405.513215701,-300270.924017457,311600
-260842.788620035,-268710.786332756,-288095.955221603,-298521.954531651,-300385.649994677,311700
-260976.440617799,-268842.947932168,-288219.285688778,-298638.376714617,-300500.35799348,311800
-261108.749139158,-268975.084128564,-288342.595516627,-298754.928362562,-300615.048033465,311900
-261241.042338241,-269107.200678085,-288465.884719211,-298871.919219782,-300729.720134218,312000
-261373.320214813,-269239.297586028,-288589.153310591,-298988.888501121,-300844.374315305,312100
-261505.582768653,-269371.374857702,-288712.401304826,-299105.8371833,-300959.010596279,312200
-261637.829999555,-269503.432498427,-288835.628715974,-299222.765288632,-301074.093802324,312300
-261770.061907327,-269635.470513532,-288958.83555809,-299339.403408342,-301189.272059819,312400
-261902.278491791,-269767.488908359,-289082.02184523,-299455.376389287,-301304.430938733,312500
-262034.479752785,-269899.487688262,-289205.187591446,-299571.725272768,-301419.570461441,312600
-262166.665690159,-270031.466858603,-289328.33281079,-299688.403589369,-301533.979490978,312700
-262298.881670363,-270163.426424758,-289451.457517311,-299805.038777749,-301648.254097006,312800
-262431.170877858,-270295.656637167,-289574.561725058,-299921.654020772,-301762.498987621,312900
-262563.444577355,-270427.909121763,-289697.645448077,-300037.778926465,-301876.713278208,313000
-262695.70276891,-270560.141531687,-289820.708700414,-300153.757955275,-301990.910561013,313100
-262827.945452594,-270692.35387279,-289943.751496111,-300269.718601246,-302105.090854126,313200
-262960.622986922,-270824.661559518,-290067.02386778,-300385.640947582,-302219.254175622,313300
-263096.363334746,-270957.121912088,-290191.879701733,-300501.730544812,-302333.400543564,313400
-263232.083410762,-271089.561749081,-290316.047352834,-300617.988158439,-302447.662204809,313500
-263367.783218851,-271221.981076865,-290440.151060507,-300733.838263693,-302562.049927959,313600
-263503.462762908,-271354.379901819,-290564.231828456,-300850.715173498,-302676.42004231,313700
-263639.122046841,-271486.758230331,-290688.289674622,-300967.150398107,-302790.772567152,313800
-263774.761074572,-271619.1160688,-290811.199479724,-301083.541913056,-302905.107521761,313900
-263910.380942564,-271751.453423634,-290933.603333301,-301199.750915701,-303019.424925394,314000
-264046.143223043,-271883.770301254,-291055.987763563,-301315.940711544,-303133.724797292,314100
-264181.885039906,-272016.066708087,-291178.352783374,-301432.111320781,-303248.007156682,314200
-264317.606397299,-272148.342650574,-291300.698405599,-301547.989328497,-303362.272022773,314300
-264453.307299381,-272280.598135164,-291423.440472414,-301663.532425182,-303476.519414757,314400
-264588.987750323,-272412.979989335,-291546.85284362,-301779.057859884,-303590.863210795,314500
-264724.647754312,-272548.01054636,-291670.243669384,-301894.565650183,-303705.240756818,314600
-264860.287315545,-272681.505448573,-291793.612965478,-302009.997450727,-303819.600453457,314700
-264995.906438234,-272813.490746945,-291916.960747669,-302125.408730123,-303933.942320642,314800
-265131.505126604,-272945.455931008,-292040.287031723,-302240.802570732,-304048.266378284,314900
-265267.083384893,-273077.401006941,-292163.5918334,-302356.17898982,-304162.572646276,315000
-265402.641217351,-273209.325980932,-292286.875168457,-302471.538004641,-304276.861144495,315100
-265538.178628241,-273341.23085918,-292410.137052646,-302586.879632434,-304391.1318928,315200
-265673.695621841,-273473.115647894,-292533.377501718,-302702.203890431,-304505.384911033,315300
-265809.192202441,-273604.980353291,-292656.596531419,-302817.510795848,-304619.620219018,315400
-265944.668374342,-273736.824981601,-292779.794157489,-302932.800365891,-304733.837836561,315500
-266080.12414186,-273868.649539061,-292902.970395667,-303048.072617752,-304848.037783453,315600
-266215.559509323,-274000.454031921,-293026.125261688,-303163.327568615,-304962.220079464,315700
-266350.999989749,-274132.238466439,-293149.258771281,-303278.603243928,-305076.384744349,315800
-266486.508279019,-274264.002848883,-293272.370940174,-303394.201937404,-305190.531797846,315900
-266621.996015959,-274395.706497745,-293395.461784088,-303509.782449563,-305304.661259673,316000
-266756.925079263,-274526.852594484,-293518.531318743,-303625.344799146,-305418.773149535,316100
-266890.326317372,-274657.979531518,-293641.539620222,-303740.88900488,-305532.867487114,316200
-267023.709860133,-274789.087314339,-293764.100010057,-303856.415085479,-305646.944292079,316300
-267157.075709756,-274920.175948448,-293886.640087684,-303971.923059641,-305761.00358408,316400
-267290.423868466,-275051.245439354,-294009.159867496,-304087.41294605,-305875.04538275,316500
-267423.754338499,-275182.295792579,-294131.659363882,-304202.884763378,-305989.069707703,316600
-267557.067122105,-275313.327013653,-294254.138591229,-304318.33853028,-306103.076578539,316700
-267690.362221546,-275444.339108117,-294376.59756392,-304433.774265399,-306217.066014837,316800
-267823.639639098,-275575.332081521,-294499.036296336,-304549.191987361,-306331.038036162,316900
-267958.451097482,-275706.305939426,-294621.454802855,-304664.591714782,-306444.992662058,317000
-268093.15027477,-275837.260687401,-294743.853097852,-304779.960092635,-306558.929912054,317100
-268225.213521606,-275968.196331027,-294866.231195701,-304895.086020837,-306672.849805662,317200
-268357.260654033,-276099.112875893,-294988.589110771,-305010.194598994,-306786.752362375,317300
-268489.291673164,-276230.010327599,-295110.926857429,-305125.285844641,-306900.63760167,317400
-268621.87339025,-276360.888691754,-295233.244450039,-305240.359775299,-307014.505543007,317500
-268754.788618968,-276491.747973977,-295355.541902961,-305355.63891885,-307128.356205826,317600
-268887.6962612,-276622.588907837,-295477.819230555,-305471.7491063,-307242.189609553,317700
-269020.739935066,-276753.773075575,-295600.076447176,-305587.406342786,-307356.005773595,317800
-269155.58364951,-276884.937630235,-295722.167860018,-305702.763330059,-307469.804717341,317900
-269290.60835747,-277016.082577988,-295843.683425899,-305818.1022059,-307583.586460164,318000
-269425.612707292,-277147.207925013,-295965.180289326,-305933.42298931,-307697.35102142,318100
-269560.596703671,-277278.313677499,-296086.658462856,-306048.725699276,-307811.098420446,318200
-269695.560351309,-277409.399841645,-296208.117959046,-306163.886221319,-307924.828676563,318300
-269830.626950064,-277540.466423658,-296329.558790449,-306279.023070708,-308038.541809074,318400
-269965.725585927,-277671.513429755,-296450.980969617,-306394.142233419,-308152.237837266,318500
-270100.803637138,-277802.540866162,-296572.744115456,-306509.243727787,-308265.916780408,318600
-270235.861108664,-277933.548739115,-296694.872587399,-306624.327572134,-308380.029197238,318700
-270370.898005487,-278064.537054858,-296816.780135547,-306739.393784766,-308494.28218261,318800
-270505.914332596,-278195.505819645,-296938.668026562,-306854.442383975,-308608.516493366,318900
-270640.910094997,-278326.537539168,-297060.536274375,-306969.473388041,-308722.329010808,319000
-270775.885297702,-278457.576545824,-297182.384892911,-307084.486815226,-308835.889644799,319100
-270910.83994574,-278588.595853227,-297304.213896091,-307199.482683783,-308949.433390899,319200
-271046.502388477,-278719.595467826,-297426.023297837,-307314.14471257,-309062.960268109,319300
-271182.560728038,-278850.575396078,-297547.813112064,-307428.779574407,-309176.805040524,319400
-271316.452090355,-278981.610379132,-297669.583352688,-307543.397737695,-309290.901672039,319500
-271450.187842047,-279113.9264001,-297791.33403362,-307658.455050839,-309404.979864595,319600
-271584.887642835,-279247.053606949,-297913.065168768,-307773.620119282,-309519.039640239,319700
-271719.567137808,-279380.171327659,-298035.080531796,-307888.76709393,-309633.081020996,319800
-271854.226331882,-279513.316252432,-298157.605596194,-308003.895994073,-309747.104028869,319900
-271988.865229986,-279646.437933197,-298280.109462762,-308119.006838986,-309861.108685839,320000
-272123.48383706,-279779.536380097,-298402.592147739,-308234.029773439,-309975.095013866,320100
-272258.082158055,-279911.261781397,-298525.053667355,-308348.914728475,-310089.063034887,320200
-272392.660197935,-280042.213866982,-298647.008554232,-308463.78216548,-310203.012770818,320300
-272527.217961673,-280173.146093998,-298768.844039672,-308578.632102813,-310316.944243554,320400
-272661.79512399,-280304.058469232,-298890.659609479,-308693.464558819,-310430.857474967,320500
-272796.401303418,-280434.950999479,-299012.455278181,-308808.279551828,-310544.752486907,320600
-272930.987096219,-280565.823691541,-299134.231060303,-308923.077100158,-310658.629301204,320700
-273065.552507518,-280696.67655223,-299255.986970364,-309037.857222109,-310772.487939664,320800
-273200.097542454,-280827.509588365,-299377.723022881,-309152.619935968,-310886.328424074,320900
-273334.622206176,-280958.322806776,-299499.439232367,-309267.365260008,-311000.150776197,321000
-273469.126503844,-281089.116214299,-299621.135613331,-309382.093212486,-311113.955017774,321100
-273603.610440628,-281219.889817778,-299742.812180279,-309496.803811646,-311227.741170527,321200
-273737.411847543,-281350.643624067,-299864.468947713,-309611.497075718,-311341.509256155,321300
-273870.855744111,-281481.377640028,-299986.105930129,-309726.173022914,-311455.259296334,321400
-274004.280721218,-281612.091872531,-300107.723142024,-309840.831671435,-311568.99131272,321500
-274137.686782843,-281742.786328454,-300229.394359645,-309955.473039466,-311682.705326947,321600
-274271.073932978,-281873.461014683,-300351.483891707,-310070.097145179,-311796.401360626,321700
-274404.442175626,-282004.115938112,-300473.552645868,-310184.704006728,-311910.07943535,321800
-274537.791514798,-282134.751105646,-300595.600638076,-310299.293642256,-312023.733043951,321900
-274671.121954522,-282265.366524194,-300717.627884276,-310414.068008647,-312137.340207389,322000
-274804.433498832,-282395.962200676,-300839.634400406,-310529.076086639,-312250.929571339,322100
-274937.726151778,-282526.538142018,-300961.532465512,-310644.065836875,-312364.501157123,322200
-275070.999917416,-282657.094355156,-301083.051521791,-310759.035397296,-312478.054986043,322300
-275204.254799818,-282787.630847034,-301204.550814757,-310873.956247117,-312591.591079377,322400
-275337.490803064,-282918.147624603,-301326.030359036,-310988.858911082,-312705.109458384,322500
-275470.707931246,-283048.011327824,-301447.490169249,-311103.743409161,-312818.503533752,322600
-275603.940150556,-283178.326890202,-301568.930260013,-311218.609761306,-312931.420116726,322700
-275738.069355635,-283309.071673027,-301690.350645942,-311333.457987451,-313044.320578101,322800
-275872.178340338,-283439.7119337,-301811.751341644,-311448.173606086,-313157.204936116,322900
-276006.267109985,-283570.009957985,-301933.132361725,-311562.514477541,-313270.073208996,323000
-276140.335669907,-283699.819639934,-302054.493720785,-311676.838482425,-313382.925414946,323100
-276274.384025442,-283829.482234212,-302175.835433421,-311791.145638449,-313495.761572157,323200
-276408.412181943,-283959.126263043,-302297.157514225,-311905.435963308,-313608.581698803,323300
-276542.42014477,-284088.751732405,-302418.459977786,-312019.709474682,-313721.385813039,323400
-276676.407919297,-284218.358648283,-302539.742838686,-312133.966190237,-313834.173933007,323500
-276810.375510905,-284347.947016672,-302661.006111506,-312248.198227656,-313946.946076829,323600
-276944.322924988,-284477.516843573,-302782.249810821,-312362.394811033,-314059.702262614,323700
-277078.250166948,-284607.068134998,-302903.473951202,-312476.574720004,-314172.442508451,323800
-277212.157242201,-284736.600896964,-303024.678547215,-312590.737972056,-314285.166832414,323900
-277346.04415617,-284866.115135498,-303145.863613425,-312704.88458466,-314397.875252562,324000
-277479.91091429,-284995.610856635,-303267.329932152,-312819.014575273,-314510.567786933,324100
-277613.757522006,-285125.088066418,-303388.853752848,-312933.127961338,-314623.244453554,324200
-277747.583984773,-285254.546770897,-303510.709742558,-313047.224760285,-314735.905270431,324300
-277881.390308056,-285383.986976131,-303632.865983268,-313161.304989528,-314848.550255555,324400
-278015.176497332,-285513.408688188,-303754.978656266,-313275.36866647,-314961.179426901,324500
-278148.942558086,-285642.811913142,-303876.243521008,-313389.415808497,-315073.792802428,324600
-278282.688495815,-285772.196657076,-303997.48854249,-313503.446432983,-315186.390400076,324700
-278416.414316025,-285901.562926081,-304118.713735838,-313617.460557288,-315298.97223777,324800
-278550.120024232,-286030.910726255,-304240.114395803,-313731.458198756,-315411.53833342,324900
-278683.805625962,-286160.240063704,-304361.901635539,-313845.439374718,-315524.088704916,325000
-278817.471126754,-286289.617025411,-304483.667850056,-313959.404102494,-315636.623370136,325100
-278951.116532152,-286419.051097275,-304605.413056212,-314073.352399385,-315749.142346936,325200
-279084.741847715,-286548.466506307,-304727.137270857,-314187.284282681,-315861.769068926,325300
-279218.347079008,-286677.863258856,-304848.840510837,-314301.199769659,-315974.635466626,325400
-279351.932231608,-286807.510875304,-304970.522792988,-314415.098877579,-316087.485213295,325500
-279485.056948785,-286937.930055924,-305092.184134141,-314528.981623689,-316200.318328664,325600
-279616.282838626,-287068.42986465,-305213.824551118,-314642.848025222,-316313.134832445,325700
-279747.491923664,-287198.955057924,-305335.444060736,-314756.698099399,-316425.934744328,325800
-279878.684206737,-287329.459765043,-305457.042679805,-314870.531863425,-316538.718083985,325900
-280009.859690694,-287459.943994226,-305577.947207679,-314984.349334492,-316651.48487107,326000
-280141.018378395,-287590.407753693,-305698.77128234,-315098.150529777,-316764.235125216,326100
-280272.160272711,-287720.851051676,-305819.576022168,-315211.935466444,-316876.968866035,326200
-280403.285376524,-287851.273896409,-305940.361441831,-315325.704161644,-316989.686113123,326300
-280534.393692725,-287981.676296134,-306061.127555992,-315439.456632511,-317102.386886055,326400
-280665.485224216,-288112.058259102,-306181.87437931,-315553.192896169,-317215.071204386,326500
-280796.559973911,-288242.419793567,-306302.601926438,-315666.912969724,-317327.739087652,326600
-280927.617944733,-288372.760907791,-306423.310212024,-315780.616870272,-317440.390555371,326700
-281058.659139615,-288503.081610043,-306543.999250712,-315894.304614891,-317553.025627039,326800
-281189.683561503,-288633.381908597,-306664.40959915,-316007.976220649,-317665.644322135,326900
-281320.691213351,-288763.661811735,-306784.43133046,-316121.631704598,-317778.246660119,327000
-281451.682098125,-288893.948536483,-306904.435140249,-316235.271083775,-317890.832660429,327100
-281582.656218799,-289024.301124057,-307024.421041357,-316348.965606958,-318003.402342485,327200
-281713.613578361,-289154.633161133,-307144.389046623,-316463.007569337,-318115.955725689,327300
-281844.554179807,-289284.944656199,-307264.33916888,-316577.032370523,-318228.492829423,327400
-281975.478026143,-289415.235617751,-307384.271420961,-316691.040029493,-318341.013673048,327500
-282106.385120387,-289545.50605429,-307504.185815692,-316805.030565207,-318453.518275908,327600
-282237.301820121,-289675.755974324,-307624.278000102,-316919.003996609,-318566.006657326,327700
-282369.424861798,-289805.339080194,-307744.46347631,-317032.960342626,-318678.478836608,327800
-282501.53047031,-289935.11250295,-307864.630515288,-317146.899622167,-318790.934833038,327900
-282633.719877572,-290065.108833715,-307984.779130699,-317260.821854125,-318903.374665884,328000
-282765.890674553,-290195.084986413,-308104.909336203,-317374.727057377,-319015.798354391,328100
-282898.042865906,-290325.040969276,-308225.021145457,-317488.615250783,-319128.205917787,328200
-283030.176456294,-290454.976790537,-308345.247227984,-317602.486453184,-319240.597375281,328300
-283162.845936664,-290584.892458442,-308465.553100126,-317716.340683407,-319352.972746063,328400
-283295.551564165,-290714.787981238,-308585.84013905,-317830.177960261,-319465.332049302,328500
-283428.237731591,-290844.66336718,-308706.108359071,-317943.998302538,-319577.67530415,328600
-283560.904444413,-290974.518624528,-308826.357774503,-318057.801729015,-319689.989354327,328700
-283693.55170811,-291104.353761551,-308946.588399651,-318171.58825845,-319802.275533537,328800
-283826.179528172,-291234.16878652,-309066.800248818,-318285.357909585,-319914.5457898,328900
-283958.787910097,-291363.963707714,-309186.993336302,-318399.110701146,-320026.800142056,329000
-284091.376859392,-291493.738533419,-309307.46240615,-318512.846651842,-320139.03860923,329100
-284223.946381575,-291623.493271926,-309427.95916768,-318626.565780365,-320251.261210226,329200
-284356.49648217,-291753.227931531,-309548.436523079,-318740.268105389,-320363.467963931,329300
-284489.027166714,-291882.942520536,-309668.894487566,-318853.953645574,-320475.65888921,329400
-284621.53844075,-292012.637047251,-309789.333076357,-318967.622419562,-320587.834004913,329500
-284754.030309832,-292142.31151999,-309909.752304661,-319081.274445977,-320699.993329868,329600
-284886.502779521,-292271.965947073,-310030.152187682,-319194.894533706,-320812.136882886,329700
-285018.95585539,-292401.600336826,-310150.532740616,-319308.474891951,-320924.264682758,329800
-285151.389543019,-292531.214697581,-310270.893978655,-319422.03865502,-321036.376748257,329900
-285283.803847997,-292660.838665261,-310391.235916984,-319535.5858413,-321148.473098137,330000
-285416.198775922,-292790.57737211,-310511.558570783,-319649.116469159,-321260.553751133,330100
-285548.574332402,-292920.295812465,-310631.861955224,-319762.630556951,-321372.618725961,330200
-285680.930523053,-293049.993994949,-310752.574470636,-319876.128123012,-321484.66804132,330300
-285813.267353501,-293179.671928193,-310873.550561509,-319989.609185663,-321596.701715887,330400
-285945.584829379,-293309.329620832,-310994.226185888,-320103.073763206,-321708.719768323,330500
-286077.882956329,-293438.967081506,-311114.495761622,-320216.521873931,-321820.72221727,330600
-286210.161740005,-293568.584318862,-311234.745987265,-320329.953536107,-321932.709081349,330700
-286342.421186066,-293698.181341551,-311354.976878288,-320443.36876799,-322044.680379164,330800
-286474.661300182,-293827.758158231,-311475.188450156,-320556.767587817,-322156.636129302,330900
-286606.882088031,-293957.314777563,-311595.380718327,-320670.150013811,-322268.576350328,331000
-286739.083555299,-294086.851208216,-311715.553698252,-320783.516064177,-322380.501060789,331100
-286871.265707682,-294216.367458863,-311835.567121063,-320896.865757104,-322492.410279216,331200
-287003.428550885,-294345.863538182,-311955.221114357,-321010.199110765,-322604.304024118,331300
-287135.57209062,-294475.497213573,-312074.856897907,-321123.516143316,-322716.182313987,331400
-287267.696332608,-294604.703803716,-312194.474485605,-321236.699605143,-322828.045167297,331500
-287399.801282579,-294733.948095297,-312314.094537308,-321349.549384093,-322939.892602501,331600
-287531.886946274,-294863.196094855,-312434.110698014,-321462.384003412,-323051.724638036,331700
-287663.953329437,-294992.424234463,-312554.107831302,-321575.203479197,-323163.541292319,331800
-287796.000437826,-295121.632522556,-312673.915408685,-321688.007827528,-323275.342583748,331900
-287928.028277205,-295250.820967573,-312793.46270026,-321800.797064473,-323387.128530703,332000
-288060.042867723,-295379.98957796,-312912.991856826,-321913.571206086,-323498.899151547,332100
-288192.048142223,-295509.138362167,-313032.50289224,-322026.330268407,-323610.654464621,332200
-288324.034142208,-295638.267328648,-313151.99582035,-322139.074267464,-323722.39448825,332300
-288456.000873497,-295767.376485865,-313271.470655001,-322251.803219271,-323834.11924074,332400
-288587.948341917,-295896.465842283,-313390.927410033,-322364.517139829,-323945.93323874,332500
-288719.876553303,-296025.535406374,-313510.36609928,-322477.216045124,-324057.83471292,332600
-288851.785513499,-296154.585186614,-313629.786736572,-322589.976383708,-324169.720397995,332700
-288981.871624171,-296283.615191484,-313749.189335732,-322703.026954071,-324281.590313325,332800
-289111.679940196,-296410.981602576,-313868.57391058,-322816.029626407,-324393.444478253,332900
-289241.471923292,-296537.406617124,-313987.94047493,-322928.989831214,-324505.282912103,333000
-289371.247576831,-296663.815769202,-314107.380559817,-323041.934284225,-324617.105634175,333100
-289501.006904197,-296790.209063586,-314226.892544752,-323154.863002815,-324728.912663752,333200
-289630.749908781,-296917.270041811,-314346.386184162,-323267.776004342,-324840.704020094,333300
-289760.476593984,-297045.35635617,-314465.861492379,-323380.673306151,-324952.479722443,333400
-289890.186963214,-297173.424245364,-314585.318483727,-323493.554925567,-325064.239790019,333500
-290019.88101989,-297301.473716631,-314704.757172524,-323606.420879904,-325175.984242024,333600
-290149.55876744,-297429.918112945,-314824.177573084,-323719.271186459,-325287.713097637,333700
-290279.220209299,-297558.371228521,-314943.579699716,-323832.105862512,-325399.426376019,333800
-290408.865348915,-297686.805260665,-315062.963566719,-323944.924925329,-325511.12409631,333900
-290538.494189739,-297816.378966549,-315182.329188391,-324057.728392161,-325622.80627763,334000
-290668.106735237,-297946.575346411,-315301.676579022,-324170.516280242,-325734.472939077,334100
-290798.097050431,-298076.749750012,-315421.005752896,-324283.288606792,-325846.124099732,334200
-290929.311183145,-298206.902188376,-315540.316724292,-324395.826613898,-325957.759778655,334300
-291060.506741447,-298335.317698931,-315659.609507483,-324508.195024368,-326069.379994883,334400
-291191.683730802,-298462.991512242,-315778.884116735,-324620.54887058,-326180.864789886,334500
-291322.842156686,-298590.647308116,-315898.14056631,-324732.888167992,-326292.011395075,334600
-291454.043088996,-298718.285093517,-316017.378870464,-324845.212932049,-326403.143804892,334700
-291585.239188272,-298845.904875416,-316136.599043445,-324957.523178185,-326514.262035934,334800
-291716.416636227,-298973.506660788,-316255.801099498,-325069.818921819,-326625.366104779,334900
-291847.575438457,-299101.090456614,-316374.98505286,-325182.100178357,-326736.456027991,335000
-291978.715600567,-299228.656269882,-316494.150917763,-325294.366963194,-326847.531822116,335100
-292109.837128169,-299356.204107584,-316613.298708433,-325406.61929171,-326958.593503685,335200
-292240.940026884,-299483.733976717,-316732.42843909,-325518.857179274,-327069.641089211,335300
-292372.024302341,-299611.245884287,-316851.260748073,-325631.08064124,-327180.674595194,335400
-292503.089960176,-299738.7398373,-316970.002018922,-325743.28969295,-327291.694038114,335500
-292634.137006032,-299866.269329635,-317088.725958227,-325855.484349734,-327402.699434438,335600
-292765.165445563,-299993.865346134,-317207.432579279,-325967.664626907,-327513.690800614,335700
-292896.175284427,-300122.460653481,-317326.429798129,-326079.830539773,-327624.668153077,335800
-293027.166528293,-300251.082668857,-317446.025033408,-326191.982103623,-327735.631508242,335900
-293158.139182836,-300376.610139511,-317565.601117309,-326304.119333733,-327846.580882511,336000
-293289.093253739,-300503.326902906,-317685.15806571,-326416.242245368,-327957.757300157,336100
-293420.028746694,-300630.69537074,-317804.69589448,-326528.350853779,-328068.938668382,336200
-293550.945667398,-300758.26114741,-317924.21461948,-326640.445174206,-328180.095737175,336300
-293681.485992924,-300885.958351412,-318043.714256564,-326752.525221874,-328291.215766693,336400
-293811.646920612,-301013.637106634,-318163.194821576,-326864.591011995,-328402.321282033,336500
-293941.790320613,-301141.297420704,-318282.656330356,-326976.64255977,-328513.412300689,336600
-294071.916197745,-301268.939301254,-318402.098798731,-327088.679880386,-328624.48884014,336700
-294202.024556834,-301396.56275592,-318521.522242526,-327200.702989016,-328735.550917843,336800
-294332.115402714,-301524.167792347,-318640.926677553,-327313.21157563,-328846.598551241,336900
-294462.188740227,-301651.754418179,-318760.312119618,-327425.83112361,-328957.631757756,337000
-294592.244574224,-301779.32264107,-318879.678584522,-327538.434901238,-329068.650554793,337100
-294722.282909563,-301906.872468677,-318999.026088053,-327651.022926559,-329179.654959739,337200
-294852.303751108,-302034.403908661,-319118.354645995,-327763.595217599,-329290.644989965,337300
-294982.307103734,-302161.916968688,-319237.664274122,-327876.15179237,-329401.620662821,337400
-295112.292972322,-302289.41165643,-319356.954988201,-327988.692668866,-329512.581995641,337500
-295242.261361761,-302416.887979564,-319476.226803991,-328101.217865063,-329623.52900574,337600
-295372.212276949,-302544.345945769,-319595.120350812,-328213.72739892,-329734.461710416,337700
-295502.145722789,-302671.785562731,-319714.111751167,-328326.221288381,-329845.380126949,337800
-295632.061704196,-302799.206838142,-319833.67138707,-328438.699551369,-329956.284272601,337900
-295761.960226087,-302926.609779695,-319953.125399165,-328551.162205793,-330067.174164616,338000
-295891.841293393,-303053.994395091,-320072.300458176,-328663.609269543,-330178.00402635,338100
-296021.704911048,-303181.360692034,-320191.324742061,-328776.040760494,-330288.483269553,338200
-296151.551083995,-303308.708678233,-320310.330522495,-328888.456696502,-330398.949340472,338300
-296281.379817186,-303436.038361401,-320429.317814754,-329000.857095407,-330509.4022543,338400
-296411.191115579,-303563.349749257,-320548.28663411,-329113.24197503,-330619.842026214,338500
-296540.98498414,-303690.642849524,-320667.236995827,-329225.611353178,-330730.268671375,338600
-296670.761427843,-303817.917669929,-320786.16891516,-329337.965247638,-330840.682204931,338700
-296800.520451669,-303945.174218204,-320905.082407357,-329450.303676183,-330951.082642017,338800
-296930.262060607,-304072.412502085,-321023.977487659,-329562.626656565,-331061.469997749,338900
-297059.986259652,-304199.632529314,-321142.973029297,-329674.934206523,-331171.844287233,339000
-297189.69305381,-304326.834307636,-321262.192647202,-329787.226343775,-331282.205525557,339100
-297319.382448091,-304454.017844802,-321381.626102066,-329899.503086027,-331392.553727795,339200
-297449.054447514,-304581.183148564,-321501.039931969,-330011.764450963,-331502.888909009,339300
-297579.043375932,-304708.330226683,-321620.434154008,-330124.010456252,-331613.211084242,339400
-297709.074675372,-304835.459086922,-321739.808785273,-330236.241119548,-331723.520268527,339500
-297839.088032538,-304962.569737048,-321859.163842843,-330348.456458484,-331833.816476878,339600
-297969.08345298,-305089.662184834,-321978.383962139,-330460.656490679,-331944.099724298,339700
-298099.060942252,-305216.736438055,-322097.48020245,-330572.841233734,-332054.370025774,339800
-298229.020505917,-305343.792504493,-322216.557394986,-330685.010705233,-332164.627396278,339900
-298358.962149544,-305470.830391934,-322335.615556075,-330797.164922744,-332274.871850769,340000
-298488.885878709,-305597.850108165,-322454.654702036,-330909.303903817,-332385.103404188,340100
-298618.791698997,-305724.851660981,-322573.67484918,-331021.427665984,-332495.322071466,340200
-298748.679615998,-305851.881904802,-322692.676013807,-331133.536226764,-332605.527867517,340300
-298878.549635309,-305978.896412773,-322811.65821221,-331245.629603654,-332715.720807239,340400
-299008.401762537,-306105.89270401,-322930.621460672,-331357.707814138,-332825.90090552,340500
-299138.236003291,-306232.870786402,-323049.565775468,-331469.770875682,-332936.068177228,340600
-299268.052363192,-306359.830667839,-323168.490676088,-331581.818805734,-333046.222637221,340700
-299397.850847864,-306486.772356218,-323286.865104628,-331693.851621726,-333156.36430034,340800
-299527.631462941,-306613.695859439,-323405.221774368,-331805.869341073,-333266.493181412,340900
-299657.394214062,-306740.601185406,-323523.560699897,-331917.871981174,-333376.60929525,341000
-299787.139106873,-306867.488342027,-323641.881895793,-332029.859559409,-333486.712656653,341100
-299916.866147027,-306994.357337214,-323760.18537663,-332141.832093144,-333596.803280404,341200
-300046.575340186,-307121.208178884,-323878.471156974,-332253.789599726,-333706.881181273,341300
-300176.266692015,-307248.040874957,-323996.739251382,-332365.732096486,-333816.946374014,341400
-300305.940208189,-307374.855433357,-324114.989674408,-332477.659600738,-333926.998873369,341500
-300435.595894389,-307501.651862013,-324233.222440593,-332589.572129779,-334037.049626076,341600
-300565.233756301,-307628.430168857,-324351.437564477,-332701.292823055,-334147.220283454,341700
-300694.85379962,-307755.190361825,-324469.635060587,-332812.992919444,-334257.377908924,341800
-300824.456030047,-307881.932448858,-324587.814943447,-332924.67857113,-334367.522517897,341900
-300954.040453289,-308008.6564379,-324705.977227571,-333036.349794451,-334477.654125768,342000
-301083.607075061,-308135.362336899,-324824.152763425,-333148.006605725,-334587.772747919,342100
-301213.155901084,-308262.050153807,-324942.572154969,-333259.649021258,-334697.878399713,342200
-301342.686937086,-308388.719896579,-325060.973379838,-333371.277057339,-334807.9710965,342300
-301472.2001888,-308515.371573176,-325179.356453402,-333482.890730243,-334918.050853615,342400
-301601.695661968,-308642.00519156,-325297.721391026,-333594.490056228,-335028.117686374,342500
-301731.173362337,-308768.6207597,-325416.068208062,-333706.075051537,-335138.171610081,342600
-301860.633295662,-308895.218285567,-325534.396919858,-333817.619512871,-335248.212640024,342700
-301990.075467703,-309021.797777135,-325652.631915236,-333929.139242427,-335358.240791474,342800
-302119.499884228,-309148.359242382,-325770.546942586,-334040.644785535,-335468.256079687,342900
-302248.906551009,-309274.902689293,-325888.444702222,-334152.136158198,-335578.258519905,343000
-302378.295473829,-309401.428125852,-326006.32520831,-334263.613376405,-335688.248127353,343100
-302507.666658472,-309527.935560049,-326124.188475007,-334375.076456132,-335798.224917241,343200
-302637.020110733,-309654.424999879,-326242.034516464,-334486.525413337,-335908.188904765,343300
-302766.355836411,-309780.896453338,-326359.850079495,-334597.960263964,-336018.140105102,343400
-302895.673841312,-309907.349928428,-326477.450792334,-334709.381023943,-336128.078533418,343500
-303024.97413125,-310033.785433153,-326595.03475024,-334820.787709188,-336238.004204861,343600
-303154.256712042,-310160.202975521,-326712.601966738,-334932.180335597,-336347.917134564,343700
-303283.521589514,-310286.602563544,-326830.152455345,-335043.558919056,-336457.817337645,343800
-303412.768769499,-310412.984205238,-326947.537736635,-335154.923475434,-336567.704829207,343900
-303541.998257832,-310539.34790862,-327064.738776725,-335266.274020584,-336677.579624336,344000
-303671.210060361,-310665.693681715,-327181.923790619,-335377.610570345,-336787.441738104,344100
-303800.404182934,-310792.021532549,-327299.092790851,-335488.933140544,-336897.291185569,344200
-303929.580631408,-310918.33146915,-327416.245789951,-335600.200856588,-337007.12798177,344300
-304058.739411648,-311044.623499551,-327533.573233808,-335711.384731152,-337116.952141735,344400
-304187.880529522,-311170.897631791,-327651.148599112,-335822.55495987,-337226.763680473,344500
-304317.003990905,-311297.153873908,-327768.70706494,-335933.711557979,-337336.56261298,344600
-304446.109801681,-311423.392233946,-327886.248645131,-336044.852386029,-337446.348954235,344700
-304575.197967736,-311549.612719953,-328003.773353519,-336155.89810944,-337556.122719205,344800
-304704.268494966,-311675.815339978,-328121.281203928,-336266.46654738,-337665.883922838,344900
-304833.32138927,-311802.000102075,-328238.772210176,-336377.022785381,-337775.632580068,345000
-304962.356656555,-311928.167014303,-328356.246386077,-336487.566836174,-337885.368705815,345100
-305091.374302733,-312054.316084721,-328473.703745433,-336598.098712481,-337995.092314983,345200
-305220.374333723,-312180.447321393,-328591.144302043,-336708.618427015,-338104.803422459,345300
-305349.356755451,-312306.560732386,-328708.568069697,-336819.125992476,-338214.502043118,345400
-305478.321573846,-312432.656325772,-328825.975062181,-336929.621421555,-338324.188191818,345500
-305607.268794847,-312558.734109625,-328943.365293269,-337040.10472693,-338433.861883401,345600
-305736.198424394,-312684.79409202,-329060.738776734,-337150.575921271,-338543.523132696,345700
-305865.110468439,-312810.83628104,-329178.095526337,-337261.035017237,-338653.171954516,345800
-305994.004932934,-312936.860684768,-329295.435555835,-337371.482027475,-338762.808363657,345900
-306122.881823842,-313062.86731129,-329412.758878977,-337481.916964623,-338872.432374902,346000
-306251.74114713,-313188.856168697,-329530.065509506,-337592.339841308,-338982.044003019,346100
-306380.582908769,-313314.827265083,-329647.355461156,-337702.750670144,-339091.643262759,346200
-306509.407114738,-313440.780608544,-329764.628747656,-337813.149463739,-339201.230168861,346300
-306638.220172805,-313566.71620718,-329881.885382727,-337923.536234687,-339310.804736044,346400
-306767.0747844,-313692.634069094,-329999.125380084,-338033.910995573,-339420.366979018,346500
-306895.911762581,-313818.534202391,-330116.348753433,-338144.273758969,-339529.916912472,346600
-307024.73111344,-313944.416615183,-330233.555516476,-338254.624537441,-339639.454551085,346700
-307153.532843072,-314070.28131558,-330350.745682906,-338364.963343539,-339748.979909516,346800
-307282.316957579,-314196.128311698,-330467.919266409,-338475.290189807,-339858.493002414,346900
-307411.083463071,-314321.957611656,-330585.076280664,-338586.284146154,-339967.99384441,347000
-307539.832365659,-314447.769223575,-330702.216739344,-338697.273410122,-340077.482450119,347100
-307668.563671465,-314573.563155581,-330819.340656113,-338808.249017035,-340186.958834144,347200
-307797.277386613,-314699.3394158,-330936.768389415,-338919.210982511,-340296.423011071,347300
-307925.973517234,-314825.098012363,-331054.223957588,-339030.159322152,-340405.874995472,347400
-308054.652069465,-314950.838953405,-331171.66225691,-339141.094051548,-340515.314801902,347500
-308182.18263048,-315076.562247062,-331289.083302139,-339252.015186271,-340624.742444903,347600
-308309.259474226,-315202.267901473,-331406.487108027,-339362.922741878,-340734.157939002,347700
-308436.320966645,-315327.955924782,-331523.873689316,-339473.816733914,-340843.561298711,347800
-308563.367111949,-315453.626325133,-331641.24306074,-339584.697177906,-340952.952538525,347900
-308690.397914355,-315579.279110676,-331758.595237025,-339695.564089367,-341062.331672927,348000
-308817.413378087,-315704.914289561,-331875.930232889,-339806.417483793,-341171.698716383,348100
-308944.413507376,-315830.531869943,-331993.248063041,-339917.257376669,-341281.053683345,348200
-309071.776613469,-315956.131859979,-332110.548742181,-340028.083783463,-341390.39658825,348300
-309201.016173031,-316081.714267829,-332227.832285003,-340138.896719625,-341499.72744552,348400
-309330.23715755,-316207.279101656,-332345.098706191,-340249.696200595,-341609.046269561,348500
-309459.439574223,-316332.826369626,-332462.34802042,-340360.482241796,-341718.353074766,348600
-309588.623430248,-316458.356079907,-332579.580242358,-340471.254858634,-341827.647875513,348700
-309717.78873283,-316582.715608724,-332696.795386664,-340582.014066503,-341936.930686163,348800
-309846.935489179,-316706.800571016,-332813.993467989,-340692.75988078,-342046.201521065,348900
-309976.063706509,-316830.870163247,-332931.174500977,-340803.492316829,-342155.46039455,349000
-310105.173392039,-316954.924391454,-333048.338500259,-340914.211389998,-342264.707320938,349100
-310234.264552993,-317078.963261678,-333165.485480463,-341024.917115618,-342373.94231453,349200
-310363.337196601,-317202.986779962,-333282.590841969,-341135.609509009,-342483.165389616,349300
-310492.391330096,-317326.994952355,-333399.436761301,-341246.288585474,-342592.376560469,349400
-310621.426960716,-317451.222397208,-333516.266263083,-341356.9543603,-342701.575841347,349500
-310750.444095705,-317576.484917188,-333633.079361098,-341467.606848761,-342810.763246495,349600
-310879.406412158,-317701.730134766,-333749.876069122,-341578.246066116,-342919.938790141,349700
-311007.729285411,-317826.958057971,-333866.656400926,-341688.872027607,-343029.1024865,349800
-311136.034658889,-317952.168694829,-333983.42037027,-341799.484748465,-343138.254349771,349900
-311264.322538933,-318077.362053373,-334100.167990908,-341910.084243901,-343247.39439414,350000
-311392.592931888,-318202.538141635,-334216.899276588,-342020.670529116,-343356.522633776,350100
-311520.845844105,-318327.696967654,-334333.614241049,-342131.243619294,-343465.639082835,350200
-311649.081281942,-318452.838539467,-334450.312898022,-342241.803529603,-343574.743755458,350300
-311777.299251758,-318577.962865118,-334566.995261231,-342352.350275198,-343683.83666577,350400
-311905.499759921,-318703.084174551,-334683.661344393,-342462.883871218,-343792.917827883,350500
-312033.682812801,-318828.528053807,-334800.311161217,-342573.404332789,-343901.987255894,350600
-312161.848416775,-318953.954144823,-334916.944725404,-342683.91167502,-344011.044963885,350700
-312289.996578226,-319079.362456245,-335033.562050648,-342794.405913006,-344120.090965922,350800
-312418.127303538,-319204.752996721,-335150.163150636,-342904.887061828,-344229.125276059,350900
-312546.240599105,-319330.125774903,-335266.748039046,-343015.355136552,-344338.147908334,351000
-312674.336471322,-319455.480799443,-335383.247494214,-343125.810152227,-344447.158876769,351100
-312802.414926591,-319580.818078996,-335499.678534029,-343236.252123891,-344556.158195375,351200
-312930.475971319,-319706.137622221,-335616.093663267,-343346.681066564,-344665.145878144,351300
-313058.519611917,-319832.565868249,-335732.463925979,-343457.096995253,-344774.121939057,351400
-313186.545854801,-319959.393705545,-335848.516340098,-343567.499924949,-344883.086392078,351500
-313314.554706393,-320086.201283006,-335964.553572652,-343677.88987063,-344992.039251158,351600
-313443.426105028,-320212.98861208,-336080.575635883,-343788.266847259,-345100.980530233,351700
-313572.980909835,-320339.755704218,-336196.582542029,-343898.630869781,-345209.910243224,351800
-313702.515964821,-320466.085370891,-336312.57430332,-344008.981953132,-345318.828404038,351900
-313832.031278727,-320591.040277465,-336428.550931981,-344119.320112228,-345427.735026567,352000
-313961.526860297,-320715.977905644,-336544.512440229,-344229.645361974,-345536.630124689,352100
-314091.00271828,-320840.898263683,-336660.458840278,-344339.957717258,-345645.513712266,352200
-314220.458861429,-320965.801359844,-336776.390144333,-344450.257192954,-345754.385803148,352300
-314349.895298498,-321090.687202387,-336892.306364596,-344560.543803923,-345863.246411169,352400
-314479.312038248,-321215.555799577,-337008.207513259,-344670.817565008,-345972.095550148,352500
-314608.709089441,-321340.40715968,-337124.093602512,-344781.07849104,-346080.93323389,352600
-314738.086460842,-321465.241290965,-337240.033529422,-344891.326596835,-346189.759476187,352700
-314867.444161223,-321590.058201702,-337356.245952301,-345001.561897194,-346298.574290814,352800
-314996.782199354,-321714.857900164,-337472.442601462,-345111.784406903,-346407.377691534,352900
-315126.100584014,-321839.640394627,-337588.623490171,-345221.994140734,-346516.169692094,353000
-315255.399323982,-321964.405693368,-337704.788631683,-345332.191113444,-346624.950306227,353100
-315384.678428041,-322089.153804665,-337820.938039248,-345442.375339775,-346733.719547651,353200
-315513.937904977,-322213.884736802,-337937.071726109,-345552.546834457,-346842.477430071,353300
-315643.177763582,-322338.59849806,-338053.189705502,-345662.705612201,-346951.223967176,353400
-315772.398012647,-322463.295096726,-338169.291990653,-345772.746048844,-347059.959172642,353500
-315900.851097945,-322587.974541088,-338285.378594782,-345882.742794514,-347168.683060131,353600
-316029.19186165,-322712.636839436,-338401.449531104,-345992.727223477,-347277.395643287,353700
-316157.514327863,-322837.023019739,-338517.504812823,-346102.699349724,-347386.096935745,353800
-316285.818504118,-322961.240312143,-338633.263501902,-346212.659187234,-347494.786951121,353900
-316414.104397951,-323085.441130893,-338748.595072277,-346322.606749972,-347603.46570302,354000
-316542.372016902,-323209.625483622,-338864.179674494,-346432.542051888,-347712.133205031,354100
-316670.621368516,-323333.793377961,-338980.29468218,-346542.465106922,-347820.789470729,354200
-316798.852460342,-323457.944821546,-339096.393837665,-346652.375928997,-347929.434513675,354300
-316927.065299933,-323582.079822016,-339212.47715451,-346762.274532024,-348038.068347415,354400
-317055.259894843,-323706.198387012,-339328.544646266,-346872.160929901,-348146.690985481,354500
-317183.436252634,-323830.300524175,-339444.551869297,-346982.035136512,-348255.302441392,354600
-317311.59438087,-323954.386241151,-339560.096469125,-347091.875214253,-348363.900355484,354700
-317439.734287119,-324078.455545588,-339675.626327212,-347201.688895029,-348472.48559681,354800
-317567.855978952,-324202.508445135,-339791.141455537,-347311.490519566,-348581.059707202,354900
-317695.959463946,-324326.544947444,-339907.168323089,-347421.280101523,-348689.622700101,355000
-317824.044749678,-324450.565060171,-340023.240502708,-347531.057654544,-348798.174588933,355100
-317952.111843734,-324574.568790971,-340139.2967422,-347640.925960575,-348906.715387108,355200
-318080.1607537,-324698.556147504,-340255.337055367,-347750.913129563,-349015.245108023,355300
-318208.191487167,-324822.527137431,-340371.361455999,-347860.836806528,-349123.756655308,355400
-318336.204051729,-324946.481768415,-340487.369957881,-347970.437916108,-349232.2520696,355500
-318464.198454984,-325070.420048122,-340603.362574788,-348080.027391291,-349340.736479824,355600
-318592.174704535,-325194.585045379,-340719.255884931,-348189.612465409,-349449.209899257,355700
-318720.132807988,-325318.88640094,-340834.687776151,-348299.35095543,-349557.672341161,355800
-318848.072772951,-325443.170802602,-340949.903412238,-348409.077408781,-349666.123818783,355900
-318975.994607038,-325567.537895588,-341065.071819086,-348518.791839203,-349774.564345358,356000
-319103.898317866,-325692.228672205,-341180.22600985,-348628.494260428,-349882.993934106,356100
-319231.783913054,-325817.53212736,-341295.98667053,-348738.18468617,-349991.412598233,356200
-319359.651400228,-325942.816915365,-341411.843831284,-348847.863130134,-350099.820350932,356300
-319487.500787014,-326068.083046435,-341527.000009568,-348957.529606007,-350208.21720538,356400
-319615.332081043,-326193.330530787,-341642.640489016,-349067.184127467,-350316.603174743,356500
-319743.145289951,-326318.559378636,-341758.265682522,-349176.826708175,-350424.978272171,356600
-319870.940421376,-326443.769600201,-341873.875603063,-349286.457361781,-350533.3425108,356700
-319998.71748296,-326568.708986238,-341989.470263609,-349396.076101921,-350641.695903752,356800
-320126.476482348,-326692.827000851,-342104.880924955,-349505.682942218,-350750.038464138,356900
-320254.217427188,-326816.928144087,-342219.998223263,-349615.27789628,-350858.370205051,357000
-320381.940325135,-326941.012424297,-342335.101232138,-349724.860977704,-350966.691139573,357100
-320509.645183842,-327065.079849836,-342450.189963168,-349834.432200071,-351075.001280772,357200
-320637.332010971,-327189.130429059,-342565.264427935,-349943.991576953,-351183.300641699,357300
-320765.000814183,-327313.164170323,-342680.324638014,-350053.539121903,-351291.589235395,357400
-320892.215009906,-327437.181081987,-342795.370604976,-350163.074848466,-351399.867074886,357500
-321018.887246725,-327561.181172409,-342910.402340384,-350272.59877017,-351508.134173182,357600
-321145.542908795,-327685.164449951,-343025.419855796,-350382.110900532,-351616.390543284,357700
-321272.182002429,-327809.130922978,-343140.423162764,-350491.611253054,-351724.636198174,357800
-321398.804533945,-327933.080599852,-343255.412272834,-350601.099841226,-351832.871150823,357900
-321525.410509664,-328057.01348894,-343370.487619341,-350710.576678524,-351941.095414188,358000
-321651.999935912,-328180.100978458,-343485.584090219,-350820.041778412,-352049.309001212,358100
-321778.572819018,-328302.968530928,-343600.666121235,-350929.495154339,-352157.511924824,358200
-321905.129165316,-328425.820929962,-343715.733724306,-351038.93598355,-352265.704197939,358300
-322030.005047549,-328548.658182289,-343830.786911341,-351148.357077993,-352373.88583346,358400
-322153.649847276,-328671.480294644,-343945.825694243,-351257.766512238,-352482.056844274,358500
-322277.282087705,-328794.287273761,-344060.850084909,-351367.164299637,-352590.217243255,358600
-322400.90177177,-328917.689125602,-344175.860095229,-351476.550453529,-352698.367043264,358700
-322524.50890241,-329041.414117205,-344290.855737087,-351585.892300681,-352806.506257149,358800
-322648.103482569,-329165.12251464,-344405.837022361,-351695.201170981,-352914.634897741,358900
-322771.685515197,-329288.814326166,-344520.80396292,-351804.498586191,-353022.752977861,359000
-322895.255003247,-329412.489560043,-344635.75657063,-351913.784559343,-353130.860510315,359100
-323018.811949682,-329536.148224534,-344750.694857348,-352023.059103458,-353238.951259948,359200
-323142.356357465,-329659.790327902,-344865.618834927,-352132.322231544,-353347.030115462,359300
-323265.888229569,-329783.415878413,-344981.256009958,-352241.573956597,-353455.098481878,359400
-323389.407568969,-329907.024884332,-345096.901684053,-352350.814291599,-353563.156371908,359500
-323512.914378647,-330030.617353929,-345212.531456102,-352460.04324952,-353671.203798251,359600
-323636.40866159,-330154.193295471,-345328.145340408,-352569.260843317,-353779.240773593,359700
-323759.890420789,-330277.752717229,-345443.743351265,-352678.467085936,-353887.267310607,359800
-323883.359659243,-330401.295627475,-345559.325502959,-352787.661990307,-353995.283421951,359900
-324006.838761952,-330524.822034482,-345674.891809764,-352896.845569351,-354103.289120271,360000
-324130.391898969,-330648.331946525,-345790.657817712,-353006.017835974,-354211.284418197,360100
-324256.571707613,-330771.825371878,-345906.441799524,-353115.178803069,-354319.269328349,360200
-324384.985481967,-330895.30231882,-346022.209454578,-353224.32848352,-354427.24386333,360300
-324513.472851738,-331018.762795627,-346137.960797883,-353333.466890194,-354535.208035733,360400
-324641.940380098,-331142.20681058,-346253.695844436,-353442.594035948,-354643.161858136,360500
-324770.388076883,-331265.63437196,-346369.414609224,-353551.709933625,-354751.105343101,360600
-324898.815951933,-331389.047793195,-346485.117107225,-353660.814596056,-354859.038503182,360700
-325027.224015088,-331512.511680148,-346600.803353404,-353769.966525384,-354966.961350914,360800
-325155.61227619,-331635.959031213,-346715.943050015,-353879.189865271,-355074.873898823,360900
-325283.980745083,-331759.389854786,-346830.886210654,-353988.11331999,-355182.776159418,361000
-325412.329431612,-331882.804159261,-346945.814710837,-354097.225871496,-355290.668145198,361100
-325540.658345626,-332006.201953036,-347060.728563126,-354206.327116494,-355398.549868646,361200
-325668.967496972,-332129.583244506,-347175.627780077,-354315.417067988,-355506.49087155,361300
-325797.256895501,-332252.948042071,-347290.512374238,-354424.495738968,-355614.618675953,361400
-325925.526551064,-332376.29635413,-347405.382358151,-354533.563142413,-355722.735517742,361500
-326053.776473515,-332499.202119907,-347520.237744348,-354642.619291287,-355830.841410817,361600
-326182.00667271,-332620.575693015,-347635.078545356,-354751.664198544,-355938.936369063,361700
-326310.217158503,-332741.93578025,-347749.904773692,-354860.697877122,-356047.020406348,361800
-326438.407940754,-332863.282387042,-347864.716441868,-354969.720339948,-356155.093536527,361900
-326566.579029322,-332984.615518822,-347979.513562386,-355078.731599935,-356263.155773435,362000
-326694.730434067,-333106.070539368,-348094.296147744,-355187.731669986,-356371.207130895,362100
-326822.862164852,-333227.529934873,-348209.064210428,-355296.720562987,-356479.247622714,362200
-326950.974231541,-333348.975622328,-348323.817762921,-355405.698291813,-356587.27726268,362300
-327079.066643999,-333470.407607445,-348438.556817694,-355514.664869328,-356695.296064569,362400
-327205.647441014,-333591.825895938,-348553.281387215,-355623.620308381,-356803.30404214,362500
-327331.498751498,-333713.230493524,-348667.991483941,-355732.564621808,-356911.301209136,362600
-327457.333807657,-333835.777913564,-348782.687120323,-355841.497822433,-357019.287579284,362700
-327583.152615992,-333959.712386632,-348897.368308804,-355950.417449325,-357127.263166298,362800
-327708.986596172,-334083.629170433,-349012.035061821,-356059.293291306,-357235.227983872,362900
-327834.80808825,-334207.52827485,-349126.687391801,-356168.15815001,-357343.182045689,363000
-327960.613299429,-334331.409709763,-349241.325311166,-356277.01203804,-357451.125365412,363100
-328086.402236275,-334455.273485055,-349355.948832328,-356385.854967987,-357559.057956693,363200
-328212.174905355,-334579.217255488,-349470.557967693,-356494.686952431,-357666.979833165,363300
-328337.931313244,-334703.212169316,-349585.152729659,-356603.508003936,-357774.891008447,363400
-328463.671466517,-334827.18920046,-349699.733130617,-356712.318135059,-357882.791496141,363500
-328589.395371754,-334951.14835905,-349814.402474925,-356821.117358338,-357990.681309836,363600
-328715.103035537,-335075.089655217,-349929.261893635,-356929.905686304,-358098.560463104,363700
-328840.794464452,-335199.013099089,-350044.106315049,-357038.683131474,-358206.428969501,363800
-328966.469665087,-335322.918700795,-350158.935752563,-357147.519870368,-358314.286842568,363900
-329092.128644037,-335446.806470463,-350273.750219565,-357256.408197977,-358422.134095831,364000
-329217.771407894,-335570.676418222,-350388.391980509,-357365.285332553,-358529.9707428,364100
-329343.39796326,-335694.528554198,-350502.807580704,-357473.979156471,-358637.796796971,364200
-329469.008316735,-335818.362888518,-350617.415585655,-357582.560313373,-358745.612271821,364300
-329594.602474925,-335942.179431309,-350732.009034989,-357691.209798479,-358853.417180817,364400
-329720.180444437,-336065.978192696,-350846.587941481,-357799.945440099,-358961.211537405,364500
-329845.742231884,-336189.759182805,-350961.152317897,-357908.670210225,-359068.99535502,364600
-329971.28784388,-336313.522411759,-351075.702176996,-358017.384121426,-359176.768647079,364700
-330096.817287042,-336437.267889683,-351190.23753153,-358126.087186258,-359284.531426984,364800
-330222.330567992,-336560.390124346,-351304.79224433,-358234.779417266,-359392.283708124,364900
-330347.827693353,-336683.166742724,-351419.643320706,-358343.460826982,-359500.025503869,365000
-330473.308669752,-336805.927178584,-351534.479192123,-358452.131427922,-359607.756827577,365100
-330598.77350382,-336928.671440356,-351649.29987241,-358560.791232595,-359715.477692589,365200
-330724.222202189,-337051.39953647,-351764.105375385,-358669.440253493,-359823.18811223,365300
-330849.654771496,-337174.11147536,-351878.895714858,-358778.078503098,-359930.888099812,365400
-330975.07121838,-337296.807265456,-351993.670904628,-358886.705993878,-360038.57766863,365500
-331100.471549483,-337419.486915191,-352108.430958487,-358995.322738289,-360146.256831964,365600
-331225.85577145,-337542.150433,-352223.175890214,-359103.928748774,-360253.925603079,365700
-331351.22389093,-337664.797827317,-352337.905713583,-359212.524037764,-360361.583995226,365800
-331476.575914575,-337787.429106574,-352452.620442354,-359321.108617678,-360469.232021638,365900
-331601.911849037,-337910.044279209,-352567.320090282,-359429.682500921,-360576.869695536,366000
-331727.231700975,-338032.643353656,-352682.004671109,-359538.245699887,-360684.497030123,366100
-331852.535477048,-338155.226338352,-352796.466896201,-359646.798226956,-360792.114038589,366200
-331977.823183919,-338277.793241733,-352910.675187262,-359755.340094497,-360899.720734107,366300
-332103.094828255,-338400.344072236,-353024.86940246,-359863.94290466,-361007.317129837,366400
-332228.350416725,-338522.8788383,-353139.049554083,-359972.780513776,-361114.879274356,366500
-332353.589956,-338645.397548361,-353253.215654411,-360081.606657957,-361222.009170759,366600
-332478.813452754,-338767.90021086,-353367.367715717,-360190.42135113,-361329.130024648,366700
-332604.020913666,-338890.386834234,-353481.505750265,-360299.224607207,-361436.241846727,366800
-332729.212345416,-339012.857426924,-353595.704518029,-360408.016440086,-361543.344647688,366900
-332854.387754687,-339135.311997368,-353710.098121491,-360516.796863647,-361650.438438208,367000
-332979.547148164,-339257.750554009,-353824.477137695,-360625.565891759,-361757.523228959,367100
-333104.690532538,-339380.173105285,-353938.841579754,-360734.323538273,-361864.599030596,367200
-333229.8179145,-339502.579659639,-354053.191460774,-360843.069817026,-361971.665853768,367300
-333354.929300744,-339624.970225513,-354167.526793851,-360951.804741841,-362078.72370911,367400
-333480.024697967,-339747.344811347,-354281.847592073,-361060.528326525,-362185.772607246,367500
-333605.10411287,-339869.703425584,-354396.153868519,-361169.240584871,-362292.81255879,367600
-333730.167552156,-339992.046076668,-354510.44563626,-361277.941530655,-362399.843574344,367700
-333855.215022529,-340112.856804952,-354624.722908356,-361386.631177641,-362506.865664499,367800
-333980.246530698,-340232.998557815,-354738.985697861,-361495.309539577,-362613.878839836,367900
-334105.262083375,-340353.127688096,-354853.234017819,-361603.976630195,-362720.883110925,368000
-334230.261687273,-340473.244200915,-354967.467881265,-361712.632463213,-362827.878488322,368100
-334355.245349108,-340593.348101394,-355081.556852116,-361821.113452646,-362934.864982576,368200
-334480.2130756,-340713.439394659,-355195.57334371,-361929.583374319,-363041.842604224,368300
-334605.16487347,-340833.518085836,-355309.575823762,-362038.042518007,-363148.811363788,368400
-334730.100749443,-340953.584180054,-355423.564304658,-362146.490896523,-363255.771271786,368500
-334855.020710246,-341073.637682447,-355537.538798776,-362254.928522667,-363362.722338719,368600
-334980.416382893,-341193.678598147,-355651.499318487,-362363.355409223,-363469.664575079,368700
-335106.067443701,-341313.779207393,-355765.445876153,-362471.771568966,-363576.597991349,368800
-335231.701465662,-341433.888852733,-355879.378484127,-362580.177014654,-363683.522597998,368900
-335357.318456634,-341553.985774808,-355993.297154757,-362688.571759033,-363790.438405486,369000
-335482.918424474,-341674.069978924,-356107.201900379,-362796.955814835,-363897.345424261,369100
-335608.501377041,-341794.141470392,-356221.092733323,-362905.32919478,-364004.243664761,369200
-335734.067322197,-341914.200254523,-356334.969665912,-363013.674793653,-364111.133137413,369300
-335859.616267805,-342034.246336631,-356448.83271046,-363121.983363663,-364218.006683682,369400
-335985.148221731,-342154.279722032,-356562.681879272,-363230.281411007,-364324.861530967,369500
-336110.663191842,-342274.300416043,-356676.517184646,-363338.568948134,-364431.707688901,369600
-336236.161186006,-342394.308423985,-356790.338638871,-363446.845987477,-364538.545167775,369700
-336361.642212095,-342514.303751179,-356904.14625423,-363555.112541457,-364645.373977865,369800
-336487.106277982,-342634.286402951,-357017.940042996,-363663.368622481,-364752.194129439,369900
-336612.55339154,-342756.068824199,-357131.720017435,-363771.614242944,-364859.005632755,370000
-336737.983560647,-342878.313913469,-357245.486189803,-363879.84941523,-364965.808498057,370100
-336863.39679318,-343000.542797971,-357359.238572351,-363988.074151706,-365072.979577806,370200
-336988.793097019,-343122.755486663,-357472.97717732,-364096.217851322,-365180.204842152,370300
-337114.172480045,-343244.951988504,-357586.685957537,-364204.237317025,-365287.420296113,370400
-337239.534950143,-343367.136492919,-357700.361639766,-364312.246866419,-365394.625952265,370500
-337364.880515197,-343489.493082177,-357814.023656222,-364420.246510915,-365501.821823171,370600
-337490.209183095,-343611.833219772,-357927.672019001,-364528.236261914,-365609.007921376,370700
-337615.520961724,-343734.156914951,-358041.306740193,-364636.216130804,-365716.184259414,370800
-337740.815858975,-343856.464176959,-358154.92783188,-364744.186128961,-365823.350849803,370900
-337866.09388274,-343978.755015042,-358268.535306136,-364852.146267752,-365930.507705045,371000
-337991.355040913,-344101.029438446,-358382.129175025,-364960.09655853,-366037.65483763,371100
-338116.599341389,-344223.287456414,-358495.709450607,-365068.037012639,-366144.792260032,371200
-338241.826792065,-344345.529078189,-358609.27614493,-365175.967641409,-366251.919984711,371300
-338367.03740084,-344467.754313017,-358722.829270037,-365283.888456162,-366359.038024112,371400
-338492.231175614,-344589.963170137,-358836.368837962,-365391.799468204,-366466.146390667,371500
-338617.408124289,-344712.155658794,-358949.894860731,-365499.700688833,-366573.245096792,371600
-338742.568254768,-344834.331788227,-359063.407350361,-365607.592129335,-366680.334154889,371700
-338867.711574958,-344956.491567678,-359176.906318864,-365715.473800985,-366787.413577345,371800
-338992.838092763,-345078.635006387,-359290.391778241,-365823.345715045,-366894.483376535,371900
-339117.947816094,-345200.773301389,-359403.863740488,-365931.207882768,-367001.543564817,372000
-339243.040752859,-345322.915809413,-359517.32221759,-366039.060315393,-367108.594154535,372100
-339368.116910969,-345445.041953626,-359630.566071474,-366146.90302415,-367215.635158021,372200
-339493.176298339,-345567.151743319,-359743.716198285,-366254.736020256,-367322.666587588,372300
-339618.218922883,-345689.245187783,-359856.813344833,-366362.559314918,-367429.68845554,372400
-339743.244792515,-345811.322296308,-359969.897733588,-366470.372919331,-367536.700774163,372500
-339868.253915155,-345933.383078183,-360082.969375488,-366578.176844678,-367643.703555731,372600
-339993.246298721,-346055.427542697,-360196.028281463,-366685.971102133,-367750.696812501,372700
-340118.221951134,-346177.455699137,-360309.074462438,-366793.755702856,-367857.680556718,372800
-340243.180880315,-346299.46755679,-360422.10792933,-366901.530657997,-367964.654800612,372900
-340368.123094188,-346421.463124942,-360535.128693051,-367009.295978696,-368071.6195564,373000
-340493.048600678,-346543.442412879,-360648.136764503,-367117.051676078,-368178.574836281,373100
-340617.957407711,-346665.405429885,-360761.132154585,-367224.797761261,-368285.520652445,373200
-340742.849523215,-346787.352185244,-360874.114874187,-367332.53424535,-368392.457017064,373300
-340867.72495512,-346909.282688238,-360987.084934192,-367440.261139438,-368499.383942296,373400
-340992.583711355,-347031.196948151,-361100.042345478,-367547.978454607,-368606.301440286,373500
-341117.425799853,-347153.094974262,-361212.987118915,-367655.686201929,-368713.209523166,373600
-341242.251228547,-347274.976775852,-361325.919265366,-367763.494937494,-368820.108203052,373700
-341367.060005372,-347396.842362202,-361438.838795687,-367871.345769057,-368926.997492045,373800
-341491.852138264,-347518.691742588,-361551.74572073,-367979.186641873,-369033.877402234,373900
-341616.627635161,-347640.52492629,-361664.640051336,-368087.017567765,-369140.747945693,374000
-341741.386504,-347762.341922584,-361777.521798343,-368194.838558545,-369247.609134481,374100
-341866.128752723,-347884.142740745,-361890.39097258,-368302.64962601,-369354.460980645,374200
-341990.854389271,-348005.92739005,-362003.24758487,-368410.450781946,-369461.303496217,374300
-342115.563421586,-348127.695879771,-362116.091646029,-368518.242038126,-369568.136693213,374400
-342240.017621784,-348249.448219183,-362228.923166866,-368626.023406312,-369674.941620678,374500
-342363.782353718,-348371.184417557,-362341.742158184,-368733.794898251,-369781.475627133,374600
-342487.531874582,-348492.943946981,-362454.548630779,-368841.556525681,-369888.001127316,374700
-342611.266190975,-348614.772101599,-362567.34259544,-368949.308300324,-369994.518131637,374800
-342734.985309498,-348736.583936317,-362680.124062949,-369057.050233893,-370101.026650495,374900
-342858.689236755,-348858.379460634,-362792.893044081,-369164.782338087,-370207.526694276,375000
-342982.377979349,-348980.158684048,-362905.649549606,-369272.504624592,-370314.018273358,375100
-343106.051543887,-349101.921616059,-363018.393590285,-369380.217105083,-370420.501398104,375200
-343229.70993698,-349223.668266161,-363131.125176874,-369487.919791223,-370526.976078868,375300
-343353.353165237,-349345.39864385,-363243.84432012,-369595.61269466,-370633.442325991,375400
-343476.981235271,-349467.11275862,-363356.551030767,-369703.295827034,-370739.900149804,375500
-343600.594153698,-349588.459066931,-363469.245319547,-369810.969199969,-370846.349560626,375600
-343724.191927134,-349708.143539029,-363581.927197191,-369918.632825078,-370952.790568766,375700
-343847.774562198,-349827.814926214,-363694.596674418,-370026.286713962,-371059.223184519,375800
-343971.342065512,-349947.47323467,-363807.253761943,-370133.93087821,-371165.64741817,375900
-344094.894443698,-350067.118470581,-363919.898470475,-370241.565329398,-371272.063279995,376000
-344218.43170338,-350186.750640135,-364032.530810714,-370349.19007909,-371378.470780255,376100
-344341.953851186,-350306.369749518,-364145.150793355,-370456.805138839,-371484.869929201,376200
-344465.460893744,-350425.975804918,-364257.758429084,-370564.476331239,-371591.260737075,376300
-344588.952837684,-350545.568812525,-364370.353728583,-370672.237953463,-371697.643214104,376400
-344712.42968964,-350665.14877853,-364482.936702525,-370779.989475643,-371804.017370507,376500
-344835.891456245,-350784.715709123,-364595.507361578,-370887.715440182,-371910.383216489,376600
-344959.338144136,-350904.269610498,-364708.065716401,-370995.428026584,-372016.740762247,376700
-345082.769759951,-351023.810488846,-364820.611777649,-371103.13059936,-372123.090017963,376800
-345206.186310329,-351143.338350363,-364933.145555968,-371210.823170735,-372229.43099381,376900
-345329.587801913,-351264.565346914,-365045.667061997,-371318.505752926,-372335.763699951,377000
-345452.974241346,-351386.337956943,-365158.176306371,-371426.178358133,-372442.088146535,377100
-345576.345635274,-351508.093925456,-365270.807399322,-371533.840998544,-372548.404343702,377200
-345699.701990344,-351629.833262565,-365383.457980677,-371641.493686334,-372654.712301579,377300
-345823.043313205,-351751.555978376,-365496.09598043,-371749.136433662,-372761.012030284,377400
-345946.369610508,-351873.262082996,-365608.721409712,-371856.769252678,-372867.303539922,377500
-346069.680888905,-351994.951586529,-365721.334279645,-371964.392155516,-372973.586840587,377600
-346192.977155051,-352116.624499077,-365833.934601345,-372072.005154296,-373079.861942363,377700
-346316.258415603,-352238.280830741,-365946.522385922,-372179.608261126,-373186.128855323,377800
-346439.524677218,-352359.920591618,-366059.186589344,-372287.201488102,-373292.387589527,377900
-346562.775946557,-352481.543791806,-366172.157356738,-372394.784847305,-373398.638155026,378000
-346686.012230279,-352603.150441398,-366285.114737332,-372502.358350802,-373504.880561858,378100
-346809.23353505,-352724.740550487,-366398.058743552,-372609.922010648,-373611.114820051,378200
-346932.439867533,-352846.314129164,-366510.989387817,-372717.475838886,-373717.340939623,378300
-347055.631234395,-352967.871187517,-366623.906682536,-372825.019847542,-373823.558930578,378400
-347178.807642305,-353089.411735632,-366736.810640108,-372932.554048634,-373929.768802913,378500
-347301.969097933,-353210.935783594,-366849.701272924,-373040.078454162,-374035.970566609,378600
-347425.11560795,-353332.572180461,-366962.578593366,-373147.593076115,-374142.164231641,378700
-347548.247179029,-353454.223305789,-367075.442613806,-373255.097926469,-374248.349807969,378800
-347671.363817846,-353575.857711615,-367188.293346609,-373362.495442836,-374354.527305543,378900
-347794.465531077,-353697.491081514,-367301.130804128,-373469.722694845,-374460.696734305,379000
-347917.552325401,-353819.116274432,-367413.95499871,-373576.940897045,-374566.858104182,379100
-348040.624207497,-353940.72473935,-367526.420433116,-373684.150060047,-374673.011425092,379200
-348163.681184048,-354062.31648664,-367638.635283967,-373791.350194449,-374779.156706941,379300
-348286.723261735,-354183.891526672,-367750.838153391,-373898.541310838,-374885.293959625,379400
-348409.750447244,-354305.449869811,-367863.029051826,-374005.723419791,-374991.423193029,379500
-348532.762747261,-354426.991526423,-367975.2079897,-374112.896531873,-375097.544417026,379600
-348655.760168475,-354548.51650687,-368087.374977439,-374220.06065764,-375203.657641479,379700
-348778.742717574,-354670.024821513,-368199.530025457,-374327.215807634,-375309.762876241,379800
-348901.710401249,-354791.516480709,-368311.673144164,-374434.361992388,-375415.860131151,379900
-349024.663226193,-354912.991494814,-368424.097273409,-374541.499222423,-375521.949416041,380000
-349147.601199101,-355034.449874181,-368536.596280475,-374648.627508251,-375628.030740728,380100
-349270.524326667,-355155.891629161,-368649.082591166,-374755.746860371,-375734.104115022,380200
-349393.432615589,-355277.316770102,-368761.556217044,-374862.857289272,-375840.16954872,380300
-349516.326072565,-355398.72530735,-368874.017169663,-374969.957683446,-375946.227051607,380400
-349639.204704296,-355520.11725125,-368986.301062811,-375077.004174338,-376052.276633461,380500
-349762.068517484,-355641.492612142,-369098.450540526,-375184.041894828,-376158.369781542,380600
-349884.917518831,-355762.851400366,-369210.697636872,-375291.070855132,-376264.611839801,380700
-350007.751715042,-355884.193626258,-369323.168232777,-375398.091065454,-376370.935207547,380800
-350130.571112823,-356005.494838989,-369435.626083554,-375505.102535988,-376477.260845226,380900
-350253.375718881,-356125.809104871,-369548.071200906,-375612.105276917,-376583.577752948,381000
-350376.165539925,-356246.108506087,-369660.503596528,-375719.099298414,-376689.885942153,381100
-350498.940582667,-356366.393051077,-369772.923282105,-375826.084610641,-376796.185424267,381200
-350621.700853817,-356486.662748277,-369885.330269315,-375933.06122375,-376902.4762107,381300
-350744.446360088,-356606.917606122,-369997.686506825,-376040.029147883,-377008.758312852,381400
-350867.177108196,-356727.157633047,-370110.026201052,-376146.98839317,-377115.031742106,381500
-350989.893104856,-356847.382837487,-370222.353322578,-376253.938969731,-377221.296509833,381600
-351112.594356785,-356967.593227874,-370334.667882909,-376360.880887678,-377327.55262739,381700
-351235.280870703,-357087.78881264,-370446.969893542,-376467.814157108,-377433.80010612,381800
-351357.952653329,-357207.969600217,-370559.259365965,-376574.738788112,-377540.038957354,381900
-351480.609711385,-357328.135599034,-370671.536311661,-376681.654790769,-377646.269192406,382000
-351603.252051594,-357448.28681752,-370783.800742101,-376788.608392456,-377752.49082258,382100
-351725.879680679,-357568.423264104,-370895.905706733,-376895.632054647,-377858.703859165,382200
-351848.492605366,-357688.544947213,-371007.909594749,-377002.646790215,-377964.908313436,382300
-351971.090832383,-357808.651875272,-371119.901504785,-377109.652609819,-378071.104196654,382400
-352093.674368456,-357928.744056708,-371231.881447525,-377216.649524108,-378177.291520068,382500
-352216.243220315,-358048.821499943,-371343.849433644,-377323.637543717,-378283.470294913,382600
-352338.797394692,-358168.884213402,-371455.805473811,-377430.616679271,-378389.628956798,382700
-352461.336898317,-358288.932205506,-371567.578003145,-377537.586941385,-378495.776814207,382800
-352583.861737924,-358408.965484676,-371679.326852369,-377644.548340661,-378601.916195179,382900
-352706.371920248,-358528.984059333,-371790.95966432,-377751.31018549,-378708.047110819,383000
-352828.867452024,-358648.987937894,-371902.526471854,-377858.032190756,-378814.169572217,383100
-352951.348339989,-358768.977128779,-372014.380158872,-377964.745942528,-378920.283590449,383200
-353073.814590881,-358888.951640403,-372126.222038666,-378071.46442238,-379026.389176578,383300
-353196.26621144,-359008.911481183,-372237.898432066,-378178.422696609,-379132.486341654,383400
-353318.703208407,-359128.856659534,-372349.92071081,-378285.372065327,-379238.575096715,383500
-353441.125588522,-359248.787183868,-372461.958686391,-378392.312539255,-379344.655452782,383600
-353563.53335853,-359368.703062598,-372573.984408726,-378499.244129104,-379450.727420867,383700
-353685.926525173,-359488.604304136,-372685.566524805,-378606.166845575,-379556.791011966,383800
-353808.305095199,-359608.490916891,-372797.098041189,-378713.080699354,-379662.846237063,383900
-353930.669075352,-359728.362909274,-372908.6183451,-378819.985701119,-379768.893107128,384000
-354053.018472381,-359848.220289691,-373020.127446221,-378926.881861534,-379874.931633119,384100
-354175.353293035,-359968.06306655,-373131.625354227,-379033.769191253,-379980.96182598,384200
-354297.673544064,-360087.891248257,-373243.112078787,-379140.647700918,-380086.983696641,384300
-354419.979232218,-360207.704843216,-373354.587629565,-379247.49715116,-380192.997256021,384400
-354542.27036425,-360327.50385983,-373466.052016216,-379354.335886007,-380299.002515023,384500
-354664.546946914,-360447.288306503,-373577.50524839,-379461.165890668,-380404.999484539,384600
-354786.808986963,-360567.058191634,-373688.947335733,-379567.971433656,-380510.988175448,384700
-354909.056491154,-360686.813523623,-373800.378287882,-379674.596457091,-380616.968598615,384800
-355031.289466242,-360806.554310871,-373911.897027678,-379781.213272903,-380722.940764891,384900
-355153.507918986,-360926.2895852,-374023.405965476,-379887.82189062,-380828.904685116,385000
-355275.711856144,-361046.065472485,-374134.903588568,-379994.422319756,-380934.860370116,385100
-355397.901284476,-361165.826732652,-374246.389906873,-380101.014569819,-381040.807830703,385200
-355520.076210744,-361285.573374218,-374357.864930301,-380207.598650304,-381146.747077678,385300
-355642.236641708,-361405.305405697,-374469.328668758,-380314.174570699,-381252.678121827,385400
-355764.382584132,-361525.022835603,-374580.78113214,-380420.74234048,-381358.600973924,385500
-355886.51404478,-361644.725672448,-374692.222330339,-380527.301969114,-381464.515644729,385600
-356008.631030416,-361764.413924743,-374803.652273239,-380633.85346606,-381570.422144991,385700
-356130.733547808,-361884.087600997,-374915.070970719,-380740.396840764,-381676.320485445,385800
-356252.821603721,-362003.746709719,-375026.478432649,-380846.932102665,-381782.210676811,385900
-356374.895204923,-362123.391259416,-375137.874668894,-380953.45926119,-381888.0927298,386000
-356496.954358185,-362243.021258593,-375249.259689312,-381059.978325758,-381993.966655106,386100
-356618.999070275,-362362.636715754,-375360.633503755,-381166.489305778,-382099.832463413,386200
-356741.029347964,-362482.237639402,-375471.996122068,-381272.992210649,-382205.690165392,386300
-356863.045198024,-362601.824038038,-375583.347554089,-381379.48704976,-382311.539771699,386400
-356985.046627229,-362721.395920162,-375694.68780965,-381485.973832491,-382417.381292978,386500
-357107.033642351,-362840.953294273,-375806.016898576,-381592.452568211,-382523.214739862,386600
-357229.006250165,-362960.496168867,-375917.334830686,-381698.92326628,-382629.040122968,386700
-357350.964457448,-363080.024552441,-376028.641615791,-381805.38593605,-382734.857452902,386800
-357472.908270974,-363199.538453488,-376139.937263698,-381911.840586861,-382840.666740258,386900
-357594.837697522,-363319.037880502,-376251.221784204,-382018.287228043,-382946.467995615,387000
-357716.75274387,-363438.522841973,-376362.495187102,-382124.72586892,-383052.261229541,387100
-357838.653416798,-363557.993346392,-376473.757482178,-382231.156518802,-383158.04645259,387200
-357960.539723084,-363677.449402247,-376585.00867921,-382337.579186991,-383263.823675304,387300
-358082.41166951,-363796.891018026,-376696.248787972,-382443.993882781,-383369.592908211,387400
-358204.269262857,-363916.318202214,-376807.477818228,-382550.400615454,-383475.354161829,387500
-358326.112509909,-364035.730963294,-376918.695779739,-382656.799394283,-383581.10744666,387600
-358447.941417449,-364155.12930975,-377029.902682256,-382763.190228533,-383686.852773195,387700
-358569.75599226,-364274.513250063,-377141.098535527,-382869.592924679,-383792.550940853,387800
-358691.556241128,-364393.882792712,-377252.734749426,-382976.251839101,-383898.016256518,387900
-358813.342170839,-364513.237946176,-377364.435028898,-383083.058993736,-384003.466656751,388000
-358935.113788179,-364632.57871893,-377476.123129839,-383189.857062262,-384108.901304572,388100
-359056.871099936,-364751.905119451,-377587.799063778,-383296.646056175,-384214.328826741,388200
-359178.614112899,-364871.217156212,-377699.462842231,-383403.425986957,-384319.74923209,388300
-359300.342833855,-364990.514837685,-377811.11447671,-383510.196866078,-384425.162529445,388400
-359422.057269596,-365109.79817234,-377922.753978716,-383616.958704992,-384530.56872762,388500
-359543.757426911,-365229.067168647,-378034.38135974,-383723.711515142,-384635.967835417,388600
-359665.443312593,-365348.321835073,-378145.996631266,-383830.455307957,-384741.359861633,388700
-359787.114933432,-365467.562180084,-378257.599804767,-383937.190094854,-384846.744815051,388800
-359908.772296223,-365586.788212144,-378369.257920618,-384043.915887234,-384952.122704446,388900
-360030.415407758,-365705.999939716,-378480.986429805,-384150.632696489,-385057.493538582,389000
-360152.044274832,-365825.197371261,-378592.70255723,-384257.340533994,-385162.857326214,389100
-360273.658904239,-365944.38051524,-378704.40631481,-384364.039411112,-385268.214076086,389200
-360395.259302776,-366063.549380109,-378816.097714451,-384470.729339194,-385373.563796934,389300
-360516.845477239,-366182.703974326,-378927.179072422,-384577.410329576,-385478.906497483,389400
-360638.417434424,-366301.844306345,-379038.196645145,-384684.082393584,-385584.217496453,389500
-360759.975181131,-366420.97038462,-379149.203308929,-384790.745542527,-385689.516674973,389600
-360881.518724156,-366540.082217603,-379260.199073461,-384897.399787703,-385794.808939448,389700
-361003.0480703,-366659.179813742,-379371.183948424,-385004.045140396,-385900.094298407,389800
-361124.563226362,-366778.263181487,-379482.157943493,-385110.68161188,-386005.372760369,389900
-361246.064199143,-366897.332329285,-379593.121068337,-385217.309213411,-386110.644333842,390000
-361367.550995442,-367016.387265581,-379704.073332617,-385323.927956235,-386215.909027328,390100
-361488.267934206,-367135.427998818,-379815.01474599,-385430.537851586,-386321.166849316,390200
-361607.383960383,-367254.454537438,-379925.945318103,-385537.138910682,-386426.417808287,390300
-361726.489038496,-367373.466889882,-380036.865058599,-385643.731144729,-386531.661912713,390400
-361848.628111728,-367492.465064587,-380147.773977112,-385750.314564922,-386636.899171056,390500
-361974.795330828,-367611.449069991,-380258.672083273,-385856.669209099,-386742.129591767,390600
-362096.489823962,-367730.418914529,-380369.559386701,-385962.947399725,-386847.35318329,390700
-362217.734666148,-367849.374606635,-380480.435897014,-386069.154816897,-386952.569954058,390800
-362338.965586837,-367968.31615474,-380591.301623819,-386175.354408902,-387057.779912496,390900
-362460.295342996,-368087.243567275,-380702.156576718,-386281.546185027,-387163.082443738,391000
-362581.642476231,-368206.156852668,-380813.000765307,-386387.729076155,-387268.489058322,391100
-362702.981174378,-368325.056019346,-380923.834199174,-386493.904020731,-387373.888304121,391200
-362824.305766538,-368443.941075733,-381034.656887902,-386600.302069082,-387479.133820599,391300
-362945.616259531,-368562.812030254,-381145.468841065,-386706.761012098,-387584.348906783,391400
-363066.912660178,-368681.668891329,-381256.270068233,-386813.211383464,-387689.557123206,391500
-363188.194975298,-368800.511667379,-381367.060578966,-386919.601725802,-387794.758478441,391600
-363309.463211713,-368919.340366822,-381477.840382822,-387025.815022531,-387899.95298105,391700
-363430.717376245,-369038.154998075,-381588.609489347,-387131.891157267,-388005.140639584,391800
-363551.957475718,-369156.955569551,-381699.367908085,-387237.959696523,-388110.321462587,391900
-363673.183516952,-369275.742089664,-381810.115648571,-387344.020649227,-388215.495458591,392000
-363794.395506772,-369394.514566824,-381920.852720333,-387450.074024303,-388320.662636119,392100
-363915.593452002,-369513.273009443,-382031.579132894,-387556.119830663,-388425.823003685,392200
-364036.777359465,-369632.017425926,-382142.294895769,-387662.158077208,-388530.976569794,392300
-364157.947235987,-369750.74782468,-382253.000018466,-387768.188772832,-388636.123342938,392400
-364279.103088392,-369869.584557717,-382363.694510488,-387874.211926419,-388741.263331603,392500
-364400.244923506,-369988.888418253,-382474.589559847,-387980.227546843,-388846.396544263,392600
-364521.372748156,-370108.177275968,-382585.605724371,-388086.235642969,-388951.522989383,392700
-364642.486569166,-370227.451140416,-382696.610558161,-388192.236223654,-389056.642675419,392800
-364763.592837712,-370346.710021148,-382807.604071789,-388298.229297743,-389161.755610816,392900
-364884.688036438,-370465.953927714,-382918.586275815,-388404.214874074,-389266.861804012,393000
-365005.76923773,-370585.18286966,-383029.440412923,-388510.192961474,-389371.961263432,393100
-365126.836448431,-370704.396856531,-383140.18573064,-388616.163568762,-389477.053997494,393200
-365247.889675382,-370823.595897866,-383250.920224548,-388722.126704746,-389582.140014604,393300
-365368.928925428,-370942.206740822,-383361.643904497,-388828.082378228,-389687.219323162,393400
-365489.954205412,-371060.734679442,-383472.356780328,-388934.030597996,-389792.291931554,393500
-365610.965522178,-371179.248780269,-383583.058861878,-389039.971372832,-389897.35784816,393600
-365731.962882569,-371297.749051593,-383693.750158974,-389145.904711509,-390002.417081349,393700
-365852.946293432,-371416.235501706,-383804.430681439,-389251.830622788,-390107.46963948,393800
-365973.915761611,-371534.708138895,-383915.100439087,-389357.749115423,-390212.515530904,393900
-366094.87129395,-371653.166971446,-384025.759441725,-389463.675370437,-390317.55476396,394000
-366215.812897296,-371771.612007645,-384136.407699152,-389569.628271517,-390422.58734698,394100
-366336.740578494,-371890.043255775,-384247.045221161,-389675.573651794,-390527.613288286,394200
-366457.654344391,-372008.460724115,-384357.672017539,-389781.511520224,-390632.632596188,394300
-366578.554201833,-372126.864420947,-384468.288098064,-389887.441885757,-390737.80739212,394400
-366699.440157667,-372245.254354545,-384578.893472507,-389993.364757332,-390843.011238011,394500
-366820.312218739,-372363.630533188,-384689.488150632,-390099.280143876,-390948.207924057,394600
-366941.170391897,-372481.992965148,-384800.072142198,-390205.188054311,-391053.397459646,394700
-367062.014683989,-372600.341658696,-384910.645456954,-390311.088497545,-391158.579854156,394800
-367182.845101863,-372718.676622104,-385021.208104643,-390416.981482478,-391263.755116951,394900
-367303.661652365,-372836.667021008,-385131.760095002,-390523.135806263,-391368.923257385,395000
-367424.464342345,-372954.635937522,-385242.316469921,-390629.310090117,-391474.084284803,395100
-367545.253178651,-373072.527454633,-385353.0250599,-390735.476143764,-391579.238208535,395200
-367666.028168132,-373190.386076393,-385463.722646526,-390841.633977625,-391684.385037901,395300
-367786.789317636,-373308.231697821,-385574.409240065,-390947.783602106,-391789.524782211,395400
-367907.536634013,-373426.064326413,-385685.084850776,-391053.925027603,-391894.657450762,395500
-368028.270124113,-373543.883969664,-385795.749488912,-391160.0582645,-391999.78305284,395600
-368148.989794783,-373661.690635068,-385906.403164714,-391266.183323169,-392104.901597721,395700
-368269.695652875,-373779.484330119,-386017.04588842,-391372.300213968,-392210.013094669,395800
-368390.387705238,-373897.265062307,-386127.677670257,-391478.408947246,-392315.117552936,395900
-368511.065958723,-374015.032839125,-386238.298520446,-391584.509533337,-392420.214981763,396000
-368631.766866368,-374132.787668059,-386348.908449199,-391690.601982565,-392525.305390382,396100
-368752.82359233,-374250.566310324,-386459.507466722,-391796.686305241,-392630.38878801,396200
-368873.865923349,-374369.31199073,-386570.09558321,-391902.762511666,-392735.465183856,396300
-368994.893866901,-374487.067198149,-386680.672808854,-392008.830612125,-392840.534587115,396400
-369115.907430461,-374604.823360493,-386791.199216855,-392114.890616895,-392945.597006975,396500
-369236.906621503,-374722.595809948,-386901.139715296,-392220.942536239,-393050.652452609,396600
-369357.427706518,-374840.355222675,-387011.070607279,-392326.981737239,-393155.700933179,396700
-369477.545672174,-374958.101606302,-387120.99190116,-392433.009300576,-393260.742457839,396800
-369597.650569226,-375076.015257517,-387230.903605287,-392539.028831036,-393365.777035729,396900
-369717.742403865,-375194.006296626,-387340.942508786,-392645.040338792,-393470.804675979,397000
-369837.821182283,-375311.983886398,-387451.400301007,-392750.967366975,-393575.825387707,397100
-369957.886910671,-375429.948034946,-387562.082814108,-392856.731480035,-393680.839180022,397200
-370078.338064598,-375547.898750381,-387672.754108016,-392962.47451353,-393785.846062019,397300
-370198.779388211,-375665.836040812,-387783.4141935,-393068.20322201,-393890.846042784,397400
-370319.207082754,-375783.759914347,-387894.06308132,-393173.924638193,-393995.839131391,397500
-370439.621155011,-375901.670379091,-388004.700782225,-393279.638770849,-394100.825336905,397600
-370560.051592742,-376019.567443148,-388115.327306959,-393385.345628739,-394205.804668376,397700
-370680.473942517,-376137.451114618,-388225.942666256,-393491.045220613,-394310.777134847,397800
-370800.882637179,-376255.321401602,-388336.546870842,-393596.737555215,-394415.742745348,397900
-370921.277683565,-376373.178312196,-388447.139931432,-393702.422641276,-394520.701508898,398000
-371041.659088513,-376491.021854498,-388557.721858735,-393808.100487517,-394625.653434506,398100
-371162.026858861,-376608.8520366,-388668.292663452,-393913.771102654,-394730.598531168,398200
-371282.381001447,-376726.668866595,-388778.852356273,-394019.434495388,-394835.536807871,398300
-371402.930188823,-376844.472352572,-388889.400947881,-394125.090674415,-394940.468273591,398400
-371523.494311477,-376962.284544112,-388999.938448951,-394230.739648419,-395045.392937292,398500
-371644.044467426,-377080.157559935,-389110.464870148,-394336.381426075,-395150.310807928,398600
-371764.580663869,-377198.017095567,-389220.966445546,-394442.016016048,-395255.221894441,398700
-371885.102908009,-377315.863159272,-389331.285327639,-394547.643426995,-395360.126205763,398800
-372005.611207047,-377433.695759314,-389441.593571112,-394653.263667563,-395465.023750816,398900
-372126.105568183,-377551.514903952,-389551.891185953,-394758.876746388,-395569.914538508,399000
-372246.585998618,-377669.320601445,-389662.178182145,-394864.482672099,-395674.798577739,399100
-372367.052505552,-377787.112860049,-389772.45456966,-394970.081453315,-395779.675877398,399200
-372487.505096185,-377904.891688018,-389882.720358464,-395075.673098643,-395884.546446361,399300
-372607.943777717,-378022.897528991,-389992.905943214,-395181.257616685,-395989.410293496,399400
-372728.368557347,-378141.147810789,-390102.956994109,-395286.835016029,-396094.267427658,399500
-372848.779442273,-378259.383847261,-390212.997888152,-395392.405305257,-396199.117857692,399600
-372969.176439696,-378377.605647621,-390323.028634656,-395497.968492941,-396303.961592432,399700
-373089.559556812,-378495.813221077,-390433.049242928,-395603.524587642,-396408.798640702,399800
-373209.928800821,-378614.028884251,-390543.059722268,-395709.073597912,-396513.629011314,399900
-373330.284178919,-378732.265397707,-390653.060081968,-395814.615532296,-396618.45271307,4e+05
-373450.625698304,-378850.487615322,-390763.050331316,-395920.150399328,-396723.269754761,400100
