"oy_0.9","oy_0.8","oy_0.7","of_0.9","of_0.8","of_0.7","or_0.9","or_0.8","or_0.7","Escapement"
0,0,0,1,1,1,0,0,0,0
0,0,0,1,1,1,0,0,0,100
0,0,0,1,1,1,0,0,0,200
0,0,0,1,1,1,0,0,0,300
0,0,0,1,1,1,0,0,0,400
0,0,0,1,1,1,0,0,0,500
0,0,0,1,1,1,0,0,0,600
0,0,0,1,1,1,0,0,0,700
0,0,0,1,1,1,0,0,0,800
0,0,0,1,1,1,0,0,0,900
0,0,0,1,1,1,0,0,0,1000
0,0,0,1,1,1,0,0,0,1100
0,0,0,1,1,1,0,0,0,1200
0,0,0,1,1,1,0,0,0,1300
0,0,0,1,1,1,0,0,0,1400
0,0,0,1,1,1,0,0,0,1500
0,0,0,1,1,1,0,0,0,1600
0,0,0,1,1,1,0,0,0,1700
0,0,0,1,1,1,0,0,0,1800
0,0,0,1,1,1,0,0,0,1900
0,0,0,1,1,1,0,0,0,2000
0,0,0,1,1,1,0,0,0,2100
0,0,0,1,1,1,0,0,0,2200
0,0,0,1,1,1,0,0,0,2300
0,0,0,1,1,1,0,0,0,2400
0,0,0,1,1,1,0,0,0,2500
0,0,0,1,1,1,0,0,0,2600
0,0,0,1,1,1,0,0,0,2700
0,0,0,1,1,1,0,0,0,2800
0,0,0,1,1,1,0,0,0,2900
0,0,0,1,1,1,0,0,0,3000
0,0,0,1,1,1,0,0,0,3100
0,0,0,1,1,1,0,0,0,3200
0,0,0,1,1,1,0,0,0,3300
0,0,0,1,1,1,0,0,0,3400
0,0,0,1,1,1,0,0,0,3500
0,0,0,1,1,1,0,0,0,3600
0,0,0,1,1,1,0,0,0,3700
0,0,0,1,1,1,0,0,0,3800
0,0,0,1,1,1,0,0,0,3900
0,0,0,1,1,1,0,0,0,4000
0,0,0,1,1,1,0,0,0,4100
0,0,0,1,1,1,0,0,0,4200
0,0,0,1,1,1,0,0,0,4300
0,0,0,1,1,1,0,0,0,4400
0,0,0,1,1,1,0,0,0,4500
0,0,0,1,1,1,0,0,0,4600
0,0,0,1,1,1,0,0,0,4700
0,0,0,1,1,1,0,0,0,4800
0,0,0,1,1,1,0,0,0,4900
0,0,0,1,1,1,0,0,0,5000
0,0,0,1,1,1,0,0,0,5100
0,0,0,1,1,1,0,0,0,5200
0,0,0,1,1,1,0,0,0,5300
0,0,0,1,1,1,0,0,0,5400
0,0,0,1,1,1,0,0,0,5500
0,0,0,1,1,1,0,0,0,5600
0,0,0,1,1,1,0,0,0,5700
0,0,0,1,1,1,0,0,0,5800
0,0,0,1,1,1,0,0,0,5900
0,0,0,1,1,1,0,0,0,6000
0,0,0,1,1,1,0,0,0,6100
0,0,0,1,1,1,0,0,0,6200
0,0,0,1,1,1,0,0,0,6300
0,0,0,1,1,1,0,0,0,6400
0,0,0,1,1,1,0,0,0,6500
0,0,0,1,1,1,0,0,0,6600
0,0,0,1,1,1,0,0,0,6700
0,0,0,1,1,1,0,0,0,6800
0,0,0,1,1,1,0,0,0,6900
0,0,0,1,1,1,0,0,0,7000
0,0,0,1,1,1,0,0,0,7100
0,0,0,1,1,1,0,0,0,7200
0,0,0,1,1,1,0,0,0,7300
0,0,0,1,1,1,0,0,0,7400
0,0,0,1,1,1,0,0,0,7500
0,0,0,1,1,1,0,0,0,7600
0,0,0,1,1,1,0,0,0,7700
0,0,0,1,1,1,0,0,0,7800
0,0,0,1,1,1,0,0,0,7900
0,0,0,1,1,1,0,0,0,8000
0,0,0,1,1,1,0,0,0,8100
0,0,0,1,1,1,0,0,0,8200
0,0,0,1,1,1,0,0,0,8300
0,0,0,1,1,1,0,0,0,8400
0,0,0,1,1,1,0,0,0,8500
0,0,0,1,1,1,0,0,0,8600
0,0,0,1,1,1,0,0,0,8700
0,0,0,1,1,1,0,0,0,8800
0,0,0,1,1,1,0,0,0,8900
0,0,0,1,1,1,0,0,0,9000
0,0,0,1,1,1,0,0,0,9100
0,0,0,1,1,1,0,0,0,9200
0,0,0,1,1,1,0,0,0,9300
0,0,0,1,1,1,0,0,0,9400
0,0,0,1,1,1,0,0,0,9500
0,0,0,1,1,1,0,0,0,9600
0,0,0,1,1,1,0,0,0,9700
0,0,0,1,1,1,0,0,0,9800
0,0,0,1,1,1,0,0,0,9900
0,0,0,1,1,1,0,0,0,10000
0,0,0,1,1,1,0,0,0,10100
0,0,0,1,1,1,0,0,0,10200
0,0,0,1,1,1,0,0,0,10300
0,0,0,1,1,1,0,0,0,10400
0,0,0,1,1,1,0,0,0,10500
0,0,0,1,1,1,0,0,0,10600
0,0,0,1,1,1,0,0,0,10700
0,0,0,1,1,1,0,0,0,10800
0,0,0,1,1,1,0,0,0,10900
0,0,0,1,1,1,0,0,0,11000
0,0,0,1,1,1,0,0,0,11100
0,0,0,1,1,1,0,0,0,11200
0,0,0,1,1,1,0,0,0,11300
0,0,0,1,1,1,0,0,0,11400
0,0,0,1,1,1,0,0,0,11500
0,0,0,1,1,1,0,0,0,11600
0,0,0,1,1,1,0,0,0,11700
0,0,0,1,1,1,0,0,0,11800
0,0,0,1,1,1,0,0,0,11900
0,0,0,1,1,1,0,0,0,12000
0,0,0,1,1,1,0,0,0,12100
0,0,0,1,1,1,0,0,0,12200
0,0,0,1,1,1,0,0,0,12300
0,0,0,1,1,1,0,0,0,12400
0,0,0,1,1,1,0,0,0,12500
0,0,0,1,1,1,0,0,0,12600
0,0,0,1,1,1,0,0,0,12700
0,0,0,1,1,1,0,0,0,12800
0,0,0,1,1,1,0,0,0,12900
0,0,0,1,1,1,0,0,0,13000
0,0,0,1,1,1,0,0,0,13100
0,0,0,1,1,1,0,0,0,13200
0,0,0,1,1,1,0,0,0,13300
0,0,0,1,1,1,0,0,0,13400
0,0,0,1,1,1,0,0,0,13500
0,0,0,1,1,1,0,0,0,13600
0,0,0,1,1,1,0,0,0,13700
0,0,0,1,1,1,0,0,0,13800
0,0,0,1,1,1,0,0,0,13900
0,0,0,1,1,1,0,0,0,14000
0,0,0,1,1,1,0,0,0,14100
0,0,0,1,1,1,0,0,0,14200
0,0,0.000166666666666667,1,1,0.999833333333333,0,0,0,14300
0,0,0.000166666666666667,1,1,0.999833333333333,0,0,0,14400
0,0,5e-04,1,1,0.9995,0,0,0,14500
0,0,5e-04,1,1,0.9995,0,0,0,14600
0,0,5e-04,1,1,0.9995,0,0,0,14700
0,0,0.000833333333333333,1,1,0.999166666666667,0,0,0,14800
0,0,0.001,1,1,0.999,0,0,0,14900
0,0,0.00183333333333333,1,1,0.998166666666667,0,0,0,15000
0,0,0.002,1,1,0.998,0,0,0,15100
0,0,0.00283333333333333,1,1,0.997166666666667,0,0,0,15200
0,0,0.00333333333333333,1,1,0.996666666666667,0,0,0,15300
0,0,0.00516666666666667,1,1,0.994833333333333,0,0,0,15400
0,0,0.00616666666666667,1,1,0.993833333333333,0,0,0,15500
0,0,0.008,1,1,0.992,0,0,0,15600
0,0,0.0101666666666667,1,1,0.989833333333333,0,0,0,15700
0,0,0.0131666666666667,1,1,0.986833333333333,0,0,0,15800
0,0,0.0165,1,1,0.9835,0,0,0,15900
0,0,0.02,1,1,0.98,0,0,0,16000
0,0,0.0246666666666667,1,1,0.975333333333333,0,0,0,16100
0,0,0.0288333333333333,1,1,0.971166666666667,0,0,0,16200
0,0,0.0331666666666667,1,1,0.966833333333333,0,0,0,16300
0,0,0.0386666666666667,1,1,0.961333333333333,0,0,0,16400
0,0,0.0458333333333333,1,1,0.954166666666667,0,0,0,16500
0,0,0.0568333333333333,1,1,0.943166666666667,0,0,0,16600
0,0,0.0671666666666667,1,1,0.932833333333333,0,0,0,16700
0,0,0.0788333333333333,1,1,0.921166666666667,0,0,0,16800
0,0,0.0918333333333333,1,1,0.908166666666667,0,0,0,16900
0,0,0.105,1,1,0.895,0,0,0,17000
0,0,0.1205,1,1,0.8795,0,0,0,17100
0,0,0.137166666666667,1,1,0.862833333333333,0,0,0,17200
0,0,0.152666666666667,1,1,0.847333333333333,0,0,0,17300
0,0,0.168,1,1,0.832,0,0,0,17400
0,0,0.186333333333333,1,1,0.813666666666667,0,0,0,17500
0,0,0.2075,1,1,0.7925,0,0,0.000166666666666667,17600
0,0.000166666666666667,0.2305,1,0.999833333333333,0.7695,0,0,0.000166666666666667,17700
0,0.000166666666666667,0.2545,1,0.999833333333333,0.7455,0,0,0.000166666666666667,17800
0,0.000166666666666667,0.274666666666667,1,0.999833333333333,0.725333333333333,0,0,0.000166666666666667,17900
0,0.000333333333333333,0.297,1,0.999666666666667,0.703,0,0,0.000166666666666667,18000
0,5e-04,0.323666666666667,1,0.9995,0.676333333333333,0,0,0.000166666666666667,18100
0,5e-04,0.347166666666667,1,0.9995,0.652833333333333,0,0,0.000166666666666667,18200
0,5e-04,0.371833333333333,1,0.9995,0.628166666666667,0,0,0.000166666666666667,18300
0,0.000666666666666667,0.3905,1,0.999333333333333,0.6095,0,0,0.000166666666666667,18400
0,0.000833333333333333,0.414666666666667,1,0.999166666666667,0.585333333333333,0,0,0.000166666666666667,18500
0,0.00116666666666667,0.441333333333333,1,0.998833333333333,0.558666666666667,0,0,0.000166666666666667,18600
0,0.00183333333333333,0.465833333333333,1,0.998166666666667,0.534166666666667,0,0,0.000166666666666667,18700
0,0.00183333333333333,0.489333333333333,1,0.998166666666667,0.510666666666667,0,0,0.000166666666666667,18800
0,0.002,0.513833333333333,1,0.998,0.486166666666667,0,0,0.000166666666666667,18900
0,0.003,0.5385,1,0.997,0.4615,0,0,0.000333333333333333,19000
0,0.00366666666666667,0.556166666666667,1,0.996333333333333,0.443833333333333,0,0,5e-04,19100
0,0.00516666666666667,0.577,1,0.994833333333333,0.423,0,0,0.000833333333333333,19200
0,0.00633333333333333,0.599833333333333,1,0.993666666666667,0.400166666666667,0,0,0.001,19300
0,0.00733333333333333,0.623166666666667,1,0.992666666666667,0.376833333333333,0,0,0.00116666666666667,19400
0,0.00933333333333333,0.642833333333333,1,0.990666666666667,0.357166666666667,0,0,0.00116666666666667,19500
0,0.0105,0.664833333333333,1,0.9895,0.335166666666667,0,0,0.00166666666666667,19600
0,0.0136666666666667,0.6865,1,0.986333333333333,0.3135,0,0,0.002,19700
0,0.0158333333333333,0.703666666666667,1,0.984166666666667,0.296333333333333,0,0,0.002,19800
0,0.0188333333333333,0.721166666666667,1,0.981166666666667,0.278833333333333,0,0,0.00233333333333333,19900
0,0.0223333333333333,0.739833333333333,1,0.977666666666667,0.260166666666667,0,0,0.00266666666666667,20000
0,0.026,0.754,1,0.974,0.246,0,0,0.00316666666666667,20100
0,0.0291666666666667,0.769166666666667,1,0.970833333333333,0.230833333333333,0,0,0.00383333333333333,20200
0,0.0325,0.781333333333333,1,0.9675,0.218666666666667,0,0,0.00383333333333333,20300
0,0.038,0.795333333333333,1,0.962,0.204666666666667,0,0,0.00433333333333333,20400
0,0.0423333333333333,0.806833333333333,1,0.957666666666667,0.193166666666667,0,0,0.005,20500
0,0.0491666666666667,0.817666666666667,1,0.950833333333333,0.182333333333333,0,0,0.00516666666666667,20600
0,0.0585,0.829833333333333,1,0.9415,0.170166666666667,0,0,0.006,20700
0,0.0663333333333333,0.840166666666667,1,0.933666666666667,0.159833333333333,0,0,0.00716666666666667,20800
0,0.0748333333333333,0.851666666666667,1,0.925166666666667,0.148333333333333,0,0,0.00833333333333333,20900
0,0.0861666666666667,0.862666666666667,1,0.913833333333333,0.137333333333333,0,0,0.009,21000
0,0.097,0.870333333333333,1,0.903,0.129666666666667,0,0,0.0095,21100
0,0.108,0.879666666666667,1,0.892,0.120333333333333,0,0,0.0103333333333333,21200
0,0.121333333333333,0.887833333333333,1,0.878666666666667,0.112166666666667,0,0,0.0113333333333333,21300
0,0.134833333333333,0.894666666666667,1,0.865166666666667,0.105333333333333,0,0,0.0133333333333333,21400
0,0.148833333333333,0.901,1,0.851166666666667,0.099,0,0,0.015,21500
0,0.161,0.908666666666667,1,0.839,0.0913333333333333,0,0,0.0175,21600
0,0.173166666666667,0.914833333333333,1,0.826833333333333,0.0851666666666667,0,0,0.0193333333333333,21700
0,0.189,0.921833333333333,1,0.811,0.0781666666666667,0,0,0.0215,21800
0,0.206333333333333,0.925666666666667,1,0.793666666666667,0.0743333333333333,0,0,0.0228333333333333,21900
0,0.224666666666667,0.931166666666667,1,0.775333333333333,0.0688333333333333,0,0,0.0243333333333333,22000
0,0.243333333333333,0.936333333333333,1,0.756666666666667,0.0636666666666667,0,0,0.0276666666666667,22100
0,0.261166666666667,0.941833333333333,1,0.738833333333333,0.0581666666666667,0,0.000166666666666667,0.0308333333333333,22200
0,0.278833333333333,0.946166666666667,1,0.721166666666667,0.0538333333333333,0,0.000166666666666667,0.0336666666666667,22300
0.000166666666666667,0.298833333333333,0.949166666666667,0.999833333333333,0.701166666666667,0.0508333333333333,0,0.000166666666666667,0.0375,22400
0.000166666666666667,0.3195,0.951666666666667,0.999833333333333,0.6805,0.0483333333333333,0,0.000166666666666667,0.0413333333333333,22500
0.000166666666666667,0.337833333333333,0.9545,0.999833333333333,0.662166666666667,0.0455,0,0.000166666666666667,0.0445,22600
0.000166666666666667,0.358833333333333,0.958333333333333,0.999833333333333,0.641166666666667,0.0416666666666667,0,0.000166666666666667,0.0468333333333333,22700
0.000333333333333333,0.376333333333333,0.962,0.999666666666667,0.623666666666667,0.038,0,0.000166666666666667,0.0505,22800
0.000333333333333333,0.3915,0.964666666666667,0.999666666666667,0.6085,0.0353333333333333,0,0.000166666666666667,0.055,22900
5e-04,0.411833333333333,0.966166666666667,0.9995,0.588166666666667,0.0338333333333333,0,0.000166666666666667,0.0595,23000
5e-04,0.4335,0.9675,0.9995,0.5665,0.0325,0,0.000166666666666667,0.0651666666666667,23100
5e-04,0.4545,0.969166666666667,0.9995,0.5455,0.0308333333333333,0,0.000166666666666667,0.0705,23200
0.000666666666666667,0.473333333333333,0.970833333333333,0.999333333333333,0.526666666666667,0.0291666666666667,0,0.000166666666666667,0.0756666666666667,23300
0.000666666666666667,0.494666666666667,0.973333333333333,0.999333333333333,0.505333333333333,0.0266666666666667,0,0.000166666666666667,0.081,23400
0.000833333333333333,0.513,0.974833333333333,0.999166666666667,0.487,0.0251666666666667,0,0.000166666666666667,0.0856666666666667,23500
0.000833333333333333,0.532166666666667,0.9765,0.999166666666667,0.467833333333333,0.0235,0,0.000166666666666667,0.0926666666666667,23600
0.0015,0.546833333333333,0.978166666666667,0.9985,0.453166666666667,0.0218333333333333,0,0.000166666666666667,0.0988333333333333,23700
0.00183333333333333,0.565166666666667,0.979,0.998166666666667,0.434833333333333,0.021,0,0.000166666666666667,0.104333333333333,23800
0.00183333333333333,0.582833333333333,0.979833333333333,0.998166666666667,0.417166666666667,0.0201666666666667,0,0.000333333333333333,0.112166666666667,23900
0.002,0.600666666666667,0.981,0.998,0.399333333333333,0.019,0,5e-04,0.1195,24000
0.0025,0.619166666666667,0.982333333333333,0.9975,0.380833333333333,0.0176666666666667,0,5e-04,0.1255,24100
0.003,0.636,0.983333333333333,0.997,0.364,0.0166666666666667,0,0.000833333333333333,0.1335,24200
0.004,0.6525,0.983833333333333,0.996,0.3475,0.0161666666666667,0,0.001,0.141333333333333,24300
0.00533333333333333,0.67,0.9845,0.994666666666667,0.33,0.0155,0,0.00116666666666667,0.147,24400
0.006,0.687833333333333,0.9855,0.994,0.312166666666667,0.0145,0,0.00116666666666667,0.1565,24500
0.00716666666666667,0.702666666666667,0.986333333333333,0.992833333333333,0.297333333333333,0.0136666666666667,0,0.00133333333333333,0.164333333333333,24600
0.00866666666666667,0.715333333333333,0.986833333333333,0.991333333333333,0.284666666666667,0.0131666666666667,0,0.00166666666666667,0.173666666666667,24700
0.00966666666666667,0.733,0.987666666666667,0.990333333333333,0.267,0.0123333333333333,0,0.002,0.181166666666667,24800
0.011,0.744666666666667,0.9885,0.989,0.255333333333333,0.0115,0,0.002,0.1885,24900
0.0135,0.757333333333333,0.989,0.9865,0.242666666666667,0.011,0,0.00216666666666667,0.1965,25000
0.0151666666666667,0.768333333333333,0.9895,0.984833333333333,0.231666666666667,0.0105,0,0.00233333333333333,0.206666666666667,25100
0.0175,0.778833333333333,0.9895,0.9825,0.221166666666667,0.0105,0,0.00266666666666667,0.214166666666667,25200
0.0198333333333333,0.791333333333333,0.989833333333333,0.980166666666667,0.208666666666667,0.0101666666666667,0,0.00316666666666667,0.221166666666667,25300
0.0218333333333333,0.800833333333333,0.9905,0.978166666666667,0.199166666666667,0.0095,0,0.00333333333333333,0.230333333333333,25400
0.0248333333333333,0.809,0.991166666666667,0.975166666666667,0.191,0.00883333333333333,0,0.00383333333333333,0.239166666666667,25500
0.0285,0.818166666666667,0.991666666666667,0.9715,0.181833333333333,0.00833333333333333,0,0.004,0.249,25600
0.0306666666666667,0.827666666666667,0.9925,0.969333333333333,0.172333333333333,0.0075,0,0.00433333333333333,0.258166666666667,25700
0.0338333333333333,0.835666666666667,0.992666666666667,0.966166666666667,0.164333333333333,0.00733333333333333,0,0.0045,0.267666666666667,25800
0.0383333333333333,0.845166666666667,0.993,0.961666666666667,0.154833333333333,0.007,0,0.005,0.278666666666667,25900
0.042,0.854833333333333,0.9935,0.958,0.145166666666667,0.0065,0,0.00516666666666667,0.2885,26000
0.047,0.862666666666667,0.994333333333333,0.953,0.137333333333333,0.00566666666666667,0,0.00616666666666667,0.298333333333333,26100
0.0538333333333333,0.869833333333333,0.9945,0.946166666666667,0.130166666666667,0.0055,0,0.00716666666666667,0.3095,26200
0.0596666666666667,0.878166666666667,0.995166666666667,0.940333333333333,0.121833333333333,0.00483333333333333,0,0.00816666666666667,0.318166666666667,26300
0.0665,0.883333333333333,0.995166666666667,0.9335,0.116666666666667,0.00483333333333333,0,0.009,0.326666666666667,26400
0.0736666666666667,0.889166666666667,0.995666666666667,0.926333333333333,0.110833333333333,0.00433333333333333,0,0.0095,0.336,26500
0.0816666666666667,0.895,0.996166666666667,0.918333333333333,0.105,0.00383333333333333,0,0.0095,0.346666666666667,26600
0.0903333333333333,0.900666666666667,0.996166666666667,0.909666666666667,0.0993333333333333,0.00383333333333333,0,0.0103333333333333,0.357,26700
0.0996666666666667,0.9075,0.9965,0.900333333333333,0.0925,0.0035,0,0.0113333333333333,0.365333333333333,26800
0.108666666666667,0.9125,0.996666666666667,0.891333333333333,0.0875,0.00333333333333333,0,0.0125,0.374666666666667,26900
0.118833333333333,0.918666666666667,0.996666666666667,0.881166666666667,0.0813333333333333,0.00333333333333333,0,0.0138333333333333,0.386,27000
0.129666666666667,0.9225,0.996833333333333,0.870333333333333,0.0775,0.00316666666666667,0,0.0156666666666667,0.3975,27100
0.141666666666667,0.926833333333333,0.997,0.858333333333333,0.0731666666666667,0.003,0,0.0175,0.408833333333333,27200
0.150833333333333,0.930833333333333,0.997166666666667,0.849166666666667,0.0691666666666667,0.00283333333333333,0,0.019,0.418666666666667,27300
0.1615,0.934833333333333,0.997166666666667,0.8385,0.0651666666666667,0.00283333333333333,0,0.0206666666666667,0.429333333333333,27400
0.171,0.9385,0.997166666666667,0.829,0.0615,0.00283333333333333,0,0.0221666666666667,0.438666666666667,27500
0.184833333333333,0.943833333333333,0.997333333333333,0.815166666666667,0.0561666666666667,0.00266666666666667,0,0.023,0.446666666666667,27600
0.195833333333333,0.946333333333333,0.997833333333333,0.804166666666667,0.0536666666666667,0.00216666666666667,0,0.0243333333333333,0.4575,27700
0.211,0.949,0.997833333333333,0.789,0.051,0.00216666666666667,0,0.0268333333333333,0.466666666666667,27800
0.224833333333333,0.950833333333333,0.998,0.775166666666667,0.0491666666666667,0.002,0,0.0296666666666667,0.476,27900
0.240666666666667,0.953333333333333,0.998333333333333,0.759333333333333,0.0466666666666667,0.00166666666666667,0,0.0313333333333333,0.485833333333333,28000
0.2565,0.955666666666667,0.9985,0.7435,0.0443333333333333,0.0015,0,0.034,0.496333333333333,28100
0.270166666666667,0.958666666666667,0.9985,0.729833333333333,0.0413333333333333,0.0015,0,0.037,0.508,28200
0.284833333333333,0.961833333333333,0.9985,0.715166666666667,0.0381666666666667,0.0015,0,0.0401666666666667,0.517333333333333,28300
0.3015,0.964333333333333,0.9985,0.6985,0.0356666666666667,0.0015,0,0.0421666666666667,0.527833333333333,28400
0.318166666666667,0.965666666666667,0.998666666666667,0.681833333333333,0.0343333333333333,0.00133333333333333,0,0.0451666666666667,0.535666666666667,28500
0.332166666666667,0.966666666666667,0.998666666666667,0.667833333333333,0.0333333333333333,0.00133333333333333,0.000166666666666667,0.0473333333333333,0.544666666666667,28600
0.347833333333333,0.967833333333333,0.998833333333333,0.652166666666667,0.0321666666666667,0.00116666666666667,0.000166666666666667,0.0501666666666667,0.555,28700
0.363666666666667,0.969333333333333,0.999,0.636333333333333,0.0306666666666667,0.001,0.000166666666666667,0.053,0.565666666666667,28800
0.377166666666667,0.970833333333333,0.999,0.622833333333333,0.0291666666666667,0.001,0.000166666666666667,0.0566666666666667,0.574833333333333,28900
0.390166666666667,0.972666666666667,0.999,0.609833333333333,0.0273333333333333,0.001,0.000166666666666667,0.061,0.582166666666667,29000
0.406666666666667,0.974333333333333,0.999,0.593333333333333,0.0256666666666667,0.001,0.000166666666666667,0.0655,0.591166666666667,29100
0.422,0.975166666666667,0.999,0.578,0.0248333333333333,0.001,0.000166666666666667,0.0698333333333333,0.600666666666667,29200
0.440833333333333,0.976,0.999,0.559166666666667,0.024,0.001,0.000166666666666667,0.0736666666666667,0.610166666666667,29300
0.455,0.977666666666667,0.999,0.545,0.0223333333333333,0.001,0.000166666666666667,0.077,0.618166666666667,29400
0.474166666666667,0.978666666666667,0.999,0.525833333333333,0.0213333333333333,0.001,0.000166666666666667,0.0821666666666667,0.629,29500
0.489333333333333,0.979666666666667,0.999166666666667,0.510666666666667,0.0203333333333333,0.000833333333333333,0.000166666666666667,0.0856666666666667,0.638833333333333,29600
0.504166666666667,0.9805,0.999333333333333,0.495833333333333,0.0195,0.000666666666666667,0.000166666666666667,0.0911666666666667,0.647833333333333,29700
0.518166666666667,0.981333333333333,0.999333333333333,0.481833333333333,0.0186666666666667,0.000666666666666667,0.000166666666666667,0.0956666666666667,0.657333333333333,29800
0.5335,0.982666666666667,0.999666666666667,0.4665,0.0173333333333333,0.000333333333333333,0.000166666666666667,0.100833333333333,0.665666666666667,29900
0.546166666666667,0.983,0.999666666666667,0.453833333333333,0.017,0.000333333333333333,0.000166666666666667,0.105333333333333,0.672,30000
0.561166666666667,0.9835,0.999666666666667,0.438833333333333,0.0165,0.000333333333333333,0.000166666666666667,0.112166666666667,0.679166666666667,30100
0.575,0.984166666666667,0.999666666666667,0.425,0.0158333333333333,0.000333333333333333,0.000166666666666667,0.118,0.686333333333333,30200
0.589666666666667,0.9845,0.999666666666667,0.410333333333333,0.0155,0.000333333333333333,0.000166666666666667,0.123,0.694333333333333,30300
0.6045,0.985333333333333,0.999666666666667,0.3955,0.0146666666666667,0.000333333333333333,0.000166666666666667,0.129,0.702833333333333,30400
0.618,0.986,0.999666666666667,0.382,0.014,0.000333333333333333,0.000166666666666667,0.135,0.7085,30500
0.631166666666667,0.986833333333333,0.999666666666667,0.368833333333333,0.0131666666666667,0.000333333333333333,0.000166666666666667,0.141166666666667,0.713833333333333,30600
0.643833333333333,0.987,0.999666666666667,0.356166666666667,0.013,0.000333333333333333,0.000166666666666667,0.146166666666667,0.720833333333333,30700
0.658333333333333,0.987833333333333,0.999666666666667,0.341666666666667,0.0121666666666667,0.000333333333333333,0.000333333333333333,0.152333333333333,0.725666666666667,30800
0.6725,0.9885,0.999666666666667,0.3275,0.0115,0.000333333333333333,0.000333333333333333,0.158333333333333,0.7315,30900
0.6875,0.988833333333333,0.999666666666667,0.3125,0.0111666666666667,0.000333333333333333,5e-04,0.165166666666667,0.7375,31000
0.699833333333333,0.989166666666667,0.999666666666667,0.300166666666667,0.0108333333333333,0.000333333333333333,0.000666666666666667,0.1725,0.7425,31100
0.711166666666667,0.9895,0.999666666666667,0.288833333333333,0.0105,0.000333333333333333,0.000833333333333333,0.179,0.749833333333333,31200
0.723833333333333,0.989833333333333,0.999666666666667,0.276166666666667,0.0101666666666667,0.000333333333333333,0.000833333333333333,0.184833333333333,0.755166666666667,31300
0.733666666666667,0.99,0.999666666666667,0.266333333333333,0.01,0.000333333333333333,0.001,0.190333333333333,0.762666666666667,31400
0.7435,0.990333333333333,0.999666666666667,0.2565,0.00966666666666667,0.000333333333333333,0.00116666666666667,0.197333333333333,0.768166666666667,31500
0.7545,0.991,0.999666666666667,0.2455,0.009,0.000333333333333333,0.00116666666666667,0.2055,0.774,31600
0.763833333333333,0.991666666666667,0.999666666666667,0.236166666666667,0.00833333333333333,0.000333333333333333,0.00133333333333333,0.2115,0.779166666666667,31700
0.773666666666667,0.992,0.999666666666667,0.226333333333333,0.008,0.000333333333333333,0.00166666666666667,0.2185,0.784666666666667,31800
0.782666666666667,0.992166666666667,0.999666666666667,0.217333333333333,0.00783333333333333,0.000333333333333333,0.00166666666666667,0.223666666666667,0.7905,31900
0.7915,0.992833333333333,0.999666666666667,0.2085,0.00716666666666667,0.000333333333333333,0.002,0.231333333333333,0.794833333333333,32000
0.798166666666667,0.992833333333333,0.999666666666667,0.201833333333333,0.00716666666666667,0.000333333333333333,0.002,0.237666666666667,0.8,32100
0.805333333333333,0.9935,0.999666666666667,0.194666666666667,0.0065,0.000333333333333333,0.002,0.246166666666667,0.8055,32200
0.813166666666667,0.994,0.999666666666667,0.186833333333333,0.006,0.000333333333333333,0.00233333333333333,0.2525,0.809666666666667,32300
0.821166666666667,0.994333333333333,0.999666666666667,0.178833333333333,0.00566666666666667,0.000333333333333333,0.0025,0.2605,0.814166666666667,32400
0.8265,0.994666666666667,0.999666666666667,0.1735,0.00533333333333333,0.000333333333333333,0.00266666666666667,0.268166666666667,0.819833333333333,32500
0.833,0.995166666666667,0.999666666666667,0.167,0.00483333333333333,0.000333333333333333,0.003,0.277333333333333,0.825666666666667,32600
0.8415,0.9955,0.999666666666667,0.1585,0.0045,0.000333333333333333,0.00316666666666667,0.284333333333333,0.831,32700
0.849166666666667,0.995666666666667,0.999666666666667,0.150833333333333,0.00433333333333333,0.000333333333333333,0.00366666666666667,0.2925,0.834166666666667,32800
0.8565,0.995833333333333,0.999666666666667,0.1435,0.00416666666666667,0.000333333333333333,0.00383333333333333,0.300333333333333,0.838166666666667,32900
0.8625,0.996166666666667,0.999666666666667,0.1375,0.00383333333333333,0.000333333333333333,0.00383333333333333,0.3095,0.844,33000
0.869166666666667,0.996166666666667,0.999666666666667,0.130833333333333,0.00383333333333333,0.000333333333333333,0.00433333333333333,0.316166666666667,0.8485,33100
0.875333333333333,0.9965,0.999666666666667,0.124666666666667,0.0035,0.000333333333333333,0.0045,0.3235,0.852166666666667,33200
0.880333333333333,0.9965,0.999666666666667,0.119666666666667,0.0035,0.000333333333333333,0.005,0.330166666666667,0.856,33300
0.885,0.9965,0.999666666666667,0.115,0.0035,0.000333333333333333,0.005,0.337833333333333,0.860166666666667,33400
0.8895,0.996833333333333,0.999666666666667,0.1105,0.00316666666666667,0.000333333333333333,0.00516666666666667,0.345666666666667,0.863333333333333,33500
0.893833333333333,0.997,0.999666666666667,0.106166666666667,0.003,0.000333333333333333,0.0055,0.354833333333333,0.867666666666667,33600
0.899666666666667,0.997,0.999666666666667,0.100333333333333,0.003,0.000333333333333333,0.0065,0.363,0.8705,33700
0.903833333333333,0.997166666666667,0.999666666666667,0.0961666666666667,0.00283333333333333,0.000333333333333333,0.00716666666666667,0.367666666666667,0.873166666666667,33800
0.908166666666667,0.997166666666667,0.999833333333333,0.0918333333333333,0.00283333333333333,0.000166666666666667,0.00816666666666667,0.376,0.8765,33900
0.9135,0.997166666666667,0.999833333333333,0.0865,0.00283333333333333,0.000166666666666667,0.0085,0.3855,0.879833333333333,34000
0.9185,0.997166666666667,0.999833333333333,0.0815,0.00283333333333333,0.000166666666666667,0.009,0.394833333333333,0.882333333333333,34100
0.921833333333333,0.997666666666667,0.999833333333333,0.0781666666666667,0.00233333333333333,0.000166666666666667,0.0095,0.403,0.884333333333333,34200
0.925,0.997833333333333,0.999833333333333,0.075,0.00216666666666667,0.000166666666666667,0.0095,0.411833333333333,0.886833333333333,34300
0.927,0.997833333333333,0.999833333333333,0.073,0.00216666666666667,0.000166666666666667,0.01,0.420666666666667,0.890166666666667,34400
0.930166666666667,0.998166666666667,0.999833333333333,0.0698333333333333,0.00183333333333333,0.000166666666666667,0.0106666666666667,0.4285,0.8925,34500
0.934666666666667,0.998166666666667,0.999833333333333,0.0653333333333333,0.00183333333333333,0.000166666666666667,0.0113333333333333,0.435333333333333,0.894333333333333,34600
0.936666666666667,0.998333333333333,0.999833333333333,0.0633333333333333,0.00166666666666667,0.000166666666666667,0.0126666666666667,0.443666666666667,0.896833333333333,34700
0.941166666666667,0.9985,0.999833333333333,0.0588333333333333,0.0015,0.000166666666666667,0.0136666666666667,0.450333333333333,0.9,34800
0.944333333333333,0.9985,0.999833333333333,0.0556666666666667,0.0015,0.000166666666666667,0.015,0.458666666666667,0.903166666666667,34900
0.946166666666667,0.9985,0.999833333333333,0.0538333333333333,0.0015,0.000166666666666667,0.017,0.465333333333333,0.906166666666667,35000
0.948166666666667,0.9985,0.999833333333333,0.0518333333333333,0.0015,0.000166666666666667,0.0175,0.473166666666667,0.908,35100
0.950166666666667,0.9985,0.999833333333333,0.0498333333333333,0.0015,0.000166666666666667,0.019,0.481,0.9105,35200
0.952,0.998666666666667,0.999833333333333,0.048,0.00133333333333333,0.000166666666666667,0.0201666666666667,0.488666666666667,0.913166666666667,35300
0.954333333333333,0.998666666666667,0.999833333333333,0.0456666666666667,0.00133333333333333,0.000166666666666667,0.0213333333333333,0.4975,0.915,35400
0.955833333333333,0.998666666666667,0.999833333333333,0.0441666666666667,0.00133333333333333,0.000166666666666667,0.0223333333333333,0.506,0.917,35500
0.957666666666667,0.998833333333333,0.999833333333333,0.0423333333333333,0.00116666666666667,0.000166666666666667,0.0231666666666667,0.514333333333333,0.918666666666667,35600
0.959833333333333,0.999,0.999833333333333,0.0401666666666667,0.001,0.000166666666666667,0.0241666666666667,0.5225,0.920333333333333,35700
0.962833333333333,0.999,0.999833333333333,0.0371666666666667,0.001,0.000166666666666667,0.0258333333333333,0.530166666666667,0.9225,35800
0.964666666666667,0.999,0.999833333333333,0.0353333333333333,0.001,0.000166666666666667,0.0276666666666667,0.536333333333333,0.923833333333333,35900
0.965,0.999,0.999833333333333,0.035,0.001,0.000166666666666667,0.0296666666666667,0.543,0.926333333333333,36000
0.966,0.999,0.999833333333333,0.034,0.001,0.000166666666666667,0.0311666666666667,0.551333333333333,0.928333333333333,36100
0.9675,0.999,0.999833333333333,0.0325,0.001,0.000166666666666667,0.033,0.561166666666667,0.931166666666667,36200
0.9685,0.999,0.999833333333333,0.0315,0.001,0.000166666666666667,0.0356666666666667,0.567833333333333,0.933166666666667,36300
0.969333333333333,0.999,0.999833333333333,0.0306666666666667,0.001,0.000166666666666667,0.0378333333333333,0.574833333333333,0.935166666666667,36400
0.971166666666667,0.999,0.999833333333333,0.0288333333333333,0.001,0.000166666666666667,0.0401666666666667,0.5805,0.937166666666667,36500
0.972333333333333,0.999,0.999833333333333,0.0276666666666667,0.001,0.000166666666666667,0.0418333333333333,0.5875,0.940166666666667,36600
0.973666666666667,0.999166666666667,0.999833333333333,0.0263333333333333,0.000833333333333333,0.000166666666666667,0.044,0.594833333333333,0.942166666666667,36700
0.974666666666667,0.999333333333333,0.999833333333333,0.0253333333333333,0.000666666666666667,0.000166666666666667,0.046,0.602166666666667,0.943833333333333,36800
0.975333333333333,0.999333333333333,0.999833333333333,0.0246666666666667,0.000666666666666667,0.000166666666666667,0.0478333333333333,0.610166666666667,0.944166666666667,36900
0.976166666666667,0.9995,0.999833333333333,0.0238333333333333,5e-04,0.000166666666666667,0.0498333333333333,0.616166666666667,0.946333333333333,37000
0.9775,0.999666666666667,0.999833333333333,0.0225,0.000333333333333333,0.000166666666666667,0.0511666666666667,0.623833333333333,0.947833333333333,37100
0.978166666666667,0.999666666666667,0.999833333333333,0.0218333333333333,0.000333333333333333,0.000166666666666667,0.055,0.632333333333333,0.95,37200
0.9795,0.999666666666667,0.999833333333333,0.0205,0.000333333333333333,0.000166666666666667,0.0576666666666667,0.640666666666667,0.952,37300
0.980166666666667,0.999666666666667,0.999833333333333,0.0198333333333333,0.000333333333333333,0.000166666666666667,0.061,0.647333333333333,0.953333333333333,37400
0.980333333333333,0.999666666666667,0.999833333333333,0.0196666666666667,0.000333333333333333,0.000166666666666667,0.064,0.655,0.954333333333333,37500
0.981333333333333,0.999666666666667,0.999833333333333,0.0186666666666667,0.000333333333333333,0.000166666666666667,0.0676666666666667,0.6625,0.955666666666667,37600
0.981833333333333,0.999666666666667,0.999833333333333,0.0181666666666667,0.000333333333333333,0.000166666666666667,0.0706666666666667,0.668333333333333,0.957333333333333,37700
0.982833333333333,0.999666666666667,0.999833333333333,0.0171666666666667,0.000333333333333333,0.000166666666666667,0.0741666666666667,0.672833333333333,0.958,37800
0.983166666666667,0.999666666666667,0.999833333333333,0.0168333333333333,0.000333333333333333,0.000166666666666667,0.0765,0.6785,0.959833333333333,37900
0.983666666666667,0.999666666666667,0.999833333333333,0.0163333333333333,0.000333333333333333,0.000166666666666667,0.0805,0.684333333333333,0.960666666666667,38000
0.984,0.999666666666667,0.999833333333333,0.016,0.000333333333333333,0.000166666666666667,0.084,0.6905,0.961666666666667,38100
0.984666666666667,0.999666666666667,0.999833333333333,0.0153333333333333,0.000333333333333333,0.000166666666666667,0.0865,0.696833333333333,0.962833333333333,38200
0.985,0.999666666666667,0.999833333333333,0.015,0.000333333333333333,0.000166666666666667,0.0911666666666667,0.703333333333333,0.964333333333333,38300
0.9855,0.999666666666667,0.999833333333333,0.0145,0.000333333333333333,0.000166666666666667,0.0948333333333333,0.707333333333333,0.965166666666667,38400
0.986166666666667,0.999666666666667,0.999833333333333,0.0138333333333333,0.000333333333333333,0.000166666666666667,0.0988333333333333,0.712666666666667,0.965666666666667,38500
0.9865,0.999666666666667,0.999833333333333,0.0135,0.000333333333333333,0.000166666666666667,0.101833333333333,0.718,0.966333333333333,38600
0.986833333333333,0.999666666666667,0.999833333333333,0.0131666666666667,0.000333333333333333,0.000166666666666667,0.105666666666667,0.722,0.966833333333333,38700
0.987666666666667,0.999666666666667,0.999833333333333,0.0123333333333333,0.000333333333333333,0.000166666666666667,0.111166666666667,0.726166666666667,0.968,38800
0.988166666666667,0.999666666666667,0.999833333333333,0.0118333333333333,0.000333333333333333,0.000166666666666667,0.115833333333333,0.731166666666667,0.968666666666667,38900
0.988333333333333,0.999666666666667,0.999833333333333,0.0116666666666667,0.000333333333333333,0.000166666666666667,0.12,0.735666666666667,0.969166666666667,39000
0.988666666666667,0.999666666666667,0.999833333333333,0.0113333333333333,0.000333333333333333,0.000166666666666667,0.124,0.74,0.9705,39100
0.988833333333333,0.999666666666667,0.999833333333333,0.0111666666666667,0.000333333333333333,0.000166666666666667,0.129,0.744833333333333,0.971166666666667,39200
0.989166666666667,0.999666666666667,0.999833333333333,0.0108333333333333,0.000333333333333333,0.000166666666666667,0.132666666666667,0.750166666666667,0.972166666666667,39300
0.9895,0.999666666666667,0.999833333333333,0.0105,0.000333333333333333,0.000166666666666667,0.137833333333333,0.753833333333333,0.972666666666667,39400
0.99,0.999666666666667,0.999833333333333,0.01,0.000333333333333333,0.000166666666666667,0.142833333333333,0.759333333333333,0.973833333333333,39500
0.990166666666667,0.999666666666667,0.999833333333333,0.00983333333333333,0.000333333333333333,0.000166666666666667,0.146166666666667,0.764666666666667,0.9745,39600
0.9905,0.999666666666667,0.999833333333333,0.0095,0.000333333333333333,0.000166666666666667,0.149833333333333,0.77,0.9755,39700
0.990833333333333,0.999666666666667,0.999833333333333,0.00916666666666667,0.000333333333333333,0.000166666666666667,0.1565,0.774,0.976333333333333,39800
0.991333333333333,0.999666666666667,0.999833333333333,0.00866666666666667,0.000333333333333333,0.000166666666666667,0.1615,0.778,0.976666666666667,39900
0.9915,0.999666666666667,0.999833333333333,0.0085,0.000333333333333333,0.000166666666666667,0.1665,0.7825,0.976833333333333,40000
0.992,0.999666666666667,0.999833333333333,0.008,0.000333333333333333,0.000166666666666667,0.171333333333333,0.786166666666667,0.977166666666667,40100
0.992,0.999666666666667,0.999833333333333,0.008,0.000333333333333333,0.000166666666666667,0.177666666666667,0.791,0.9775,40200
0.992333333333333,0.999666666666667,0.999833333333333,0.00766666666666667,0.000333333333333333,0.000166666666666667,0.181666666666667,0.794666666666667,0.978166666666667,40300
0.9925,0.999666666666667,0.999833333333333,0.0075,0.000333333333333333,0.000166666666666667,0.185833333333333,0.798833333333333,0.978666666666667,40400
0.993,0.999666666666667,0.999833333333333,0.007,0.000333333333333333,0.000166666666666667,0.190333333333333,0.802833333333333,0.979,40500
0.993333333333333,0.999666666666667,0.999833333333333,0.00666666666666667,0.000333333333333333,0.000166666666666667,0.195833333333333,0.806833333333333,0.9795,40600
0.993833333333333,0.999666666666667,0.999833333333333,0.00616666666666667,0.000333333333333333,0.000166666666666667,0.202166666666667,0.810666666666667,0.979666666666667,40700
0.994166666666667,0.999666666666667,0.999833333333333,0.00583333333333333,0.000333333333333333,0.000166666666666667,0.208333333333333,0.813833333333333,0.980333333333333,40800
0.994666666666667,0.999666666666667,0.999833333333333,0.00533333333333333,0.000333333333333333,0.000166666666666667,0.212333333333333,0.818666666666667,0.981,40900
0.994833333333333,0.999666666666667,0.999833333333333,0.00516666666666667,0.000333333333333333,0.000166666666666667,0.2175,0.823,0.981833333333333,41000
0.995,0.999666666666667,0.999833333333333,0.005,0.000333333333333333,0.000166666666666667,0.221166666666667,0.827333333333333,0.982,41100
0.995666666666667,0.999666666666667,1,0.00433333333333333,0.000333333333333333,0,0.227166666666667,0.831333333333333,0.982666666666667,41200
0.995666666666667,0.999666666666667,1,0.00433333333333333,0.000333333333333333,0,0.232166666666667,0.834,0.983,41300
0.995666666666667,0.999666666666667,1,0.00433333333333333,0.000333333333333333,0,0.2375,0.837333333333333,0.9835,41400
0.995833333333333,0.999666666666667,1,0.00416666666666667,0.000333333333333333,0,0.244,0.8405,0.983833333333333,41500
0.996,0.999666666666667,1,0.004,0.000333333333333333,0,0.249333333333333,0.845,0.984666666666667,41600
0.996,0.999666666666667,1,0.004,0.000333333333333333,0,0.254833333333333,0.849,0.985333333333333,41700
0.996333333333333,0.999833333333333,1,0.00366666666666667,0.000166666666666667,0,0.261166666666667,0.852,0.9855,41800
0.9965,0.999833333333333,1,0.0035,0.000166666666666667,0,0.266166666666667,0.854833333333333,0.985666666666667,41900
0.9965,0.999833333333333,1,0.0035,0.000166666666666667,0,0.274,0.8575,0.985666666666667,42000
0.9965,0.999833333333333,1,0.0035,0.000166666666666667,0,0.28,0.861166666666667,0.985833333333333,42100
0.996666666666667,0.999833333333333,1,0.00333333333333333,0.000166666666666667,0,0.286333333333333,0.8635,0.986166666666667,42200
0.997,0.999833333333333,1,0.003,0.000166666666666667,0,0.2925,0.867,0.986333333333333,42300
0.997,0.999833333333333,1,0.003,0.000166666666666667,0,0.298333333333333,0.868666666666667,0.986666666666667,42400
0.997166666666667,0.999833333333333,1,0.00283333333333333,0.000166666666666667,0,0.3055,0.871333333333333,0.986833333333333,42500
0.997166666666667,0.999833333333333,1,0.00283333333333333,0.000166666666666667,0,0.310666666666667,0.873833333333333,0.987166666666667,42600
0.997166666666667,0.999833333333333,1,0.00283333333333333,0.000166666666666667,0,0.317,0.876666666666667,0.987333333333333,42700
0.997166666666667,0.999833333333333,1,0.00283333333333333,0.000166666666666667,0,0.3225,0.879,0.987833333333333,42800
0.997333333333333,0.999833333333333,1,0.00266666666666667,0.000166666666666667,0,0.3275,0.881833333333333,0.987833333333333,42900
0.997333333333333,0.999833333333333,1,0.00266666666666667,0.000166666666666667,0,0.3335,0.883166666666667,0.988166666666667,43000
0.997666666666667,0.999833333333333,1,0.00233333333333333,0.000166666666666667,0,0.3385,0.884833333333333,0.988333333333333,43100
0.997833333333333,0.999833333333333,1,0.00216666666666667,0.000166666666666667,0,0.345333333333333,0.886833333333333,0.988666666666667,43200
0.998,0.999833333333333,1,0.002,0.000166666666666667,0,0.351666666666667,0.888666666666667,0.988833333333333,43300
0.998,0.999833333333333,1,0.002,0.000166666666666667,0,0.358833333333333,0.891833333333333,0.989,43400
0.998166666666667,0.999833333333333,1,0.00183333333333333,0.000166666666666667,0,0.364333333333333,0.893,0.989333333333333,43500
0.998166666666667,0.999833333333333,1,0.00183333333333333,0.000166666666666667,0,0.368166666666667,0.894833333333333,0.9895,43600
0.998333333333333,0.999833333333333,1,0.00166666666666667,0.000166666666666667,0,0.374833333333333,0.896666666666667,0.989833333333333,43700
0.998333333333333,0.999833333333333,1,0.00166666666666667,0.000166666666666667,0,0.382666666666667,0.898333333333333,0.99,43800
0.9985,0.999833333333333,1,0.0015,0.000166666666666667,0,0.389666666666667,0.902166666666667,0.990333333333333,43900
0.9985,0.999833333333333,1,0.0015,0.000166666666666667,0,0.396,0.904166666666667,0.9905,44000
0.9985,0.999833333333333,1,0.0015,0.000166666666666667,0,0.4025,0.906166666666667,0.990666666666667,44100
0.9985,0.999833333333333,1,0.0015,0.000166666666666667,0,0.4105,0.908,0.991,44200
0.9985,0.999833333333333,1,0.0015,0.000166666666666667,0,0.416833333333333,0.91,0.991,44300
0.9985,0.999833333333333,1,0.0015,0.000166666666666667,0,0.421666666666667,0.911666666666667,0.991,44400
0.998666666666667,0.999833333333333,1,0.00133333333333333,0.000166666666666667,0,0.428666666666667,0.913333333333333,0.991,44500
0.998666666666667,0.999833333333333,1,0.00133333333333333,0.000166666666666667,0,0.433833333333333,0.915666666666667,0.991166666666667,44600
0.998666666666667,0.999833333333333,1,0.00133333333333333,0.000166666666666667,0,0.440666666666667,0.916666666666667,0.991166666666667,44700
0.998833333333333,0.999833333333333,1,0.00116666666666667,0.000166666666666667,0,0.444666666666667,0.918,0.991166666666667,44800
0.998833333333333,0.999833333333333,1,0.00116666666666667,0.000166666666666667,0,0.451833333333333,0.919,0.991166666666667,44900
0.999,0.999833333333333,1,0.001,0.000166666666666667,0,0.4575,0.921,0.9915,45000
0.999,0.999833333333333,1,0.001,0.000166666666666667,0,0.463666666666667,0.9225,0.9915,45100
0.999,0.999833333333333,1,0.001,0.000166666666666667,0,0.468166666666667,0.923833333333333,0.9915,45200
0.999,0.999833333333333,1,0.001,0.000166666666666667,0,0.4745,0.925166666666667,0.991833333333333,45300
0.999,0.999833333333333,1,0.001,0.000166666666666667,0,0.481,0.927666666666667,0.991833333333333,45400
0.999,0.999833333333333,1,0.001,0.000166666666666667,0,0.486666666666667,0.929,0.992333333333333,45500
0.999,0.999833333333333,1,0.001,0.000166666666666667,0,0.493166666666667,0.931333333333333,0.9925,45600
0.999,0.999833333333333,1,0.001,0.000166666666666667,0,0.500166666666667,0.932833333333333,0.992666666666667,45700
0.999,0.999833333333333,1,0.001,0.000166666666666667,0,0.507166666666667,0.934333333333333,0.992666666666667,45800
0.999,0.999833333333333,1,0.001,0.000166666666666667,0,0.513833333333333,0.935833333333333,0.992666666666667,45900
0.999,0.999833333333333,1,0.001,0.000166666666666667,0,0.518833333333333,0.938166666666667,0.992666666666667,46000
0.999,0.999833333333333,1,0.001,0.000166666666666667,0,0.526,0.940166666666667,0.992666666666667,46100
0.999,0.999833333333333,1,0.001,0.000166666666666667,0,0.532333333333333,0.942,0.992666666666667,46200
0.999166666666667,0.999833333333333,1,0.000833333333333333,0.000166666666666667,0,0.536166666666667,0.943,0.992833333333333,46300
0.999333333333333,0.999833333333333,1,0.000666666666666667,0.000166666666666667,0,0.541666666666667,0.943833333333333,0.992833333333333,46400
0.999333333333333,0.999833333333333,1,0.000666666666666667,0.000166666666666667,0,0.547333333333333,0.9445,0.992833333333333,46500
0.999333333333333,0.999833333333333,1,0.000666666666666667,0.000166666666666667,0,0.5535,0.946333333333333,0.993,46600
0.999666666666667,0.999833333333333,1,0.000333333333333333,0.000166666666666667,0,0.562166666666667,0.9475,0.993166666666667,46700
0.999666666666667,0.999833333333333,1,0.000333333333333333,0.000166666666666667,0,0.566666666666667,0.95,0.993333333333333,46800
0.999666666666667,0.999833333333333,1,0.000333333333333333,0.000166666666666667,0,0.5725,0.951166666666667,0.9935,46900
0.999666666666667,0.999833333333333,1,0.000333333333333333,0.000166666666666667,0,0.577333333333333,0.952333333333333,0.993666666666667,47000
0.999666666666667,0.999833333333333,1,0.000333333333333333,0.000166666666666667,0,0.5815,0.953333333333333,0.993666666666667,47100
0.999666666666667,0.999833333333333,1,0.000333333333333333,0.000166666666666667,0,0.587333333333333,0.954,0.993666666666667,47200
0.999666666666667,0.999833333333333,1,0.000333333333333333,0.000166666666666667,0,0.592666666666667,0.955166666666667,0.993666666666667,47300
0.999666666666667,0.999833333333333,1,0.000333333333333333,0.000166666666666667,0,0.5985,0.956166666666667,0.993666666666667,47400
0.999666666666667,0.999833333333333,1,0.000333333333333333,0.000166666666666667,0,0.604333333333333,0.9575,0.993833333333333,47500
0.999666666666667,0.999833333333333,1,0.000333333333333333,0.000166666666666667,0,0.6105,0.958,0.993833333333333,47600
0.999666666666667,0.999833333333333,1,0.000333333333333333,0.000166666666666667,0,0.614833333333333,0.959333333333333,0.993833333333333,47700
0.999666666666667,0.999833333333333,1,0.000333333333333333,0.000166666666666667,0,0.620333333333333,0.960166666666667,0.994166666666667,47800
0.9995,0.999833333333333,1,0.000333333333333333,0.000166666666666667,0,0.627,0.960833333333333,0.994166666666667,47900
0.9995,0.999833333333333,1,0.000333333333333333,0.000166666666666667,0,0.634,0.962,0.994166666666667,48000
0.9995,0.999833333333333,1,0.000333333333333333,0.000166666666666667,0,0.64,0.962833333333333,0.994166666666667,48100
0.9995,0.999833333333333,1,0.000333333333333333,0.000166666666666667,0,0.646,0.964166666666667,0.994166666666667,48200
0.9995,0.999833333333333,1,0.000333333333333333,0.000166666666666667,0,0.650833333333333,0.965166666666667,0.994166666666667,48300
0.9995,0.999833333333333,1,0.000333333333333333,0.000166666666666667,0,0.657166666666667,0.965333333333333,0.994166666666667,48400
0.9995,0.999833333333333,1,0.000333333333333333,0.000166666666666667,0,0.662833333333333,0.965666666666667,0.994333333333333,48500
0.9995,0.999833333333333,1,0.000333333333333333,0.000166666666666667,0,0.667833333333333,0.966333333333333,0.9945,48600
0.9995,0.999833333333333,1,0.000333333333333333,0.000166666666666667,0,0.671,0.966666666666667,0.994666666666667,48700
0.9995,0.999833333333333,1,0.000333333333333333,0.000166666666666667,0,0.675,0.967666666666667,0.994666666666667,48800
0.9995,0.999833333333333,1,0.000333333333333333,0.000166666666666667,0,0.679166666666667,0.968,0.994666666666667,48900
0.9995,0.999833333333333,1,0.000333333333333333,0.000166666666666667,0,0.684,0.968666666666667,0.994666666666667,49000
0.9995,0.999833333333333,1,0.000333333333333333,0.000166666666666667,0,0.688666666666667,0.969,0.994666666666667,49100
0.9995,0.999833333333333,1,0.000333333333333333,0.000166666666666667,0,0.6935,0.970166666666667,0.995,49200
0.9995,0.999833333333333,1,0.000333333333333333,0.000166666666666667,0,0.699333333333333,0.970666666666667,0.995,49300
0.9995,0.999833333333333,1,0.000333333333333333,0.000166666666666667,0,0.703333333333333,0.9715,0.9955,49400
0.9995,0.999833333333333,1,0.000333333333333333,0.000166666666666667,0,0.706833333333333,0.972166666666667,0.995666666666667,49500
0.9995,0.999833333333333,1,0.000333333333333333,0.000166666666666667,0,0.710666666666667,0.9725,0.995666666666667,49600
0.9995,0.999833333333333,1,0.000333333333333333,0.000166666666666667,0,0.713833333333333,0.9735,0.995833333333333,49700
0.9995,0.999833333333333,1,0.000333333333333333,0.000166666666666667,0,0.718666666666667,0.974166666666667,0.996,49800
0.9995,0.999833333333333,1,0.000333333333333333,0.000166666666666667,0,0.721833333333333,0.9745,0.996,49900
0.9995,0.999833333333333,1,0.000333333333333333,0.000166666666666667,0,0.724,0.9755,0.996,50000
0.9995,0.999833333333333,1,0.000333333333333333,0.000166666666666667,0,0.729166666666667,0.975666666666667,0.996166666666667,50100
0.9995,0.999833333333333,1,0.000333333333333333,0.000166666666666667,0,0.7315,0.976333333333333,0.996166666666667,50200
0.9995,0.999833333333333,1,0.000333333333333333,0.000166666666666667,0,0.735666666666667,0.976833333333333,0.996166666666667,50300
0.999333333333333,0.999833333333333,1,0.000333333333333333,0.000166666666666667,0,0.7385,0.976833333333333,0.996166666666667,50400
0.999333333333333,0.999833333333333,1,0.000333333333333333,0.000166666666666667,0,0.742,0.977166666666667,0.996333333333333,50500
0.999333333333333,0.999833333333333,1,0.000333333333333333,0.000166666666666667,0,0.746833333333333,0.977166666666667,0.996333333333333,50600
0.999333333333333,0.999833333333333,1,0.000333333333333333,0.000166666666666667,0,0.750166666666667,0.977666666666667,0.996333333333333,50700
0.999333333333333,1,1,0.000333333333333333,0,0,0.753,0.9785,0.996666666666667,50800
0.999333333333333,1,1,0.000333333333333333,0,0,0.7575,0.978666666666667,0.996833333333333,50900
0.999333333333333,1,1,0.000333333333333333,0,0,0.7625,0.979,0.996833333333333,51000
0.999333333333333,1,1,0.000333333333333333,0,0,0.7655,0.979333333333333,0.997,51100
0.999333333333333,1,1,0.000333333333333333,0,0,0.77,0.979666666666667,0.997,51200
0.999333333333333,1,1,0.000333333333333333,0,0,0.772833333333333,0.979666666666667,0.997333333333333,51300
0.999333333333333,1,1,0.000333333333333333,0,0,0.776166666666667,0.980333333333333,0.997333333333333,51400
0.999166666666667,1,1,0.000333333333333333,0,0,0.779333333333333,0.981,0.997666666666667,51500
0.999,1,1,0.000333333333333333,0,0,0.7825,0.981666666666667,0.997666666666667,51600
0.999,1,1,0.000333333333333333,0,0,0.7855,0.981833333333333,0.997666666666667,51700
0.998833333333333,1,1,0.000333333333333333,0,0,0.789333333333333,0.982166666666667,0.997833333333333,51800
0.998833333333333,1,1,0.000333333333333333,0,0,0.792166666666667,0.982666666666667,0.997833333333333,51900
0.998833333333333,1,1,0.000333333333333333,0,0,0.795666666666667,0.983,0.998166666666667,52000
0.998666666666667,1,1,0.000333333333333333,0,0,0.7985,0.983333333333333,0.998166666666667,52100
0.9985,1,1,0.000333333333333333,0,0,0.8015,0.983666666666667,0.998166666666667,52200
0.9985,1,1,0.000333333333333333,0,0,0.805333333333333,0.984166666666667,0.998166666666667,52300
0.9985,1,1,0.000333333333333333,0,0,0.8075,0.984833333333333,0.998333333333333,52400
0.998666666666667,1,1,0.000166666666666667,0,0,0.810666666666667,0.985333333333333,0.998333333333333,52500
0.998666666666667,1,1,0.000166666666666667,0,0,0.813333333333333,0.9855,0.998333333333333,52600
0.9985,1,1,0.000166666666666667,0,0,0.816333333333333,0.9855,0.998333333333333,52700
0.9985,1,1,0.000166666666666667,0,0,0.819833333333333,0.985666666666667,0.998333333333333,52800
0.998333333333333,1,1,0.000166666666666667,0,0,0.823833333333333,0.985666666666667,0.9985,52900
0.998166666666667,1,1,0.000166666666666667,0,0,0.826666666666667,0.985833333333333,0.9985,53000
0.998,1,1,0.000166666666666667,0,0,0.829666666666667,0.986,0.9985,53100
0.997833333333333,1,1,0.000166666666666667,0,0,0.832333333333333,0.986166666666667,0.9985,53200
0.997666666666667,1,1,0.000166666666666667,0,0,0.834333333333333,0.986333333333333,0.998666666666667,53300
0.9975,1,1,0.000166666666666667,0,0,0.8375,0.986666666666667,0.998666666666667,53400
0.997333333333333,1,1,0.000166666666666667,0,0,0.8395,0.986833333333333,0.999,53500
0.997333333333333,1,1,0.000166666666666667,0,0,0.843666666666667,0.986833333333333,0.999,53600
0.997333333333333,1,1,0.000166666666666667,0,0,0.847,0.987166666666667,0.999,53700
0.997166666666667,1,1,0.000166666666666667,0,0,0.8495,0.987333333333333,0.999,53800
0.997,1,1,0.000166666666666667,0,0,0.851833333333333,0.987833333333333,0.999,53900
0.996833333333333,0.999833333333333,1,0.000166666666666667,0,0,0.853833333333333,0.987833333333333,0.999,54000
0.996166666666667,0.999833333333333,1,0.000166666666666667,0,0,0.856,0.988,0.999,54100
0.9955,0.999833333333333,1,0.000166666666666667,0,0,0.858166666666667,0.988333333333333,0.999,54200
0.995166666666667,0.999833333333333,1,0.000166666666666667,0,0,0.861166666666667,0.9885,0.999166666666667,54300
0.994833333333333,0.999833333333333,1,0.000166666666666667,0,0,0.863166666666667,0.988666666666667,0.999166666666667,54400
0.9945,0.999833333333333,1,0.000166666666666667,0,0,0.866,0.988666666666667,0.999166666666667,54500
0.994166666666667,0.999833333333333,1,0.000166666666666667,0,0,0.867833333333333,0.989,0.999166666666667,54600
0.993833333333333,0.999833333333333,1,0.000166666666666667,0,0,0.869,0.989166666666667,0.999166666666667,54700
0.9935,0.999833333333333,1,0.000166666666666667,0,0,0.871333333333333,0.989333333333333,0.999166666666667,54800
0.992333333333333,0.999833333333333,1,0.000166666666666667,0,0,0.873166666666667,0.9895,0.999166666666667,54900
0.990666666666667,0.999833333333333,1,0.000166666666666667,0,0,0.8745,0.989666666666667,0.999166666666667,55000
0.99,0.999833333333333,1,0.000166666666666667,0,0,0.877,0.99,0.999166666666667,55100
0.989166666666667,0.999833333333333,1,0.000166666666666667,0,0,0.879,0.99,0.999166666666667,55200
0.988,0.999833333333333,1,0.000166666666666667,0,0,0.881333333333333,0.990333333333333,0.999333333333333,55300
0.987166666666667,0.999833333333333,1,0.000166666666666667,0,0,0.882333333333333,0.9905,0.999333333333333,55400
0.986833333333333,0.999833333333333,1,0.000166666666666667,0,0,0.883666666666667,0.990666666666667,0.999333333333333,55500
0.985666666666667,0.999833333333333,1,0.000166666666666667,0,0,0.885166666666667,0.990666666666667,0.999333333333333,55600
0.984666666666667,0.999833333333333,1,0.000166666666666667,0,0,0.886666666666667,0.991,0.999333333333333,55700
0.984166666666667,0.999833333333333,1,0.000166666666666667,0,0,0.888,0.991,0.999333333333333,55800
0.983833333333333,0.999833333333333,1,0.000166666666666667,0,0,0.890666666666667,0.991,0.999333333333333,55900
0.983166666666667,0.999833333333333,1,0.000166666666666667,0,0,0.892,0.991,0.999333333333333,56000
0.982666666666667,0.999833333333333,1,0.000166666666666667,0,0,0.893,0.991,0.999333333333333,56100
0.981666666666667,0.999833333333333,1,0.000166666666666667,0,0,0.894,0.991166666666667,0.999333333333333,56200
0.9805,0.999833333333333,1,0.000166666666666667,0,0,0.895833333333333,0.991166666666667,0.999333333333333,56300
0.979666666666667,0.999833333333333,1,0.000166666666666667,0,0,0.8975,0.991166666666667,0.999333333333333,56400
0.9775,0.999833333333333,1,0.000166666666666667,0,0,0.898666666666667,0.991166666666667,0.999333333333333,56500
0.975,0.999833333333333,1,0.000166666666666667,0,0,0.902,0.991333333333333,0.999333333333333,56600
0.9735,0.999833333333333,1,0.000166666666666667,0,0,0.903666666666667,0.9915,0.999333333333333,56700
0.972666666666667,0.999833333333333,1,0.000166666666666667,0,0,0.905333333333333,0.9915,0.999333333333333,56800
0.972,0.999833333333333,1,0.000166666666666667,0,0,0.907,0.9915,0.999333333333333,56900
0.97,0.999833333333333,1,0.000166666666666667,0,0,0.908,0.991666666666667,0.999333333333333,57000
0.968166666666667,0.999833333333333,1,0.000166666666666667,0,0,0.909166666666667,0.991833333333333,0.999333333333333,57100
0.965833333333333,0.999833333333333,1,0.000166666666666667,0,0,0.910666666666667,0.991833333333333,0.999333333333333,57200
0.9635,0.999666666666667,1,0.000166666666666667,0,0,0.912333333333333,0.992166666666667,0.999333333333333,57300
0.962333333333333,0.999666666666667,1,0.000166666666666667,0,0,0.913333333333333,0.9925,0.999333333333333,57400
0.960666666666667,0.999666666666667,1,0.000166666666666667,0,0,0.915,0.9925,0.999333333333333,57500
0.958666666666667,0.999666666666667,1,0.000166666666666667,0,0,0.916333333333333,0.992666666666667,0.999333333333333,57600
0.956,0.999666666666667,1,0.000166666666666667,0,0,0.917,0.992666666666667,0.999333333333333,57700
0.953666666666667,0.999666666666667,1,0.000166666666666667,0,0,0.9185,0.992666666666667,0.999333333333333,57800
0.951166666666667,0.999666666666667,1,0.000166666666666667,0,0,0.919,0.992666666666667,0.999333333333333,57900
0.947333333333333,0.999666666666667,1,0.000166666666666667,0,0,0.9205,0.992666666666667,0.999333333333333,58000
0.9445,0.999666666666667,1,0.000166666666666667,0,0,0.922,0.992666666666667,0.999333333333333,58100
0.9425,0.999666666666667,1,0.000166666666666667,0,0,0.922666666666667,0.992666666666667,0.999333333333333,58200
0.939,0.999666666666667,1,0.000166666666666667,0,0,0.923833333333333,0.992833333333333,0.999333333333333,58300
0.9355,0.999666666666667,1,0.000166666666666667,0,0,0.924833333333333,0.992833333333333,0.999333333333333,58400
0.933166666666667,0.999333333333333,1,0.000166666666666667,0,0,0.926666666666667,0.992833333333333,0.999333333333333,58500
0.9305,0.999333333333333,1,0.000166666666666667,0,0,0.928,0.992833333333333,0.999333333333333,58600
0.926166666666667,0.999333333333333,1,0.000166666666666667,0,0,0.929333333333333,0.993,0.999333333333333,58700
0.921833333333333,0.999166666666667,1,0.000166666666666667,0,0,0.931166666666667,0.993166666666667,0.999333333333333,58800
0.9185,0.999,0.999833333333333,0.000166666666666667,0,0,0.932666666666667,0.993333333333333,0.999333333333333,58900
0.914166666666667,0.999,0.999833333333333,0.000166666666666667,0,0,0.933833333333333,0.9935,0.999333333333333,59000
0.909,0.999,0.999833333333333,0.000166666666666667,0,0,0.934666666666667,0.9935,0.999333333333333,59100
0.9045,0.998833333333333,0.999833333333333,0.000166666666666667,0,0,0.935833333333333,0.993666666666667,0.999333333333333,59200
0.9,0.998666666666667,0.999833333333333,0.000166666666666667,0,0,0.937333333333333,0.993666666666667,0.999333333333333,59300
0.895166666666667,0.998666666666667,0.999833333333333,0.000166666666666667,0,0,0.938833333333333,0.993666666666667,0.999333333333333,59400
0.889833333333333,0.998666666666667,0.999833333333333,0.000166666666666667,0,0,0.941,0.993666666666667,0.999333333333333,59500
0.884,0.998666666666667,0.999833333333333,0.000166666666666667,0,0,0.942166666666667,0.993666666666667,0.9995,59600
0.879,0.998666666666667,0.999833333333333,0.000166666666666667,0,0,0.942833333333333,0.993666666666667,0.9995,59700
0.874666666666667,0.998666666666667,0.999833333333333,0.000166666666666667,0,0,0.943833333333333,0.993833333333333,0.9995,59800
0.868333333333333,0.998666666666667,0.999833333333333,0.000166666666666667,0,0,0.944,0.993833333333333,0.9995,59900
0.8625,0.998666666666667,0.999833333333333,0.000166666666666667,0,0,0.944833333333333,0.993833333333333,0.9995,60000
0.856666666666667,0.998666666666667,0.999833333333333,0.000166666666666667,0,0,0.946166666666667,0.993833333333333,0.9995,60100
0.853166666666667,0.998666666666667,0.999833333333333,0.000166666666666667,0,0,0.947333333333333,0.994166666666667,0.9995,60200
0.8475,0.9985,0.999833333333333,0.000166666666666667,0,0,0.948333333333333,0.994166666666667,0.9995,60300
0.841666666666667,0.998166666666667,0.999833333333333,0.000166666666666667,0,0,0.95,0.994166666666667,0.9995,60400
0.837166666666667,0.997833333333333,0.999833333333333,0.000166666666666667,0,0,0.951166666666667,0.994166666666667,0.9995,60500
0.8315,0.997833333333333,0.999833333333333,0.000166666666666667,0,0,0.952,0.994166666666667,0.9995,60600
0.824833333333333,0.997666666666667,0.999833333333333,0.000166666666666667,0,0,0.953166666666667,0.994166666666667,0.9995,60700
0.819,0.9975,0.999833333333333,0.000166666666666667,0,0,0.9535,0.994166666666667,0.9995,60800
0.812166666666667,0.997333333333333,0.999833333333333,0.000166666666666667,0,0,0.954166666666667,0.994166666666667,0.9995,60900
0.806,0.997166666666667,0.999833333333333,0.000166666666666667,0,0,0.955,0.994166666666667,0.9995,61000
0.798333333333333,0.997166666666667,0.999833333333333,0.000166666666666667,0,0,0.955833333333333,0.994333333333333,0.9995,61100
0.792333333333333,0.997166666666667,0.999833333333333,0.000166666666666667,0,0,0.957,0.9945,0.9995,61200
0.784333333333333,0.997,0.999833333333333,0.000166666666666667,0,0,0.957666666666667,0.9945,0.9995,61300
0.7775,0.9965,0.999833333333333,0.000166666666666667,0,0,0.958,0.994666666666667,0.9995,61400
0.768666666666667,0.9965,0.999833333333333,0.000166666666666667,0,0,0.959,0.994666666666667,0.9995,61500
0.761333333333333,0.996,0.999833333333333,0.000166666666666667,0,0,0.96,0.994666666666667,0.9995,61600
0.754666666666667,0.995833333333333,0.999833333333333,0.000166666666666667,0,0,0.960333333333333,0.994666666666667,0.999666666666667,61700
0.748166666666667,0.9955,0.999833333333333,0.000166666666666667,0,0,0.960833333333333,0.994666666666667,0.999666666666667,61800
0.7415,0.994833333333333,0.999833333333333,0.000166666666666667,0,0,0.961833333333333,0.994833333333333,0.999666666666667,61900
0.734666666666667,0.994666666666667,0.999833333333333,0.000166666666666667,0,0,0.9625,0.995,0.999666666666667,62000
0.726666666666667,0.9945,0.999833333333333,0.000166666666666667,0,0,0.963333333333333,0.995166666666667,0.999666666666667,62100
0.719666666666667,0.9945,0.999833333333333,0.000166666666666667,0,0,0.964333333333333,0.995333333333333,0.999666666666667,62200
0.7115,0.993833333333333,0.999833333333333,0.000166666666666667,0,0,0.965166666666667,0.995666666666667,0.999666666666667,62300
0.7035,0.993,0.999833333333333,0.000166666666666667,0,0,0.965333333333333,0.995666666666667,0.999666666666667,62400
0.695333333333333,0.9925,0.999833333333333,0.000166666666666667,0,0,0.965666666666667,0.995666666666667,0.999666666666667,62500
0.686166666666667,0.992166666666667,0.999833333333333,0.000166666666666667,0,0,0.966,0.995833333333333,0.999666666666667,62600
0.675333333333333,0.990833333333333,0.999833333333333,0.000166666666666667,0,0,0.966333333333333,0.996,0.999666666666667,62700
0.666,0.99,0.999833333333333,0.000166666666666667,0,0,0.966666666666667,0.996,0.999666666666667,62800
0.661166666666667,0.989333333333333,0.999666666666667,0.000166666666666667,0,0,0.967666666666667,0.996,0.999666666666667,62900
0.6535,0.9885,0.999666666666667,0.000166666666666667,0,0,0.968,0.996,0.999666666666667,63000
0.6465,0.987333333333333,0.999666666666667,0.000166666666666667,0,0,0.968,0.996166666666667,0.999666666666667,63100
0.638833333333333,0.9865,0.999666666666667,0.000166666666666667,0,0,0.968666666666667,0.996166666666667,0.999666666666667,63200
0.63,0.985833333333333,0.999666666666667,0.000166666666666667,0,0,0.968833333333333,0.996166666666667,0.999666666666667,63300
0.6225,0.985333333333333,0.999666666666667,0.000166666666666667,0,0,0.9695,0.996166666666667,0.999666666666667,63400
0.614166666666667,0.984666666666667,0.999666666666667,0.000166666666666667,0,0,0.970166666666667,0.996166666666667,0.999666666666667,63500
0.605333333333333,0.984166666666667,0.9995,0,0,0,0.970666666666667,0.996333333333333,0.999666666666667,63600
0.595333333333333,0.983166666666667,0.9995,0,0,0,0.971333333333333,0.996333333333333,0.999666666666667,63700
0.587166666666667,0.9825,0.9995,0,0,0,0.971666666666667,0.996333333333333,0.999666666666667,63800
0.582333333333333,0.981333333333333,0.9995,0,0,0,0.972166666666667,0.996666666666667,0.999666666666667,63900
0.575666666666667,0.9805,0.9995,0,0,0,0.972666666666667,0.996666666666667,0.999666666666667,64000
0.566166666666667,0.979666666666667,0.9995,0,0,0,0.973333333333333,0.996833333333333,0.999666666666667,64100
0.558833333333333,0.978166666666667,0.999333333333333,0,0,0,0.974,0.996833333333333,0.999666666666667,64200
0.552666666666667,0.977833333333333,0.999166666666667,0,0,0,0.974333333333333,0.996833333333333,0.999666666666667,64300
0.545166666666667,0.976333333333333,0.999166666666667,0,0,0,0.974833333333333,0.997,0.999666666666667,64400
0.537,0.974666666666667,0.999166666666667,0,0,0,0.9755,0.997,0.999666666666667,64500
0.527,0.972666666666667,0.999,0,0,0,0.975666666666667,0.997333333333333,0.999666666666667,64600
0.519666666666667,0.971666666666667,0.999,0,0,0,0.976333333333333,0.997333333333333,0.999666666666667,64700
0.511166666666667,0.97,0.999,0,0,0,0.976666666666667,0.9975,0.999666666666667,64800
0.502833333333333,0.969166666666667,0.998833333333333,0,0,0,0.976833333333333,0.997666666666667,0.999666666666667,64900
0.495666666666667,0.967833333333333,0.998833333333333,0,0,0,0.976833333333333,0.997666666666667,0.999666666666667,65000
0.4885,0.965833333333333,0.998666666666667,0,0,0,0.977,0.997666666666667,0.999666666666667,65100
0.4815,0.964333333333333,0.998666666666667,0,0,0,0.977166666666667,0.997833333333333,0.999666666666667,65200
0.473833333333333,0.962,0.998666666666667,0,0,0,0.9775,0.997833333333333,0.999666666666667,65300
0.4665,0.959666666666667,0.998666666666667,0,0,0,0.977666666666667,0.997833333333333,0.999666666666667,65400
0.46,0.958,0.998666666666667,0,0,0,0.978333333333333,0.998166666666667,0.999666666666667,65500
0.452166666666667,0.955833333333333,0.998666666666667,0,0,0,0.978666666666667,0.998166666666667,0.999666666666667,65600
0.444,0.953666666666667,0.998666666666667,0,0,0,0.978666666666667,0.998166666666667,0.999666666666667,65700
0.435,0.951333333333333,0.998666666666667,0,0,0,0.979,0.998166666666667,0.999666666666667,65800
0.427666666666667,0.948666666666667,0.998666666666667,0,0,0,0.979333333333333,0.998333333333333,0.999666666666667,65900
0.4175,0.946666666666667,0.998666666666667,0,0,0,0.9795,0.998333333333333,0.999666666666667,66000
0.410666666666667,0.9445,0.998666666666667,0,0,0,0.979666666666667,0.998333333333333,0.999666666666667,66100
0.405666666666667,0.941166666666667,0.9985,0,0,0,0.979833333333333,0.998333333333333,0.999666666666667,66200
0.3985,0.937666666666667,0.998333333333333,0,0,0,0.9805,0.998333333333333,0.999666666666667,66300
0.392333333333333,0.935833333333333,0.998333333333333,0,0,0,0.980833333333333,0.998333333333333,0.999666666666667,66400
0.384833333333333,0.9335,0.998,0,0,0,0.981666666666667,0.998333333333333,0.999666666666667,66500
0.377333333333333,0.930833333333333,0.9975,0,0,0,0.981833333333333,0.9985,0.999666666666667,66600
0.370333333333333,0.927333333333333,0.997333333333333,0,0,0,0.981833333333333,0.9985,0.999666666666667,66700
0.363666666666667,0.923333333333333,0.997333333333333,0,0,0,0.982166666666667,0.9985,0.999666666666667,66800
0.358666666666667,0.920166666666667,0.997333333333333,0,0,0,0.982166666666667,0.9985,0.999666666666667,66900
0.351,0.916666666666667,0.997,0,0,0,0.982833333333333,0.9985,0.999666666666667,67000
0.344,0.911833333333333,0.996833333333333,0,0,0,0.983,0.998666666666667,0.999666666666667,67100
0.336166666666667,0.9085,0.996833333333333,0,0,0,0.983333333333333,0.998666666666667,0.999666666666667,67200
0.327833333333333,0.903833333333333,0.996666666666667,0,0,0,0.9835,0.998666666666667,0.999666666666667,67300
0.3215,0.900166666666667,0.996666666666667,0,0,0,0.983833333333333,0.999,0.999666666666667,67400
0.314666666666667,0.895333333333333,0.996333333333333,0,0,0,0.9845,0.999,0.999666666666667,67500
0.307833333333333,0.889666666666667,0.996333333333333,0,0,0,0.984833333333333,0.999,0.999666666666667,67600
0.301333333333333,0.885333333333333,0.996166666666667,0,0,0,0.985166666666667,0.999,0.999666666666667,67700
0.295666666666667,0.88,0.995833333333333,0,0,0,0.9855,0.999,0.999666666666667,67800
0.2905,0.8755,0.995833333333333,0,0,0,0.9855,0.999,0.999666666666667,67900
0.285333333333333,0.871333333333333,0.994833333333333,0,0,0,0.9855,0.999,0.999666666666667,68000
0.281333333333333,0.865166666666667,0.994666666666667,0,0,0,0.985666666666667,0.999,0.999666666666667,68100
0.275666666666667,0.86,0.994666666666667,0,0,0,0.985666666666667,0.999,0.999666666666667,68200
0.270166666666667,0.8545,0.994166666666667,0,0,0,0.985666666666667,0.999,0.999666666666667,68300
0.2645,0.8495,0.994166666666667,0,0,0,0.985833333333333,0.999166666666667,0.999666666666667,68400
0.259666666666667,0.8455,0.993333333333333,0,0,0,0.986,0.999166666666667,0.999666666666667,68500
0.253833333333333,0.841833333333333,0.993,0,0,0,0.986166666666667,0.999166666666667,0.999666666666667,68600
0.246833333333333,0.8375,0.992666666666667,0,0,0,0.986333333333333,0.999166666666667,0.999666666666667,68700
0.242333333333333,0.8325,0.992166666666667,0,0,0,0.9865,0.999166666666667,0.999666666666667,68800
0.2375,0.828166666666667,0.9915,0,0,0,0.986833333333333,0.999166666666667,0.999666666666667,68900
0.232666666666667,0.822,0.990666666666667,0,0,0,0.986833333333333,0.999166666666667,0.999666666666667,69000
0.227833333333333,0.816,0.9895,0,0,0,0.986833333333333,0.999166666666667,0.999666666666667,69100
0.224166666666667,0.809,0.989166666666667,0,0,0,0.987166666666667,0.999166666666667,0.999666666666667,69200
0.22,0.802833333333333,0.988833333333333,0,0,0,0.987166666666667,0.999166666666667,0.999666666666667,69300
0.215833333333333,0.797666666666667,0.988333333333333,0,0,0,0.9875,0.999166666666667,0.999666666666667,69400
0.209166666666667,0.7915,0.987166666666667,0,0,0,0.987833333333333,0.999166666666667,0.999666666666667,69500
0.2055,0.784,0.9865,0,0,0,0.987833333333333,0.999333333333333,0.999666666666667,69600
0.203,0.7785,0.985833333333333,0,0,0,0.987833333333333,0.999333333333333,0.999666666666667,69700
0.1995,0.770666666666667,0.985,0,0,0,0.988,0.999333333333333,0.999666666666667,69800
0.1945,0.763333333333333,0.984,0,0,0,0.988333333333333,0.999333333333333,0.999666666666667,69900
0.191666666666667,0.756166666666667,0.982833333333333,0,0,0,0.988333333333333,0.999333333333333,0.999666666666667,70000
0.187833333333333,0.749166666666667,0.982166666666667,0,0,0,0.9885,0.999333333333333,0.999666666666667,70100
0.184,0.7445,0.981166666666667,0,0,0,0.988666666666667,0.999333333333333,0.999666666666667,70200
0.180333333333333,0.739333333333333,0.980833333333333,0,0,0,0.988833333333333,0.999333333333333,0.999666666666667,70300
0.176833333333333,0.733,0.979666666666667,0,0,0,0.989,0.999333333333333,0.999666666666667,70400
0.174333333333333,0.727,0.978833333333333,0,0,0,0.989,0.999333333333333,0.999666666666667,70500
0.1705,0.718,0.977166666666667,0,0,0,0.989333333333333,0.999333333333333,0.999666666666667,70600
0.167166666666667,0.712333333333333,0.976833333333333,0,0,0,0.989333333333333,0.999333333333333,0.999666666666667,70700
0.164166666666667,0.703666666666667,0.975666666666667,0,0,0,0.9895,0.999333333333333,0.999666666666667,70800
0.159666666666667,0.694166666666667,0.975166666666667,0,0,0,0.989666666666667,0.999333333333333,0.999666666666667,70900
0.155666666666667,0.687,0.973166666666667,0,0,0,0.989833333333333,0.999333333333333,0.999666666666667,71000
0.152833333333333,0.6785,0.9725,0,0,0,0.99,0.999333333333333,0.999666666666667,71100
0.150166666666667,0.671333333333333,0.971166666666667,0,0,0,0.99,0.999333333333333,0.999666666666667,71200
0.146666666666667,0.662833333333333,0.969833333333333,0,0,0,0.990333333333333,0.999333333333333,0.999666666666667,71300
0.1435,0.658,0.968166666666667,0,0,0,0.9905,0.999333333333333,0.999666666666667,71400
0.1395,0.650333333333333,0.966833333333333,0,0,0,0.9905,0.999333333333333,0.999666666666667,71500
0.134666666666667,0.643833333333333,0.964833333333333,0,0,0,0.990666666666667,0.999333333333333,0.999666666666667,71600
0.132166666666667,0.637333333333333,0.963,0,0,0,0.990666666666667,0.999333333333333,0.999666666666667,71700
0.129166666666667,0.631166666666667,0.961666666666667,0,0,0,0.990833333333333,0.999333333333333,0.999666666666667,71800
0.127333333333333,0.623333333333333,0.958666666666667,0,0,0,0.990833333333333,0.999333333333333,0.999666666666667,71900
0.124666666666667,0.613833333333333,0.956833333333333,0,0,0,0.990833333333333,0.999333333333333,0.999666666666667,72000
0.121833333333333,0.605666666666667,0.955166666666667,0,0,0,0.990833333333333,0.999333333333333,0.999666666666667,72100
0.117833333333333,0.598,0.952333333333333,0,0,0,0.990833333333333,0.999333333333333,0.999833333333333,72200
0.116333333333333,0.591,0.950333333333333,0,0,0,0.990833333333333,0.999333333333333,0.999833333333333,72300
0.114166666666667,0.585333333333333,0.948333333333333,0,0,0,0.991,0.999333333333333,0.999833333333333,72400
0.109666666666667,0.5785,0.9475,0,0,0,0.991,0.999333333333333,0.999833333333333,72500
0.106666666666667,0.5715,0.944333333333333,0,0,0,0.991,0.999333333333333,0.999833333333333,72600
0.1045,0.564833333333333,0.941166666666667,0,0,0,0.991,0.999333333333333,0.999833333333333,72700
0.1015,0.558333333333333,0.939,0,0,0,0.991,0.999333333333333,0.999833333333333,72800
0.0995,0.552666666666667,0.936166666666667,0,0,0,0.991,0.999333333333333,0.999833333333333,72900
0.0975,0.544833333333333,0.933833333333333,0,0,0,0.991166666666667,0.999333333333333,0.999833333333333,73000
0.094,0.539333333333333,0.931333333333333,0,0,0,0.991333333333333,0.999333333333333,0.999833333333333,73100
0.0923333333333333,0.532,0.929333333333333,0,0,0,0.991333333333333,0.999333333333333,0.999833333333333,73200
0.0906666666666667,0.522666666666667,0.925833333333333,0,0,0,0.991333333333333,0.999333333333333,0.999833333333333,73300
0.0875,0.516666666666667,0.9225,0,0,0,0.991333333333333,0.999333333333333,0.999833333333333,73400
0.0853333333333333,0.5085,0.919833333333333,0,0,0,0.9915,0.999333333333333,0.999833333333333,73500
0.083,0.499,0.916333333333333,0,0,0,0.991666666666667,0.999333333333333,0.999833333333333,73600
0.0806666666666667,0.493333333333333,0.913,0,0,0,0.991666666666667,0.999333333333333,0.999833333333333,73700
0.0795,0.487833333333333,0.908666666666667,0,0,0,0.991666666666667,0.999333333333333,0.999833333333333,73800
0.0788333333333333,0.481,0.9045,0,0,0,0.992,0.999333333333333,0.999833333333333,73900
0.0776666666666667,0.474666666666667,0.899666666666667,0,0,0,0.992333333333333,0.999333333333333,0.999833333333333,74000
0.0768333333333333,0.4675,0.8955,0,0,0,0.992333333333333,0.999333333333333,0.999833333333333,74100
0.0746666666666667,0.461,0.891666666666667,0,0,0,0.9925,0.999333333333333,0.999833333333333,74200
0.073,0.453166666666667,0.886833333333333,0,0,0,0.9925,0.999333333333333,0.999833333333333,74300
0.0706666666666667,0.444833333333333,0.881666666666667,0,0,0,0.9925,0.999333333333333,0.999833333333333,74400
0.068,0.438166666666667,0.877,0,0,0,0.9925,0.999333333333333,0.999833333333333,74500
0.0665,0.430333333333333,0.8735,0,0,0,0.9925,0.999333333333333,0.999833333333333,74600
0.0651666666666667,0.423833333333333,0.868,0,0,0,0.9925,0.999333333333333,0.999833333333333,74700
0.064,0.417,0.863666666666667,0,0,0,0.9925,0.999333333333333,0.999833333333333,74800
0.063,0.408333333333333,0.859666666666667,0,0,0,0.9925,0.999333333333333,0.999833333333333,74900
0.0621666666666667,0.401333333333333,0.8535,0,0,0,0.9925,0.9995,0.999833333333333,75000
0.0608333333333333,0.394666666666667,0.848,0,0,0,0.9925,0.9995,0.999833333333333,75100
0.0595,0.389833333333333,0.843333333333333,0,0,0,0.992666666666667,0.9995,0.999833333333333,75200
0.0571666666666667,0.386166666666667,0.839333333333333,0,0,0,0.992666666666667,0.9995,0.999833333333333,75300
0.0558333333333333,0.3785,0.836333333333333,0,0,0,0.992666666666667,0.9995,0.999833333333333,75400
0.0548333333333333,0.372666666666667,0.832333333333333,0,0,0,0.992666666666667,0.9995,0.999833333333333,75500
0.0536666666666667,0.366666666666667,0.828833333333333,0,0,0,0.992833333333333,0.9995,0.999833333333333,75600
0.053,0.3605,0.822,0,0,0,0.992833333333333,0.9995,0.999833333333333,75700
0.0521666666666667,0.356,0.817166666666667,0,0,0,0.992833333333333,0.9995,0.999833333333333,75800
0.0503333333333333,0.348833333333333,0.812666666666667,0,0,0,0.993166666666667,0.9995,0.999833333333333,75900
0.05,0.342,0.8065,0,0,0,0.993166666666667,0.9995,0.999833333333333,76000
0.0486666666666667,0.334166666666667,0.801666666666667,0,0,0,0.993333333333333,0.9995,0.999833333333333,76100
0.0468333333333333,0.327333333333333,0.795333333333333,0,0,0,0.993333333333333,0.9995,0.999833333333333,76200
0.045,0.320833333333333,0.788333333333333,0,0,0,0.9935,0.9995,0.999833333333333,76300
0.0446666666666667,0.315333333333333,0.7825,0,0,0,0.9935,0.9995,0.999833333333333,76400
0.0436666666666667,0.308333333333333,0.777166666666667,0,0,0,0.9935,0.9995,0.999833333333333,76500
0.0428333333333333,0.303,0.7715,0,0,0,0.9935,0.9995,0.999833333333333,76600
0.042,0.297333333333333,0.765,0,0,0,0.9935,0.9995,0.999833333333333,76700
0.0411666666666667,0.294166666666667,0.759333333333333,0,0,0,0.9935,0.9995,0.999833333333333,76800
0.0403333333333333,0.289166666666667,0.751333333333333,0,0,0,0.9935,0.9995,0.999833333333333,76900
0.0393333333333333,0.285,0.744666666666667,0,0,0,0.9935,0.9995,0.999833333333333,77000
0.0386666666666667,0.280166666666667,0.7385,0,0,0,0.9935,0.9995,0.999833333333333,77100
0.0378333333333333,0.274,0.7325,0,0,0,0.993666666666667,0.9995,0.999833333333333,77200
0.037,0.269833333333333,0.726333333333333,0,0,0,0.993666666666667,0.9995,0.999833333333333,77300
0.0363333333333333,0.264,0.719166666666667,0,0,0,0.9935,0.9995,0.999833333333333,77400
0.0355,0.26,0.712666666666667,0,0,0,0.9935,0.9995,0.999833333333333,77500
0.0353333333333333,0.256,0.707,0,0,0,0.9935,0.9995,0.999833333333333,77600
0.0346666666666667,0.2515,0.699,0,0,0,0.993833333333333,0.999666666666667,0.999833333333333,77700
0.0338333333333333,0.245333333333333,0.693,0,0,0,0.993833333333333,0.999666666666667,0.999833333333333,77800
0.0331666666666667,0.240333333333333,0.686166666666667,0,0,0,0.993833333333333,0.999666666666667,0.999833333333333,77900
0.0321666666666667,0.235166666666667,0.678333333333333,0,0,0,0.993666666666667,0.999666666666667,0.999833333333333,78000
0.0318333333333333,0.2325,0.671333333333333,0,0,0,0.993666666666667,0.999666666666667,0.999833333333333,78100
0.0311666666666667,0.2285,0.663833333333333,0,0,0,0.993666666666667,0.999666666666667,0.999833333333333,78200
0.0308333333333333,0.226166666666667,0.658666666666667,0,0,0,0.9935,0.999666666666667,0.999833333333333,78300
0.0305,0.221666666666667,0.650833333333333,0,0,0,0.9935,0.999666666666667,0.999833333333333,78400
0.0295,0.217166666666667,0.643833333333333,0,0,0,0.993333333333333,0.999666666666667,0.999833333333333,78500
0.0286666666666667,0.212833333333333,0.637,0,0,0,0.993333333333333,0.999666666666667,0.999833333333333,78600
0.0285,0.209,0.629833333333333,0,0,0,0.993333333333333,0.999666666666667,0.999833333333333,78700
0.0275,0.204666666666667,0.623833333333333,0,0,0,0.9935,0.999666666666667,0.999833333333333,78800
0.027,0.202,0.617666666666667,0,0,0,0.9935,0.999666666666667,0.999833333333333,78900
0.0263333333333333,0.199,0.610833333333333,0,0,0,0.9935,0.999666666666667,0.999833333333333,79000
0.0261666666666667,0.193833333333333,0.603666666666667,0,0,0,0.9935,0.999666666666667,0.999833333333333,79100
0.0258333333333333,0.191,0.596,0,0,0,0.993666666666667,0.999666666666667,0.999833333333333,79200
0.0253333333333333,0.187333333333333,0.588166666666667,0,0,0,0.9935,0.999666666666667,0.999833333333333,79300
0.0251666666666667,0.184833333333333,0.582166666666667,0,0,0,0.9935,0.999666666666667,0.999833333333333,79400
0.0246666666666667,0.181833333333333,0.575333333333333,0,0,0,0.9935,0.999666666666667,0.999833333333333,79500
0.0245,0.178166666666667,0.569166666666667,0,0,0,0.9935,0.999666666666667,0.999833333333333,79600
0.0235,0.174166666666667,0.564166666666667,0,0,0,0.9935,0.999666666666667,0.999833333333333,79700
0.0226666666666667,0.170833333333333,0.559666666666667,0,0,0,0.993333333333333,0.999666666666667,0.999833333333333,79800
0.0221666666666667,0.167833333333333,0.553166666666667,0,0,0,0.993666666666667,0.999666666666667,0.999833333333333,79900
0.0216666666666667,0.164166666666667,0.546166666666667,0,0,0,0.9935,0.999666666666667,0.999833333333333,80000
0.0216666666666667,0.161666666666667,0.538666666666667,0,0,0,0.9935,0.999666666666667,0.999833333333333,80100
0.021,0.159166666666667,0.532166666666667,0,0,0,0.993666666666667,0.999666666666667,0.999833333333333,80200
0.0206666666666667,0.155333333333333,0.525333333333333,0,0,0,0.993833333333333,0.999666666666667,0.999833333333333,80300
0.0201666666666667,0.152666666666667,0.5185,0,0,0,0.993833333333333,0.999666666666667,0.999833333333333,80400
0.0196666666666667,0.148833333333333,0.513833333333333,0,0,0,0.993666666666667,0.999666666666667,0.999833333333333,80500
0.0195,0.146166666666667,0.505833333333333,0,0,0,0.993666666666667,0.999666666666667,0.999833333333333,80600
0.019,0.142833333333333,0.497833333333333,0,0,0,0.993833333333333,0.999666666666667,0.999833333333333,80700
0.018,0.140333333333333,0.491333333333333,0,0,0,0.994,0.999666666666667,0.999833333333333,80800
0.0176666666666667,0.137166666666667,0.484666666666667,0,0,0,0.994,0.999666666666667,0.999833333333333,80900
0.0173333333333333,0.134166666666667,0.477833333333333,0,0,0,0.994,0.999666666666667,0.999833333333333,81000
0.0171666666666667,0.131166666666667,0.4725,0,0,0,0.993833333333333,0.999666666666667,0.999833333333333,81100
0.0168333333333333,0.129,0.4665,0,0,0,0.993833333333333,0.999666666666667,0.999833333333333,81200
0.0166666666666667,0.125333333333333,0.4595,0,0,0,0.993833333333333,0.999666666666667,0.999833333333333,81300
0.0166666666666667,0.123166666666667,0.4525,0,0,0,0.993833333333333,0.999666666666667,0.999833333333333,81400
0.0163333333333333,0.121,0.445833333333333,0,0,0,0.993833333333333,0.999666666666667,0.999833333333333,81500
0.0158333333333333,0.119,0.439166666666667,0,0,0,0.993666666666667,0.999666666666667,0.999833333333333,81600
0.0158333333333333,0.116333333333333,0.4335,0,0,0,0.993666666666667,0.999666666666667,0.999833333333333,81700
0.0158333333333333,0.114,0.425166666666667,0,0,0,0.9935,0.999666666666667,0.999833333333333,81800
0.0158333333333333,0.1115,0.418166666666667,0,0,0,0.993333333333333,0.999666666666667,0.999833333333333,81900
0.0155,0.108666666666667,0.411,0,0,0,0.993166666666667,0.999666666666667,0.999833333333333,82000
0.015,0.106,0.404666666666667,0,0,0,0.993333333333333,0.999666666666667,0.999833333333333,82100
0.0146666666666667,0.103833333333333,0.398333333333333,0,0,0,0.993166666666667,0.999666666666667,0.999833333333333,82200
0.0146666666666667,0.101166666666667,0.392666666666667,0,0,0,0.993166666666667,0.999666666666667,0.999833333333333,82300
0.0145,0.0993333333333333,0.3875,0,0,0,0.993333333333333,0.999666666666667,0.999833333333333,82400
0.0141666666666667,0.0975,0.383333333333333,0,0,0,0.993333333333333,0.999666666666667,0.999833333333333,82500
0.0141666666666667,0.0953333333333333,0.378,0,0,0,0.993166666666667,0.999666666666667,0.999833333333333,82600
0.0138333333333333,0.093,0.370166666666667,0,0,0,0.993,0.999666666666667,0.999833333333333,82700
0.0133333333333333,0.0908333333333333,0.364666666666667,0,0,0,0.993,0.999666666666667,0.999833333333333,82800
0.0131666666666667,0.089,0.359666666666667,0,0,0,0.993,0.999666666666667,0.999833333333333,82900
0.013,0.087,0.354166666666667,0,0,0,0.993166666666667,0.999666666666667,0.999833333333333,83000
0.0126666666666667,0.084,0.348666666666667,0,0,0,0.993166666666667,0.999666666666667,0.999833333333333,83100
0.0123333333333333,0.0828333333333333,0.341833333333333,0,0,0,0.992833333333333,0.999666666666667,0.999833333333333,83200
0.012,0.0811666666666667,0.335333333333333,0,0,0,0.992833333333333,0.999666666666667,0.999833333333333,83300
0.0118333333333333,0.0786666666666667,0.328333333333333,0,0,0,0.993,0.999666666666667,0.999833333333333,83400
0.0115,0.078,0.322666666666667,0,0,0,0.992833333333333,0.999666666666667,0.999833333333333,83500
0.0113333333333333,0.077,0.3165,0,0,0,0.993,0.999666666666667,0.999833333333333,83600
0.0111666666666667,0.0756666666666667,0.310833333333333,0,0,0,0.993166666666667,0.999666666666667,0.999833333333333,83700
0.0111666666666667,0.0748333333333333,0.306333333333333,0,0,0,0.992833333333333,0.999666666666667,0.999833333333333,83800
0.011,0.0726666666666667,0.302333333333333,0,0,0,0.992666666666667,0.999666666666667,0.999833333333333,83900
0.011,0.0706666666666667,0.297333333333333,0,0,0,0.992833333333333,0.999666666666667,0.999833333333333,84000
0.011,0.0691666666666667,0.291333333333333,0,0,0,0.992833333333333,0.999666666666667,0.999833333333333,84100
0.0108333333333333,0.0683333333333333,0.286666666666667,0,0,0,0.992833333333333,0.999666666666667,0.999833333333333,84200
0.0105,0.0665,0.2825,0,0,0,0.992666666666667,0.999666666666667,0.999833333333333,84300
0.0103333333333333,0.0648333333333333,0.279,0,0,0,0.993,0.999666666666667,0.999833333333333,84400
0.0101666666666667,0.0638333333333333,0.274,0,0,0,0.993,0.999666666666667,0.999833333333333,84500
0.0101666666666667,0.0631666666666667,0.2705,0,0,0,0.992666666666667,0.999666666666667,0.999833333333333,84600
0.00983333333333333,0.0618333333333333,0.267,0,0,0,0.992,0.999666666666667,0.999833333333333,84700
0.00966666666666667,0.061,0.262666666666667,0,0,0,0.991833333333333,0.999666666666667,0.999833333333333,84800
0.00933333333333333,0.0595,0.257666666666667,0,0,0,0.9915,0.999666666666667,0.999833333333333,84900
0.00933333333333333,0.0581666666666667,0.253666666666667,0,0,0,0.991666666666667,0.999666666666667,0.999833333333333,85000
0.009,0.0566666666666667,0.249,0,0,0,0.991166666666667,0.999666666666667,0.999833333333333,85100
0.00883333333333333,0.0561666666666667,0.242833333333333,0,0,0,0.990833333333333,0.999666666666667,0.999833333333333,85200
0.00883333333333333,0.0553333333333333,0.238666666666667,0,0,0,0.9905,0.999666666666667,0.999833333333333,85300
0.00883333333333333,0.0548333333333333,0.235,0,0,0,0.990166666666667,0.999666666666667,0.999833333333333,85400
0.0085,0.054,0.232333333333333,0,0,0,0.99,0.999666666666667,0.999833333333333,85500
0.0085,0.0526666666666667,0.228833333333333,0,0,0,0.989833333333333,0.9995,0.999833333333333,85600
0.0085,0.0518333333333333,0.225666666666667,0,0,0,0.9895,0.9995,0.999833333333333,85700
0.008,0.0496666666666667,0.2215,0,0,0,0.989333333333333,0.9995,0.999833333333333,85800
0.008,0.0483333333333333,0.2175,0,0,0,0.9895,0.9995,0.999833333333333,85900
0.00783333333333333,0.0468333333333333,0.215,0,0,0,0.989333333333333,0.9995,0.999833333333333,86000
0.00783333333333333,0.046,0.210166666666667,0,0,0,0.989,0.9995,0.999833333333333,86100
0.00783333333333333,0.0446666666666667,0.206833333333333,0,0,0,0.989,0.9995,0.999833333333333,86200
0.00766666666666667,0.044,0.203,0,0,0,0.989,0.9995,0.999833333333333,86300
0.00733333333333333,0.0433333333333333,0.2005,0,0,0,0.989,0.9995,0.999833333333333,86400
0.00716666666666667,0.0423333333333333,0.196666666666667,0,0,0,0.989,0.9995,0.999833333333333,86500
0.00666666666666667,0.0421666666666667,0.192666666666667,0,0,0,0.988666666666667,0.9995,0.999833333333333,86600
0.0065,0.0413333333333333,0.1895,0,0,0,0.9885,0.9995,0.999833333333333,86700
0.00633333333333333,0.041,0.187,0,0,0,0.988166666666667,0.9995,0.999833333333333,86800
0.00616666666666667,0.0403333333333333,0.184,0,0,0,0.988333333333333,0.9995,0.999833333333333,86900
0.006,0.0396666666666667,0.18,0,0,0,0.988,0.9995,0.999833333333333,87000
0.006,0.0385,0.177,0,0,0,0.987666666666667,0.9995,0.999833333333333,87100
0.00583333333333333,0.0375,0.173666666666667,0,0,0,0.987166666666667,0.9995,0.999833333333333,87200
0.00566666666666667,0.0371666666666667,0.1695,0,0,0,0.9865,0.9995,0.999833333333333,87300
0.0055,0.0365,0.167166666666667,0,0,0,0.986166666666667,0.9995,0.999833333333333,87400
0.0055,0.0355,0.1645,0,0,0,0.985833333333333,0.9995,0.999833333333333,87500
0.0055,0.035,0.161,0,0,0,0.985333333333333,0.9995,0.999833333333333,87600
0.00533333333333333,0.034,0.158,0,0,0,0.985,0.9995,0.999833333333333,87700
0.00516666666666667,0.0335,0.156,0,0,0,0.9845,0.9995,0.999833333333333,87800
0.005,0.0331666666666667,0.153333333333333,0,0,0,0.984,0.9995,0.999833333333333,87900
0.005,0.0326666666666667,0.149333333333333,0,0,0,0.983333333333333,0.9995,0.999833333333333,88000
0.005,0.0318333333333333,0.146666666666667,0,0,0,0.982166666666667,0.9995,0.999833333333333,88100
0.00466666666666667,0.0313333333333333,0.144833333333333,0,0,0,0.982166666666667,0.9995,0.999833333333333,88200
0.00466666666666667,0.0306666666666667,0.141833333333333,0,0,0,0.981666666666667,0.9995,0.999833333333333,88300
0.00466666666666667,0.0301666666666667,0.1395,0,0,0,0.981666666666667,0.9995,0.999833333333333,88400
0.00466666666666667,0.0298333333333333,0.136333333333333,0,0,0,0.981,0.9995,0.999833333333333,88500
0.00466666666666667,0.0295,0.133666666666667,0,0,0,0.980333333333333,0.9995,0.999833333333333,88600
0.00433333333333333,0.0293333333333333,0.131,0,0,0,0.98,0.9995,0.999833333333333,88700
0.00416666666666667,0.029,0.128,0,0,0,0.9795,0.9995,0.999833333333333,88800
0.00383333333333333,0.0281666666666667,0.125333333333333,0,0,0,0.979,0.9995,0.999833333333333,88900
0.00383333333333333,0.0278333333333333,0.122833333333333,0,0,0,0.9785,0.9995,0.999833333333333,89000
0.00366666666666667,0.0271666666666667,0.120666666666667,0,0,0,0.978,0.9995,0.999833333333333,89100
0.00366666666666667,0.0265,0.1195,0,0,0,0.977333333333333,0.9995,0.999833333333333,89200
0.00366666666666667,0.0261666666666667,0.1165,0,0,0,0.977166666666667,0.9995,0.999833333333333,89300
0.0035,0.0258333333333333,0.115,0,0,0,0.976833333333333,0.9995,0.999833333333333,89400
0.00333333333333333,0.0253333333333333,0.1125,0,0,0,0.9765,0.9995,0.999833333333333,89500
0.00333333333333333,0.0251666666666667,0.110833333333333,0,0,0,0.976166666666667,0.9995,0.999833333333333,89600
0.00333333333333333,0.0246666666666667,0.107666666666667,0,0,0,0.9755,0.9995,0.999833333333333,89700
0.00316666666666667,0.024,0.104666666666667,0,0,0,0.9755,0.9995,0.999833333333333,89800
0.003,0.0238333333333333,0.102833333333333,0,0,0,0.975166666666667,0.9995,0.999833333333333,89900
0.003,0.0236666666666667,0.101166666666667,0,0,0,0.975,0.9995,0.999833333333333,90000
0.003,0.0231666666666667,0.0991666666666667,0,0,0,0.973833333333333,0.9995,0.999833333333333,90100
0.00283333333333333,0.0225,0.0978333333333333,0,0,0,0.973333333333333,0.9995,0.999833333333333,90200
0.00283333333333333,0.0221666666666667,0.096,0,0,0,0.9725,0.9995,0.999833333333333,90300
0.00283333333333333,0.0211666666666667,0.0938333333333333,0,0,0,0.9715,0.9995,0.999833333333333,90400
0.00283333333333333,0.0205,0.0915,0,0,0,0.970833333333333,0.9995,0.999833333333333,90500
0.00266666666666667,0.0201666666666667,0.0888333333333333,0,0,0,0.97,0.9995,0.999833333333333,90600
0.00266666666666667,0.0201666666666667,0.0871666666666667,0,0,0,0.9695,0.9995,0.999833333333333,90700
0.0025,0.0198333333333333,0.0851666666666667,0,0,0,0.9685,0.9995,0.999833333333333,90800
0.0025,0.0195,0.0836666666666667,0,0,0,0.968166666666667,0.999666666666667,0.999833333333333,90900
0.0025,0.019,0.0825,0,0,0,0.9675,0.999666666666667,0.999833333333333,91000
0.00233333333333333,0.0186666666666667,0.0806666666666667,0,0,0,0.966833333333333,0.999666666666667,0.999833333333333,91100
0.00233333333333333,0.018,0.0788333333333333,0,0,0,0.965666666666667,0.999666666666667,0.999833333333333,91200
0.00233333333333333,0.0173333333333333,0.0773333333333333,0,0,0,0.965,0.999666666666667,0.999833333333333,91300
0.00216666666666667,0.017,0.0761666666666667,0,0,0,0.963666666666667,0.999666666666667,0.999833333333333,91400
0.00216666666666667,0.0166666666666667,0.0751666666666667,0,0,0,0.963166666666667,0.999666666666667,0.999833333333333,91500
0.00216666666666667,0.0166666666666667,0.0735,0,0,0,0.962166666666667,0.999666666666667,0.999833333333333,91600
0.00216666666666667,0.0165,0.0725,0,0,0,0.961333333333333,0.999666666666667,0.999833333333333,91700
0.002,0.0165,0.071,0,0,0,0.960666666666667,0.999666666666667,0.999833333333333,91800
0.002,0.0163333333333333,0.069,0,0,0,0.959166666666667,0.999666666666667,0.999833333333333,91900
0.00183333333333333,0.0161666666666667,0.0676666666666667,0,0,0,0.9585,0.999666666666667,0.999833333333333,92000
0.00183333333333333,0.016,0.0666666666666667,0,0,0,0.957833333333333,0.999666666666667,0.999833333333333,92100
0.00183333333333333,0.0158333333333333,0.0658333333333333,0,0,0,0.9575,0.9995,0.999833333333333,92200
0.00183333333333333,0.0156666666666667,0.0641666666666667,0,0,0,0.956833333333333,0.9995,0.999833333333333,92300
0.00183333333333333,0.0156666666666667,0.0635,0,0,0,0.955666666666667,0.9995,0.999833333333333,92400
0.00183333333333333,0.0153333333333333,0.0631666666666667,0,0,0,0.9545,0.9995,0.999833333333333,92500
0.00183333333333333,0.0151666666666667,0.0621666666666667,0,0,0,0.953833333333333,0.9995,0.999833333333333,92600
0.00183333333333333,0.015,0.0601666666666667,0,0,0,0.953333333333333,0.9995,0.999833333333333,92700
0.00166666666666667,0.0146666666666667,0.0591666666666667,0,0,0,0.952666666666667,0.9995,0.999833333333333,92800
0.00166666666666667,0.0146666666666667,0.0586666666666667,0,0,0,0.9515,0.999333333333333,0.999833333333333,92900
0.00166666666666667,0.0146666666666667,0.0568333333333333,0,0,0,0.950833333333333,0.999333333333333,0.999833333333333,93000
0.00166666666666667,0.0145,0.0556666666666667,0,0,0,0.950333333333333,0.999333333333333,0.999833333333333,93100
0.00166666666666667,0.0145,0.0551666666666667,0,0,0,0.949166666666667,0.999333333333333,0.999833333333333,93200
0.00166666666666667,0.0138333333333333,0.0545,0,0,0,0.948666666666667,0.999166666666667,0.999833333333333,93300
0.00166666666666667,0.0133333333333333,0.054,0,0,0,0.948333333333333,0.999166666666667,0.999833333333333,93400
0.0015,0.0131666666666667,0.0535,0,0,0,0.947,0.999,0.999833333333333,93500
0.0015,0.0126666666666667,0.052,0,0,0,0.945333333333333,0.999,0.999833333333333,93600
0.0015,0.0123333333333333,0.0501666666666667,0,0,0,0.944166666666667,0.999,0.999833333333333,93700
0.0015,0.0121666666666667,0.0491666666666667,0,0,0,0.943166666666667,0.999,0.999833333333333,93800
0.0015,0.0118333333333333,0.048,0,0,0,0.941833333333333,0.999,0.999833333333333,93900
0.0015,0.0118333333333333,0.0468333333333333,0,0,0,0.9405,0.998833333333333,0.999833333333333,94000
0.0015,0.0115,0.0465,0,0,0,0.939333333333333,0.998833333333333,0.999833333333333,94100
0.0015,0.0111666666666667,0.0455,0,0,0,0.938333333333333,0.998833333333333,0.999833333333333,94200
0.0015,0.011,0.0441666666666667,0,0,0,0.937166666666667,0.998833333333333,0.999833333333333,94300
0.0015,0.011,0.0433333333333333,0,0,0,0.935833333333333,0.998666666666667,0.999833333333333,94400
0.0015,0.011,0.0426666666666667,0,0,0,0.933833333333333,0.998666666666667,0.999833333333333,94500
0.0015,0.0108333333333333,0.0418333333333333,0,0,0,0.932166666666667,0.998666666666667,0.999833333333333,94600
0.00133333333333333,0.0108333333333333,0.0416666666666667,0,0,0,0.931333333333333,0.998666666666667,0.999833333333333,94700
0.00133333333333333,0.0108333333333333,0.041,0,0,0,0.93,0.998666666666667,0.999833333333333,94800
0.00133333333333333,0.0108333333333333,0.0405,0,0,0,0.928833333333333,0.998666666666667,0.999833333333333,94900
0.00116666666666667,0.0108333333333333,0.04,0,0,0,0.927,0.998666666666667,0.999833333333333,95000
0.00116666666666667,0.0108333333333333,0.0391666666666667,0,0,0,0.926333333333333,0.9985,0.999833333333333,95100
0.00116666666666667,0.0105,0.038,0,0,0,0.924833333333333,0.9985,0.999833333333333,95200
0.00116666666666667,0.0105,0.0371666666666667,0,0,0,0.923666666666667,0.998333333333333,0.999833333333333,95300
0.00116666666666667,0.0101666666666667,0.037,0,0,0,0.923,0.998166666666667,0.999833333333333,95400
0.00116666666666667,0.0095,0.036,0,0,0,0.922,0.998166666666667,0.999833333333333,95500
0.00116666666666667,0.0095,0.0348333333333333,0,0,0,0.920333333333333,0.998166666666667,0.999833333333333,95600
0.001,0.00933333333333333,0.0341666666666667,0,0,0,0.9185,0.998,0.999833333333333,95700
0.001,0.009,0.0333333333333333,0,0,0,0.917166666666667,0.998,0.999833333333333,95800
0.001,0.00883333333333333,0.0333333333333333,0,0,0,0.915833333333333,0.997833333333333,0.999833333333333,95900
0.001,0.00883333333333333,0.033,0,0,0,0.914833333333333,0.997833333333333,0.999833333333333,96000
0.001,0.0085,0.0325,0,0,0,0.913833333333333,0.997833333333333,0.999833333333333,96100
0.001,0.0085,0.032,0,0,0,0.912666666666667,0.997833333333333,0.999833333333333,96200
0.001,0.0085,0.0315,0,0,0,0.91,0.997833333333333,0.999833333333333,96300
0.001,0.0085,0.0311666666666667,0,0,0,0.9085,0.997833333333333,0.999833333333333,96400
0.001,0.00833333333333333,0.031,0,0,0,0.907,0.997833333333333,0.999833333333333,96500
0.001,0.00833333333333333,0.0305,0,0,0,0.906166666666667,0.997666666666667,0.999833333333333,96600
0.001,0.008,0.03,0,0,0,0.904333333333333,0.997666666666667,0.999833333333333,96700
0.001,0.00783333333333333,0.0296666666666667,0,0,0,0.903333333333333,0.9975,0.999833333333333,96800
0.001,0.00783333333333333,0.0291666666666667,0,0,0,0.901166666666667,0.9975,0.999833333333333,96900
0.001,0.00783333333333333,0.0285,0,0,0,0.899666666666667,0.9975,0.999833333333333,97000
0.001,0.0075,0.0283333333333333,0,0,0,0.898666666666667,0.9975,0.999833333333333,97100
0.001,0.00733333333333333,0.028,0,0,0,0.8975,0.997333333333333,0.999833333333333,97200
0.001,0.00716666666666667,0.0276666666666667,0,0,0,0.895833333333333,0.997333333333333,0.999833333333333,97300
0.001,0.007,0.0273333333333333,0,0,0,0.894333333333333,0.997166666666667,0.999833333333333,97400
0.001,0.00683333333333333,0.0266666666666667,0,0,0,0.8925,0.997,0.999833333333333,97500
0.001,0.0065,0.026,0,0,0,0.891,0.996833333333333,0.999833333333333,97600
0.001,0.00616666666666667,0.0255,0,0,0,0.888166666666667,0.996833333333333,0.999833333333333,97700
0.001,0.00616666666666667,0.0253333333333333,0,0,0,0.8865,0.996833333333333,0.999833333333333,97800
0.001,0.006,0.0246666666666667,0,0,0,0.885,0.996666666666667,0.999833333333333,97900
0.001,0.006,0.0243333333333333,0,0,0,0.883166666666667,0.996666666666667,0.999833333333333,98000
0.001,0.006,0.0238333333333333,0,0,0,0.881166666666667,0.996666666666667,0.999833333333333,98100
0.001,0.006,0.0231666666666667,0,0,0,0.8795,0.996666666666667,0.999833333333333,98200
0.001,0.006,0.0231666666666667,0,0,0,0.878833333333333,0.996333333333333,0.999833333333333,98300
0.001,0.00566666666666667,0.0231666666666667,0,0,0,0.8765,0.996,0.999666666666667,98400
0.001,0.0055,0.0225,0,0,0,0.875,0.996,0.999666666666667,98500
0.001,0.0055,0.0221666666666667,0,0,0,0.873,0.996,0.999666666666667,98600
0.000833333333333333,0.0055,0.0213333333333333,0,0,0,0.870666666666667,0.996,0.999666666666667,98700
0.000833333333333333,0.00533333333333333,0.0208333333333333,0,0,0,0.8695,0.996,0.999666666666667,98800
0.000833333333333333,0.00533333333333333,0.0205,0,0,0,0.867833333333333,0.996,0.999666666666667,98900
0.000833333333333333,0.00516666666666667,0.0205,0,0,0,0.865666666666667,0.996,0.999666666666667,99000
0.000666666666666667,0.00516666666666667,0.02,0,0,0,0.863333333333333,0.995666666666667,0.999666666666667,99100
0.000666666666666667,0.005,0.0191666666666667,0,0,0,0.862,0.9955,0.999666666666667,99200
5e-04,0.005,0.0191666666666667,0,0,0,0.859,0.9955,0.999666666666667,99300
5e-04,0.005,0.019,0,0,0,0.858166666666667,0.9955,0.999666666666667,99400
5e-04,0.00483333333333333,0.0185,0,0,0,0.856333333333333,0.995333333333333,0.999666666666667,99500
5e-04,0.00466666666666667,0.0176666666666667,0,0,0,0.855166666666667,0.995333333333333,0.999666666666667,99600
5e-04,0.0045,0.017,0,0,0,0.853333333333333,0.995333333333333,0.999666666666667,99700
0.000333333333333333,0.0045,0.0168333333333333,0,0,0,0.8525,0.995,0.999666666666667,99800
0.000333333333333333,0.00433333333333333,0.0166666666666667,0,0,0,0.850333333333333,0.994833333333333,0.999666666666667,99900
0.000333333333333333,0.00433333333333333,0.0165,0,0,0,0.848166666666667,0.994833333333333,0.999666666666667,1e+05
0.000333333333333333,0.00416666666666667,0.0163333333333333,0,0,0,0.845333333333333,0.994833333333333,0.999666666666667,100100
0.000333333333333333,0.00416666666666667,0.0163333333333333,0,0,0,0.843333333333333,0.994833333333333,0.999666666666667,100200
0.000333333333333333,0.00383333333333333,0.0163333333333333,0,0,0,0.841666666666667,0.994833333333333,0.999666666666667,100300
0.000333333333333333,0.00366666666666667,0.0161666666666667,0,0,0,0.84,0.994666666666667,0.999666666666667,100400
0.000333333333333333,0.00366666666666667,0.016,0,0,0,0.837333333333333,0.994666666666667,0.999666666666667,100500
0.000333333333333333,0.00366666666666667,0.0158333333333333,0,0,0,0.835833333333333,0.994666666666667,0.999666666666667,100600
0.000333333333333333,0.00366666666666667,0.0158333333333333,0,0,0,0.833833333333333,0.994333333333333,0.999666666666667,100700
0.000333333333333333,0.00333333333333333,0.0156666666666667,0,0,0,0.831666666666667,0.994333333333333,0.999666666666667,100800
0.000333333333333333,0.00333333333333333,0.0155,0,0,0,0.8295,0.993666666666667,0.999666666666667,100900
0.000333333333333333,0.00333333333333333,0.0148333333333333,0,0,0,0.827166666666667,0.9935,0.999666666666667,101000
0.000333333333333333,0.00316666666666667,0.0148333333333333,0,0,0,0.825,0.993166666666667,0.999666666666667,101100
0.000333333333333333,0.00316666666666667,0.0146666666666667,0,0,0,0.823333333333333,0.993166666666667,0.999666666666667,101200
0.000333333333333333,0.003,0.0146666666666667,0,0,0,0.821,0.992666666666667,0.999666666666667,101300
0.000333333333333333,0.003,0.0146666666666667,0,0,0,0.819333333333333,0.9925,0.999666666666667,101400
0.000333333333333333,0.003,0.0145,0,0,0,0.817333333333333,0.992333333333333,0.999666666666667,101500
0.000333333333333333,0.003,0.0143333333333333,0,0,0,0.815333333333333,0.992,0.999666666666667,101600
0.000333333333333333,0.00266666666666667,0.0143333333333333,0,0,0,0.814,0.991666666666667,0.999666666666667,101700
0.000333333333333333,0.00266666666666667,0.0136666666666667,0,0,0,0.8125,0.9915,0.999666666666667,101800
0.000333333333333333,0.00266666666666667,0.0135,0,0,0,0.8105,0.991333333333333,0.999666666666667,101900
0.000333333333333333,0.00266666666666667,0.013,0,0,0,0.809,0.991,0.999666666666667,102000
0.000333333333333333,0.00266666666666667,0.013,0,0,0,0.805666666666667,0.990833333333333,0.999666666666667,102100
0.000333333333333333,0.00266666666666667,0.0125,0,0,0,0.804333333333333,0.990833333333333,0.999666666666667,102200
0.000333333333333333,0.0025,0.0123333333333333,0,0,0,0.802333333333333,0.990833333333333,0.999666666666667,102300
0.000333333333333333,0.0025,0.012,0,0,0,0.7995,0.990666666666667,0.999666666666667,102400
0.000333333333333333,0.0025,0.012,0,0,0,0.797333333333333,0.990333333333333,0.999666666666667,102500
0.000333333333333333,0.00233333333333333,0.0116666666666667,0,0,0,0.7945,0.990333333333333,0.999666666666667,102600
0.000333333333333333,0.00216666666666667,0.0116666666666667,0,0,0,0.7925,0.990333333333333,0.999666666666667,102700
0.000333333333333333,0.00216666666666667,0.0115,0,0,0,0.790166666666667,0.990333333333333,0.999666666666667,102800
0.000333333333333333,0.00216666666666667,0.0113333333333333,0,0,0,0.788666666666667,0.990333333333333,0.999666666666667,102900
0.000333333333333333,0.00216666666666667,0.011,0,0,0,0.787166666666667,0.990166666666667,0.999666666666667,103000
0.000333333333333333,0.00216666666666667,0.011,0,0,0,0.784666666666667,0.99,0.999666666666667,103100
0.000333333333333333,0.00216666666666667,0.011,0,0,0,0.783,0.989666666666667,0.999666666666667,103200
0.000333333333333333,0.002,0.011,0,0,0,0.780833333333333,0.9895,0.999666666666667,103300
0.000333333333333333,0.002,0.011,0,0,0,0.779833333333333,0.989333333333333,0.999666666666667,103400
0.000333333333333333,0.002,0.011,0,0,0,0.778,0.989166666666667,0.999666666666667,103500
0.000333333333333333,0.002,0.0108333333333333,0,0,0,0.776,0.988833333333333,0.999666666666667,103600
0.000333333333333333,0.002,0.0103333333333333,0,0,0,0.773833333333333,0.9885,0.999666666666667,103700
0.000333333333333333,0.00183333333333333,0.0103333333333333,0,0,0,0.7715,0.9885,0.999666666666667,103800
0.000333333333333333,0.00183333333333333,0.0101666666666667,0,0,0,0.769333333333333,0.987333333333333,0.999666666666667,103900
0.000333333333333333,0.00183333333333333,0.01,0,0,0,0.7675,0.987333333333333,0.999666666666667,104000
0.000333333333333333,0.00183333333333333,0.01,0,0,0,0.764666666666667,0.987,0.999666666666667,104100
0.000333333333333333,0.00183333333333333,0.00983333333333333,0,0,0,0.763166666666667,0.986833333333333,0.999666666666667,104200
0.000333333333333333,0.00166666666666667,0.00933333333333333,0,0,0,0.760666666666667,0.986333333333333,0.999666666666667,104300
0.000333333333333333,0.00166666666666667,0.00916666666666667,0,0,0,0.757833333333333,0.986,0.999666666666667,104400
0.000333333333333333,0.00166666666666667,0.009,0,0,0,0.755666666666667,0.9855,0.999666666666667,104500
0.000333333333333333,0.00166666666666667,0.00883333333333333,0,0,0,0.753166666666667,0.985333333333333,0.999666666666667,104600
0.000333333333333333,0.00166666666666667,0.00866666666666667,0,0,0,0.751,0.984833333333333,0.999666666666667,104700
0.000333333333333333,0.00166666666666667,0.0085,0,0,0,0.748833333333333,0.984166666666667,0.999666666666667,104800
0.000333333333333333,0.00166666666666667,0.00833333333333333,0,0,0,0.747166666666667,0.983,0.999666666666667,104900
0.000333333333333333,0.00166666666666667,0.00833333333333333,0,0,0,0.745,0.982833333333333,0.999666666666667,105000
0.000333333333333333,0.00166666666666667,0.00833333333333333,0,0,0,0.742,0.982833333333333,0.999666666666667,105100
0.000333333333333333,0.0015,0.00833333333333333,0,0,0,0.739333333333333,0.982333333333333,0.999666666666667,105200
0.000333333333333333,0.0015,0.00833333333333333,0,0,0,0.737166666666667,0.982166666666667,0.999666666666667,105300
0.000333333333333333,0.0015,0.008,0,0,0,0.734666666666667,0.981833333333333,0.999666666666667,105400
0.000333333333333333,0.0015,0.00783333333333333,0,0,0,0.733666666666667,0.981166666666667,0.999666666666667,105500
0.000333333333333333,0.0015,0.00766666666666667,0,0,0,0.729833333333333,0.980833333333333,0.999666666666667,105600
0.000333333333333333,0.0015,0.0075,0,0,0,0.728,0.9805,0.999666666666667,105700
0.000333333333333333,0.0015,0.00733333333333333,0,0,0,0.724333333333333,0.980166666666667,0.999666666666667,105800
0.000333333333333333,0.0015,0.00733333333333333,0,0,0,0.721166666666667,0.979666666666667,0.999666666666667,105900
0.000333333333333333,0.0015,0.00733333333333333,0,0,0,0.719666666666667,0.979166666666667,0.9995,106000
0.000333333333333333,0.0015,0.00716666666666667,0,0,0,0.718166666666667,0.978666666666667,0.9995,106100
0.000333333333333333,0.0015,0.00716666666666667,0,0,0,0.715166666666667,0.978333333333333,0.9995,106200
0.000333333333333333,0.0015,0.00683333333333333,0,0,0,0.7125,0.977833333333333,0.9995,106300
0.000333333333333333,0.0015,0.00666666666666667,0,0,0,0.709666666666667,0.9775,0.9995,106400
0.000333333333333333,0.0015,0.0065,0,0,0,0.707166666666667,0.9775,0.9995,106500
0.000333333333333333,0.00116666666666667,0.00633333333333333,0,0,0,0.705333333333333,0.977166666666667,0.9995,106600
0.000333333333333333,0.00116666666666667,0.006,0,0,0,0.702833333333333,0.977,0.9995,106700
0.000333333333333333,0.00116666666666667,0.006,0,0,0,0.700833333333333,0.9765,0.9995,106800
0.000333333333333333,0.00116666666666667,0.006,0,0,0,0.698,0.976166666666667,0.9995,106900
0.000333333333333333,0.00116666666666667,0.006,0,0,0,0.694333333333333,0.976,0.9995,107000
0.000333333333333333,0.00116666666666667,0.006,0,0,0,0.692,0.975666666666667,0.9995,107100
0.000333333333333333,0.00116666666666667,0.00583333333333333,0,0,0,0.689833333333333,0.975333333333333,0.999333333333333,107200
0.000333333333333333,0.00116666666666667,0.00566666666666667,0,0,0,0.688,0.974333333333333,0.999333333333333,107300
0.000333333333333333,0.00116666666666667,0.00566666666666667,0,0,0,0.6855,0.973833333333333,0.999166666666667,107400
0.000333333333333333,0.00116666666666667,0.00533333333333333,0,0,0,0.683333333333333,0.9735,0.999166666666667,107500
0.000333333333333333,0.00116666666666667,0.00533333333333333,0,0,0,0.680833333333333,0.972666666666667,0.999166666666667,107600
0.000333333333333333,0.001,0.00533333333333333,0,0,0,0.679333333333333,0.972,0.999166666666667,107700
0.000333333333333333,0.001,0.00533333333333333,0,0,0,0.676833333333333,0.971166666666667,0.999166666666667,107800
0.000333333333333333,0.001,0.00516666666666667,0,0,0,0.674166666666667,0.9705,0.999166666666667,107900
0.000333333333333333,0.001,0.005,0,0,0,0.672666666666667,0.970166666666667,0.999,108000
0.000333333333333333,0.001,0.005,0,0,0,0.670333333333333,0.9695,0.999,108100
0.000333333333333333,0.001,0.005,0,0,0,0.668,0.968833333333333,0.999,108200
0.000333333333333333,0.001,0.005,0,0,0,0.665333333333333,0.9685,0.999,108300
0.000333333333333333,0.001,0.00466666666666667,0,0,0,0.663666666666667,0.967833333333333,0.999,108400
0.000333333333333333,0.001,0.00466666666666667,0,0,0,0.661333333333333,0.967333333333333,0.998833333333333,108500
0.000333333333333333,0.001,0.00466666666666667,0,0,0,0.659666666666667,0.966333333333333,0.998833333333333,108600
0.000333333333333333,0.001,0.00433333333333333,0,0,0,0.657166666666667,0.965833333333333,0.998833333333333,108700
0.000333333333333333,0.001,0.00433333333333333,0,0,0,0.6535,0.964666666666667,0.998833333333333,108800
0.000333333333333333,0.001,0.00416666666666667,0,0,0,0.651,0.964,0.998833333333333,108900
0.000333333333333333,0.001,0.004,0,0,0,0.648833333333333,0.9635,0.998833333333333,109000
0.000333333333333333,0.001,0.00383333333333333,0,0,0,0.645333333333333,0.962666666666667,0.998833333333333,109100
0.000166666666666667,0.001,0.00383333333333333,0,0,0,0.643,0.961833333333333,0.998833333333333,109200
0.000166666666666667,0.001,0.00383333333333333,0,0,0,0.640333333333333,0.9615,0.998666666666667,109300
0.000166666666666667,0.001,0.00383333333333333,0,0,0,0.637333333333333,0.9605,0.998666666666667,109400
0.000166666666666667,0.001,0.00383333333333333,0,0,0,0.636,0.959333333333333,0.998666666666667,109500
0.000166666666666667,0.001,0.00383333333333333,0,0,0,0.634666666666667,0.958833333333333,0.9985,109600
0.000166666666666667,0.001,0.00383333333333333,0,0,0,0.633166666666667,0.958333333333333,0.998333333333333,109700
0.000166666666666667,0.001,0.00383333333333333,0,0,0,0.631333333333333,0.958,0.998333333333333,109800
0.000166666666666667,0.001,0.00383333333333333,0,0,0,0.627833333333333,0.9575,0.998333333333333,109900
0.000166666666666667,0.001,0.00383333333333333,0,0,0,0.625833333333333,0.956666666666667,0.998333333333333,110000
0.000166666666666667,0.001,0.00366666666666667,0,0,0,0.623333333333333,0.955333333333333,0.998166666666667,110100
0.000166666666666667,0.001,0.00366666666666667,0,0,0,0.6195,0.954833333333333,0.998,110200
0.000166666666666667,0.001,0.00366666666666667,0,0,0,0.617,0.954333333333333,0.998,110300
0.000166666666666667,0.001,0.00366666666666667,0,0,0,0.6145,0.953833333333333,0.998,110400
0.000166666666666667,0.001,0.00333333333333333,0,0,0,0.610833333333333,0.953333333333333,0.998,110500
0.000166666666666667,0.001,0.00316666666666667,0,0,0,0.607666666666667,0.953,0.998,110600
0.000166666666666667,0.001,0.00316666666666667,0,0,0,0.606,0.951833333333333,0.998,110700
0.000166666666666667,0.001,0.00283333333333333,0,0,0,0.603333333333333,0.950833333333333,0.998,110800
0.000166666666666667,0.001,0.00283333333333333,0,0,0,0.6005,0.950833333333333,0.998,110900
0.000166666666666667,0.001,0.00283333333333333,0,0,0,0.598333333333333,0.949666666666667,0.998,111000
0.000166666666666667,0.000833333333333333,0.00266666666666667,0,0,0,0.596,0.949333333333333,0.997833333333333,111100
0.000166666666666667,0.000833333333333333,0.0025,0,0,0,0.592833333333333,0.949,0.997833333333333,111200
0.000166666666666667,0.000833333333333333,0.0025,0,0,0,0.589166666666667,0.9485,0.997666666666667,111300
0.000166666666666667,0.000833333333333333,0.0025,0,0,0,0.5875,0.946833333333333,0.997666666666667,111400
0.000166666666666667,0.000833333333333333,0.0025,0,0,0,0.584666666666667,0.945833333333333,0.997666666666667,111500
0.000166666666666667,0.000833333333333333,0.00233333333333333,0,0,0,0.582,0.944333333333333,0.997666666666667,111600
0.000166666666666667,5e-04,0.00233333333333333,0,0,0,0.58,0.943833333333333,0.9975,111700
0.000166666666666667,5e-04,0.00233333333333333,0,0,0,0.578,0.942666666666667,0.9975,111800
0.000166666666666667,5e-04,0.00233333333333333,0,0,0,0.575,0.941666666666667,0.9975,111900
0.000166666666666667,5e-04,0.00233333333333333,0,0,0,0.5725,0.940333333333333,0.997333333333333,112000
0.000166666666666667,5e-04,0.00233333333333333,0,0,0,0.57,0.939666666666667,0.997166666666667,112100
0.000166666666666667,5e-04,0.00233333333333333,0,0,0,0.568166666666667,0.938833333333333,0.997,112200
0.000166666666666667,5e-04,0.00233333333333333,0,0,0,0.566,0.937666666666667,0.997,112300
0.000166666666666667,0.000333333333333333,0.002,0,0,0,0.563333333333333,0.936666666666667,0.997,112400
0.000166666666666667,0.000333333333333333,0.002,0,0,0,0.5605,0.934833333333333,0.996833333333333,112500
0.000166666666666667,0.000333333333333333,0.002,0,0,0,0.558666666666667,0.933666666666667,0.996833333333333,112600
0.000166666666666667,0.000333333333333333,0.002,0,0,0,0.556,0.932166666666667,0.996833333333333,112700
0.000166666666666667,0.000333333333333333,0.002,0,0,0,0.555333333333333,0.931833333333333,0.996833333333333,112800
0.000166666666666667,0.000333333333333333,0.002,0,0,0,0.552666666666667,0.930666666666667,0.996666666666667,112900
0.000166666666666667,0.000333333333333333,0.002,0,0,0,0.5495,0.929833333333333,0.9965,113000
0.000166666666666667,0.000333333333333333,0.002,0,0,0,0.546666666666667,0.9285,0.996166666666667,113100
0.000166666666666667,0.000333333333333333,0.002,0,0,0,0.544,0.927,0.996166666666667,113200
0.000166666666666667,0.000333333333333333,0.002,0,0,0,0.542333333333333,0.9265,0.996166666666667,113300
0.000166666666666667,0.000333333333333333,0.002,0,0,0,0.54,0.925,0.996166666666667,113400
0.000166666666666667,0.000333333333333333,0.00183333333333333,0,0,0,0.5375,0.924166666666667,0.996166666666667,113500
0.000166666666666667,0.000333333333333333,0.00166666666666667,0,0,0,0.5355,0.9235,0.996166666666667,113600
0.000166666666666667,0.000333333333333333,0.00166666666666667,0,0,0,0.533333333333333,0.923,0.996166666666667,113700
0.000166666666666667,0.000333333333333333,0.00166666666666667,0,0,0,0.531666666666667,0.921833333333333,0.996166666666667,113800
0.000166666666666667,0.000333333333333333,0.00166666666666667,0,0,0,0.529666666666667,0.919833333333333,0.996,113900
0.000166666666666667,0.000333333333333333,0.00166666666666667,0,0,0,0.526333333333333,0.918833333333333,0.995666666666667,114000
0.000166666666666667,0.000333333333333333,0.00166666666666667,0,0,0,0.524666666666667,0.917666666666667,0.995666666666667,114100
0.000166666666666667,0.000333333333333333,0.00166666666666667,0,0,0,0.521833333333333,0.916833333333333,0.995666666666667,114200
0.000166666666666667,0.000333333333333333,0.00166666666666667,0,0,0,0.519,0.9155,0.9955,114300
0.000166666666666667,0.000333333333333333,0.00166666666666667,0,0,0,0.5165,0.914833333333333,0.9955,114400
0.000166666666666667,0.000333333333333333,0.00166666666666667,0,0,0,0.514166666666667,0.914,0.9955,114500
0.000166666666666667,0.000333333333333333,0.0015,0,0,0,0.511666666666667,0.9125,0.9955,114600
0.000166666666666667,0.000333333333333333,0.0015,0,0,0,0.509333333333333,0.9105,0.9955,114700
0.000166666666666667,0.000333333333333333,0.0015,0,0,0,0.507,0.909333333333333,0.995,114800
0.000166666666666667,0.000333333333333333,0.0015,0,0,0,0.504,0.908166666666667,0.995,114900
0.000166666666666667,0.000333333333333333,0.0015,0,0,0,0.501333333333333,0.906833333333333,0.995,115000
0.000166666666666667,0.000333333333333333,0.0015,0,0,0,0.498833333333333,0.906,0.995,115100
0.000166666666666667,0.000333333333333333,0.0015,0,0,0,0.496,0.9045,0.995,115200
0.000166666666666667,0.000333333333333333,0.0015,0,0,0,0.4935,0.903666666666667,0.995,115300
0.000166666666666667,0.000333333333333333,0.0015,0,0,0,0.490333333333333,0.901833333333333,0.994833333333333,115400
0.000166666666666667,0.000333333333333333,0.0015,0,0,0,0.487333333333333,0.9,0.994833333333333,115500
0.000166666666666667,0.000333333333333333,0.0015,0,0,0,0.485666666666667,0.8995,0.994833333333333,115600
0.000166666666666667,0.000333333333333333,0.0015,0,0,0,0.483333333333333,0.898333333333333,0.994833333333333,115700
0.000166666666666667,0.000333333333333333,0.0015,0,0,0,0.4815,0.897666666666667,0.9945,115800
0.000166666666666667,0.000333333333333333,0.0015,0,0,0,0.478166666666667,0.896,0.994333333333333,115900
0.000166666666666667,0.000333333333333333,0.00133333333333333,0,0,0,0.4765,0.894666666666667,0.993833333333333,116000
0.000166666666666667,0.000333333333333333,0.00116666666666667,0,0,0,0.473666666666667,0.893666666666667,0.993666666666667,116100
0.000166666666666667,0.000333333333333333,0.00116666666666667,0,0,0,0.471166666666667,0.8915,0.9935,116200
0.000166666666666667,0.000333333333333333,0.00116666666666667,0,0,0,0.4685,0.889666666666667,0.993333333333333,116300
0.000166666666666667,0.000333333333333333,0.00116666666666667,0,0,0,0.466666666666667,0.887833333333333,0.993166666666667,116400
0.000166666666666667,0.000333333333333333,0.00116666666666667,0,0,0,0.4655,0.886666666666667,0.992833333333333,116500
0.000166666666666667,0.000333333333333333,0.00116666666666667,0,0,0,0.463166666666667,0.885333333333333,0.992666666666667,116600
0.000166666666666667,0.000333333333333333,0.00116666666666667,0,0,0,0.460666666666667,0.883666666666667,0.9925,116700
0.000166666666666667,0.000333333333333333,0.00116666666666667,0,0,0,0.459,0.882166666666667,0.992166666666667,116800
0.000166666666666667,0.000333333333333333,0.00116666666666667,0,0,0,0.456833333333333,0.8805,0.991833333333333,116900
0.000166666666666667,0.000333333333333333,0.00116666666666667,0,0,0,0.4545,0.879666666666667,0.991666666666667,117000
0.000166666666666667,0.000333333333333333,0.00116666666666667,0,0,0,0.452166666666667,0.878333333333333,0.991666666666667,117100
0.000166666666666667,0.000333333333333333,0.00116666666666667,0,0,0,0.448666666666667,0.876666666666667,0.9915,117200
0.000166666666666667,0.000333333333333333,0.00116666666666667,0,0,0,0.447,0.875333333333333,0.991166666666667,117300
0.000166666666666667,0.000333333333333333,0.001,0,0,0,0.4445,0.8745,0.991,117400
0.000166666666666667,0.000333333333333333,0.001,0,0,0,0.440666666666667,0.872166666666667,0.991,117500
0.000166666666666667,0.000333333333333333,0.001,0,0,0,0.437333333333333,0.870666666666667,0.991,117600
0.000166666666666667,0.000333333333333333,0.001,0,0,0,0.435666666666667,0.869666666666667,0.990833333333333,117700
0.000166666666666667,0.000333333333333333,0.001,0,0,0,0.434333333333333,0.867666666666667,0.990666666666667,117800
0.000166666666666667,0.000333333333333333,0.001,0,0,0,0.432,0.866166666666667,0.9905,117900
0.000166666666666667,0.000333333333333333,0.001,0,0,0,0.430166666666667,0.864333333333333,0.9905,118000
0.000166666666666667,0.000333333333333333,0.001,0,0,0,0.427333333333333,0.862833333333333,0.9905,118100
0.000166666666666667,0.000333333333333333,0.001,0,0,0,0.425,0.861166666666667,0.9905,118200
0.000166666666666667,0.000333333333333333,0.001,0,0,0,0.4235,0.859333333333333,0.9905,118300
0.000166666666666667,0.000333333333333333,0.001,0,0,0,0.421333333333333,0.858166666666667,0.990333333333333,118400
0.000166666666666667,0.000333333333333333,0.001,0,0,0,0.420333333333333,0.856666666666667,0.990166666666667,118500
0.000166666666666667,0.000333333333333333,0.001,0,0,0,0.418333333333333,0.856,0.99,118600
0.000166666666666667,0.000333333333333333,0.001,0,0,0,0.416333333333333,0.854833333333333,0.989833333333333,118700
0.000166666666666667,0.000333333333333333,0.001,0,0,0,0.413666666666667,0.853666666666667,0.989666666666667,118800
0.000166666666666667,0.000333333333333333,0.001,0,0,0,0.411333333333333,0.851833333333333,0.989333333333333,118900
0.000166666666666667,0.000333333333333333,0.001,0,0,0,0.409166666666667,0.8505,0.989166666666667,119000
0.000166666666666667,0.000333333333333333,0.001,0,0,0,0.407166666666667,0.8485,0.989,119100
0.000166666666666667,0.000333333333333333,0.001,0,0,0,0.404833333333333,0.846333333333333,0.988666666666667,119200
0.000166666666666667,0.000333333333333333,0.001,0,0,0,0.4025,0.844666666666667,0.988666666666667,119300
0.000166666666666667,0.000333333333333333,0.001,0,0,0,0.3995,0.8425,0.988,119400
0.000166666666666667,0.000333333333333333,0.001,0,0,0,0.397833333333333,0.841666666666667,0.9875,119500
0.000166666666666667,0.000333333333333333,0.001,0,0,0,0.3955,0.839666666666667,0.9875,119600
0.000166666666666667,0.000333333333333333,0.001,0,0,0,0.393333333333333,0.8375,0.987166666666667,119700
0.000166666666666667,0.000333333333333333,0.001,0,0,0,0.3905,0.836333333333333,0.986833333333333,119800
0.000166666666666667,0.000333333333333333,0.001,0,0,0,0.389,0.834666666666667,0.9865,119900
0.000166666666666667,0.000333333333333333,0.001,0,0,0,0.386666666666667,0.832833333333333,0.986166666666667,120000
0.000166666666666667,0.000333333333333333,0.001,0,0,0,0.385,0.831,0.985833333333333,120100
0.000166666666666667,0.000333333333333333,0.001,0,0,0,0.383,0.829,0.9855,120200
0.000166666666666667,0.000333333333333333,0.001,0,0,0,0.380833333333333,0.826666666666667,0.985,120300
0.000166666666666667,0.000333333333333333,0.001,0,0,0,0.378666666666667,0.825166666666667,0.985,120400
0.000166666666666667,0.000333333333333333,0.001,0,0,0,0.375666666666667,0.823833333333333,0.984333333333333,120500
0.000166666666666667,0.000333333333333333,0.001,0,0,0,0.373333333333333,0.821833333333333,0.983166666666667,120600
0.000166666666666667,0.000333333333333333,0.001,0,0,0,0.369833333333333,0.8205,0.983,120700
0.000166666666666667,0.000333333333333333,0.001,0,0,0,0.368,0.818666666666667,0.983,120800
0.000166666666666667,0.000333333333333333,0.001,0,0,0,0.3655,0.817166666666667,0.9825,120900
0.000166666666666667,0.000333333333333333,0.000833333333333333,0,0,0,0.362833333333333,0.8155,0.9825,121000
0.000166666666666667,0.000333333333333333,0.000833333333333333,0,0,0,0.360333333333333,0.8145,0.982166666666667,121100
0.000166666666666667,0.000333333333333333,0.000833333333333333,0,0,0,0.357833333333333,0.813166666666667,0.981833333333333,121200
0.000166666666666667,0.000333333333333333,0.000833333333333333,0,0,0,0.356333333333333,0.811333333333333,0.981333333333333,121300
0.000166666666666667,0.000333333333333333,0.000833333333333333,0,0,0,0.353,0.810333333333333,0.981,121400
0.000166666666666667,0.000333333333333333,0.000833333333333333,0,0,0,0.352,0.809166666666667,0.980666666666667,121500
0.000166666666666667,0.000333333333333333,0.000666666666666667,0,0,0,0.349166666666667,0.805833333333333,0.980333333333333,121600
0.000166666666666667,0.000333333333333333,0.000666666666666667,0,0,0,0.346166666666667,0.804666666666667,0.979833333333333,121700
0.000166666666666667,0.000333333333333333,5e-04,0,0,0,0.344333333333333,0.803333333333333,0.9795,121800
0.000166666666666667,0.000333333333333333,5e-04,0,0,0,0.342333333333333,0.801,0.979333333333333,121900
0.000166666666666667,0.000333333333333333,5e-04,0,0,0,0.340166666666667,0.798666666666667,0.978833333333333,122000
0.000166666666666667,0.000333333333333333,5e-04,0,0,0,0.3375,0.796833333333333,0.978333333333333,122100
0.000166666666666667,0.000166666666666667,5e-04,0,0,0,0.336333333333333,0.794666666666667,0.978,122200
0.000166666666666667,0.000166666666666667,5e-04,0,0,0,0.334333333333333,0.793,0.977833333333333,122300
0.000166666666666667,0.000166666666666667,5e-04,0,0,0,0.331666666666667,0.791,0.977666666666667,122400
0.000166666666666667,0.000166666666666667,5e-04,0,0,0,0.331,0.789333333333333,0.977333333333333,122500
0.000166666666666667,0.000166666666666667,0.000333333333333333,0,0,0,0.329333333333333,0.788333333333333,0.977333333333333,122600
0.000166666666666667,0.000166666666666667,0.000333333333333333,0,0,0,0.328,0.787,0.977,122700
0.000166666666666667,0.000166666666666667,0.000333333333333333,0,0,0,0.326333333333333,0.784666666666667,0.976333333333333,122800
0.000166666666666667,0.000166666666666667,0.000333333333333333,0,0,0,0.3245,0.783166666666667,0.976333333333333,122900
0.000166666666666667,0.000166666666666667,0.000333333333333333,0,0,0,0.322833333333333,0.781333333333333,0.976166666666667,123000
0.000166666666666667,0.000166666666666667,0.000333333333333333,0,0,0,0.320666666666667,0.7805,0.975833333333333,123100
0.000166666666666667,0.000166666666666667,0.000333333333333333,0,0,0,0.319666666666667,0.779166666666667,0.975666666666667,123200
0.000166666666666667,0.000166666666666667,0.000333333333333333,0,0,0,0.317333333333333,0.7775,0.9755,123300
0.000166666666666667,0.000166666666666667,0.000333333333333333,0,0,0,0.315666666666667,0.776,0.9745,123400
0.000166666666666667,0.000166666666666667,0.000333333333333333,0,0,0,0.313833333333333,0.774666666666667,0.974,123500
0.000166666666666667,0.000166666666666667,0.000333333333333333,0,0,0,0.311333333333333,0.771833333333333,0.9735,123600
0.000166666666666667,0.000166666666666667,0.000333333333333333,0,0,0,0.309833333333333,0.770666666666667,0.972833333333333,123700
0.000166666666666667,0.000166666666666667,0.000333333333333333,0,0,0,0.308,0.768333333333333,0.972166666666667,123800
0.000166666666666667,0.000166666666666667,0.000333333333333333,0,0,0,0.306333333333333,0.766166666666667,0.971833333333333,123900
0.000166666666666667,0.000166666666666667,0.000333333333333333,0,0,0,0.304166666666667,0.7645,0.971,124000
0.000166666666666667,0.000166666666666667,0.000333333333333333,0,0,0,0.302,0.763333333333333,0.970333333333333,124100
0.000166666666666667,0.000166666666666667,0.000333333333333333,0,0,0,0.2995,0.761333333333333,0.97,124200
0.000166666666666667,0.000166666666666667,0.000333333333333333,0,0,0,0.297666666666667,0.7585,0.969333333333333,124300
0.000166666666666667,0.000166666666666667,0.000333333333333333,0,0,0,0.296333333333333,0.7565,0.969,124400
0.000166666666666667,0.000166666666666667,0.000333333333333333,0,0,0,0.295333333333333,0.755333333333333,0.968666666666667,124500
0.000166666666666667,0.000166666666666667,0.000333333333333333,0,0,0,0.294166666666667,0.753,0.968,124600
0.000166666666666667,0.000166666666666667,0.000333333333333333,0,0,0,0.2925,0.751166666666667,0.967666666666667,124700
0.000166666666666667,0.000166666666666667,0.000333333333333333,0,0,0,0.290833333333333,0.7495,0.967,124800
0.000166666666666667,0.000166666666666667,0.000333333333333333,0,0,0,0.289166666666667,0.7475,0.966333333333333,124900
0.000166666666666667,0.000166666666666667,0.000333333333333333,0,0,0,0.287833333333333,0.746333333333333,0.965666666666667,125000
0.000166666666666667,0.000166666666666667,0.000333333333333333,0,0,0,0.286666666666667,0.744,0.964833333333333,125100
0.000166666666666667,0.000166666666666667,0.000333333333333333,0,0,0,0.285666666666667,0.741666666666667,0.964166666666667,125200
0.000166666666666667,0.000166666666666667,0.000333333333333333,0,0,0,0.282833333333333,0.7395,0.963833333333333,125300
0.000166666666666667,0.000166666666666667,0.000333333333333333,0,0,0,0.281166666666667,0.737666666666667,0.962833333333333,125400
0.000166666666666667,0.000166666666666667,0.000333333333333333,0,0,0,0.280333333333333,0.735666666666667,0.962166666666667,125500
0.000166666666666667,0.000166666666666667,0.000333333333333333,0,0,0,0.278666666666667,0.7345,0.961833333333333,125600
0.000166666666666667,0.000166666666666667,0.000333333333333333,0,0,0,0.277333333333333,0.731833333333333,0.961333333333333,125700
0.000166666666666667,0.000166666666666667,0.000333333333333333,0,0,0,0.276833333333333,0.729666666666667,0.960166666666667,125800
0.000166666666666667,0.000166666666666667,0.000333333333333333,0,0,0,0.275833333333333,0.727833333333333,0.9595,125900
0.000166666666666667,0.000166666666666667,0.000333333333333333,0,0,0,0.273833333333333,0.724833333333333,0.959,126000
0.000166666666666667,0.000166666666666667,0.000333333333333333,0,0,0,0.272,0.722166666666667,0.9585,126100
0.000166666666666667,0.000166666666666667,0.000333333333333333,0,0,0,0.269833333333333,0.720833333333333,0.958166666666667,126200
0.000166666666666667,0.000166666666666667,0.000333333333333333,0,0,0,0.269166666666667,0.719166666666667,0.957833333333333,126300
0.000166666666666667,0.000166666666666667,0.000333333333333333,0,0,0,0.268333333333333,0.717666666666667,0.9575,126400
0.000166666666666667,0.000166666666666667,0.000333333333333333,0,0,0,0.266666666666667,0.715166666666667,0.956333333333333,126500
0.000166666666666667,0.000166666666666667,0.000333333333333333,0,0,0,0.264833333333333,0.712833333333333,0.955333333333333,126600
0.000166666666666667,0.000166666666666667,0.000333333333333333,0,0,0,0.263833333333333,0.710333333333333,0.955,126700
0.000166666666666667,0.000166666666666667,0.000333333333333333,0,0,0,0.262333333333333,0.708833333333333,0.9545,126800
0.000166666666666667,0.000166666666666667,0.000333333333333333,0,0,0,0.261333333333333,0.707,0.954,126900
0.000166666666666667,0.000166666666666667,0.000333333333333333,0,0,0,0.259833333333333,0.704833333333333,0.953666666666667,127000
0.000166666666666667,0.000166666666666667,0.000333333333333333,0,0,0,0.258666666666667,0.702666666666667,0.953166666666667,127100
0.000166666666666667,0.000166666666666667,0.000333333333333333,0,0,0,0.257333333333333,0.700833333333333,0.952166666666667,127200
0.000166666666666667,0.000166666666666667,0.000333333333333333,0,0,0,0.255166666666667,0.698666666666667,0.951833333333333,127300
0.000166666666666667,0.000166666666666667,0.000333333333333333,0,0,0,0.253166666666667,0.695333333333333,0.951,127400
0.000166666666666667,0.000166666666666667,0.000333333333333333,0,0,0,0.2515,0.694,0.951,127500
0.000166666666666667,0.000166666666666667,0.000333333333333333,0,0,0,0.250166666666667,0.6915,0.949833333333333,127600
0.000166666666666667,0.000166666666666667,0.000333333333333333,0,0,0,0.249333333333333,0.69,0.9495,127700
0.000166666666666667,0.000166666666666667,0.000333333333333333,0,0,0,0.2485,0.688166666666667,0.949166666666667,127800
0.000166666666666667,0.000166666666666667,0.000333333333333333,0,0,0,0.247,0.685833333333333,0.948833333333333,127900
0.000166666666666667,0.000166666666666667,0.000333333333333333,0,0,0,0.245,0.684,0.948,128000
0.000166666666666667,0.000166666666666667,0.000333333333333333,0,0,0,0.243166666666667,0.682333333333333,0.947,128100
0.000166666666666667,0.000166666666666667,0.000333333333333333,0,0,0,0.241833333333333,0.680833333333333,0.946,128200
0.000166666666666667,0.000166666666666667,0.000333333333333333,0,0,0,0.240166666666667,0.678833333333333,0.9445,128300
0.000166666666666667,0.000166666666666667,0.000333333333333333,0,0,0,0.237833333333333,0.676833333333333,0.944,128400
0.000166666666666667,0.000166666666666667,0.000333333333333333,0,0,0,0.236166666666667,0.6745,0.943333333333333,128500
0.000166666666666667,0.000166666666666667,0.000333333333333333,0,0,0,0.235166666666667,0.673333333333333,0.942333333333333,128600
0.000166666666666667,0.000166666666666667,0.000333333333333333,0,0,0,0.2335,0.671333333333333,0.941166666666667,128700
0.000166666666666667,0.000166666666666667,0.000333333333333333,0,0,0,0.2325,0.669666666666667,0.9405,128800
0.000166666666666667,0.000166666666666667,0.000333333333333333,0,0,0,0.230333333333333,0.667666666666667,0.939333333333333,128900
0.000166666666666667,0.000166666666666667,0.000333333333333333,0,0,0,0.229,0.665333333333333,0.939,129000
0.000166666666666667,0.000166666666666667,0.000333333333333333,0,0,0,0.2275,0.663833333333333,0.937833333333333,129100
0.000166666666666667,0.000166666666666667,0.000333333333333333,0,0,0,0.226833333333333,0.661666666666667,0.937,129200
0.000166666666666667,0.000166666666666667,0.000333333333333333,0,0,0,0.224833333333333,0.661,0.935666666666667,129300
0.000166666666666667,0.000166666666666667,0.000333333333333333,0,0,0,0.223666666666667,0.658833333333333,0.9345,129400
0.000166666666666667,0.000166666666666667,0.000333333333333333,0,0,0,0.223,0.656166666666667,0.9335,129500
0.000166666666666667,0.000166666666666667,0.000333333333333333,0,0,0,0.221333333333333,0.653,0.932333333333333,129600
0.000166666666666667,0.000166666666666667,0.000333333333333333,0,0,0,0.220333333333333,0.651166666666667,0.931833333333333,129700
0.000166666666666667,0.000166666666666667,0.000333333333333333,0,0,0,0.218833333333333,0.649333333333333,0.930666666666667,129800
0.000166666666666667,0.000166666666666667,0.000333333333333333,0,0,0,0.2175,0.6465,0.93,129900
0,0.000166666666666667,0.000333333333333333,0,0,0,0.216166666666667,0.644,0.929,130000
0,0.000166666666666667,0.000333333333333333,0,0,0,0.215166666666667,0.641833333333333,0.9275,130100
0,0.000166666666666667,0.000333333333333333,0,0,0,0.213833333333333,0.640166666666667,0.927,130200
0,0.000166666666666667,0.000333333333333333,0,0,0,0.2125,0.6375,0.926333333333333,130300
0,0.000166666666666667,0.000333333333333333,0,0,0,0.210833333333333,0.636166666666667,0.925166666666667,130400
0,0.000166666666666667,0.000333333333333333,0,0,0,0.209166666666667,0.634833333333333,0.924333333333333,130500
0,0.000166666666666667,0.000333333333333333,0,0,0,0.208333333333333,0.633666666666667,0.923666666666667,130600
0,0.000166666666666667,0.000333333333333333,0,0,0,0.207666666666667,0.6325,0.923166666666667,130700
0,0.000166666666666667,0.000333333333333333,0,0,0,0.2065,0.630833333333333,0.9225,130800
0,0.000166666666666667,0.000333333333333333,0,0,0,0.205,0.627833333333333,0.9205,130900
0,0.000166666666666667,0.000333333333333333,0,0,0,0.202833333333333,0.626166666666667,0.919666666666667,131000
0,0.000166666666666667,0.000333333333333333,0,0,0,0.202333333333333,0.624,0.918666666666667,131100
0,0.000166666666666667,0.000333333333333333,0,0,0,0.201166666666667,0.621833333333333,0.917666666666667,131200
0,0.000166666666666667,0.000333333333333333,0,0,0,0.199833333333333,0.618666666666667,0.916833333333333,131300
0,0.000166666666666667,0.000333333333333333,0,0,0,0.198666666666667,0.616833333333333,0.915666666666667,131400
0,0.000166666666666667,0.000333333333333333,0,0,0,0.197333333333333,0.6145,0.915333333333333,131500
0,0.000166666666666667,0.000333333333333333,0,0,0,0.195833333333333,0.6115,0.9145,131600
0,0.000166666666666667,0.000333333333333333,0,0,0,0.1945,0.608833333333333,0.9135,131700
0,0.000166666666666667,0.000333333333333333,0,0,0,0.193666666666667,0.607,0.911666666666667,131800
0,0.000166666666666667,0.000333333333333333,0,0,0,0.192666666666667,0.605,0.9105,131900
0,0.000166666666666667,0.000333333333333333,0,0,0,0.191666666666667,0.602666666666667,0.909,132000
0,0.000166666666666667,0.000333333333333333,0,0,0,0.1905,0.6,0.908,132100
0,0.000166666666666667,0.000333333333333333,0,0,0,0.189166666666667,0.598666666666667,0.907,132200
0,0.000166666666666667,0.000333333333333333,0,0,0,0.188166666666667,0.596666666666667,0.9065,132300
0,0.000166666666666667,0.000333333333333333,0,0,0,0.186833333333333,0.594,0.905,132400
0,0.000166666666666667,0.000166666666666667,0,0,0,0.186,0.5915,0.904333333333333,132500
0,0.000166666666666667,0.000166666666666667,0,0,0,0.184333333333333,0.589,0.903,132600
0,0.000166666666666667,0.000166666666666667,0,0,0,0.1835,0.587166666666667,0.9015,132700
0,0.000166666666666667,0.000166666666666667,0,0,0,0.1815,0.584833333333333,0.900166666666667,132800
0,0.000166666666666667,0.000166666666666667,0,0,0,0.180166666666667,0.582333333333333,0.899666666666667,132900
0,0.000166666666666667,0.000166666666666667,0,0,0,0.178833333333333,0.581166666666667,0.8985,133000
0,0.000166666666666667,0.000166666666666667,0,0,0,0.178,0.578333333333333,0.898,133100
0,0.000166666666666667,0.000166666666666667,0,0,0,0.176,0.576666666666667,0.8965,133200
0,0.000166666666666667,0.000166666666666667,0,0,0,0.175,0.574166666666667,0.895666666666667,133300
0,0.000166666666666667,0.000166666666666667,0,0,0,0.173666666666667,0.5725,0.894666666666667,133400
0,0.000166666666666667,0.000166666666666667,0,0,0,0.172,0.570333333333333,0.892833333333333,133500
0,0.000166666666666667,0.000166666666666667,0,0,0,0.171833333333333,0.568666666666667,0.891666666666667,133600
0,0.000166666666666667,0.000166666666666667,0,0,0,0.170166666666667,0.567,0.889833333333333,133700
0,0.000166666666666667,0.000166666666666667,0,0,0,0.1685,0.564833333333333,0.888166666666667,133800
0,0.000166666666666667,0.000166666666666667,0,0,0,0.167666666666667,0.563166666666667,0.887,133900
0,0.000166666666666667,0.000166666666666667,0,0,0,0.167166666666667,0.560333333333333,0.886,134000
0,0.000166666666666667,0.000166666666666667,0,0,0,0.165833333333333,0.559,0.884166666666667,134100
0,0.000166666666666667,0.000166666666666667,0,0,0,0.1655,0.5565,0.883333333333333,134200
0,0.000166666666666667,0.000166666666666667,0,0,0,0.164666666666667,0.555666666666667,0.882,134300
0,0.000166666666666667,0.000166666666666667,0,0,0,0.163166666666667,0.554166666666667,0.8805,134400
0,0.000166666666666667,0.000166666666666667,0,0,0,0.162166666666667,0.551833333333333,0.879833333333333,134500
0,0.000166666666666667,0.000166666666666667,0,0,0,0.1615,0.549666666666667,0.879166666666667,134600
0,0.000166666666666667,0.000166666666666667,0,0,0,0.160333333333333,0.547166666666667,0.877166666666667,134700
0,0.000166666666666667,0.000166666666666667,0,0,0,0.159166666666667,0.5445,0.876,134800
0,0.000166666666666667,0.000166666666666667,0,0,0,0.157666666666667,0.543166666666667,0.875333333333333,134900
0,0.000166666666666667,0.000166666666666667,0,0,0,0.155666666666667,0.541166666666667,0.8735,135000
0,0.000166666666666667,0.000166666666666667,0,0,0,0.154833333333333,0.539333333333333,0.872,135100
0,0.000166666666666667,0.000166666666666667,0,0,0,0.153,0.537333333333333,0.870666666666667,135200
0,0.000166666666666667,0.000166666666666667,0,0,0,0.152,0.535833333333333,0.869833333333333,135300
0,0.000166666666666667,0.000166666666666667,0,0,0,0.151166666666667,0.534166666666667,0.8685,135400
0,0.000166666666666667,0.000166666666666667,0,0,0,0.150333333333333,0.532333333333333,0.867333333333333,135500
0,0.000166666666666667,0.000166666666666667,0,0,0,0.149333333333333,0.531166666666667,0.865333333333333,135600
0,0.000166666666666667,0.000166666666666667,0,0,0,0.148333333333333,0.5285,0.8635,135700
0,0.000166666666666667,0.000166666666666667,0,0,0,0.147666666666667,0.525833333333333,0.8625,135800
0,0.000166666666666667,0.000166666666666667,0,0,0,0.146666666666667,0.5245,0.860833333333333,135900
0,0.000166666666666667,0.000166666666666667,0,0,0,0.145833333333333,0.522333333333333,0.8595,136000
0,0.000166666666666667,0.000166666666666667,0,0,0,0.144666666666667,0.519833333333333,0.858666666666667,136100
0,0.000166666666666667,0.000166666666666667,0,0,0,0.144,0.518,0.857166666666667,136200
0,0.000166666666666667,0.000166666666666667,0,0,0,0.143166666666667,0.515833333333333,0.856333333333333,136300
0,0.000166666666666667,0.000166666666666667,0,0,0,0.142333333333333,0.514166666666667,0.8555,136400
0,0.000166666666666667,0.000166666666666667,0,0,0,0.141333333333333,0.511833333333333,0.853833333333333,136500
0,0.000166666666666667,0.000166666666666667,0,0,0,0.14,0.509833333333333,0.8535,136600
0,0.000166666666666667,0.000166666666666667,0,0,0,0.138666666666667,0.508,0.851666666666667,136700
0,0.000166666666666667,0.000166666666666667,0,0,0,0.138,0.505166666666667,0.850666666666667,136800
0,0.000166666666666667,0.000166666666666667,0,0,0,0.137166666666667,0.5035,0.849666666666667,136900
0,0.000166666666666667,0.000166666666666667,0,0,0,0.1365,0.501,0.847166666666667,137000
0,0.000166666666666667,0.000166666666666667,0,0,0,0.135833333333333,0.498833333333333,0.844833333333333,137100
0,0.000166666666666667,0.000166666666666667,0,0,0,0.134333333333333,0.4965,0.843666666666667,137200
0,0.000166666666666667,0.000166666666666667,0,0,0,0.133333333333333,0.494333333333333,0.8425,137300
0,0.000166666666666667,0.000166666666666667,0,0,0,0.132333333333333,0.491833333333333,0.841666666666667,137400
0,0.000166666666666667,0.000166666666666667,0,0,0,0.132,0.4895,0.839833333333333,137500
0,0.000166666666666667,0.000166666666666667,0,0,0,0.1315,0.486833333333333,0.837666666666667,137600
0,0.000166666666666667,0.000166666666666667,0,0,0,0.131166666666667,0.485666666666667,0.8365,137700
0,0.000166666666666667,0.000166666666666667,0,0,0,0.130166666666667,0.483666666666667,0.8355,137800
0,0.000166666666666667,0.000166666666666667,0,0,0,0.129166666666667,0.482333333333333,0.833666666666667,137900
0,0.000166666666666667,0.000166666666666667,0,0,0,0.1285,0.479833333333333,0.832166666666667,138000
0,0.000166666666666667,0.000166666666666667,0,0,0,0.128,0.4775,0.830666666666667,138100
0,0.000166666666666667,0.000166666666666667,0,0,0,0.127333333333333,0.475333333333333,0.829,138200
0,0.000166666666666667,0.000166666666666667,0,0,0,0.126666666666667,0.4735,0.826833333333333,138300
0,0.000166666666666667,0.000166666666666667,0,0,0,0.125666666666667,0.470833333333333,0.825666666666667,138400
0,0.000166666666666667,0.000166666666666667,0,0,0,0.125333333333333,0.4695,0.824166666666667,138500
0,0.000166666666666667,0.000166666666666667,0,0,0,0.123666666666667,0.467333333333333,0.822333333333333,138600
0,0.000166666666666667,0.000166666666666667,0,0,0,0.123,0.4665,0.821333333333333,138700
0,0.000166666666666667,0.000166666666666667,0,0,0,0.122166666666667,0.464833333333333,0.819833333333333,138800
0,0.000166666666666667,0.000166666666666667,0,0,0,0.121666666666667,0.463,0.818833333333333,138900
0,0.000166666666666667,0.000166666666666667,0,0,0,0.120833333333333,0.461,0.817,139000
0,0.000166666666666667,0.000166666666666667,0,0,0,0.119666666666667,0.459666666666667,0.815666666666667,139100
0,0.000166666666666667,0.000166666666666667,0,0,0,0.118666666666667,0.457666666666667,0.814666666666667,139200
0,0.000166666666666667,0.000166666666666667,0,0,0,0.118166666666667,0.456,0.813666666666667,139300
0,0.000166666666666667,0.000166666666666667,0,0,0,0.117666666666667,0.453666666666667,0.812666666666667,139400
0,0.000166666666666667,0.000166666666666667,0,0,0,0.117333333333333,0.451833333333333,0.811166666666667,139500
0,0.000166666666666667,0.000166666666666667,0,0,0,0.117,0.448666666666667,0.809833333333333,139600
0,0.000166666666666667,0.000166666666666667,0,0,0,0.1165,0.447333333333333,0.808666666666667,139700
0,0.000166666666666667,0.000166666666666667,0,0,0,0.115833333333333,0.445333333333333,0.806,139800
0,0.000166666666666667,0.000166666666666667,0,0,0,0.1155,0.442166666666667,0.805,139900
0,0.000166666666666667,0.000166666666666667,0,0,0,0.114666666666667,0.4395,0.803833333333333,140000
0,0.000166666666666667,0.000166666666666667,0,0,0,0.114,0.437,0.801833333333333,140100
0,0.000166666666666667,0.000166666666666667,0,0,0,0.1135,0.4355,0.8,140200
0,0.000166666666666667,0.000166666666666667,0,0,0,0.113,0.4345,0.798,140300
0,0.000166666666666667,0.000166666666666667,0,0,0,0.112166666666667,0.432166666666667,0.7965,140400
0,0.000166666666666667,0.000166666666666667,0,0,0,0.111833333333333,0.430833333333333,0.7945,140500
0,0.000166666666666667,0.000166666666666667,0,0,0,0.111166666666667,0.4285,0.793166666666667,140600
0,0.000166666666666667,0.000166666666666667,0,0,0,0.11,0.426666666666667,0.791333333333333,140700
0,0.000166666666666667,0.000166666666666667,0,0,0,0.108666666666667,0.425166666666667,0.7895,140800
0,0.000166666666666667,0.000166666666666667,0,0,0,0.108333333333333,0.423666666666667,0.788666666666667,140900
0,0.000166666666666667,0.000166666666666667,0,0,0,0.107833333333333,0.421833333333333,0.787833333333333,141000
0,0.000166666666666667,0.000166666666666667,0,0,0,0.107333333333333,0.420666666666667,0.786666666666667,141100
0,0.000166666666666667,0.000166666666666667,0,0,0,0.107,0.418833333333333,0.7845,141200
0,0.000166666666666667,0.000166666666666667,0,0,0,0.1065,0.417333333333333,0.783333333333333,141300
0,0.000166666666666667,0.000166666666666667,0,0,0,0.106166666666667,0.416,0.7815,141400
0,0.000166666666666667,0.000166666666666667,0,0,0,0.105833333333333,0.413833333333333,0.780833333333333,141500
0,0.000166666666666667,0.000166666666666667,0,0,0,0.105,0.412,0.78,141600
0,0.000166666666666667,0.000166666666666667,0,0,0,0.104333333333333,0.409833333333333,0.778833333333333,141700
0,0.000166666666666667,0.000166666666666667,0,0,0,0.103666666666667,0.408166666666667,0.777166666666667,141800
0,0.000166666666666667,0.000166666666666667,0,0,0,0.103166666666667,0.406,0.776,141900
0,0.000166666666666667,0.000166666666666667,0,0,0,0.1025,0.404166666666667,0.774,142000
0,0.000166666666666667,0.000166666666666667,0,0,0,0.101666666666667,0.4025,0.772,142100
0,0.000166666666666667,0.000166666666666667,0,0,0,0.1015,0.400166666666667,0.771166666666667,142200
0,0.000166666666666667,0.000166666666666667,0,0,0,0.1005,0.398333333333333,0.768666666666667,142300
0,0.000166666666666667,0.000166666666666667,0,0,0,0.0991666666666667,0.397,0.767666666666667,142400
0,0.000166666666666667,0.000166666666666667,0,0,0,0.0978333333333333,0.395,0.7655,142500
0,0.000166666666666667,0.000166666666666667,0,0,0,0.0973333333333333,0.392833333333333,0.7645,142600
0,0.000166666666666667,0.000166666666666667,0,0,0,0.0968333333333333,0.390333333333333,0.762833333333333,142700
0,0.000166666666666667,0.000166666666666667,0,0,0,0.0961666666666667,0.389166666666667,0.761166666666667,142800
0,0.000166666666666667,0.000166666666666667,0,0,0,0.0956666666666667,0.3875,0.758666666666667,142900
0,0.000166666666666667,0.000166666666666667,0,0,0,0.0945,0.385666666666667,0.757,143000
0,0.000166666666666667,0.000166666666666667,0,0,0,0.0938333333333333,0.384,0.755666666666667,143100
0,0.000166666666666667,0.000166666666666667,0,0,0,0.0936666666666667,0.382333333333333,0.753666666666667,143200
0,0.000166666666666667,0.000166666666666667,0,0,0,0.0926666666666667,0.380666666666667,0.7525,143300
0,0.000166666666666667,0.000166666666666667,0,0,0,0.0923333333333333,0.378666666666667,0.750833333333333,143400
0,0.000166666666666667,0.000166666666666667,0,0,0,0.092,0.376166666666667,0.749,143500
0,0.000166666666666667,0.000166666666666667,0,0,0,0.0918333333333333,0.373833333333333,0.747666666666667,143600
0,0.000166666666666667,0.000166666666666667,0,0,0,0.0908333333333333,0.371333333333333,0.7465,143700
0,0.000166666666666667,0.000166666666666667,0,0,0,0.0905,0.3695,0.7445,143800
0,0.000166666666666667,0.000166666666666667,0,0,0,0.0898333333333333,0.3675,0.742333333333333,143900
0,0.000166666666666667,0.000166666666666667,0,0,0,0.0891666666666667,0.365666666666667,0.740333333333333,144000
0,0.000166666666666667,0.000166666666666667,0,0,0,0.0886666666666667,0.3635,0.739166666666667,144100
0,0.000166666666666667,0.000166666666666667,0,0,0,0.0881666666666667,0.361166666666667,0.737166666666667,144200
0,0.000166666666666667,0.000166666666666667,0,0,0,0.0873333333333333,0.359,0.735166666666667,144300
0,0.000166666666666667,0.000166666666666667,0,0,0,0.0866666666666667,0.357333333333333,0.7345,144400
0,0.000166666666666667,0.000166666666666667,0,0,0,0.0865,0.355666666666667,0.732166666666667,144500
0,0.000166666666666667,0.000166666666666667,0,0,0,0.086,0.352833333333333,0.73,144600
0,0.000166666666666667,0.000166666666666667,0,0,0,0.0851666666666667,0.352166666666667,0.728833333333333,144700
0,0,0.000166666666666667,0,0,0,0.0848333333333333,0.35,0.726,144800
0,0,0.000166666666666667,0,0,0,0.084,0.348166666666667,0.723666666666667,144900
0,0,0.000166666666666667,0,0,0,0.0838333333333333,0.345666666666667,0.7215,145000
0,0,0.000166666666666667,0,0,0,0.0833333333333333,0.343666666666667,0.720666666666667,145100
0,0,0.000166666666666667,0,0,0,0.0828333333333333,0.342166666666667,0.719333333333333,145200
0,0,0.000166666666666667,0,0,0,0.0828333333333333,0.340333333333333,0.718,145300
0,0,0.000166666666666667,0,0,0,0.0823333333333333,0.3385,0.715666666666667,145400
0,0,0.000166666666666667,0,0,0,0.0816666666666667,0.336833333333333,0.713666666666667,145500
0,0,0.000166666666666667,0,0,0,0.0811666666666667,0.335666666666667,0.712,145600
0,0,0.000166666666666667,0,0,0,0.081,0.333833333333333,0.71,145700
0,0,0.000166666666666667,0,0,0,0.0808333333333333,0.331833333333333,0.708166666666667,145800
0,0,0.000166666666666667,0,0,0,0.0803333333333333,0.331166666666667,0.7065,145900
0,0,0.000166666666666667,0,0,0,0.0795,0.329666666666667,0.705166666666667,146000
0,0,0.000166666666666667,0,0,0,0.079,0.328333333333333,0.703,146100
0,0,0.000166666666666667,0,0,0,0.0783333333333333,0.327333333333333,0.701333333333333,146200
0,0,0.000166666666666667,0,0,0,0.0778333333333333,0.3255,0.699666666666667,146300
0,0,0.000166666666666667,0,0,0,0.0775,0.324166666666667,0.697666666666667,146400
0,0,0.000166666666666667,0,0,0,0.0773333333333333,0.323,0.694666666666667,146500
0,0,0.000166666666666667,0,0,0,0.077,0.321166666666667,0.693666666666667,146600
0,0,0.000166666666666667,0,0,0,0.0766666666666667,0.320333333333333,0.6915,146700
0,0,0.000166666666666667,0,0,0,0.076,0.318,0.690166666666667,146800
0,0,0.000166666666666667,0,0,0,0.0756666666666667,0.316833333333333,0.688333333333333,146900
0,0,0.000166666666666667,0,0,0,0.0753333333333333,0.315333333333333,0.686666666666667,147000
0,0,0.000166666666666667,0,0,0,0.0748333333333333,0.313833333333333,0.685166666666667,147100
0,0,0.000166666666666667,0,0,0,0.074,0.312,0.683333333333333,147200
0,0,0.000166666666666667,0,0,0,0.0731666666666667,0.310333333333333,0.681833333333333,147300
0,0,0.000166666666666667,0,0,0,0.0723333333333333,0.3085,0.680666666666667,147400
0,0,0.000166666666666667,0,0,0,0.0718333333333333,0.306833333333333,0.679,147500
0,0,0.000166666666666667,0,0,0,0.0718333333333333,0.306166666666667,0.677166666666667,147600
0,0,0.000166666666666667,0,0,0,0.0711666666666667,0.304166666666667,0.675,147700
0,0,0.000166666666666667,0,0,0,0.0705,0.302166666666667,0.674,147800
0,0,0.000166666666666667,0,0,0,0.0698333333333333,0.299833333333333,0.6725,147900
0,0,0.000166666666666667,0,0,0,0.0695,0.298166666666667,0.670666666666667,148000
0,0,0.000166666666666667,0,0,0,0.0685,0.297166666666667,0.6695,148100
0,0,0.000166666666666667,0,0,0,0.0683333333333333,0.296166666666667,0.667166666666667,148200
0,0,0.000166666666666667,0,0,0,0.0671666666666667,0.295166666666667,0.6655,148300
0,0,0.000166666666666667,0,0,0,0.067,0.294333333333333,0.664,148400
0,0,0.000166666666666667,0,0,0,0.0665,0.292833333333333,0.6625,148500
0,0,0.000166666666666667,0,0,0,0.066,0.291166666666667,0.6615,148600
0,0,0.000166666666666667,0,0,0,0.0655,0.290166666666667,0.659833333333333,148700
0,0,0.000166666666666667,0,0,0,0.0653333333333333,0.288666666666667,0.658333333333333,148800
0,0,0.000166666666666667,0,0,0,0.0646666666666667,0.287666666666667,0.6555,148900
0,0,0.000166666666666667,0,0,0,0.0643333333333333,0.2865,0.653,149000
0,0,0.000166666666666667,0,0,0,0.064,0.286,0.651333333333333,149100
0,0,0.000166666666666667,0,0,0,0.0635,0.284,0.649833333333333,149200
0,0,0.000166666666666667,0,0,0,0.0626666666666667,0.282,0.6475,149300
0,0,0.000166666666666667,0,0,0,0.0616666666666667,0.280833333333333,0.645166666666667,149400
0,0,0.000166666666666667,0,0,0,0.0611666666666667,0.28,0.643666666666667,149500
0,0,0.000166666666666667,0,0,0,0.0608333333333333,0.278833333333333,0.641666666666667,149600
0,0,0.000166666666666667,0,0,0,0.0596666666666667,0.2775,0.64,149700
0,0,0.000166666666666667,0,0,0,0.059,0.277333333333333,0.6375,149800
0,0,0.000166666666666667,0,0,0,0.0585,0.2765,0.6365,149900
0,0,0.000166666666666667,0,0,0,0.058,0.275166666666667,0.635666666666667,150000
0,0,0.000166666666666667,0,0,0,0.0576666666666667,0.273666666666667,0.6345,150100
0,0,0.000166666666666667,0,0,0,0.0573333333333333,0.271833333333333,0.6335,150200
0,0,0.000166666666666667,0,0,0,0.057,0.27,0.632333333333333,150300
0,0,0.000166666666666667,0,0,0,0.0568333333333333,0.269333333333333,0.630166666666667,150400
0,0,0.000166666666666667,0,0,0,0.056,0.268833333333333,0.627833333333333,150500
0,0,0.000166666666666667,0,0,0,0.056,0.268,0.626333333333333,150600
0,0,0.000166666666666667,0,0,0,0.056,0.266333333333333,0.624333333333333,150700
0,0,0.000166666666666667,0,0,0,0.0558333333333333,0.265,0.622833333333333,150800
0,0,0.000166666666666667,0,0,0,0.0556666666666667,0.264,0.619666666666667,150900
0,0,0.000166666666666667,0,0,0,0.0553333333333333,0.262833333333333,0.6175,151000
0,0,0.000166666666666667,0,0,0,0.0548333333333333,0.262,0.616333333333333,151100
0,0,0.000166666666666667,0,0,0,0.0541666666666667,0.261,0.614166666666667,151200
0,0,0.000166666666666667,0,0,0,0.0538333333333333,0.259666666666667,0.611,151300
0,0,0.000166666666666667,0,0,0,0.0535,0.258666666666667,0.609,151400
0,0,0.000166666666666667,0,0,0,0.0528333333333333,0.2575,0.607333333333333,151500
0,0,0.000166666666666667,0,0,0,0.0525,0.255333333333333,0.606,151600
0,0,0.000166666666666667,0,0,0,0.0521666666666667,0.253666666666667,0.604,151700
0,0,0.000166666666666667,0,0,0,0.0515,0.252666666666667,0.602166666666667,151800
0,0,0.000166666666666667,0,0,0,0.0508333333333333,0.251333333333333,0.5995,151900
0,0,0.000166666666666667,0,0,0,0.0498333333333333,0.25,0.598333333333333,152000
0,0,0.000166666666666667,0,0,0,0.0498333333333333,0.2495,0.596666666666667,152100
0,0,0.000166666666666667,0,0,0,0.0496666666666667,0.249,0.594333333333333,152200
0,0,0.000166666666666667,0,0,0,0.0486666666666667,0.2475,0.592333333333333,152300
0,0,0.000166666666666667,0,0,0,0.0481666666666667,0.246166666666667,0.5895,152400
0,0,0.000166666666666667,0,0,0,0.0478333333333333,0.244333333333333,0.588833333333333,152500
0,0,0.000166666666666667,0,0,0,0.0478333333333333,0.243166666666667,0.586333333333333,152600
0,0,0.000166666666666667,0,0,0,0.0473333333333333,0.241833333333333,0.584166666666667,152700
0,0,0.000166666666666667,0,0,0,0.047,0.240333333333333,0.582333333333333,152800
0,0,0.000166666666666667,0,0,0,0.0466666666666667,0.238333333333333,0.581333333333333,152900
0,0,0.000166666666666667,0,0,0,0.0465,0.237,0.578666666666667,153000
0,0,0.000166666666666667,0,0,0,0.0463333333333333,0.236,0.577666666666667,153100
0,0,0.000166666666666667,0,0,0,0.0461666666666667,0.235166666666667,0.575666666666667,153200
0,0,0.000166666666666667,0,0,0,0.0456666666666667,0.2335,0.573833333333333,153300
0,0,0.000166666666666667,0,0,0,0.0455,0.232666666666667,0.5715,153400
0,0,0.000166666666666667,0,0,0,0.0448333333333333,0.231166666666667,0.570333333333333,153500
0,0,0.000166666666666667,0,0,0,0.0448333333333333,0.229333333333333,0.568833333333333,153600
0,0,0.000166666666666667,0,0,0,0.0446666666666667,0.2285,0.567166666666667,153700
0,0,0.000166666666666667,0,0,0,0.0441666666666667,0.227333333333333,0.565333333333333,153800
0,0,0.000166666666666667,0,0,0,0.044,0.226333333333333,0.563666666666667,153900
0,0,0.000166666666666667,0,0,0,0.0431666666666667,0.224833333333333,0.561666666666667,154000
0,0,0.000166666666666667,0,0,0,0.0428333333333333,0.223833333333333,0.559666666666667,154100
0,0,0.000166666666666667,0,0,0,0.0425,0.223333333333333,0.558166666666667,154200
0,0,0.000166666666666667,0,0,0,0.0423333333333333,0.222166666666667,0.556333333333333,154300
0,0,0.000166666666666667,0,0,0,0.0421666666666667,0.221166666666667,0.555833333333333,154400
0,0,0.000166666666666667,0,0,0,0.0418333333333333,0.22,0.5545,154500
0,0,0.000166666666666667,0,0,0,0.0418333333333333,0.219,0.552333333333333,154600
0,0,0.000166666666666667,0,0,0,0.0416666666666667,0.218166666666667,0.5505,154700
0,0,0.000166666666666667,0,0,0,0.0411666666666667,0.217,0.548166666666667,154800
0,0,0.000166666666666667,0,0,0,0.0406666666666667,0.2155,0.545833333333333,154900
0,0,0.000166666666666667,0,0,0,0.04,0.214833333333333,0.544333333333333,155000
0,0,0.000166666666666667,0,0,0,0.0398333333333333,0.214,0.543,155100
0,0,0.000166666666666667,0,0,0,0.0396666666666667,0.212666666666667,0.541166666666667,155200
0,0,0.000166666666666667,0,0,0,0.0396666666666667,0.211,0.539833333333333,155300
0,0,0.000166666666666667,0,0,0,0.0393333333333333,0.2095,0.537833333333333,155400
0,0,0.000166666666666667,0,0,0,0.039,0.209,0.536333333333333,155500
0,0,0.000166666666666667,0,0,0,0.039,0.208,0.535,155600
0,0,0.000166666666666667,0,0,0,0.0383333333333333,0.207833333333333,0.533333333333333,155700
0,0,0.000166666666666667,0,0,0,0.0381666666666667,0.206666666666667,0.532,155800
0,0,0.000166666666666667,0,0,0,0.0376666666666667,0.205166666666667,0.531,155900
0,0,0.000166666666666667,0,0,0,0.0373333333333333,0.203166666666667,0.5285,156000
0,0,0.000166666666666667,0,0,0,0.0373333333333333,0.202666666666667,0.526,156100
0,0,0.000166666666666667,0,0,0,0.037,0.202166666666667,0.525166666666667,156200
0,0,0.000166666666666667,0,0,0,0.0368333333333333,0.2005,0.523,156300
0,0,0.000166666666666667,0,0,0,0.0365,0.199833333333333,0.521,156400
0,0,0,0,0,0,0.036,0.198833333333333,0.519333333333333,156500
0,0,0,0,0,0,0.0355,0.198166666666667,0.5175,156600
0,0,0,0,0,0,0.035,0.196333333333333,0.515833333333333,156700
0,0,0,0,0,0,0.0346666666666667,0.195166666666667,0.514333333333333,156800
0,0,0,0,0,0,0.0346666666666667,0.194333333333333,0.512333333333333,156900
0,0,0,0,0,0,0.0346666666666667,0.193833333333333,0.510333333333333,157000
0,0,0,0,0,0,0.0345,0.192833333333333,0.508333333333333,157100
0,0,0,0,0,0,0.0345,0.191833333333333,0.507166666666667,157200
0,0,0,0,0,0,0.0341666666666667,0.191333333333333,0.504666666666667,157300
0,0,0,0,0,0,0.0341666666666667,0.189666666666667,0.503166666666667,157400
0,0,0,0,0,0,0.0341666666666667,0.188833333333333,0.500833333333333,157500
0,0,0,0,0,0,0.034,0.188333333333333,0.499,157600
0,0,0,0,0,0,0.0335,0.187,0.497166666666667,157700
0,0,0,0,0,0,0.0335,0.186166666666667,0.495166666666667,157800
0,0,0,0,0,0,0.0335,0.185166666666667,0.493,157900
0,0,0,0,0,0,0.0335,0.184,0.490833333333333,158000
0,0,0,0,0,0,0.0333333333333333,0.182333333333333,0.488666666666667,158100
0,0,0,0,0,0,0.0331666666666667,0.181333333333333,0.486666666666667,158200
0,0,0,0,0,0,0.033,0.180333333333333,0.485666666666667,158300
0,0,0,0,0,0,0.0321666666666667,0.179,0.484,158400
0,0,0,0,0,0,0.0321666666666667,0.178833333333333,0.482666666666667,158500
0,0,0,0,0,0,0.0318333333333333,0.176666666666667,0.480833333333333,158600
0,0,0,0,0,0,0.0318333333333333,0.175833333333333,0.478333333333333,158700
0,0,0,0,0,0,0.0318333333333333,0.174333333333333,0.477166666666667,158800
0,0,0,0,0,0,0.0316666666666667,0.1735,0.474666666666667,158900
0,0,0,0,0,0,0.0315,0.172166666666667,0.473166666666667,159000
0,0,0,0,0,0,0.0311666666666667,0.172,0.4715,159100
0,0,0,0,0,0,0.0311666666666667,0.170833333333333,0.469666666666667,159200
0,0,0,0,0,0,0.031,0.169,0.467666666666667,159300
0,0,0,0,0,0,0.0308333333333333,0.168666666666667,0.467,159400
0,0,0,0,0,0,0.0306666666666667,0.167833333333333,0.465833333333333,159500
0,0,0,0,0,0,0.0305,0.167333333333333,0.464833333333333,159600
0,0,0,0,0,0,0.03,0.166166666666667,0.462333333333333,159700
0,0,0,0,0,0,0.0296666666666667,0.165833333333333,0.460666666666667,159800
0,0,0,0,0,0,0.0296666666666667,0.165333333333333,0.459666666666667,159900
0,0,0,0,0,0,0.0291666666666667,0.1645,0.457833333333333,160000
0,0,0,0,0,0,0.0291666666666667,0.162833333333333,0.456833333333333,160100
0,0,0,0,0,0,0.029,0.162166666666667,0.454666666666667,160200
0,0,0,0,0,0,0.0286666666666667,0.161666666666667,0.453166666666667,160300
0,0,0,0,0,0,0.0285,0.160666666666667,0.450666666666667,160400
0,0,0,0,0,0,0.0281666666666667,0.159833333333333,0.448666666666667,160500
0,0,0,0,0,0,0.0281666666666667,0.158333333333333,0.447333333333333,160600
0,0,0,0,0,0,0.028,0.156833333333333,0.445833333333333,160700
0,0,0,0,0,0,0.0276666666666667,0.155666666666667,0.442666666666667,160800
0,0,0,0,0,0,0.0276666666666667,0.155,0.440333333333333,160900
0,0,0,0,0,0,0.0273333333333333,0.153666666666667,0.438,161000
0,0,0,0,0,0,0.0273333333333333,0.1525,0.436333333333333,161100
0,0,0,0,0,0,0.0271666666666667,0.151833333333333,0.435333333333333,161200
0,0,0,0,0,0,0.027,0.150666666666667,0.434333333333333,161300
0,0,0,0,0,0,0.0265,0.1505,0.432166666666667,161400
0,0,0,0,0,0,0.0261666666666667,0.1495,0.431,161500
0,0,0,0,0,0,0.026,0.1485,0.429333333333333,161600
0,0,0,0,0,0,0.0258333333333333,0.147833333333333,0.4275,161700
0,0,0,0,0,0,0.0256666666666667,0.147666666666667,0.426666666666667,161800
0,0,0,0,0,0,0.0255,0.1465,0.4245,161900
0,0,0,0,0,0,0.0253333333333333,0.145833333333333,0.423666666666667,162000
0,0,0,0,0,0,0.0251666666666667,0.144833333333333,0.421833333333333,162100
0,0,0,0,0,0,0.0248333333333333,0.144333333333333,0.420833333333333,162200
0,0,0,0,0,0,0.0246666666666667,0.1435,0.4195,162300
0,0,0,0,0,0,0.0243333333333333,0.142833333333333,0.418333333333333,162400
0,0,0,0,0,0,0.0241666666666667,0.142166666666667,0.416833333333333,162500
0,0,0,0,0,0,0.0241666666666667,0.141166666666667,0.414833333333333,162600
0,0,0,0,0,0,0.0241666666666667,0.14,0.413333333333333,162700
0,0,0,0,0,0,0.0235,0.139,0.411333333333333,162800
0,0,0,0,0,0,0.0235,0.1385,0.409833333333333,162900
0,0,0,0,0,0,0.0235,0.137833333333333,0.408666666666667,163000
0,0,0,0,0,0,0.0233333333333333,0.137333333333333,0.406833333333333,163100
0,0,0,0,0,0,0.0231666666666667,0.136666666666667,0.405166666666667,163200
0,0,0,0,0,0,0.023,0.135666666666667,0.403333333333333,163300
0,0,0,0,0,0,0.023,0.1345,0.402,163400
0,0,0,0,0,0,0.023,0.133666666666667,0.399666666666667,163500
0,0,0,0,0,0,0.023,0.133166666666667,0.398,163600
0,0,0,0,0,0,0.023,0.132166666666667,0.397,163700
0,0,0,0,0,0,0.0228333333333333,0.132166666666667,0.395333333333333,163800
0,0,0,0,0,0,0.0228333333333333,0.131666666666667,0.393333333333333,163900
0,0,0,0,0,0,0.0226666666666667,0.131333333333333,0.391833333333333,164000
0,0,0,0,0,0,0.0226666666666667,0.130333333333333,0.389666666666667,164100
0,0,0,0,0,0,0.0226666666666667,0.129333333333333,0.3885,164200
0,0,0,0,0,0,0.0226666666666667,0.128666666666667,0.387,164300
0,0,0,0,0,0,0.0223333333333333,0.128666666666667,0.3855,164400
0,0,0,0,0,0,0.0223333333333333,0.128,0.384333333333333,164500
0,0,0,0,0,0,0.0223333333333333,0.127166666666667,0.383,164600
0,0,0,0,0,0,0.0221666666666667,0.126833333333333,0.381166666666667,164700
0,0,0,0,0,0,0.0216666666666667,0.126,0.379666666666667,164800
0,0,0,0,0,0,0.0215,0.125833333333333,0.377,164900
0,0,0,0,0,0,0.0213333333333333,0.1255,0.3755,165000
0,0,0,0,0,0,0.0213333333333333,0.123666666666667,0.3735,165100
0,0,0,0,0,0,0.0211666666666667,0.123166666666667,0.371333333333333,165200
0,0,0,0,0,0,0.0211666666666667,0.122333333333333,0.3695,165300
0,0,0,0,0,0,0.0211666666666667,0.122,0.368166666666667,165400
0,0,0,0,0,0,0.0211666666666667,0.121333333333333,0.365833333333333,165500
0,0,0,0,0,0,0.021,0.120666666666667,0.364833333333333,165600
0,0,0,0,0,0,0.0208333333333333,0.1195,0.3625,165700
0,0,0,0,0,0,0.0206666666666667,0.118833333333333,0.360666666666667,165800
0,0,0,0,0,0,0.0205,0.118333333333333,0.358833333333333,165900
0,0,0,0,0,0,0.0205,0.118,0.3575,166000
0,0,0,0,0,0,0.0203333333333333,0.117666666666667,0.356,166100
0,0,0,0,0,0,0.0203333333333333,0.117333333333333,0.353333333333333,166200
0,0,0,0,0,0,0.0201666666666667,0.116833333333333,0.352666666666667,166300
0,0,0,0,0,0,0.0201666666666667,0.116666666666667,0.351333333333333,166400
0,0,0,0,0,0,0.0201666666666667,0.116166666666667,0.349333333333333,166500
0,0,0,0,0,0,0.0201666666666667,0.115666666666667,0.3475,166600
0,0,0,0,0,0,0.0198333333333333,0.115166666666667,0.345666666666667,166700
0,0,0,0,0,0,0.0195,0.1145,0.344,166800
0,0,0,0,0,0,0.0195,0.114166666666667,0.342666666666667,166900
0,0,0,0,0,0,0.0191666666666667,0.113666666666667,0.340833333333333,167000
0,0,0,0,0,0,0.019,0.113166666666667,0.339166666666667,167100
0,0,0,0,0,0,0.019,0.112833333333333,0.3375,167200
0,0,0,0,0,0,0.0186666666666667,0.112166666666667,0.336666666666667,167300
0,0,0,0,0,0,0.0185,0.1115,0.3355,167400
0,0,0,0,0,0,0.0181666666666667,0.111166666666667,0.333833333333333,167500
0,0,0,0,0,0,0.0181666666666667,0.109833333333333,0.331833333333333,167600
0,0,0,0,0,0,0.018,0.108833333333333,0.331333333333333,167700
0,0,0,0,0,0,0.018,0.1085,0.330333333333333,167800
0,0,0,0,0,0,0.018,0.108166666666667,0.329166666666667,167900
0,0,0,0,0,0,0.0178333333333333,0.107666666666667,0.328166666666667,168000
0,0,0,0,0,0,0.0178333333333333,0.1075,0.327,168100
0,0,0,0,0,0,0.0176666666666667,0.107,0.3255,168200
0,0,0,0,0,0,0.0176666666666667,0.1065,0.324166666666667,168300
0,0,0,0,0,0,0.0176666666666667,0.106333333333333,0.323166666666667,168400
0,0,0,0,0,0,0.0171666666666667,0.106,0.3215,168500
0,0,0,0,0,0,0.0171666666666667,0.1055,0.320666666666667,168600
0,0,0,0,0,0,0.017,0.1045,0.319166666666667,168700
0,0,0,0,0,0,0.017,0.1045,0.317833333333333,168800
0,0,0,0,0,0,0.0168333333333333,0.103833333333333,0.316333333333333,168900
0,0,0,0,0,0,0.0168333333333333,0.103333333333333,0.315166666666667,169000
0,0,0,0,0,0,0.0168333333333333,0.102666666666667,0.313833333333333,169100
0,0,0,0,0,0,0.0166666666666667,0.102166666666667,0.312,169200
0,0,0,0,0,0,0.0165,0.101666666666667,0.311166666666667,169300
0,0,0,0,0,0,0.0163333333333333,0.101666666666667,0.309666666666667,169400
0,0,0,0,0,0,0.0161666666666667,0.100333333333333,0.308166666666667,169500
0,0,0,0,0,0,0.0161666666666667,0.0993333333333333,0.306666666666667,169600
0,0,0,0,0,0,0.016,0.0981666666666667,0.305666666666667,169700
0,0,0,0,0,0,0.0158333333333333,0.0978333333333333,0.304166666666667,169800
0,0,0,0,0,0,0.0156666666666667,0.097,0.302333333333333,169900
0,0,0,0,0,0,0.0151666666666667,0.097,0.299833333333333,170000
0,0,0,0,0,0,0.0151666666666667,0.0961666666666667,0.299,170100
0,0,0,0,0,0,0.015,0.0958333333333333,0.297833333333333,170200
0,0,0,0,0,0,0.0148333333333333,0.0946666666666667,0.297,170300
0,0,0,0,0,0,0.0146666666666667,0.094,0.295833333333333,170400
0,0,0,0,0,0,0.0145,0.0938333333333333,0.294833333333333,170500
0,0,0,0,0,0,0.0145,0.0935,0.294333333333333,170600
0,0,0,0,0,0,0.0143333333333333,0.0928333333333333,0.292833333333333,170700
0,0,0,0,0,0,0.0143333333333333,0.0925,0.291666666666667,170800
0,0,0,0,0,0,0.0143333333333333,0.0921666666666667,0.2905,170900
0,0,0,0,0,0,0.0143333333333333,0.092,0.289333333333333,171000
0,0,0,0,0,0,0.0143333333333333,0.0913333333333333,0.288333333333333,171100
0,0,0,0,0,0,0.0143333333333333,0.0908333333333333,0.287333333333333,171200
0,0,0,0,0,0,0.0141666666666667,0.0903333333333333,0.2865,171300
0,0,0,0,0,0,0.0141666666666667,0.09,0.286,171400
0,0,0,0,0,0,0.0141666666666667,0.0893333333333333,0.284666666666667,171500
0,0,0,0,0,0,0.0141666666666667,0.089,0.282333333333333,171600
0,0,0,0,0,0,0.0141666666666667,0.0883333333333333,0.281333333333333,171700
0,0,0,0,0,0,0.0141666666666667,0.0878333333333333,0.280666666666667,171800
0,0,0,0,0,0,0.0141666666666667,0.0873333333333333,0.279166666666667,171900
0,0,0,0,0,0,0.0141666666666667,0.0868333333333333,0.2785,172000
0,0,0,0,0,0,0.014,0.0866666666666667,0.2775,172100
0,0,0,0,0,0,0.014,0.0863333333333333,0.277333333333333,172200
0,0,0,0,0,0,0.014,0.0858333333333333,0.2765,172300
0,0,0,0,0,0,0.0138333333333333,0.085,0.275666666666667,172400
0,0,0,0,0,0,0.0138333333333333,0.0843333333333333,0.274333333333333,172500
0,0,0,0,0,0,0.0136666666666667,0.084,0.273333333333333,172600
0,0,0,0,0,0,0.0136666666666667,0.0838333333333333,0.271,172700
0,0,0,0,0,0,0.0135,0.0836666666666667,0.269833333333333,172800
0,0,0,0,0,0,0.0135,0.0831666666666667,0.269333333333333,172900
0,0,0,0,0,0,0.0135,0.083,0.268833333333333,173000
0,0,0,0,0,0,0.0135,0.083,0.2685,173100
0,0,0,0,0,0,0.0133333333333333,0.0825,0.266833333333333,173200
0,0,0,0,0,0,0.0133333333333333,0.0818333333333333,0.265833333333333,173300
0,0,0,0,0,0,0.0131666666666667,0.0815,0.264833333333333,173400
0,0,0,0,0,0,0.0131666666666667,0.0811666666666667,0.264,173500
0,0,0,0,0,0,0.0131666666666667,0.0811666666666667,0.262666666666667,173600
0,0,0,0,0,0,0.0131666666666667,0.081,0.262,173700
0,0,0,0,0,0,0.0131666666666667,0.0801666666666667,0.261,173800
0,0,0,0,0,0,0.0131666666666667,0.0796666666666667,0.259833333333333,173900
0,0,0,0,0,0,0.0131666666666667,0.0791666666666667,0.259,174000
0,0,0,0,0,0,0.0131666666666667,0.0788333333333333,0.258166666666667,174100
0,0,0,0,0,0,0.013,0.0781666666666667,0.2565,174200
0,0,0,0,0,0,0.0128333333333333,0.0778333333333333,0.255166666666667,174300
0,0,0,0,0,0,0.0128333333333333,0.0775,0.253666666666667,174400
0,0,0,0,0,0,0.0128333333333333,0.0775,0.253,174500
0,0,0,0,0,0,0.0128333333333333,0.0771666666666667,0.2515,174600
0,0,0,0,0,0,0.0126666666666667,0.0768333333333333,0.250333333333333,174700
0,0,0,0,0,0,0.0123333333333333,0.0766666666666667,0.249833333333333,174800
0,0,0,0,0,0,0.0121666666666667,0.076,0.249333333333333,174900
0,0,0,0,0,0,0.0121666666666667,0.0758333333333333,0.2485,175000
0,0,0,0,0,0,0.0121666666666667,0.0751666666666667,0.247333333333333,175100
0,0,0,0,0,0,0.0121666666666667,0.075,0.246166666666667,175200
0,0,0,0,0,0,0.0121666666666667,0.0745,0.244833333333333,175300
0,0,0,0,0,0,0.0121666666666667,0.0735,0.243333333333333,175400
0,0,0,0,0,0,0.0121666666666667,0.0728333333333333,0.242333333333333,175500
0,0,0,0,0,0,0.0121666666666667,0.0723333333333333,0.2415,175600
0,0,0,0,0,0,0.012,0.072,0.239333333333333,175700
0,0,0,0,0,0,0.012,0.072,0.238,175800
0,0,0,0,0,0,0.0118333333333333,0.0713333333333333,0.236833333333333,175900
0,0,0,0,0,0,0.0116666666666667,0.0708333333333333,0.236,176000
0,0,0,0,0,0,0.0116666666666667,0.0703333333333333,0.235166666666667,176100
0,0,0,0,0,0,0.0116666666666667,0.0698333333333333,0.234166666666667,176200
0,0,0,0,0,0,0.0116666666666667,0.0695,0.233166666666667,176300
0,0,0,0,0,0,0.0115,0.0686666666666667,0.231833333333333,176400
0,0,0,0,0,0,0.0115,0.0685,0.2305,176500
0,0,0,0,0,0,0.0113333333333333,0.0675,0.229333333333333,176600
0,0,0,0,0,0,0.0113333333333333,0.0671666666666667,0.2285,176700
0,0,0,0,0,0,0.0113333333333333,0.067,0.227333333333333,176800
0,0,0,0,0,0,0.0113333333333333,0.0665,0.227,176900
0,0,0,0,0,0,0.0113333333333333,0.0661666666666667,0.225833333333333,177000
0,0,0,0,0,0,0.0111666666666667,0.0656666666666667,0.224166666666667,177100
0,0,0,0,0,0,0.0111666666666667,0.0656666666666667,0.223833333333333,177200
0,0,0,0,0,0,0.011,0.0648333333333333,0.223333333333333,177300
0,0,0,0,0,0,0.011,0.0646666666666667,0.222166666666667,177400
0,0,0,0,0,0,0.011,0.0645,0.221166666666667,177500
0,0,0,0,0,0,0.011,0.064,0.220333333333333,177600
0,0,0,0,0,0,0.0106666666666667,0.0636666666666667,0.219166666666667,177700
0,0,0,0,0,0,0.0106666666666667,0.0628333333333333,0.2185,177800
0,0,0,0,0,0,0.0106666666666667,0.062,0.2175,177900
0,0,0,0,0,0,0.0106666666666667,0.0615,0.216333333333333,178000
0,0,0,0,0,0,0.0106666666666667,0.0613333333333333,0.215333333333333,178100
0,0,0,0,0,0,0.0105,0.061,0.214833333333333,178200
0,0,0,0,0,0,0.0105,0.0598333333333333,0.214,178300
0,0,0,0,0,0,0.0105,0.0593333333333333,0.212666666666667,178400
0,0,0,0,0,0,0.0103333333333333,0.0586666666666667,0.211333333333333,178500
0,0,0,0,0,0,0.0103333333333333,0.0581666666666667,0.2105,178600
0,0,0,0,0,0,0.0101666666666667,0.058,0.209166666666667,178700
0,0,0,0,0,0,0.0101666666666667,0.0578333333333333,0.208666666666667,178800
0,0,0,0,0,0,0.0101666666666667,0.0573333333333333,0.207833333333333,178900
0,0,0,0,0,0,0.01,0.0571666666666667,0.207833333333333,179000
0,0,0,0,0,0,0.01,0.057,0.206666666666667,179100
0,0,0,0,0,0,0.01,0.0565,0.205333333333333,179200
0,0,0,0,0,0,0.01,0.0561666666666667,0.2035,179300
0,0,0,0,0,0,0.00966666666666667,0.0561666666666667,0.203,179400
0,0,0,0,0,0,0.00966666666666667,0.0561666666666667,0.2025,179500
0,0,0,0,0,0,0.00966666666666667,0.056,0.201833333333333,179600
0,0,0,0,0,0,0.00966666666666667,0.0558333333333333,0.200166666666667,179700
0,0,0,0,0,0,0.0095,0.0556666666666667,0.199833333333333,179800
0,0,0,0,0,0,0.0095,0.0555,0.198833333333333,179900
0,0,0,0,0,0,0.0095,0.0548333333333333,0.198333333333333,180000
0,0,0,0,0,0,0.00933333333333333,0.0543333333333333,0.196666666666667,180100
0,0,0,0,0,0,0.00933333333333333,0.054,0.196,180200
0,0,0,0,0,0,0.00933333333333333,0.0536666666666667,0.194833333333333,180300
0,0,0,0,0,0,0.00933333333333333,0.053,0.194,180400
0,0,0,0,0,0,0.00933333333333333,0.0528333333333333,0.193833333333333,180500
0,0,0,0,0,0,0.00933333333333333,0.0526666666666667,0.192833333333333,180600
0,0,0,0,0,0,0.00933333333333333,0.0521666666666667,0.192333333333333,180700
0,0,0,0,0,0,0.009,0.0516666666666667,0.191666666666667,180800
0,0,0,0,0,0,0.009,0.051,0.190166666666667,180900
0,0,0,0,0,0,0.009,0.0501666666666667,0.189333333333333,181000
0,0,0,0,0,0,0.009,0.05,0.188833333333333,181100
0,0,0,0,0,0,0.009,0.05,0.188,181200
0,0,0,0,0,0,0.009,0.0498333333333333,0.187,181300
0,0,0,0,0,0,0.009,0.0488333333333333,0.186166666666667,181400
0,0,0,0,0,0,0.009,0.0485,0.185833333333333,181500
0,0,0,0,0,0,0.009,0.048,0.184166666666667,181600
0,0,0,0,0,0,0.009,0.048,0.1835,181700
0,0,0,0,0,0,0.009,0.0476666666666667,0.182166666666667,181800
0,0,0,0,0,0,0.009,0.0471666666666667,0.181333333333333,181900
0,0,0,0,0,0,0.009,0.0471666666666667,0.180166666666667,182000
0,0,0,0,0,0,0.009,0.0468333333333333,0.179,182100
0,0,0,0,0,0,0.009,0.0466666666666667,0.178833333333333,182200
0,0,0,0,0,0,0.00883333333333333,0.0465,0.177166666666667,182300
0,0,0,0,0,0,0.00883333333333333,0.0465,0.176166666666667,182400
0,0,0,0,0,0,0.00883333333333333,0.0463333333333333,0.175166666666667,182500
0,0,0,0,0,0,0.00883333333333333,0.0458333333333333,0.174333333333333,182600
0,0,0,0,0,0,0.00883333333333333,0.0456666666666667,0.173333333333333,182700
0,0,0,0,0,0,0.00883333333333333,0.045,0.172166666666667,182800
0,0,0,0,0,0,0.00883333333333333,0.045,0.172,182900
0,0,0,0,0,0,0.00883333333333333,0.0448333333333333,0.171,183000
0,0,0,0,0,0,0.00883333333333333,0.0446666666666667,0.169333333333333,183100
0,0,0,0,0,0,0.00883333333333333,0.0441666666666667,0.168666666666667,183200
0,0,0,0,0,0,0.00883333333333333,0.0441666666666667,0.168166666666667,183300
0,0,0,0,0,0,0.00883333333333333,0.0435,0.167666666666667,183400
0,0,0,0,0,0,0.00883333333333333,0.043,0.167,183500
0,0,0,0,0,0,0.00883333333333333,0.0426666666666667,0.166,183600
0,0,0,0,0,0,0.00866666666666667,0.0426666666666667,0.165833333333333,183700
0,0,0,0,0,0,0.00866666666666667,0.0425,0.165333333333333,183800
0,0,0,0,0,0,0.00866666666666667,0.0423333333333333,0.164833333333333,183900
0,0,0,0,0,0,0.00866666666666667,0.042,0.1635,184000
0,0,0,0,0,0,0.0085,0.042,0.1625,184100
0,0,0,0,0,0,0.0085,0.042,0.162166666666667,184200
0,0,0,0,0,0,0.0085,0.0418333333333333,0.161666666666667,184300
0,0,0,0,0,0,0.0085,0.0411666666666667,0.160666666666667,184400
0,0,0,0,0,0,0.0085,0.0406666666666667,0.16,184500
0,0,0,0,0,0,0.0085,0.0401666666666667,0.1585,184600
0,0,0,0,0,0,0.0085,0.04,0.157833333333333,184700
0,0,0,0,0,0,0.0085,0.0398333333333333,0.156166666666667,184800
0,0,0,0,0,0,0.0085,0.0398333333333333,0.155333333333333,184900
0,0,0,0,0,0,0.00833333333333333,0.0396666666666667,0.154833333333333,185000
0,0,0,0,0,0,0.00833333333333333,0.0393333333333333,0.1535,185100
0,0,0,0,0,0,0.00833333333333333,0.0391666666666667,0.1525,185200
0,0,0,0,0,0,0.00816666666666667,0.0391666666666667,0.151833333333333,185300
0,0,0,0,0,0,0.00816666666666667,0.0385,0.151,185400
0,0,0,0,0,0,0.00816666666666667,0.0385,0.1505,185500
0,0,0,0,0,0,0.00816666666666667,0.0383333333333333,0.150166666666667,185600
0,0,0,0,0,0,0.00816666666666667,0.0378333333333333,0.1495,185700
0,0,0,0,0,0,0.00816666666666667,0.0375,0.1485,185800
0,0,0,0,0,0,0.008,0.0375,0.147833333333333,185900
0,0,0,0,0,0,0.00783333333333333,0.0371666666666667,0.147666666666667,186000
0,0,0,0,0,0,0.00766666666666667,0.0371666666666667,0.146833333333333,186100
0,0,0,0,0,0,0.00766666666666667,0.0368333333333333,0.146,186200
0,0,0,0,0,0,0.0075,0.0365,0.145333333333333,186300
0,0,0,0,0,0,0.0075,0.036,0.144833333333333,186400
0,0,0,0,0,0,0.0075,0.0356666666666667,0.144,186500
0,0,0,0,0,0,0.0075,0.0353333333333333,0.1435,186600
0,0,0,0,0,0,0.0075,0.035,0.142833333333333,186700
0,0,0,0,0,0,0.00733333333333333,0.0348333333333333,0.142166666666667,186800
0,0,0,0,0,0,0.00733333333333333,0.0348333333333333,0.1415,186900
0,0,0,0,0,0,0.00733333333333333,0.0348333333333333,0.140833333333333,187000
0,0,0,0,0,0,0.00733333333333333,0.0346666666666667,0.1395,187100
0,0,0,0,0,0,0.00733333333333333,0.0346666666666667,0.138833333333333,187200
0,0,0,0,0,0,0.00733333333333333,0.0345,0.138166666666667,187300
0,0,0,0,0,0,0.00733333333333333,0.0343333333333333,0.1375,187400
0,0,0,0,0,0,0.00733333333333333,0.0343333333333333,0.137333333333333,187500
0,0,0,0,0,0,0.00733333333333333,0.0343333333333333,0.136666666666667,187600
0,0,0,0,0,0,0.00733333333333333,0.0341666666666667,0.136333333333333,187700
0,0,0,0,0,0,0.00733333333333333,0.0336666666666667,0.134833333333333,187800
0,0,0,0,0,0,0.00733333333333333,0.0336666666666667,0.134,187900
0,0,0,0,0,0,0.00733333333333333,0.0336666666666667,0.1335,188000
0,0,0,0,0,0,0.00733333333333333,0.0336666666666667,0.132833333333333,188100
0,0,0,0,0,0,0.00733333333333333,0.0336666666666667,0.132166666666667,188200
0,0,0,0,0,0,0.00733333333333333,0.0335,0.132166666666667,188300
0,0,0,0,0,0,0.00733333333333333,0.0333333333333333,0.131666666666667,188400
0,0,0,0,0,0,0.00733333333333333,0.0333333333333333,0.131333333333333,188500
0,0,0,0,0,0,0.00733333333333333,0.0325,0.130666666666667,188600
0,0,0,0,0,0,0.00733333333333333,0.0323333333333333,0.129833333333333,188700
0,0,0,0,0,0,0.00733333333333333,0.0323333333333333,0.129333333333333,188800
0,0,0,0,0,0,0.00733333333333333,0.032,0.128666666666667,188900
0,0,0,0,0,0,0.00733333333333333,0.032,0.128666666666667,189000
0,0,0,0,0,0,0.00733333333333333,0.032,0.128166666666667,189100
0,0,0,0,0,0,0.00716666666666667,0.032,0.127666666666667,189200
0,0,0,0,0,0,0.00716666666666667,0.0318333333333333,0.126833333333333,189300
0,0,0,0,0,0,0.00716666666666667,0.0316666666666667,0.1265,189400
0,0,0,0,0,0,0.00716666666666667,0.0313333333333333,0.125833333333333,189500
0,0,0,0,0,0,0.00716666666666667,0.0313333333333333,0.125666666666667,189600
0,0,0,0,0,0,0.00716666666666667,0.0311666666666667,0.125333333333333,189700
0,0,0,0,0,0,0.00716666666666667,0.0311666666666667,0.123666666666667,189800
0,0,0,0,0,0,0.00716666666666667,0.031,0.123166666666667,189900
0,0,0,0,0,0,0.00716666666666667,0.0306666666666667,0.122666666666667,190000
0,0,0,0,0,0,0.00716666666666667,0.0306666666666667,0.122166666666667,190100
0,0,0,0,0,0,0.00716666666666667,0.0301666666666667,0.121833333333333,190200
0,0,0,0,0,0,0.00716666666666667,0.0298333333333333,0.121,190300
0,0,0,0,0,0,0.007,0.0298333333333333,0.120666666666667,190400
0,0,0,0,0,0,0.007,0.0293333333333333,0.1195,190500
0,0,0,0,0,0,0.007,0.0293333333333333,0.118833333333333,190600
0,0,0,0,0,0,0.007,0.0293333333333333,0.118333333333333,190700
0,0,0,0,0,0,0.007,0.029,0.118166666666667,190800
0,0,0,0,0,0,0.00683333333333333,0.0288333333333333,0.117666666666667,190900
0,0,0,0,0,0,0.00683333333333333,0.0286666666666667,0.117666666666667,191000
0,0,0,0,0,0,0.00666666666666667,0.0283333333333333,0.117166666666667,191100
0,0,0,0,0,0,0.00666666666666667,0.0283333333333333,0.116833333333333,191200
0,0,0,0,0,0,0.00666666666666667,0.0283333333333333,0.116666666666667,191300
0,0,0,0,0,0,0.00666666666666667,0.0281666666666667,0.116166666666667,191400
0,0,0,0,0,0,0.0065,0.0278333333333333,0.115666666666667,191500
0,0,0,0,0,0,0.0065,0.0278333333333333,0.1155,191600
0,0,0,0,0,0,0.0065,0.0276666666666667,0.114833333333333,191700
0,0,0,0,0,0,0.0065,0.0275,0.114166666666667,191800
0,0,0,0,0,0,0.0065,0.0273333333333333,0.114,191900
0,0,0,0,0,0,0.0065,0.0273333333333333,0.113666666666667,192000
0,0,0,0,0,0,0.00633333333333333,0.0271666666666667,0.113166666666667,192100
0,0,0,0,0,0,0.00633333333333333,0.0268333333333333,0.112833333333333,192200
0,0,0,0,0,0,0.00633333333333333,0.0263333333333333,0.112166666666667,192300
0,0,0,0,0,0,0.00633333333333333,0.0261666666666667,0.111833333333333,192400
0,0,0,0,0,0,0.00633333333333333,0.026,0.111333333333333,192500
0,0,0,0,0,0,0.00633333333333333,0.0258333333333333,0.1105,192600
0,0,0,0,0,0,0.00633333333333333,0.0258333333333333,0.109666666666667,192700
0,0,0,0,0,0,0.00633333333333333,0.0258333333333333,0.108833333333333,192800
0,0,0,0,0,0,0.00633333333333333,0.0255,0.1085,192900
0,0,0,0,0,0,0.00633333333333333,0.0255,0.108166666666667,193000
0,0,0,0,0,0,0.00633333333333333,0.0253333333333333,0.107833333333333,193100
0,0,0,0,0,0,0.00633333333333333,0.025,0.1075,193200
0,0,0,0,0,0,0.00633333333333333,0.0248333333333333,0.107166666666667,193300
0,0,0,0,0,0,0.00633333333333333,0.0245,0.107,193400
0,0,0,0,0,0,0.00633333333333333,0.0245,0.1065,193500
0,0,0,0,0,0,0.00633333333333333,0.0243333333333333,0.106333333333333,193600
0,0,0,0,0,0,0.00633333333333333,0.0243333333333333,0.106,193700
0,0,0,0,0,0,0.00633333333333333,0.024,0.1055,193800
0,0,0,0,0,0,0.00633333333333333,0.0236666666666667,0.105,193900
0,0,0,0,0,0,0.00633333333333333,0.0236666666666667,0.1045,194000
0,0,0,0,0,0,0.00633333333333333,0.0236666666666667,0.104166666666667,194100
0,0,0,0,0,0,0.00616666666666667,0.0236666666666667,0.103833333333333,194200
0,0,0,0,0,0,0.00616666666666667,0.0235,0.103333333333333,194300
0,0,0,0,0,0,0.00616666666666667,0.0233333333333333,0.102666666666667,194400
0,0,0,0,0,0,0.00616666666666667,0.0231666666666667,0.102166666666667,194500
0,0,0,0,0,0,0.00616666666666667,0.0231666666666667,0.101666666666667,194600
0,0,0,0,0,0,0.00616666666666667,0.0231666666666667,0.101666666666667,194700
0,0,0,0,0,0,0.00616666666666667,0.0231666666666667,0.101166666666667,194800
0,0,0,0,0,0,0.00616666666666667,0.0231666666666667,0.1,194900
0,0,0,0,0,0,0.00616666666666667,0.0231666666666667,0.099,195000
0,0,0,0,0,0,0.00616666666666667,0.023,0.0981666666666667,195100
0,0,0,0,0,0,0.00616666666666667,0.023,0.0978333333333333,195200
0,0,0,0,0,0,0.00616666666666667,0.023,0.097,195300
0,0,0,0,0,0,0.006,0.0228333333333333,0.097,195400
0,0,0,0,0,0,0.00583333333333333,0.0228333333333333,0.0963333333333333,195500
0,0,0,0,0,0,0.00583333333333333,0.0228333333333333,0.0958333333333333,195600
0,0,0,0,0,0,0.00583333333333333,0.0228333333333333,0.0955,195700
0,0,0,0,0,0,0.00583333333333333,0.0225,0.0946666666666667,195800
0,0,0,0,0,0,0.00583333333333333,0.0225,0.094,195900
0,0,0,0,0,0,0.00583333333333333,0.0225,0.0938333333333333,196000
0,0,0,0,0,0,0.00583333333333333,0.0223333333333333,0.0936666666666667,196100
0,0,0,0,0,0,0.00583333333333333,0.0223333333333333,0.0928333333333333,196200
0,0,0,0,0,0,0.00583333333333333,0.0218333333333333,0.0928333333333333,196300
0,0,0,0,0,0,0.00583333333333333,0.0216666666666667,0.0923333333333333,196400
0,0,0,0,0,0,0.00583333333333333,0.0215,0.092,196500
0,0,0,0,0,0,0.00583333333333333,0.0215,0.092,196600
0,0,0,0,0,0,0.00583333333333333,0.0215,0.0913333333333333,196700
0,0,0,0,0,0,0.00583333333333333,0.0213333333333333,0.0908333333333333,196800
0,0,0,0,0,0,0.00583333333333333,0.0213333333333333,0.0903333333333333,196900
0,0,0,0,0,0,0.00583333333333333,0.0213333333333333,0.09,197000
0,0,0,0,0,0,0.00583333333333333,0.0213333333333333,0.0895,197100
0,0,0,0,0,0,0.00583333333333333,0.0211666666666667,0.0893333333333333,197200
0,0,0,0,0,0,0.00583333333333333,0.021,0.0888333333333333,197300
0,0,0,0,0,0,0.00583333333333333,0.021,0.0883333333333333,197400
0,0,0,0,0,0,0.00583333333333333,0.0208333333333333,0.0878333333333333,197500
0,0,0,0,0,0,0.00583333333333333,0.0206666666666667,0.0875,197600
0,0,0,0,0,0,0.00583333333333333,0.0206666666666667,0.0868333333333333,197700
0,0,0,0,0,0,0.00583333333333333,0.0205,0.0866666666666667,197800
0,0,0,0,0,0,0.00583333333333333,0.0205,0.0866666666666667,197900
0,0,0,0,0,0,0.00583333333333333,0.0203333333333333,0.0861666666666667,198000
0,0,0,0,0,0,0.00583333333333333,0.0203333333333333,0.0855,198100
0,0,0,0,0,0,0.00566666666666667,0.0203333333333333,0.085,198200
0,0,0,0,0,0,0.00566666666666667,0.0203333333333333,0.0845,198300
0,0,0,0,0,0,0.00566666666666667,0.0203333333333333,0.0841666666666667,198400
0,0,0,0,0,0,0.00566666666666667,0.0201666666666667,0.084,198500
0,0,0,0,0,0,0.0055,0.0198333333333333,0.0836666666666667,198600
0,0,0,0,0,0,0.0055,0.0196666666666667,0.0835,198700
0,0,0,0,0,0,0.0055,0.0196666666666667,0.083,198800
0,0,0,0,0,0,0.0055,0.0193333333333333,0.083,198900
0,0,0,0,0,0,0.0055,0.0191666666666667,0.083,199000
0,0,0,0,0,0,0.0055,0.0191666666666667,0.0825,199100
0,0,0,0,0,0,0.00533333333333333,0.019,0.082,199200
0,0,0,0,0,0,0.00533333333333333,0.0186666666666667,0.0815,199300
0,0,0,0,0,0,0.00533333333333333,0.0185,0.0813333333333333,199400
0,0,0,0,0,0,0.00533333333333333,0.0183333333333333,0.0811666666666667,199500
0,0,0,0,0,0,0.00533333333333333,0.0183333333333333,0.081,199600
0,0,0,0,0,0,0.00533333333333333,0.0181666666666667,0.081,199700
0,0,0,0,0,0,0.00533333333333333,0.0181666666666667,0.0801666666666667,199800
0,0,0,0,0,0,0.00533333333333333,0.0181666666666667,0.0796666666666667,199900
0,0,0,0,0,0,0.00533333333333333,0.0181666666666667,0.0793333333333333,2e+05
0,0,0,0,0,0,0.00533333333333333,0.018,0.079,200100
0,0,0,0,0,0,0.00533333333333333,0.018,0.0783333333333333,200200
0,0,0,0,0,0,0.00533333333333333,0.018,0.078,200300
0,0,0,0,0,0,0.00533333333333333,0.0178333333333333,0.0778333333333333,200400
0,0,0,0,0,0,0.00533333333333333,0.0178333333333333,0.0775,200500
0,0,0,0,0,0,0.00533333333333333,0.0178333333333333,0.0775,200600
0,0,0,0,0,0,0.00533333333333333,0.0173333333333333,0.0773333333333333,200700
0,0,0,0,0,0,0.00533333333333333,0.0173333333333333,0.0768333333333333,200800
0,0,0,0,0,0,0.00533333333333333,0.0171666666666667,0.0766666666666667,200900
0,0,0,0,0,0,0.00516666666666667,0.0171666666666667,0.0761666666666667,201000
0,0,0,0,0,0,0.00516666666666667,0.0171666666666667,0.076,201100
0,0,0,0,0,0,0.005,0.017,0.0758333333333333,201200
0,0,0,0,0,0,0.005,0.017,0.0751666666666667,201300
0,0,0,0,0,0,0.005,0.017,0.075,201400
0,0,0,0,0,0,0.005,0.017,0.0745,201500
0,0,0,0,0,0,0.005,0.0166666666666667,0.074,201600
0,0,0,0,0,0,0.00483333333333333,0.0165,0.0733333333333333,201700
0,0,0,0,0,0,0.00483333333333333,0.0165,0.0725,201800
0,0,0,0,0,0,0.00483333333333333,0.0163333333333333,0.0723333333333333,201900
0,0,0,0,0,0,0.00466666666666667,0.0163333333333333,0.072,202000
0,0,0,0,0,0,0.0045,0.0161666666666667,0.072,202100
0,0,0,0,0,0,0.0045,0.0161666666666667,0.0715,202200
0,0,0,0,0,0,0.00433333333333333,0.0158333333333333,0.071,202300
0,0,0,0,0,0,0.00433333333333333,0.0158333333333333,0.0705,202400
0,0,0,0,0,0,0.00433333333333333,0.0153333333333333,0.07,202500
0,0,0,0,0,0,0.00433333333333333,0.0153333333333333,0.0698333333333333,202600
0,0,0,0,0,0,0.00433333333333333,0.0151666666666667,0.069,202700
0,0,0,0,0,0,0.00433333333333333,0.015,0.0686666666666667,202800
0,0,0,0,0,0,0.00433333333333333,0.015,0.0685,202900
0,0,0,0,0,0,0.00433333333333333,0.0148333333333333,0.0675,203000
0,0,0,0,0,0,0.00416666666666667,0.0146666666666667,0.0671666666666667,203100
0,0,0,0,0,0,0.00416666666666667,0.0146666666666667,0.0671666666666667,203200
0,0,0,0,0,0,0.00416666666666667,0.0145,0.0668333333333333,203300
0,0,0,0,0,0,0.004,0.0145,0.0663333333333333,203400
0,0,0,0,0,0,0.004,0.0145,0.0661666666666667,203500
0,0,0,0,0,0,0.004,0.0145,0.0656666666666667,203600
0,0,0,0,0,0,0.004,0.0145,0.0656666666666667,203700
0,0,0,0,0,0,0.004,0.0145,0.0651666666666667,203800
0,0,0,0,0,0,0.004,0.0145,0.0648333333333333,203900
0,0,0,0,0,0,0.004,0.0143333333333333,0.0646666666666667,204000
0,0,0,0,0,0,0.004,0.0143333333333333,0.0641666666666667,204100
0,0,0,0,0,0,0.004,0.0143333333333333,0.064,204200
0,0,0,0,0,0,0.004,0.0143333333333333,0.0633333333333333,204300
0,0,0,0,0,0,0.004,0.0143333333333333,0.0628333333333333,204400
0,0,0,0,0,0,0.004,0.0143333333333333,0.0621666666666667,204500
0,0,0,0,0,0,0.004,0.0143333333333333,0.0615,204600
0,0,0,0,0,0,0.00383333333333333,0.0143333333333333,0.0613333333333333,204700
0,0,0,0,0,0,0.00383333333333333,0.0143333333333333,0.0611666666666667,204800
0,0,0,0,0,0,0.00383333333333333,0.0143333333333333,0.0605,204900
0,0,0,0,0,0,0.00383333333333333,0.0141666666666667,0.0596666666666667,205000
0,0,0,0,0,0,0.00383333333333333,0.0141666666666667,0.0591666666666667,205100
0,0,0,0,0,0,0.00383333333333333,0.0141666666666667,0.0586666666666667,205200
0,0,0,0,0,0,0.00383333333333333,0.014,0.0581666666666667,205300
0,0,0,0,0,0,0.00383333333333333,0.014,0.0581666666666667,205400
0,0,0,0,0,0,0.00383333333333333,0.0138333333333333,0.0578333333333333,205500
0,0,0,0,0,0,0.00383333333333333,0.0138333333333333,0.0576666666666667,205600
0,0,0,0,0,0,0.00383333333333333,0.0138333333333333,0.0573333333333333,205700
0,0,0,0,0,0,0.00383333333333333,0.0136666666666667,0.0571666666666667,205800
0,0,0,0,0,0,0.00383333333333333,0.0136666666666667,0.057,205900
0,0,0,0,0,0,0.00383333333333333,0.0136666666666667,0.0565,206000
0,0,0,0,0,0,0.00383333333333333,0.0136666666666667,0.0561666666666667,206100
0,0,0,0,0,0,0.00383333333333333,0.0135,0.0561666666666667,206200
0,0,0,0,0,0,0.00383333333333333,0.0135,0.0561666666666667,206300
0,0,0,0,0,0,0.00383333333333333,0.0135,0.0561666666666667,206400
0,0,0,0,0,0,0.00383333333333333,0.0135,0.056,206500
0,0,0,0,0,0,0.00366666666666667,0.0133333333333333,0.0558333333333333,206600
0,0,0,0,0,0,0.00366666666666667,0.0131666666666667,0.0556666666666667,206700
0,0,0,0,0,0,0.00366666666666667,0.0131666666666667,0.0555,206800
0,0,0,0,0,0,0.00366666666666667,0.0131666666666667,0.055,206900
0,0,0,0,0,0,0.00366666666666667,0.0131666666666667,0.0545,207000
0,0,0,0,0,0,0.00366666666666667,0.0131666666666667,0.0543333333333333,207100
0,0,0,0,0,0,0.00366666666666667,0.0131666666666667,0.0538333333333333,207200
0,0,0,0,0,0,0.00366666666666667,0.0131666666666667,0.0536666666666667,207300
0,0,0,0,0,0,0.0035,0.013,0.053,207400
0,0,0,0,0,0,0.0035,0.0128333333333333,0.0528333333333333,207500
0,0,0,0,0,0,0.00333333333333333,0.0128333333333333,0.0526666666666667,207600
0,0,0,0,0,0,0.00333333333333333,0.0128333333333333,0.0523333333333333,207700
0,0,0,0,0,0,0.00333333333333333,0.0128333333333333,0.052,207800
0,0,0,0,0,0,0.00333333333333333,0.0128333333333333,0.0516666666666667,207900
0,0,0,0,0,0,0.00316666666666667,0.0126666666666667,0.0505,208000
0,0,0,0,0,0,0.00316666666666667,0.0126666666666667,0.05,208100
0,0,0,0,0,0,0.00316666666666667,0.0123333333333333,0.05,208200
0,0,0,0,0,0,0.00316666666666667,0.0121666666666667,0.05,208300
0,0,0,0,0,0,0.00316666666666667,0.0121666666666667,0.0498333333333333,208400
0,0,0,0,0,0,0.00316666666666667,0.0121666666666667,0.0491666666666667,208500
0,0,0,0,0,0,0.00316666666666667,0.0121666666666667,0.0486666666666667,208600
0,0,0,0,0,0,0.00316666666666667,0.0121666666666667,0.0481666666666667,208700
0,0,0,0,0,0,0.00316666666666667,0.0121666666666667,0.048,208800
0,0,0,0,0,0,0.003,0.0121666666666667,0.048,208900
0,0,0,0,0,0,0.003,0.0121666666666667,0.0476666666666667,209000
0,0,0,0,0,0,0.003,0.0121666666666667,0.0473333333333333,209100
0,0,0,0,0,0,0.003,0.012,0.0471666666666667,209200
0,0,0,0,0,0,0.003,0.012,0.0468333333333333,209300
0,0,0,0,0,0,0.003,0.012,0.0468333333333333,209400
0,0,0,0,0,0,0.003,0.0118333333333333,0.0466666666666667,209500
0,0,0,0,0,0,0.00283333333333333,0.0116666666666667,0.0465,209600
0,0,0,0,0,0,0.00283333333333333,0.0116666666666667,0.0465,209700
0,0,0,0,0,0,0.00266666666666667,0.0116666666666667,0.0463333333333333,209800
0,0,0,0,0,0,0.00266666666666667,0.0116666666666667,0.0458333333333333,209900
0,0,0,0,0,0,0.00266666666666667,0.0115,0.0458333333333333,210000
0,0,0,0,0,0,0.00266666666666667,0.0115,0.0455,210100
0,0,0,0,0,0,0.00266666666666667,0.0115,0.045,210200
0,0,0,0,0,0,0.00266666666666667,0.0113333333333333,0.045,210300
0,0,0,0,0,0,0.00266666666666667,0.0113333333333333,0.0448333333333333,210400
0,0,0,0,0,0,0.0025,0.0113333333333333,0.0446666666666667,210500
0,0,0,0,0,0,0.0025,0.0113333333333333,0.0441666666666667,210600
0,0,0,0,0,0,0.00233333333333333,0.0113333333333333,0.0441666666666667,210700
0,0,0,0,0,0,0.00233333333333333,0.0113333333333333,0.0436666666666667,210800
0,0,0,0,0,0,0.00233333333333333,0.0111666666666667,0.043,210900
0,0,0,0,0,0,0.00233333333333333,0.0111666666666667,0.043,211000
0,0,0,0,0,0,0.00233333333333333,0.0111666666666667,0.0426666666666667,211100
0,0,0,0,0,0,0.00233333333333333,0.011,0.0426666666666667,211200
0,0,0,0,0,0,0.00233333333333333,0.011,0.0425,211300
0,0,0,0,0,0,0.00233333333333333,0.011,0.0423333333333333,211400
0,0,0,0,0,0,0.00216666666666667,0.011,0.042,211500
0,0,0,0,0,0,0.00216666666666667,0.0106666666666667,0.042,211600
0,0,0,0,0,0,0.00216666666666667,0.0106666666666667,0.042,211700
0,0,0,0,0,0,0.00216666666666667,0.0106666666666667,0.042,211800
0,0,0,0,0,0,0.00216666666666667,0.0106666666666667,0.0416666666666667,211900
0,0,0,0,0,0,0.00216666666666667,0.0106666666666667,0.0411666666666667,212000
0,0,0,0,0,0,0.00216666666666667,0.0106666666666667,0.0408333333333333,212100
0,0,0,0,0,0,0.00216666666666667,0.0105,0.0401666666666667,212200
0,0,0,0,0,0,0.00216666666666667,0.0105,0.04,212300
0,0,0,0,0,0,0.00216666666666667,0.0105,0.04,212400
0,0,0,0,0,0,0.00183333333333333,0.0105,0.0398333333333333,212500
0,0,0,0,0,0,0.00183333333333333,0.0103333333333333,0.0398333333333333,212600
0,0,0,0,0,0,0.00183333333333333,0.0103333333333333,0.0396666666666667,212700
0,0,0,0,0,0,0.00183333333333333,0.0101666666666667,0.0393333333333333,212800
0,0,0,0,0,0,0.00183333333333333,0.0101666666666667,0.0391666666666667,212900
0,0,0,0,0,0,0.00183333333333333,0.0101666666666667,0.0391666666666667,213000
0,0,0,0,0,0,0.00183333333333333,0.0101666666666667,0.0391666666666667,213100
0,0,0,0,0,0,0.00183333333333333,0.01,0.0385,213200
0,0,0,0,0,0,0.00183333333333333,0.01,0.0385,213300
0,0,0,0,0,0,0.00183333333333333,0.01,0.0381666666666667,213400
0,0,0,0,0,0,0.00183333333333333,0.01,0.0378333333333333,213500
0,0,0,0,0,0,0.00183333333333333,0.00983333333333333,0.0375,213600
0,0,0,0,0,0,0.00183333333333333,0.00966666666666667,0.0375,213700
0,0,0,0,0,0,0.00183333333333333,0.00966666666666667,0.0371666666666667,213800
0,0,0,0,0,0,0.00183333333333333,0.00966666666666667,0.0371666666666667,213900
0,0,0,0,0,0,0.00183333333333333,0.00966666666666667,0.037,214000
0,0,0,0,0,0,0.00166666666666667,0.00966666666666667,0.0366666666666667,214100
0,0,0,0,0,0,0.00166666666666667,0.0095,0.0363333333333333,214200
0,0,0,0,0,0,0.00166666666666667,0.0095,0.036,214300
0,0,0,0,0,0,0.00166666666666667,0.0095,0.0356666666666667,214400
0,0,0,0,0,0,0.00166666666666667,0.00933333333333333,0.0356666666666667,214500
0,0,0,0,0,0,0.00166666666666667,0.00933333333333333,0.0351666666666667,214600
0,0,0,0,0,0,0.00166666666666667,0.00933333333333333,0.0348333333333333,214700
0,0,0,0,0,0,0.00166666666666667,0.00933333333333333,0.0348333333333333,214800
0,0,0,0,0,0,0.00166666666666667,0.00933333333333333,0.0348333333333333,214900
0,0,0,0,0,0,0.00166666666666667,0.00933333333333333,0.0348333333333333,215000
0,0,0,0,0,0,0.00166666666666667,0.00933333333333333,0.0346666666666667,215100
0,0,0,0,0,0,0.00166666666666667,0.00933333333333333,0.0346666666666667,215200
0,0,0,0,0,0,0.00166666666666667,0.009,0.0345,215300
0,0,0,0,0,0,0.00166666666666667,0.009,0.0343333333333333,215400
0,0,0,0,0,0,0.00166666666666667,0.009,0.0343333333333333,215500
0,0,0,0,0,0,0.00166666666666667,0.009,0.0343333333333333,215600
0,0,0,0,0,0,0.00166666666666667,0.009,0.0343333333333333,215700
0,0,0,0,0,0,0.00166666666666667,0.009,0.0341666666666667,215800
0,0,0,0,0,0,0.00166666666666667,0.009,0.0336666666666667,215900
0,0,0,0,0,0,0.00166666666666667,0.009,0.0336666666666667,216000
0,0,0,0,0,0,0.00166666666666667,0.009,0.0336666666666667,216100
0,0,0,0,0,0,0.00166666666666667,0.009,0.0336666666666667,216200
0,0,0,0,0,0,0.0015,0.009,0.0336666666666667,216300
0,0,0,0,0,0,0.0015,0.009,0.0336666666666667,216400
0,0,0,0,0,0,0.0015,0.009,0.0335,216500
0,0,0,0,0,0,0.0015,0.009,0.0333333333333333,216600
0,0,0,0,0,0,0.0015,0.009,0.0333333333333333,216700
0,0,0,0,0,0,0.0015,0.009,0.0328333333333333,216800
0,0,0,0,0,0,0.0015,0.009,0.0323333333333333,216900
0,0,0,0,0,0,0.0015,0.009,0.0323333333333333,217000
0,0,0,0,0,0,0.0015,0.00883333333333333,0.0323333333333333,217100
0,0,0,0,0,0,0.0015,0.00883333333333333,0.032,217200
0,0,0,0,0,0,0.0015,0.00883333333333333,0.032,217300
0,0,0,0,0,0,0.0015,0.00883333333333333,0.032,217400
0,0,0,0,0,0,0.0015,0.00883333333333333,0.032,217500
0,0,0,0,0,0,0.0015,0.00883333333333333,0.0318333333333333,217600
0,0,0,0,0,0,0.00133333333333333,0.00883333333333333,0.0316666666666667,217700
0,0,0,0,0,0,0.00133333333333333,0.00883333333333333,0.0316666666666667,217800
0,0,0,0,0,0,0.00133333333333333,0.00883333333333333,0.0313333333333333,217900
0,0,0,0,0,0,0.00133333333333333,0.00883333333333333,0.0313333333333333,218000
0,0,0,0,0,0,0.00133333333333333,0.00883333333333333,0.0311666666666667,218100
0,0,0,0,0,0,0.00133333333333333,0.00883333333333333,0.0311666666666667,218200
0,0,0,0,0,0,0.00133333333333333,0.00883333333333333,0.031,218300
0,0,0,0,0,0,0.00133333333333333,0.00883333333333333,0.0308333333333333,218400
0,0,0,0,0,0,0.00133333333333333,0.00883333333333333,0.0306666666666667,218500
0,0,0,0,0,0,0.00133333333333333,0.00883333333333333,0.0305,218600
0,0,0,0,0,0,0.001,0.00883333333333333,0.03,218700
0,0,0,0,0,0,0.001,0.00866666666666667,0.0298333333333333,218800
0,0,0,0,0,0,0.001,0.00866666666666667,0.0298333333333333,218900
0,0,0,0,0,0,0.001,0.00866666666666667,0.0295,219000
0,0,0,0,0,0,0.001,0.00866666666666667,0.0293333333333333,219100
0,0,0,0,0,0,0.001,0.00866666666666667,0.0293333333333333,219200
0,0,0,0,0,0,0.001,0.0085,0.0293333333333333,219300
0,0,0,0,0,0,0.001,0.0085,0.029,219400
0,0,0,0,0,0,0.001,0.0085,0.0288333333333333,219500
0,0,0,0,0,0,0.001,0.0085,0.0286666666666667,219600
0,0,0,0,0,0,0.001,0.0085,0.0283333333333333,219700
0,0,0,0,0,0,0.001,0.0085,0.0283333333333333,219800
0,0,0,0,0,0,0.001,0.0085,0.0283333333333333,219900
0,0,0,0,0,0,0.001,0.0085,0.0281666666666667,220000
0,0,0,0,0,0,0.001,0.0085,0.0278333333333333,220100
0,0,0,0,0,0,0.001,0.0085,0.0278333333333333,220200
0,0,0,0,0,0,0.001,0.00833333333333333,0.0278333333333333,220300
0,0,0,0,0,0,0.001,0.00833333333333333,0.0275,220400
0,0,0,0,0,0,0.001,0.00833333333333333,0.0275,220500
0,0,0,0,0,0,0.001,0.00833333333333333,0.0273333333333333,220600
0,0,0,0,0,0,0.001,0.00816666666666667,0.0273333333333333,220700
0,0,0,0,0,0,0.001,0.00816666666666667,0.0271666666666667,220800
0,0,0,0,0,0,0.001,0.00816666666666667,0.027,220900
0,0,0,0,0,0,0.001,0.00816666666666667,0.0265,221000
0,0,0,0,0,0,0.001,0.00816666666666667,0.0263333333333333,221100
0,0,0,0,0,0,0.001,0.00816666666666667,0.0261666666666667,221200
0,0,0,0,0,0,0.001,0.00816666666666667,0.026,221300
0,0,0,0,0,0,0.001,0.00816666666666667,0.026,221400
0,0,0,0,0,0,0.001,0.00783333333333333,0.0258333333333333,221500
0,0,0,0,0,0,0.001,0.00783333333333333,0.0258333333333333,221600
0,0,0,0,0,0,0.001,0.00766666666666667,0.0256666666666667,221700
0,0,0,0,0,0,0.001,0.0075,0.0255,221800
0,0,0,0,0,0,0.001,0.0075,0.0255,221900
0,0,0,0,0,0,0.000833333333333333,0.0075,0.0253333333333333,222000
0,0,0,0,0,0,0.000833333333333333,0.0075,0.025,222100
0,0,0,0,0,0,0.000833333333333333,0.0075,0.0248333333333333,222200
0,0,0,0,0,0,0.000833333333333333,0.0075,0.0245,222300
0,0,0,0,0,0,0.000833333333333333,0.0075,0.0245,222400
0,0,0,0,0,0,0.000833333333333333,0.00733333333333333,0.0243333333333333,222500
0,0,0,0,0,0,0.000833333333333333,0.00733333333333333,0.0243333333333333,222600
0,0,0,0,0,0,0.000833333333333333,0.00733333333333333,0.0243333333333333,222700
0,0,0,0,0,0,0.000833333333333333,0.00733333333333333,0.024,222800
0,0,0,0,0,0,0.000833333333333333,0.00733333333333333,0.0236666666666667,222900
0,0,0,0,0,0,0.000833333333333333,0.00733333333333333,0.0236666666666667,223000
0,0,0,0,0,0,0.000833333333333333,0.00733333333333333,0.0236666666666667,223100
0,0,0,0,0,0,0.000833333333333333,0.00733333333333333,0.0236666666666667,223200
0,0,0,0,0,0,0.000833333333333333,0.00733333333333333,0.0235,223300
0,0,0,0,0,0,0.000833333333333333,0.00733333333333333,0.0233333333333333,223400
0,0,0,0,0,0,0.000833333333333333,0.00733333333333333,0.0233333333333333,223500
0,0,0,0,0,0,0.000833333333333333,0.00733333333333333,0.0231666666666667,223600
0,0,0,0,0,0,0.000833333333333333,0.00733333333333333,0.0231666666666667,223700
0,0,0,0,0,0,0.000833333333333333,0.00733333333333333,0.0231666666666667,223800
0,0,0,0,0,0,0.000833333333333333,0.00733333333333333,0.0231666666666667,223900
0,0,0,0,0,0,0.000833333333333333,0.00733333333333333,0.0231666666666667,224000
0,0,0,0,0,0,0.000833333333333333,0.00733333333333333,0.0231666666666667,224100
0,0,0,0,0,0,0.000833333333333333,0.00733333333333333,0.0231666666666667,224200
0,0,0,0,0,0,0.000833333333333333,0.00733333333333333,0.023,224300
0,0,0,0,0,0,0.000833333333333333,0.00733333333333333,0.023,224400
0,0,0,0,0,0,0.000833333333333333,0.00733333333333333,0.023,224500
0,0,0,0,0,0,0.000833333333333333,0.00733333333333333,0.0228333333333333,224600
0,0,0,0,0,0,0.000833333333333333,0.00733333333333333,0.0228333333333333,224700
0,0,0,0,0,0,0.000833333333333333,0.00733333333333333,0.0228333333333333,224800
0,0,0,0,0,0,0.000833333333333333,0.00733333333333333,0.0228333333333333,224900
0,0,0,0,0,0,0.000833333333333333,0.00733333333333333,0.0228333333333333,225000
0,0,0,0,0,0,0.000833333333333333,0.00733333333333333,0.0225,225100
0,0,0,0,0,0,0.000833333333333333,0.00733333333333333,0.0225,225200
0,0,0,0,0,0,0.000833333333333333,0.00716666666666667,0.0225,225300
0,0,0,0,0,0,0.000833333333333333,0.00716666666666667,0.0223333333333333,225400
0,0,0,0,0,0,0.000833333333333333,0.00716666666666667,0.0223333333333333,225500
0,0,0,0,0,0,0.000833333333333333,0.00716666666666667,0.0221666666666667,225600
0,0,0,0,0,0,0.000833333333333333,0.00716666666666667,0.0218333333333333,225700
0,0,0,0,0,0,0.000833333333333333,0.00716666666666667,0.0216666666666667,225800
0,0,0,0,0,0,0.000833333333333333,0.00716666666666667,0.0215,225900
0,0,0,0,0,0,0.000666666666666667,0.00716666666666667,0.0215,226000
0,0,0,0,0,0,0.000666666666666667,0.00716666666666667,0.0215,226100
0,0,0,0,0,0,0.000666666666666667,0.00716666666666667,0.0213333333333333,226200
0,0,0,0,0,0,0.000666666666666667,0.00716666666666667,0.0213333333333333,226300
0,0,0,0,0,0,0.000666666666666667,0.00716666666666667,0.0213333333333333,226400
0,0,0,0,0,0,0.000666666666666667,0.00716666666666667,0.0213333333333333,226500
0,0,0,0,0,0,0.000666666666666667,0.00716666666666667,0.0213333333333333,226600
0,0,0,0,0,0,0.000666666666666667,0.00716666666666667,0.0211666666666667,226700
0,0,0,0,0,0,0.000666666666666667,0.007,0.021,226800
0,0,0,0,0,0,0.000666666666666667,0.007,0.021,226900
0,0,0,0,0,0,0.000666666666666667,0.007,0.021,227000
0,0,0,0,0,0,0.000666666666666667,0.007,0.0208333333333333,227100
0,0,0,0,0,0,0.000666666666666667,0.007,0.0206666666666667,227200
0,0,0,0,0,0,0.000666666666666667,0.007,0.0206666666666667,227300
0,0,0,0,0,0,0.000666666666666667,0.00683333333333333,0.0205,227400
0,0,0,0,0,0,0.000666666666666667,0.00683333333333333,0.0205,227500
0,0,0,0,0,0,0.000666666666666667,0.00666666666666667,0.0205,227600
0,0,0,0,0,0,0.000666666666666667,0.00666666666666667,0.0203333333333333,227700
0,0,0,0,0,0,0.000666666666666667,0.00666666666666667,0.0203333333333333,227800
0,0,0,0,0,0,0.000666666666666667,0.00666666666666667,0.0203333333333333,227900
0,0,0,0,0,0,0.000666666666666667,0.00666666666666667,0.0203333333333333,228000
0,0,0,0,0,0,0.000666666666666667,0.0065,0.0203333333333333,228100
0,0,0,0,0,0,0.000666666666666667,0.0065,0.0201666666666667,228200
0,0,0,0,0,0,0.000666666666666667,0.0065,0.0198333333333333,228300
0,0,0,0,0,0,0.000666666666666667,0.0065,0.0196666666666667,228400
0,0,0,0,0,0,0.000666666666666667,0.0065,0.0196666666666667,228500
0,0,0,0,0,0,0.000666666666666667,0.0065,0.0195,228600
0,0,0,0,0,0,0.000666666666666667,0.0065,0.0193333333333333,228700
0,0,0,0,0,0,0.000666666666666667,0.00633333333333333,0.0191666666666667,228800
0,0,0,0,0,0,0.000666666666666667,0.00633333333333333,0.0191666666666667,228900
0,0,0,0,0,0,0.000666666666666667,0.00633333333333333,0.019,229000
0,0,0,0,0,0,0.000666666666666667,0.00633333333333333,0.0186666666666667,229100
0,0,0,0,0,0,0.000666666666666667,0.00633333333333333,0.0186666666666667,229200
0,0,0,0,0,0,0.000666666666666667,0.00633333333333333,0.0183333333333333,229300
0,0,0,0,0,0,0.000666666666666667,0.00633333333333333,0.0183333333333333,229400
0,0,0,0,0,0,0.000666666666666667,0.00633333333333333,0.0183333333333333,229500
0,0,0,0,0,0,0.000666666666666667,0.00633333333333333,0.0181666666666667,229600
0,0,0,0,0,0,0.000666666666666667,0.00633333333333333,0.0181666666666667,229700
0,0,0,0,0,0,0.000666666666666667,0.00633333333333333,0.0181666666666667,229800
0,0,0,0,0,0,0.000666666666666667,0.00633333333333333,0.0181666666666667,229900
0,0,0,0,0,0,0.000666666666666667,0.00633333333333333,0.018,230000
0,0,0,0,0,0,0.000666666666666667,0.00633333333333333,0.018,230100
0,0,0,0,0,0,0.000666666666666667,0.00633333333333333,0.018,230200
0,0,0,0,0,0,0.000666666666666667,0.00633333333333333,0.0178333333333333,230300
0,0,0,0,0,0,0.000666666666666667,0.00633333333333333,0.0178333333333333,230400
0,0,0,0,0,0,0.000666666666666667,0.00633333333333333,0.0178333333333333,230500
0,0,0,0,0,0,0.000666666666666667,0.00633333333333333,0.0178333333333333,230600
0,0,0,0,0,0,0.000666666666666667,0.00633333333333333,0.0175,230700
0,0,0,0,0,0,0.000666666666666667,0.00633333333333333,0.0173333333333333,230800
0,0,0,0,0,0,0.000666666666666667,0.00633333333333333,0.0171666666666667,230900
0,0,0,0,0,0,0.000666666666666667,0.00633333333333333,0.0171666666666667,231000
0,0,0,0,0,0,0.000666666666666667,0.00633333333333333,0.0171666666666667,231100
0,0,0,0,0,0,0.000666666666666667,0.00633333333333333,0.017,231200
0,0,0,0,0,0,0.000666666666666667,0.00616666666666667,0.017,231300
0,0,0,0,0,0,0.000666666666666667,0.00616666666666667,0.017,231400
0,0,0,0,0,0,0.000666666666666667,0.00616666666666667,0.017,231500
0,0,0,0,0,0,0.000666666666666667,0.00616666666666667,0.017,231600
0,0,0,0,0,0,0.000666666666666667,0.00616666666666667,0.0166666666666667,231700
0,0,0,0,0,0,0.000666666666666667,0.00616666666666667,0.0166666666666667,231800
0,0,0,0,0,0,0.000666666666666667,0.00616666666666667,0.0165,231900
0,0,0,0,0,0,0.000666666666666667,0.00616666666666667,0.0165,232000
0,0,0,0,0,0,0.000666666666666667,0.00616666666666667,0.0163333333333333,232100
0,0,0,0,0,0,0.000666666666666667,0.00616666666666667,0.0163333333333333,232200
0,0,0,0,0,0,0.000666666666666667,0.00616666666666667,0.0161666666666667,232300
0,0,0,0,0,0,0.000666666666666667,0.00616666666666667,0.0161666666666667,232400
0,0,0,0,0,0,0.000666666666666667,0.00616666666666667,0.016,232500
0,0,0,0,0,0,0.000666666666666667,0.00616666666666667,0.0158333333333333,232600
0,0,0,0,0,0,0.000666666666666667,0.00616666666666667,0.0156666666666667,232700
0,0,0,0,0,0,0.000666666666666667,0.006,0.0153333333333333,232800
0,0,0,0,0,0,0.000666666666666667,0.00583333333333333,0.0153333333333333,232900
0,0,0,0,0,0,0.000666666666666667,0.00583333333333333,0.0153333333333333,233000
0,0,0,0,0,0,0.000666666666666667,0.00583333333333333,0.015,233100
0,0,0,0,0,0,0.000666666666666667,0.00583333333333333,0.015,233200
0,0,0,0,0,0,0.000666666666666667,0.00583333333333333,0.0148333333333333,233300
0,0,0,0,0,0,0.000666666666666667,0.00583333333333333,0.0148333333333333,233400
0,0,0,0,0,0,0.000666666666666667,0.00583333333333333,0.0146666666666667,233500
0,0,0,0,0,0,0.000666666666666667,0.00583333333333333,0.0146666666666667,233600
0,0,0,0,0,0,0.000666666666666667,0.00583333333333333,0.0145,233700
0,0,0,0,0,0,0.000666666666666667,0.00583333333333333,0.0145,233800
0,0,0,0,0,0,0.000666666666666667,0.00583333333333333,0.0145,233900
0,0,0,0,0,0,0.000666666666666667,0.00583333333333333,0.0145,234000
0,0,0,0,0,0,0.000666666666666667,0.00583333333333333,0.0145,234100
0,0,0,0,0,0,0.000666666666666667,0.00583333333333333,0.0145,234200
0,0,0,0,0,0,0.000666666666666667,0.00583333333333333,0.0145,234300
0,0,0,0,0,0,0.000666666666666667,0.00583333333333333,0.0145,234400
0,0,0,0,0,0,0.000666666666666667,0.00583333333333333,0.0143333333333333,234500
0,0,0,0,0,0,0.000666666666666667,0.00583333333333333,0.0143333333333333,234600
0,0,0,0,0,0,0.000666666666666667,0.00583333333333333,0.0143333333333333,234700
0,0,0,0,0,0,0.000666666666666667,0.00583333333333333,0.0143333333333333,234800
0,0,0,0,0,0,0.000666666666666667,0.00583333333333333,0.0143333333333333,234900
0,0,0,0,0,0,0.000666666666666667,0.00583333333333333,0.0143333333333333,235000
0,0,0,0,0,0,0.000666666666666667,0.00583333333333333,0.0143333333333333,235100
0,0,0,0,0,0,0.000666666666666667,0.00583333333333333,0.0143333333333333,235200
0,0,0,0,0,0,0.000666666666666667,0.00583333333333333,0.0143333333333333,235300
0,0,0,0,0,0,0.000666666666666667,0.00583333333333333,0.0143333333333333,235400
0,0,0,0,0,0,0.000666666666666667,0.00583333333333333,0.0143333333333333,235500
0,0,0,0,0,0,0.000666666666666667,0.00583333333333333,0.0141666666666667,235600
0,0,0,0,0,0,0.000666666666666667,0.00583333333333333,0.0141666666666667,235700
0,0,0,0,0,0,0.000666666666666667,0.00583333333333333,0.0141666666666667,235800
0,0,0,0,0,0,0.000666666666666667,0.00583333333333333,0.0141666666666667,235900
0,0,0,0,0,0,0.000666666666666667,0.00583333333333333,0.014,236000
0,0,0,0,0,0,0.000666666666666667,0.00566666666666667,0.014,236100
0,0,0,0,0,0,0.000666666666666667,0.00566666666666667,0.014,236200
0,0,0,0,0,0,0.000666666666666667,0.00566666666666667,0.0138333333333333,236300
0,0,0,0,0,0,0.000666666666666667,0.00566666666666667,0.0138333333333333,236400
0,0,0,0,0,0,0.000666666666666667,0.0055,0.0138333333333333,236500
0,0,0,0,0,0,0.000666666666666667,0.0055,0.0136666666666667,236600
0,0,0,0,0,0,0.000666666666666667,0.0055,0.0136666666666667,236700
0,0,0,0,0,0,0.000666666666666667,0.0055,0.0136666666666667,236800
0,0,0,0,0,0,0.000666666666666667,0.0055,0.0136666666666667,236900
0,0,0,0,0,0,0.000666666666666667,0.0055,0.0136666666666667,237000
0,0,0,0,0,0,0.000666666666666667,0.0055,0.0135,237100
0,0,0,0,0,0,0.000666666666666667,0.0055,0.0135,237200
0,0,0,0,0,0,0.000666666666666667,0.00533333333333333,0.0135,237300
0,0,0,0,0,0,0.000666666666666667,0.00533333333333333,0.0135,237400
0,0,0,0,0,0,0.000666666666666667,0.00533333333333333,0.0133333333333333,237500
0,0,0,0,0,0,0.000666666666666667,0.00533333333333333,0.0131666666666667,237600
0,0,0,0,0,0,0.000666666666666667,0.00533333333333333,0.0131666666666667,237700
0,0,0,0,0,0,0.000666666666666667,0.00533333333333333,0.0131666666666667,237800
0,0,0,0,0,0,0.000666666666666667,0.00533333333333333,0.0131666666666667,237900
0,0,0,0,0,0,0.000666666666666667,0.00533333333333333,0.0131666666666667,238000
0,0,0,0,0,0,0.000666666666666667,0.00533333333333333,0.0131666666666667,238100
0,0,0,0,0,0,0.000666666666666667,0.00533333333333333,0.0131666666666667,238200
0,0,0,0,0,0,0.000666666666666667,0.00533333333333333,0.0131666666666667,238300
0,0,0,0,0,0,0.000666666666666667,0.00533333333333333,0.013,238400
0,0,0,0,0,0,0.000666666666666667,0.00533333333333333,0.013,238500
0,0,0,0,0,0,0.000666666666666667,0.00533333333333333,0.0128333333333333,238600
0,0,0,0,0,0,0.000666666666666667,0.00533333333333333,0.0128333333333333,238700
0,0,0,0,0,0,0.000666666666666667,0.00533333333333333,0.0128333333333333,238800
0,0,0,0,0,0,0.000666666666666667,0.00533333333333333,0.0128333333333333,238900
0,0,0,0,0,0,0.000666666666666667,0.00533333333333333,0.0128333333333333,239000
0,0,0,0,0,0,0.000666666666666667,0.00533333333333333,0.0126666666666667,239100
0,0,0,0,0,0,0.000666666666666667,0.00533333333333333,0.0126666666666667,239200
0,0,0,0,0,0,0.000666666666666667,0.00533333333333333,0.0125,239300
0,0,0,0,0,0,0.000666666666666667,0.00516666666666667,0.0123333333333333,239400
0,0,0,0,0,0,0.000666666666666667,0.00516666666666667,0.0121666666666667,239500
0,0,0,0,0,0,0.000666666666666667,0.005,0.0121666666666667,239600
0,0,0,0,0,0,0.000666666666666667,0.005,0.0121666666666667,239700
0,0,0,0,0,0,0.000666666666666667,0.005,0.0121666666666667,239800
0,0,0,0,0,0,0.000666666666666667,0.005,0.0121666666666667,239900
0,0,0,0,0,0,0.000666666666666667,0.005,0.0121666666666667,240000
0,0,0,0,0,0,0.000666666666666667,0.005,0.0121666666666667,240100
0,0,0,0,0,0,0.000666666666666667,0.00483333333333333,0.0121666666666667,240200
0,0,0,0,0,0,0.000666666666666667,0.00483333333333333,0.0121666666666667,240300
0,0,0,0,0,0,0.000666666666666667,0.00483333333333333,0.0121666666666667,240400
0,0,0,0,0,0,0.000666666666666667,0.00483333333333333,0.012,240500
0,0,0,0,0,0,0.000666666666666667,0.00466666666666667,0.012,240600
0,0,0,0,0,0,0.000666666666666667,0.0045,0.012,240700
0,0,0,0,0,0,0.000666666666666667,0.0045,0.0118333333333333,240800
0,0,0,0,0,0,0.000666666666666667,0.00433333333333333,0.0118333333333333,240900
0,0,0,0,0,0,0.000666666666666667,0.00433333333333333,0.0116666666666667,241000
0,0,0,0,0,0,0.000666666666666667,0.00433333333333333,0.0116666666666667,241100
0,0,0,0,0,0,0.000666666666666667,0.00433333333333333,0.0116666666666667,241200
0,0,0,0,0,0,0.000666666666666667,0.00433333333333333,0.0116666666666667,241300
0,0,0,0,0,0,0.000666666666666667,0.00433333333333333,0.0115,241400
0,0,0,0,0,0,0.000666666666666667,0.00433333333333333,0.0115,241500
0,0,0,0,0,0,0.000666666666666667,0.00433333333333333,0.0115,241600
0,0,0,0,0,0,0.000666666666666667,0.00433333333333333,0.0113333333333333,241700
0,0,0,0,0,0,0.000666666666666667,0.00433333333333333,0.0113333333333333,241800
0,0,0,0,0,0,0.000666666666666667,0.00416666666666667,0.0113333333333333,241900
0,0,0,0,0,0,0.000666666666666667,0.00416666666666667,0.0113333333333333,242000
0,0,0,0,0,0,0.000666666666666667,0.00416666666666667,0.0113333333333333,242100
0,0,0,0,0,0,0.000666666666666667,0.004,0.0113333333333333,242200
0,0,0,0,0,0,0.000666666666666667,0.004,0.0113333333333333,242300
0,0,0,0,0,0,0.000666666666666667,0.004,0.0111666666666667,242400
0,0,0,0,0,0,0.000666666666666667,0.004,0.0111666666666667,242500
0,0,0,0,0,0,0.000666666666666667,0.004,0.0111666666666667,242600
0,0,0,0,0,0,0.000666666666666667,0.004,0.0111666666666667,242700
0,0,0,0,0,0,0.000666666666666667,0.004,0.011,242800
0,0,0,0,0,0,0.000666666666666667,0.004,0.011,242900
0,0,0,0,0,0,0.000666666666666667,0.004,0.011,243000
0,0,0,0,0,0,0.000666666666666667,0.004,0.011,243100
0,0,0,0,0,0,0.000666666666666667,0.004,0.0108333333333333,243200
0,0,0,0,0,0,0.000666666666666667,0.004,0.0106666666666667,243300
0,0,0,0,0,0,0.000666666666666667,0.004,0.0106666666666667,243400
0,0,0,0,0,0,0.000666666666666667,0.004,0.0106666666666667,243500
0,0,0,0,0,0,5e-04,0.004,0.0106666666666667,243600
0,0,0,0,0,0,5e-04,0.004,0.0106666666666667,243700
0,0,0,0,0,0,5e-04,0.00383333333333333,0.0106666666666667,243800
0,0,0,0,0,0,5e-04,0.00383333333333333,0.0106666666666667,243900
0,0,0,0,0,0,5e-04,0.00383333333333333,0.0105,244000
0,0,0,0,0,0,5e-04,0.00383333333333333,0.0105,244100
0,0,0,0,0,0,5e-04,0.00383333333333333,0.0105,244200
0,0,0,0,0,0,5e-04,0.00383333333333333,0.0105,244300
0,0,0,0,0,0,5e-04,0.00383333333333333,0.0103333333333333,244400
0,0,0,0,0,0,5e-04,0.00383333333333333,0.0103333333333333,244500
0,0,0,0,0,0,5e-04,0.00383333333333333,0.0101666666666667,244600
0,0,0,0,0,0,5e-04,0.00383333333333333,0.0101666666666667,244700
0,0,0,0,0,0,5e-04,0.00383333333333333,0.0101666666666667,244800
0,0,0,0,0,0,5e-04,0.00383333333333333,0.0101666666666667,244900
0,0,0,0,0,0,5e-04,0.00383333333333333,0.0101666666666667,245000
0,0,0,0,0,0,5e-04,0.00383333333333333,0.01,245100
0,0,0,0,0,0,5e-04,0.00383333333333333,0.01,245200
0,0,0,0,0,0,5e-04,0.00383333333333333,0.01,245300
0,0,0,0,0,0,5e-04,0.00383333333333333,0.01,245400
0,0,0,0,0,0,5e-04,0.00383333333333333,0.01,245500
0,0,0,0,0,0,5e-04,0.00383333333333333,0.00983333333333333,245600
0,0,0,0,0,0,5e-04,0.00383333333333333,0.00966666666666667,245700
0,0,0,0,0,0,5e-04,0.00383333333333333,0.00966666666666667,245800
0,0,0,0,0,0,5e-04,0.00383333333333333,0.00966666666666667,245900
0,0,0,0,0,0,5e-04,0.00366666666666667,0.00966666666666667,246000
0,0,0,0,0,0,5e-04,0.00366666666666667,0.00966666666666667,246100
0,0,0,0,0,0,5e-04,0.00366666666666667,0.0095,246200
0,0,0,0,0,0,5e-04,0.00366666666666667,0.0095,246300
0,0,0,0,0,0,5e-04,0.00366666666666667,0.0095,246400
0,0,0,0,0,0,5e-04,0.00366666666666667,0.0095,246500
0,0,0,0,0,0,5e-04,0.00366666666666667,0.00933333333333333,246600
0,0,0,0,0,0,5e-04,0.00366666666666667,0.00933333333333333,246700
0,0,0,0,0,0,5e-04,0.00366666666666667,0.00933333333333333,246800
0,0,0,0,0,0,5e-04,0.00366666666666667,0.00933333333333333,246900
0,0,0,0,0,0,5e-04,0.00366666666666667,0.00933333333333333,247000
0,0,0,0,0,0,5e-04,0.0035,0.00933333333333333,247100
0,0,0,0,0,0,5e-04,0.00333333333333333,0.00933333333333333,247200
0,0,0,0,0,0,5e-04,0.00333333333333333,0.00933333333333333,247300
0,0,0,0,0,0,5e-04,0.00333333333333333,0.00933333333333333,247400
0,0,0,0,0,0,5e-04,0.00333333333333333,0.009,247500
0,0,0,0,0,0,5e-04,0.00333333333333333,0.009,247600
0,0,0,0,0,0,5e-04,0.00316666666666667,0.009,247700
0,0,0,0,0,0,5e-04,0.00316666666666667,0.009,247800
0,0,0,0,0,0,5e-04,0.00316666666666667,0.009,247900
0,0,0,0,0,0,5e-04,0.00316666666666667,0.009,248000
0,0,0,0,0,0,5e-04,0.00316666666666667,0.009,248100
0,0,0,0,0,0,5e-04,0.00316666666666667,0.009,248200
0,0,0,0,0,0,5e-04,0.00316666666666667,0.009,248300
0,0,0,0,0,0,5e-04,0.00316666666666667,0.009,248400
0,0,0,0,0,0,5e-04,0.00316666666666667,0.009,248500
0,0,0,0,0,0,5e-04,0.00316666666666667,0.009,248600
0,0,0,0,0,0,5e-04,0.00316666666666667,0.009,248700
0,0,0,0,0,0,5e-04,0.003,0.009,248800
0,0,0,0,0,0,5e-04,0.003,0.009,248900
0,0,0,0,0,0,5e-04,0.003,0.009,249000
0,0,0,0,0,0,5e-04,0.003,0.009,249100
0,0,0,0,0,0,5e-04,0.003,0.009,249200
0,0,0,0,0,0,5e-04,0.003,0.009,249300
0,0,0,0,0,0,5e-04,0.003,0.009,249400
0,0,0,0,0,0,5e-04,0.003,0.009,249500
0,0,0,0,0,0,5e-04,0.00283333333333333,0.00883333333333333,249600
0,0,0,0,0,0,5e-04,0.00283333333333333,0.00883333333333333,249700
0,0,0,0,0,0,5e-04,0.00283333333333333,0.00883333333333333,249800
0,0,0,0,0,0,5e-04,0.00266666666666667,0.00883333333333333,249900
0,0,0,0,0,0,5e-04,0.00266666666666667,0.00883333333333333,250000
0,0,0,0,0,0,5e-04,0.00266666666666667,0.00883333333333333,250100
0,0,0,0,0,0,5e-04,0.00266666666666667,0.00883333333333333,250200
0,0,0,0,0,0,5e-04,0.00266666666666667,0.00883333333333333,250300
0,0,0,0,0,0,5e-04,0.00266666666666667,0.00883333333333333,250400
0,0,0,0,0,0,5e-04,0.00266666666666667,0.00883333333333333,250500
0,0,0,0,0,0,5e-04,0.00266666666666667,0.00883333333333333,250600
0,0,0,0,0,0,5e-04,0.0025,0.00883333333333333,250700
0,0,0,0,0,0,5e-04,0.0025,0.00883333333333333,250800
0,0,0,0,0,0,5e-04,0.00233333333333333,0.00883333333333333,250900
0,0,0,0,0,0,5e-04,0.00233333333333333,0.00883333333333333,251000
0,0,0,0,0,0,5e-04,0.00233333333333333,0.00883333333333333,251100
0,0,0,0,0,0,5e-04,0.00233333333333333,0.00883333333333333,251200
0,0,0,0,0,0,5e-04,0.00233333333333333,0.00883333333333333,251300
0,0,0,0,0,0,5e-04,0.00233333333333333,0.00883333333333333,251400
0,0,0,0,0,0,5e-04,0.00233333333333333,0.00883333333333333,251500
0,0,0,0,0,0,5e-04,0.00233333333333333,0.00866666666666667,251600
0,0,0,0,0,0,5e-04,0.00233333333333333,0.00866666666666667,251700
0,0,0,0,0,0,5e-04,0.00233333333333333,0.00866666666666667,251800
0,0,0,0,0,0,5e-04,0.00216666666666667,0.00866666666666667,251900
0,0,0,0,0,0,5e-04,0.00216666666666667,0.00866666666666667,252000
0,0,0,0,0,0,5e-04,0.00216666666666667,0.0085,252100
0,0,0,0,0,0,0.000333333333333333,0.00216666666666667,0.0085,252200
0,0,0,0,0,0,0.000333333333333333,0.00216666666666667,0.0085,252300
0,0,0,0,0,0,0.000333333333333333,0.00216666666666667,0.0085,252400
0,0,0,0,0,0,0.000333333333333333,0.00216666666666667,0.0085,252500
0,0,0,0,0,0,0.000333333333333333,0.00216666666666667,0.0085,252600
0,0,0,0,0,0,0.000333333333333333,0.00216666666666667,0.0085,252700
0,0,0,0,0,0,0.000333333333333333,0.00216666666666667,0.0085,252800
0,0,0,0,0,0,0.000333333333333333,0.00216666666666667,0.0085,252900
0,0,0,0,0,0,0.000333333333333333,0.00216666666666667,0.0085,253000
0,0,0,0,0,0,0.000333333333333333,0.00183333333333333,0.0085,253100
0,0,0,0,0,0,0.000333333333333333,0.00183333333333333,0.00833333333333333,253200
0,0,0,0,0,0,0.000333333333333333,0.00183333333333333,0.00833333333333333,253300
0,0,0,0,0,0,0.000333333333333333,0.00183333333333333,0.00833333333333333,253400
0,0,0,0,0,0,0.000333333333333333,0.00183333333333333,0.00833333333333333,253500
0,0,0,0,0,0,0.000333333333333333,0.00183333333333333,0.00833333333333333,253600
0,0,0,0,0,0,0.000333333333333333,0.00183333333333333,0.00816666666666667,253700
0,0,0,0,0,0,0.000333333333333333,0.00183333333333333,0.00816666666666667,253800
0,0,0,0,0,0,0.000333333333333333,0.00183333333333333,0.00816666666666667,253900
0,0,0,0,0,0,0.000333333333333333,0.00183333333333333,0.00816666666666667,254000
0,0,0,0,0,0,0.000333333333333333,0.00183333333333333,0.00816666666666667,254100
0,0,0,0,0,0,0.000333333333333333,0.00183333333333333,0.00816666666666667,254200
0,0,0,0,0,0,0.000333333333333333,0.00183333333333333,0.00816666666666667,254300
0,0,0,0,0,0,0.000333333333333333,0.00183333333333333,0.00816666666666667,254400
0,0,0,0,0,0,0.000333333333333333,0.00183333333333333,0.00816666666666667,254500
0,0,0,0,0,0,0.000333333333333333,0.00183333333333333,0.00783333333333333,254600
0,0,0,0,0,0,0.000333333333333333,0.00183333333333333,0.00783333333333333,254700
0,0,0,0,0,0,0.000333333333333333,0.00183333333333333,0.00766666666666667,254800
0,0,0,0,0,0,0.000333333333333333,0.00166666666666667,0.00766666666666667,254900
0,0,0,0,0,0,0.000333333333333333,0.00166666666666667,0.0075,255000
0,0,0,0,0,0,0.000333333333333333,0.00166666666666667,0.0075,255100
0,0,0,0,0,0,0.000333333333333333,0.00166666666666667,0.0075,255200
0,0,0,0,0,0,0.000333333333333333,0.00166666666666667,0.0075,255300
0,0,0,0,0,0,0.000333333333333333,0.00166666666666667,0.0075,255400
0,0,0,0,0,0,0.000333333333333333,0.00166666666666667,0.0075,255500
0,0,0,0,0,0,0.000333333333333333,0.00166666666666667,0.0075,255600
0,0,0,0,0,0,0.000333333333333333,0.00166666666666667,0.0075,255700
0,0,0,0,0,0,0.000333333333333333,0.00166666666666667,0.00733333333333333,255800
0,0,0,0,0,0,0.000333333333333333,0.00166666666666667,0.00733333333333333,255900
0,0,0,0,0,0,0.000333333333333333,0.00166666666666667,0.00733333333333333,256000
0,0,0,0,0,0,0.000333333333333333,0.00166666666666667,0.00733333333333333,256100
0,0,0,0,0,0,0.000333333333333333,0.00166666666666667,0.00733333333333333,256200
0,0,0,0,0,0,0.000333333333333333,0.00166666666666667,0.00733333333333333,256300
0,0,0,0,0,0,0.000333333333333333,0.00166666666666667,0.00733333333333333,256400
0,0,0,0,0,0,0.000333333333333333,0.00166666666666667,0.00733333333333333,256500
0,0,0,0,0,0,0.000333333333333333,0.00166666666666667,0.00733333333333333,256600
0,0,0,0,0,0,0.000333333333333333,0.00166666666666667,0.00733333333333333,256700
0,0,0,0,0,0,0.000333333333333333,0.00166666666666667,0.00733333333333333,256800
0,0,0,0,0,0,0.000333333333333333,0.00166666666666667,0.00733333333333333,256900
0,0,0,0,0,0,0.000333333333333333,0.00166666666666667,0.00733333333333333,257000
0,0,0,0,0,0,0.000333333333333333,0.00166666666666667,0.00733333333333333,257100
0,0,0,0,0,0,0.000333333333333333,0.00166666666666667,0.00733333333333333,257200
0,0,0,0,0,0,0.000333333333333333,0.00166666666666667,0.00733333333333333,257300
0,0,0,0,0,0,0.000333333333333333,0.00166666666666667,0.00733333333333333,257400
0,0,0,0,0,0,0.000333333333333333,0.00166666666666667,0.00733333333333333,257500
0,0,0,0,0,0,0.000333333333333333,0.0015,0.00733333333333333,257600
0,0,0,0,0,0,0.000333333333333333,0.0015,0.00733333333333333,257700
0,0,0,0,0,0,0.000333333333333333,0.0015,0.00733333333333333,257800
0,0,0,0,0,0,0.000333333333333333,0.0015,0.00733333333333333,257900
0,0,0,0,0,0,0.000333333333333333,0.0015,0.00733333333333333,258000
0,0,0,0,0,0,0.000333333333333333,0.0015,0.00733333333333333,258100
0,0,0,0,0,0,0.000333333333333333,0.0015,0.00733333333333333,258200
0,0,0,0,0,0,0.000333333333333333,0.0015,0.00733333333333333,258300
0,0,0,0,0,0,0.000333333333333333,0.0015,0.00733333333333333,258400
0,0,0,0,0,0,0.000333333333333333,0.0015,0.00733333333333333,258500
0,0,0,0,0,0,0.000333333333333333,0.0015,0.00733333333333333,258600
0,0,0,0,0,0,0.000333333333333333,0.0015,0.00733333333333333,258700
0,0,0,0,0,0,0.000333333333333333,0.0015,0.00733333333333333,258800
0,0,0,0,0,0,0.000333333333333333,0.0015,0.00733333333333333,258900
0,0,0,0,0,0,0.000333333333333333,0.0015,0.00716666666666667,259000
0,0,0,0,0,0,0.000333333333333333,0.0015,0.00716666666666667,259100
0,0,0,0,0,0,0.000333333333333333,0.0015,0.00716666666666667,259200
0,0,0,0,0,0,0.000333333333333333,0.00133333333333333,0.00716666666666667,259300
0,0,0,0,0,0,0.000333333333333333,0.00133333333333333,0.00716666666666667,259400
0,0,0,0,0,0,0.000333333333333333,0.00133333333333333,0.00716666666666667,259500
0,0,0,0,0,0,0.000333333333333333,0.00133333333333333,0.00716666666666667,259600
0,0,0,0,0,0,0.000333333333333333,0.00133333333333333,0.00716666666666667,259700
0,0,0,0,0,0,0.000333333333333333,0.00133333333333333,0.00716666666666667,259800
0,0,0,0,0,0,0.000333333333333333,0.00133333333333333,0.00716666666666667,259900
0,0,0,0,0,0,0.000333333333333333,0.00133333333333333,0.00716666666666667,260000
0,0,0,0,0,0,0.000333333333333333,0.00133333333333333,0.00716666666666667,260100
0,0,0,0,0,0,0.000333333333333333,0.00133333333333333,0.00716666666666667,260200
0,0,0,0,0,0,0.000333333333333333,0.00133333333333333,0.00716666666666667,260300
0,0,0,0,0,0,0.000333333333333333,0.001,0.00716666666666667,260400
0,0,0,0,0,0,0.000333333333333333,0.001,0.00716666666666667,260500
0,0,0,0,0,0,0.000333333333333333,0.001,0.00716666666666667,260600
0,0,0,0,0,0,0.000333333333333333,0.001,0.007,260700
0,0,0,0,0,0,0.000333333333333333,0.001,0.007,260800
0,0,0,0,0,0,0.000333333333333333,0.001,0.007,260900
0,0,0,0,0,0,0.000333333333333333,0.001,0.007,261000
0,0,0,0,0,0,0.000333333333333333,0.001,0.007,261100
0,0,0,0,0,0,0.000333333333333333,0.001,0.007,261200
0,0,0,0,0,0,0.000333333333333333,0.001,0.007,261300
0,0,0,0,0,0,0.000333333333333333,0.001,0.00683333333333333,261400
0,0,0,0,0,0,0.000333333333333333,0.001,0.00683333333333333,261500
0,0,0,0,0,0,0.000333333333333333,0.001,0.00683333333333333,261600
0,0,0,0,0,0,0.000333333333333333,0.001,0.00666666666666667,261700
0,0,0,0,0,0,0.000333333333333333,0.001,0.00666666666666667,261800
0,0,0,0,0,0,0.000333333333333333,0.001,0.00666666666666667,261900
0,0,0,0,0,0,0.000333333333333333,0.001,0.00666666666666667,262000
0,0,0,0,0,0,0.000333333333333333,0.001,0.00666666666666667,262100
0,0,0,0,0,0,0.000333333333333333,0.001,0.0065,262200
0,0,0,0,0,0,0.000333333333333333,0.001,0.0065,262300
0,0,0,0,0,0,0.000333333333333333,0.001,0.0065,262400
0,0,0,0,0,0,0.000333333333333333,0.001,0.0065,262500
0,0,0,0,0,0,0.000333333333333333,0.001,0.0065,262600
0,0,0,0,0,0,0.000333333333333333,0.001,0.0065,262700
0,0,0,0,0,0,0.000333333333333333,0.001,0.0065,262800
0,0,0,0,0,0,0.000333333333333333,0.001,0.0065,262900
0,0,0,0,0,0,0.000333333333333333,0.001,0.0065,263000
0,0,0,0,0,0,0.000333333333333333,0.001,0.00633333333333333,263100
0,0,0,0,0,0,0.000333333333333333,0.001,0.00633333333333333,263200
0,0,0,0,0,0,0.000333333333333333,0.001,0.00633333333333333,263300
0,0,0,0,0,0,0.000333333333333333,0.001,0.00633333333333333,263400
0,0,0,0,0,0,0.000333333333333333,0.001,0.00633333333333333,263500
0,0,0,0,0,0,0.000333333333333333,0.001,0.00633333333333333,263600
0,0,0,0,0,0,0.000333333333333333,0.001,0.00633333333333333,263700
0,0,0,0,0,0,0.000333333333333333,0.001,0.00633333333333333,263800
0,0,0,0,0,0,0.000333333333333333,0.001,0.00633333333333333,263900
0,0,0,0,0,0,0.000333333333333333,0.001,0.00633333333333333,264000
0,0,0,0,0,0,0.000333333333333333,0.001,0.00633333333333333,264100
0,0,0,0,0,0,0.000333333333333333,0.001,0.00633333333333333,264200
0,0,0,0,0,0,0.000333333333333333,0.001,0.00633333333333333,264300
0,0,0,0,0,0,0.000333333333333333,0.000833333333333333,0.00633333333333333,264400
0,0,0,0,0,0,0.000333333333333333,0.000833333333333333,0.00633333333333333,264500
0,0,0,0,0,0,0.000333333333333333,0.000833333333333333,0.00633333333333333,264600
0,0,0,0,0,0,0.000333333333333333,0.000833333333333333,0.00633333333333333,264700
0,0,0,0,0,0,0.000333333333333333,0.000833333333333333,0.00633333333333333,264800
0,0,0,0,0,0,0.000333333333333333,0.000833333333333333,0.00633333333333333,264900
0,0,0,0,0,0,0.000333333333333333,0.000833333333333333,0.00633333333333333,265000
0,0,0,0,0,0,0.000333333333333333,0.000833333333333333,0.00633333333333333,265100
0,0,0,0,0,0,0.000333333333333333,0.000833333333333333,0.00633333333333333,265200
0,0,0,0,0,0,0.000333333333333333,0.000833333333333333,0.00633333333333333,265300
0,0,0,0,0,0,0.000333333333333333,0.000833333333333333,0.00633333333333333,265400
0,0,0,0,0,0,0.000333333333333333,0.000833333333333333,0.00633333333333333,265500
0,0,0,0,0,0,0.000333333333333333,0.000833333333333333,0.00633333333333333,265600
0,0,0,0,0,0,0.000333333333333333,0.000833333333333333,0.00633333333333333,265700
0,0,0,0,0,0,0.000333333333333333,0.000833333333333333,0.00633333333333333,265800
0,0,0,0,0,0,0.000333333333333333,0.000833333333333333,0.00616666666666667,265900
0,0,0,0,0,0,0.000333333333333333,0.000833333333333333,0.00616666666666667,266000
0,0,0,0,0,0,0.000333333333333333,0.000833333333333333,0.00616666666666667,266100
0,0,0,0,0,0,0.000333333333333333,0.000833333333333333,0.00616666666666667,266200
0,0,0,0,0,0,0.000333333333333333,0.000833333333333333,0.00616666666666667,266300
0,0,0,0,0,0,0.000333333333333333,0.000833333333333333,0.00616666666666667,266400
0,0,0,0,0,0,0.000333333333333333,0.000833333333333333,0.00616666666666667,266500
0,0,0,0,0,0,0.000333333333333333,0.000833333333333333,0.00616666666666667,266600
0,0,0,0,0,0,0.000333333333333333,0.000833333333333333,0.00616666666666667,266700
0,0,0,0,0,0,0.000333333333333333,0.000833333333333333,0.00616666666666667,266800
0,0,0,0,0,0,0.000333333333333333,0.000833333333333333,0.00616666666666667,266900
0,0,0,0,0,0,0.000333333333333333,0.000833333333333333,0.00616666666666667,267000
0,0,0,0,0,0,0.000333333333333333,0.000833333333333333,0.00616666666666667,267100
0,0,0,0,0,0,0.000333333333333333,0.000833333333333333,0.00616666666666667,267200
0,0,0,0,0,0,0.000333333333333333,0.000833333333333333,0.00616666666666667,267300
0,0,0,0,0,0,0.000333333333333333,0.000833333333333333,0.00616666666666667,267400
0,0,0,0,0,0,0.000333333333333333,0.000833333333333333,0.00616666666666667,267500
0,0,0,0,0,0,0.000333333333333333,0.000833333333333333,0.006,267600
0,0,0,0,0,0,0.000333333333333333,0.000833333333333333,0.00583333333333333,267700
0,0,0,0,0,0,0.000333333333333333,0.000833333333333333,0.00583333333333333,267800
0,0,0,0,0,0,0.000333333333333333,0.000833333333333333,0.00583333333333333,267900
0,0,0,0,0,0,0.000333333333333333,0.000833333333333333,0.00583333333333333,268000
0,0,0,0,0,0,0.000333333333333333,0.000833333333333333,0.00583333333333333,268100
0,0,0,0,0,0,0.000333333333333333,0.000833333333333333,0.00583333333333333,268200
0,0,0,0,0,0,0.000333333333333333,0.000833333333333333,0.00583333333333333,268300
0,0,0,0,0,0,0.000333333333333333,0.000833333333333333,0.00583333333333333,268400
0,0,0,0,0,0,0.000333333333333333,0.000833333333333333,0.00583333333333333,268500
0,0,0,0,0,0,0.000333333333333333,0.000833333333333333,0.00583333333333333,268600
0,0,0,0,0,0,0.000333333333333333,0.000833333333333333,0.00583333333333333,268700
0,0,0,0,0,0,0.000333333333333333,0.000833333333333333,0.00583333333333333,268800
0,0,0,0,0,0,0.000333333333333333,0.000833333333333333,0.00583333333333333,268900
0,0,0,0,0,0,0.000333333333333333,0.000833333333333333,0.00583333333333333,269000
0,0,0,0,0,0,0.000333333333333333,0.000666666666666667,0.00583333333333333,269100
0,0,0,0,0,0,0.000333333333333333,0.000666666666666667,0.00583333333333333,269200
0,0,0,0,0,0,0.000333333333333333,0.000666666666666667,0.00583333333333333,269300
0,0,0,0,0,0,0.000333333333333333,0.000666666666666667,0.00583333333333333,269400
0,0,0,0,0,0,0.000333333333333333,0.000666666666666667,0.00583333333333333,269500
0,0,0,0,0,0,0.000333333333333333,0.000666666666666667,0.00583333333333333,269600
0,0,0,0,0,0,0.000333333333333333,0.000666666666666667,0.00583333333333333,269700
0,0,0,0,0,0,0.000333333333333333,0.000666666666666667,0.00583333333333333,269800
0,0,0,0,0,0,0.000333333333333333,0.000666666666666667,0.00583333333333333,269900
0,0,0,0,0,0,0.000333333333333333,0.000666666666666667,0.00583333333333333,270000
0,0,0,0,0,0,0.000333333333333333,0.000666666666666667,0.00583333333333333,270100
0,0,0,0,0,0,0.000333333333333333,0.000666666666666667,0.00583333333333333,270200
0,0,0,0,0,0,0.000333333333333333,0.000666666666666667,0.00583333333333333,270300
0,0,0,0,0,0,0.000333333333333333,0.000666666666666667,0.00583333333333333,270400
0,0,0,0,0,0,0.000333333333333333,0.000666666666666667,0.00583333333333333,270500
0,0,0,0,0,0,0.000333333333333333,0.000666666666666667,0.00583333333333333,270600
0,0,0,0,0,0,0.000333333333333333,0.000666666666666667,0.00583333333333333,270700
0,0,0,0,0,0,0.000333333333333333,0.000666666666666667,0.00583333333333333,270800
0,0,0,0,0,0,0.000333333333333333,0.000666666666666667,0.00583333333333333,270900
0,0,0,0,0,0,0.000333333333333333,0.000666666666666667,0.00583333333333333,271000
0,0,0,0,0,0,0.000333333333333333,0.000666666666666667,0.00583333333333333,271100
0,0,0,0,0,0,0.000333333333333333,0.000666666666666667,0.00583333333333333,271200
0,0,0,0,0,0,0.000333333333333333,0.000666666666666667,0.00583333333333333,271300
0,0,0,0,0,0,0.000333333333333333,0.000666666666666667,0.00566666666666667,271400
0,0,0,0,0,0,0.000333333333333333,0.000666666666666667,0.00566666666666667,271500
0,0,0,0,0,0,0.000333333333333333,0.000666666666666667,0.00566666666666667,271600
0,0,0,0,0,0,0.000333333333333333,0.000666666666666667,0.00566666666666667,271700
0,0,0,0,0,0,0.000333333333333333,0.000666666666666667,0.00566666666666667,271800
0,0,0,0,0,0,0.000333333333333333,0.000666666666666667,0.0055,271900
0,0,0,0,0,0,0.000333333333333333,0.000666666666666667,0.0055,272000
0,0,0,0,0,0,0.000333333333333333,0.000666666666666667,0.0055,272100
0,0,0,0,0,0,0.000333333333333333,0.000666666666666667,0.0055,272200
0,0,0,0,0,0,0.000333333333333333,0.000666666666666667,0.0055,272300
0,0,0,0,0,0,0.000333333333333333,0.000666666666666667,0.0055,272400
0,0,0,0,0,0,0.000333333333333333,0.000666666666666667,0.0055,272500
0,0,0,0,0,0,0.000333333333333333,0.000666666666666667,0.0055,272600
0,0,0,0,0,0,0.000333333333333333,0.000666666666666667,0.0055,272700
0,0,0,0,0,0,0.000333333333333333,0.000666666666666667,0.00533333333333333,272800
0,0,0,0,0,0,0.000333333333333333,0.000666666666666667,0.00533333333333333,272900
0,0,0,0,0,0,0.000333333333333333,0.000666666666666667,0.00533333333333333,273000
0,0,0,0,0,0,0.000333333333333333,0.000666666666666667,0.00533333333333333,273100
0,0,0,0,0,0,0.000333333333333333,0.000666666666666667,0.00533333333333333,273200
0,0,0,0,0,0,0.000333333333333333,0.000666666666666667,0.00533333333333333,273300
0,0,0,0,0,0,0.000333333333333333,0.000666666666666667,0.00533333333333333,273400
0,0,0,0,0,0,0.000333333333333333,0.000666666666666667,0.00533333333333333,273500
0,0,0,0,0,0,0.000333333333333333,0.000666666666666667,0.00533333333333333,273600
0,0,0,0,0,0,0.000333333333333333,0.000666666666666667,0.00533333333333333,273700
0,0,0,0,0,0,0.000333333333333333,0.000666666666666667,0.00533333333333333,273800
0,0,0,0,0,0,0.000333333333333333,0.000666666666666667,0.00533333333333333,273900
0,0,0,0,0,0,0.000333333333333333,0.000666666666666667,0.00533333333333333,274000
0,0,0,0,0,0,0.000333333333333333,0.000666666666666667,0.00533333333333333,274100
0,0,0,0,0,0,0.000333333333333333,0.000666666666666667,0.00533333333333333,274200
0,0,0,0,0,0,0.000333333333333333,0.000666666666666667,0.00533333333333333,274300
0,0,0,0,0,0,0.000333333333333333,0.000666666666666667,0.00533333333333333,274400
0,0,0,0,0,0,0.000333333333333333,0.000666666666666667,0.00533333333333333,274500
0,0,0,0,0,0,0.000333333333333333,0.000666666666666667,0.00533333333333333,274600
0,0,0,0,0,0,0.000333333333333333,0.000666666666666667,0.00533333333333333,274700
0,0,0,0,0,0,0.000333333333333333,0.000666666666666667,0.00533333333333333,274800
0,0,0,0,0,0,0.000333333333333333,0.000666666666666667,0.00533333333333333,274900
0,0,0,0,0,0,0.000333333333333333,0.000666666666666667,0.00533333333333333,275000
0,0,0,0,0,0,0.000333333333333333,0.000666666666666667,0.00533333333333333,275100
0,0,0,0,0,0,0.000333333333333333,0.000666666666666667,0.00516666666666667,275200
0,0,0,0,0,0,0.000333333333333333,0.000666666666666667,0.00516666666666667,275300
0,0,0,0,0,0,0.000333333333333333,0.000666666666666667,0.00516666666666667,275400
0,0,0,0,0,0,0.000333333333333333,0.000666666666666667,0.005,275500
0,0,0,0,0,0,0.000333333333333333,0.000666666666666667,0.005,275600
0,0,0,0,0,0,0.000333333333333333,0.000666666666666667,0.005,275700
0,0,0,0,0,0,0.000333333333333333,0.000666666666666667,0.005,275800
0,0,0,0,0,0,0.000333333333333333,0.000666666666666667,0.005,275900
0,0,0,0,0,0,0.000333333333333333,0.000666666666666667,0.005,276000
0,0,0,0,0,0,0.000333333333333333,0.000666666666666667,0.005,276100
0,0,0,0,0,0,0.000333333333333333,0.000666666666666667,0.00483333333333333,276200
0,0,0,0,0,0,0.000333333333333333,0.000666666666666667,0.00483333333333333,276300
0,0,0,0,0,0,0.000333333333333333,0.000666666666666667,0.00483333333333333,276400
0,0,0,0,0,0,0.000333333333333333,0.000666666666666667,0.00466666666666667,276500
0,0,0,0,0,0,0.000333333333333333,0.000666666666666667,0.00466666666666667,276600
0,0,0,0,0,0,0.000333333333333333,0.000666666666666667,0.0045,276700
0,0,0,0,0,0,0.000333333333333333,0.000666666666666667,0.0045,276800
0,0,0,0,0,0,0.000333333333333333,0.000666666666666667,0.00433333333333333,276900
0,0,0,0,0,0,0.000333333333333333,0.000666666666666667,0.00433333333333333,277000
0,0,0,0,0,0,0.000333333333333333,0.000666666666666667,0.00433333333333333,277100
0,0,0,0,0,0,0.000333333333333333,0.000666666666666667,0.00433333333333333,277200
0,0,0,0,0,0,0.000333333333333333,0.000666666666666667,0.00433333333333333,277300
0,0,0,0,0,0,0.000333333333333333,0.000666666666666667,0.00433333333333333,277400
0,0,0,0,0,0,0.000333333333333333,0.000666666666666667,0.00433333333333333,277500
0,0,0,0,0,0,0.000333333333333333,0.000666666666666667,0.00433333333333333,277600
0,0,0,0,0,0,0.000333333333333333,0.000666666666666667,0.00433333333333333,277700
0,0,0,0,0,0,0.000333333333333333,0.000666666666666667,0.00433333333333333,277800
0,0,0,0,0,0,0.000333333333333333,0.000666666666666667,0.00433333333333333,277900
0,0,0,0,0,0,0.000333333333333333,0.000666666666666667,0.00416666666666667,278000
0,0,0,0,0,0,0.000333333333333333,0.000666666666666667,0.00416666666666667,278100
0,0,0,0,0,0,0.000333333333333333,0.000666666666666667,0.00416666666666667,278200
0,0,0,0,0,0,0.000333333333333333,0.000666666666666667,0.00416666666666667,278300
0,0,0,0,0,0,0.000333333333333333,0.000666666666666667,0.00416666666666667,278400
0,0,0,0,0,0,0.000333333333333333,0.000666666666666667,0.004,278500
0,0,0,0,0,0,0.000333333333333333,0.000666666666666667,0.004,278600
0,0,0,0,0,0,0.000333333333333333,0.000666666666666667,0.004,278700
0,0,0,0,0,0,0.000333333333333333,0.000666666666666667,0.004,278800
0,0,0,0,0,0,0.000333333333333333,0.000666666666666667,0.004,278900
0,0,0,0,0,0,0.000333333333333333,0.000666666666666667,0.004,279000
0,0,0,0,0,0,0.000333333333333333,0.000666666666666667,0.004,279100
0,0,0,0,0,0,0.000333333333333333,0.000666666666666667,0.004,279200
0,0,0,0,0,0,0.000333333333333333,0.000666666666666667,0.004,279300
0,0,0,0,0,0,0.000333333333333333,0.000666666666666667,0.004,279400
0,0,0,0,0,0,0.000333333333333333,0.000666666666666667,0.004,279500
0,0,0,0,0,0,0.000333333333333333,0.000666666666666667,0.004,279600
0,0,0,0,0,0,0.000333333333333333,0.000666666666666667,0.004,279700
0,0,0,0,0,0,0.000333333333333333,0.000666666666666667,0.004,279800
0,0,0,0,0,0,0.000333333333333333,0.000666666666666667,0.004,279900
0,0,0,0,0,0,0.000333333333333333,0.000666666666666667,0.004,280000
0,0,0,0,0,0,0.000333333333333333,0.000666666666666667,0.004,280100
0,0,0,0,0,0,0.000333333333333333,0.000666666666666667,0.004,280200
0,0,0,0,0,0,0.000333333333333333,0.000666666666666667,0.00383333333333333,280300
0,0,0,0,0,0,0.000333333333333333,0.000666666666666667,0.00383333333333333,280400
0,0,0,0,0,0,0.000333333333333333,0.000666666666666667,0.00383333333333333,280500
0,0,0,0,0,0,0.000333333333333333,0.000666666666666667,0.00383333333333333,280600
0,0,0,0,0,0,0.000333333333333333,0.000666666666666667,0.00383333333333333,280700
0,0,0,0,0,0,0.000333333333333333,0.000666666666666667,0.00383333333333333,280800
0,0,0,0,0,0,0.000333333333333333,0.000666666666666667,0.00383333333333333,280900
0,0,0,0,0,0,0.000333333333333333,0.000666666666666667,0.00383333333333333,281000
0,0,0,0,0,0,0.000333333333333333,0.000666666666666667,0.00383333333333333,281100
0,0,0,0,0,0,0.000333333333333333,0.000666666666666667,0.00383333333333333,281200
0,0,0,0,0,0,0.000333333333333333,0.000666666666666667,0.00383333333333333,281300
0,0,0,0,0,0,0.000333333333333333,0.000666666666666667,0.00383333333333333,281400
0,0,0,0,0,0,0.000333333333333333,0.000666666666666667,0.00383333333333333,281500
0,0,0,0,0,0,0.000333333333333333,0.000666666666666667,0.00383333333333333,281600
0,0,0,0,0,0,0.000333333333333333,0.000666666666666667,0.00383333333333333,281700
0,0,0,0,0,0,0.000333333333333333,0.000666666666666667,0.00383333333333333,281800
0,0,0,0,0,0,0.000333333333333333,0.000666666666666667,0.00383333333333333,281900
0,0,0,0,0,0,0.000333333333333333,0.000666666666666667,0.00383333333333333,282000
0,0,0,0,0,0,0.000333333333333333,0.000666666666666667,0.00383333333333333,282100
0,0,0,0,0,0,0.000333333333333333,0.000666666666666667,0.00383333333333333,282200
0,0,0,0,0,0,0.000333333333333333,0.000666666666666667,0.00383333333333333,282300
0,0,0,0,0,0,0.000333333333333333,0.000666666666666667,0.00383333333333333,282400
0,0,0,0,0,0,0.000333333333333333,0.000666666666666667,0.00383333333333333,282500
0,0,0,0,0,0,0.000333333333333333,0.000666666666666667,0.00383333333333333,282600
0,0,0,0,0,0,0.000333333333333333,0.000666666666666667,0.00383333333333333,282700
0,0,0,0,0,0,0.000333333333333333,0.000666666666666667,0.00366666666666667,282800
0,0,0,0,0,0,0.000333333333333333,0.000666666666666667,0.00366666666666667,282900
0,0,0,0,0,0,0.000333333333333333,0.000666666666666667,0.00366666666666667,283000
0,0,0,0,0,0,0.000333333333333333,0.000666666666666667,0.00366666666666667,283100
0,0,0,0,0,0,0.000333333333333333,0.000666666666666667,0.00366666666666667,283200
0,0,0,0,0,0,0.000333333333333333,0.000666666666666667,0.00366666666666667,283300
0,0,0,0,0,0,0.000333333333333333,0.000666666666666667,0.00366666666666667,283400
0,0,0,0,0,0,0.000333333333333333,0.000666666666666667,0.00366666666666667,283500
0,0,0,0,0,0,0.000333333333333333,0.000666666666666667,0.00366666666666667,283600
0,0,0,0,0,0,0.000333333333333333,0.000666666666666667,0.00366666666666667,283700
0,0,0,0,0,0,0.000333333333333333,0.000666666666666667,0.00366666666666667,283800
0,0,0,0,0,0,0.000333333333333333,0.000666666666666667,0.00366666666666667,283900
0,0,0,0,0,0,0.000333333333333333,0.000666666666666667,0.0035,284000
0,0,0,0,0,0,0.000333333333333333,0.000666666666666667,0.0035,284100
0,0,0,0,0,0,0.000333333333333333,0.000666666666666667,0.00333333333333333,284200
0,0,0,0,0,0,0.000333333333333333,0.000666666666666667,0.00333333333333333,284300
0,0,0,0,0,0,0.000333333333333333,0.000666666666666667,0.00333333333333333,284400
0,0,0,0,0,0,0.000333333333333333,0.000666666666666667,0.00333333333333333,284500
0,0,0,0,0,0,0.000333333333333333,0.000666666666666667,0.00333333333333333,284600
0,0,0,0,0,0,0.000333333333333333,0.000666666666666667,0.00316666666666667,284700
0,0,0,0,0,0,0.000333333333333333,0.000666666666666667,0.00316666666666667,284800
0,0,0,0,0,0,0.000333333333333333,0.000666666666666667,0.00316666666666667,284900
0,0,0,0,0,0,0.000333333333333333,0.000666666666666667,0.00316666666666667,285000
0,0,0,0,0,0,0.000333333333333333,0.000666666666666667,0.00316666666666667,285100
0,0,0,0,0,0,0.000333333333333333,0.000666666666666667,0.00316666666666667,285200
0,0,0,0,0,0,0.000333333333333333,0.000666666666666667,0.00316666666666667,285300
0,0,0,0,0,0,0.000333333333333333,0.000666666666666667,0.00316666666666667,285400
0,0,0,0,0,0,0.000333333333333333,0.000666666666666667,0.00316666666666667,285500
0,0,0,0,0,0,0.000333333333333333,0.000666666666666667,0.00316666666666667,285600
0,0,0,0,0,0,0.000333333333333333,0.000666666666666667,0.00316666666666667,285700
0,0,0,0,0,0,0.000333333333333333,0.000666666666666667,0.00316666666666667,285800
0,0,0,0,0,0,0.000333333333333333,0.000666666666666667,0.00316666666666667,285900
0,0,0,0,0,0,0.000333333333333333,0.000666666666666667,0.003,286000
0,0,0,0,0,0,0.000333333333333333,0.000666666666666667,0.003,286100
0,0,0,0,0,0,0.000333333333333333,0.000666666666666667,0.003,286200
0,0,0,0,0,0,0.000333333333333333,0.000666666666666667,0.003,286300
0,0,0,0,0,0,0.000333333333333333,0.000666666666666667,0.003,286400
0,0,0,0,0,0,0.000333333333333333,0.000666666666666667,0.003,286500
0,0,0,0,0,0,0.000333333333333333,0.000666666666666667,0.003,286600
0,0,0,0,0,0,0.000333333333333333,0.000666666666666667,0.003,286700
0,0,0,0,0,0,0.000333333333333333,0.000666666666666667,0.003,286800
0,0,0,0,0,0,0.000333333333333333,0.000666666666666667,0.00283333333333333,286900
0,0,0,0,0,0,0.000333333333333333,0.000666666666666667,0.00283333333333333,287000
0,0,0,0,0,0,0.000333333333333333,0.000666666666666667,0.00283333333333333,287100
0,0,0,0,0,0,0.000333333333333333,0.000666666666666667,0.00266666666666667,287200
0,0,0,0,0,0,0.000333333333333333,0.000666666666666667,0.00266666666666667,287300
0,0,0,0,0,0,0.000333333333333333,0.000666666666666667,0.00266666666666667,287400
0,0,0,0,0,0,0.000333333333333333,0.000666666666666667,0.00266666666666667,287500
0,0,0,0,0,0,0.000333333333333333,0.000666666666666667,0.00266666666666667,287600
0,0,0,0,0,0,0.000333333333333333,0.000666666666666667,0.00266666666666667,287700
0,0,0,0,0,0,0.000333333333333333,0.000666666666666667,0.00266666666666667,287800
0,0,0,0,0,0,0.000333333333333333,0.000666666666666667,0.00266666666666667,287900
0,0,0,0,0,0,0.000333333333333333,0.000666666666666667,0.00266666666666667,288000
0,0,0,0,0,0,0.000333333333333333,0.000666666666666667,0.00266666666666667,288100
0,0,0,0,0,0,0.000333333333333333,0.000666666666666667,0.0025,288200
0,0,0,0,0,0,0.000333333333333333,0.000666666666666667,0.0025,288300
0,0,0,0,0,0,0.000333333333333333,0.000666666666666667,0.0025,288400
0,0,0,0,0,0,0.000333333333333333,0.000666666666666667,0.00233333333333333,288500
0,0,0,0,0,0,0.000333333333333333,0.000666666666666667,0.00233333333333333,288600
0,0,0,0,0,0,0.000333333333333333,0.000666666666666667,0.00233333333333333,288700
0,0,0,0,0,0,0.000333333333333333,0.000666666666666667,0.00233333333333333,288800
0,0,0,0,0,0,0.000333333333333333,0.000666666666666667,0.00233333333333333,288900
0,0,0,0,0,0,0.000333333333333333,0.000666666666666667,0.00233333333333333,289000
0,0,0,0,0,0,0.000333333333333333,0.000666666666666667,0.00233333333333333,289100
0,0,0,0,0,0,0.000333333333333333,0.000666666666666667,0.00233333333333333,289200
0,0,0,0,0,0,0.000333333333333333,0.000666666666666667,0.00233333333333333,289300
0,0,0,0,0,0,0.000333333333333333,0.000666666666666667,0.00233333333333333,289400
0,0,0,0,0,0,0.000333333333333333,0.000666666666666667,0.00233333333333333,289500
0,0,0,0,0,0,0.000333333333333333,0.000666666666666667,0.00216666666666667,289600
0,0,0,0,0,0,0.000333333333333333,0.000666666666666667,0.00216666666666667,289700
0,0,0,0,0,0,0.000333333333333333,0.000666666666666667,0.00216666666666667,289800
0,0,0,0,0,0,0.000333333333333333,0.000666666666666667,0.00216666666666667,289900
0,0,0,0,0,0,0.000333333333333333,0.000666666666666667,0.00216666666666667,290000
0,0,0,0,0,0,0.000333333333333333,5e-04,0.00216666666666667,290100
0,0,0,0,0,0,0.000333333333333333,5e-04,0.00216666666666667,290200
0,0,0,0,0,0,0.000333333333333333,5e-04,0.00216666666666667,290300
0,0,0,0,0,0,0.000333333333333333,5e-04,0.00216666666666667,290400
0,0,0,0,0,0,0.000333333333333333,5e-04,0.00216666666666667,290500
0,0,0,0,0,0,0.000333333333333333,5e-04,0.00216666666666667,290600
0,0,0,0,0,0,0.000333333333333333,5e-04,0.00216666666666667,290700
0,0,0,0,0,0,0.000333333333333333,5e-04,0.00216666666666667,290800
0,0,0,0,0,0,0.000333333333333333,5e-04,0.002,290900
0,0,0,0,0,0,0.000333333333333333,5e-04,0.00183333333333333,291000
0,0,0,0,0,0,0.000333333333333333,5e-04,0.00183333333333333,291100
0,0,0,0,0,0,0.000333333333333333,5e-04,0.00183333333333333,291200
0,0,0,0,0,0,0.000333333333333333,5e-04,0.00183333333333333,291300
0,0,0,0,0,0,0.000333333333333333,5e-04,0.00183333333333333,291400
0,0,0,0,0,0,0.000333333333333333,5e-04,0.00183333333333333,291500
0,0,0,0,0,0,0.000333333333333333,5e-04,0.00183333333333333,291600
0,0,0,0,0,0,0.000333333333333333,5e-04,0.00183333333333333,291700
0,0,0,0,0,0,0.000333333333333333,5e-04,0.00183333333333333,291800
0,0,0,0,0,0,0.000333333333333333,5e-04,0.00183333333333333,291900
0,0,0,0,0,0,0.000333333333333333,5e-04,0.00183333333333333,292000
0,0,0,0,0,0,0.000333333333333333,5e-04,0.00183333333333333,292100
0,0,0,0,0,0,0.000333333333333333,5e-04,0.00183333333333333,292200
0,0,0,0,0,0,0.000333333333333333,5e-04,0.00183333333333333,292300
0,0,0,0,0,0,0.000333333333333333,5e-04,0.00183333333333333,292400
0,0,0,0,0,0,0.000333333333333333,5e-04,0.00183333333333333,292500
0,0,0,0,0,0,0.000333333333333333,5e-04,0.00183333333333333,292600
0,0,0,0,0,0,0.000333333333333333,5e-04,0.00183333333333333,292700
0,0,0,0,0,0,0.000333333333333333,5e-04,0.00183333333333333,292800
0,0,0,0,0,0,0.000333333333333333,5e-04,0.00183333333333333,292900
0,0,0,0,0,0,0.000333333333333333,5e-04,0.00183333333333333,293000
0,0,0,0,0,0,0.000333333333333333,5e-04,0.00166666666666667,293100
0,0,0,0,0,0,0.000333333333333333,5e-04,0.00166666666666667,293200
0,0,0,0,0,0,0.000333333333333333,5e-04,0.00166666666666667,293300
0,0,0,0,0,0,0.000333333333333333,5e-04,0.00166666666666667,293400
0,0,0,0,0,0,0.000333333333333333,5e-04,0.00166666666666667,293500
0,0,0,0,0,0,0.000333333333333333,5e-04,0.00166666666666667,293600
0,0,0,0,0,0,0.000333333333333333,5e-04,0.00166666666666667,293700
0,0,0,0,0,0,0.000333333333333333,5e-04,0.00166666666666667,293800
0,0,0,0,0,0,0.000333333333333333,5e-04,0.00166666666666667,293900
0,0,0,0,0,0,0.000333333333333333,5e-04,0.00166666666666667,294000
0,0,0,0,0,0,0.000333333333333333,5e-04,0.00166666666666667,294100
0,0,0,0,0,0,0.000333333333333333,5e-04,0.00166666666666667,294200
0,0,0,0,0,0,0.000333333333333333,5e-04,0.00166666666666667,294300
0,0,0,0,0,0,0.000333333333333333,5e-04,0.00166666666666667,294400
0,0,0,0,0,0,0.000333333333333333,5e-04,0.00166666666666667,294500
0,0,0,0,0,0,0.000333333333333333,5e-04,0.00166666666666667,294600
0,0,0,0,0,0,0.000333333333333333,5e-04,0.00166666666666667,294700
0,0,0,0,0,0,0.000333333333333333,5e-04,0.00166666666666667,294800
0,0,0,0,0,0,0.000333333333333333,5e-04,0.00166666666666667,294900
0,0,0,0,0,0,0.000333333333333333,5e-04,0.00166666666666667,295000
0,0,0,0,0,0,0.000166666666666667,5e-04,0.00166666666666667,295100
0,0,0,0,0,0,0.000166666666666667,5e-04,0.00166666666666667,295200
0,0,0,0,0,0,0.000166666666666667,5e-04,0.00166666666666667,295300
0,0,0,0,0,0,0.000166666666666667,5e-04,0.00166666666666667,295400
0,0,0,0,0,0,0.000166666666666667,5e-04,0.00166666666666667,295500
0,0,0,0,0,0,0.000166666666666667,5e-04,0.00166666666666667,295600
0,0,0,0,0,0,0.000166666666666667,5e-04,0.00166666666666667,295700
0,0,0,0,0,0,0.000166666666666667,5e-04,0.00166666666666667,295800
0,0,0,0,0,0,0.000166666666666667,5e-04,0.00166666666666667,295900
0,0,0,0,0,0,0.000166666666666667,5e-04,0.00166666666666667,296000
0,0,0,0,0,0,0.000166666666666667,5e-04,0.0015,296100
0,0,0,0,0,0,0.000166666666666667,5e-04,0.0015,296200
0,0,0,0,0,0,0.000166666666666667,5e-04,0.0015,296300
0,0,0,0,0,0,0.000166666666666667,5e-04,0.0015,296400
0,0,0,0,0,0,0.000166666666666667,5e-04,0.0015,296500
0,0,0,0,0,0,0.000166666666666667,5e-04,0.0015,296600
0,0,0,0,0,0,0.000166666666666667,5e-04,0.0015,296700
0,0,0,0,0,0,0.000166666666666667,5e-04,0.0015,296800
0,0,0,0,0,0,0.000166666666666667,5e-04,0.0015,296900
0,0,0,0,0,0,0.000166666666666667,5e-04,0.0015,297000
0,0,0,0,0,0,0.000166666666666667,5e-04,0.0015,297100
0,0,0,0,0,0,0.000166666666666667,5e-04,0.0015,297200
0,0,0,0,0,0,0.000166666666666667,5e-04,0.0015,297300
0,0,0,0,0,0,0.000166666666666667,5e-04,0.0015,297400
0,0,0,0,0,0,0.000166666666666667,5e-04,0.0015,297500
0,0,0,0,0,0,0.000166666666666667,5e-04,0.0015,297600
0,0,0,0,0,0,0.000166666666666667,5e-04,0.0015,297700
0,0,0,0,0,0,0.000166666666666667,5e-04,0.0015,297800
0,0,0,0,0,0,0.000166666666666667,5e-04,0.0015,297900
0,0,0,0,0,0,0.000166666666666667,5e-04,0.00133333333333333,298000
0,0,0,0,0,0,0.000166666666666667,5e-04,0.00133333333333333,298100
0,0,0,0,0,0,0.000166666666666667,5e-04,0.00133333333333333,298200
0,0,0,0,0,0,0.000166666666666667,5e-04,0.00133333333333333,298300
0,0,0,0,0,0,0.000166666666666667,5e-04,0.00133333333333333,298400
0,0,0,0,0,0,0.000166666666666667,5e-04,0.00133333333333333,298500
0,0,0,0,0,0,0.000166666666666667,5e-04,0.00133333333333333,298600
0,0,0,0,0,0,0.000166666666666667,5e-04,0.00133333333333333,298700
0,0,0,0,0,0,0.000166666666666667,5e-04,0.00133333333333333,298800
0,0,0,0,0,0,0.000166666666666667,5e-04,0.00133333333333333,298900
0,0,0,0,0,0,0.000166666666666667,5e-04,0.00133333333333333,299000
0,0,0,0,0,0,0.000166666666666667,5e-04,0.00133333333333333,299100
0,0,0,0,0,0,0.000166666666666667,5e-04,0.00133333333333333,299200
0,0,0,0,0,0,0.000166666666666667,5e-04,0.00133333333333333,299300
0,0,0,0,0,0,0.000166666666666667,5e-04,0.001,299400
0,0,0,0,0,0,0.000166666666666667,5e-04,0.001,299500
0,0,0,0,0,0,0.000166666666666667,5e-04,0.001,299600
0,0,0,0,0,0,0.000166666666666667,5e-04,0.001,299700
0,0,0,0,0,0,0.000166666666666667,5e-04,0.001,299800
0,0,0,0,0,0,0.000166666666666667,5e-04,0.001,299900
0,0,0,0,0,0,0.000166666666666667,5e-04,0.001,3e+05
0,0,0,0,0,0,0.000166666666666667,5e-04,0.001,300100
0,0,0,0,0,0,0.000166666666666667,5e-04,0.001,300200
0,0,0,0,0,0,0.000166666666666667,0.000333333333333333,0.001,300300
0,0,0,0,0,0,0.000166666666666667,0.000333333333333333,0.001,300400
0,0,0,0,0,0,0.000166666666666667,0.000333333333333333,0.001,300500
0,0,0,0,0,0,0.000166666666666667,0.000333333333333333,0.001,300600
0,0,0,0,0,0,0.000166666666666667,0.000333333333333333,0.001,300700
0,0,0,0,0,0,0.000166666666666667,0.000333333333333333,0.001,300800
0,0,0,0,0,0,0.000166666666666667,0.000333333333333333,0.001,300900
0,0,0,0,0,0,0.000166666666666667,0.000333333333333333,0.001,301000
0,0,0,0,0,0,0.000166666666666667,0.000333333333333333,0.001,301100
0,0,0,0,0,0,0.000166666666666667,0.000333333333333333,0.001,301200
0,0,0,0,0,0,0.000166666666666667,0.000333333333333333,0.001,301300
0,0,0,0,0,0,0.000166666666666667,0.000333333333333333,0.001,301400
0,0,0,0,0,0,0.000166666666666667,0.000333333333333333,0.001,301500
0,0,0,0,0,0,0.000166666666666667,0.000333333333333333,0.001,301600
0,0,0,0,0,0,0.000166666666666667,0.000333333333333333,0.001,301700
0,0,0,0,0,0,0.000166666666666667,0.000333333333333333,0.001,301800
0,0,0,0,0,0,0.000166666666666667,0.000333333333333333,0.001,301900
0,0,0,0,0,0,0.000166666666666667,0.000333333333333333,0.001,302000
0,0,0,0,0,0,0.000166666666666667,0.000333333333333333,0.001,302100
0,0,0,0,0,0,0.000166666666666667,0.000333333333333333,0.001,302200
0,0,0,0,0,0,0.000166666666666667,0.000333333333333333,0.001,302300
0,0,0,0,0,0,0.000166666666666667,0.000333333333333333,0.001,302400
0,0,0,0,0,0,0.000166666666666667,0.000333333333333333,0.001,302500
0,0,0,0,0,0,0.000166666666666667,0.000333333333333333,0.001,302600
0,0,0,0,0,0,0.000166666666666667,0.000333333333333333,0.001,302700
0,0,0,0,0,0,0.000166666666666667,0.000333333333333333,0.001,302800
0,0,0,0,0,0,0.000166666666666667,0.000333333333333333,0.001,302900
0,0,0,0,0,0,0.000166666666666667,0.000333333333333333,0.001,303000
0,0,0,0,0,0,0.000166666666666667,0.000333333333333333,0.001,303100
0,0,0,0,0,0,0.000166666666666667,0.000333333333333333,0.001,303200
0,0,0,0,0,0,0.000166666666666667,0.000333333333333333,0.001,303300
0,0,0,0,0,0,0.000166666666666667,0.000333333333333333,0.001,303400
0,0,0,0,0,0,0.000166666666666667,0.000333333333333333,0.001,303500
0,0,0,0,0,0,0.000166666666666667,0.000333333333333333,0.001,303600
0,0,0,0,0,0,0.000166666666666667,0.000333333333333333,0.001,303700
0,0,0,0,0,0,0.000166666666666667,0.000333333333333333,0.001,303800
0,0,0,0,0,0,0.000166666666666667,0.000333333333333333,0.001,303900
0,0,0,0,0,0,0.000166666666666667,0.000333333333333333,0.000833333333333333,304000
0,0,0,0,0,0,0.000166666666666667,0.000333333333333333,0.000833333333333333,304100
0,0,0,0,0,0,0.000166666666666667,0.000333333333333333,0.000833333333333333,304200
0,0,0,0,0,0,0.000166666666666667,0.000333333333333333,0.000833333333333333,304300
0,0,0,0,0,0,0.000166666666666667,0.000333333333333333,0.000833333333333333,304400
0,0,0,0,0,0,0.000166666666666667,0.000333333333333333,0.000833333333333333,304500
0,0,0,0,0,0,0.000166666666666667,0.000333333333333333,0.000833333333333333,304600
0,0,0,0,0,0,0.000166666666666667,0.000333333333333333,0.000833333333333333,304700
0,0,0,0,0,0,0.000166666666666667,0.000333333333333333,0.000833333333333333,304800
0,0,0,0,0,0,0.000166666666666667,0.000333333333333333,0.000833333333333333,304900
0,0,0,0,0,0,0.000166666666666667,0.000333333333333333,0.000833333333333333,305000
0,0,0,0,0,0,0.000166666666666667,0.000333333333333333,0.000833333333333333,305100
0,0,0,0,0,0,0.000166666666666667,0.000333333333333333,0.000833333333333333,305200
0,0,0,0,0,0,0.000166666666666667,0.000333333333333333,0.000833333333333333,305300
0,0,0,0,0,0,0.000166666666666667,0.000333333333333333,0.000833333333333333,305400
0,0,0,0,0,0,0.000166666666666667,0.000333333333333333,0.000833333333333333,305500
0,0,0,0,0,0,0.000166666666666667,0.000333333333333333,0.000833333333333333,305600
0,0,0,0,0,0,0.000166666666666667,0.000333333333333333,0.000833333333333333,305700
0,0,0,0,0,0,0.000166666666666667,0.000333333333333333,0.000833333333333333,305800
0,0,0,0,0,0,0.000166666666666667,0.000333333333333333,0.000833333333333333,305900
0,0,0,0,0,0,0.000166666666666667,0.000333333333333333,0.000833333333333333,306000
0,0,0,0,0,0,0.000166666666666667,0.000333333333333333,0.000833333333333333,306100
0,0,0,0,0,0,0.000166666666666667,0.000333333333333333,0.000833333333333333,306200
0,0,0,0,0,0,0.000166666666666667,0.000333333333333333,0.000833333333333333,306300
0,0,0,0,0,0,0.000166666666666667,0.000333333333333333,0.000833333333333333,306400
0,0,0,0,0,0,0.000166666666666667,0.000333333333333333,0.000833333333333333,306500
0,0,0,0,0,0,0.000166666666666667,0.000333333333333333,0.000833333333333333,306600
0,0,0,0,0,0,0.000166666666666667,0.000333333333333333,0.000833333333333333,306700
0,0,0,0,0,0,0.000166666666666667,0.000333333333333333,0.000833333333333333,306800
0,0,0,0,0,0,0.000166666666666667,0.000333333333333333,0.000833333333333333,306900
0,0,0,0,0,0,0.000166666666666667,0.000333333333333333,0.000833333333333333,307000
0,0,0,0,0,0,0.000166666666666667,0.000333333333333333,0.000833333333333333,307100
0,0,0,0,0,0,0.000166666666666667,0.000333333333333333,0.000833333333333333,307200
0,0,0,0,0,0,0.000166666666666667,0.000333333333333333,0.000833333333333333,307300
0,0,0,0,0,0,0.000166666666666667,0.000333333333333333,0.000833333333333333,307400
0,0,0,0,0,0,0.000166666666666667,0.000333333333333333,0.000833333333333333,307500
0,0,0,0,0,0,0.000166666666666667,0.000333333333333333,0.000833333333333333,307600
0,0,0,0,0,0,0.000166666666666667,0.000333333333333333,0.000833333333333333,307700
0,0,0,0,0,0,0.000166666666666667,0.000333333333333333,0.000833333333333333,307800
0,0,0,0,0,0,0.000166666666666667,0.000333333333333333,0.000833333333333333,307900
0,0,0,0,0,0,0.000166666666666667,0.000333333333333333,0.000833333333333333,308000
0,0,0,0,0,0,0.000166666666666667,0.000333333333333333,0.000833333333333333,308100
0,0,0,0,0,0,0.000166666666666667,0.000333333333333333,0.000833333333333333,308200
0,0,0,0,0,0,0.000166666666666667,0.000333333333333333,0.000833333333333333,308300
0,0,0,0,0,0,0.000166666666666667,0.000333333333333333,0.000833333333333333,308400
0,0,0,0,0,0,0.000166666666666667,0.000333333333333333,0.000833333333333333,308500
0,0,0,0,0,0,0.000166666666666667,0.000333333333333333,0.000833333333333333,308600
0,0,0,0,0,0,0.000166666666666667,0.000333333333333333,0.000833333333333333,308700
0,0,0,0,0,0,0.000166666666666667,0.000333333333333333,0.000833333333333333,308800
0,0,0,0,0,0,0.000166666666666667,0.000333333333333333,0.000833333333333333,308900
0,0,0,0,0,0,0.000166666666666667,0.000333333333333333,0.000833333333333333,309000
0,0,0,0,0,0,0.000166666666666667,0.000333333333333333,0.000833333333333333,309100
0,0,0,0,0,0,0.000166666666666667,0.000333333333333333,0.000833333333333333,309200
0,0,0,0,0,0,0.000166666666666667,0.000333333333333333,0.000833333333333333,309300
0,0,0,0,0,0,0.000166666666666667,0.000333333333333333,0.000666666666666667,309400
0,0,0,0,0,0,0.000166666666666667,0.000333333333333333,0.000666666666666667,309500
0,0,0,0,0,0,0.000166666666666667,0.000333333333333333,0.000666666666666667,309600
0,0,0,0,0,0,0.000166666666666667,0.000333333333333333,0.000666666666666667,309700
0,0,0,0,0,0,0.000166666666666667,0.000333333333333333,0.000666666666666667,309800
0,0,0,0,0,0,0.000166666666666667,0.000333333333333333,0.000666666666666667,309900
0,0,0,0,0,0,0.000166666666666667,0.000333333333333333,0.000666666666666667,310000
0,0,0,0,0,0,0.000166666666666667,0.000333333333333333,0.000666666666666667,310100
0,0,0,0,0,0,0.000166666666666667,0.000333333333333333,0.000666666666666667,310200
0,0,0,0,0,0,0.000166666666666667,0.000333333333333333,0.000666666666666667,310300
0,0,0,0,0,0,0.000166666666666667,0.000333333333333333,0.000666666666666667,310400
0,0,0,0,0,0,0.000166666666666667,0.000333333333333333,0.000666666666666667,310500
0,0,0,0,0,0,0.000166666666666667,0.000333333333333333,0.000666666666666667,310600
0,0,0,0,0,0,0.000166666666666667,0.000333333333333333,0.000666666666666667,310700
0,0,0,0,0,0,0.000166666666666667,0.000333333333333333,0.000666666666666667,310800
0,0,0,0,0,0,0.000166666666666667,0.000333333333333333,0.000666666666666667,310900
0,0,0,0,0,0,0.000166666666666667,0.000333333333333333,0.000666666666666667,311000
0,0,0,0,0,0,0.000166666666666667,0.000333333333333333,0.000666666666666667,311100
0,0,0,0,0,0,0.000166666666666667,0.000333333333333333,0.000666666666666667,311200
0,0,0,0,0,0,0.000166666666666667,0.000333333333333333,0.000666666666666667,311300
0,0,0,0,0,0,0.000166666666666667,0.000333333333333333,0.000666666666666667,311400
0,0,0,0,0,0,0.000166666666666667,0.000333333333333333,0.000666666666666667,311500
0,0,0,0,0,0,0.000166666666666667,0.000333333333333333,0.000666666666666667,311600
0,0,0,0,0,0,0.000166666666666667,0.000333333333333333,0.000666666666666667,311700
0,0,0,0,0,0,0.000166666666666667,0.000333333333333333,0.000666666666666667,311800
0,0,0,0,0,0,0.000166666666666667,0.000333333333333333,0.000666666666666667,311900
0,0,0,0,0,0,0.000166666666666667,0.000333333333333333,0.000666666666666667,312000
0,0,0,0,0,0,0.000166666666666667,0.000333333333333333,0.000666666666666667,312100
0,0,0,0,0,0,0.000166666666666667,0.000333333333333333,0.000666666666666667,312200
0,0,0,0,0,0,0.000166666666666667,0.000333333333333333,0.000666666666666667,312300
0,0,0,0,0,0,0.000166666666666667,0.000333333333333333,0.000666666666666667,312400
0,0,0,0,0,0,0.000166666666666667,0.000333333333333333,0.000666666666666667,312500
0,0,0,0,0,0,0.000166666666666667,0.000333333333333333,0.000666666666666667,312600
0,0,0,0,0,0,0.000166666666666667,0.000333333333333333,0.000666666666666667,312700
0,0,0,0,0,0,0.000166666666666667,0.000333333333333333,0.000666666666666667,312800
0,0,0,0,0,0,0.000166666666666667,0.000333333333333333,0.000666666666666667,312900
0,0,0,0,0,0,0.000166666666666667,0.000333333333333333,0.000666666666666667,313000
0,0,0,0,0,0,0.000166666666666667,0.000333333333333333,0.000666666666666667,313100
0,0,0,0,0,0,0.000166666666666667,0.000333333333333333,0.000666666666666667,313200
0,0,0,0,0,0,0.000166666666666667,0.000333333333333333,0.000666666666666667,313300
0,0,0,0,0,0,0.000166666666666667,0.000333333333333333,0.000666666666666667,313400
0,0,0,0,0,0,0.000166666666666667,0.000333333333333333,0.000666666666666667,313500
0,0,0,0,0,0,0.000166666666666667,0.000333333333333333,0.000666666666666667,313600
0,0,0,0,0,0,0.000166666666666667,0.000333333333333333,0.000666666666666667,313700
0,0,0,0,0,0,0.000166666666666667,0.000333333333333333,0.000666666666666667,313800
0,0,0,0,0,0,0.000166666666666667,0.000333333333333333,0.000666666666666667,313900
0,0,0,0,0,0,0.000166666666666667,0.000333333333333333,0.000666666666666667,314000
0,0,0,0,0,0,0.000166666666666667,0.000333333333333333,0.000666666666666667,314100
0,0,0,0,0,0,0.000166666666666667,0.000333333333333333,0.000666666666666667,314200
0,0,0,0,0,0,0.000166666666666667,0.000333333333333333,0.000666666666666667,314300
0,0,0,0,0,0,0.000166666666666667,0.000333333333333333,0.000666666666666667,314400
0,0,0,0,0,0,0.000166666666666667,0.000333333333333333,0.000666666666666667,314500
0,0,0,0,0,0,0.000166666666666667,0.000333333333333333,0.000666666666666667,314600
0,0,0,0,0,0,0.000166666666666667,0.000333333333333333,0.000666666666666667,314700
0,0,0,0,0,0,0.000166666666666667,0.000333333333333333,0.000666666666666667,314800
0,0,0,0,0,0,0.000166666666666667,0.000333333333333333,0.000666666666666667,314900
0,0,0,0,0,0,0.000166666666666667,0.000333333333333333,0.000666666666666667,315000
0,0,0,0,0,0,0.000166666666666667,0.000333333333333333,0.000666666666666667,315100
0,0,0,0,0,0,0.000166666666666667,0.000333333333333333,0.000666666666666667,315200
0,0,0,0,0,0,0.000166666666666667,0.000333333333333333,0.000666666666666667,315300
0,0,0,0,0,0,0.000166666666666667,0.000333333333333333,0.000666666666666667,315400
0,0,0,0,0,0,0.000166666666666667,0.000333333333333333,0.000666666666666667,315500
0,0,0,0,0,0,0.000166666666666667,0.000333333333333333,0.000666666666666667,315600
0,0,0,0,0,0,0.000166666666666667,0.000333333333333333,0.000666666666666667,315700
0,0,0,0,0,0,0.000166666666666667,0.000333333333333333,0.000666666666666667,315800
0,0,0,0,0,0,0.000166666666666667,0.000333333333333333,0.000666666666666667,315900
0,0,0,0,0,0,0.000166666666666667,0.000333333333333333,0.000666666666666667,316000
0,0,0,0,0,0,0.000166666666666667,0.000333333333333333,0.000666666666666667,316100
0,0,0,0,0,0,0.000166666666666667,0.000333333333333333,0.000666666666666667,316200
0,0,0,0,0,0,0.000166666666666667,0.000333333333333333,0.000666666666666667,316300
0,0,0,0,0,0,0.000166666666666667,0.000333333333333333,0.000666666666666667,316400
0,0,0,0,0,0,0.000166666666666667,0.000333333333333333,0.000666666666666667,316500
0,0,0,0,0,0,0.000166666666666667,0.000333333333333333,0.000666666666666667,316600
0,0,0,0,0,0,0.000166666666666667,0.000333333333333333,0.000666666666666667,316700
0,0,0,0,0,0,0.000166666666666667,0.000333333333333333,0.000666666666666667,316800
0,0,0,0,0,0,0.000166666666666667,0.000333333333333333,0.000666666666666667,316900
0,0,0,0,0,0,0.000166666666666667,0.000333333333333333,0.000666666666666667,317000
0,0,0,0,0,0,0.000166666666666667,0.000333333333333333,0.000666666666666667,317100
0,0,0,0,0,0,0.000166666666666667,0.000333333333333333,0.000666666666666667,317200
0,0,0,0,0,0,0.000166666666666667,0.000333333333333333,0.000666666666666667,317300
0,0,0,0,0,0,0.000166666666666667,0.000333333333333333,0.000666666666666667,317400
0,0,0,0,0,0,0.000166666666666667,0.000333333333333333,0.000666666666666667,317500
0,0,0,0,0,0,0.000166666666666667,0.000333333333333333,0.000666666666666667,317600
0,0,0,0,0,0,0.000166666666666667,0.000333333333333333,0.000666666666666667,317700
0,0,0,0,0,0,0.000166666666666667,0.000333333333333333,0.000666666666666667,317800
0,0,0,0,0,0,0.000166666666666667,0.000333333333333333,0.000666666666666667,317900
0,0,0,0,0,0,0.000166666666666667,0.000333333333333333,0.000666666666666667,318000
0,0,0,0,0,0,0.000166666666666667,0.000333333333333333,0.000666666666666667,318100
0,0,0,0,0,0,0.000166666666666667,0.000333333333333333,0.000666666666666667,318200
0,0,0,0,0,0,0.000166666666666667,0.000333333333333333,0.000666666666666667,318300
0,0,0,0,0,0,0.000166666666666667,0.000333333333333333,0.000666666666666667,318400
0,0,0,0,0,0,0.000166666666666667,0.000333333333333333,0.000666666666666667,318500
0,0,0,0,0,0,0.000166666666666667,0.000333333333333333,0.000666666666666667,318600
0,0,0,0,0,0,0.000166666666666667,0.000333333333333333,0.000666666666666667,318700
0,0,0,0,0,0,0.000166666666666667,0.000333333333333333,0.000666666666666667,318800
0,0,0,0,0,0,0.000166666666666667,0.000333333333333333,0.000666666666666667,318900
0,0,0,0,0,0,0.000166666666666667,0.000333333333333333,0.000666666666666667,319000
0,0,0,0,0,0,0.000166666666666667,0.000333333333333333,0.000666666666666667,319100
0,0,0,0,0,0,0.000166666666666667,0.000333333333333333,0.000666666666666667,319200
0,0,0,0,0,0,0.000166666666666667,0.000333333333333333,0.000666666666666667,319300
0,0,0,0,0,0,0.000166666666666667,0.000333333333333333,0.000666666666666667,319400
0,0,0,0,0,0,0.000166666666666667,0.000333333333333333,0.000666666666666667,319500
0,0,0,0,0,0,0.000166666666666667,0.000333333333333333,0.000666666666666667,319600
0,0,0,0,0,0,0.000166666666666667,0.000333333333333333,0.000666666666666667,319700
0,0,0,0,0,0,0.000166666666666667,0.000333333333333333,0.000666666666666667,319800
0,0,0,0,0,0,0.000166666666666667,0.000333333333333333,0.000666666666666667,319900
0,0,0,0,0,0,0.000166666666666667,0.000333333333333333,0.000666666666666667,320000
0,0,0,0,0,0,0.000166666666666667,0.000333333333333333,0.000666666666666667,320100
0,0,0,0,0,0,0.000166666666666667,0.000333333333333333,0.000666666666666667,320200
0,0,0,0,0,0,0.000166666666666667,0.000333333333333333,0.000666666666666667,320300
0,0,0,0,0,0,0.000166666666666667,0.000333333333333333,0.000666666666666667,320400
0,0,0,0,0,0,0.000166666666666667,0.000333333333333333,0.000666666666666667,320500
0,0,0,0,0,0,0.000166666666666667,0.000333333333333333,0.000666666666666667,320600
0,0,0,0,0,0,0.000166666666666667,0.000333333333333333,0.000666666666666667,320700
0,0,0,0,0,0,0.000166666666666667,0.000333333333333333,0.000666666666666667,320800
0,0,0,0,0,0,0.000166666666666667,0.000333333333333333,0.000666666666666667,320900
0,0,0,0,0,0,0.000166666666666667,0.000333333333333333,0.000666666666666667,321000
0,0,0,0,0,0,0.000166666666666667,0.000333333333333333,0.000666666666666667,321100
0,0,0,0,0,0,0.000166666666666667,0.000333333333333333,0.000666666666666667,321200
0,0,0,0,0,0,0.000166666666666667,0.000333333333333333,0.000666666666666667,321300
0,0,0,0,0,0,0.000166666666666667,0.000333333333333333,0.000666666666666667,321400
0,0,0,0,0,0,0.000166666666666667,0.000333333333333333,0.000666666666666667,321500
0,0,0,0,0,0,0.000166666666666667,0.000333333333333333,0.000666666666666667,321600
0,0,0,0,0,0,0.000166666666666667,0.000333333333333333,0.000666666666666667,321700
0,0,0,0,0,0,0.000166666666666667,0.000333333333333333,0.000666666666666667,321800
0,0,0,0,0,0,0.000166666666666667,0.000333333333333333,0.000666666666666667,321900
0,0,0,0,0,0,0.000166666666666667,0.000333333333333333,0.000666666666666667,322000
0,0,0,0,0,0,0.000166666666666667,0.000333333333333333,0.000666666666666667,322100
0,0,0,0,0,0,0.000166666666666667,0.000333333333333333,0.000666666666666667,322200
0,0,0,0,0,0,0.000166666666666667,0.000333333333333333,0.000666666666666667,322300
0,0,0,0,0,0,0.000166666666666667,0.000333333333333333,0.000666666666666667,322400
0,0,0,0,0,0,0.000166666666666667,0.000333333333333333,0.000666666666666667,322500
0,0,0,0,0,0,0.000166666666666667,0.000333333333333333,0.000666666666666667,322600
0,0,0,0,0,0,0.000166666666666667,0.000333333333333333,0.000666666666666667,322700
0,0,0,0,0,0,0.000166666666666667,0.000333333333333333,0.000666666666666667,322800
0,0,0,0,0,0,0.000166666666666667,0.000333333333333333,0.000666666666666667,322900
0,0,0,0,0,0,0.000166666666666667,0.000333333333333333,0.000666666666666667,323000
0,0,0,0,0,0,0.000166666666666667,0.000333333333333333,0.000666666666666667,323100
0,0,0,0,0,0,0.000166666666666667,0.000333333333333333,0.000666666666666667,323200
0,0,0,0,0,0,0.000166666666666667,0.000333333333333333,0.000666666666666667,323300
0,0,0,0,0,0,0.000166666666666667,0.000333333333333333,0.000666666666666667,323400
0,0,0,0,0,0,0.000166666666666667,0.000333333333333333,0.000666666666666667,323500
0,0,0,0,0,0,0.000166666666666667,0.000333333333333333,0.000666666666666667,323600
0,0,0,0,0,0,0.000166666666666667,0.000333333333333333,0.000666666666666667,323700
0,0,0,0,0,0,0.000166666666666667,0.000333333333333333,0.000666666666666667,323800
0,0,0,0,0,0,0.000166666666666667,0.000333333333333333,0.000666666666666667,323900
0,0,0,0,0,0,0.000166666666666667,0.000333333333333333,0.000666666666666667,324000
0,0,0,0,0,0,0.000166666666666667,0.000333333333333333,0.000666666666666667,324100
0,0,0,0,0,0,0.000166666666666667,0.000333333333333333,0.000666666666666667,324200
0,0,0,0,0,0,0.000166666666666667,0.000333333333333333,0.000666666666666667,324300
0,0,0,0,0,0,0.000166666666666667,0.000333333333333333,0.000666666666666667,324400
0,0,0,0,0,0,0.000166666666666667,0.000333333333333333,0.000666666666666667,324500
0,0,0,0,0,0,0.000166666666666667,0.000333333333333333,0.000666666666666667,324600
0,0,0,0,0,0,0.000166666666666667,0.000333333333333333,0.000666666666666667,324700
0,0,0,0,0,0,0.000166666666666667,0.000333333333333333,0.000666666666666667,324800
0,0,0,0,0,0,0.000166666666666667,0.000333333333333333,0.000666666666666667,324900
0,0,0,0,0,0,0.000166666666666667,0.000333333333333333,0.000666666666666667,325000
0,0,0,0,0,0,0.000166666666666667,0.000333333333333333,0.000666666666666667,325100
0,0,0,0,0,0,0.000166666666666667,0.000333333333333333,0.000666666666666667,325200
0,0,0,0,0,0,0.000166666666666667,0.000333333333333333,0.000666666666666667,325300
0,0,0,0,0,0,0.000166666666666667,0.000333333333333333,0.000666666666666667,325400
0,0,0,0,0,0,0.000166666666666667,0.000333333333333333,0.000666666666666667,325500
0,0,0,0,0,0,0.000166666666666667,0.000333333333333333,0.000666666666666667,325600
0,0,0,0,0,0,0.000166666666666667,0.000333333333333333,0.000666666666666667,325700
0,0,0,0,0,0,0.000166666666666667,0.000333333333333333,0.000666666666666667,325800
0,0,0,0,0,0,0.000166666666666667,0.000333333333333333,0.000666666666666667,325900
0,0,0,0,0,0,0.000166666666666667,0.000333333333333333,0.000666666666666667,326000
0,0,0,0,0,0,0.000166666666666667,0.000333333333333333,0.000666666666666667,326100
0,0,0,0,0,0,0.000166666666666667,0.000333333333333333,0.000666666666666667,326200
0,0,0,0,0,0,0.000166666666666667,0.000333333333333333,0.000666666666666667,326300
0,0,0,0,0,0,0.000166666666666667,0.000333333333333333,0.000666666666666667,326400
0,0,0,0,0,0,0.000166666666666667,0.000333333333333333,0.000666666666666667,326500
0,0,0,0,0,0,0.000166666666666667,0.000333333333333333,0.000666666666666667,326600
0,0,0,0,0,0,0.000166666666666667,0.000333333333333333,0.000666666666666667,326700
0,0,0,0,0,0,0.000166666666666667,0.000333333333333333,0.000666666666666667,326800
0,0,0,0,0,0,0.000166666666666667,0.000333333333333333,0.000666666666666667,326900
0,0,0,0,0,0,0.000166666666666667,0.000333333333333333,0.000666666666666667,327000
0,0,0,0,0,0,0.000166666666666667,0.000333333333333333,0.000666666666666667,327100
0,0,0,0,0,0,0.000166666666666667,0.000333333333333333,0.000666666666666667,327200
0,0,0,0,0,0,0.000166666666666667,0.000333333333333333,0.000666666666666667,327300
0,0,0,0,0,0,0.000166666666666667,0.000333333333333333,0.000666666666666667,327400
0,0,0,0,0,0,0.000166666666666667,0.000333333333333333,0.000666666666666667,327500
0,0,0,0,0,0,0.000166666666666667,0.000333333333333333,0.000666666666666667,327600
0,0,0,0,0,0,0.000166666666666667,0.000333333333333333,0.000666666666666667,327700
0,0,0,0,0,0,0.000166666666666667,0.000333333333333333,0.000666666666666667,327800
0,0,0,0,0,0,0.000166666666666667,0.000333333333333333,0.000666666666666667,327900
0,0,0,0,0,0,0.000166666666666667,0.000333333333333333,0.000666666666666667,328000
0,0,0,0,0,0,0.000166666666666667,0.000333333333333333,0.000666666666666667,328100
0,0,0,0,0,0,0.000166666666666667,0.000333333333333333,0.000666666666666667,328200
0,0,0,0,0,0,0.000166666666666667,0.000333333333333333,0.000666666666666667,328300
0,0,0,0,0,0,0.000166666666666667,0.000333333333333333,0.000666666666666667,328400
0,0,0,0,0,0,0.000166666666666667,0.000333333333333333,0.000666666666666667,328500
0,0,0,0,0,0,0.000166666666666667,0.000333333333333333,0.000666666666666667,328600
0,0,0,0,0,0,0.000166666666666667,0.000333333333333333,0.000666666666666667,328700
0,0,0,0,0,0,0.000166666666666667,0.000333333333333333,0.000666666666666667,328800
0,0,0,0,0,0,0.000166666666666667,0.000333333333333333,0.000666666666666667,328900
0,0,0,0,0,0,0.000166666666666667,0.000333333333333333,0.000666666666666667,329000
0,0,0,0,0,0,0.000166666666666667,0.000333333333333333,0.000666666666666667,329100
0,0,0,0,0,0,0.000166666666666667,0.000333333333333333,0.000666666666666667,329200
0,0,0,0,0,0,0.000166666666666667,0.000333333333333333,0.000666666666666667,329300
0,0,0,0,0,0,0.000166666666666667,0.000333333333333333,0.000666666666666667,329400
0,0,0,0,0,0,0.000166666666666667,0.000333333333333333,0.000666666666666667,329500
0,0,0,0,0,0,0.000166666666666667,0.000333333333333333,0.000666666666666667,329600
0,0,0,0,0,0,0.000166666666666667,0.000333333333333333,0.000666666666666667,329700
0,0,0,0,0,0,0.000166666666666667,0.000333333333333333,0.000666666666666667,329800
0,0,0,0,0,0,0.000166666666666667,0.000333333333333333,0.000666666666666667,329900
0,0,0,0,0,0,0.000166666666666667,0.000333333333333333,0.000666666666666667,330000
0,0,0,0,0,0,0.000166666666666667,0.000333333333333333,0.000666666666666667,330100
0,0,0,0,0,0,0.000166666666666667,0.000333333333333333,0.000666666666666667,330200
0,0,0,0,0,0,0.000166666666666667,0.000333333333333333,0.000666666666666667,330300
0,0,0,0,0,0,0.000166666666666667,0.000333333333333333,0.000666666666666667,330400
0,0,0,0,0,0,0.000166666666666667,0.000333333333333333,0.000666666666666667,330500
0,0,0,0,0,0,0.000166666666666667,0.000333333333333333,0.000666666666666667,330600
0,0,0,0,0,0,0.000166666666666667,0.000333333333333333,0.000666666666666667,330700
0,0,0,0,0,0,0.000166666666666667,0.000333333333333333,0.000666666666666667,330800
0,0,0,0,0,0,0.000166666666666667,0.000333333333333333,0.000666666666666667,330900
0,0,0,0,0,0,0.000166666666666667,0.000333333333333333,0.000666666666666667,331000
0,0,0,0,0,0,0.000166666666666667,0.000333333333333333,0.000666666666666667,331100
0,0,0,0,0,0,0.000166666666666667,0.000333333333333333,0.000666666666666667,331200
0,0,0,0,0,0,0.000166666666666667,0.000333333333333333,0.000666666666666667,331300
0,0,0,0,0,0,0.000166666666666667,0.000333333333333333,0.000666666666666667,331400
0,0,0,0,0,0,0.000166666666666667,0.000333333333333333,0.000666666666666667,331500
0,0,0,0,0,0,0.000166666666666667,0.000333333333333333,0.000666666666666667,331600
0,0,0,0,0,0,0.000166666666666667,0.000333333333333333,0.000666666666666667,331700
0,0,0,0,0,0,0.000166666666666667,0.000333333333333333,0.000666666666666667,331800
0,0,0,0,0,0,0.000166666666666667,0.000333333333333333,0.000666666666666667,331900
0,0,0,0,0,0,0.000166666666666667,0.000333333333333333,0.000666666666666667,332000
0,0,0,0,0,0,0.000166666666666667,0.000333333333333333,0.000666666666666667,332100
0,0,0,0,0,0,0.000166666666666667,0.000333333333333333,0.000666666666666667,332200
0,0,0,0,0,0,0.000166666666666667,0.000333333333333333,0.000666666666666667,332300
0,0,0,0,0,0,0.000166666666666667,0.000333333333333333,0.000666666666666667,332400
0,0,0,0,0,0,0.000166666666666667,0.000333333333333333,0.000666666666666667,332500
0,0,0,0,0,0,0.000166666666666667,0.000333333333333333,0.000666666666666667,332600
0,0,0,0,0,0,0.000166666666666667,0.000333333333333333,0.000666666666666667,332700
0,0,0,0,0,0,0.000166666666666667,0.000333333333333333,0.000666666666666667,332800
0,0,0,0,0,0,0.000166666666666667,0.000333333333333333,0.000666666666666667,332900
0,0,0,0,0,0,0.000166666666666667,0.000333333333333333,0.000666666666666667,333000
0,0,0,0,0,0,0.000166666666666667,0.000333333333333333,0.000666666666666667,333100
0,0,0,0,0,0,0.000166666666666667,0.000333333333333333,0.000666666666666667,333200
0,0,0,0,0,0,0.000166666666666667,0.000333333333333333,0.000666666666666667,333300
0,0,0,0,0,0,0.000166666666666667,0.000333333333333333,0.000666666666666667,333400
0,0,0,0,0,0,0.000166666666666667,0.000333333333333333,5e-04,333500
0,0,0,0,0,0,0.000166666666666667,0.000333333333333333,5e-04,333600
0,0,0,0,0,0,0.000166666666666667,0.000333333333333333,5e-04,333700
0,0,0,0,0,0,0.000166666666666667,0.000333333333333333,5e-04,333800
0,0,0,0,0,0,0.000166666666666667,0.000333333333333333,5e-04,333900
0,0,0,0,0,0,0.000166666666666667,0.000333333333333333,5e-04,334000
0,0,0,0,0,0,0.000166666666666667,0.000333333333333333,5e-04,334100
0,0,0,0,0,0,0.000166666666666667,0.000333333333333333,5e-04,334200
0,0,0,0,0,0,0.000166666666666667,0.000333333333333333,5e-04,334300
0,0,0,0,0,0,0.000166666666666667,0.000333333333333333,5e-04,334400
0,0,0,0,0,0,0.000166666666666667,0.000333333333333333,5e-04,334500
0,0,0,0,0,0,0.000166666666666667,0.000333333333333333,5e-04,334600
0,0,0,0,0,0,0.000166666666666667,0.000333333333333333,5e-04,334700
0,0,0,0,0,0,0.000166666666666667,0.000333333333333333,5e-04,334800
0,0,0,0,0,0,0.000166666666666667,0.000333333333333333,5e-04,334900
0,0,0,0,0,0,0.000166666666666667,0.000333333333333333,5e-04,335000
0,0,0,0,0,0,0.000166666666666667,0.000333333333333333,5e-04,335100
0,0,0,0,0,0,0.000166666666666667,0.000333333333333333,5e-04,335200
0,0,0,0,0,0,0.000166666666666667,0.000333333333333333,5e-04,335300
0,0,0,0,0,0,0.000166666666666667,0.000333333333333333,5e-04,335400
0,0,0,0,0,0,0.000166666666666667,0.000333333333333333,5e-04,335500
0,0,0,0,0,0,0.000166666666666667,0.000333333333333333,5e-04,335600
0,0,0,0,0,0,0.000166666666666667,0.000333333333333333,5e-04,335700
0,0,0,0,0,0,0.000166666666666667,0.000333333333333333,5e-04,335800
0,0,0,0,0,0,0.000166666666666667,0.000333333333333333,5e-04,335900
0,0,0,0,0,0,0.000166666666666667,0.000333333333333333,5e-04,336000
0,0,0,0,0,0,0.000166666666666667,0.000333333333333333,5e-04,336100
0,0,0,0,0,0,0.000166666666666667,0.000333333333333333,5e-04,336200
0,0,0,0,0,0,0.000166666666666667,0.000333333333333333,5e-04,336300
0,0,0,0,0,0,0.000166666666666667,0.000333333333333333,5e-04,336400
0,0,0,0,0,0,0.000166666666666667,0.000333333333333333,5e-04,336500
0,0,0,0,0,0,0.000166666666666667,0.000333333333333333,5e-04,336600
0,0,0,0,0,0,0.000166666666666667,0.000333333333333333,5e-04,336700
0,0,0,0,0,0,0.000166666666666667,0.000333333333333333,5e-04,336800
0,0,0,0,0,0,0.000166666666666667,0.000333333333333333,5e-04,336900
0,0,0,0,0,0,0.000166666666666667,0.000333333333333333,5e-04,337000
0,0,0,0,0,0,0.000166666666666667,0.000333333333333333,5e-04,337100
0,0,0,0,0,0,0.000166666666666667,0.000333333333333333,5e-04,337200
0,0,0,0,0,0,0.000166666666666667,0.000333333333333333,5e-04,337300
0,0,0,0,0,0,0.000166666666666667,0.000333333333333333,5e-04,337400
0,0,0,0,0,0,0.000166666666666667,0.000333333333333333,5e-04,337500
0,0,0,0,0,0,0.000166666666666667,0.000333333333333333,5e-04,337600
0,0,0,0,0,0,0.000166666666666667,0.000333333333333333,5e-04,337700
0,0,0,0,0,0,0.000166666666666667,0.000333333333333333,5e-04,337800
0,0,0,0,0,0,0.000166666666666667,0.000333333333333333,5e-04,337900
0,0,0,0,0,0,0.000166666666666667,0.000333333333333333,5e-04,338000
0,0,0,0,0,0,0.000166666666666667,0.000333333333333333,5e-04,338100
0,0,0,0,0,0,0.000166666666666667,0.000333333333333333,5e-04,338200
0,0,0,0,0,0,0.000166666666666667,0.000333333333333333,5e-04,338300
0,0,0,0,0,0,0.000166666666666667,0.000333333333333333,5e-04,338400
0,0,0,0,0,0,0.000166666666666667,0.000333333333333333,5e-04,338500
0,0,0,0,0,0,0.000166666666666667,0.000333333333333333,5e-04,338600
0,0,0,0,0,0,0.000166666666666667,0.000333333333333333,5e-04,338700
0,0,0,0,0,0,0.000166666666666667,0.000333333333333333,5e-04,338800
0,0,0,0,0,0,0.000166666666666667,0.000333333333333333,5e-04,338900
0,0,0,0,0,0,0.000166666666666667,0.000333333333333333,5e-04,339000
0,0,0,0,0,0,0.000166666666666667,0.000333333333333333,5e-04,339100
0,0,0,0,0,0,0.000166666666666667,0.000333333333333333,5e-04,339200
0,0,0,0,0,0,0.000166666666666667,0.000333333333333333,5e-04,339300
0,0,0,0,0,0,0.000166666666666667,0.000333333333333333,5e-04,339400
0,0,0,0,0,0,0.000166666666666667,0.000333333333333333,5e-04,339500
0,0,0,0,0,0,0.000166666666666667,0.000333333333333333,5e-04,339600
0,0,0,0,0,0,0.000166666666666667,0.000333333333333333,5e-04,339700
0,0,0,0,0,0,0.000166666666666667,0.000333333333333333,5e-04,339800
0,0,0,0,0,0,0.000166666666666667,0.000333333333333333,5e-04,339900
0,0,0,0,0,0,0.000166666666666667,0.000333333333333333,5e-04,340000
0,0,0,0,0,0,0.000166666666666667,0.000333333333333333,5e-04,340100
0,0,0,0,0,0,0.000166666666666667,0.000333333333333333,5e-04,340200
0,0,0,0,0,0,0.000166666666666667,0.000333333333333333,5e-04,340300
0,0,0,0,0,0,0.000166666666666667,0.000333333333333333,5e-04,340400
0,0,0,0,0,0,0.000166666666666667,0.000333333333333333,5e-04,340500
0,0,0,0,0,0,0.000166666666666667,0.000333333333333333,5e-04,340600
0,0,0,0,0,0,0.000166666666666667,0.000333333333333333,5e-04,340700
0,0,0,0,0,0,0.000166666666666667,0.000333333333333333,5e-04,340800
0,0,0,0,0,0,0.000166666666666667,0.000333333333333333,5e-04,340900
0,0,0,0,0,0,0.000166666666666667,0.000333333333333333,5e-04,341000
0,0,0,0,0,0,0.000166666666666667,0.000333333333333333,5e-04,341100
0,0,0,0,0,0,0.000166666666666667,0.000333333333333333,5e-04,341200
0,0,0,0,0,0,0.000166666666666667,0.000333333333333333,5e-04,341300
0,0,0,0,0,0,0.000166666666666667,0.000333333333333333,5e-04,341400
0,0,0,0,0,0,0.000166666666666667,0.000333333333333333,5e-04,341500
0,0,0,0,0,0,0.000166666666666667,0.000333333333333333,5e-04,341600
0,0,0,0,0,0,0.000166666666666667,0.000333333333333333,5e-04,341700
0,0,0,0,0,0,0.000166666666666667,0.000333333333333333,5e-04,341800
0,0,0,0,0,0,0.000166666666666667,0.000333333333333333,5e-04,341900
0,0,0,0,0,0,0.000166666666666667,0.000333333333333333,5e-04,342000
0,0,0,0,0,0,0.000166666666666667,0.000333333333333333,5e-04,342100
0,0,0,0,0,0,0.000166666666666667,0.000333333333333333,5e-04,342200
0,0,0,0,0,0,0.000166666666666667,0.000333333333333333,5e-04,342300
0,0,0,0,0,0,0.000166666666666667,0.000333333333333333,5e-04,342400
0,0,0,0,0,0,0.000166666666666667,0.000333333333333333,5e-04,342500
0,0,0,0,0,0,0.000166666666666667,0.000333333333333333,5e-04,342600
0,0,0,0,0,0,0.000166666666666667,0.000333333333333333,5e-04,342700
0,0,0,0,0,0,0.000166666666666667,0.000333333333333333,5e-04,342800
0,0,0,0,0,0,0.000166666666666667,0.000333333333333333,5e-04,342900
0,0,0,0,0,0,0.000166666666666667,0.000333333333333333,5e-04,343000
0,0,0,0,0,0,0.000166666666666667,0.000333333333333333,5e-04,343100
0,0,0,0,0,0,0.000166666666666667,0.000333333333333333,5e-04,343200
0,0,0,0,0,0,0.000166666666666667,0.000333333333333333,5e-04,343300
0,0,0,0,0,0,0.000166666666666667,0.000333333333333333,5e-04,343400
0,0,0,0,0,0,0.000166666666666667,0.000333333333333333,5e-04,343500
0,0,0,0,0,0,0.000166666666666667,0.000333333333333333,5e-04,343600
0,0,0,0,0,0,0.000166666666666667,0.000333333333333333,5e-04,343700
0,0,0,0,0,0,0.000166666666666667,0.000333333333333333,5e-04,343800
0,0,0,0,0,0,0.000166666666666667,0.000333333333333333,5e-04,343900
0,0,0,0,0,0,0.000166666666666667,0.000333333333333333,5e-04,344000
0,0,0,0,0,0,0.000166666666666667,0.000333333333333333,5e-04,344100
0,0,0,0,0,0,0.000166666666666667,0.000333333333333333,5e-04,344200
0,0,0,0,0,0,0.000166666666666667,0.000333333333333333,5e-04,344300
0,0,0,0,0,0,0.000166666666666667,0.000333333333333333,5e-04,344400
0,0,0,0,0,0,0.000166666666666667,0.000333333333333333,5e-04,344500
0,0,0,0,0,0,0.000166666666666667,0.000333333333333333,5e-04,344600
0,0,0,0,0,0,0.000166666666666667,0.000333333333333333,5e-04,344700
0,0,0,0,0,0,0.000166666666666667,0.000333333333333333,5e-04,344800
0,0,0,0,0,0,0.000166666666666667,0.000333333333333333,5e-04,344900
0,0,0,0,0,0,0.000166666666666667,0.000333333333333333,5e-04,345000
0,0,0,0,0,0,0.000166666666666667,0.000333333333333333,5e-04,345100
0,0,0,0,0,0,0.000166666666666667,0.000333333333333333,5e-04,345200
0,0,0,0,0,0,0.000166666666666667,0.000333333333333333,0.000333333333333333,345300
0,0,0,0,0,0,0.000166666666666667,0.000333333333333333,0.000333333333333333,345400
0,0,0,0,0,0,0.000166666666666667,0.000333333333333333,0.000333333333333333,345500
0,0,0,0,0,0,0.000166666666666667,0.000333333333333333,0.000333333333333333,345600
0,0,0,0,0,0,0.000166666666666667,0.000333333333333333,0.000333333333333333,345700
0,0,0,0,0,0,0.000166666666666667,0.000333333333333333,0.000333333333333333,345800
0,0,0,0,0,0,0.000166666666666667,0.000333333333333333,0.000333333333333333,345900
0,0,0,0,0,0,0.000166666666666667,0.000333333333333333,0.000333333333333333,346000
0,0,0,0,0,0,0.000166666666666667,0.000333333333333333,0.000333333333333333,346100
0,0,0,0,0,0,0.000166666666666667,0.000333333333333333,0.000333333333333333,346200
0,0,0,0,0,0,0.000166666666666667,0.000333333333333333,0.000333333333333333,346300
0,0,0,0,0,0,0.000166666666666667,0.000333333333333333,0.000333333333333333,346400
0,0,0,0,0,0,0.000166666666666667,0.000333333333333333,0.000333333333333333,346500
0,0,0,0,0,0,0.000166666666666667,0.000333333333333333,0.000333333333333333,346600
0,0,0,0,0,0,0.000166666666666667,0.000333333333333333,0.000333333333333333,346700
0,0,0,0,0,0,0.000166666666666667,0.000333333333333333,0.000333333333333333,346800
0,0,0,0,0,0,0.000166666666666667,0.000333333333333333,0.000333333333333333,346900
0,0,0,0,0,0,0.000166666666666667,0.000333333333333333,0.000333333333333333,347000
0,0,0,0,0,0,0.000166666666666667,0.000333333333333333,0.000333333333333333,347100
0,0,0,0,0,0,0.000166666666666667,0.000333333333333333,0.000333333333333333,347200
0,0,0,0,0,0,0.000166666666666667,0.000333333333333333,0.000333333333333333,347300
0,0,0,0,0,0,0.000166666666666667,0.000333333333333333,0.000333333333333333,347400
0,0,0,0,0,0,0.000166666666666667,0.000333333333333333,0.000333333333333333,347500
0,0,0,0,0,0,0.000166666666666667,0.000333333333333333,0.000333333333333333,347600
0,0,0,0,0,0,0.000166666666666667,0.000333333333333333,0.000333333333333333,347700
0,0,0,0,0,0,0.000166666666666667,0.000333333333333333,0.000333333333333333,347800
0,0,0,0,0,0,0.000166666666666667,0.000333333333333333,0.000333333333333333,347900
0,0,0,0,0,0,0.000166666666666667,0.000333333333333333,0.000333333333333333,348000
0,0,0,0,0,0,0.000166666666666667,0.000333333333333333,0.000333333333333333,348100
0,0,0,0,0,0,0.000166666666666667,0.000333333333333333,0.000333333333333333,348200
0,0,0,0,0,0,0.000166666666666667,0.000333333333333333,0.000333333333333333,348300
0,0,0,0,0,0,0.000166666666666667,0.000333333333333333,0.000333333333333333,348400
0,0,0,0,0,0,0.000166666666666667,0.000333333333333333,0.000333333333333333,348500
0,0,0,0,0,0,0.000166666666666667,0.000333333333333333,0.000333333333333333,348600
0,0,0,0,0,0,0.000166666666666667,0.000333333333333333,0.000333333333333333,348700
0,0,0,0,0,0,0.000166666666666667,0.000333333333333333,0.000333333333333333,348800
0,0,0,0,0,0,0.000166666666666667,0.000333333333333333,0.000333333333333333,348900
0,0,0,0,0,0,0.000166666666666667,0.000333333333333333,0.000333333333333333,349000
0,0,0,0,0,0,0.000166666666666667,0.000333333333333333,0.000333333333333333,349100
0,0,0,0,0,0,0.000166666666666667,0.000333333333333333,0.000333333333333333,349200
0,0,0,0,0,0,0.000166666666666667,0.000333333333333333,0.000333333333333333,349300
0,0,0,0,0,0,0.000166666666666667,0.000333333333333333,0.000333333333333333,349400
0,0,0,0,0,0,0.000166666666666667,0.000333333333333333,0.000333333333333333,349500
0,0,0,0,0,0,0.000166666666666667,0.000333333333333333,0.000333333333333333,349600
0,0,0,0,0,0,0.000166666666666667,0.000333333333333333,0.000333333333333333,349700
0,0,0,0,0,0,0.000166666666666667,0.000333333333333333,0.000333333333333333,349800
0,0,0,0,0,0,0.000166666666666667,0.000333333333333333,0.000333333333333333,349900
0,0,0,0,0,0,0.000166666666666667,0.000333333333333333,0.000333333333333333,350000
0,0,0,0,0,0,0.000166666666666667,0.000333333333333333,0.000333333333333333,350100
0,0,0,0,0,0,0.000166666666666667,0.000333333333333333,0.000333333333333333,350200
0,0,0,0,0,0,0.000166666666666667,0.000333333333333333,0.000333333333333333,350300
0,0,0,0,0,0,0.000166666666666667,0.000333333333333333,0.000333333333333333,350400
0,0,0,0,0,0,0.000166666666666667,0.000333333333333333,0.000333333333333333,350500
0,0,0,0,0,0,0.000166666666666667,0.000333333333333333,0.000333333333333333,350600
0,0,0,0,0,0,0.000166666666666667,0.000333333333333333,0.000333333333333333,350700
0,0,0,0,0,0,0.000166666666666667,0.000333333333333333,0.000333333333333333,350800
0,0,0,0,0,0,0.000166666666666667,0.000333333333333333,0.000333333333333333,350900
0,0,0,0,0,0,0.000166666666666667,0.000333333333333333,0.000333333333333333,351000
0,0,0,0,0,0,0.000166666666666667,0.000333333333333333,0.000333333333333333,351100
0,0,0,0,0,0,0.000166666666666667,0.000333333333333333,0.000333333333333333,351200
0,0,0,0,0,0,0.000166666666666667,0.000333333333333333,0.000333333333333333,351300
0,0,0,0,0,0,0.000166666666666667,0.000333333333333333,0.000333333333333333,351400
0,0,0,0,0,0,0.000166666666666667,0.000166666666666667,0.000333333333333333,351500
0,0,0,0,0,0,0.000166666666666667,0.000166666666666667,0.000333333333333333,351600
0,0,0,0,0,0,0.000166666666666667,0.000166666666666667,0.000333333333333333,351700
0,0,0,0,0,0,0.000166666666666667,0.000166666666666667,0.000333333333333333,351800
0,0,0,0,0,0,0.000166666666666667,0.000166666666666667,0.000333333333333333,351900
0,0,0,0,0,0,0.000166666666666667,0.000166666666666667,0.000333333333333333,352000
0,0,0,0,0,0,0.000166666666666667,0.000166666666666667,0.000333333333333333,352100
0,0,0,0,0,0,0.000166666666666667,0.000166666666666667,0.000333333333333333,352200
0,0,0,0,0,0,0.000166666666666667,0.000166666666666667,0.000333333333333333,352300
0,0,0,0,0,0,0.000166666666666667,0.000166666666666667,0.000333333333333333,352400
0,0,0,0,0,0,0.000166666666666667,0.000166666666666667,0.000333333333333333,352500
0,0,0,0,0,0,0.000166666666666667,0.000166666666666667,0.000333333333333333,352600
0,0,0,0,0,0,0.000166666666666667,0.000166666666666667,0.000333333333333333,352700
0,0,0,0,0,0,0.000166666666666667,0.000166666666666667,0.000333333333333333,352800
0,0,0,0,0,0,0.000166666666666667,0.000166666666666667,0.000333333333333333,352900
0,0,0,0,0,0,0.000166666666666667,0.000166666666666667,0.000333333333333333,353000
0,0,0,0,0,0,0.000166666666666667,0.000166666666666667,0.000333333333333333,353100
0,0,0,0,0,0,0.000166666666666667,0.000166666666666667,0.000333333333333333,353200
0,0,0,0,0,0,0.000166666666666667,0.000166666666666667,0.000333333333333333,353300
0,0,0,0,0,0,0.000166666666666667,0.000166666666666667,0.000333333333333333,353400
0,0,0,0,0,0,0.000166666666666667,0.000166666666666667,0.000333333333333333,353500
0,0,0,0,0,0,0.000166666666666667,0.000166666666666667,0.000333333333333333,353600
0,0,0,0,0,0,0.000166666666666667,0.000166666666666667,0.000333333333333333,353700
0,0,0,0,0,0,0.000166666666666667,0.000166666666666667,0.000333333333333333,353800
0,0,0,0,0,0,0.000166666666666667,0.000166666666666667,0.000333333333333333,353900
0,0,0,0,0,0,0.000166666666666667,0.000166666666666667,0.000333333333333333,354000
0,0,0,0,0,0,0.000166666666666667,0.000166666666666667,0.000333333333333333,354100
0,0,0,0,0,0,0.000166666666666667,0.000166666666666667,0.000333333333333333,354200
0,0,0,0,0,0,0.000166666666666667,0.000166666666666667,0.000333333333333333,354300
0,0,0,0,0,0,0.000166666666666667,0.000166666666666667,0.000333333333333333,354400
0,0,0,0,0,0,0.000166666666666667,0.000166666666666667,0.000333333333333333,354500
0,0,0,0,0,0,0.000166666666666667,0.000166666666666667,0.000333333333333333,354600
0,0,0,0,0,0,0.000166666666666667,0.000166666666666667,0.000333333333333333,354700
0,0,0,0,0,0,0.000166666666666667,0.000166666666666667,0.000333333333333333,354800
0,0,0,0,0,0,0.000166666666666667,0.000166666666666667,0.000333333333333333,354900
0,0,0,0,0,0,0.000166666666666667,0.000166666666666667,0.000333333333333333,355000
0,0,0,0,0,0,0.000166666666666667,0.000166666666666667,0.000333333333333333,355100
0,0,0,0,0,0,0.000166666666666667,0.000166666666666667,0.000333333333333333,355200
0,0,0,0,0,0,0.000166666666666667,0.000166666666666667,0.000333333333333333,355300
0,0,0,0,0,0,0.000166666666666667,0.000166666666666667,0.000333333333333333,355400
0,0,0,0,0,0,0.000166666666666667,0.000166666666666667,0.000333333333333333,355500
0,0,0,0,0,0,0.000166666666666667,0.000166666666666667,0.000333333333333333,355600
0,0,0,0,0,0,0.000166666666666667,0.000166666666666667,0.000333333333333333,355700
0,0,0,0,0,0,0.000166666666666667,0.000166666666666667,0.000333333333333333,355800
0,0,0,0,0,0,0.000166666666666667,0.000166666666666667,0.000333333333333333,355900
0,0,0,0,0,0,0.000166666666666667,0.000166666666666667,0.000333333333333333,356000
0,0,0,0,0,0,0.000166666666666667,0.000166666666666667,0.000333333333333333,356100
0,0,0,0,0,0,0.000166666666666667,0.000166666666666667,0.000333333333333333,356200
0,0,0,0,0,0,0.000166666666666667,0.000166666666666667,0.000333333333333333,356300
0,0,0,0,0,0,0.000166666666666667,0.000166666666666667,0.000333333333333333,356400
0,0,0,0,0,0,0.000166666666666667,0.000166666666666667,0.000333333333333333,356500
0,0,0,0,0,0,0.000166666666666667,0.000166666666666667,0.000333333333333333,356600
0,0,0,0,0,0,0.000166666666666667,0.000166666666666667,0.000333333333333333,356700
0,0,0,0,0,0,0.000166666666666667,0.000166666666666667,0.000333333333333333,356800
0,0,0,0,0,0,0.000166666666666667,0.000166666666666667,0.000333333333333333,356900
0,0,0,0,0,0,0.000166666666666667,0.000166666666666667,0.000333333333333333,357000
0,0,0,0,0,0,0.000166666666666667,0.000166666666666667,0.000333333333333333,357100
0,0,0,0,0,0,0.000166666666666667,0.000166666666666667,0.000333333333333333,357200
0,0,0,0,0,0,0.000166666666666667,0.000166666666666667,0.000333333333333333,357300
0,0,0,0,0,0,0.000166666666666667,0.000166666666666667,0.000333333333333333,357400
0,0,0,0,0,0,0.000166666666666667,0.000166666666666667,0.000333333333333333,357500
0,0,0,0,0,0,0.000166666666666667,0.000166666666666667,0.000333333333333333,357600
0,0,0,0,0,0,0.000166666666666667,0.000166666666666667,0.000333333333333333,357700
0,0,0,0,0,0,0.000166666666666667,0.000166666666666667,0.000333333333333333,357800
0,0,0,0,0,0,0.000166666666666667,0.000166666666666667,0.000333333333333333,357900
0,0,0,0,0,0,0.000166666666666667,0.000166666666666667,0.000333333333333333,358000
0,0,0,0,0,0,0.000166666666666667,0.000166666666666667,0.000333333333333333,358100
0,0,0,0,0,0,0.000166666666666667,0.000166666666666667,0.000333333333333333,358200
0,0,0,0,0,0,0.000166666666666667,0.000166666666666667,0.000333333333333333,358300
0,0,0,0,0,0,0.000166666666666667,0.000166666666666667,0.000333333333333333,358400
0,0,0,0,0,0,0.000166666666666667,0.000166666666666667,0.000333333333333333,358500
0,0,0,0,0,0,0.000166666666666667,0.000166666666666667,0.000333333333333333,358600
0,0,0,0,0,0,0.000166666666666667,0.000166666666666667,0.000333333333333333,358700
0,0,0,0,0,0,0.000166666666666667,0.000166666666666667,0.000333333333333333,358800
0,0,0,0,0,0,0.000166666666666667,0.000166666666666667,0.000333333333333333,358900
0,0,0,0,0,0,0.000166666666666667,0.000166666666666667,0.000333333333333333,359000
0,0,0,0,0,0,0.000166666666666667,0.000166666666666667,0.000333333333333333,359100
0,0,0,0,0,0,0.000166666666666667,0.000166666666666667,0.000333333333333333,359200
0,0,0,0,0,0,0.000166666666666667,0.000166666666666667,0.000333333333333333,359300
0,0,0,0,0,0,0.000166666666666667,0.000166666666666667,0.000333333333333333,359400
0,0,0,0,0,0,0.000166666666666667,0.000166666666666667,0.000333333333333333,359500
0,0,0,0,0,0,0.000166666666666667,0.000166666666666667,0.000333333333333333,359600
0,0,0,0,0,0,0.000166666666666667,0.000166666666666667,0.000333333333333333,359700
0,0,0,0,0,0,0.000166666666666667,0.000166666666666667,0.000333333333333333,359800
0,0,0,0,0,0,0.000166666666666667,0.000166666666666667,0.000333333333333333,359900
0,0,0,0,0,0,0.000166666666666667,0.000166666666666667,0.000333333333333333,360000
0,0,0,0,0,0,0.000166666666666667,0.000166666666666667,0.000333333333333333,360100
0,0,0,0,0,0,0.000166666666666667,0.000166666666666667,0.000333333333333333,360200
0,0,0,0,0,0,0.000166666666666667,0.000166666666666667,0.000333333333333333,360300
0,0,0,0,0,0,0.000166666666666667,0.000166666666666667,0.000333333333333333,360400
0,0,0,0,0,0,0.000166666666666667,0.000166666666666667,0.000333333333333333,360500
0,0,0,0,0,0,0.000166666666666667,0.000166666666666667,0.000333333333333333,360600
0,0,0,0,0,0,0.000166666666666667,0.000166666666666667,0.000333333333333333,360700
0,0,0,0,0,0,0.000166666666666667,0.000166666666666667,0.000333333333333333,360800
0,0,0,0,0,0,0.000166666666666667,0.000166666666666667,0.000333333333333333,360900
0,0,0,0,0,0,0.000166666666666667,0.000166666666666667,0.000333333333333333,361000
0,0,0,0,0,0,0.000166666666666667,0.000166666666666667,0.000333333333333333,361100
0,0,0,0,0,0,0.000166666666666667,0.000166666666666667,0.000333333333333333,361200
0,0,0,0,0,0,0.000166666666666667,0.000166666666666667,0.000333333333333333,361300
0,0,0,0,0,0,0.000166666666666667,0.000166666666666667,0.000333333333333333,361400
0,0,0,0,0,0,0.000166666666666667,0.000166666666666667,0.000333333333333333,361500
0,0,0,0,0,0,0.000166666666666667,0.000166666666666667,0.000333333333333333,361600
0,0,0,0,0,0,0.000166666666666667,0.000166666666666667,0.000333333333333333,361700
0,0,0,0,0,0,0.000166666666666667,0.000166666666666667,0.000333333333333333,361800
0,0,0,0,0,0,0.000166666666666667,0.000166666666666667,0.000333333333333333,361900
0,0,0,0,0,0,0.000166666666666667,0.000166666666666667,0.000333333333333333,362000
0,0,0,0,0,0,0.000166666666666667,0.000166666666666667,0.000333333333333333,362100
0,0,0,0,0,0,0.000166666666666667,0.000166666666666667,0.000333333333333333,362200
0,0,0,0,0,0,0.000166666666666667,0.000166666666666667,0.000333333333333333,362300
0,0,0,0,0,0,0.000166666666666667,0.000166666666666667,0.000333333333333333,362400
0,0,0,0,0,0,0.000166666666666667,0.000166666666666667,0.000333333333333333,362500
0,0,0,0,0,0,0.000166666666666667,0.000166666666666667,0.000333333333333333,362600
0,0,0,0,0,0,0.000166666666666667,0.000166666666666667,0.000333333333333333,362700
0,0,0,0,0,0,0.000166666666666667,0.000166666666666667,0.000333333333333333,362800
0,0,0,0,0,0,0.000166666666666667,0.000166666666666667,0.000333333333333333,362900
0,0,0,0,0,0,0.000166666666666667,0.000166666666666667,0.000333333333333333,363000
0,0,0,0,0,0,0.000166666666666667,0.000166666666666667,0.000333333333333333,363100
0,0,0,0,0,0,0.000166666666666667,0.000166666666666667,0.000333333333333333,363200
0,0,0,0,0,0,0.000166666666666667,0.000166666666666667,0.000333333333333333,363300
0,0,0,0,0,0,0.000166666666666667,0.000166666666666667,0.000333333333333333,363400
0,0,0,0,0,0,0.000166666666666667,0.000166666666666667,0.000333333333333333,363500
0,0,0,0,0,0,0.000166666666666667,0.000166666666666667,0.000333333333333333,363600
0,0,0,0,0,0,0.000166666666666667,0.000166666666666667,0.000333333333333333,363700
0,0,0,0,0,0,0.000166666666666667,0.000166666666666667,0.000333333333333333,363800
0,0,0,0,0,0,0.000166666666666667,0.000166666666666667,0.000333333333333333,363900
0,0,0,0,0,0,0.000166666666666667,0.000166666666666667,0.000333333333333333,364000
0,0,0,0,0,0,0.000166666666666667,0.000166666666666667,0.000333333333333333,364100
0,0,0,0,0,0,0.000166666666666667,0.000166666666666667,0.000333333333333333,364200
0,0,0,0,0,0,0.000166666666666667,0.000166666666666667,0.000333333333333333,364300
0,0,0,0,0,0,0.000166666666666667,0.000166666666666667,0.000333333333333333,364400
0,0,0,0,0,0,0.000166666666666667,0.000166666666666667,0.000333333333333333,364500
0,0,0,0,0,0,0.000166666666666667,0.000166666666666667,0.000333333333333333,364600
0,0,0,0,0,0,0.000166666666666667,0.000166666666666667,0.000333333333333333,364700
0,0,0,0,0,0,0.000166666666666667,0.000166666666666667,0.000333333333333333,364800
0,0,0,0,0,0,0.000166666666666667,0.000166666666666667,0.000333333333333333,364900
0,0,0,0,0,0,0.000166666666666667,0.000166666666666667,0.000333333333333333,365000
0,0,0,0,0,0,0.000166666666666667,0.000166666666666667,0.000333333333333333,365100
0,0,0,0,0,0,0.000166666666666667,0.000166666666666667,0.000333333333333333,365200
0,0,0,0,0,0,0.000166666666666667,0.000166666666666667,0.000333333333333333,365300
0,0,0,0,0,0,0.000166666666666667,0.000166666666666667,0.000333333333333333,365400
0,0,0,0,0,0,0.000166666666666667,0.000166666666666667,0.000333333333333333,365500
0,0,0,0,0,0,0.000166666666666667,0.000166666666666667,0.000333333333333333,365600
0,0,0,0,0,0,0.000166666666666667,0.000166666666666667,0.000333333333333333,365700
0,0,0,0,0,0,0.000166666666666667,0.000166666666666667,0.000333333333333333,365800
0,0,0,0,0,0,0.000166666666666667,0.000166666666666667,0.000333333333333333,365900
0,0,0,0,0,0,0.000166666666666667,0.000166666666666667,0.000333333333333333,366000
0,0,0,0,0,0,0.000166666666666667,0.000166666666666667,0.000333333333333333,366100
0,0,0,0,0,0,0.000166666666666667,0.000166666666666667,0.000333333333333333,366200
0,0,0,0,0,0,0.000166666666666667,0.000166666666666667,0.000333333333333333,366300
0,0,0,0,0,0,0.000166666666666667,0.000166666666666667,0.000333333333333333,366400
0,0,0,0,0,0,0.000166666666666667,0.000166666666666667,0.000333333333333333,366500
0,0,0,0,0,0,0.000166666666666667,0.000166666666666667,0.000333333333333333,366600
0,0,0,0,0,0,0.000166666666666667,0.000166666666666667,0.000333333333333333,366700
0,0,0,0,0,0,0.000166666666666667,0.000166666666666667,0.000333333333333333,366800
0,0,0,0,0,0,0.000166666666666667,0.000166666666666667,0.000333333333333333,366900
0,0,0,0,0,0,0.000166666666666667,0.000166666666666667,0.000333333333333333,367000
0,0,0,0,0,0,0.000166666666666667,0.000166666666666667,0.000333333333333333,367100
0,0,0,0,0,0,0.000166666666666667,0.000166666666666667,0.000333333333333333,367200
0,0,0,0,0,0,0.000166666666666667,0.000166666666666667,0.000333333333333333,367300
0,0,0,0,0,0,0.000166666666666667,0.000166666666666667,0.000333333333333333,367400
0,0,0,0,0,0,0.000166666666666667,0.000166666666666667,0.000333333333333333,367500
0,0,0,0,0,0,0.000166666666666667,0.000166666666666667,0.000333333333333333,367600
0,0,0,0,0,0,0.000166666666666667,0.000166666666666667,0.000333333333333333,367700
0,0,0,0,0,0,0.000166666666666667,0.000166666666666667,0.000333333333333333,367800
0,0,0,0,0,0,0.000166666666666667,0.000166666666666667,0.000333333333333333,367900
0,0,0,0,0,0,0.000166666666666667,0.000166666666666667,0.000333333333333333,368000
0,0,0,0,0,0,0.000166666666666667,0.000166666666666667,0.000333333333333333,368100
0,0,0,0,0,0,0.000166666666666667,0.000166666666666667,0.000333333333333333,368200
0,0,0,0,0,0,0.000166666666666667,0.000166666666666667,0.000333333333333333,368300
0,0,0,0,0,0,0.000166666666666667,0.000166666666666667,0.000333333333333333,368400
0,0,0,0,0,0,0.000166666666666667,0.000166666666666667,0.000333333333333333,368500
0,0,0,0,0,0,0.000166666666666667,0.000166666666666667,0.000333333333333333,368600
0,0,0,0,0,0,0.000166666666666667,0.000166666666666667,0.000333333333333333,368700
0,0,0,0,0,0,0.000166666666666667,0.000166666666666667,0.000333333333333333,368800
0,0,0,0,0,0,0.000166666666666667,0.000166666666666667,0.000333333333333333,368900
0,0,0,0,0,0,0.000166666666666667,0.000166666666666667,0.000333333333333333,369000
0,0,0,0,0,0,0.000166666666666667,0.000166666666666667,0.000333333333333333,369100
0,0,0,0,0,0,0.000166666666666667,0.000166666666666667,0.000333333333333333,369200
0,0,0,0,0,0,0.000166666666666667,0.000166666666666667,0.000333333333333333,369300
0,0,0,0,0,0,0.000166666666666667,0.000166666666666667,0.000333333333333333,369400
0,0,0,0,0,0,0.000166666666666667,0.000166666666666667,0.000333333333333333,369500
0,0,0,0,0,0,0.000166666666666667,0.000166666666666667,0.000333333333333333,369600
0,0,0,0,0,0,0.000166666666666667,0.000166666666666667,0.000333333333333333,369700
0,0,0,0,0,0,0.000166666666666667,0.000166666666666667,0.000333333333333333,369800
0,0,0,0,0,0,0.000166666666666667,0.000166666666666667,0.000333333333333333,369900
0,0,0,0,0,0,0.000166666666666667,0.000166666666666667,0.000333333333333333,370000
0,0,0,0,0,0,0.000166666666666667,0.000166666666666667,0.000333333333333333,370100
0,0,0,0,0,0,0.000166666666666667,0.000166666666666667,0.000333333333333333,370200
0,0,0,0,0,0,0.000166666666666667,0.000166666666666667,0.000333333333333333,370300
0,0,0,0,0,0,0.000166666666666667,0.000166666666666667,0.000333333333333333,370400
0,0,0,0,0,0,0.000166666666666667,0.000166666666666667,0.000333333333333333,370500
0,0,0,0,0,0,0.000166666666666667,0.000166666666666667,0.000333333333333333,370600
0,0,0,0,0,0,0.000166666666666667,0.000166666666666667,0.000333333333333333,370700
0,0,0,0,0,0,0.000166666666666667,0.000166666666666667,0.000333333333333333,370800
0,0,0,0,0,0,0.000166666666666667,0.000166666666666667,0.000333333333333333,370900
0,0,0,0,0,0,0.000166666666666667,0.000166666666666667,0.000333333333333333,371000
0,0,0,0,0,0,0.000166666666666667,0.000166666666666667,0.000333333333333333,371100
0,0,0,0,0,0,0.000166666666666667,0.000166666666666667,0.000333333333333333,371200
0,0,0,0,0,0,0.000166666666666667,0.000166666666666667,0.000333333333333333,371300
0,0,0,0,0,0,0.000166666666666667,0.000166666666666667,0.000333333333333333,371400
0,0,0,0,0,0,0.000166666666666667,0.000166666666666667,0.000333333333333333,371500
0,0,0,0,0,0,0.000166666666666667,0.000166666666666667,0.000333333333333333,371600
0,0,0,0,0,0,0.000166666666666667,0.000166666666666667,0.000333333333333333,371700
0,0,0,0,0,0,0.000166666666666667,0.000166666666666667,0.000333333333333333,371800
0,0,0,0,0,0,0.000166666666666667,0.000166666666666667,0.000333333333333333,371900
0,0,0,0,0,0,0.000166666666666667,0.000166666666666667,0.000333333333333333,372000
0,0,0,0,0,0,0.000166666666666667,0.000166666666666667,0.000333333333333333,372100
0,0,0,0,0,0,0.000166666666666667,0.000166666666666667,0.000333333333333333,372200
0,0,0,0,0,0,0.000166666666666667,0.000166666666666667,0.000333333333333333,372300
0,0,0,0,0,0,0.000166666666666667,0.000166666666666667,0.000333333333333333,372400
0,0,0,0,0,0,0.000166666666666667,0.000166666666666667,0.000333333333333333,372500
0,0,0,0,0,0,0.000166666666666667,0.000166666666666667,0.000333333333333333,372600
0,0,0,0,0,0,0.000166666666666667,0.000166666666666667,0.000333333333333333,372700
0,0,0,0,0,0,0.000166666666666667,0.000166666666666667,0.000333333333333333,372800
0,0,0,0,0,0,0.000166666666666667,0.000166666666666667,0.000333333333333333,372900
0,0,0,0,0,0,0.000166666666666667,0.000166666666666667,0.000333333333333333,373000
0,0,0,0,0,0,0.000166666666666667,0.000166666666666667,0.000333333333333333,373100
0,0,0,0,0,0,0.000166666666666667,0.000166666666666667,0.000333333333333333,373200
0,0,0,0,0,0,0.000166666666666667,0.000166666666666667,0.000333333333333333,373300
0,0,0,0,0,0,0.000166666666666667,0.000166666666666667,0.000333333333333333,373400
0,0,0,0,0,0,0.000166666666666667,0.000166666666666667,0.000333333333333333,373500
0,0,0,0,0,0,0.000166666666666667,0.000166666666666667,0.000333333333333333,373600
0,0,0,0,0,0,0.000166666666666667,0.000166666666666667,0.000333333333333333,373700
0,0,0,0,0,0,0.000166666666666667,0.000166666666666667,0.000333333333333333,373800
0,0,0,0,0,0,0.000166666666666667,0.000166666666666667,0.000333333333333333,373900
0,0,0,0,0,0,0.000166666666666667,0.000166666666666667,0.000333333333333333,374000
0,0,0,0,0,0,0.000166666666666667,0.000166666666666667,0.000333333333333333,374100
0,0,0,0,0,0,0.000166666666666667,0.000166666666666667,0.000333333333333333,374200
0,0,0,0,0,0,0.000166666666666667,0.000166666666666667,0.000333333333333333,374300
0,0,0,0,0,0,0.000166666666666667,0.000166666666666667,0.000333333333333333,374400
0,0,0,0,0,0,0.000166666666666667,0.000166666666666667,0.000333333333333333,374500
0,0,0,0,0,0,0.000166666666666667,0.000166666666666667,0.000333333333333333,374600
0,0,0,0,0,0,0.000166666666666667,0.000166666666666667,0.000333333333333333,374700
0,0,0,0,0,0,0.000166666666666667,0.000166666666666667,0.000333333333333333,374800
0,0,0,0,0,0,0.000166666666666667,0.000166666666666667,0.000333333333333333,374900
0,0,0,0,0,0,0.000166666666666667,0.000166666666666667,0.000333333333333333,375000
0,0,0,0,0,0,0.000166666666666667,0.000166666666666667,0.000333333333333333,375100
0,0,0,0,0,0,0.000166666666666667,0.000166666666666667,0.000333333333333333,375200
0,0,0,0,0,0,0.000166666666666667,0.000166666666666667,0.000333333333333333,375300
0,0,0,0,0,0,0.000166666666666667,0.000166666666666667,0.000333333333333333,375400
0,0,0,0,0,0,0.000166666666666667,0.000166666666666667,0.000333333333333333,375500
0,0,0,0,0,0,0.000166666666666667,0.000166666666666667,0.000333333333333333,375600
0,0,0,0,0,0,0.000166666666666667,0.000166666666666667,0.000333333333333333,375700
0,0,0,0,0,0,0.000166666666666667,0.000166666666666667,0.000333333333333333,375800
0,0,0,0,0,0,0.000166666666666667,0.000166666666666667,0.000333333333333333,375900
0,0,0,0,0,0,0.000166666666666667,0.000166666666666667,0.000333333333333333,376000
0,0,0,0,0,0,0.000166666666666667,0.000166666666666667,0.000333333333333333,376100
0,0,0,0,0,0,0.000166666666666667,0.000166666666666667,0.000333333333333333,376200
0,0,0,0,0,0,0.000166666666666667,0.000166666666666667,0.000333333333333333,376300
0,0,0,0,0,0,0.000166666666666667,0.000166666666666667,0.000333333333333333,376400
0,0,0,0,0,0,0.000166666666666667,0.000166666666666667,0.000333333333333333,376500
0,0,0,0,0,0,0.000166666666666667,0.000166666666666667,0.000333333333333333,376600
0,0,0,0,0,0,0.000166666666666667,0.000166666666666667,0.000333333333333333,376700
0,0,0,0,0,0,0.000166666666666667,0.000166666666666667,0.000333333333333333,376800
0,0,0,0,0,0,0.000166666666666667,0.000166666666666667,0.000333333333333333,376900
0,0,0,0,0,0,0.000166666666666667,0.000166666666666667,0.000333333333333333,377000
0,0,0,0,0,0,0.000166666666666667,0.000166666666666667,0.000333333333333333,377100
0,0,0,0,0,0,0.000166666666666667,0.000166666666666667,0.000333333333333333,377200
0,0,0,0,0,0,0.000166666666666667,0.000166666666666667,0.000333333333333333,377300
0,0,0,0,0,0,0.000166666666666667,0.000166666666666667,0.000333333333333333,377400
0,0,0,0,0,0,0.000166666666666667,0.000166666666666667,0.000333333333333333,377500
0,0,0,0,0,0,0.000166666666666667,0.000166666666666667,0.000333333333333333,377600
0,0,0,0,0,0,0.000166666666666667,0.000166666666666667,0.000333333333333333,377700
0,0,0,0,0,0,0.000166666666666667,0.000166666666666667,0.000333333333333333,377800
0,0,0,0,0,0,0.000166666666666667,0.000166666666666667,0.000333333333333333,377900
0,0,0,0,0,0,0.000166666666666667,0.000166666666666667,0.000333333333333333,378000
0,0,0,0,0,0,0.000166666666666667,0.000166666666666667,0.000333333333333333,378100
0,0,0,0,0,0,0.000166666666666667,0.000166666666666667,0.000333333333333333,378200
0,0,0,0,0,0,0.000166666666666667,0.000166666666666667,0.000333333333333333,378300
0,0,0,0,0,0,0.000166666666666667,0.000166666666666667,0.000333333333333333,378400
0,0,0,0,0,0,0.000166666666666667,0.000166666666666667,0.000333333333333333,378500
0,0,0,0,0,0,0.000166666666666667,0.000166666666666667,0.000333333333333333,378600
0,0,0,0,0,0,0.000166666666666667,0.000166666666666667,0.000333333333333333,378700
0,0,0,0,0,0,0.000166666666666667,0.000166666666666667,0.000333333333333333,378800
0,0,0,0,0,0,0.000166666666666667,0.000166666666666667,0.000333333333333333,378900
0,0,0,0,0,0,0.000166666666666667,0.000166666666666667,0.000333333333333333,379000
0,0,0,0,0,0,0.000166666666666667,0.000166666666666667,0.000333333333333333,379100
0,0,0,0,0,0,0.000166666666666667,0.000166666666666667,0.000333333333333333,379200
0,0,0,0,0,0,0.000166666666666667,0.000166666666666667,0.000333333333333333,379300
0,0,0,0,0,0,0.000166666666666667,0.000166666666666667,0.000333333333333333,379400
0,0,0,0,0,0,0.000166666666666667,0.000166666666666667,0.000333333333333333,379500
0,0,0,0,0,0,0.000166666666666667,0.000166666666666667,0.000333333333333333,379600
0,0,0,0,0,0,0.000166666666666667,0.000166666666666667,0.000333333333333333,379700
0,0,0,0,0,0,0.000166666666666667,0.000166666666666667,0.000333333333333333,379800
0,0,0,0,0,0,0.000166666666666667,0.000166666666666667,0.000333333333333333,379900
0,0,0,0,0,0,0.000166666666666667,0.000166666666666667,0.000333333333333333,380000
0,0,0,0,0,0,0.000166666666666667,0.000166666666666667,0.000333333333333333,380100
0,0,0,0,0,0,0.000166666666666667,0.000166666666666667,0.000333333333333333,380200
0,0,0,0,0,0,0.000166666666666667,0.000166666666666667,0.000333333333333333,380300
0,0,0,0,0,0,0.000166666666666667,0.000166666666666667,0.000333333333333333,380400
0,0,0,0,0,0,0.000166666666666667,0.000166666666666667,0.000333333333333333,380500
0,0,0,0,0,0,0.000166666666666667,0.000166666666666667,0.000333333333333333,380600
0,0,0,0,0,0,0.000166666666666667,0.000166666666666667,0.000333333333333333,380700
0,0,0,0,0,0,0.000166666666666667,0.000166666666666667,0.000333333333333333,380800
0,0,0,0,0,0,0.000166666666666667,0.000166666666666667,0.000333333333333333,380900
0,0,0,0,0,0,0.000166666666666667,0.000166666666666667,0.000333333333333333,381000
0,0,0,0,0,0,0.000166666666666667,0.000166666666666667,0.000333333333333333,381100
0,0,0,0,0,0,0.000166666666666667,0.000166666666666667,0.000333333333333333,381200
0,0,0,0,0,0,0.000166666666666667,0.000166666666666667,0.000333333333333333,381300
0,0,0,0,0,0,0.000166666666666667,0.000166666666666667,0.000333333333333333,381400
0,0,0,0,0,0,0.000166666666666667,0.000166666666666667,0.000333333333333333,381500
0,0,0,0,0,0,0.000166666666666667,0.000166666666666667,0.000333333333333333,381600
0,0,0,0,0,0,0.000166666666666667,0.000166666666666667,0.000333333333333333,381700
0,0,0,0,0,0,0.000166666666666667,0.000166666666666667,0.000333333333333333,381800
0,0,0,0,0,0,0.000166666666666667,0.000166666666666667,0.000333333333333333,381900
0,0,0,0,0,0,0.000166666666666667,0.000166666666666667,0.000333333333333333,382000
0,0,0,0,0,0,0.000166666666666667,0.000166666666666667,0.000333333333333333,382100
0,0,0,0,0,0,0.000166666666666667,0.000166666666666667,0.000333333333333333,382200
0,0,0,0,0,0,0.000166666666666667,0.000166666666666667,0.000333333333333333,382300
0,0,0,0,0,0,0.000166666666666667,0.000166666666666667,0.000333333333333333,382400
0,0,0,0,0,0,0.000166666666666667,0.000166666666666667,0.000333333333333333,382500
0,0,0,0,0,0,0.000166666666666667,0.000166666666666667,0.000333333333333333,382600
0,0,0,0,0,0,0.000166666666666667,0.000166666666666667,0.000333333333333333,382700
0,0,0,0,0,0,0.000166666666666667,0.000166666666666667,0.000333333333333333,382800
0,0,0,0,0,0,0.000166666666666667,0.000166666666666667,0.000333333333333333,382900
0,0,0,0,0,0,0.000166666666666667,0.000166666666666667,0.000333333333333333,383000
0,0,0,0,0,0,0.000166666666666667,0.000166666666666667,0.000333333333333333,383100
0,0,0,0,0,0,0.000166666666666667,0.000166666666666667,0.000333333333333333,383200
0,0,0,0,0,0,0.000166666666666667,0.000166666666666667,0.000333333333333333,383300
0,0,0,0,0,0,0.000166666666666667,0.000166666666666667,0.000333333333333333,383400
0,0,0,0,0,0,0.000166666666666667,0.000166666666666667,0.000333333333333333,383500
0,0,0,0,0,0,0.000166666666666667,0.000166666666666667,0.000333333333333333,383600
0,0,0,0,0,0,0.000166666666666667,0.000166666666666667,0.000333333333333333,383700
0,0,0,0,0,0,0.000166666666666667,0.000166666666666667,0.000333333333333333,383800
0,0,0,0,0,0,0.000166666666666667,0.000166666666666667,0.000333333333333333,383900
0,0,0,0,0,0,0.000166666666666667,0.000166666666666667,0.000333333333333333,384000
0,0,0,0,0,0,0.000166666666666667,0.000166666666666667,0.000333333333333333,384100
0,0,0,0,0,0,0.000166666666666667,0.000166666666666667,0.000333333333333333,384200
0,0,0,0,0,0,0.000166666666666667,0.000166666666666667,0.000333333333333333,384300
0,0,0,0,0,0,0.000166666666666667,0.000166666666666667,0.000333333333333333,384400
0,0,0,0,0,0,0.000166666666666667,0.000166666666666667,0.000333333333333333,384500
0,0,0,0,0,0,0.000166666666666667,0.000166666666666667,0.000333333333333333,384600
0,0,0,0,0,0,0.000166666666666667,0.000166666666666667,0.000333333333333333,384700
0,0,0,0,0,0,0.000166666666666667,0.000166666666666667,0.000333333333333333,384800
0,0,0,0,0,0,0.000166666666666667,0.000166666666666667,0.000333333333333333,384900
0,0,0,0,0,0,0.000166666666666667,0.000166666666666667,0.000333333333333333,385000
0,0,0,0,0,0,0.000166666666666667,0.000166666666666667,0.000333333333333333,385100
0,0,0,0,0,0,0.000166666666666667,0.000166666666666667,0.000333333333333333,385200
0,0,0,0,0,0,0.000166666666666667,0.000166666666666667,0.000333333333333333,385300
0,0,0,0,0,0,0.000166666666666667,0.000166666666666667,0.000333333333333333,385400
0,0,0,0,0,0,0.000166666666666667,0.000166666666666667,0.000333333333333333,385500
0,0,0,0,0,0,0.000166666666666667,0.000166666666666667,0.000333333333333333,385600
0,0,0,0,0,0,0.000166666666666667,0.000166666666666667,0.000333333333333333,385700
0,0,0,0,0,0,0.000166666666666667,0.000166666666666667,0.000333333333333333,385800
0,0,0,0,0,0,0.000166666666666667,0.000166666666666667,0.000333333333333333,385900
0,0,0,0,0,0,0.000166666666666667,0.000166666666666667,0.000333333333333333,386000
0,0,0,0,0,0,0.000166666666666667,0.000166666666666667,0.000333333333333333,386100
0,0,0,0,0,0,0.000166666666666667,0.000166666666666667,0.000333333333333333,386200
0,0,0,0,0,0,0.000166666666666667,0.000166666666666667,0.000333333333333333,386300
0,0,0,0,0,0,0.000166666666666667,0.000166666666666667,0.000333333333333333,386400
0,0,0,0,0,0,0.000166666666666667,0.000166666666666667,0.000333333333333333,386500
0,0,0,0,0,0,0.000166666666666667,0.000166666666666667,0.000333333333333333,386600
0,0,0,0,0,0,0.000166666666666667,0.000166666666666667,0.000333333333333333,386700
0,0,0,0,0,0,0.000166666666666667,0.000166666666666667,0.000333333333333333,386800
0,0,0,0,0,0,0.000166666666666667,0.000166666666666667,0.000333333333333333,386900
0,0,0,0,0,0,0.000166666666666667,0.000166666666666667,0.000333333333333333,387000
0,0,0,0,0,0,0.000166666666666667,0.000166666666666667,0.000333333333333333,387100
0,0,0,0,0,0,0.000166666666666667,0.000166666666666667,0.000333333333333333,387200
0,0,0,0,0,0,0.000166666666666667,0.000166666666666667,0.000333333333333333,387300
0,0,0,0,0,0,0.000166666666666667,0.000166666666666667,0.000333333333333333,387400
0,0,0,0,0,0,0.000166666666666667,0.000166666666666667,0.000333333333333333,387500
0,0,0,0,0,0,0.000166666666666667,0.000166666666666667,0.000333333333333333,387600
0,0,0,0,0,0,0.000166666666666667,0.000166666666666667,0.000333333333333333,387700
0,0,0,0,0,0,0.000166666666666667,0.000166666666666667,0.000333333333333333,387800
0,0,0,0,0,0,0.000166666666666667,0.000166666666666667,0.000333333333333333,387900
0,0,0,0,0,0,0.000166666666666667,0.000166666666666667,0.000333333333333333,388000
0,0,0,0,0,0,0.000166666666666667,0.000166666666666667,0.000333333333333333,388100
0,0,0,0,0,0,0.000166666666666667,0.000166666666666667,0.000333333333333333,388200
0,0,0,0,0,0,0.000166666666666667,0.000166666666666667,0.000333333333333333,388300
0,0,0,0,0,0,0.000166666666666667,0.000166666666666667,0.000333333333333333,388400
0,0,0,0,0,0,0.000166666666666667,0.000166666666666667,0.000333333333333333,388500
0,0,0,0,0,0,0.000166666666666667,0.000166666666666667,0.000333333333333333,388600
0,0,0,0,0,0,0.000166666666666667,0.000166666666666667,0.000333333333333333,388700
0,0,0,0,0,0,0.000166666666666667,0.000166666666666667,0.000333333333333333,388800
0,0,0,0,0,0,0.000166666666666667,0.000166666666666667,0.000333333333333333,388900
0,0,0,0,0,0,0.000166666666666667,0.000166666666666667,0.000333333333333333,389000
0,0,0,0,0,0,0.000166666666666667,0.000166666666666667,0.000333333333333333,389100
0,0,0,0,0,0,0.000166666666666667,0.000166666666666667,0.000333333333333333,389200
0,0,0,0,0,0,0.000166666666666667,0.000166666666666667,0.000333333333333333,389300
0,0,0,0,0,0,0.000166666666666667,0.000166666666666667,0.000333333333333333,389400
0,0,0,0,0,0,0.000166666666666667,0.000166666666666667,0.000333333333333333,389500
0,0,0,0,0,0,0.000166666666666667,0.000166666666666667,0.000333333333333333,389600
0,0,0,0,0,0,0.000166666666666667,0.000166666666666667,0.000333333333333333,389700
0,0,0,0,0,0,0.000166666666666667,0.000166666666666667,0.000333333333333333,389800
0,0,0,0,0,0,0.000166666666666667,0.000166666666666667,0.000333333333333333,389900
0,0,0,0,0,0,0.000166666666666667,0.000166666666666667,0.000333333333333333,390000
0,0,0,0,0,0,0.000166666666666667,0.000166666666666667,0.000333333333333333,390100
0,0,0,0,0,0,0.000166666666666667,0.000166666666666667,0.000333333333333333,390200
0,0,0,0,0,0,0.000166666666666667,0.000166666666666667,0.000333333333333333,390300
0,0,0,0,0,0,0.000166666666666667,0.000166666666666667,0.000333333333333333,390400
0,0,0,0,0,0,0.000166666666666667,0.000166666666666667,0.000333333333333333,390500
0,0,0,0,0,0,0.000166666666666667,0.000166666666666667,0.000333333333333333,390600
0,0,0,0,0,0,0.000166666666666667,0.000166666666666667,0.000333333333333333,390700
0,0,0,0,0,0,0.000166666666666667,0.000166666666666667,0.000333333333333333,390800
0,0,0,0,0,0,0.000166666666666667,0.000166666666666667,0.000333333333333333,390900
0,0,0,0,0,0,0.000166666666666667,0.000166666666666667,0.000333333333333333,391000
0,0,0,0,0,0,0.000166666666666667,0.000166666666666667,0.000333333333333333,391100
0,0,0,0,0,0,0.000166666666666667,0.000166666666666667,0.000333333333333333,391200
0,0,0,0,0,0,0.000166666666666667,0.000166666666666667,0.000333333333333333,391300
0,0,0,0,0,0,0.000166666666666667,0.000166666666666667,0.000333333333333333,391400
0,0,0,0,0,0,0.000166666666666667,0.000166666666666667,0.000333333333333333,391500
0,0,0,0,0,0,0.000166666666666667,0.000166666666666667,0.000333333333333333,391600
0,0,0,0,0,0,0.000166666666666667,0.000166666666666667,0.000333333333333333,391700
0,0,0,0,0,0,0.000166666666666667,0.000166666666666667,0.000333333333333333,391800
0,0,0,0,0,0,0.000166666666666667,0.000166666666666667,0.000333333333333333,391900
0,0,0,0,0,0,0.000166666666666667,0.000166666666666667,0.000333333333333333,392000
0,0,0,0,0,0,0.000166666666666667,0.000166666666666667,0.000333333333333333,392100
0,0,0,0,0,0,0.000166666666666667,0.000166666666666667,0.000333333333333333,392200
0,0,0,0,0,0,0.000166666666666667,0.000166666666666667,0.000333333333333333,392300
0,0,0,0,0,0,0.000166666666666667,0.000166666666666667,0.000333333333333333,392400
0,0,0,0,0,0,0.000166666666666667,0.000166666666666667,0.000333333333333333,392500
0,0,0,0,0,0,0.000166666666666667,0.000166666666666667,0.000333333333333333,392600
0,0,0,0,0,0,0.000166666666666667,0.000166666666666667,0.000333333333333333,392700
0,0,0,0,0,0,0.000166666666666667,0.000166666666666667,0.000333333333333333,392800
0,0,0,0,0,0,0.000166666666666667,0.000166666666666667,0.000333333333333333,392900
0,0,0,0,0,0,0.000166666666666667,0.000166666666666667,0.000333333333333333,393000
0,0,0,0,0,0,0.000166666666666667,0.000166666666666667,0.000333333333333333,393100
0,0,0,0,0,0,0.000166666666666667,0.000166666666666667,0.000333333333333333,393200
0,0,0,0,0,0,0.000166666666666667,0.000166666666666667,0.000333333333333333,393300
0,0,0,0,0,0,0.000166666666666667,0.000166666666666667,0.000333333333333333,393400
0,0,0,0,0,0,0.000166666666666667,0.000166666666666667,0.000333333333333333,393500
0,0,0,0,0,0,0.000166666666666667,0.000166666666666667,0.000333333333333333,393600
0,0,0,0,0,0,0.000166666666666667,0.000166666666666667,0.000333333333333333,393700
0,0,0,0,0,0,0.000166666666666667,0.000166666666666667,0.000333333333333333,393800
0,0,0,0,0,0,0.000166666666666667,0.000166666666666667,0.000333333333333333,393900
0,0,0,0,0,0,0.000166666666666667,0.000166666666666667,0.000333333333333333,394000
0,0,0,0,0,0,0.000166666666666667,0.000166666666666667,0.000333333333333333,394100
0,0,0,0,0,0,0.000166666666666667,0.000166666666666667,0.000333333333333333,394200
0,0,0,0,0,0,0.000166666666666667,0.000166666666666667,0.000333333333333333,394300
0,0,0,0,0,0,0.000166666666666667,0.000166666666666667,0.000333333333333333,394400
0,0,0,0,0,0,0.000166666666666667,0.000166666666666667,0.000333333333333333,394500
0,0,0,0,0,0,0.000166666666666667,0.000166666666666667,0.000333333333333333,394600
0,0,0,0,0,0,0.000166666666666667,0.000166666666666667,0.000333333333333333,394700
0,0,0,0,0,0,0.000166666666666667,0.000166666666666667,0.000333333333333333,394800
0,0,0,0,0,0,0.000166666666666667,0.000166666666666667,0.000333333333333333,394900
0,0,0,0,0,0,0.000166666666666667,0.000166666666666667,0.000333333333333333,395000
0,0,0,0,0,0,0.000166666666666667,0.000166666666666667,0.000333333333333333,395100
0,0,0,0,0,0,0.000166666666666667,0.000166666666666667,0.000333333333333333,395200
0,0,0,0,0,0,0.000166666666666667,0.000166666666666667,0.000333333333333333,395300
0,0,0,0,0,0,0.000166666666666667,0.000166666666666667,0.000333333333333333,395400
0,0,0,0,0,0,0.000166666666666667,0.000166666666666667,0.000333333333333333,395500
0,0,0,0,0,0,0.000166666666666667,0.000166666666666667,0.000333333333333333,395600
0,0,0,0,0,0,0.000166666666666667,0.000166666666666667,0.000333333333333333,395700
0,0,0,0,0,0,0.000166666666666667,0.000166666666666667,0.000333333333333333,395800
0,0,0,0,0,0,0.000166666666666667,0.000166666666666667,0.000333333333333333,395900
0,0,0,0,0,0,0.000166666666666667,0.000166666666666667,0.000333333333333333,396000
0,0,0,0,0,0,0.000166666666666667,0.000166666666666667,0.000333333333333333,396100
0,0,0,0,0,0,0.000166666666666667,0.000166666666666667,0.000333333333333333,396200
0,0,0,0,0,0,0.000166666666666667,0.000166666666666667,0.000333333333333333,396300
0,0,0,0,0,0,0.000166666666666667,0.000166666666666667,0.000333333333333333,396400
0,0,0,0,0,0,0.000166666666666667,0.000166666666666667,0.000333333333333333,396500
0,0,0,0,0,0,0.000166666666666667,0.000166666666666667,0.000333333333333333,396600
0,0,0,0,0,0,0.000166666666666667,0.000166666666666667,0.000333333333333333,396700
0,0,0,0,0,0,0.000166666666666667,0.000166666666666667,0.000333333333333333,396800
0,0,0,0,0,0,0.000166666666666667,0.000166666666666667,0.000333333333333333,396900
0,0,0,0,0,0,0.000166666666666667,0.000166666666666667,0.000333333333333333,397000
0,0,0,0,0,0,0.000166666666666667,0.000166666666666667,0.000333333333333333,397100
0,0,0,0,0,0,0.000166666666666667,0.000166666666666667,0.000333333333333333,397200
0,0,0,0,0,0,0.000166666666666667,0.000166666666666667,0.000333333333333333,397300
0,0,0,0,0,0,0.000166666666666667,0.000166666666666667,0.000333333333333333,397400
0,0,0,0,0,0,0.000166666666666667,0.000166666666666667,0.000333333333333333,397500
0,0,0,0,0,0,0.000166666666666667,0.000166666666666667,0.000333333333333333,397600
0,0,0,0,0,0,0.000166666666666667,0.000166666666666667,0.000333333333333333,397700
0,0,0,0,0,0,0.000166666666666667,0.000166666666666667,0.000333333333333333,397800
0,0,0,0,0,0,0.000166666666666667,0.000166666666666667,0.000333333333333333,397900
0,0,0,0,0,0,0.000166666666666667,0.000166666666666667,0.000333333333333333,398000
0,0,0,0,0,0,0.000166666666666667,0.000166666666666667,0.000333333333333333,398100
0,0,0,0,0,0,0.000166666666666667,0.000166666666666667,0.000333333333333333,398200
0,0,0,0,0,0,0.000166666666666667,0.000166666666666667,0.000333333333333333,398300
0,0,0,0,0,0,0.000166666666666667,0.000166666666666667,0.000333333333333333,398400
0,0,0,0,0,0,0.000166666666666667,0.000166666666666667,0.000333333333333333,398500
0,0,0,0,0,0,0.000166666666666667,0.000166666666666667,0.000333333333333333,398600
0,0,0,0,0,0,0.000166666666666667,0.000166666666666667,0.000333333333333333,398700
0,0,0,0,0,0,0.000166666666666667,0.000166666666666667,0.000333333333333333,398800
0,0,0,0,0,0,0.000166666666666667,0.000166666666666667,0.000333333333333333,398900
0,0,0,0,0,0,0.000166666666666667,0.000166666666666667,0.000333333333333333,399000
0,0,0,0,0,0,0.000166666666666667,0.000166666666666667,0.000333333333333333,399100
0,0,0,0,0,0,0.000166666666666667,0.000166666666666667,0.000333333333333333,399200
0,0,0,0,0,0,0.000166666666666667,0.000166666666666667,0.000333333333333333,399300
0,0,0,0,0,0,0.000166666666666667,0.000166666666666667,0.000333333333333333,399400
0,0,0,0,0,0,0.000166666666666667,0.000166666666666667,0.000333333333333333,399500
0,0,0,0,0,0,0.000166666666666667,0.000166666666666667,0.000333333333333333,399600
0,0,0,0,0,0,0.000166666666666667,0.000166666666666667,0.000333333333333333,399700
0,0,0,0,0,0,0.000166666666666667,0.000166666666666667,0.000333333333333333,399800
0,0,0,0,0,0,0.000166666666666667,0.000166666666666667,0.000333333333333333,399900
0,0,0,0,0,0,0.000166666666666667,0.000166666666666667,0.000333333333333333,4e+05
0,0,0,0,0,0,0.000166666666666667,0.000166666666666667,0.000333333333333333,400100
