"oy_0.9","oy_0.8","oy_0.7","of_0.9","of_0.8","of_0.7","or_0.9","or_0.8","or_0.7","Escapement"
0,0,0,1,1,1,0,0,0,0
0,0,0,1,1,1,0,0,0,100
0,0,0,1,1,1,0,0,0,200
0,0,0,1,1,1,0,0,0,300
0,0,0,1,1,1,0,0,0,400
0,0,0,1,1,1,0,0,0,500
0,0,0,1,1,1,0,0,0,600
0,0,0,1,1,1,0,0,0,700
0,0,0,1,1,1,0,0,0,800
0,0,0,1,1,1,0,0,0,900
0,0,0,1,1,1,0,0,0,1000
0,0,0,1,1,1,0,0,0,1100
0,0,0,1,1,1,0,0,0,1200
0,0,0,1,1,1,0,0,0,1300
0,0,0,1,1,1,0,0,0,1400
0,0,0,1,1,1,0,0,0,1500
0,0,0,1,1,1,0,0,0,1600
0,0,0,1,1,1,0,0,0,1700
0,0,0,1,1,1,0,0,0,1800
0,0,0,1,1,1,0,0,0,1900
0,0,0,1,1,1,0,0,0,2000
0,0,0,1,1,1,0,0,0,2100
0,0,0,1,1,1,0,0,0,2200
0,0,0,1,1,1,0,0,0,2300
0,0,0,1,1,1,0,0,0,2400
0,0,0,1,1,1,0,0,0,2500
0,0,0,1,1,1,0,0,0,2600
0,0,0,1,1,1,0,0,0,2700
0,0,0,1,1,1,0,0,0,2800
0,0,0,1,1,1,0,0,0,2900
0,0,0,1,1,1,0,0,0,3000
0,0,0,1,1,1,0,0,0,3100
0,0,0,1,1,1,0,0,0,3200
0,0,0,1,1,1,0,0,0,3300
0,0,0,1,1,1,0,0,0,3400
0,0,0,1,1,1,0,0,0,3500
0,0,0,1,1,1,0,0,0,3600
0,0,0,1,1,1,0,0,0,3700
0,0,0,1,1,1,0,0,0,3800
0,0,0,1,1,1,0,0,0,3900
0,0,0,1,1,1,0,0,0,4000
0,0,0,1,1,1,0,0,0,4100
0,0,0,1,1,1,0,0,0,4200
0,0,0,1,1,1,0,0,0,4300
0,0,0,1,1,1,0,0,0,4400
0,0,0,1,1,1,0,0,0,4500
0,0,0,1,1,1,0,0,0,4600
0,0,0,1,1,1,0,0,0,4700
0,0,0,1,1,1,0,0,0,4800
0,0,0,1,1,1,0,0,0,4900
0,0,0,1,1,1,0,0,0,5000
0,0,0,1,1,1,0,0,0,5100
0,0,0,1,1,1,0,0,0,5200
0,0,0,1,1,1,0,0,0,5300
0,0,0,1,1,1,0,0,0,5400
0,0,0,1,1,1,0,0,0,5500
0,0,0,1,1,1,0,0,0,5600
0,0,0,1,1,1,0,0,0,5700
0,0,0,1,1,1,0,0,0,5800
0,0,0,1,1,1,0,0,0,5900
0,0,0,1,1,1,0,0,0,6000
0,0,0,1,1,1,0,0,0,6100
0,0,0,1,1,1,0,0,0,6200
0,0,0,1,1,1,0,0,0,6300
0,0,0,1,1,1,0,0,0,6400
0,0,0,1,1,1,0,0,0,6500
0,0,0,1,1,1,0,0,0,6600
0,0,0,1,1,1,0,0,0,6700
0,0,0,1,1,1,0,0,0,6800
0,0,0,1,1,1,0,0,0,6900
0,0,0,1,1,1,0,0,0,7000
0,0,0,1,1,1,0,0,0,7100
0,0,0,1,1,1,0,0,0,7200
0,0,0,1,1,1,0,0,0,7300
0,0,0,1,1,1,0,0,0,7400
0,0,0,1,1,1,0,0,0,7500
0,0,0,1,1,1,0,0,0,7600
0,0,0,1,1,1,0,0,0,7700
0,0,0,1,1,1,0,0,0,7800
0,0,0,1,1,1,0,0,0,7900
0,0,0,1,1,1,0,0,0,8000
0,0,0,1,1,1,0,0,0,8100
0,0,0,1,1,1,0,0,0,8200
0,0,0,1,1,1,0,0,0,8300
0,0,0,1,1,1,0,0,0,8400
0,0,0,1,1,1,0,0,0,8500
0,0,0,1,1,1,0,0,0,8600
0,0,0,1,1,1,0,0,0,8700
0,0,0,1,1,1,0,0,0,8800
0,0,0,1,1,1,0,0,0,8900
0,0,0,1,1,1,0,0,0,9000
0,0,0,1,1,1,0,0,0,9100
0,0,0,1,1,1,0,0,0,9200
0,0,0,1,1,1,0,0,0,9300
0,0,0,1,1,1,0,0,0,9400
0,0,0,1,1,1,0,0,0,9500
0,0,0,1,1,1,0,0,0,9600
0,0,0,1,1,1,0,0,0,9700
0,0,0,1,1,1,0,0,0,9800
0,0,0,1,1,1,0,0,0,9900
0,0,0,1,1,1,0,0,0,10000
0,0,0,1,1,1,0,0,0,10100
0,0,0,1,1,1,0,0,0,10200
0,0,0,1,1,1,0,0,0,10300
0,0,0.000166666666666667,1,1,0.999833333333333,0,0,0,10400
0,0,0.000166666666666667,1,1,0.999833333333333,0,0,0,10500
0,0,0.000166666666666667,1,1,0.999833333333333,0,0,0,10600
0,0,0.000166666666666667,1,1,0.999833333333333,0,0,0,10700
0,0,0.000333333333333333,1,1,0.999666666666667,0,0,0,10800
0,0,5e-04,1,1,0.9995,0,0,0,10900
0,0,0.000666666666666667,1,1,0.999333333333333,0,0,0,11000
0,0,0.000833333333333333,1,1,0.999166666666667,0,0,0,11100
0,0,0.00166666666666667,1,1,0.998333333333333,0,0,0,11200
0,0,0.002,1,1,0.998,0,0,0,11300
0,0,0.0025,1,1,0.9975,0,0,0,11400
0,0,0.00333333333333333,1,1,0.996666666666667,0,0,0.000166666666666667,11500
0,0,0.0045,1,1,0.9955,0,0,0.000166666666666667,11600
0,0,0.005,1,1,0.995,0,0,0.000166666666666667,11700
0,0,0.00766666666666667,1,1,0.992333333333333,0,0,0.000166666666666667,11800
0,0,0.00966666666666667,1,1,0.990333333333333,0,0,0.000166666666666667,11900
0,0,0.0115,1,1,0.9885,0,0,0.000166666666666667,12000
0,0,0.0141666666666667,1,1,0.985833333333333,0,0,0.000166666666666667,12100
0,0,0.0176666666666667,1,1,0.982333333333333,0,0,0.000166666666666667,12200
0,0,0.0213333333333333,1,1,0.978666666666667,0,0,0.000333333333333333,12300
0,0,0.0263333333333333,1,1,0.973666666666667,0,0,0.000333333333333333,12400
0,0,0.032,1,1,0.968,0,0,5e-04,12500
0,0,0.039,1,1,0.961,0,0,5e-04,12600
0,0,0.0456666666666667,1,1,0.954333333333333,0,0,0.000833333333333333,12700
0,0,0.0535,1,1,0.9465,0,0,0.000833333333333333,12800
0,0,0.062,1,1,0.938,0,0,0.001,12900
0,0.000166666666666667,0.07,1,0.999833333333333,0.93,0,0,0.00133333333333333,13000
0,0.000166666666666667,0.0845,1,0.999833333333333,0.9155,0,0,0.0015,13100
0,0.000166666666666667,0.0988333333333333,1,0.999833333333333,0.901166666666667,0,0,0.00166666666666667,13200
0,0.000166666666666667,0.1115,1,0.999833333333333,0.8885,0,0,0.00216666666666667,13300
0,0.000166666666666667,0.128333333333333,1,0.999833333333333,0.871666666666667,0,0,0.00283333333333333,13400
0,0.000333333333333333,0.146166666666667,1,0.999666666666667,0.853833333333333,0,0,0.00316666666666667,13500
0,5e-04,0.167333333333333,1,0.9995,0.832666666666667,0,0,0.004,13600
0,5e-04,0.1855,1,0.9995,0.8145,0,0,0.00466666666666667,13700
0,0.000666666666666667,0.206333333333333,1,0.999333333333333,0.793666666666667,0,0,0.00533333333333333,13800
0,0.000833333333333333,0.228833333333333,1,0.999166666666667,0.771166666666667,0,0,0.00666666666666667,13900
0,0.00166666666666667,0.254,1,0.998333333333333,0.746,0,0,0.00716666666666667,14000
0,0.00183333333333333,0.278166666666667,1,0.998166666666667,0.721833333333333,0,0,0.00866666666666667,14100
0,0.00216666666666667,0.3005,1,0.997833333333333,0.6995,0,0,0.0095,14200
0,0.00283333333333333,0.323666666666667,1,0.997166666666667,0.676333333333333,0,0,0.0111666666666667,14300
0,0.00333333333333333,0.351,1,0.996666666666667,0.649,0,0,0.0121666666666667,14400
0,0.00433333333333333,0.3785,1,0.995666666666667,0.6215,0,0.000166666666666667,0.0136666666666667,14500
0,0.005,0.407333333333333,1,0.995,0.592666666666667,0,0.000166666666666667,0.0153333333333333,14600
0,0.00633333333333333,0.430333333333333,1,0.993666666666667,0.569666666666667,0,0.000166666666666667,0.018,14700
0,0.00816666666666667,0.456166666666667,1,0.991833333333333,0.543833333333333,0,0.000166666666666667,0.0211666666666667,14800
0,0.00983333333333333,0.482666666666667,1,0.990166666666667,0.517333333333333,0,0.000166666666666667,0.0236666666666667,14900
0,0.0111666666666667,0.507,1,0.988833333333333,0.493,0,0.000166666666666667,0.026,15000
0,0.0138333333333333,0.531,1,0.986166666666667,0.469,0,0.000166666666666667,0.029,15100
0,0.0161666666666667,0.557333333333333,1,0.983833333333333,0.442666666666667,0,0.000166666666666667,0.031,15200
0,0.0185,0.583333333333333,1,0.9815,0.416666666666667,0,0.000166666666666667,0.0341666666666667,15300
0,0.0228333333333333,0.606,1,0.977166666666667,0.394,0,0.000166666666666667,0.037,15400
0,0.026,0.631333333333333,1,0.974,0.368666666666667,0,0.000333333333333333,0.0421666666666667,15500
0,0.0301666666666667,0.655666666666667,1,0.969833333333333,0.344333333333333,0,0.000333333333333333,0.0471666666666667,15600
0,0.036,0.676833333333333,1,0.964,0.323166666666667,0,0.000333333333333333,0.0525,15700
0,0.0415,0.695,1,0.9585,0.305,0,5e-04,0.0568333333333333,15800
0,0.0466666666666667,0.715666666666667,1,0.953333333333333,0.284333333333333,0,5e-04,0.0616666666666667,15900
0,0.0538333333333333,0.734166666666667,1,0.946166666666667,0.265833333333333,0,0.000833333333333333,0.068,16000
0,0.0603333333333333,0.748666666666667,1,0.939666666666667,0.251333333333333,0,0.000833333333333333,0.073,16100
0,0.067,0.765166666666667,1,0.933,0.234833333333333,0,0.001,0.0801666666666667,16200
0,0.0775,0.777333333333333,1,0.9225,0.222666666666667,0,0.001,0.0873333333333333,16300
0,0.0881666666666667,0.7925,1,0.911833333333333,0.2075,0,0.00133333333333333,0.0948333333333333,16400
0,0.0998333333333333,0.807833333333333,1,0.900166666666667,0.192166666666667,0,0.0015,0.1005,16500
0,0.11,0.820166666666667,1,0.89,0.179833333333333,0,0.00166666666666667,0.107666666666667,16600
0.000166666666666667,0.122166666666667,0.831,0.999833333333333,0.877833333333333,0.169,0,0.00216666666666667,0.116833333333333,16700
0.000166666666666667,0.137833333333333,0.842666666666667,0.999833333333333,0.862166666666667,0.157333333333333,0,0.0025,0.125833333333333,16800
0.000166666666666667,0.152833333333333,0.853833333333333,0.999833333333333,0.847166666666667,0.146166666666667,0,0.00283333333333333,0.135833333333333,16900
0.000166666666666667,0.169333333333333,0.8635,0.999833333333333,0.830666666666667,0.1365,0,0.00316666666666667,0.147666666666667,17000
0.000166666666666667,0.184333333333333,0.873666666666667,0.999833333333333,0.815666666666667,0.126333333333333,0,0.00383333333333333,0.1575,17100
0.000166666666666667,0.2005,0.882,0.999833333333333,0.7995,0.118,0,0.00466666666666667,0.166833333333333,17200
0.000333333333333333,0.2185,0.891833333333333,0.999666666666667,0.7815,0.108166666666667,0,0.00466666666666667,0.179,17300
5e-04,0.239166666666667,0.8995,0.9995,0.760833333333333,0.1005,0,0.00533333333333333,0.189333333333333,17400
5e-04,0.257666666666667,0.907,0.9995,0.742333333333333,0.093,0,0.0065,0.197833333333333,17500
5e-04,0.278333333333333,0.912,0.9995,0.721666666666667,0.088,0,0.00716666666666667,0.207,17600
0.000666666666666667,0.297166666666667,0.9165,0.999333333333333,0.702833333333333,0.0835,0,0.00766666666666667,0.218333333333333,17700
0.00116666666666667,0.315,0.920833333333333,0.998833333333333,0.685,0.0791666666666667,0,0.00883333333333333,0.230833333333333,17800
0.00166666666666667,0.334666666666667,0.928,0.998333333333333,0.665333333333333,0.072,0,0.00983333333333333,0.243333333333333,17900
0.00183333333333333,0.3575,0.933833333333333,0.998166666666667,0.6425,0.0661666666666667,0,0.0111666666666667,0.257,18000
0.002,0.380166666666667,0.938,0.998,0.619833333333333,0.062,0,0.0121666666666667,0.268666666666667,18100
0.00216666666666667,0.404166666666667,0.942,0.997833333333333,0.595833333333333,0.058,0,0.013,0.280333333333333,18200
0.00283333333333333,0.4245,0.946666666666667,0.997166666666667,0.5755,0.0533333333333333,0,0.0143333333333333,0.294,18300
0.00333333333333333,0.444166666666667,0.950333333333333,0.996666666666667,0.555833333333333,0.0496666666666667,0,0.0158333333333333,0.305333333333333,18400
0.00416666666666667,0.4645,0.953833333333333,0.995833333333333,0.5355,0.0461666666666667,0,0.0176666666666667,0.32,18500
0.00466666666666667,0.4845,0.956666666666667,0.995333333333333,0.5155,0.0433333333333333,0.000166666666666667,0.0201666666666667,0.331666666666667,18600
0.005,0.506,0.960333333333333,0.995,0.494,0.0396666666666667,0.000166666666666667,0.0223333333333333,0.345166666666667,18700
0.00683333333333333,0.524666666666667,0.962666666666667,0.993166666666667,0.475333333333333,0.0373333333333333,0.000166666666666667,0.0248333333333333,0.358333333333333,18800
0.00833333333333333,0.547,0.964666666666667,0.991666666666667,0.453,0.0353333333333333,0.000166666666666667,0.0261666666666667,0.373,18900
0.00966666666666667,0.566333333333333,0.967,0.990333333333333,0.433666666666667,0.033,0.000166666666666667,0.0283333333333333,0.385,19000
0.011,0.587166666666667,0.968833333333333,0.989,0.412833333333333,0.0311666666666667,0.000166666666666667,0.0303333333333333,0.3985,19100
0.012,0.6055,0.9715,0.988,0.3945,0.0285,0.000166666666666667,0.0328333333333333,0.411833333333333,19200
0.014,0.625833333333333,0.973666666666667,0.986,0.374166666666667,0.0263333333333333,0.000166666666666667,0.0346666666666667,0.423333333333333,19300
0.016,0.6455,0.975666666666667,0.984,0.3545,0.0243333333333333,0.000166666666666667,0.037,0.434,19400
0.018,0.665166666666667,0.9775,0.982,0.334833333333333,0.0225,0.000166666666666667,0.0413333333333333,0.4465,19500
0.0203333333333333,0.681666666666667,0.978333333333333,0.979666666666667,0.318333333333333,0.0216666666666667,0.000166666666666667,0.0453333333333333,0.46,19600
0.0236666666666667,0.696333333333333,0.979666666666667,0.976333333333333,0.303666666666667,0.0203333333333333,0.000166666666666667,0.05,0.473833333333333,19700
0.0263333333333333,0.713,0.9815,0.973666666666667,0.287,0.0185,0.000166666666666667,0.0536666666666667,0.487333333333333,19800
0.03,0.729666666666667,0.983666666666667,0.97,0.270333333333333,0.0163333333333333,0.000166666666666667,0.0568333333333333,0.502333333333333,19900
0.0345,0.7405,0.984833333333333,0.9655,0.2595,0.0151666666666667,0.000333333333333333,0.0601666666666667,0.513166666666667,20000
0.0391666666666667,0.755,0.9855,0.960833333333333,0.245,0.0145,0.000333333333333333,0.0666666666666667,0.528166666666667,20100
0.0431666666666667,0.7665,0.986166666666667,0.956833333333333,0.2335,0.0138333333333333,0.000333333333333333,0.0696666666666667,0.542166666666667,20200
0.0478333333333333,0.777333333333333,0.987666666666667,0.952166666666667,0.222666666666667,0.0123333333333333,5e-04,0.0746666666666667,0.551666666666667,20300
0.0536666666666667,0.789333333333333,0.9885,0.946333333333333,0.210666666666667,0.0115,5e-04,0.08,0.564166666666667,20400
0.0593333333333333,0.802333333333333,0.989166666666667,0.940666666666667,0.197666666666667,0.0108333333333333,5e-04,0.0853333333333333,0.576,20500
0.0643333333333333,0.8125,0.989833333333333,0.935666666666667,0.1875,0.0101666666666667,0.000666666666666667,0.0916666666666667,0.585333333333333,20600
0.0701666666666667,0.821,0.9905,0.929833333333333,0.179,0.0095,0.000833333333333333,0.0961666666666667,0.5945,20700
0.0791666666666667,0.830833333333333,0.990666666666667,0.920833333333333,0.169166666666667,0.00933333333333333,0.000833333333333333,0.101333333333333,0.605333333333333,20800
0.0878333333333333,0.841666666666667,0.990833333333333,0.912166666666667,0.158333333333333,0.00916666666666667,0.001,0.106833333333333,0.617333333333333,20900
0.0975,0.849666666666667,0.991166666666667,0.9025,0.150333333333333,0.00883333333333333,0.001,0.114333333333333,0.629666666666667,21000
0.104666666666667,0.858166666666667,0.9915,0.895333333333333,0.141833333333333,0.0085,0.00133333333333333,0.122166666666667,0.638833333333333,21100
0.114166666666667,0.866333333333333,0.991666666666667,0.885833333333333,0.133666666666667,0.00833333333333333,0.00133333333333333,0.128333333333333,0.648,21200
0.1255,0.874833333333333,0.991833333333333,0.8745,0.125166666666667,0.00816666666666667,0.0015,0.136833333333333,0.657,21300
0.1365,0.881,0.992166666666667,0.8635,0.119,0.00783333333333333,0.00166666666666667,0.146,0.6675,21400
0.1475,0.889,0.992666666666667,0.8525,0.111,0.00733333333333333,0.00166666666666667,0.154666666666667,0.678666666666667,21500
0.162166666666667,0.894833333333333,0.993166666666667,0.837833333333333,0.105166666666667,0.00683333333333333,0.00216666666666667,0.1625,0.688166666666667,21600
0.175166666666667,0.901166666666667,0.9935,0.824833333333333,0.0988333333333333,0.0065,0.0025,0.17,0.698666666666667,21700
0.186666666666667,0.907833333333333,0.994,0.813333333333333,0.0921666666666667,0.006,0.00283333333333333,0.179833333333333,0.706333333333333,21800
0.200833333333333,0.9115,0.994166666666667,0.799166666666667,0.0885,0.00583333333333333,0.00316666666666667,0.188333333333333,0.714166666666667,21900
0.214666666666667,0.915666666666667,0.9945,0.785333333333333,0.0843333333333333,0.0055,0.00366666666666667,0.195,0.722666666666667,22000
0.230666666666667,0.918333333333333,0.995,0.769333333333333,0.0816666666666667,0.005,0.004,0.2025,0.730833333333333,22100
0.2465,0.924333333333333,0.995666666666667,0.7535,0.0756666666666667,0.00433333333333333,0.00466666666666667,0.210666666666667,0.740166666666667,22200
0.261666666666667,0.928833333333333,0.995833333333333,0.738333333333333,0.0711666666666667,0.00416666666666667,0.00466666666666667,0.219333333333333,0.748,22300
0.277166666666667,0.933833333333333,0.996166666666667,0.722833333333333,0.0661666666666667,0.00383333333333333,0.00516666666666667,0.228166666666667,0.7545,22400
0.293333333333333,0.937333333333333,0.996666666666667,0.706666666666667,0.0626666666666667,0.00333333333333333,0.00583333333333333,0.238833333333333,0.759833333333333,22500
0.308666666666667,0.940833333333333,0.997,0.691333333333333,0.0591666666666667,0.003,0.00683333333333333,0.248666666666667,0.767666666666667,22600
0.3225,0.943666666666667,0.997,0.6775,0.0563333333333333,0.003,0.00716666666666667,0.260166666666667,0.777,22700
0.339666666666667,0.947333333333333,0.997,0.660333333333333,0.0526666666666667,0.003,0.00733333333333333,0.269333333333333,0.783666666666667,22800
0.358666666666667,0.950833333333333,0.9975,0.641333333333333,0.0491666666666667,0.0025,0.00866666666666667,0.277666666666667,0.789666666666667,22900
0.377333333333333,0.953666666666667,0.997666666666667,0.622666666666667,0.0463333333333333,0.00233333333333333,0.00916666666666667,0.288666666666667,0.7965,23000
0.393833333333333,0.956333333333333,0.997833333333333,0.606166666666667,0.0436666666666667,0.00216666666666667,0.01,0.298,0.802,23100
0.412333333333333,0.9585,0.998,0.587666666666667,0.0415,0.002,0.0111666666666667,0.308333333333333,0.807833333333333,23200
0.4285,0.961833333333333,0.998,0.5715,0.0381666666666667,0.002,0.0118333333333333,0.32,0.814,23300
0.443333333333333,0.963,0.998166666666667,0.556666666666667,0.037,0.00183333333333333,0.0121666666666667,0.328333333333333,0.819666666666667,23400
0.459166666666667,0.964666666666667,0.998333333333333,0.540833333333333,0.0353333333333333,0.00166666666666667,0.0131666666666667,0.339333333333333,0.825,23500
0.477666666666667,0.966666666666667,0.9985,0.522333333333333,0.0333333333333333,0.0015,0.0141666666666667,0.349333333333333,0.83,23600
0.494333333333333,0.968,0.998833333333333,0.505666666666667,0.032,0.00116666666666667,0.0153333333333333,0.361833333333333,0.837166666666667,23700
0.509333333333333,0.969833333333333,0.998833333333333,0.490666666666667,0.0301666666666667,0.00116666666666667,0.0165,0.372666666666667,0.842333333333333,23800
0.525333333333333,0.971833333333333,0.998833333333333,0.474666666666667,0.0281666666666667,0.00116666666666667,0.0183333333333333,0.382333333333333,0.849,23900
0.542833333333333,0.973,0.998833333333333,0.457166666666667,0.027,0.00116666666666667,0.0205,0.391333333333333,0.853,24000
0.558333333333333,0.975166666666667,0.998833333333333,0.441666666666667,0.0248333333333333,0.00116666666666667,0.0216666666666667,0.403166666666667,0.858,24100
0.575666666666667,0.976333333333333,0.998833333333333,0.424333333333333,0.0236666666666667,0.00116666666666667,0.0235,0.413,0.862833333333333,24200
0.590833333333333,0.977833333333333,0.998833333333333,0.409166666666667,0.0221666666666667,0.00116666666666667,0.0256666666666667,0.422833333333333,0.8665,24300
0.606166666666667,0.978666666666667,0.998833333333333,0.393833333333333,0.0213333333333333,0.00116666666666667,0.0263333333333333,0.431666666666667,0.869666666666667,24400
0.6215,0.979833333333333,0.999166666666667,0.3785,0.0201666666666667,0.000833333333333333,0.0281666666666667,0.441166666666667,0.873333333333333,24500
0.6385,0.981666666666667,0.999166666666667,0.3615,0.0183333333333333,0.000833333333333333,0.0298333333333333,0.4505,0.878333333333333,24600
0.654666666666667,0.983333333333333,0.999166666666667,0.345333333333333,0.0166666666666667,0.000833333333333333,0.0313333333333333,0.461333333333333,0.883,24700
0.670666666666667,0.984333333333333,0.999166666666667,0.329333333333333,0.0156666666666667,0.000833333333333333,0.033,0.472833333333333,0.886166666666667,24800
0.682666666666667,0.985,0.999166666666667,0.317333333333333,0.015,0.000833333333333333,0.0351666666666667,0.481833333333333,0.891333333333333,24900
0.692666666666667,0.985666666666667,0.999166666666667,0.307333333333333,0.0143333333333333,0.000833333333333333,0.0366666666666667,0.494666666666667,0.895333333333333,25000
0.708833333333333,0.986333333333333,0.999166666666667,0.291166666666667,0.0136666666666667,0.000833333333333333,0.0393333333333333,0.506333333333333,0.897666666666667,25100
0.721666666666667,0.987,0.999166666666667,0.278333333333333,0.013,0.000833333333333333,0.0435,0.514833333333333,0.901,25200
0.732833333333333,0.988,0.9995,0.267166666666667,0.012,5e-04,0.0456666666666667,0.526666666666667,0.9035,25300
0.741166666666667,0.988666666666667,0.9995,0.258833333333333,0.0113333333333333,5e-04,0.0498333333333333,0.536,0.907166666666667,25400
0.753666666666667,0.989333333333333,0.9995,0.246333333333333,0.0106666666666667,5e-04,0.0525,0.547,0.910166666666667,25500
0.764166666666667,0.99,0.9995,0.235833333333333,0.01,5e-04,0.0555,0.554166666666667,0.913166666666667,25600
0.772833333333333,0.990333333333333,0.9995,0.227166666666667,0.00966666666666667,5e-04,0.0576666666666667,0.564833333333333,0.916,25700
0.780833333333333,0.9905,0.9995,0.219166666666667,0.0095,5e-04,0.0603333333333333,0.574,0.918333333333333,25800
0.789833333333333,0.990833333333333,0.9995,0.210166666666667,0.00916666666666667,5e-04,0.0656666666666667,0.582,0.920833333333333,25900
0.800666666666667,0.991,0.9995,0.199333333333333,0.009,5e-04,0.068,0.588333333333333,0.923666666666667,26000
0.809833333333333,0.991166666666667,0.9995,0.190166666666667,0.00883333333333333,5e-04,0.0718333333333333,0.597,0.9265,26100
0.816333333333333,0.9915,0.9995,0.183666666666667,0.0085,5e-04,0.0756666666666667,0.605333333333333,0.929333333333333,26200
0.823,0.9915,0.9995,0.177,0.0085,5e-04,0.08,0.615333333333333,0.930833333333333,26300
0.831833333333333,0.991833333333333,0.9995,0.168166666666667,0.00816666666666667,5e-04,0.0838333333333333,0.625833333333333,0.932833333333333,26400
0.840333333333333,0.992,0.9995,0.159666666666667,0.008,5e-04,0.0883333333333333,0.634166666666667,0.935166666666667,26500
0.847,0.992166666666667,0.9995,0.153,0.00783333333333333,5e-04,0.0926666666666667,0.641333333333333,0.936666666666667,26600
0.854166666666667,0.992833333333333,0.9995,0.145833333333333,0.00716666666666667,5e-04,0.0961666666666667,0.648,0.939166666666667,26700
0.8605,0.993,0.9995,0.1395,0.007,5e-04,0.100333333333333,0.655,0.941833333333333,26800
0.867,0.993333333333333,0.9995,0.133,0.00666666666666667,5e-04,0.104833333333333,0.663166666666667,0.943666666666667,26900
0.873833333333333,0.993666666666667,0.9995,0.126166666666667,0.00633333333333333,5e-04,0.109666666666667,0.671166666666667,0.944666666666667,27000
0.879333333333333,0.994,0.9995,0.120666666666667,0.006,5e-04,0.115833333333333,0.6805,0.947,27100
0.884,0.994333333333333,0.9995,0.116,0.00566666666666667,5e-04,0.122,0.687666666666667,0.9485,27200
0.890666666666667,0.994666666666667,0.9995,0.109333333333333,0.00533333333333333,5e-04,0.127,0.696833333333333,0.950333333333333,27300
0.8955,0.994666666666667,0.9995,0.1045,0.00533333333333333,5e-04,0.132666666666667,0.703166666666667,0.951166666666667,27400
0.901333333333333,0.9955,0.9995,0.0986666666666667,0.0045,5e-04,0.138,0.708,0.951666666666667,27500
0.906166666666667,0.995833333333333,0.9995,0.0938333333333333,0.00416666666666667,5e-04,0.145833333333333,0.715333333333333,0.952666666666667,27600
0.909333333333333,0.996,0.9995,0.0906666666666667,0.004,5e-04,0.1525,0.7215,0.954666666666667,27700
0.9125,0.996166666666667,0.9995,0.0875,0.00383333333333333,5e-04,0.158833333333333,0.729,0.954833333333333,27800
0.916166666666667,0.996666666666667,0.999666666666667,0.0838333333333333,0.00333333333333333,0.000333333333333333,0.165166666666667,0.735,0.956333333333333,27900
0.917833333333333,0.997,0.999666666666667,0.0821666666666667,0.003,0.000333333333333333,0.170333333333333,0.7425,0.957166666666667,28000
0.922666666666667,0.997,0.999666666666667,0.0773333333333333,0.003,0.000333333333333333,0.179,0.748833333333333,0.959,28100
0.927166666666667,0.997,0.999666666666667,0.0728333333333333,0.003,0.000333333333333333,0.1855,0.753833333333333,0.959666666666667,28200
0.929833333333333,0.997,0.999666666666667,0.0701666666666667,0.003,0.000333333333333333,0.191,0.7585,0.961166666666667,28300
0.933166666666667,0.9975,0.999666666666667,0.0668333333333333,0.0025,0.000333333333333333,0.196,0.763333333333333,0.962666666666667,28400
0.937666666666667,0.997666666666667,0.999666666666667,0.0623333333333333,0.00233333333333333,0.000333333333333333,0.202,0.769666666666667,0.963,28500
0.939833333333333,0.997666666666667,0.999666666666667,0.0601666666666667,0.00233333333333333,0.000333333333333333,0.2075,0.7775,0.964,28600
0.942833333333333,0.997833333333333,0.999666666666667,0.0571666666666667,0.00216666666666667,0.000333333333333333,0.215333333333333,0.7835,0.965166666666667,28700
0.945666666666667,0.998,0.999666666666667,0.0543333333333333,0.002,0.000333333333333333,0.221833333333333,0.787333333333333,0.967333333333333,28800
0.9475,0.998,0.999666666666667,0.0525,0.002,0.000333333333333333,0.229166666666667,0.793166666666667,0.969,28900
0.950333333333333,0.998,0.999666666666667,0.0496666666666667,0.002,0.000333333333333333,0.236833333333333,0.798,0.97,29000
0.952,0.998166666666667,0.999666666666667,0.048,0.00183333333333333,0.000333333333333333,0.245333333333333,0.802,0.970666666666667,29100
0.954833333333333,0.998333333333333,0.999666666666667,0.0451666666666667,0.00166666666666667,0.000333333333333333,0.2545,0.807,0.9715,29200
0.957833333333333,0.998666666666667,0.999666666666667,0.0421666666666667,0.00133333333333333,0.000333333333333333,0.261833333333333,0.812,0.9715,29300
0.959333333333333,0.998833333333333,0.999666666666667,0.0406666666666667,0.00116666666666667,0.000333333333333333,0.268333333333333,0.817333333333333,0.972666666666667,29400
0.961333333333333,0.998833333333333,0.999666666666667,0.0386666666666667,0.00116666666666667,0.000333333333333333,0.274833333333333,0.821333333333333,0.973333333333333,29500
0.962666666666667,0.998833333333333,0.999666666666667,0.0373333333333333,0.00116666666666667,0.000333333333333333,0.284166666666667,0.825166666666667,0.974166666666667,29600
0.964,0.998833333333333,0.999666666666667,0.036,0.00116666666666667,0.000333333333333333,0.291666666666667,0.828833333333333,0.9755,29700
0.965833333333333,0.998833333333333,0.999666666666667,0.0341666666666667,0.00116666666666667,0.000333333333333333,0.298333333333333,0.8335,0.976333333333333,29800
0.9665,0.998833333333333,0.999666666666667,0.0335,0.00116666666666667,0.000333333333333333,0.306166666666667,0.838666666666667,0.977333333333333,29900
0.968,0.998833333333333,0.999666666666667,0.032,0.00116666666666667,0.000333333333333333,0.3135,0.843666666666667,0.977833333333333,30000
0.9695,0.998833333333333,0.999666666666667,0.0305,0.00116666666666667,0.000333333333333333,0.323166666666667,0.849,0.978333333333333,30100
0.970833333333333,0.998833333333333,0.999666666666667,0.0291666666666667,0.00116666666666667,0.000333333333333333,0.330666666666667,0.851833333333333,0.979,30200
0.972333333333333,0.999,0.999666666666667,0.0276666666666667,0.001,0.000333333333333333,0.338666666666667,0.855666666666667,0.9795,30300
0.973166666666667,0.999166666666667,0.999666666666667,0.0268333333333333,0.000833333333333333,0.000333333333333333,0.346833333333333,0.859833333333333,0.980333333333333,30400
0.975166666666667,0.999166666666667,0.999666666666667,0.0248333333333333,0.000833333333333333,0.000333333333333333,0.355166666666667,0.8635,0.980833333333333,30500
0.976,0.999166666666667,0.999666666666667,0.024,0.000833333333333333,0.000333333333333333,0.365333333333333,0.866166666666667,0.981166666666667,30600
0.9775,0.999166666666667,0.999666666666667,0.0225,0.000833333333333333,0.000333333333333333,0.372833333333333,0.868666666666667,0.982166666666667,30700
0.9785,0.999166666666667,0.999666666666667,0.0215,0.000833333333333333,0.000333333333333333,0.3805,0.8715,0.9825,30800
0.979,0.999166666666667,0.999666666666667,0.021,0.000833333333333333,0.000333333333333333,0.388,0.874833333333333,0.982833333333333,30900
0.979833333333333,0.999166666666667,0.999666666666667,0.0201666666666667,0.000833333333333333,0.000333333333333333,0.396666666666667,0.878833333333333,0.983166666666667,31000
0.981166666666667,0.999166666666667,0.999666666666667,0.0188333333333333,0.000833333333333333,0.000333333333333333,0.404666666666667,0.882333333333333,0.983833333333333,31100
0.982666666666667,0.999166666666667,0.999666666666667,0.0173333333333333,0.000833333333333333,0.000333333333333333,0.412333333333333,0.8855,0.984166666666667,31200
0.984,0.999166666666667,0.999666666666667,0.016,0.000833333333333333,0.000333333333333333,0.4195,0.888833333333333,0.984666666666667,31300
0.9845,0.9995,0.999666666666667,0.0155,5e-04,0.000333333333333333,0.427,0.892666666666667,0.985166666666667,31400
0.985,0.9995,0.999666666666667,0.015,5e-04,0.000333333333333333,0.4335,0.896,0.985166666666667,31500
0.9855,0.9995,0.999666666666667,0.0145,5e-04,0.000333333333333333,0.441333333333333,0.897333333333333,0.985666666666667,31600
0.985833333333333,0.9995,0.999666666666667,0.0141666666666667,5e-04,0.000333333333333333,0.448833333333333,0.9,0.985833333333333,31700
0.986833333333333,0.9995,0.999833333333333,0.0131666666666667,5e-04,0.000166666666666667,0.456833333333333,0.9025,0.986333333333333,31800
0.987166666666667,0.9995,0.999833333333333,0.0128333333333333,5e-04,0.000166666666666667,0.466,0.9045,0.986666666666667,31900
0.988,0.9995,0.999833333333333,0.012,5e-04,0.000166666666666667,0.473833333333333,0.907166666666667,0.987333333333333,32000
0.9885,0.9995,0.999833333333333,0.0115,5e-04,0.000166666666666667,0.480833333333333,0.910166666666667,0.9875,32100
0.989166666666667,0.9995,0.999833333333333,0.0108333333333333,5e-04,0.000166666666666667,0.490833333333333,0.9125,0.987666666666667,32200
0.989333333333333,0.9995,0.999833333333333,0.0106666666666667,5e-04,0.000166666666666667,0.500833333333333,0.915,0.988,32300
0.989833333333333,0.9995,0.999833333333333,0.0101666666666667,5e-04,0.000166666666666667,0.507833333333333,0.916333333333333,0.988,32400
0.990333333333333,0.9995,0.999833333333333,0.00966666666666667,5e-04,0.000166666666666667,0.514666666666667,0.9185,0.988,32500
0.990333333333333,0.9995,0.999833333333333,0.00966666666666667,5e-04,0.000166666666666667,0.524666666666667,0.920333333333333,0.9885,32600
0.9905,0.9995,0.999833333333333,0.0095,5e-04,0.000166666666666667,0.5315,0.9225,0.988833333333333,32700
0.990833333333333,0.9995,0.999833333333333,0.00916666666666667,5e-04,0.000166666666666667,0.540333333333333,0.925166666666667,0.989166666666667,32800
0.991,0.9995,0.999833333333333,0.009,5e-04,0.000166666666666667,0.548,0.927166666666667,0.9895,32900
0.991166666666667,0.9995,0.999833333333333,0.00883333333333333,5e-04,0.000166666666666667,0.553,0.929333333333333,0.9895,33000
0.9915,0.9995,0.999833333333333,0.0085,5e-04,0.000166666666666667,0.5615,0.930666666666667,0.99,33100
0.9915,0.9995,0.999833333333333,0.0085,5e-04,0.000166666666666667,0.568666666666667,0.931666666666667,0.99,33200
0.9915,0.9995,0.999833333333333,0.0085,5e-04,0.000166666666666667,0.576,0.933666666666667,0.9905,33300
0.991666666666667,0.9995,0.999833333333333,0.00833333333333333,5e-04,0.000166666666666667,0.581833333333333,0.9355,0.990833333333333,33400
0.992166666666667,0.9995,0.999833333333333,0.00783333333333333,5e-04,0.000166666666666667,0.586,0.936666666666667,0.991,33500
0.992333333333333,0.9995,0.999833333333333,0.00766666666666667,5e-04,0.000166666666666667,0.592166666666667,0.9385,0.991,33600
0.992666666666667,0.9995,0.999833333333333,0.00733333333333333,5e-04,0.000166666666666667,0.598833333333333,0.9405,0.991333333333333,33700
0.992666666666667,0.9995,0.999833333333333,0.00733333333333333,5e-04,0.000166666666666667,0.606,0.942833333333333,0.991333333333333,33800
0.993166666666667,0.9995,0.999833333333333,0.00683333333333333,5e-04,0.000166666666666667,0.613333333333333,0.943833333333333,0.991333333333333,33900
0.9935,0.9995,0.999833333333333,0.0065,5e-04,0.000166666666666667,0.621666666666667,0.944666666666667,0.9915,34000
0.993666666666667,0.9995,0.999833333333333,0.00633333333333333,5e-04,0.000166666666666667,0.629166666666667,0.946666666666667,0.9915,34100
0.993666666666667,0.9995,0.999833333333333,0.00633333333333333,5e-04,0.000166666666666667,0.6355,0.947833333333333,0.9915,34200
0.994,0.9995,0.999833333333333,0.006,5e-04,0.000166666666666667,0.641,0.9495,0.991666666666667,34300
0.9945,0.9995,0.999833333333333,0.0055,5e-04,0.000166666666666667,0.6465,0.9505,0.992166666666667,34400
0.994666666666667,0.999666666666667,0.999833333333333,0.00533333333333333,0.000333333333333333,0.000166666666666667,0.651666666666667,0.951166666666667,0.992333333333333,34500
0.994666666666667,0.999666666666667,0.999833333333333,0.00533333333333333,0.000333333333333333,0.000166666666666667,0.657,0.9515,0.992833333333333,34600
0.995166666666667,0.999666666666667,0.999833333333333,0.00483333333333333,0.000333333333333333,0.000166666666666667,0.6635,0.952,0.993,34700
0.995666666666667,0.999666666666667,0.999833333333333,0.00433333333333333,0.000333333333333333,0.000166666666666667,0.669,0.953166666666667,0.993,34800
0.995833333333333,0.999666666666667,0.999833333333333,0.00416666666666667,0.000333333333333333,0.000166666666666667,0.677,0.954833333333333,0.993,34900
0.996,0.999666666666667,0.999833333333333,0.004,0.000333333333333333,0.000166666666666667,0.684,0.954833333333333,0.993333333333333,35000
0.996166666666667,0.999666666666667,0.999833333333333,0.00383333333333333,0.000333333333333333,0.000166666666666667,0.689,0.955833333333333,0.993333333333333,35100
0.9965,0.999666666666667,0.999833333333333,0.0035,0.000333333333333333,0.000166666666666667,0.6955,0.956666666666667,0.993333333333333,35200
0.996833333333333,0.999666666666667,0.999833333333333,0.00316666666666667,0.000333333333333333,0.000166666666666667,0.702,0.957666666666667,0.993666666666667,35300
0.997,0.999666666666667,0.999833333333333,0.003,0.000333333333333333,0.000166666666666667,0.705833333333333,0.959,0.993833333333333,35400
0.997,0.999666666666667,0.999833333333333,0.003,0.000333333333333333,0.000166666666666667,0.710333333333333,0.959666666666667,0.993833333333333,35500
0.997,0.999666666666667,0.999833333333333,0.003,0.000333333333333333,0.000166666666666667,0.715333333333333,0.9605,0.994166666666667,35600
0.997,0.999666666666667,0.999833333333333,0.003,0.000333333333333333,0.000166666666666667,0.720333333333333,0.962,0.994333333333333,35700
0.997333333333333,0.999666666666667,0.999833333333333,0.00266666666666667,0.000333333333333333,0.000166666666666667,0.725666666666667,0.962666666666667,0.9945,35800
0.9975,0.999666666666667,0.999833333333333,0.0025,0.000333333333333333,0.000166666666666667,0.730833333333333,0.963,0.9945,35900
0.997666666666667,0.999666666666667,0.999833333333333,0.00233333333333333,0.000333333333333333,0.000166666666666667,0.735833333333333,0.964,0.994666666666667,36000
0.997666666666667,0.999666666666667,0.999833333333333,0.00233333333333333,0.000333333333333333,0.000166666666666667,0.741833333333333,0.9645,0.995,36100
0.997833333333333,0.999666666666667,0.999833333333333,0.00216666666666667,0.000333333333333333,0.000166666666666667,0.747333333333333,0.966166666666667,0.995,36200
0.997833333333333,0.999666666666667,0.999833333333333,0.00216666666666667,0.000333333333333333,0.000166666666666667,0.751333333333333,0.9675,0.995166666666667,36300
0.998,0.999666666666667,0.999833333333333,0.002,0.000333333333333333,0.000166666666666667,0.755,0.969,0.995166666666667,36400
0.998,0.999666666666667,0.999833333333333,0.002,0.000333333333333333,0.000166666666666667,0.7585,0.969833333333333,0.9955,36500
0.998,0.999666666666667,0.999833333333333,0.002,0.000333333333333333,0.000166666666666667,0.761833333333333,0.970333333333333,0.9955,36600
0.998166666666667,0.999666666666667,0.999833333333333,0.00183333333333333,0.000333333333333333,0.000166666666666667,0.7675,0.970666666666667,0.9955,36700
0.998166666666667,0.999666666666667,0.999833333333333,0.00183333333333333,0.000333333333333333,0.000166666666666667,0.771666666666667,0.9715,0.995666666666667,36800
0.998333333333333,0.999666666666667,0.999833333333333,0.00166666666666667,0.000333333333333333,0.000166666666666667,0.777833333333333,0.9715,0.995666666666667,36900
0.998666666666667,0.999666666666667,0.999833333333333,0.00133333333333333,0.000333333333333333,0.000166666666666667,0.782833333333333,0.972666666666667,0.995666666666667,37000
0.998833333333333,0.999666666666667,0.999833333333333,0.00116666666666667,0.000333333333333333,0.000166666666666667,0.785666666666667,0.973,0.995666666666667,37100
0.998833333333333,0.999666666666667,0.999833333333333,0.00116666666666667,0.000333333333333333,0.000166666666666667,0.789666666666667,0.9735,0.995666666666667,37200
0.998833333333333,0.999666666666667,0.999833333333333,0.00116666666666667,0.000333333333333333,0.000166666666666667,0.793666666666667,0.974333333333333,0.995666666666667,37300
0.998833333333333,0.999666666666667,0.999833333333333,0.00116666666666667,0.000333333333333333,0.000166666666666667,0.797833333333333,0.9755,0.996,37400
0.998833333333333,0.999666666666667,0.999833333333333,0.00116666666666667,0.000333333333333333,0.000166666666666667,0.8015,0.975833333333333,0.996,37500
0.998833333333333,0.999666666666667,0.999833333333333,0.00116666666666667,0.000333333333333333,0.000166666666666667,0.804666666666667,0.977166666666667,0.996,37600
0.998833333333333,0.999666666666667,1,0.00116666666666667,0.000333333333333333,0,0.808833333333333,0.9775,0.996333333333333,37700
0.998833333333333,0.999666666666667,1,0.00116666666666667,0.000333333333333333,0,0.812,0.977833333333333,0.9965,37800
0.998833333333333,0.999666666666667,1,0.00116666666666667,0.000333333333333333,0,0.816833333333333,0.978333333333333,0.9965,37900
0.998833333333333,0.999666666666667,1,0.00116666666666667,0.000333333333333333,0,0.819333333333333,0.979,0.996666666666667,38000
0.998833333333333,0.999666666666667,1,0.00116666666666667,0.000333333333333333,0,0.823166666666667,0.979166666666667,0.996666666666667,38100
0.998833333333333,0.999666666666667,1,0.00116666666666667,0.000333333333333333,0,0.8255,0.98,0.997166666666667,38200
0.999166666666667,0.999666666666667,1,0.000833333333333333,0.000333333333333333,0,0.828666666666667,0.980333333333333,0.997166666666667,38300
0.999166666666667,0.999666666666667,1,0.000833333333333333,0.000333333333333333,0,0.832333333333333,0.980833333333333,0.997333333333333,38400
0.999166666666667,0.999666666666667,1,0.000833333333333333,0.000333333333333333,0,0.837166666666667,0.981166666666667,0.9975,38500
0.999166666666667,0.999666666666667,1,0.000833333333333333,0.000333333333333333,0,0.840333333333333,0.981333333333333,0.9975,38600
0.999166666666667,0.999666666666667,1,0.000833333333333333,0.000333333333333333,0,0.843666666666667,0.982166666666667,0.997833333333333,38700
0.999166666666667,0.999666666666667,1,0.000833333333333333,0.000333333333333333,0,0.848166666666667,0.9825,0.997833333333333,38800
0.999166666666667,0.999666666666667,1,0.000833333333333333,0.000333333333333333,0,0.851,0.982833333333333,0.997833333333333,38900
0.999166666666667,0.999666666666667,1,0.000833333333333333,0.000333333333333333,0,0.853833333333333,0.983,0.997833333333333,39000
0.999166666666667,0.999666666666667,1,0.000833333333333333,0.000333333333333333,0,0.856333333333333,0.9835,0.997833333333333,39100
0.999166666666667,0.999666666666667,1,0.000833333333333333,0.000333333333333333,0,0.8595,0.983833333333333,0.997833333333333,39200
0.999166666666667,0.999833333333333,1,0.000833333333333333,0.000166666666666667,0,0.862833333333333,0.984166666666667,0.998,39300
0.999166666666667,0.999833333333333,1,0.000833333333333333,0.000166666666666667,0,0.864666666666667,0.9845,0.998,39400
0.999166666666667,0.999833333333333,1,0.000833333333333333,0.000166666666666667,0,0.866666666666667,0.984833333333333,0.998,39500
0.999166666666667,0.999833333333333,1,0.000833333333333333,0.000166666666666667,0,0.868666666666667,0.985166666666667,0.998166666666667,39600
0.999333333333333,0.999833333333333,1,5e-04,0.000166666666666667,0,0.871166666666667,0.985333333333333,0.998166666666667,39700
0.999333333333333,0.999833333333333,1,5e-04,0.000166666666666667,0,0.873333333333333,0.985666666666667,0.998333333333333,39800
0.999333333333333,0.999833333333333,1,5e-04,0.000166666666666667,0,0.876166666666667,0.985833333333333,0.998333333333333,39900
0.999333333333333,0.999833333333333,1,5e-04,0.000166666666666667,0,0.879333333333333,0.986,0.9985,40000
0.999333333333333,0.999833333333333,1,5e-04,0.000166666666666667,0,0.882,0.986666666666667,0.9985,40100
0.999333333333333,0.999833333333333,1,5e-04,0.000166666666666667,0,0.884833333333333,0.986833333333333,0.9985,40200
0.999333333333333,0.999833333333333,1,5e-04,0.000166666666666667,0,0.886333333333333,0.987333333333333,0.998666666666667,40300
0.999333333333333,0.999833333333333,1,5e-04,0.000166666666666667,0,0.889666666666667,0.9875,0.998833333333333,40400
0.999333333333333,0.999833333333333,1,5e-04,0.000166666666666667,0,0.892666666666667,0.987666666666667,0.999,40500
0.999166666666667,0.999833333333333,1,5e-04,0.000166666666666667,0,0.895333333333333,0.987833333333333,0.999,40600
0.999166666666667,0.999833333333333,1,5e-04,0.000166666666666667,0,0.8965,0.988,0.999,40700
0.999166666666667,0.999833333333333,1,5e-04,0.000166666666666667,0,0.898166666666667,0.988,0.999,40800
0.999,0.999833333333333,1,5e-04,0.000166666666666667,0,0.900166666666667,0.988,0.999,40900
0.999,0.999833333333333,1,5e-04,0.000166666666666667,0,0.902166666666667,0.988166666666667,0.999,41000
0.999,0.999833333333333,1,5e-04,0.000166666666666667,0,0.9035,0.988666666666667,0.999,41100
0.998833333333333,0.999833333333333,1,5e-04,0.000166666666666667,0,0.906333333333333,0.988833333333333,0.999,41200
0.998833333333333,0.999833333333333,1,5e-04,0.000166666666666667,0,0.907666666666667,0.989166666666667,0.999,41300
0.998666666666667,0.999833333333333,1,5e-04,0.000166666666666667,0,0.910166666666667,0.9895,0.999,41400
0.998666666666667,0.999833333333333,1,5e-04,0.000166666666666667,0,0.912,0.9895,0.999166666666667,41500
0.998166666666667,0.999833333333333,1,5e-04,0.000166666666666667,0,0.913833333333333,0.9895,0.999166666666667,41600
0.997833333333333,0.999833333333333,1,5e-04,0.000166666666666667,0,0.9155,0.99,0.999166666666667,41700
0.997833333333333,0.999833333333333,1,5e-04,0.000166666666666667,0,0.9165,0.99,0.999166666666667,41800
0.997833333333333,0.999833333333333,1,5e-04,0.000166666666666667,0,0.918166666666667,0.990333333333333,0.999166666666667,41900
0.997666666666667,0.999833333333333,1,5e-04,0.000166666666666667,0,0.92,0.990833333333333,0.999166666666667,42000
0.9975,0.999833333333333,1,5e-04,0.000166666666666667,0,0.921,0.990833333333333,0.999166666666667,42100
0.9975,0.999833333333333,1,5e-04,0.000166666666666667,0,0.923166666666667,0.991,0.999166666666667,42200
0.997166666666667,0.999833333333333,1,5e-04,0.000166666666666667,0,0.925166666666667,0.991,0.999166666666667,42300
0.997166666666667,0.999833333333333,1,5e-04,0.000166666666666667,0,0.9265,0.991166666666667,0.999166666666667,42400
0.997,0.999833333333333,1,5e-04,0.000166666666666667,0,0.928166666666667,0.991333333333333,0.999166666666667,42500
0.996333333333333,0.999833333333333,1,5e-04,0.000166666666666667,0,0.929666666666667,0.991333333333333,0.999166666666667,42600
0.996333333333333,0.999833333333333,1,5e-04,0.000166666666666667,0,0.930666666666667,0.991333333333333,0.999166666666667,42700
0.996,0.999833333333333,1,5e-04,0.000166666666666667,0,0.931333333333333,0.9915,0.999166666666667,42800
0.995666666666667,0.999833333333333,1,5e-04,0.000166666666666667,0,0.933,0.9915,0.999166666666667,42900
0.9955,0.999833333333333,1,5e-04,0.000166666666666667,0,0.934666666666667,0.9915,0.999166666666667,43000
0.995333333333333,0.999833333333333,1,5e-04,0.000166666666666667,0,0.935666666666667,0.9915,0.999166666666667,43100
0.994666666666667,0.999833333333333,1,5e-04,0.000166666666666667,0,0.936666666666667,0.991666666666667,0.999166666666667,43200
0.994166666666667,0.999833333333333,1,5e-04,0.000166666666666667,0,0.937666666666667,0.992,0.999166666666667,43300
0.994,0.999833333333333,1,0.000333333333333333,0.000166666666666667,0,0.939666666666667,0.992333333333333,0.999166666666667,43400
0.9935,0.999833333333333,1,0.000333333333333333,0.000166666666666667,0,0.9415,0.992333333333333,0.999166666666667,43500
0.993,0.999833333333333,1,0.000333333333333333,0.000166666666666667,0,0.943,0.993,0.999166666666667,43600
0.992333333333333,0.999833333333333,1,0.000333333333333333,0.000166666666666667,0,0.943666666666667,0.993,0.999166666666667,43700
0.991666666666667,0.999833333333333,1,0.000333333333333333,0.000166666666666667,0,0.944166666666667,0.993,0.999166666666667,43800
0.991166666666667,0.999833333333333,1,0.000333333333333333,0.000166666666666667,0,0.9455,0.993,0.999166666666667,43900
0.990166666666667,0.999833333333333,1,0.000333333333333333,0.000166666666666667,0,0.946666666666667,0.993,0.999166666666667,44000
0.989333333333333,0.999833333333333,1,0.000333333333333333,0.000166666666666667,0,0.947666666666667,0.993333333333333,0.999166666666667,44100
0.988666666666667,0.999833333333333,1,0.000333333333333333,0.000166666666666667,0,0.948833333333333,0.993333333333333,0.999166666666667,44200
0.9875,0.999833333333333,1,0.000333333333333333,0.000166666666666667,0,0.949833333333333,0.993333333333333,0.999166666666667,44300
0.9865,0.999833333333333,1,0.000333333333333333,0.000166666666666667,0,0.951166666666667,0.9935,0.999166666666667,44400
0.985833333333333,0.999833333333333,1,0.000333333333333333,0.000166666666666667,0,0.951166666666667,0.993666666666667,0.999333333333333,44500
0.985,0.999833333333333,1,0.000333333333333333,0.000166666666666667,0,0.951333333333333,0.993833333333333,0.999333333333333,44600
0.984166666666667,0.999833333333333,1,0.000333333333333333,0.000166666666666667,0,0.951666666666667,0.993833333333333,0.999333333333333,44700
0.983166666666667,0.999833333333333,1,0.000333333333333333,0.000166666666666667,0,0.952166666666667,0.994,0.9995,44800
0.982166666666667,0.999833333333333,1,0.000333333333333333,0.000166666666666667,0,0.953666666666667,0.994166666666667,0.9995,44900
0.981166666666667,0.999833333333333,1,0.000333333333333333,0.000166666666666667,0,0.954666666666667,0.994333333333333,0.9995,45000
0.979,0.999833333333333,1,0.000333333333333333,0.000166666666666667,0,0.954833333333333,0.9945,0.9995,45100
0.978,0.999833333333333,1,0.000333333333333333,0.000166666666666667,0,0.955,0.9945,0.9995,45200
0.976833333333333,0.999833333333333,1,0.000333333333333333,0.000166666666666667,0,0.956166666666667,0.9945,0.9995,45300
0.975166666666667,0.999833333333333,1,0.000333333333333333,0.000166666666666667,0,0.956666666666667,0.994666666666667,0.9995,45400
0.9735,0.999833333333333,1,0.000333333333333333,0.000166666666666667,0,0.9575,0.995,0.9995,45500
0.970666666666667,0.999833333333333,1,0.000333333333333333,0.000166666666666667,0,0.958333333333333,0.995,0.9995,45600
0.969333333333333,0.999833333333333,1,0.000333333333333333,0.000166666666666667,0,0.959166666666667,0.995166666666667,0.9995,45700
0.967333333333333,0.999833333333333,1,0.000333333333333333,0.000166666666666667,0,0.959666666666667,0.995166666666667,0.9995,45800
0.966,0.999833333333333,1,0.000333333333333333,0.000166666666666667,0,0.9605,0.9955,0.9995,45900
0.963833333333333,0.999833333333333,1,0.000333333333333333,0.000166666666666667,0,0.961333333333333,0.9955,0.9995,46000
0.962,0.999833333333333,1,0.000333333333333333,0.000166666666666667,0,0.962333333333333,0.9955,0.9995,46100
0.960333333333333,0.999666666666667,1,0.000333333333333333,0.000166666666666667,0,0.962666666666667,0.9955,0.9995,46200
0.957333333333333,0.999666666666667,1,0.000333333333333333,0.000166666666666667,0,0.963,0.995666666666667,0.9995,46300
0.9545,0.999666666666667,1,0.000333333333333333,0.000166666666666667,0,0.963833333333333,0.995666666666667,0.9995,46400
0.952166666666667,0.999666666666667,1,0.000333333333333333,0.000166666666666667,0,0.964166666666667,0.995666666666667,0.9995,46500
0.949166666666667,0.999666666666667,1,0.000333333333333333,0.000166666666666667,0,0.965,0.995666666666667,0.9995,46600
0.946833333333333,0.999833333333333,1,0.000333333333333333,0,0,0.966333333333333,0.995666666666667,0.9995,46700
0.944333333333333,0.999833333333333,1,0.000333333333333333,0,0,0.967166666666667,0.995666666666667,0.9995,46800
0.940833333333333,0.999833333333333,1,0.000333333333333333,0,0,0.968333333333333,0.995666666666667,0.9995,46900
0.9385,0.999833333333333,1,0.000333333333333333,0,0,0.969166666666667,0.995833333333333,0.9995,47000
0.936166666666667,0.999666666666667,1,0.000333333333333333,0,0,0.969833333333333,0.996,0.9995,47100
0.931833333333333,0.999666666666667,1,0.000333333333333333,0,0,0.970166666666667,0.996,0.9995,47200
0.928333333333333,0.9995,1,0.000333333333333333,0,0,0.9705,0.996,0.9995,47300
0.925,0.9995,1,0.000333333333333333,0,0,0.970833333333333,0.996,0.9995,47400
0.920833333333333,0.999333333333333,1,0.000333333333333333,0,0,0.971333333333333,0.996333333333333,0.9995,47500
0.915833333333333,0.999333333333333,1,0.000333333333333333,0,0,0.971333333333333,0.9965,0.9995,47600
0.912833333333333,0.999333333333333,1,0.000333333333333333,0,0,0.972166666666667,0.9965,0.9995,47700
0.908,0.999333333333333,1,0.000333333333333333,0,0,0.972666666666667,0.996666666666667,0.9995,47800
0.904,0.999166666666667,1,0.000333333333333333,0,0,0.973166666666667,0.996666666666667,0.9995,47900
0.900166666666667,0.998833333333333,1,0.000333333333333333,0,0,0.9735,0.996833333333333,0.9995,48000
0.896166666666667,0.9985,1,0.000333333333333333,0,0,0.974,0.997166666666667,0.9995,48100
0.891333333333333,0.998333333333333,1,0.000333333333333333,0,0,0.975,0.997166666666667,0.9995,48200
0.886,0.998333333333333,1,0.000333333333333333,0,0,0.9755,0.997333333333333,0.9995,48300
0.881,0.998333333333333,1,0.000333333333333333,0,0,0.976,0.997333333333333,0.9995,48400
0.875,0.998,1,0.000333333333333333,0,0,0.977,0.9975,0.9995,48500
0.8685,0.998,1,0.000333333333333333,0,0,0.977166666666667,0.9975,0.9995,48600
0.862333333333333,0.997833333333333,1,0.000333333333333333,0,0,0.9775,0.997833333333333,0.9995,48700
0.856833333333333,0.997666666666667,1,0.000333333333333333,0,0,0.978,0.997833333333333,0.9995,48800
0.850833333333333,0.997666666666667,1,0.000333333333333333,0,0,0.978166666666667,0.997833333333333,0.9995,48900
0.844666666666667,0.9975,1,0.000333333333333333,0,0,0.978666666666667,0.997833333333333,0.9995,49000
0.8375,0.997166666666667,1,0.000333333333333333,0,0,0.978833333333333,0.997833333333333,0.9995,49100
0.830333333333333,0.996833333333333,1,0.000333333333333333,0,0,0.979333333333333,0.997833333333333,0.9995,49200
0.823333333333333,0.996833333333333,1,0.000166666666666667,0,0,0.980166666666667,0.997833333333333,0.9995,49300
0.815833333333333,0.9965,1,0.000166666666666667,0,0,0.980166666666667,0.997833333333333,0.9995,49400
0.809833333333333,0.996333333333333,1,0.000166666666666667,0,0,0.980666666666667,0.998,0.9995,49500
0.804333333333333,0.996,1,0.000166666666666667,0,0,0.981,0.998,0.9995,49600
0.797,0.9955,1,0.000166666666666667,0,0,0.981,0.998,0.9995,49700
0.788666666666667,0.995166666666667,1,0.000166666666666667,0,0,0.981333333333333,0.998,0.9995,49800
0.781333333333333,0.994833333333333,1,0.000166666666666667,0,0,0.982,0.998166666666667,0.9995,49900
0.775166666666667,0.9945,1,0.000166666666666667,0,0,0.982166666666667,0.998166666666667,0.9995,50000
0.766833333333333,0.993833333333333,1,0.000166666666666667,0,0,0.9825,0.998166666666667,0.9995,50100
0.758333333333333,0.993333333333333,1,0.000166666666666667,0,0,0.982666666666667,0.998333333333333,0.9995,50200
0.749,0.992833333333333,1,0.000166666666666667,0,0,0.982666666666667,0.9985,0.9995,50300
0.740333333333333,0.9925,1,0.000166666666666667,0,0,0.983166666666667,0.9985,0.9995,50400
0.732666666666667,0.992166666666667,1,0.000166666666666667,0,0,0.983333333333333,0.9985,0.9995,50500
0.725,0.991833333333333,1,0.000166666666666667,0,0,0.9835,0.9985,0.9995,50600
0.719166666666667,0.99,1,0.000166666666666667,0,0,0.983833333333333,0.9985,0.9995,50700
0.711166666666667,0.99,1,0.000166666666666667,0,0,0.984166666666667,0.998666666666667,0.9995,50800
0.7025,0.988833333333333,1,0.000166666666666667,0,0,0.9845,0.998833333333333,0.9995,50900
0.694833333333333,0.987666666666667,1,0.000166666666666667,0,0,0.984666666666667,0.999,0.9995,51000
0.687,0.9875,1,0.000166666666666667,0,0,0.984666666666667,0.999,0.9995,51100
0.6785,0.9865,1,0.000166666666666667,0,0,0.984666666666667,0.999,0.9995,51200
0.6715,0.986,1,0.000166666666666667,0,0,0.985166666666667,0.999,0.9995,51300
0.661833333333333,0.984666666666667,1,0.000166666666666667,0,0,0.985333333333333,0.999,0.9995,51400
0.6555,0.984166666666667,1,0.000166666666666667,0,0,0.985333333333333,0.999,0.9995,51500
0.6475,0.983333333333333,1,0.000166666666666667,0,0,0.9855,0.999,0.9995,51600
0.639,0.982333333333333,1,0.000166666666666667,0,0,0.985833333333333,0.999,0.9995,51700
0.6275,0.980833333333333,0.999833333333333,0.000166666666666667,0,0,0.986,0.999,0.9995,51800
0.618,0.9795,0.999833333333333,0.000166666666666667,0,0,0.9865,0.999,0.9995,51900
0.609666666666667,0.978,0.999833333333333,0.000166666666666667,0,0,0.9865,0.999,0.9995,52000
0.600833333333333,0.977,0.999833333333333,0.000166666666666667,0,0,0.986666666666667,0.999,0.9995,52100
0.593166666666667,0.975666666666667,0.999833333333333,0.000166666666666667,0,0,0.986833333333333,0.999,0.999666666666667,52200
0.5825,0.974,0.999833333333333,0.000166666666666667,0,0,0.986833333333333,0.999166666666667,0.999666666666667,52300
0.575166666666667,0.971166666666667,0.999833333333333,0.000166666666666667,0,0,0.987,0.999166666666667,0.999666666666667,52400
0.565833333333333,0.97,0.999833333333333,0.000166666666666667,0,0,0.987,0.999166666666667,0.999666666666667,52500
0.5595,0.968333333333333,0.999666666666667,0.000166666666666667,0,0,0.987,0.999166666666667,0.999666666666667,52600
0.55,0.966333333333333,0.999666666666667,0.000166666666666667,0,0,0.987,0.999166666666667,0.999666666666667,52700
0.54,0.965,0.999333333333333,0.000166666666666667,0,0,0.987,0.999166666666667,0.999666666666667,52800
0.533333333333333,0.963333333333333,0.999333333333333,0.000166666666666667,0,0,0.987166666666667,0.999166666666667,0.999666666666667,52900
0.525166666666667,0.961666666666667,0.999333333333333,0.000166666666666667,0,0,0.987666666666667,0.999166666666667,0.999666666666667,53000
0.516833333333333,0.960333333333333,0.999333333333333,0.000166666666666667,0,0,0.987666666666667,0.999166666666667,0.999666666666667,53100
0.508333333333333,0.957833333333333,0.999333333333333,0.000166666666666667,0,0,0.987666666666667,0.999166666666667,0.999666666666667,53200
0.498666666666667,0.955666666666667,0.999333333333333,0.000166666666666667,0,0,0.987833333333333,0.999166666666667,0.999666666666667,53300
0.489833333333333,0.953,0.999333333333333,0.000166666666666667,0,0,0.988166666666667,0.999166666666667,0.999666666666667,53400
0.481833333333333,0.950833333333333,0.998666666666667,0.000166666666666667,0,0,0.988166666666667,0.999166666666667,0.999666666666667,53500
0.474166666666667,0.948333333333333,0.998666666666667,0.000166666666666667,0,0,0.988,0.999166666666667,0.999666666666667,53600
0.4645,0.945666666666667,0.9985,0.000166666666666667,0,0,0.988333333333333,0.999166666666667,0.999666666666667,53700
0.453666666666667,0.943333333333333,0.998333333333333,0.000166666666666667,0,0,0.988333333333333,0.999166666666667,0.999666666666667,53800
0.4465,0.9405,0.998166666666667,0.000166666666666667,0,0,0.988333333333333,0.999166666666667,0.999666666666667,53900
0.4375,0.937166666666667,0.998,0.000166666666666667,0,0,0.9885,0.999166666666667,0.999666666666667,54000
0.429166666666667,0.934,0.997666666666667,0.000166666666666667,0,0,0.988833333333333,0.999166666666667,0.999666666666667,54100
0.422833333333333,0.929833333333333,0.997666666666667,0.000166666666666667,0,0,0.988666666666667,0.999166666666667,0.999666666666667,54200
0.414166666666667,0.926833333333333,0.997666666666667,0.000166666666666667,0,0,0.988666666666667,0.999166666666667,0.999666666666667,54300
0.4065,0.924833333333333,0.997666666666667,0.000166666666666667,0,0,0.988833333333333,0.999166666666667,0.999666666666667,54400
0.398,0.920333333333333,0.9975,0.000166666666666667,0,0,0.9885,0.999166666666667,0.999666666666667,54500
0.391166666666667,0.917166666666667,0.9975,0.000166666666666667,0,0,0.9885,0.999166666666667,0.999666666666667,54600
0.383666666666667,0.9135,0.997333333333333,0.000166666666666667,0,0,0.988666666666667,0.999166666666667,0.999666666666667,54700
0.3765,0.909833333333333,0.997,0.000166666666666667,0,0,0.9885,0.999166666666667,0.999666666666667,54800
0.365166666666667,0.906666666666667,0.996666666666667,0.000166666666666667,0,0,0.9885,0.999166666666667,0.999666666666667,54900
0.358,0.9015,0.996333333333333,0.000166666666666667,0,0,0.9885,0.999166666666667,0.999666666666667,55000
0.350833333333333,0.896833333333333,0.996166666666667,0.000166666666666667,0,0,0.988333333333333,0.999166666666667,0.999666666666667,55100
0.342333333333333,0.893833333333333,0.995833333333333,0.000166666666666667,0,0,0.988333333333333,0.999166666666667,0.999666666666667,55200
0.336,0.891,0.9955,0.000166666666666667,0,0,0.988166666666667,0.999166666666667,0.999666666666667,55300
0.329833333333333,0.885833333333333,0.995166666666667,0.000166666666666667,0,0,0.987833333333333,0.999166666666667,0.999666666666667,55400
0.3225,0.880666666666667,0.994833333333333,0.000166666666666667,0,0,0.987833333333333,0.999166666666667,0.999666666666667,55500
0.315166666666667,0.8745,0.9945,0.000166666666666667,0,0,0.9875,0.999166666666667,0.999666666666667,55600
0.308333333333333,0.869333333333333,0.9935,0.000166666666666667,0,0,0.9875,0.999166666666667,0.999666666666667,55700
0.301333333333333,0.8645,0.992666666666667,0.000166666666666667,0,0,0.987666666666667,0.999,0.999666666666667,55800
0.294666666666667,0.858166666666667,0.992666666666667,0.000166666666666667,0,0,0.9875,0.999,0.999666666666667,55900
0.2885,0.851833333333333,0.992166666666667,0.000166666666666667,0,0,0.987666666666667,0.999166666666667,0.999666666666667,56000
0.281833333333333,0.846666666666667,0.992166666666667,0.000166666666666667,0,0,0.987666666666667,0.999166666666667,0.999666666666667,56100
0.275333333333333,0.839833333333333,0.991333333333333,0.000166666666666667,0,0,0.988,0.999166666666667,0.999666666666667,56200
0.269833333333333,0.833333333333333,0.991333333333333,0.000166666666666667,0,0,0.988,0.999166666666667,0.999666666666667,56300
0.263833333333333,0.827,0.990333333333333,0.000166666666666667,0,0,0.987833333333333,0.999333333333333,0.999666666666667,56400
0.257666666666667,0.820333333333333,0.989333333333333,0.000166666666666667,0,0,0.987666666666667,0.999333333333333,0.999666666666667,56500
0.252333333333333,0.815166666666667,0.988666666666667,0.000166666666666667,0,0,0.987666666666667,0.999333333333333,0.999666666666667,56600
0.248,0.809333333333333,0.987833333333333,0.000166666666666667,0,0,0.987166666666667,0.999333333333333,0.999666666666667,56700
0.242,0.803166666666667,0.987333333333333,0.000166666666666667,0,0,0.986833333333333,0.999333333333333,0.999666666666667,56800
0.236,0.796833333333333,0.986833333333333,0.000166666666666667,0,0,0.9865,0.999333333333333,0.999666666666667,56900
0.231,0.790666666666667,0.985833333333333,0.000166666666666667,0,0,0.986333333333333,0.999333333333333,0.999666666666667,57000
0.226333333333333,0.783,0.985,0.000166666666666667,0,0,0.986166666666667,0.999333333333333,0.999666666666667,57100
0.221833333333333,0.777666666666667,0.984166666666667,0.000166666666666667,0,0,0.986166666666667,0.999333333333333,0.999666666666667,57200
0.216666666666667,0.771,0.982666666666667,0.000166666666666667,0,0,0.986333333333333,0.999333333333333,0.999666666666667,57300
0.212333333333333,0.763166666666667,0.982333333333333,0.000166666666666667,0,0,0.9865,0.999333333333333,0.999666666666667,57400
0.207666666666667,0.753666666666667,0.981333333333333,0.000166666666666667,0,0,0.986166666666667,0.999333333333333,0.999666666666667,57500
0.202666666666667,0.746333333333333,0.979666666666667,0.000166666666666667,0,0,0.9855,0.999333333333333,0.999666666666667,57600
0.1995,0.7385,0.9785,0.000166666666666667,0,0,0.985166666666667,0.999333333333333,0.999666666666667,57700
0.194166666666667,0.7305,0.977,0.000166666666666667,0,0,0.985166666666667,0.999333333333333,0.999666666666667,57800
0.1905,0.722833333333333,0.975333333333333,0.000166666666666667,0,0,0.985,0.999333333333333,0.999666666666667,57900
0.186833333333333,0.717166666666667,0.973666666666667,0.000166666666666667,0,0,0.984833333333333,0.999333333333333,0.999666666666667,58000
0.182833333333333,0.711,0.971333333333333,0.000166666666666667,0,0,0.984833333333333,0.999333333333333,0.999666666666667,58100
0.179833333333333,0.703833333333333,0.969833333333333,0.000166666666666667,0,0,0.984333333333333,0.999333333333333,0.999666666666667,58200
0.174666666666667,0.6975,0.967833333333333,0.000166666666666667,0,0,0.983666666666667,0.999333333333333,0.999666666666667,58300
0.171166666666667,0.689333333333333,0.966833333333333,0.000166666666666667,0,0,0.9835,0.999333333333333,0.999666666666667,58400
0.167,0.681333333333333,0.966166666666667,0.000166666666666667,0,0,0.9835,0.999333333333333,0.999666666666667,58500
0.162833333333333,0.674166666666667,0.964833333333333,0.000166666666666667,0,0,0.983333333333333,0.999333333333333,0.999666666666667,58600
0.158666666666667,0.667166666666667,0.9635,0,0,0,0.982833333333333,0.999333333333333,0.999666666666667,58700
0.154666666666667,0.660333333333333,0.960833333333333,0,0,0,0.982833333333333,0.999333333333333,0.999666666666667,58800
0.150166666666667,0.6525,0.959166666666667,0,0,0,0.983,0.999333333333333,0.999666666666667,58900
0.146833333333333,0.643666666666667,0.957,0,0,0,0.9825,0.999333333333333,0.999666666666667,59000
0.143,0.6365,0.955166666666667,0,0,0,0.982166666666667,0.999333333333333,0.999666666666667,59100
0.140833333333333,0.629166666666667,0.952666666666667,0,0,0,0.982166666666667,0.999333333333333,0.999666666666667,59200
0.137833333333333,0.621666666666667,0.950833333333333,0,0,0,0.981833333333333,0.999333333333333,0.999666666666667,59300
0.135666666666667,0.614666666666667,0.948666666666667,0,0,0,0.981333333333333,0.999333333333333,0.999666666666667,59400
0.133,0.6055,0.946166666666667,0,0,0,0.981166666666667,0.999333333333333,0.999666666666667,59500
0.128833333333333,0.597333333333333,0.943166666666667,0,0,0,0.981,0.999333333333333,0.999666666666667,59600
0.126166666666667,0.589833333333333,0.940666666666667,0,0,0,0.980333333333333,0.999333333333333,0.999666666666667,59700
0.123666666666667,0.581333333333333,0.937666666666667,0,0,0,0.979833333333333,0.999333333333333,0.999666666666667,59800
0.1205,0.570333333333333,0.934833333333333,0,0,0,0.979166666666667,0.999166666666667,0.999666666666667,59900
0.117666666666667,0.562666666666667,0.931166666666667,0,0,0,0.979,0.999166666666667,0.999666666666667,60000
0.114833333333333,0.5565,0.928166666666667,0,0,0,0.977833333333333,0.999166666666667,0.999666666666667,60100
0.112,0.548666666666667,0.925,0,0,0,0.976833333333333,0.999166666666667,0.999666666666667,60200
0.109,0.5395,0.922666666666667,0,0,0,0.976333333333333,0.999166666666667,0.999666666666667,60300
0.105833333333333,0.533666666666667,0.9195,0,0,0,0.9755,0.999166666666667,0.999666666666667,60400
0.104,0.525166666666667,0.9165,0,0,0,0.974666666666667,0.999166666666667,0.999666666666667,60500
0.100666666666667,0.520333333333333,0.912333333333333,0,0,0,0.9745,0.999166666666667,0.999666666666667,60600
0.0988333333333333,0.511333333333333,0.9075,0,0,0,0.974166666666667,0.999166666666667,0.999666666666667,60700
0.0976666666666667,0.502,0.903333333333333,0,0,0,0.973166666666667,0.999,0.999666666666667,60800
0.0948333333333333,0.4955,0.900166666666667,0,0,0,0.972666666666667,0.999,0.999666666666667,60900
0.0931666666666667,0.487,0.897333333333333,0,0,0,0.972166666666667,0.999,0.999666666666667,61000
0.0913333333333333,0.479333333333333,0.894166666666667,0,0,0,0.971,0.999,0.999666666666667,61100
0.0888333333333333,0.47,0.889166666666667,0,0,0,0.9705,0.999,0.999666666666667,61200
0.0856666666666667,0.461166666666667,0.8855,0,0,0,0.970666666666667,0.999,0.999666666666667,61300
0.084,0.452333333333333,0.880833333333333,0,0,0,0.970333333333333,0.999,0.999666666666667,61400
0.0823333333333333,0.444333333333333,0.875666666666667,0,0,0,0.97,0.999,0.999666666666667,61500
0.0801666666666667,0.438166666666667,0.870666666666667,0,0,0,0.969166666666667,0.998833333333333,0.999666666666667,61600
0.0785,0.430833333333333,0.864166666666667,0,0,0,0.9685,0.998833333333333,0.999666666666667,61700
0.0766666666666667,0.423166666666667,0.859,0,0,0,0.967666666666667,0.998833333333333,0.999666666666667,61800
0.0756666666666667,0.417,0.854,0,0,0,0.9675,0.998666666666667,0.999666666666667,61900
0.0736666666666667,0.409166666666667,0.848833333333333,0,0,0,0.966833333333333,0.998666666666667,0.999666666666667,62000
0.0723333333333333,0.402333333333333,0.843,0,0,0,0.966333333333333,0.998666666666667,0.999666666666667,62100
0.0703333333333333,0.395333333333333,0.836833333333333,0,0,0,0.965833333333333,0.998666666666667,0.999666666666667,62200
0.0698333333333333,0.387166666666667,0.831333333333333,0,0,0,0.964833333333333,0.998666666666667,0.999666666666667,62300
0.0671666666666667,0.381,0.8255,0,0,0,0.964333333333333,0.9985,0.999666666666667,62400
0.066,0.372333333333333,0.821,0,0,0,0.963833333333333,0.9985,0.999666666666667,62500
0.064,0.364833333333333,0.813833333333333,0,0,0,0.963333333333333,0.9985,0.999666666666667,62600
0.0626666666666667,0.359166666666667,0.807166666666667,0,0,0,0.962333333333333,0.9985,0.999666666666667,62700
0.0615,0.351666666666667,0.8015,0,0,0,0.962333333333333,0.9985,0.999666666666667,62800
0.0595,0.346666666666667,0.796166666666667,0,0,0,0.961333333333333,0.9985,0.999666666666667,62900
0.0578333333333333,0.339,0.791333333333333,0,0,0,0.960833333333333,0.9985,0.999666666666667,63000
0.056,0.332833333333333,0.784833333333333,0,0,0,0.959833333333333,0.9985,0.999666666666667,63100
0.055,0.327,0.776666666666667,0,0,0,0.9585,0.998333333333333,0.999666666666667,63200
0.0523333333333333,0.319833333333333,0.769833333333333,0,0,0,0.957,0.998166666666667,0.999666666666667,63300
0.0513333333333333,0.3125,0.764666666666667,0,0,0,0.955666666666667,0.998166666666667,0.999666666666667,63400
0.05,0.3065,0.757333333333333,0,0,0,0.953666666666667,0.998166666666667,0.999666666666667,63500
0.0493333333333333,0.3005,0.749666666666667,0,0,0,0.953166666666667,0.998166666666667,0.999666666666667,63600
0.0485,0.294666666666667,0.742,0,0,0,0.952166666666667,0.998166666666667,0.999666666666667,63700
0.047,0.288166666666667,0.734166666666667,0,0,0,0.951,0.998,0.999666666666667,63800
0.0453333333333333,0.280833333333333,0.728333333333333,0,0,0,0.948666666666667,0.998,0.999666666666667,63900
0.0441666666666667,0.2755,0.721333333333333,0,0,0,0.947833333333333,0.997833333333333,0.999666666666667,64000
0.0436666666666667,0.27,0.713833333333333,0,0,0,0.947166666666667,0.997833333333333,0.9995,64100
0.0421666666666667,0.267333333333333,0.707666666666667,0,0,0,0.9455,0.997833333333333,0.9995,64200
0.0416666666666667,0.2615,0.702,0,0,0,0.944666666666667,0.997833333333333,0.9995,64300
0.041,0.257,0.696333333333333,0,0,0,0.943833333333333,0.997833333333333,0.9995,64400
0.0403333333333333,0.2525,0.688,0,0,0,0.942333333333333,0.997666666666667,0.9995,64500
0.039,0.245833333333333,0.678666666666667,0,0,0,0.9415,0.997333333333333,0.9995,64600
0.0383333333333333,0.240833333333333,0.672833333333333,0,0,0,0.940666666666667,0.997333333333333,0.9995,64700
0.0375,0.236333333333333,0.666666666666667,0,0,0,0.939666666666667,0.997333333333333,0.9995,64800
0.0368333333333333,0.230666666666667,0.66,0,0,0,0.9385,0.997,0.9995,64900
0.036,0.226333333333333,0.6525,0,0,0,0.9375,0.997,0.9995,65000
0.0358333333333333,0.220333333333333,0.646,0,0,0,0.935166666666667,0.997,0.9995,65100
0.0348333333333333,0.217333333333333,0.639333333333333,0,0,0,0.933166666666667,0.997,0.999666666666667,65200
0.0338333333333333,0.213833333333333,0.632,0,0,0,0.931166666666667,0.996666666666667,0.999666666666667,65300
0.0323333333333333,0.209666666666667,0.624,0,0,0,0.9305,0.996666666666667,0.999666666666667,65400
0.0318333333333333,0.206166666666667,0.618333333333333,0,0,0,0.9305,0.996666666666667,0.999666666666667,65500
0.0308333333333333,0.200333333333333,0.6105,0,0,0,0.929166666666667,0.9965,0.999666666666667,65600
0.0303333333333333,0.196666666666667,0.603833333333333,0,0,0,0.927,0.9965,0.999666666666667,65700
0.0303333333333333,0.192333333333333,0.595833333333333,0,0,0,0.926333333333333,0.9965,0.999666666666667,65800
0.0295,0.1885,0.587666666666667,0,0,0,0.924833333333333,0.996,0.999666666666667,65900
0.0288333333333333,0.185166666666667,0.578833333333333,0,0,0,0.923166666666667,0.996,0.999666666666667,66000
0.0283333333333333,0.1815,0.569166666666667,0,0,0,0.9215,0.996,0.999666666666667,66100
0.0276666666666667,0.1785,0.562666666666667,0,0,0,0.919333333333333,0.995666666666667,0.999666666666667,66200
0.0265,0.1745,0.555333333333333,0,0,0,0.9185,0.995666666666667,0.999666666666667,66300
0.0261666666666667,0.1725,0.5485,0,0,0,0.9165,0.995666666666667,0.999666666666667,66400
0.0256666666666667,0.169,0.541166666666667,0,0,0,0.9145,0.995166666666667,0.999666666666667,66500
0.0253333333333333,0.164833333333333,0.534166666666667,0,0,0,0.913,0.995,0.999666666666667,66600
0.0246666666666667,0.1605,0.526833333333333,0,0,0,0.911333333333333,0.995,0.999666666666667,66700
0.0243333333333333,0.156833333333333,0.522,0,0,0,0.909333333333333,0.995,0.999666666666667,66800
0.0236666666666667,0.153166666666667,0.5145,0,0,0,0.907333333333333,0.995,0.999666666666667,66900
0.0226666666666667,0.149666666666667,0.507166666666667,0,0,0,0.906166666666667,0.994666666666667,0.999666666666667,67000
0.022,0.146833333333333,0.498,0,0,0,0.904,0.994666666666667,0.999666666666667,67100
0.0213333333333333,0.143166666666667,0.490666666666667,0,0,0,0.903,0.994333333333333,0.999666666666667,67200
0.0203333333333333,0.14,0.481333333333333,0,0,0,0.901833333333333,0.994333333333333,0.999666666666667,67300
0.019,0.138833333333333,0.4745,0,0,0,0.9,0.994333333333333,0.999666666666667,67400
0.019,0.135833333333333,0.465166666666667,0,0,0,0.8985,0.993833333333333,0.999666666666667,67500
0.019,0.133833333333333,0.4575,0,0,0,0.897,0.9935,0.999666666666667,67600
0.0186666666666667,0.130666666666667,0.449666666666667,0,0,0,0.894833333333333,0.993166666666667,0.999666666666667,67700
0.0181666666666667,0.128666666666667,0.443166666666667,0,0,0,0.893333333333333,0.992833333333333,0.999666666666667,67800
0.0178333333333333,0.124666666666667,0.436333333333333,0,0,0,0.8915,0.992666666666667,0.999666666666667,67900
0.0176666666666667,0.121833333333333,0.4295,0,0,0,0.889333333333333,0.9925,0.999666666666667,68000
0.017,0.119666666666667,0.423333333333333,0,0,0,0.886666666666667,0.9925,0.999666666666667,68100
0.0166666666666667,0.116833333333333,0.416166666666667,0,0,0,0.884833333333333,0.9925,0.999666666666667,68200
0.0165,0.114833333333333,0.41,0,0,0,0.8825,0.9925,0.999666666666667,68300
0.0161666666666667,0.1115,0.4025,0,0,0,0.879666666666667,0.992166666666667,0.999666666666667,68400
0.0156666666666667,0.109166666666667,0.396166666666667,0,0,0,0.877166666666667,0.991833333333333,0.999666666666667,68500
0.015,0.107333333333333,0.3895,0,0,0,0.876333333333333,0.991333333333333,0.999666666666667,68600
0.0146666666666667,0.1045,0.383,0,0,0,0.873666666666667,0.991,0.999666666666667,68700
0.0141666666666667,0.102,0.375,0,0,0,0.871333333333333,0.990833333333333,0.999666666666667,68800
0.014,0.100666666666667,0.3685,0,0,0,0.869333333333333,0.990666666666667,0.9995,68900
0.013,0.098,0.362333333333333,0,0,0,0.8665,0.9905,0.9995,69000
0.0126666666666667,0.0961666666666667,0.354666666666667,0,0,0,0.864,0.990166666666667,0.9995,69100
0.0125,0.0943333333333333,0.348333333333333,0,0,0,0.862166666666667,0.99,0.9995,69200
0.0123333333333333,0.0928333333333333,0.343666666666667,0,0,0,0.8595,0.9895,0.9995,69300
0.0123333333333333,0.091,0.339333333333333,0,0,0,0.856166666666667,0.989,0.9995,69400
0.0118333333333333,0.0885,0.332,0,0,0,0.853166666666667,0.988833333333333,0.9995,69500
0.0118333333333333,0.0861666666666667,0.327,0,0,0,0.85,0.9885,0.9995,69600
0.0118333333333333,0.0848333333333333,0.319666666666667,0,0,0,0.847833333333333,0.988333333333333,0.9995,69700
0.0116666666666667,0.0833333333333333,0.3145,0,0,0,0.845166666666667,0.988166666666667,0.9995,69800
0.0113333333333333,0.0815,0.309333333333333,0,0,0,0.842833333333333,0.987833333333333,0.999333333333333,69900
0.0111666666666667,0.0796666666666667,0.301166666666667,0,0,0,0.840333333333333,0.9875,0.9995,70000
0.0106666666666667,0.0771666666666667,0.295333333333333,0,0,0,0.838,0.9875,0.9995,70100
0.0105,0.0763333333333333,0.289833333333333,0,0,0,0.8355,0.987333333333333,0.9995,70200
0.0105,0.075,0.283833333333333,0,0,0,0.833166666666667,0.987,0.9995,70300
0.0105,0.073,0.278333333333333,0,0,0,0.831,0.986666666666667,0.9995,70400
0.0105,0.0721666666666667,0.273333333333333,0,0,0,0.828833333333333,0.986333333333333,0.9995,70500
0.0101666666666667,0.0708333333333333,0.268833333333333,0,0,0,0.826333333333333,0.986,0.9995,70600
0.01,0.0686666666666667,0.262833333333333,0,0,0,0.822166666666667,0.9855,0.9995,70700
0.00966666666666667,0.0675,0.259166666666667,0,0,0,0.819333333333333,0.985333333333333,0.999333333333333,70800
0.0095,0.0665,0.255333333333333,0,0,0,0.817166666666667,0.985333333333333,0.999333333333333,70900
0.00916666666666667,0.0646666666666667,0.2495,0,0,0,0.813833333333333,0.985,0.999333333333333,71000
0.009,0.064,0.245166666666667,0,0,0,0.811333333333333,0.984333333333333,0.999166666666667,71100
0.00866666666666667,0.0623333333333333,0.241833333333333,0,0,0,0.8095,0.983833333333333,0.999166666666667,71200
0.00866666666666667,0.061,0.237,0,0,0,0.807,0.983166666666667,0.999166666666667,71300
0.00866666666666667,0.0586666666666667,0.231333333333333,0,0,0,0.805333333333333,0.983166666666667,0.999166666666667,71400
0.00866666666666667,0.057,0.227,0,0,0,0.803333333333333,0.982666666666667,0.999166666666667,71500
0.00833333333333333,0.0556666666666667,0.222,0,0,0,0.801,0.981666666666667,0.999166666666667,71600
0.00833333333333333,0.0545,0.2185,0,0,0,0.799666666666667,0.980833333333333,0.999166666666667,71700
0.00816666666666667,0.0523333333333333,0.213833333333333,0,0,0,0.796166666666667,0.980333333333333,0.999,71800
0.00783333333333333,0.051,0.210166666666667,0,0,0,0.793666666666667,0.979833333333333,0.999,71900
0.00783333333333333,0.05,0.206833333333333,0,0,0,0.792166666666667,0.979166666666667,0.999,72000
0.00766666666666667,0.0493333333333333,0.202166666666667,0,0,0,0.788333333333333,0.9785,0.999,72100
0.0075,0.0486666666666667,0.197666666666667,0,0,0,0.785833333333333,0.978333333333333,0.999,72200
0.0075,0.0476666666666667,0.194166666666667,0,0,0,0.783333333333333,0.977833333333333,0.999,72300
0.0075,0.046,0.1905,0,0,0,0.780833333333333,0.977,0.999,72400
0.00733333333333333,0.045,0.186166666666667,0,0,0,0.777833333333333,0.9765,0.999,72500
0.00733333333333333,0.0443333333333333,0.182666666666667,0,0,0,0.7755,0.975833333333333,0.999,72600
0.00733333333333333,0.0431666666666667,0.179333333333333,0,0,0,0.772,0.975333333333333,0.998833333333333,72700
0.00733333333333333,0.0421666666666667,0.176666666666667,0,0,0,0.769166666666667,0.974666666666667,0.998666666666667,72800
0.00733333333333333,0.0418333333333333,0.173833333333333,0,0,0,0.765666666666667,0.974,0.998666666666667,72900
0.00733333333333333,0.041,0.171166666666667,0,0,0,0.763166666666667,0.974,0.998666666666667,73000
0.00716666666666667,0.0405,0.167666666666667,0,0,0,0.759833333333333,0.9735,0.998666666666667,73100
0.00716666666666667,0.0398333333333333,0.164166666666667,0,0,0,0.756666666666667,0.973333333333333,0.998666666666667,73200
0.00666666666666667,0.0386666666666667,0.160166666666667,0,0,0,0.754,0.973,0.998666666666667,73300
0.00666666666666667,0.0378333333333333,0.157833333333333,0,0,0,0.750833333333333,0.972,0.9985,73400
0.00666666666666667,0.0375,0.153833333333333,0,0,0,0.746166666666667,0.971333333333333,0.9985,73500
0.00666666666666667,0.037,0.15,0,0,0,0.7435,0.970666666666667,0.998333333333333,73600
0.00666666666666667,0.036,0.147833333333333,0,0,0,0.740333333333333,0.9705,0.998333333333333,73700
0.0065,0.0353333333333333,0.144666666666667,0,0,0,0.736833333333333,0.969833333333333,0.998333333333333,73800
0.0065,0.0351666666666667,0.143,0,0,0,0.734666666666667,0.969166666666667,0.998333333333333,73900
0.00616666666666667,0.0341666666666667,0.141,0,0,0,0.731333333333333,0.968666666666667,0.998333333333333,74000
0.00583333333333333,0.0338333333333333,0.137333333333333,0,0,0,0.728666666666667,0.967833333333333,0.998333333333333,74100
0.00583333333333333,0.0323333333333333,0.133666666666667,0,0,0,0.726,0.967166666666667,0.997833333333333,74200
0.00566666666666667,0.0311666666666667,0.130666666666667,0,0,0,0.724166666666667,0.966666666666667,0.997833333333333,74300
0.0055,0.0305,0.128833333333333,0,0,0,0.720666666666667,0.966166666666667,0.997833333333333,74400
0.0055,0.0305,0.127333333333333,0,0,0,0.717,0.965833333333333,0.997833333333333,74500
0.00533333333333333,0.0298333333333333,0.124666666666667,0,0,0,0.7135,0.9655,0.9975,74600
0.005,0.0293333333333333,0.122166666666667,0,0,0,0.710833333333333,0.964333333333333,0.9975,74700
0.00483333333333333,0.0288333333333333,0.121166666666667,0,0,0,0.707666666666667,0.964166666666667,0.9975,74800
0.00466666666666667,0.0278333333333333,0.1175,0,0,0,0.704333333333333,0.9635,0.9975,74900
0.00433333333333333,0.0273333333333333,0.114833333333333,0,0,0,0.702,0.962666666666667,0.997333333333333,75000
0.004,0.0268333333333333,0.112,0,0,0,0.7,0.9625,0.997166666666667,75100
0.00383333333333333,0.0263333333333333,0.109666666666667,0,0,0,0.696666666666667,0.960833333333333,0.997166666666667,75200
0.0035,0.0261666666666667,0.107833333333333,0,0,0,0.693,0.959833333333333,0.997166666666667,75300
0.0035,0.0253333333333333,0.105666666666667,0,0,0,0.690333333333333,0.958833333333333,0.997,75400
0.0035,0.0248333333333333,0.103666666666667,0,0,0,0.687,0.957666666666667,0.996833333333333,75500
0.0035,0.0245,0.102,0,0,0,0.682666666666667,0.956,0.996833333333333,75600
0.0035,0.0233333333333333,0.0998333333333333,0,0,0,0.678666666666667,0.9555,0.996666666666667,75700
0.0035,0.0226666666666667,0.0975,0,0,0,0.676166666666667,0.954333333333333,0.996333333333333,75800
0.0035,0.0223333333333333,0.0951666666666667,0,0,0,0.673833333333333,0.953833333333333,0.996333333333333,75900
0.00333333333333333,0.0218333333333333,0.0936666666666667,0,0,0,0.670833333333333,0.9525,0.996333333333333,76000
0.00333333333333333,0.021,0.0921666666666667,0,0,0,0.667166666666667,0.950333333333333,0.996,76100
0.00316666666666667,0.0203333333333333,0.0906666666666667,0,0,0,0.6635,0.949666666666667,0.996,76200
0.00316666666666667,0.0196666666666667,0.0893333333333333,0,0,0,0.660666666666667,0.949,0.996,76300
0.00316666666666667,0.0193333333333333,0.0866666666666667,0,0,0,0.657333333333333,0.947833333333333,0.995666666666667,76400
0.00316666666666667,0.0191666666666667,0.0843333333333333,0,0,0,0.654,0.946833333333333,0.995333333333333,76500
0.00316666666666667,0.0185,0.083,0,0,0,0.651,0.945833333333333,0.995333333333333,76600
0.003,0.0178333333333333,0.0821666666666667,0,0,0,0.648333333333333,0.945333333333333,0.995333333333333,76700
0.003,0.0178333333333333,0.081,0,0,0,0.644333333333333,0.944,0.995333333333333,76800
0.003,0.0178333333333333,0.0791666666666667,0,0,0,0.641166666666667,0.943333333333333,0.995333333333333,76900
0.00283333333333333,0.0175,0.0775,0,0,0,0.636,0.942666666666667,0.995166666666667,77000
0.00283333333333333,0.017,0.0756666666666667,0,0,0,0.632,0.941666666666667,0.995,77100
0.00266666666666667,0.0166666666666667,0.0735,0,0,0,0.629,0.941,0.994833333333333,77200
0.00266666666666667,0.0161666666666667,0.073,0,0,0,0.626833333333333,0.939666666666667,0.994666666666667,77300
0.00266666666666667,0.0158333333333333,0.0716666666666667,0,0,0,0.6245,0.938833333333333,0.994666666666667,77400
0.0025,0.0155,0.0698333333333333,0,0,0,0.620833333333333,0.937166666666667,0.994666666666667,77500
0.0025,0.0153333333333333,0.0683333333333333,0,0,0,0.617833333333333,0.9355,0.994166666666667,77600
0.00233333333333333,0.0151666666666667,0.0673333333333333,0,0,0,0.615,0.9335,0.994,77700
0.00233333333333333,0.0148333333333333,0.0653333333333333,0,0,0,0.611833333333333,0.932,0.9935,77800
0.00233333333333333,0.0143333333333333,0.0646666666666667,0,0,0,0.609,0.931666666666667,0.993166666666667,77900
0.00216666666666667,0.0136666666666667,0.064,0,0,0,0.6055,0.9315,0.993,78000
0.00216666666666667,0.0135,0.0615,0,0,0,0.602166666666667,0.930333333333333,0.993,78100
0.00216666666666667,0.013,0.0596666666666667,0,0,0,0.598333333333333,0.9285,0.992833333333333,78200
0.00216666666666667,0.0125,0.0586666666666667,0,0,0,0.5955,0.927666666666667,0.992833333333333,78300
0.00216666666666667,0.0121666666666667,0.0578333333333333,0,0,0,0.591166666666667,0.926833333333333,0.992833333333333,78400
0.002,0.0118333333333333,0.0575,0,0,0,0.5885,0.925333333333333,0.992833333333333,78500
0.002,0.0118333333333333,0.055,0,0,0,0.586166666666667,0.923833333333333,0.992833333333333,78600
0.002,0.0116666666666667,0.0531666666666667,0,0,0,0.5835,0.922666666666667,0.992333333333333,78700
0.002,0.0115,0.0516666666666667,0,0,0,0.5805,0.921166666666667,0.991833333333333,78800
0.002,0.0115,0.0508333333333333,0,0,0,0.576666666666667,0.919666666666667,0.9915,78900
0.00183333333333333,0.0115,0.0496666666666667,0,0,0,0.574833333333333,0.918333333333333,0.991333333333333,79000
0.00183333333333333,0.0115,0.0485,0,0,0,0.571166666666667,0.916666666666667,0.991166666666667,79100
0.0015,0.0113333333333333,0.0476666666666667,0,0,0,0.568833333333333,0.915333333333333,0.991,79200
0.0015,0.011,0.047,0,0,0,0.566166666666667,0.914166666666667,0.990833333333333,79300
0.0015,0.011,0.046,0,0,0,0.562333333333333,0.912333333333333,0.9905,79400
0.0015,0.0108333333333333,0.0448333333333333,0,0,0,0.560166666666667,0.911,0.9905,79500
0.00133333333333333,0.0105,0.0445,0,0,0,0.557333333333333,0.909166666666667,0.990166666666667,79600
0.00133333333333333,0.0103333333333333,0.0435,0,0,0,0.554166666666667,0.907833333333333,0.989833333333333,79700
0.00133333333333333,0.0103333333333333,0.0425,0,0,0,0.551333333333333,0.906833333333333,0.989333333333333,79800
0.00133333333333333,0.01,0.0418333333333333,0,0,0,0.5485,0.904833333333333,0.989166666666667,79900
0.00116666666666667,0.00983333333333333,0.041,0,0,0,0.5455,0.904,0.988833333333333,80000
0.00116666666666667,0.0095,0.0405,0,0,0,0.542,0.903333333333333,0.988833333333333,80100
0.00116666666666667,0.0095,0.0401666666666667,0,0,0,0.5385,0.901833333333333,0.9885,80200
0.00116666666666667,0.00916666666666667,0.0393333333333333,0,0,0,0.535,0.900166666666667,0.988166666666667,80300
0.00116666666666667,0.00883333333333333,0.0383333333333333,0,0,0,0.531666666666667,0.898833333333333,0.987833333333333,80400
0.00116666666666667,0.0085,0.038,0,0,0,0.528,0.897833333333333,0.987833333333333,80500
0.00116666666666667,0.0085,0.0371666666666667,0,0,0,0.525,0.895666666666667,0.987833333333333,80600
0.00116666666666667,0.0085,0.0366666666666667,0,0,0,0.522166666666667,0.894333333333333,0.987666666666667,80700
0.00116666666666667,0.0085,0.036,0,0,0,0.519333333333333,0.893166666666667,0.987333333333333,80800
0.00116666666666667,0.0085,0.0358333333333333,0,0,0,0.515833333333333,0.891666666666667,0.987,80900
0.00116666666666667,0.0085,0.0345,0,0,0,0.511833333333333,0.889833333333333,0.986833333333333,81000
0.00116666666666667,0.00833333333333333,0.0336666666666667,0,0,0,0.507833333333333,0.887166666666667,0.9865,81100
0.00116666666666667,0.00766666666666667,0.0328333333333333,0,0,0,0.504666666666667,0.8855,0.986333333333333,81200
0.00116666666666667,0.00766666666666667,0.0321666666666667,0,0,0,0.499833333333333,0.8835,0.985833333333333,81300
0.00116666666666667,0.0075,0.0315,0,0,0,0.497166666666667,0.881333333333333,0.985666666666667,81400
0.00116666666666667,0.0075,0.0311666666666667,0,0,0,0.493166666666667,0.8795,0.985666666666667,81500
0.00116666666666667,0.0075,0.031,0,0,0,0.4915,0.877666666666667,0.985666666666667,81600
0.00116666666666667,0.0075,0.0303333333333333,0,0,0,0.489333333333333,0.876833333333333,0.984666666666667,81700
0.00116666666666667,0.00733333333333333,0.0296666666666667,0,0,0,0.486333333333333,0.874666666666667,0.984333333333333,81800
0.00116666666666667,0.00733333333333333,0.029,0,0,0,0.482333333333333,0.872,0.983833333333333,81900
0.00116666666666667,0.00733333333333333,0.0283333333333333,0,0,0,0.4785,0.8715,0.9835,82000
0.00116666666666667,0.00733333333333333,0.028,0,0,0,0.4745,0.8685,0.9835,82100
0.00116666666666667,0.00733333333333333,0.0276666666666667,0,0,0,0.471833333333333,0.867,0.983,82200
0.001,0.00733333333333333,0.0271666666666667,0,0,0,0.469,0.864666666666667,0.982,82300
0.000833333333333333,0.00733333333333333,0.0263333333333333,0,0,0,0.466333333333333,0.863,0.981666666666667,82400
0.000833333333333333,0.00716666666666667,0.026,0,0,0,0.4625,0.861333333333333,0.981,82500
0.000833333333333333,0.00716666666666667,0.025,0,0,0,0.459,0.858333333333333,0.980666666666667,82600
0.000833333333333333,0.007,0.0241666666666667,0,0,0,0.4555,0.855,0.979833333333333,82700
0.000833333333333333,0.00683333333333333,0.0241666666666667,0,0,0,0.452666666666667,0.852833333333333,0.979333333333333,82800
0.000833333333333333,0.00666666666666667,0.0233333333333333,0,0,0,0.4505,0.850666666666667,0.978833333333333,82900
0.000833333333333333,0.00666666666666667,0.0221666666666667,0,0,0,0.449,0.848833333333333,0.978666666666667,83000
0.000833333333333333,0.00666666666666667,0.0216666666666667,0,0,0,0.4465,0.8465,0.978166666666667,83100
0.000833333333333333,0.00666666666666667,0.0211666666666667,0,0,0,0.443,0.8445,0.977333333333333,83200
0.000833333333333333,0.0065,0.0206666666666667,0,0,0,0.440166666666667,0.842666666666667,0.977,83300
0.000833333333333333,0.0065,0.0206666666666667,0,0,0,0.436833333333333,0.840666666666667,0.9765,83400
0.000833333333333333,0.00633333333333333,0.0201666666666667,0,0,0,0.433833333333333,0.8385,0.976166666666667,83500
0.000833333333333333,0.006,0.02,0,0,0,0.430833333333333,0.836166666666667,0.975166666666667,83600
0.000833333333333333,0.006,0.0196666666666667,0,0,0,0.4285,0.834,0.975,83700
0.000833333333333333,0.00583333333333333,0.019,0,0,0,0.425166666666667,0.833,0.974333333333333,83800
0.000833333333333333,0.00566666666666667,0.0185,0,0,0,0.422,0.830666666666667,0.974333333333333,83900
0.000833333333333333,0.0055,0.0181666666666667,0,0,0,0.419666666666667,0.828666666666667,0.974,84000
0.000833333333333333,0.00516666666666667,0.0178333333333333,0,0,0,0.417666666666667,0.826166666666667,0.973666666666667,84100
0.000833333333333333,0.005,0.0171666666666667,0,0,0,0.415333333333333,0.823,0.9735,84200
0.000833333333333333,0.00483333333333333,0.0171666666666667,0,0,0,0.413666666666667,0.820333333333333,0.972833333333333,84300
0.000833333333333333,0.00466666666666667,0.0168333333333333,0,0,0,0.412,0.818666666666667,0.972166666666667,84400
0.000833333333333333,0.0045,0.0163333333333333,0,0,0,0.41,0.816333333333333,0.971666666666667,84500
0.000833333333333333,0.00433333333333333,0.0163333333333333,0,0,0,0.407333333333333,0.813833333333333,0.971,84600
0.000833333333333333,0.00416666666666667,0.016,0,0,0,0.4045,0.8115,0.971,84700
0.000833333333333333,0.00416666666666667,0.0158333333333333,0,0,0,0.401666666666667,0.810166666666667,0.970166666666667,84800
0.000833333333333333,0.00416666666666667,0.0153333333333333,0,0,0,0.398833333333333,0.808166666666667,0.969833333333333,84900
0.000833333333333333,0.004,0.0148333333333333,0,0,0,0.3965,0.8065,0.969333333333333,85000
0.000833333333333333,0.004,0.0146666666666667,0,0,0,0.394,0.804833333333333,0.969,85100
0.000833333333333333,0.00366666666666667,0.0143333333333333,0,0,0,0.3905,0.803166666666667,0.968,85200
0.000666666666666667,0.00366666666666667,0.0141666666666667,0,0,0,0.387833333333333,0.801666666666667,0.9675,85300
0.000666666666666667,0.0035,0.0138333333333333,0,0,0,0.384666666666667,0.800166666666667,0.967,85400
0.000666666666666667,0.0035,0.0136666666666667,0,0,0,0.382,0.797,0.967,85500
0.000666666666666667,0.0035,0.0135,0,0,0,0.378333333333333,0.7945,0.966166666666667,85600
0.000666666666666667,0.0035,0.013,0,0,0,0.375166666666667,0.793333333333333,0.965833333333333,85700
0.000666666666666667,0.00333333333333333,0.0125,0,0,0,0.3725,0.791666666666667,0.965333333333333,85800
0.000666666666666667,0.00333333333333333,0.012,0,0,0,0.369833333333333,0.788666666666667,0.964666666666667,85900
0.000666666666666667,0.00333333333333333,0.0118333333333333,0,0,0,0.367833333333333,0.786333333333333,0.9645,86000
5e-04,0.00333333333333333,0.0118333333333333,0,0,0,0.364333333333333,0.784333333333333,0.963833333333333,86100
5e-04,0.00316666666666667,0.0118333333333333,0,0,0,0.363666666666667,0.782333333333333,0.963166666666667,86200
5e-04,0.00316666666666667,0.0116666666666667,0,0,0,0.361,0.7795,0.962833333333333,86300
5e-04,0.003,0.0115,0,0,0,0.358,0.7775,0.961833333333333,86400
5e-04,0.003,0.0113333333333333,0,0,0,0.356166666666667,0.775166666666667,0.960833333333333,86500
5e-04,0.003,0.0113333333333333,0,0,0,0.3535,0.772,0.959833333333333,86600
5e-04,0.003,0.0113333333333333,0,0,0,0.352166666666667,0.769833333333333,0.958666666666667,86700
5e-04,0.003,0.0111666666666667,0,0,0,0.349166666666667,0.7665,0.958,86800
5e-04,0.00283333333333333,0.0108333333333333,0,0,0,0.347333333333333,0.764166666666667,0.956333333333333,86900
5e-04,0.00283333333333333,0.0108333333333333,0,0,0,0.344833333333333,0.762,0.955833333333333,87000
5e-04,0.00283333333333333,0.0106666666666667,0,0,0,0.342833333333333,0.759,0.955,87100
5e-04,0.00266666666666667,0.0106666666666667,0,0,0,0.341,0.7565,0.9545,87200
5e-04,0.00266666666666667,0.01,0,0,0,0.338,0.754333333333333,0.954,87300
5e-04,0.00266666666666667,0.00983333333333333,0,0,0,0.335833333333333,0.7515,0.952166666666667,87400
5e-04,0.00266666666666667,0.00966666666666667,0,0,0,0.333666666666667,0.748166666666667,0.950666666666667,87500
5e-04,0.00266666666666667,0.00966666666666667,0,0,0,0.331,0.744833333333333,0.95,87600
5e-04,0.0025,0.00966666666666667,0,0,0,0.328166666666667,0.742,0.9495,87700
5e-04,0.0025,0.009,0,0,0,0.324833333333333,0.739666666666667,0.948666666666667,87800
5e-04,0.00233333333333333,0.009,0,0,0,0.322166666666667,0.737166666666667,0.9475,87900
5e-04,0.00233333333333333,0.00883333333333333,0,0,0,0.319833333333333,0.735166666666667,0.947,88000
5e-04,0.00216666666666667,0.0085,0,0,0,0.316,0.733,0.945833333333333,88100
5e-04,0.00216666666666667,0.0085,0,0,0,0.314333333333333,0.7305,0.945166666666667,88200
5e-04,0.00216666666666667,0.0085,0,0,0,0.312833333333333,0.727833333333333,0.944333333333333,88300
5e-04,0.00216666666666667,0.00833333333333333,0,0,0,0.310333333333333,0.726333333333333,0.943666666666667,88400
5e-04,0.00216666666666667,0.00816666666666667,0,0,0,0.307333333333333,0.724666666666667,0.943166666666667,88500
5e-04,0.002,0.00783333333333333,0,0,0,0.304666666666667,0.721666666666667,0.942333333333333,88600
5e-04,0.002,0.00783333333333333,0,0,0,0.302333333333333,0.718333333333333,0.9415,88700
5e-04,0.002,0.00783333333333333,0,0,0,0.3005,0.714833333333333,0.9405,88800
5e-04,0.00183333333333333,0.00783333333333333,0,0,0,0.297666666666667,0.712333333333333,0.939833333333333,88900
5e-04,0.00183333333333333,0.00766666666666667,0,0,0,0.296333333333333,0.709166666666667,0.939,89000
5e-04,0.00183333333333333,0.00766666666666667,0,0,0,0.294666666666667,0.707833333333333,0.9375,89100
5e-04,0.00183333333333333,0.00766666666666667,0,0,0,0.292833333333333,0.704833333333333,0.936,89200
5e-04,0.00166666666666667,0.00766666666666667,0,0,0,0.291666666666667,0.702833333333333,0.934333333333333,89300
5e-04,0.0015,0.00733333333333333,0,0,0,0.289,0.701,0.932666666666667,89400
5e-04,0.0015,0.00733333333333333,0,0,0,0.288,0.699333333333333,0.932,89500
5e-04,0.0015,0.00733333333333333,0,0,0,0.285,0.695666666666667,0.932,89600
5e-04,0.00133333333333333,0.00733333333333333,0,0,0,0.282666666666667,0.693166666666667,0.9315,89700
5e-04,0.00133333333333333,0.00733333333333333,0,0,0,0.281,0.690833333333333,0.930666666666667,89800
5e-04,0.00133333333333333,0.00733333333333333,0,0,0,0.279333333333333,0.687833333333333,0.928833333333333,89900
5e-04,0.00133333333333333,0.00733333333333333,0,0,0,0.2765,0.685166666666667,0.928166666666667,90000
5e-04,0.00133333333333333,0.00716666666666667,0,0,0,0.274666666666667,0.680666666666667,0.927333333333333,90100
5e-04,0.00133333333333333,0.00716666666666667,0,0,0,0.272833333333333,0.6785,0.926333333333333,90200
5e-04,0.00133333333333333,0.007,0,0,0,0.270166666666667,0.676166666666667,0.924833333333333,90300
5e-04,0.00116666666666667,0.00683333333333333,0,0,0,0.268833333333333,0.674333333333333,0.923833333333333,90400
5e-04,0.00116666666666667,0.00683333333333333,0,0,0,0.267,0.671833333333333,0.922833333333333,90500
5e-04,0.00116666666666667,0.00683333333333333,0,0,0,0.265166666666667,0.668666666666667,0.921166666666667,90600
5e-04,0.00116666666666667,0.00666666666666667,0,0,0,0.261833333333333,0.6655,0.92,90700
5e-04,0.00116666666666667,0.00666666666666667,0,0,0,0.259666666666667,0.6625,0.919,90800
5e-04,0.00116666666666667,0.0065,0,0,0,0.257833333333333,0.6605,0.9175,90900
5e-04,0.00116666666666667,0.00633333333333333,0,0,0,0.255333333333333,0.657833333333333,0.9165,91000
5e-04,0.00116666666666667,0.00616666666666667,0,0,0,0.253333333333333,0.654833333333333,0.915,91100
5e-04,0.00116666666666667,0.00616666666666667,0,0,0,0.251833333333333,0.652833333333333,0.914,91200
5e-04,0.00116666666666667,0.006,0,0,0,0.250166666666667,0.650333333333333,0.912333333333333,91300
5e-04,0.00116666666666667,0.00583333333333333,0,0,0,0.248333333333333,0.647,0.911,91400
5e-04,0.00116666666666667,0.00583333333333333,0,0,0,0.246833333333333,0.6445,0.9095,91500
5e-04,0.00116666666666667,0.00583333333333333,0,0,0,0.2455,0.641333333333333,0.908333333333333,91600
0.000333333333333333,0.00116666666666667,0.00583333333333333,0,0,0,0.244333333333333,0.636833333333333,0.9075,91700
0.000333333333333333,0.00116666666666667,0.00516666666666667,0,0,0,0.242833333333333,0.633833333333333,0.905833333333333,91800
0.000333333333333333,0.00116666666666667,0.00516666666666667,0,0,0,0.241333333333333,0.6305,0.904833333333333,91900
0.000333333333333333,0.00116666666666667,0.00483333333333333,0,0,0,0.240166666666667,0.629,0.904,92000
0.000333333333333333,0.00116666666666667,0.00466666666666667,0,0,0,0.238833333333333,0.626,0.9035,92100
0.000333333333333333,0.00116666666666667,0.00466666666666667,0,0,0,0.236666666666667,0.625,0.902166666666667,92200
0.000333333333333333,0.00116666666666667,0.0045,0,0,0,0.234,0.621333333333333,0.900666666666667,92300
0.000333333333333333,0.00116666666666667,0.00416666666666667,0,0,0,0.2325,0.619,0.899666666666667,92400
0.000333333333333333,0.00116666666666667,0.00416666666666667,0,0,0,0.230666666666667,0.616333333333333,0.8985,92500
0.000333333333333333,0.00116666666666667,0.00416666666666667,0,0,0,0.229166666666667,0.614333333333333,0.897166666666667,92600
0.000333333333333333,0.00116666666666667,0.00416666666666667,0,0,0,0.227,0.611166666666667,0.895666666666667,92700
0.000333333333333333,0.001,0.00416666666666667,0,0,0,0.224666666666667,0.609,0.894333333333333,92800
0.000333333333333333,0.001,0.00416666666666667,0,0,0,0.222,0.605833333333333,0.8935,92900
0.000333333333333333,0.000833333333333333,0.00416666666666667,0,0,0,0.219666666666667,0.602666666666667,0.892,93000
0.000333333333333333,0.000833333333333333,0.00383333333333333,0,0,0,0.218,0.600166666666667,0.890166666666667,93100
0.000333333333333333,0.000833333333333333,0.00383333333333333,0,0,0,0.216166666666667,0.596833333333333,0.888166666666667,93200
0.000333333333333333,0.000833333333333333,0.00383333333333333,0,0,0,0.215833333333333,0.594166666666667,0.886833333333333,93300
0.000333333333333333,0.000833333333333333,0.00383333333333333,0,0,0,0.214,0.591333333333333,0.884666666666667,93400
0.000333333333333333,0.000833333333333333,0.00366666666666667,0,0,0,0.212833333333333,0.588833333333333,0.883666666666667,93500
0.000333333333333333,0.000833333333333333,0.0035,0,0,0,0.211166666666667,0.587166666666667,0.8815,93600
0.000333333333333333,0.000833333333333333,0.00333333333333333,0,0,0,0.21,0.5845,0.879833333333333,93700
0.000333333333333333,0.000833333333333333,0.00333333333333333,0,0,0,0.207666666666667,0.581666666666667,0.878,93800
0.000333333333333333,0.000833333333333333,0.00333333333333333,0,0,0,0.206333333333333,0.579666666666667,0.8775,93900
0.000333333333333333,0.000833333333333333,0.00333333333333333,0,0,0,0.204666666666667,0.577166666666667,0.875666666666667,94000
0.000333333333333333,0.000833333333333333,0.00333333333333333,0,0,0,0.203166666666667,0.575166666666667,0.873833333333333,94100
0.000333333333333333,0.000833333333333333,0.00333333333333333,0,0,0,0.201333333333333,0.572,0.872166666666667,94200
0.000333333333333333,0.000833333333333333,0.00316666666666667,0,0,0,0.199666666666667,0.569833333333333,0.871,94300
0.000333333333333333,0.000833333333333333,0.003,0,0,0,0.198333333333333,0.567333333333333,0.8685,94400
0.000333333333333333,0.000833333333333333,0.003,0,0,0,0.197666666666667,0.566166666666667,0.867166666666667,94500
0.000333333333333333,0.000833333333333333,0.003,0,0,0,0.195333333333333,0.561833333333333,0.865333333333333,94600
0.000333333333333333,0.000833333333333333,0.003,0,0,0,0.194666666666667,0.560166666666667,0.863166666666667,94700
0.000333333333333333,0.000833333333333333,0.00283333333333333,0,0,0,0.193166666666667,0.558,0.8625,94800
0.000333333333333333,0.000833333333333333,0.00283333333333333,0,0,0,0.191666666666667,0.555,0.859666666666667,94900
0.000333333333333333,0.000833333333333333,0.00283333333333333,0,0,0,0.189333333333333,0.5535,0.857333333333333,95000
0.000333333333333333,0.000833333333333333,0.00283333333333333,0,0,0,0.188166666666667,0.550333333333333,0.854833333333333,95100
0.000333333333333333,0.000833333333333333,0.00266666666666667,0,0,0,0.187333333333333,0.548166666666667,0.852666666666667,95200
0.000333333333333333,0.000833333333333333,0.00266666666666667,0,0,0,0.185666666666667,0.545333333333333,0.850833333333333,95300
0.000333333333333333,0.000833333333333333,0.00266666666666667,0,0,0,0.183666666666667,0.5425,0.8495,95400
0.000333333333333333,0.000833333333333333,0.00266666666666667,0,0,0,0.182,0.539833333333333,0.8475,95500
0.000333333333333333,0.000833333333333333,0.00266666666666667,0,0,0,0.181166666666667,0.537166666666667,0.845333333333333,95600
0.000333333333333333,0.000833333333333333,0.0025,0,0,0,0.180166666666667,0.533166666666667,0.843666666666667,95700
0.000333333333333333,0.000833333333333333,0.0025,0,0,0,0.1785,0.5305,0.842,95800
0.000333333333333333,0.000833333333333333,0.0025,0,0,0,0.176833333333333,0.528,0.8405,95900
0.000333333333333333,0.000833333333333333,0.0025,0,0,0,0.176,0.5255,0.8385,96000
0.000333333333333333,0.000833333333333333,0.0025,0,0,0,0.175,0.523166666666667,0.8365,96100
0.000333333333333333,0.000666666666666667,0.0025,0,0,0,0.174,0.5205,0.834666666666667,96200
0.000333333333333333,0.000666666666666667,0.00216666666666667,0,0,0,0.173,0.5185,0.833666666666667,96300
0.000333333333333333,0.000666666666666667,0.00216666666666667,0,0,0,0.171166666666667,0.514666666666667,0.831833333333333,96400
0.000333333333333333,0.000666666666666667,0.00216666666666667,0,0,0,0.1705,0.511666666666667,0.829833333333333,96500
0.000333333333333333,0.000666666666666667,0.00216666666666667,0,0,0,0.168166666666667,0.507666666666667,0.828333333333333,96600
0.000333333333333333,0.000666666666666667,0.002,0,0,0,0.167166666666667,0.505333333333333,0.826166666666667,96700
0.000333333333333333,0.000666666666666667,0.002,0,0,0,0.165333333333333,0.502333333333333,0.823166666666667,96800
0.000333333333333333,0.000666666666666667,0.00183333333333333,0,0,0,0.164166666666667,0.498166666666667,0.820833333333333,96900
0.000333333333333333,0.000666666666666667,0.00183333333333333,0,0,0,0.162166666666667,0.496166666666667,0.819166666666667,97000
0.000333333333333333,0.000666666666666667,0.00183333333333333,0,0,0,0.161166666666667,0.4935,0.817166666666667,97100
0.000333333333333333,0.000666666666666667,0.00183333333333333,0,0,0,0.159166666666667,0.491833333333333,0.815,97200
0.000333333333333333,5e-04,0.00183333333333333,0,0,0,0.1575,0.489833333333333,0.813,97300
0.000333333333333333,5e-04,0.00183333333333333,0,0,0,0.156833333333333,0.488333333333333,0.811333333333333,97400
0.000333333333333333,5e-04,0.00166666666666667,0,0,0,0.154666666666667,0.483833333333333,0.810333333333333,97500
0.000333333333333333,5e-04,0.00166666666666667,0,0,0,0.153166666666667,0.481166666666667,0.8085,97600
0.000333333333333333,5e-04,0.0015,0,0,0,0.1515,0.477,0.807,97700
0.000333333333333333,5e-04,0.0015,0,0,0,0.1505,0.475,0.805166666666667,97800
0.000333333333333333,5e-04,0.00133333333333333,0,0,0,0.149833333333333,0.472333333333333,0.804,97900
0.000333333333333333,5e-04,0.00133333333333333,0,0,0,0.1485,0.469666666666667,0.802333333333333,98000
0.000333333333333333,5e-04,0.00133333333333333,0,0,0,0.147333333333333,0.467833333333333,0.8015,98100
0.000333333333333333,5e-04,0.00133333333333333,0,0,0,0.145833333333333,0.465,0.799333333333333,98200
0.000333333333333333,5e-04,0.00133333333333333,0,0,0,0.144666666666667,0.4615,0.797,98300
0.000333333333333333,5e-04,0.00133333333333333,0,0,0,0.144,0.458,0.795166666666667,98400
0.000333333333333333,5e-04,0.00133333333333333,0,0,0,0.142666666666667,0.455833333333333,0.794166666666667,98500
0.000333333333333333,5e-04,0.00133333333333333,0,0,0,0.141666666666667,0.4535,0.7925,98600
0.000333333333333333,5e-04,0.00133333333333333,0,0,0,0.140333333333333,0.451666666666667,0.789833333333333,98700
0.000333333333333333,5e-04,0.00116666666666667,0,0,0,0.138833333333333,0.450333333333333,0.787833333333333,98800
0.000333333333333333,5e-04,0.00116666666666667,0,0,0,0.137833333333333,0.448333333333333,0.7855,98900
0.000333333333333333,5e-04,0.00116666666666667,0,0,0,0.136666666666667,0.446333333333333,0.783833333333333,99000
0.000333333333333333,5e-04,0.00116666666666667,0,0,0,0.135666666666667,0.443,0.782333333333333,99100
0.000333333333333333,5e-04,0.00116666666666667,0,0,0,0.135,0.441166666666667,0.780166666666667,99200
0.000333333333333333,5e-04,0.00116666666666667,0,0,0,0.134333333333333,0.4375,0.778,99300
0.000333333333333333,5e-04,0.00116666666666667,0,0,0,0.133166666666667,0.435333333333333,0.776166666666667,99400
0.000333333333333333,5e-04,0.00116666666666667,0,0,0,0.132666666666667,0.432666666666667,0.774,99500
0.000333333333333333,5e-04,0.00116666666666667,0,0,0,0.131166666666667,0.431,0.772,99600
0.000333333333333333,5e-04,0.00116666666666667,0,0,0,0.131,0.4285,0.768833333333333,99700
0.000333333333333333,5e-04,0.00116666666666667,0,0,0,0.13,0.425833333333333,0.7665,99800
0.000333333333333333,5e-04,0.00116666666666667,0,0,0,0.129333333333333,0.422833333333333,0.764333333333333,99900
0.000333333333333333,5e-04,0.00116666666666667,0,0,0,0.128333333333333,0.421166666666667,0.7625,1e+05
0.000333333333333333,5e-04,0.00116666666666667,0,0,0,0.127666666666667,0.419166666666667,0.76,100100
0.000333333333333333,5e-04,0.00116666666666667,0,0,0,0.126666666666667,0.4175,0.757666666666667,100200
0.000333333333333333,5e-04,0.00116666666666667,0,0,0,0.125166666666667,0.415666666666667,0.755333333333333,100300
0.000333333333333333,5e-04,0.00116666666666667,0,0,0,0.124833333333333,0.414166666666667,0.7535,100400
0.000333333333333333,5e-04,0.00116666666666667,0,0,0,0.122833333333333,0.412833333333333,0.751166666666667,100500
0.000333333333333333,5e-04,0.00116666666666667,0,0,0,0.121833333333333,0.411,0.748166666666667,100600
0.000333333333333333,5e-04,0.00116666666666667,0,0,0,0.1205,0.409333333333333,0.745,100700
0.000333333333333333,5e-04,0.00116666666666667,0,0,0,0.119833333333333,0.407166666666667,0.743166666666667,100800
0.000333333333333333,5e-04,0.00116666666666667,0,0,0,0.119166666666667,0.404333333333333,0.740833333333333,100900
0.000333333333333333,5e-04,0.00116666666666667,0,0,0,0.117333333333333,0.401833333333333,0.7385,101000
0.000333333333333333,5e-04,0.00116666666666667,0,0,0,0.116333333333333,0.399833333333333,0.7365,101100
0.000333333333333333,5e-04,0.00116666666666667,0,0,0,0.115,0.397666666666667,0.7345,101200
0.000333333333333333,5e-04,0.001,0,0,0,0.114166666666667,0.395,0.7325,101300
0.000333333333333333,5e-04,0.001,0,0,0,0.113833333333333,0.393666666666667,0.7305,101400
0.000333333333333333,5e-04,0.000833333333333333,0,0,0,0.113166666666667,0.390166666666667,0.728,101500
0.000333333333333333,5e-04,0.000833333333333333,0,0,0,0.111833333333333,0.3875,0.7265,101600
0.000333333333333333,5e-04,0.000833333333333333,0,0,0,0.110166666666667,0.385,0.725166666666667,101700
0.000333333333333333,5e-04,0.000833333333333333,0,0,0,0.109166666666667,0.383166666666667,0.722833333333333,101800
0.000333333333333333,5e-04,0.000833333333333333,0,0,0,0.107833333333333,0.3795,0.720333333333333,101900
0.000333333333333333,5e-04,0.000833333333333333,0,0,0,0.106833333333333,0.377166666666667,0.7175,102000
0.000333333333333333,5e-04,0.000833333333333333,0,0,0,0.105833333333333,0.3745,0.714833333333333,102100
0.000333333333333333,5e-04,0.000833333333333333,0,0,0,0.104833333333333,0.372833333333333,0.712333333333333,102200
0.000333333333333333,5e-04,0.000833333333333333,0,0,0,0.103666666666667,0.370333333333333,0.710333333333333,102300
0.000333333333333333,5e-04,0.000833333333333333,0,0,0,0.1035,0.3685,0.708333333333333,102400
0.000333333333333333,5e-04,0.000833333333333333,0,0,0,0.102833333333333,0.365833333333333,0.705833333333333,102500
0.000333333333333333,5e-04,0.000833333333333333,0,0,0,0.1025,0.364333333333333,0.7035,102600
0.000333333333333333,5e-04,0.000833333333333333,0,0,0,0.101833333333333,0.363,0.702333333333333,102700
0.000333333333333333,5e-04,0.000833333333333333,0,0,0,0.101,0.360666666666667,0.700666666666667,102800
0.000333333333333333,0.000333333333333333,0.000833333333333333,0,0,0,0.1005,0.3585,0.699333333333333,102900
0.000166666666666667,0.000333333333333333,0.000833333333333333,0,0,0,0.0995,0.356833333333333,0.696166666666667,103000
0.000166666666666667,0.000333333333333333,0.000833333333333333,0,0,0,0.0986666666666667,0.354833333333333,0.6935,103100
0.000166666666666667,0.000333333333333333,0.000833333333333333,0,0,0,0.098,0.353166666666667,0.691333333333333,103200
0.000166666666666667,0.000333333333333333,0.000833333333333333,0,0,0,0.0971666666666667,0.351166666666667,0.688666666666667,103300
0.000166666666666667,0.000333333333333333,0.000833333333333333,0,0,0,0.0963333333333333,0.3495,0.687166666666667,103400
0.000166666666666667,0.000333333333333333,0.000833333333333333,0,0,0,0.0961666666666667,0.347666666666667,0.6835,103500
0.000166666666666667,0.000333333333333333,0.000833333333333333,0,0,0,0.0951666666666667,0.345666666666667,0.680166666666667,103600
0.000166666666666667,0.000333333333333333,0.000833333333333333,0,0,0,0.094,0.344666666666667,0.6785,103700
0.000166666666666667,0.000333333333333333,0.000833333333333333,0,0,0,0.0931666666666667,0.342166666666667,0.676333333333333,103800
0.000166666666666667,0.000333333333333333,0.000833333333333333,0,0,0,0.0925,0.34,0.674666666666667,103900
0.000166666666666667,0.000333333333333333,0.000833333333333333,0,0,0,0.0915,0.337833333333333,0.672833333333333,104000
0.000166666666666667,0.000333333333333333,0.000833333333333333,0,0,0,0.0906666666666667,0.336166666666667,0.669833333333333,104100
0.000166666666666667,0.000333333333333333,0.000833333333333333,0,0,0,0.0896666666666667,0.334,0.6675,104200
0.000166666666666667,0.000333333333333333,0.000833333333333333,0,0,0,0.0895,0.331833333333333,0.665,104300
0.000166666666666667,0.000333333333333333,0.000833333333333333,0,0,0,0.0881666666666667,0.329833333333333,0.662166666666667,104400
0.000166666666666667,0.000333333333333333,0.000833333333333333,0,0,0,0.0876666666666667,0.327333333333333,0.6605,104500
0.000166666666666667,0.000333333333333333,0.000833333333333333,0,0,0,0.0871666666666667,0.324,0.657833333333333,104600
0.000166666666666667,0.000333333333333333,0.000833333333333333,0,0,0,0.0865,0.322333333333333,0.655166666666667,104700
0.000166666666666667,0.000333333333333333,0.000833333333333333,0,0,0,0.0851666666666667,0.320333333333333,0.653333333333333,104800
0.000166666666666667,0.000333333333333333,0.000833333333333333,0,0,0,0.0846666666666667,0.3165,0.651166666666667,104900
0.000166666666666667,0.000333333333333333,0.000666666666666667,0,0,0,0.0841666666666667,0.3155,0.649833333333333,105000
0.000166666666666667,0.000333333333333333,0.000666666666666667,0,0,0,0.0836666666666667,0.314,0.645833333333333,105100
0.000166666666666667,0.000333333333333333,0.000666666666666667,0,0,0,0.0835,0.3125,0.644333333333333,105200
0.000166666666666667,0.000333333333333333,0.000666666666666667,0,0,0,0.0826666666666667,0.310333333333333,0.641333333333333,105300
0.000166666666666667,0.000333333333333333,0.000666666666666667,0,0,0,0.0818333333333333,0.308166666666667,0.637666666666667,105400
0.000166666666666667,0.000333333333333333,0.000666666666666667,0,0,0,0.0815,0.305666666666667,0.6345,105500
0.000166666666666667,0.000333333333333333,0.000666666666666667,0,0,0,0.0808333333333333,0.303166666666667,0.632,105600
0.000166666666666667,0.000333333333333333,0.000666666666666667,0,0,0,0.0801666666666667,0.301333333333333,0.629666666666667,105700
0.000166666666666667,0.000333333333333333,0.000666666666666667,0,0,0,0.0795,0.299333333333333,0.628166666666667,105800
0.000166666666666667,0.000333333333333333,0.000666666666666667,0,0,0,0.0795,0.2975,0.625833333333333,105900
0.000166666666666667,0.000333333333333333,0.000666666666666667,0,0,0,0.0788333333333333,0.296666666666667,0.624833333333333,106000
0.000166666666666667,0.000333333333333333,0.000666666666666667,0,0,0,0.0783333333333333,0.295,0.6215,106100
0.000166666666666667,0.000333333333333333,0.000666666666666667,0,0,0,0.0773333333333333,0.293666666666667,0.619333333333333,106200
0.000166666666666667,0.000333333333333333,0.000666666666666667,0,0,0,0.0765,0.292666666666667,0.617333333333333,106300
0.000166666666666667,0.000333333333333333,5e-04,0,0,0,0.0756666666666667,0.2915,0.615,106400
0.000166666666666667,0.000333333333333333,5e-04,0,0,0,0.0748333333333333,0.289166666666667,0.613,106500
0.000166666666666667,0.000333333333333333,5e-04,0,0,0,0.0735,0.288166666666667,0.6105,106600
0.000166666666666667,0.000333333333333333,5e-04,0,0,0,0.0735,0.285666666666667,0.609,106700
0.000166666666666667,0.000333333333333333,5e-04,0,0,0,0.0731666666666667,0.283333333333333,0.605833333333333,106800
0.000166666666666667,0.000333333333333333,5e-04,0,0,0,0.0725,0.282,0.602666666666667,106900
0.000166666666666667,0.000333333333333333,5e-04,0,0,0,0.0716666666666667,0.280666666666667,0.600666666666667,107000
0.000166666666666667,0.000333333333333333,5e-04,0,0,0,0.071,0.279166666666667,0.598333333333333,107100
0.000166666666666667,0.000333333333333333,5e-04,0,0,0,0.0705,0.276666666666667,0.596166666666667,107200
0.000166666666666667,0.000333333333333333,5e-04,0,0,0,0.0698333333333333,0.275166666666667,0.593166666666667,107300
0.000166666666666667,0.000333333333333333,5e-04,0,0,0,0.0695,0.273833333333333,0.590833333333333,107400
0.000166666666666667,0.000333333333333333,5e-04,0,0,0,0.0691666666666667,0.2715,0.588833333333333,107500
0.000166666666666667,0.000333333333333333,5e-04,0,0,0,0.0688333333333333,0.269833333333333,0.587166666666667,107600
0.000166666666666667,0.000333333333333333,5e-04,0,0,0,0.0686666666666667,0.268833333333333,0.585166666666667,107700
0.000166666666666667,0.000333333333333333,5e-04,0,0,0,0.0683333333333333,0.267166666666667,0.582666666666667,107800
0.000166666666666667,0.000333333333333333,5e-04,0,0,0,0.0676666666666667,0.265833333333333,0.580666666666667,107900
0.000166666666666667,0.000333333333333333,5e-04,0,0,0,0.067,0.262666666666667,0.578,108000
0.000166666666666667,0.000333333333333333,5e-04,0,0,0,0.0663333333333333,0.261166666666667,0.576666666666667,108100
0.000166666666666667,0.000333333333333333,5e-04,0,0,0,0.0655,0.258833333333333,0.5745,108200
0.000166666666666667,0.000333333333333333,5e-04,0,0,0,0.0651666666666667,0.2575,0.571666666666667,108300
0.000166666666666667,0.000333333333333333,5e-04,0,0,0,0.0643333333333333,0.255333333333333,0.57,108400
0.000166666666666667,0.000333333333333333,5e-04,0,0,0,0.0641666666666667,0.253666666666667,0.568333333333333,108500
0.000166666666666667,0.000333333333333333,5e-04,0,0,0,0.0635,0.2525,0.5665,108600
0.000166666666666667,0.000333333333333333,5e-04,0,0,0,0.0633333333333333,0.251,0.563166666666667,108700
0.000166666666666667,0.000333333333333333,5e-04,0,0,0,0.0631666666666667,0.249833333333333,0.561333333333333,108800
0.000166666666666667,0.000333333333333333,5e-04,0,0,0,0.0626666666666667,0.248,0.559666666666667,108900
0.000166666666666667,0.000333333333333333,5e-04,0,0,0,0.0625,0.247,0.557333333333333,109000
0.000166666666666667,0.000333333333333333,5e-04,0,0,0,0.0616666666666667,0.245833333333333,0.555,109100
0.000166666666666667,0.000333333333333333,5e-04,0,0,0,0.0606666666666667,0.244666666666667,0.553833333333333,109200
0.000166666666666667,0.000333333333333333,5e-04,0,0,0,0.0601666666666667,0.2435,0.551,109300
0.000166666666666667,0.000333333333333333,5e-04,0,0,0,0.0595,0.241833333333333,0.549,109400
0.000166666666666667,0.000333333333333333,5e-04,0,0,0,0.0586666666666667,0.241333333333333,0.546666666666667,109500
0.000166666666666667,0.000333333333333333,5e-04,0,0,0,0.0581666666666667,0.240166666666667,0.544,109600
0.000166666666666667,0.000333333333333333,5e-04,0,0,0,0.0571666666666667,0.239166666666667,0.541833333333333,109700
0.000166666666666667,0.000333333333333333,5e-04,0,0,0,0.0568333333333333,0.237166666666667,0.5395,109800
0.000166666666666667,0.000333333333333333,5e-04,0,0,0,0.0563333333333333,0.235166666666667,0.537166666666667,109900
0.000166666666666667,0.000333333333333333,5e-04,0,0,0,0.0561666666666667,0.233166666666667,0.5335,110000
0.000166666666666667,0.000333333333333333,5e-04,0,0,0,0.0558333333333333,0.232166666666667,0.531666666666667,110100
0.000166666666666667,0.000333333333333333,5e-04,0,0,0,0.0556666666666667,0.230833333333333,0.528833333333333,110200
0.000166666666666667,0.000333333333333333,5e-04,0,0,0,0.0556666666666667,0.229333333333333,0.5265,110300
0.000166666666666667,0.000333333333333333,5e-04,0,0,0,0.0551666666666667,0.227666666666667,0.5245,110400
0.000166666666666667,0.000333333333333333,5e-04,0,0,0,0.0546666666666667,0.225333333333333,0.5225,110500
0.000166666666666667,0.000333333333333333,5e-04,0,0,0,0.0538333333333333,0.222833333333333,0.520166666666667,110600
0.000166666666666667,0.000333333333333333,5e-04,0,0,0,0.0533333333333333,0.221333333333333,0.5185,110700
0.000166666666666667,0.000333333333333333,5e-04,0,0,0,0.0531666666666667,0.219333333333333,0.515333333333333,110800
0.000166666666666667,0.000333333333333333,5e-04,0,0,0,0.0526666666666667,0.218333333333333,0.512333333333333,110900
0.000166666666666667,0.000333333333333333,5e-04,0,0,0,0.0523333333333333,0.2165,0.509333333333333,111000
0.000166666666666667,0.000333333333333333,5e-04,0,0,0,0.0516666666666667,0.216333333333333,0.506666666666667,111100
0.000166666666666667,0.000333333333333333,5e-04,0,0,0,0.0516666666666667,0.2155,0.5045,111200
0.000166666666666667,0.000333333333333333,5e-04,0,0,0,0.051,0.213833333333333,0.501333333333333,111300
0.000166666666666667,0.000333333333333333,5e-04,0,0,0,0.0503333333333333,0.212666666666667,0.498166666666667,111400
0.000166666666666667,0.000333333333333333,5e-04,0,0,0,0.0501666666666667,0.211166666666667,0.496666666666667,111500
0.000166666666666667,0.000333333333333333,5e-04,0,0,0,0.0496666666666667,0.210333333333333,0.493666666666667,111600
0.000166666666666667,0.000333333333333333,5e-04,0,0,0,0.0495,0.208333333333333,0.492166666666667,111700
0.000166666666666667,0.000333333333333333,5e-04,0,0,0,0.0486666666666667,0.206833333333333,0.491333333333333,111800
0.000166666666666667,0.000333333333333333,0.000333333333333333,0,0,0,0.0486666666666667,0.2055,0.489333333333333,111900
0.000166666666666667,0.000333333333333333,0.000333333333333333,0,0,0,0.0486666666666667,0.204,0.486833333333333,112000
0.000166666666666667,0.000333333333333333,0.000333333333333333,0,0,0,0.0485,0.203333333333333,0.4835,112100
0.000166666666666667,0.000333333333333333,0.000333333333333333,0,0,0,0.0485,0.201666666666667,0.481166666666667,112200
0.000166666666666667,0.000333333333333333,0.000333333333333333,0,0,0,0.0485,0.200166666666667,0.4775,112300
0.000166666666666667,0.000333333333333333,0.000333333333333333,0,0,0,0.0481666666666667,0.198833333333333,0.475333333333333,112400
0.000166666666666667,0.000333333333333333,0.000333333333333333,0,0,0,0.0481666666666667,0.1985,0.473333333333333,112500
0.000166666666666667,0.000333333333333333,0.000333333333333333,0,0,0,0.048,0.197333333333333,0.4715,112600
0.000166666666666667,0.000333333333333333,0.000333333333333333,0,0,0,0.0478333333333333,0.195666666666667,0.469,112700
0.000166666666666667,0.000333333333333333,0.000333333333333333,0,0,0,0.0476666666666667,0.194833333333333,0.467333333333333,112800
0.000166666666666667,0.000333333333333333,0.000333333333333333,0,0,0,0.0471666666666667,0.193666666666667,0.464833333333333,112900
0.000166666666666667,0.000333333333333333,0.000333333333333333,0,0,0,0.0466666666666667,0.192166666666667,0.461666666666667,113000
0.000166666666666667,0.000333333333333333,0.000333333333333333,0,0,0,0.0461666666666667,0.190333333333333,0.4595,113100
0.000166666666666667,0.000333333333333333,0.000333333333333333,0,0,0,0.0456666666666667,0.189333333333333,0.457,113200
0.000166666666666667,0.000333333333333333,0.000333333333333333,0,0,0,0.0453333333333333,0.188166666666667,0.454333333333333,113300
0.000166666666666667,0.000333333333333333,0.000333333333333333,0,0,0,0.045,0.187333333333333,0.452833333333333,113400
0.000166666666666667,0.000333333333333333,0.000333333333333333,0,0,0,0.045,0.186,0.451166666666667,113500
0.000166666666666667,0.000333333333333333,0.000333333333333333,0,0,0,0.0451666666666667,0.184666666666667,0.4495,113600
0.000166666666666667,0.000333333333333333,0.000333333333333333,0,0,0,0.0451666666666667,0.182833333333333,0.448166666666667,113700
0.000166666666666667,0.000333333333333333,0.000333333333333333,0,0,0,0.045,0.182,0.446666666666667,113800
0.000166666666666667,0.000333333333333333,0.000333333333333333,0,0,0,0.0446666666666667,0.181,0.444333333333333,113900
0.000166666666666667,0.000333333333333333,0.000333333333333333,0,0,0,0.0441666666666667,0.180166666666667,0.441333333333333,114000
0.000166666666666667,0.000333333333333333,0.000333333333333333,0,0,0,0.0436666666666667,0.178666666666667,0.439,114100
0.000166666666666667,0.000333333333333333,0.000333333333333333,0,0,0,0.0436666666666667,0.177166666666667,0.437,114200
0.000166666666666667,0.000333333333333333,0.000333333333333333,0,0,0,0.0435,0.1765,0.435,114300
0.000166666666666667,0.000333333333333333,0.000333333333333333,0,0,0,0.043,0.175333333333333,0.432166666666667,114400
0.000166666666666667,0.000333333333333333,0.000333333333333333,0,0,0,0.0428333333333333,0.174833333333333,0.431,114500
0.000166666666666667,0.000333333333333333,0.000333333333333333,0,0,0,0.0425,0.174,0.429,114600
0.000166666666666667,0.000333333333333333,0.000333333333333333,0,0,0,0.042,0.173,0.426333333333333,114700
0.000166666666666667,0.000333333333333333,0.000333333333333333,0,0,0,0.0416666666666667,0.1715,0.424,114800
0.000166666666666667,0.000333333333333333,0.000333333333333333,0,0,0,0.0413333333333333,0.170833333333333,0.422,114900
0.000166666666666667,0.000333333333333333,0.000333333333333333,0,0,0,0.0408333333333333,0.169666666666667,0.420166666666667,115000
0.000166666666666667,0.000333333333333333,0.000333333333333333,0,0,0,0.0408333333333333,0.168,0.419,115100
0.000166666666666667,0.000333333333333333,0.000333333333333333,0,0,0,0.0406666666666667,0.167333333333333,0.417166666666667,115200
0.000166666666666667,0.000166666666666667,0.000333333333333333,0,0,0,0.0403333333333333,0.165666666666667,0.415666666666667,115300
0.000166666666666667,0.000166666666666667,0.000333333333333333,0,0,0,0.0401666666666667,0.164666666666667,0.4145,115400
0.000166666666666667,0.000166666666666667,0.000333333333333333,0,0,0,0.0398333333333333,0.1625,0.413666666666667,115500
0.000166666666666667,0.000166666666666667,0.000333333333333333,0,0,0,0.0395,0.161833333333333,0.411666666666667,115600
0.000166666666666667,0.000166666666666667,0.000333333333333333,0,0,0,0.039,0.159833333333333,0.4105,115700
0.000166666666666667,0.000166666666666667,0.000333333333333333,0,0,0,0.0388333333333333,0.158833333333333,0.408333333333333,115800
0.000166666666666667,0.000166666666666667,0.000333333333333333,0,0,0,0.0383333333333333,0.157666666666667,0.406333333333333,115900
0.000166666666666667,0.000166666666666667,0.000333333333333333,0,0,0,0.0376666666666667,0.157166666666667,0.404166666666667,116000
0.000166666666666667,0.000166666666666667,0.000333333333333333,0,0,0,0.0375,0.155166666666667,0.402,116100
0.000166666666666667,0.000166666666666667,0.000333333333333333,0,0,0,0.0373333333333333,0.153666666666667,0.400333333333333,116200
0.000166666666666667,0.000166666666666667,0.000333333333333333,0,0,0,0.0373333333333333,0.152833333333333,0.398166666666667,116300
0.000166666666666667,0.000166666666666667,0.000333333333333333,0,0,0,0.0371666666666667,0.1515,0.395833333333333,116400
0.000166666666666667,0.000166666666666667,0.000333333333333333,0,0,0,0.0371666666666667,0.1505,0.394666666666667,116500
0.000166666666666667,0.000166666666666667,0.000333333333333333,0,0,0,0.037,0.150166666666667,0.392666666666667,116600
0.000166666666666667,0.000166666666666667,0.000333333333333333,0,0,0,0.0368333333333333,0.148833333333333,0.389833333333333,116700
0.000166666666666667,0.000166666666666667,0.000333333333333333,0,0,0,0.0365,0.148166666666667,0.3875,116800
0.000166666666666667,0.000166666666666667,0.000333333333333333,0,0,0,0.036,0.147,0.385833333333333,116900
0.000166666666666667,0.000166666666666667,0.000333333333333333,0,0,0,0.036,0.145666666666667,0.383833333333333,117000
0.000166666666666667,0.000166666666666667,0.000333333333333333,0,0,0,0.0356666666666667,0.145,0.381666666666667,117100
0.000166666666666667,0.000166666666666667,0.000333333333333333,0,0,0,0.0355,0.144333333333333,0.378666666666667,117200
0.000166666666666667,0.000166666666666667,0.000333333333333333,0,0,0,0.0351666666666667,0.143,0.376166666666667,117300
0.000166666666666667,0.000166666666666667,0.000333333333333333,0,0,0,0.0348333333333333,0.142166666666667,0.374,117400
0.000166666666666667,0.000166666666666667,0.000333333333333333,0,0,0,0.0343333333333333,0.141,0.372666666666667,117500
0.000166666666666667,0.000166666666666667,0.000333333333333333,0,0,0,0.0333333333333333,0.139666666666667,0.3705,117600
0.000166666666666667,0.000166666666666667,0.000333333333333333,0,0,0,0.033,0.139,0.369166666666667,117700
0.000166666666666667,0.000166666666666667,0.000333333333333333,0,0,0,0.0326666666666667,0.138166666666667,0.367,117800
0.000166666666666667,0.000166666666666667,0.000333333333333333,0,0,0,0.0325,0.137166666666667,0.3645,117900
0.000166666666666667,0.000166666666666667,0.000333333333333333,0,0,0,0.0318333333333333,0.136333333333333,0.364166666666667,118000
0.000166666666666667,0.000166666666666667,0.000333333333333333,0,0,0,0.0315,0.135666666666667,0.362,118100
0.000166666666666667,0.000166666666666667,0.000333333333333333,0,0,0,0.031,0.135166666666667,0.36,118200
0.000166666666666667,0.000166666666666667,0.000333333333333333,0,0,0,0.0308333333333333,0.1345,0.358333333333333,118300
0.000166666666666667,0.000166666666666667,0.000333333333333333,0,0,0,0.0303333333333333,0.1335,0.357,118400
0.000166666666666667,0.000166666666666667,0.000333333333333333,0,0,0,0.0301666666666667,0.133,0.355333333333333,118500
0.000166666666666667,0.000166666666666667,0.000333333333333333,0,0,0,0.03,0.132,0.3535,118600
0.000166666666666667,0.000166666666666667,0.000333333333333333,0,0,0,0.03,0.1315,0.352666666666667,118700
0.000166666666666667,0.000166666666666667,0.000333333333333333,0,0,0,0.03,0.131166666666667,0.350333333333333,118800
0.000166666666666667,0.000166666666666667,0.000333333333333333,0,0,0,0.0296666666666667,0.13,0.349333333333333,118900
0.000166666666666667,0.000166666666666667,0.000333333333333333,0,0,0,0.0295,0.129666666666667,0.3475,119000
0.000166666666666667,0.000166666666666667,0.000333333333333333,0,0,0,0.0293333333333333,0.128666666666667,0.345666666666667,119100
0.000166666666666667,0.000166666666666667,0.000333333333333333,0,0,0,0.0293333333333333,0.128,0.345,119200
0.000166666666666667,0.000166666666666667,0.000333333333333333,0,0,0,0.029,0.127333333333333,0.343,119300
0.000166666666666667,0.000166666666666667,0.000333333333333333,0,0,0,0.0286666666666667,0.126333333333333,0.341166666666667,119400
0.000166666666666667,0.000166666666666667,0.000333333333333333,0,0,0,0.0285,0.125333333333333,0.339333333333333,119500
0.000166666666666667,0.000166666666666667,0.000333333333333333,0,0,0,0.0285,0.1245,0.337166666666667,119600
0.000166666666666667,0.000166666666666667,0.000333333333333333,0,0,0,0.0285,0.123166666666667,0.335833333333333,119700
0.000166666666666667,0.000166666666666667,0.000333333333333333,0,0,0,0.0285,0.122166666666667,0.334,119800
0.000166666666666667,0.000166666666666667,0.000333333333333333,0,0,0,0.0285,0.121166666666667,0.331833333333333,119900
0.000166666666666667,0.000166666666666667,0.000333333333333333,0,0,0,0.0281666666666667,0.120666666666667,0.33,120000
0.000166666666666667,0.000166666666666667,0.000333333333333333,0,0,0,0.0276666666666667,0.119666666666667,0.328166666666667,120100
0.000166666666666667,0.000166666666666667,0.000333333333333333,0,0,0,0.0273333333333333,0.119,0.325833333333333,120200
0.000166666666666667,0.000166666666666667,0.000333333333333333,0,0,0,0.0273333333333333,0.1175,0.3235,120300
0.000166666666666667,0.000166666666666667,0.000333333333333333,0,0,0,0.0271666666666667,0.116833333333333,0.3215,120400
0.000166666666666667,0.000166666666666667,0.000333333333333333,0,0,0,0.0268333333333333,0.1155,0.319666666666667,120500
0.000166666666666667,0.000166666666666667,0.000333333333333333,0,0,0,0.0266666666666667,0.114666666666667,0.3165,120600
0.000166666666666667,0.000166666666666667,0.000333333333333333,0,0,0,0.0266666666666667,0.1145,0.315666666666667,120700
0.000166666666666667,0.000166666666666667,0.000333333333333333,0,0,0,0.0265,0.113833333333333,0.314333333333333,120800
0.000166666666666667,0.000166666666666667,0.000333333333333333,0,0,0,0.0261666666666667,0.113166666666667,0.313166666666667,120900
0.000166666666666667,0.000166666666666667,0.000333333333333333,0,0,0,0.026,0.112166666666667,0.3115,121000
0.000166666666666667,0.000166666666666667,0.000333333333333333,0,0,0,0.0258333333333333,0.110666666666667,0.3095,121100
0.000166666666666667,0.000166666666666667,0.000333333333333333,0,0,0,0.0255,0.110166666666667,0.307333333333333,121200
0.000166666666666667,0.000166666666666667,0.000333333333333333,0,0,0,0.0253333333333333,0.108666666666667,0.3055,121300
0.000166666666666667,0.000166666666666667,0.000333333333333333,0,0,0,0.0246666666666667,0.108,0.303166666666667,121400
0.000166666666666667,0.000166666666666667,0.000333333333333333,0,0,0,0.0245,0.107166666666667,0.301666666666667,121500
0.000166666666666667,0.000166666666666667,0.000333333333333333,0,0,0,0.0243333333333333,0.106166666666667,0.3005,121600
0.000166666666666667,0.000166666666666667,0.000333333333333333,0,0,0,0.0243333333333333,0.105166666666667,0.298,121700
0.000166666666666667,0.000166666666666667,0.000333333333333333,0,0,0,0.0241666666666667,0.1045,0.296833333333333,121800
0.000166666666666667,0.000166666666666667,0.000333333333333333,0,0,0,0.0236666666666667,0.103833333333333,0.296333333333333,121900
0.000166666666666667,0.000166666666666667,0.000333333333333333,0,0,0,0.023,0.103833333333333,0.295,122000
0.000166666666666667,0.000166666666666667,0.000333333333333333,0,0,0,0.0228333333333333,0.103166666666667,0.293666666666667,122100
0.000166666666666667,0.000166666666666667,0.000333333333333333,0,0,0,0.0226666666666667,0.102833333333333,0.292666666666667,122200
0.000166666666666667,0.000166666666666667,0.000333333333333333,0,0,0,0.0226666666666667,0.102166666666667,0.291833333333333,122300
0.000166666666666667,0.000166666666666667,0.000333333333333333,0,0,0,0.0226666666666667,0.1015,0.2895,122400
0.000166666666666667,0.000166666666666667,0.000333333333333333,0,0,0,0.0225,0.100833333333333,0.288666666666667,122500
0.000166666666666667,0.000166666666666667,0.000333333333333333,0,0,0,0.0225,0.100166666666667,0.286666666666667,122600
0.000166666666666667,0.000166666666666667,0.000333333333333333,0,0,0,0.0223333333333333,0.0993333333333333,0.285333333333333,122700
0.000166666666666667,0.000166666666666667,0.000333333333333333,0,0,0,0.0221666666666667,0.0988333333333333,0.283,122800
0.000166666666666667,0.000166666666666667,0.000333333333333333,0,0,0,0.0216666666666667,0.0985,0.282,122900
0.000166666666666667,0.000166666666666667,0.000333333333333333,0,0,0,0.0216666666666667,0.0975,0.280666666666667,123000
0.000166666666666667,0.000166666666666667,0.000333333333333333,0,0,0,0.0216666666666667,0.0971666666666667,0.279666666666667,123100
0.000166666666666667,0.000166666666666667,0.000333333333333333,0,0,0,0.0216666666666667,0.0965,0.277666666666667,123200
0.000166666666666667,0.000166666666666667,0.000333333333333333,0,0,0,0.0213333333333333,0.096,0.2755,123300
0.000166666666666667,0.000166666666666667,0.000333333333333333,0,0,0,0.0211666666666667,0.0955,0.274666666666667,123400
0.000166666666666667,0.000166666666666667,0.000333333333333333,0,0,0,0.021,0.0943333333333333,0.273166666666667,123500
0.000166666666666667,0.000166666666666667,0.000333333333333333,0,0,0,0.021,0.0936666666666667,0.271166666666667,123600
0.000166666666666667,0.000166666666666667,0.000333333333333333,0,0,0,0.0208333333333333,0.093,0.269833333333333,123700
0.000166666666666667,0.000166666666666667,0.000333333333333333,0,0,0,0.0206666666666667,0.0926666666666667,0.269,123800
0.000166666666666667,0.000166666666666667,0.000333333333333333,0,0,0,0.0205,0.0916666666666667,0.267333333333333,123900
0.000166666666666667,0.000166666666666667,0.000333333333333333,0,0,0,0.0201666666666667,0.091,0.266666666666667,124000
0,0.000166666666666667,0.000333333333333333,0,0,0,0.02,0.09,0.264666666666667,124100
0,0.000166666666666667,0.000333333333333333,0,0,0,0.0196666666666667,0.0898333333333333,0.262166666666667,124200
0,0.000166666666666667,0.000333333333333333,0,0,0,0.0196666666666667,0.0891666666666667,0.260333333333333,124300
0,0.000166666666666667,0.000333333333333333,0,0,0,0.0196666666666667,0.0883333333333333,0.258666666666667,124400
0,0.000166666666666667,0.000333333333333333,0,0,0,0.0191666666666667,0.0878333333333333,0.257666666666667,124500
0,0.000166666666666667,0.000333333333333333,0,0,0,0.0191666666666667,0.0873333333333333,0.255666666666667,124600
0,0.000166666666666667,0.000333333333333333,0,0,0,0.0191666666666667,0.0868333333333333,0.253833333333333,124700
0,0.000166666666666667,0.000333333333333333,0,0,0,0.019,0.0856666666666667,0.252666666666667,124800
0,0.000166666666666667,0.000333333333333333,0,0,0,0.0188333333333333,0.0853333333333333,0.251833333333333,124900
0,0.000166666666666667,0.000333333333333333,0,0,0,0.0188333333333333,0.0845,0.2505,125000
0,0.000166666666666667,0.000166666666666667,0,0,0,0.0188333333333333,0.0843333333333333,0.249333333333333,125100
0,0.000166666666666667,0.000166666666666667,0,0,0,0.0188333333333333,0.084,0.248,125200
0,0.000166666666666667,0.000166666666666667,0,0,0,0.0186666666666667,0.0838333333333333,0.247,125300
0,0.000166666666666667,0.000166666666666667,0,0,0,0.0185,0.0831666666666667,0.246166666666667,125400
0,0.000166666666666667,0.000166666666666667,0,0,0,0.0183333333333333,0.0821666666666667,0.245,125500
0,0.000166666666666667,0.000166666666666667,0,0,0,0.0178333333333333,0.082,0.244166666666667,125600
0,0.000166666666666667,0.000166666666666667,0,0,0,0.0178333333333333,0.0815,0.243,125700
0,0.000166666666666667,0.000166666666666667,0,0,0,0.0176666666666667,0.0811666666666667,0.241666666666667,125800
0,0.000166666666666667,0.000166666666666667,0,0,0,0.0176666666666667,0.0803333333333333,0.241333333333333,125900
0,0.000166666666666667,0.000166666666666667,0,0,0,0.0175,0.0796666666666667,0.240166666666667,126000
0,0.000166666666666667,0.000166666666666667,0,0,0,0.0173333333333333,0.0796666666666667,0.239166666666667,126100
0,0.000166666666666667,0.000166666666666667,0,0,0,0.0173333333333333,0.0791666666666667,0.238,126200
0,0.000166666666666667,0.000166666666666667,0,0,0,0.0171666666666667,0.0788333333333333,0.236333333333333,126300
0,0.000166666666666667,0.000166666666666667,0,0,0,0.0171666666666667,0.0781666666666667,0.234,126400
0,0.000166666666666667,0.000166666666666667,0,0,0,0.0171666666666667,0.0773333333333333,0.232833333333333,126500
0,0.000166666666666667,0.000166666666666667,0,0,0,0.0171666666666667,0.0766666666666667,0.232,126600
0,0.000166666666666667,0.000166666666666667,0,0,0,0.017,0.0761666666666667,0.230833333333333,126700
0,0.000166666666666667,0.000166666666666667,0,0,0,0.0168333333333333,0.0751666666666667,0.229333333333333,126800
0,0.000166666666666667,0.000166666666666667,0,0,0,0.0165,0.0741666666666667,0.228166666666667,126900
0,0.000166666666666667,0.000166666666666667,0,0,0,0.0165,0.0736666666666667,0.225666666666667,127000
0,0.000166666666666667,0.000166666666666667,0,0,0,0.0163333333333333,0.0736666666666667,0.223666666666667,127100
0,0.000166666666666667,0.000166666666666667,0,0,0,0.0163333333333333,0.0733333333333333,0.222333333333333,127200
0,0.000166666666666667,0.000166666666666667,0,0,0,0.0161666666666667,0.0728333333333333,0.2205,127300
0,0.000166666666666667,0.000166666666666667,0,0,0,0.0161666666666667,0.0721666666666667,0.218833333333333,127400
0,0.000166666666666667,0.000166666666666667,0,0,0,0.0161666666666667,0.0711666666666667,0.218333333333333,127500
0,0.000166666666666667,0.000166666666666667,0,0,0,0.0158333333333333,0.071,0.216833333333333,127600
0,0.000166666666666667,0.000166666666666667,0,0,0,0.0156666666666667,0.0706666666666667,0.216333333333333,127700
0,0.000166666666666667,0.000166666666666667,0,0,0,0.0156666666666667,0.07,0.215666666666667,127800
0,0.000166666666666667,0.000166666666666667,0,0,0,0.0155,0.0696666666666667,0.214333333333333,127900
0,0.000166666666666667,0.000166666666666667,0,0,0,0.0155,0.0695,0.2135,128000
0,0.000166666666666667,0.000166666666666667,0,0,0,0.0153333333333333,0.0691666666666667,0.212,128100
0,0.000166666666666667,0.000166666666666667,0,0,0,0.0151666666666667,0.069,0.211166666666667,128200
0,0.000166666666666667,0.000166666666666667,0,0,0,0.0151666666666667,0.0688333333333333,0.210333333333333,128300
0,0.000166666666666667,0.000166666666666667,0,0,0,0.0148333333333333,0.0683333333333333,0.208333333333333,128400
0,0.000166666666666667,0.000166666666666667,0,0,0,0.0148333333333333,0.068,0.206833333333333,128500
0,0.000166666666666667,0.000166666666666667,0,0,0,0.0148333333333333,0.0671666666666667,0.206333333333333,128600
0,0.000166666666666667,0.000166666666666667,0,0,0,0.0148333333333333,0.0666666666666667,0.205166666666667,128700
0,0.000166666666666667,0.000166666666666667,0,0,0,0.0148333333333333,0.0663333333333333,0.2035,128800
0,0.000166666666666667,0.000166666666666667,0,0,0,0.0148333333333333,0.0655,0.203,128900
0,0.000166666666666667,0.000166666666666667,0,0,0,0.0145,0.0653333333333333,0.2015,129000
0,0.000166666666666667,0.000166666666666667,0,0,0,0.0143333333333333,0.0646666666666667,0.200333333333333,129100
0,0.000166666666666667,0.000166666666666667,0,0,0,0.0143333333333333,0.0645,0.199,129200
0,0.000166666666666667,0.000166666666666667,0,0,0,0.0143333333333333,0.0643333333333333,0.1985,129300
0,0.000166666666666667,0.000166666666666667,0,0,0,0.0141666666666667,0.0636666666666667,0.197833333333333,129400
0,0.000166666666666667,0.000166666666666667,0,0,0,0.0141666666666667,0.0633333333333333,0.196333333333333,129500
0,0.000166666666666667,0.000166666666666667,0,0,0,0.0141666666666667,0.0633333333333333,0.1955,129600
0,0.000166666666666667,0.000166666666666667,0,0,0,0.0141666666666667,0.0628333333333333,0.194833333333333,129700
0,0.000166666666666667,0.000166666666666667,0,0,0,0.014,0.0626666666666667,0.1935,129800
0,0.000166666666666667,0.000166666666666667,0,0,0,0.014,0.062,0.192333333333333,129900
0,0.000166666666666667,0.000166666666666667,0,0,0,0.014,0.061,0.191,130000
0,0.000166666666666667,0.000166666666666667,0,0,0,0.0135,0.0606666666666667,0.189333333333333,130100
0,0.000166666666666667,0.000166666666666667,0,0,0,0.0133333333333333,0.0601666666666667,0.188666666666667,130200
0,0.000166666666666667,0.000166666666666667,0,0,0,0.0133333333333333,0.0596666666666667,0.188,130300
0,0.000166666666666667,0.000166666666666667,0,0,0,0.0133333333333333,0.059,0.187166666666667,130400
0,0.000166666666666667,0.000166666666666667,0,0,0,0.0133333333333333,0.0583333333333333,0.185833333333333,130500
0,0.000166666666666667,0.000166666666666667,0,0,0,0.013,0.0576666666666667,0.184666666666667,130600
0,0.000166666666666667,0.000166666666666667,0,0,0,0.0128333333333333,0.0571666666666667,0.182833333333333,130700
0,0.000166666666666667,0.000166666666666667,0,0,0,0.0128333333333333,0.0568333333333333,0.182333333333333,130800
0,0.000166666666666667,0.000166666666666667,0,0,0,0.0126666666666667,0.0565,0.1815,130900
0,0.000166666666666667,0.000166666666666667,0,0,0,0.0126666666666667,0.0563333333333333,0.180666666666667,131000
0,0.000166666666666667,0.000166666666666667,0,0,0,0.0126666666666667,0.0561666666666667,0.179833333333333,131100
0,0.000166666666666667,0.000166666666666667,0,0,0,0.0125,0.0558333333333333,0.178333333333333,131200
0,0.000166666666666667,0.000166666666666667,0,0,0,0.0125,0.0558333333333333,0.177166666666667,131300
0,0.000166666666666667,0.000166666666666667,0,0,0,0.0123333333333333,0.0556666666666667,0.1765,131400
0,0.000166666666666667,0.000166666666666667,0,0,0,0.0123333333333333,0.0553333333333333,0.1755,131500
0,0.000166666666666667,0.000166666666666667,0,0,0,0.0123333333333333,0.0548333333333333,0.175333333333333,131600
0,0.000166666666666667,0.000166666666666667,0,0,0,0.0123333333333333,0.0543333333333333,0.1745,131700
0,0.000166666666666667,0.000166666666666667,0,0,0,0.0121666666666667,0.0538333333333333,0.173666666666667,131800
0,0.000166666666666667,0.000166666666666667,0,0,0,0.012,0.0533333333333333,0.172333333333333,131900
0,0.000166666666666667,0.000166666666666667,0,0,0,0.012,0.0531666666666667,0.1715,132000
0,0.000166666666666667,0.000166666666666667,0,0,0,0.012,0.0528333333333333,0.170833333333333,132100
0,0.000166666666666667,0.000166666666666667,0,0,0,0.012,0.0525,0.169833333333333,132200
0,0.000166666666666667,0.000166666666666667,0,0,0,0.012,0.052,0.168333333333333,132300
0,0.000166666666666667,0.000166666666666667,0,0,0,0.012,0.0518333333333333,0.1675,132400
0,0.000166666666666667,0.000166666666666667,0,0,0,0.012,0.0515,0.1665,132500
0,0.000166666666666667,0.000166666666666667,0,0,0,0.012,0.0508333333333333,0.165166666666667,132600
0,0.000166666666666667,0.000166666666666667,0,0,0,0.012,0.0503333333333333,0.164,132700
0,0.000166666666666667,0.000166666666666667,0,0,0,0.012,0.0503333333333333,0.1625,132800
0,0.000166666666666667,0.000166666666666667,0,0,0,0.012,0.05,0.161833333333333,132900
0,0.000166666666666667,0.000166666666666667,0,0,0,0.012,0.0496666666666667,0.16,133000
0,0.000166666666666667,0.000166666666666667,0,0,0,0.0118333333333333,0.049,0.159333333333333,133100
0,0.000166666666666667,0.000166666666666667,0,0,0,0.0118333333333333,0.0488333333333333,0.158,133200
0,0.000166666666666667,0.000166666666666667,0,0,0,0.0116666666666667,0.0488333333333333,0.157666666666667,133300
0,0.000166666666666667,0.000166666666666667,0,0,0,0.0113333333333333,0.0488333333333333,0.156333333333333,133400
0,0.000166666666666667,0.000166666666666667,0,0,0,0.0113333333333333,0.0488333333333333,0.155,133500
0,0.000166666666666667,0.000166666666666667,0,0,0,0.0113333333333333,0.0486666666666667,0.153666666666667,133600
0,0.000166666666666667,0.000166666666666667,0,0,0,0.0111666666666667,0.0486666666666667,0.152833333333333,133700
0,0.000166666666666667,0.000166666666666667,0,0,0,0.0111666666666667,0.0485,0.151833333333333,133800
0,0.000166666666666667,0.000166666666666667,0,0,0,0.0111666666666667,0.0483333333333333,0.150833333333333,133900
0,0.000166666666666667,0.000166666666666667,0,0,0,0.011,0.0483333333333333,0.150166666666667,134000
0,0.000166666666666667,0.000166666666666667,0,0,0,0.011,0.0481666666666667,0.149,134100
0,0.000166666666666667,0.000166666666666667,0,0,0,0.0108333333333333,0.0481666666666667,0.148666666666667,134200
0,0.000166666666666667,0.000166666666666667,0,0,0,0.0106666666666667,0.048,0.147833333333333,134300
0,0.000166666666666667,0.000166666666666667,0,0,0,0.0105,0.0475,0.147,134400
0,0.000166666666666667,0.000166666666666667,0,0,0,0.0105,0.0473333333333333,0.145666666666667,134500
0,0.000166666666666667,0.000166666666666667,0,0,0,0.0105,0.0468333333333333,0.145,134600
0,0.000166666666666667,0.000166666666666667,0,0,0,0.0105,0.0463333333333333,0.144833333333333,134700
0,0.000166666666666667,0.000166666666666667,0,0,0,0.0105,0.046,0.143666666666667,134800
0,0.000166666666666667,0.000166666666666667,0,0,0,0.0105,0.0455,0.142666666666667,134900
0,0.000166666666666667,0.000166666666666667,0,0,0,0.0105,0.0451666666666667,0.142,135000
0,0.000166666666666667,0.000166666666666667,0,0,0,0.0105,0.0451666666666667,0.141,135100
0,0.000166666666666667,0.000166666666666667,0,0,0,0.0103333333333333,0.0451666666666667,0.139666666666667,135200
0,0.000166666666666667,0.000166666666666667,0,0,0,0.0101666666666667,0.0451666666666667,0.139,135300
0,0.000166666666666667,0.000166666666666667,0,0,0,0.01,0.0451666666666667,0.138166666666667,135400
0,0.000166666666666667,0.000166666666666667,0,0,0,0.01,0.045,0.137166666666667,135500
0,0.000166666666666667,0.000166666666666667,0,0,0,0.01,0.0446666666666667,0.136833333333333,135600
0,0.000166666666666667,0.000166666666666667,0,0,0,0.01,0.0445,0.136,135700
0,0.000166666666666667,0.000166666666666667,0,0,0,0.01,0.0441666666666667,0.135666666666667,135800
0,0.000166666666666667,0.000166666666666667,0,0,0,0.00983333333333333,0.0436666666666667,0.135166666666667,135900
0,0.000166666666666667,0.000166666666666667,0,0,0,0.00983333333333333,0.0436666666666667,0.1345,136000
0,0.000166666666666667,0.000166666666666667,0,0,0,0.00966666666666667,0.0435,0.1335,136100
0,0.000166666666666667,0.000166666666666667,0,0,0,0.00966666666666667,0.0433333333333333,0.133166666666667,136200
0,0.000166666666666667,0.000166666666666667,0,0,0,0.0095,0.043,0.132666666666667,136300
0,0.000166666666666667,0.000166666666666667,0,0,0,0.00916666666666667,0.0428333333333333,0.1315,136400
0,0.000166666666666667,0.000166666666666667,0,0,0,0.00916666666666667,0.0425,0.1315,136500
0,0.000166666666666667,0.000166666666666667,0,0,0,0.00916666666666667,0.042,0.131,136600
0,0.000166666666666667,0.000166666666666667,0,0,0,0.00916666666666667,0.0416666666666667,0.13,136700
0,0.000166666666666667,0.000166666666666667,0,0,0,0.00916666666666667,0.0415,0.129666666666667,136800
0,0.000166666666666667,0.000166666666666667,0,0,0,0.009,0.041,0.128833333333333,136900
0,0.000166666666666667,0.000166666666666667,0,0,0,0.009,0.0408333333333333,0.128166666666667,137000
0,0.000166666666666667,0.000166666666666667,0,0,0,0.009,0.0408333333333333,0.127833333333333,137100
0,0.000166666666666667,0.000166666666666667,0,0,0,0.009,0.0406666666666667,0.126833333333333,137200
0,0.000166666666666667,0.000166666666666667,0,0,0,0.009,0.0403333333333333,0.125833333333333,137300
0,0.000166666666666667,0.000166666666666667,0,0,0,0.009,0.0401666666666667,0.125166666666667,137400
0,0.000166666666666667,0.000166666666666667,0,0,0,0.009,0.0398333333333333,0.124333333333333,137500
0,0.000166666666666667,0.000166666666666667,0,0,0,0.00883333333333333,0.0395,0.123166666666667,137600
0,0.000166666666666667,0.000166666666666667,0,0,0,0.00883333333333333,0.0395,0.122166666666667,137700
0,0.000166666666666667,0.000166666666666667,0,0,0,0.00883333333333333,0.039,0.121333333333333,137800
0,0.000166666666666667,0.000166666666666667,0,0,0,0.00866666666666667,0.0388333333333333,0.120666666666667,137900
0,0.000166666666666667,0.000166666666666667,0,0,0,0.00866666666666667,0.0385,0.120166666666667,138000
0,0.000166666666666667,0.000166666666666667,0,0,0,0.00866666666666667,0.0376666666666667,0.1195,138100
0,0.000166666666666667,0.000166666666666667,0,0,0,0.00866666666666667,0.0376666666666667,0.118833333333333,138200
0,0.000166666666666667,0.000166666666666667,0,0,0,0.00866666666666667,0.0375,0.1175,138300
0,0.000166666666666667,0.000166666666666667,0,0,0,0.00866666666666667,0.0373333333333333,0.116833333333333,138400
0,0.000166666666666667,0.000166666666666667,0,0,0,0.00866666666666667,0.0373333333333333,0.116,138500
0,0.000166666666666667,0.000166666666666667,0,0,0,0.00866666666666667,0.0371666666666667,0.115,138600
0,0.000166666666666667,0.000166666666666667,0,0,0,0.00866666666666667,0.0371666666666667,0.1145,138700
0,0.000166666666666667,0.000166666666666667,0,0,0,0.0085,0.037,0.114166666666667,138800
0,0.000166666666666667,0.000166666666666667,0,0,0,0.0085,0.037,0.113833333333333,138900
0,0.000166666666666667,0.000166666666666667,0,0,0,0.0085,0.0368333333333333,0.113166666666667,139000
0,0.000166666666666667,0.000166666666666667,0,0,0,0.0085,0.0365,0.112166666666667,139100
0,0.000166666666666667,0.000166666666666667,0,0,0,0.0085,0.036,0.111,139200
0,0,0.000166666666666667,0,0,0,0.0085,0.036,0.110333333333333,139300
0,0,0.000166666666666667,0,0,0,0.0085,0.036,0.109333333333333,139400
0,0,0.000166666666666667,0,0,0,0.0085,0.0356666666666667,0.108666666666667,139500
0,0,0.000166666666666667,0,0,0,0.0085,0.0355,0.1075,139600
0,0,0.000166666666666667,0,0,0,0.0085,0.0351666666666667,0.106833333333333,139700
0,0,0.000166666666666667,0,0,0,0.0085,0.0348333333333333,0.106166666666667,139800
0,0,0.000166666666666667,0,0,0,0.0085,0.0345,0.105166666666667,139900
0,0,0.000166666666666667,0,0,0,0.0085,0.0338333333333333,0.104666666666667,140000
0,0,0.000166666666666667,0,0,0,0.0085,0.0333333333333333,0.104,140100
0,0,0.000166666666666667,0,0,0,0.0085,0.0328333333333333,0.103833333333333,140200
0,0,0.000166666666666667,0,0,0,0.00833333333333333,0.0326666666666667,0.1035,140300
0,0,0.000166666666666667,0,0,0,0.00816666666666667,0.0326666666666667,0.103166666666667,140400
0,0,0.000166666666666667,0,0,0,0.008,0.0321666666666667,0.102833333333333,140500
0,0,0.000166666666666667,0,0,0,0.008,0.0315,0.102166666666667,140600
0,0,0.000166666666666667,0,0,0,0.00783333333333333,0.0313333333333333,0.1015,140700
0,0,0.000166666666666667,0,0,0,0.00783333333333333,0.031,0.101166666666667,140800
0,0,0.000166666666666667,0,0,0,0.00783333333333333,0.0308333333333333,0.100833333333333,140900
0,0,0.000166666666666667,0,0,0,0.00766666666666667,0.0303333333333333,0.0998333333333333,141000
0,0,0.000166666666666667,0,0,0,0.00766666666666667,0.0301666666666667,0.099,141100
0,0,0.000166666666666667,0,0,0,0.00766666666666667,0.0301666666666667,0.0986666666666667,141200
0,0,0.000166666666666667,0,0,0,0.00766666666666667,0.03,0.0983333333333333,141300
0,0,0.000166666666666667,0,0,0,0.0075,0.03,0.0975,141400
0,0,0.000166666666666667,0,0,0,0.00716666666666667,0.03,0.0971666666666667,141500
0,0,0.000166666666666667,0,0,0,0.007,0.0296666666666667,0.0965,141600
0,0,0.000166666666666667,0,0,0,0.007,0.0295,0.0965,141700
0,0,0.000166666666666667,0,0,0,0.007,0.0293333333333333,0.0958333333333333,141800
0,0,0.000166666666666667,0,0,0,0.007,0.0293333333333333,0.0948333333333333,141900
0,0,0.000166666666666667,0,0,0,0.007,0.0291666666666667,0.0941666666666667,142000
0,0,0.000166666666666667,0,0,0,0.007,0.029,0.0936666666666667,142100
0,0,0.000166666666666667,0,0,0,0.007,0.0288333333333333,0.093,142200
0,0,0.000166666666666667,0,0,0,0.007,0.0285,0.0928333333333333,142300
0,0,0.000166666666666667,0,0,0,0.007,0.0285,0.0918333333333333,142400
0,0,0.000166666666666667,0,0,0,0.007,0.0285,0.091,142500
0,0,0.000166666666666667,0,0,0,0.007,0.0285,0.0903333333333333,142600
0,0,0.000166666666666667,0,0,0,0.007,0.0285,0.09,142700
0,0,0.000166666666666667,0,0,0,0.007,0.0285,0.0898333333333333,142800
0,0,0.000166666666666667,0,0,0,0.007,0.0281666666666667,0.0891666666666667,142900
0,0,0.000166666666666667,0,0,0,0.00666666666666667,0.0276666666666667,0.0885,143000
0,0,0.000166666666666667,0,0,0,0.00666666666666667,0.0275,0.088,143100
0,0,0.000166666666666667,0,0,0,0.00666666666666667,0.0273333333333333,0.0875,143200
0,0,0.000166666666666667,0,0,0,0.00666666666666667,0.0271666666666667,0.087,143300
0,0,0.000166666666666667,0,0,0,0.00666666666666667,0.0271666666666667,0.0865,143400
0,0,0.000166666666666667,0,0,0,0.00666666666666667,0.027,0.0855,143500
0,0,0.000166666666666667,0,0,0,0.00666666666666667,0.0266666666666667,0.0851666666666667,143600
0,0,0.000166666666666667,0,0,0,0.00666666666666667,0.0266666666666667,0.0845,143700
0,0,0.000166666666666667,0,0,0,0.00666666666666667,0.0265,0.0845,143800
0,0,0.000166666666666667,0,0,0,0.00666666666666667,0.0265,0.084,143900
0,0,0.000166666666666667,0,0,0,0.00666666666666667,0.0261666666666667,0.084,144000
0,0,0.000166666666666667,0,0,0,0.00666666666666667,0.026,0.0835,144100
0,0,0.000166666666666667,0,0,0,0.0065,0.0258333333333333,0.0826666666666667,144200
0,0,0.000166666666666667,0,0,0,0.0065,0.0256666666666667,0.0821666666666667,144300
0,0,0.000166666666666667,0,0,0,0.00633333333333333,0.0255,0.0818333333333333,144400
0,0,0.000166666666666667,0,0,0,0.00633333333333333,0.0251666666666667,0.0815,144500
0,0,0.000166666666666667,0,0,0,0.00616666666666667,0.0246666666666667,0.0811666666666667,144600
0,0,0.000166666666666667,0,0,0,0.00616666666666667,0.0245,0.0806666666666667,144700
0,0,0.000166666666666667,0,0,0,0.00616666666666667,0.0245,0.08,144800
0,0,0.000166666666666667,0,0,0,0.00616666666666667,0.0243333333333333,0.0796666666666667,144900
0,0,0.000166666666666667,0,0,0,0.00616666666666667,0.0243333333333333,0.0796666666666667,145000
0,0,0.000166666666666667,0,0,0,0.00616666666666667,0.024,0.079,145100
0,0,0.000166666666666667,0,0,0,0.00616666666666667,0.0236666666666667,0.0788333333333333,145200
0,0,0.000166666666666667,0,0,0,0.00616666666666667,0.023,0.0783333333333333,145300
0,0,0.000166666666666667,0,0,0,0.006,0.0228333333333333,0.0775,145400
0,0,0.000166666666666667,0,0,0,0.006,0.0226666666666667,0.0768333333333333,145500
0,0,0.000166666666666667,0,0,0,0.00583333333333333,0.0226666666666667,0.0765,145600
0,0,0.000166666666666667,0,0,0,0.00583333333333333,0.0226666666666667,0.0756666666666667,145700
0,0,0.000166666666666667,0,0,0,0.00583333333333333,0.0225,0.075,145800
0,0,0.000166666666666667,0,0,0,0.00583333333333333,0.0225,0.074,145900
0,0,0.000166666666666667,0,0,0,0.00566666666666667,0.0225,0.0736666666666667,146000
0,0,0.000166666666666667,0,0,0,0.00566666666666667,0.0223333333333333,0.0736666666666667,146100
0,0,0.000166666666666667,0,0,0,0.0055,0.0221666666666667,0.0735,146200
0,0,0.000166666666666667,0,0,0,0.0055,0.022,0.0728333333333333,146300
0,0,0.000166666666666667,0,0,0,0.0055,0.0216666666666667,0.0726666666666667,146400
0,0,0.000166666666666667,0,0,0,0.0055,0.0216666666666667,0.0718333333333333,146500
0,0,0.000166666666666667,0,0,0,0.0055,0.0216666666666667,0.0711666666666667,146600
0,0,0.000166666666666667,0,0,0,0.0055,0.0216666666666667,0.071,146700
0,0,0.000166666666666667,0,0,0,0.0055,0.0213333333333333,0.0706666666666667,146800
0,0,0.000166666666666667,0,0,0,0.0055,0.0213333333333333,0.07,146900
0,0,0.000166666666666667,0,0,0,0.0055,0.021,0.0696666666666667,147000
0,0,0.000166666666666667,0,0,0,0.0055,0.021,0.0695,147100
0,0,0.000166666666666667,0,0,0,0.00533333333333333,0.021,0.0693333333333333,147200
0,0,0.000166666666666667,0,0,0,0.00533333333333333,0.0208333333333333,0.069,147300
0,0,0.000166666666666667,0,0,0,0.00533333333333333,0.0208333333333333,0.069,147400
0,0,0.000166666666666667,0,0,0,0.00516666666666667,0.0206666666666667,0.0688333333333333,147500
0,0,0.000166666666666667,0,0,0,0.005,0.0205,0.0685,147600
0,0,0.000166666666666667,0,0,0,0.005,0.0201666666666667,0.0681666666666667,147700
0,0,0.000166666666666667,0,0,0,0.005,0.02,0.0676666666666667,147800
0,0,0.000166666666666667,0,0,0,0.005,0.0196666666666667,0.067,147900
0,0,0.000166666666666667,0,0,0,0.005,0.0196666666666667,0.0665,148000
0,0,0.000166666666666667,0,0,0,0.005,0.0196666666666667,0.0663333333333333,148100
0,0,0.000166666666666667,0,0,0,0.005,0.0195,0.0655,148200
0,0,0.000166666666666667,0,0,0,0.00483333333333333,0.0191666666666667,0.0653333333333333,148300
0,0,0.000166666666666667,0,0,0,0.00483333333333333,0.0191666666666667,0.0648333333333333,148400
0,0,0.000166666666666667,0,0,0,0.00483333333333333,0.0191666666666667,0.0645,148500
0,0,0.000166666666666667,0,0,0,0.00483333333333333,0.0191666666666667,0.0643333333333333,148600
0,0,0.000166666666666667,0,0,0,0.00483333333333333,0.0188333333333333,0.0636666666666667,148700
0,0,0.000166666666666667,0,0,0,0.00483333333333333,0.0188333333333333,0.0635,148800
0,0,0.000166666666666667,0,0,0,0.00483333333333333,0.0188333333333333,0.0633333333333333,148900
0,0,0.000166666666666667,0,0,0,0.00466666666666667,0.0188333333333333,0.0633333333333333,149000
0,0,0.000166666666666667,0,0,0,0.0045,0.0188333333333333,0.0628333333333333,149100
0,0,0.000166666666666667,0,0,0,0.0045,0.0188333333333333,0.0626666666666667,149200
0,0,0.000166666666666667,0,0,0,0.0045,0.0186666666666667,0.0623333333333333,149300
0,0,0.000166666666666667,0,0,0,0.0045,0.0185,0.0618333333333333,149400
0,0,0.000166666666666667,0,0,0,0.0045,0.0183333333333333,0.0608333333333333,149500
0,0,0.000166666666666667,0,0,0,0.0045,0.0178333333333333,0.0603333333333333,149600
0,0,0.000166666666666667,0,0,0,0.0045,0.0178333333333333,0.0601666666666667,149700
0,0,0.000166666666666667,0,0,0,0.0045,0.0178333333333333,0.0595,149800
0,0,0.000166666666666667,0,0,0,0.0045,0.0176666666666667,0.059,149900
0,0,0.000166666666666667,0,0,0,0.0045,0.0175,0.0585,150000
0,0,0.000166666666666667,0,0,0,0.0045,0.0175,0.0581666666666667,150100
0,0,0.000166666666666667,0,0,0,0.0045,0.0173333333333333,0.0573333333333333,150200
0,0,0.000166666666666667,0,0,0,0.00433333333333333,0.0173333333333333,0.0571666666666667,150300
0,0,0.000166666666666667,0,0,0,0.00433333333333333,0.0171666666666667,0.0568333333333333,150400
0,0,0.000166666666666667,0,0,0,0.00433333333333333,0.0171666666666667,0.0565,150500
0,0,0.000166666666666667,0,0,0,0.00433333333333333,0.0171666666666667,0.0563333333333333,150600
0,0,0.000166666666666667,0,0,0,0.00433333333333333,0.0171666666666667,0.0561666666666667,150700
0,0,0.000166666666666667,0,0,0,0.00433333333333333,0.0171666666666667,0.0558333333333333,150800
0,0,0.000166666666666667,0,0,0,0.00433333333333333,0.017,0.0558333333333333,150900
0,0,0.000166666666666667,0,0,0,0.00433333333333333,0.0168333333333333,0.0558333333333333,151000
0,0,0.000166666666666667,0,0,0,0.00433333333333333,0.0166666666666667,0.0556666666666667,151100
0,0,0.000166666666666667,0,0,0,0.00433333333333333,0.0165,0.0553333333333333,151200
0,0,0.000166666666666667,0,0,0,0.00433333333333333,0.0165,0.0548333333333333,151300
0,0,0.000166666666666667,0,0,0,0.00433333333333333,0.0163333333333333,0.0543333333333333,151400
0,0,0,0,0,0,0.00433333333333333,0.0161666666666667,0.0538333333333333,151500
0,0,0,0,0,0,0.00433333333333333,0.0161666666666667,0.0535,151600
0,0,0,0,0,0,0.00433333333333333,0.0161666666666667,0.0533333333333333,151700
0,0,0,0,0,0,0.00433333333333333,0.0161666666666667,0.053,151800
0,0,0,0,0,0,0.00433333333333333,0.0161666666666667,0.0528333333333333,151900
0,0,0,0,0,0,0.00433333333333333,0.0158333333333333,0.0525,152000
0,0,0,0,0,0,0.00433333333333333,0.0156666666666667,0.0518333333333333,152100
0,0,0,0,0,0,0.00433333333333333,0.0156666666666667,0.0518333333333333,152200
0,0,0,0,0,0,0.00433333333333333,0.0156666666666667,0.0515,152300
0,0,0,0,0,0,0.00433333333333333,0.0155,0.0511666666666667,152400
0,0,0,0,0,0,0.00433333333333333,0.0153333333333333,0.0505,152500
0,0,0,0,0,0,0.00433333333333333,0.0151666666666667,0.0503333333333333,152600
0,0,0,0,0,0,0.00416666666666667,0.0151666666666667,0.0501666666666667,152700
0,0,0,0,0,0,0.004,0.0151666666666667,0.0498333333333333,152800
0,0,0,0,0,0,0.004,0.0151666666666667,0.0496666666666667,152900
0,0,0,0,0,0,0.004,0.0148333333333333,0.0493333333333333,153000
0,0,0,0,0,0,0.004,0.0148333333333333,0.0488333333333333,153100
0,0,0,0,0,0,0.004,0.0148333333333333,0.0488333333333333,153200
0,0,0,0,0,0,0.004,0.0148333333333333,0.0488333333333333,153300
0,0,0,0,0,0,0.004,0.0148333333333333,0.0488333333333333,153400
0,0,0,0,0,0,0.004,0.0148333333333333,0.0486666666666667,153500
0,0,0,0,0,0,0.004,0.0145,0.0486666666666667,153600
0,0,0,0,0,0,0.004,0.0143333333333333,0.0486666666666667,153700
0,0,0,0,0,0,0.004,0.0143333333333333,0.0486666666666667,153800
0,0,0,0,0,0,0.004,0.0143333333333333,0.0483333333333333,153900
0,0,0,0,0,0,0.004,0.0143333333333333,0.0483333333333333,154000
0,0,0,0,0,0,0.00383333333333333,0.0141666666666667,0.0483333333333333,154100
0,0,0,0,0,0,0.00366666666666667,0.0141666666666667,0.0481666666666667,154200
0,0,0,0,0,0,0.00366666666666667,0.0141666666666667,0.048,154300
0,0,0,0,0,0,0.00366666666666667,0.0141666666666667,0.048,154400
0,0,0,0,0,0,0.00366666666666667,0.0141666666666667,0.0476666666666667,154500
0,0,0,0,0,0,0.0035,0.014,0.0473333333333333,154600
0,0,0,0,0,0,0.0035,0.014,0.0473333333333333,154700
0,0,0,0,0,0,0.0035,0.014,0.0463333333333333,154800
0,0,0,0,0,0,0.0035,0.0136666666666667,0.0461666666666667,154900
0,0,0,0,0,0,0.0035,0.0135,0.0458333333333333,155000
0,0,0,0,0,0,0.00333333333333333,0.0133333333333333,0.0455,155100
0,0,0,0,0,0,0.00333333333333333,0.0133333333333333,0.0451666666666667,155200
0,0,0,0,0,0,0.00333333333333333,0.0133333333333333,0.0451666666666667,155300
0,0,0,0,0,0,0.00333333333333333,0.0133333333333333,0.0451666666666667,155400
0,0,0,0,0,0,0.00333333333333333,0.0131666666666667,0.0451666666666667,155500
0,0,0,0,0,0,0.00333333333333333,0.013,0.0451666666666667,155600
0,0,0,0,0,0,0.00333333333333333,0.0128333333333333,0.0451666666666667,155700
0,0,0,0,0,0,0.00333333333333333,0.0128333333333333,0.045,155800
0,0,0,0,0,0,0.00316666666666667,0.0126666666666667,0.0446666666666667,155900
0,0,0,0,0,0,0.00316666666666667,0.0126666666666667,0.0445,156000
0,0,0,0,0,0,0.00316666666666667,0.0126666666666667,0.0441666666666667,156100
0,0,0,0,0,0,0.00283333333333333,0.0126666666666667,0.0438333333333333,156200
0,0,0,0,0,0,0.00283333333333333,0.0125,0.0436666666666667,156300
0,0,0,0,0,0,0.00283333333333333,0.0125,0.0436666666666667,156400
0,0,0,0,0,0,0.00283333333333333,0.0123333333333333,0.0435,156500
0,0,0,0,0,0,0.00283333333333333,0.0123333333333333,0.0433333333333333,156600
0,0,0,0,0,0,0.00283333333333333,0.0123333333333333,0.043,156700
0,0,0,0,0,0,0.00266666666666667,0.0123333333333333,0.0428333333333333,156800
0,0,0,0,0,0,0.00266666666666667,0.0121666666666667,0.0425,156900
0,0,0,0,0,0,0.00266666666666667,0.0121666666666667,0.0423333333333333,157000
0,0,0,0,0,0,0.00266666666666667,0.012,0.0418333333333333,157100
0,0,0,0,0,0,0.00266666666666667,0.012,0.0416666666666667,157200
0,0,0,0,0,0,0.0025,0.012,0.0415,157300
0,0,0,0,0,0,0.0025,0.012,0.041,157400
0,0,0,0,0,0,0.0025,0.012,0.0408333333333333,157500
0,0,0,0,0,0,0.0025,0.012,0.0408333333333333,157600
0,0,0,0,0,0,0.0025,0.012,0.0406666666666667,157700
0,0,0,0,0,0,0.0025,0.012,0.0405,157800
0,0,0,0,0,0,0.0025,0.012,0.0403333333333333,157900
0,0,0,0,0,0,0.00216666666666667,0.012,0.0401666666666667,158000
0,0,0,0,0,0,0.00216666666666667,0.012,0.0398333333333333,158100
0,0,0,0,0,0,0.00216666666666667,0.012,0.0395,158200
0,0,0,0,0,0,0.00216666666666667,0.012,0.0395,158300
0,0,0,0,0,0,0.00216666666666667,0.012,0.0391666666666667,158400
0,0,0,0,0,0,0.00216666666666667,0.0118333333333333,0.0388333333333333,158500
0,0,0,0,0,0,0.00216666666666667,0.0118333333333333,0.0386666666666667,158600
0,0,0,0,0,0,0.00216666666666667,0.0118333333333333,0.0383333333333333,158700
0,0,0,0,0,0,0.00216666666666667,0.0115,0.0376666666666667,158800
0,0,0,0,0,0,0.00216666666666667,0.0113333333333333,0.0376666666666667,158900
0,0,0,0,0,0,0.00216666666666667,0.0113333333333333,0.0375,159000
0,0,0,0,0,0,0.00216666666666667,0.0113333333333333,0.0373333333333333,159100
0,0,0,0,0,0,0.00216666666666667,0.0111666666666667,0.0373333333333333,159200
0,0,0,0,0,0,0.00216666666666667,0.0111666666666667,0.0373333333333333,159300
0,0,0,0,0,0,0.00216666666666667,0.0111666666666667,0.0371666666666667,159400
0,0,0,0,0,0,0.00216666666666667,0.011,0.0371666666666667,159500
0,0,0,0,0,0,0.00216666666666667,0.011,0.037,159600
0,0,0,0,0,0,0.00216666666666667,0.011,0.037,159700
0,0,0,0,0,0,0.00216666666666667,0.0108333333333333,0.0368333333333333,159800
0,0,0,0,0,0,0.00216666666666667,0.0106666666666667,0.0366666666666667,159900
0,0,0,0,0,0,0.00216666666666667,0.0105,0.0361666666666667,160000
0,0,0,0,0,0,0.00216666666666667,0.0105,0.036,160100
0,0,0,0,0,0,0.00216666666666667,0.0105,0.036,160200
0,0,0,0,0,0,0.00216666666666667,0.0105,0.0358333333333333,160300
0,0,0,0,0,0,0.00216666666666667,0.0105,0.0356666666666667,160400
0,0,0,0,0,0,0.002,0.0105,0.0355,160500
0,0,0,0,0,0,0.002,0.0105,0.0351666666666667,160600
0,0,0,0,0,0,0.002,0.0105,0.035,160700
0,0,0,0,0,0,0.002,0.0105,0.0348333333333333,160800
0,0,0,0,0,0,0.002,0.0105,0.0341666666666667,160900
0,0,0,0,0,0,0.002,0.0103333333333333,0.0336666666666667,161000
0,0,0,0,0,0,0.002,0.0101666666666667,0.0331666666666667,161100
0,0,0,0,0,0,0.002,0.01,0.0328333333333333,161200
0,0,0,0,0,0,0.002,0.01,0.0326666666666667,161300
0,0,0,0,0,0,0.002,0.01,0.0326666666666667,161400
0,0,0,0,0,0,0.002,0.01,0.0321666666666667,161500
0,0,0,0,0,0,0.002,0.01,0.0316666666666667,161600
0,0,0,0,0,0,0.002,0.01,0.0315,161700
0,0,0,0,0,0,0.00183333333333333,0.00983333333333333,0.0311666666666667,161800
0,0,0,0,0,0,0.00183333333333333,0.00983333333333333,0.031,161900
0,0,0,0,0,0,0.00183333333333333,0.00983333333333333,0.0308333333333333,162000
0,0,0,0,0,0,0.00183333333333333,0.00966666666666667,0.0303333333333333,162100
0,0,0,0,0,0,0.00183333333333333,0.00966666666666667,0.0301666666666667,162200
0,0,0,0,0,0,0.00183333333333333,0.0095,0.0301666666666667,162300
0,0,0,0,0,0,0.00183333333333333,0.00933333333333333,0.03,162400
0,0,0,0,0,0,0.00183333333333333,0.00916666666666667,0.03,162500
0,0,0,0,0,0,0.00183333333333333,0.00916666666666667,0.03,162600
0,0,0,0,0,0,0.00183333333333333,0.00916666666666667,0.0298333333333333,162700
0,0,0,0,0,0,0.00166666666666667,0.00916666666666667,0.0296666666666667,162800
0,0,0,0,0,0,0.00166666666666667,0.00916666666666667,0.0295,162900
0,0,0,0,0,0,0.00166666666666667,0.009,0.0293333333333333,163000
0,0,0,0,0,0,0.00166666666666667,0.009,0.0293333333333333,163100
0,0,0,0,0,0,0.00166666666666667,0.009,0.0293333333333333,163200
0,0,0,0,0,0,0.00166666666666667,0.009,0.029,163300
0,0,0,0,0,0,0.0015,0.009,0.029,163400
0,0,0,0,0,0,0.0015,0.009,0.0286666666666667,163500
0,0,0,0,0,0,0.0015,0.009,0.0285,163600
0,0,0,0,0,0,0.0015,0.009,0.0285,163700
0,0,0,0,0,0,0.0015,0.00883333333333333,0.0285,163800
0,0,0,0,0,0,0.0015,0.00883333333333333,0.0285,163900
0,0,0,0,0,0,0.0015,0.00883333333333333,0.0285,164000
0,0,0,0,0,0,0.0015,0.00883333333333333,0.0285,164100
0,0,0,0,0,0,0.0015,0.00866666666666667,0.0285,164200
0,0,0,0,0,0,0.0015,0.00866666666666667,0.0281666666666667,164300
0,0,0,0,0,0,0.0015,0.00866666666666667,0.0276666666666667,164400
0,0,0,0,0,0,0.0015,0.00866666666666667,0.0275,164500
0,0,0,0,0,0,0.0015,0.00866666666666667,0.0273333333333333,164600
0,0,0,0,0,0,0.0015,0.00866666666666667,0.0273333333333333,164700
0,0,0,0,0,0,0.00133333333333333,0.00866666666666667,0.0271666666666667,164800
0,0,0,0,0,0,0.00133333333333333,0.00866666666666667,0.027,164900
0,0,0,0,0,0,0.00133333333333333,0.00866666666666667,0.0268333333333333,165000
0,0,0,0,0,0,0.00133333333333333,0.00866666666666667,0.0266666666666667,165100
0,0,0,0,0,0,0.00116666666666667,0.00866666666666667,0.0266666666666667,165200
0,0,0,0,0,0,0.00116666666666667,0.00866666666666667,0.0266666666666667,165300
0,0,0,0,0,0,0.00116666666666667,0.0085,0.0265,165400
0,0,0,0,0,0,0.001,0.0085,0.0263333333333333,165500
0,0,0,0,0,0,0.001,0.0085,0.026,165600
0,0,0,0,0,0,0.001,0.0085,0.026,165700
0,0,0,0,0,0,0.001,0.0085,0.0258333333333333,165800
0,0,0,0,0,0,0.001,0.0085,0.0256666666666667,165900
0,0,0,0,0,0,0.001,0.0085,0.0255,166000
0,0,0,0,0,0,0.001,0.0085,0.0253333333333333,166100
0,0,0,0,0,0,0.001,0.0085,0.0246666666666667,166200
0,0,0,0,0,0,0.001,0.0085,0.0245,166300
0,0,0,0,0,0,0.001,0.0085,0.0245,166400
0,0,0,0,0,0,0.001,0.0085,0.0243333333333333,166500
0,0,0,0,0,0,0.001,0.0085,0.0243333333333333,166600
0,0,0,0,0,0,0.001,0.0085,0.0243333333333333,166700
0,0,0,0,0,0,0.001,0.0085,0.0241666666666667,166800
0,0,0,0,0,0,0.001,0.0085,0.0236666666666667,166900
0,0,0,0,0,0,0.001,0.0085,0.0233333333333333,167000
0,0,0,0,0,0,0.001,0.00833333333333333,0.023,167100
0,0,0,0,0,0,0.001,0.00816666666666667,0.0228333333333333,167200
0,0,0,0,0,0,0.001,0.00816666666666667,0.0226666666666667,167300
0,0,0,0,0,0,0.001,0.008,0.0226666666666667,167400
0,0,0,0,0,0,0.001,0.00783333333333333,0.0226666666666667,167500
0,0,0,0,0,0,0.001,0.00783333333333333,0.0225,167600
0,0,0,0,0,0,0.001,0.00783333333333333,0.0225,167700
0,0,0,0,0,0,0.001,0.00783333333333333,0.0225,167800
0,0,0,0,0,0,0.001,0.00766666666666667,0.0223333333333333,167900
0,0,0,0,0,0,0.001,0.00766666666666667,0.0223333333333333,168000
0,0,0,0,0,0,0.001,0.00766666666666667,0.0221666666666667,168100
0,0,0,0,0,0,0.001,0.00766666666666667,0.022,168200
0,0,0,0,0,0,0.001,0.00766666666666667,0.0216666666666667,168300
0,0,0,0,0,0,0.001,0.0075,0.0216666666666667,168400
0,0,0,0,0,0,0.001,0.00716666666666667,0.0216666666666667,168500
0,0,0,0,0,0,0.001,0.00716666666666667,0.0216666666666667,168600
0,0,0,0,0,0,0.001,0.007,0.0216666666666667,168700
0,0,0,0,0,0,0.001,0.007,0.0213333333333333,168800
0,0,0,0,0,0,0.001,0.007,0.0211666666666667,168900
0,0,0,0,0,0,0.001,0.007,0.021,169000
0,0,0,0,0,0,0.001,0.007,0.021,169100
0,0,0,0,0,0,0.001,0.007,0.021,169200
0,0,0,0,0,0,0.001,0.007,0.021,169300
0,0,0,0,0,0,0.001,0.007,0.0208333333333333,169400
0,0,0,0,0,0,0.001,0.007,0.0208333333333333,169500
0,0,0,0,0,0,0.000833333333333333,0.007,0.0205,169600
0,0,0,0,0,0,0.000833333333333333,0.007,0.0205,169700
0,0,0,0,0,0,0.000833333333333333,0.007,0.0201666666666667,169800
0,0,0,0,0,0,0.000833333333333333,0.007,0.02,169900
0,0,0,0,0,0,0.000833333333333333,0.007,0.0196666666666667,170000
0,0,0,0,0,0,0.000833333333333333,0.007,0.0196666666666667,170100
0,0,0,0,0,0,0.000833333333333333,0.007,0.0196666666666667,170200
0,0,0,0,0,0,0.000833333333333333,0.00666666666666667,0.0196666666666667,170300
0,0,0,0,0,0,0.000833333333333333,0.00666666666666667,0.0193333333333333,170400
0,0,0,0,0,0,0.000833333333333333,0.00666666666666667,0.0191666666666667,170500
0,0,0,0,0,0,0.000833333333333333,0.00666666666666667,0.0191666666666667,170600
0,0,0,0,0,0,0.000833333333333333,0.00666666666666667,0.0191666666666667,170700
0,0,0,0,0,0,0.000833333333333333,0.00666666666666667,0.0191666666666667,170800
0,0,0,0,0,0,0.000833333333333333,0.00666666666666667,0.019,170900
0,0,0,0,0,0,0.000833333333333333,0.00666666666666667,0.0188333333333333,171000
0,0,0,0,0,0,0.000833333333333333,0.00666666666666667,0.0188333333333333,171100
0,0,0,0,0,0,0.000833333333333333,0.00666666666666667,0.0188333333333333,171200
0,0,0,0,0,0,0.000833333333333333,0.00666666666666667,0.0188333333333333,171300
0,0,0,0,0,0,0.000833333333333333,0.00666666666666667,0.0188333333333333,171400
0,0,0,0,0,0,0.000833333333333333,0.00666666666666667,0.0188333333333333,171500
0,0,0,0,0,0,0.000833333333333333,0.00666666666666667,0.0186666666666667,171600
0,0,0,0,0,0,0.000833333333333333,0.00666666666666667,0.0185,171700
0,0,0,0,0,0,0.000833333333333333,0.0065,0.0183333333333333,171800
0,0,0,0,0,0,0.000833333333333333,0.00633333333333333,0.018,171900
0,0,0,0,0,0,0.000833333333333333,0.00633333333333333,0.0178333333333333,172000
0,0,0,0,0,0,0.000833333333333333,0.00633333333333333,0.0178333333333333,172100
0,0,0,0,0,0,0.000833333333333333,0.00616666666666667,0.0178333333333333,172200
0,0,0,0,0,0,0.000833333333333333,0.00616666666666667,0.0176666666666667,172300
0,0,0,0,0,0,0.000833333333333333,0.00616666666666667,0.0175,172400
0,0,0,0,0,0,0.000833333333333333,0.00616666666666667,0.0175,172500
0,0,0,0,0,0,0.000833333333333333,0.00616666666666667,0.0175,172600
0,0,0,0,0,0,0.000833333333333333,0.00616666666666667,0.0173333333333333,172700
0,0,0,0,0,0,0.000833333333333333,0.00616666666666667,0.0173333333333333,172800
0,0,0,0,0,0,0.000833333333333333,0.00616666666666667,0.0171666666666667,172900
0,0,0,0,0,0,0.000833333333333333,0.00616666666666667,0.0171666666666667,173000
0,0,0,0,0,0,0.000833333333333333,0.00616666666666667,0.0171666666666667,173100
0,0,0,0,0,0,0.000833333333333333,0.006,0.0171666666666667,173200
0,0,0,0,0,0,0.000833333333333333,0.006,0.0171666666666667,173300
0,0,0,0,0,0,0.000833333333333333,0.006,0.0171666666666667,173400
0,0,0,0,0,0,0.000833333333333333,0.00583333333333333,0.017,173500
0,0,0,0,0,0,0.000833333333333333,0.00583333333333333,0.0168333333333333,173600
0,0,0,0,0,0,0.000833333333333333,0.00583333333333333,0.0166666666666667,173700
0,0,0,0,0,0,0.000833333333333333,0.00583333333333333,0.0165,173800
0,0,0,0,0,0,0.000833333333333333,0.00566666666666667,0.0165,173900
0,0,0,0,0,0,0.000833333333333333,0.00566666666666667,0.0165,174000
0,0,0,0,0,0,0.000833333333333333,0.0055,0.0163333333333333,174100
0,0,0,0,0,0,0.000833333333333333,0.0055,0.0161666666666667,174200
0,0,0,0,0,0,0.000833333333333333,0.0055,0.0161666666666667,174300
0,0,0,0,0,0,0.000833333333333333,0.0055,0.0161666666666667,174400
0,0,0,0,0,0,0.000833333333333333,0.0055,0.0161666666666667,174500
0,0,0,0,0,0,0.000833333333333333,0.0055,0.0161666666666667,174600
0,0,0,0,0,0,0.000833333333333333,0.0055,0.0158333333333333,174700
0,0,0,0,0,0,0.000833333333333333,0.0055,0.0158333333333333,174800
0,0,0,0,0,0,0.000833333333333333,0.0055,0.0156666666666667,174900
0,0,0,0,0,0,0.000833333333333333,0.0055,0.0156666666666667,175000
0,0,0,0,0,0,0.000833333333333333,0.0055,0.0155,175100
0,0,0,0,0,0,0.000833333333333333,0.0055,0.0155,175200
0,0,0,0,0,0,0.000833333333333333,0.0055,0.0153333333333333,175300
0,0,0,0,0,0,0.000833333333333333,0.00533333333333333,0.0153333333333333,175400
0,0,0,0,0,0,0.000833333333333333,0.00533333333333333,0.0151666666666667,175500
0,0,0,0,0,0,0.000833333333333333,0.00533333333333333,0.0151666666666667,175600
0,0,0,0,0,0,0.000833333333333333,0.00516666666666667,0.0151666666666667,175700
0,0,0,0,0,0,0.000833333333333333,0.005,0.0148333333333333,175800
0,0,0,0,0,0,0.000833333333333333,0.005,0.0148333333333333,175900
0,0,0,0,0,0,0.000833333333333333,0.005,0.0148333333333333,176000
0,0,0,0,0,0,0.000833333333333333,0.005,0.0148333333333333,176100
0,0,0,0,0,0,0.000833333333333333,0.005,0.0148333333333333,176200
0,0,0,0,0,0,0.000833333333333333,0.005,0.0148333333333333,176300
0,0,0,0,0,0,0.000833333333333333,0.005,0.0148333333333333,176400
0,0,0,0,0,0,0.000833333333333333,0.005,0.0148333333333333,176500
0,0,0,0,0,0,0.000833333333333333,0.00483333333333333,0.0145,176600
0,0,0,0,0,0,0.000833333333333333,0.00483333333333333,0.0143333333333333,176700
0,0,0,0,0,0,0.000833333333333333,0.00483333333333333,0.0143333333333333,176800
0,0,0,0,0,0,0.000833333333333333,0.00483333333333333,0.0143333333333333,176900
0,0,0,0,0,0,0.000833333333333333,0.00483333333333333,0.0143333333333333,177000
0,0,0,0,0,0,0.000833333333333333,0.00483333333333333,0.0143333333333333,177100
0,0,0,0,0,0,0.000833333333333333,0.00483333333333333,0.0141666666666667,177200
0,0,0,0,0,0,0.000833333333333333,0.00483333333333333,0.0141666666666667,177300
0,0,0,0,0,0,0.000833333333333333,0.00466666666666667,0.0141666666666667,177400
0,0,0,0,0,0,0.000833333333333333,0.00466666666666667,0.0141666666666667,177500
0,0,0,0,0,0,0.000833333333333333,0.0045,0.0141666666666667,177600
0,0,0,0,0,0,0.000833333333333333,0.0045,0.014,177700
0,0,0,0,0,0,0.000833333333333333,0.0045,0.014,177800
0,0,0,0,0,0,0.000833333333333333,0.0045,0.014,177900
0,0,0,0,0,0,0.000833333333333333,0.0045,0.014,178000
0,0,0,0,0,0,0.000833333333333333,0.0045,0.0136666666666667,178100
0,0,0,0,0,0,0.000833333333333333,0.0045,0.0135,178200
0,0,0,0,0,0,0.000833333333333333,0.0045,0.0133333333333333,178300
0,0,0,0,0,0,0.000833333333333333,0.0045,0.0133333333333333,178400
0,0,0,0,0,0,0.000833333333333333,0.0045,0.0133333333333333,178500
0,0,0,0,0,0,0.000833333333333333,0.0045,0.0133333333333333,178600
0,0,0,0,0,0,0.000833333333333333,0.0045,0.0131666666666667,178700
0,0,0,0,0,0,0.000833333333333333,0.0045,0.0131666666666667,178800
0,0,0,0,0,0,0.000833333333333333,0.0045,0.013,178900
0,0,0,0,0,0,0.000833333333333333,0.00433333333333333,0.0128333333333333,179000
0,0,0,0,0,0,0.000833333333333333,0.00433333333333333,0.0128333333333333,179100
0,0,0,0,0,0,0.000833333333333333,0.00433333333333333,0.0126666666666667,179200
0,0,0,0,0,0,0.000833333333333333,0.00433333333333333,0.0126666666666667,179300
0,0,0,0,0,0,0.000833333333333333,0.00433333333333333,0.0126666666666667,179400
0,0,0,0,0,0,0.000833333333333333,0.00433333333333333,0.0126666666666667,179500
0,0,0,0,0,0,0.000833333333333333,0.00433333333333333,0.0125,179600
0,0,0,0,0,0,0.000833333333333333,0.00433333333333333,0.0125,179700
0,0,0,0,0,0,0.000833333333333333,0.00433333333333333,0.0125,179800
0,0,0,0,0,0,0.000833333333333333,0.00433333333333333,0.0123333333333333,179900
0,0,0,0,0,0,0.000833333333333333,0.00433333333333333,0.0123333333333333,180000
0,0,0,0,0,0,0.000833333333333333,0.00433333333333333,0.0123333333333333,180100
0,0,0,0,0,0,0.000833333333333333,0.00433333333333333,0.0123333333333333,180200
0,0,0,0,0,0,0.000833333333333333,0.00433333333333333,0.0123333333333333,180300
0,0,0,0,0,0,0.000833333333333333,0.00433333333333333,0.0121666666666667,180400
0,0,0,0,0,0,0.000833333333333333,0.00433333333333333,0.0121666666666667,180500
0,0,0,0,0,0,0.000833333333333333,0.00433333333333333,0.012,180600
0,0,0,0,0,0,0.000833333333333333,0.00433333333333333,0.012,180700
0,0,0,0,0,0,0.000833333333333333,0.00433333333333333,0.012,180800
0,0,0,0,0,0,0.000833333333333333,0.00433333333333333,0.012,180900
0,0,0,0,0,0,0.000833333333333333,0.00433333333333333,0.012,181000
0,0,0,0,0,0,0.000833333333333333,0.00433333333333333,0.012,181100
0,0,0,0,0,0,0.000833333333333333,0.00433333333333333,0.012,181200
0,0,0,0,0,0,0.000833333333333333,0.00433333333333333,0.012,181300
0,0,0,0,0,0,0.000833333333333333,0.00433333333333333,0.012,181400
0,0,0,0,0,0,0.000833333333333333,0.00433333333333333,0.012,181500
0,0,0,0,0,0,0.000833333333333333,0.00433333333333333,0.012,181600
0,0,0,0,0,0,0.000666666666666667,0.00433333333333333,0.012,181700
0,0,0,0,0,0,0.000666666666666667,0.00416666666666667,0.012,181800
0,0,0,0,0,0,0.000666666666666667,0.00416666666666667,0.012,181900
0,0,0,0,0,0,0.000666666666666667,0.004,0.012,182000
0,0,0,0,0,0,0.000666666666666667,0.004,0.012,182100
0,0,0,0,0,0,0.000666666666666667,0.004,0.0118333333333333,182200
0,0,0,0,0,0,0.000666666666666667,0.004,0.0118333333333333,182300
0,0,0,0,0,0,0.000666666666666667,0.004,0.0118333333333333,182400
0,0,0,0,0,0,0.000666666666666667,0.004,0.0116666666666667,182500
0,0,0,0,0,0,0.000666666666666667,0.004,0.0115,182600
0,0,0,0,0,0,0.000666666666666667,0.004,0.0113333333333333,182700
0,0,0,0,0,0,0.000666666666666667,0.004,0.0113333333333333,182800
0,0,0,0,0,0,0.000666666666666667,0.004,0.0113333333333333,182900
0,0,0,0,0,0,0.000666666666666667,0.004,0.0111666666666667,183000
0,0,0,0,0,0,5e-04,0.004,0.0111666666666667,183100
0,0,0,0,0,0,5e-04,0.004,0.0111666666666667,183200
0,0,0,0,0,0,5e-04,0.004,0.0111666666666667,183300
0,0,0,0,0,0,5e-04,0.004,0.011,183400
0,0,0,0,0,0,5e-04,0.00383333333333333,0.011,183500
0,0,0,0,0,0,5e-04,0.00366666666666667,0.011,183600
0,0,0,0,0,0,5e-04,0.00366666666666667,0.0108333333333333,183700
0,0,0,0,0,0,5e-04,0.00366666666666667,0.0108333333333333,183800
0,0,0,0,0,0,5e-04,0.00366666666666667,0.0106666666666667,183900
0,0,0,0,0,0,5e-04,0.00366666666666667,0.0105,184000
0,0,0,0,0,0,5e-04,0.0035,0.0105,184100
0,0,0,0,0,0,5e-04,0.0035,0.0105,184200
0,0,0,0,0,0,5e-04,0.0035,0.0105,184300
0,0,0,0,0,0,5e-04,0.0035,0.0105,184400
0,0,0,0,0,0,5e-04,0.0035,0.0105,184500
0,0,0,0,0,0,5e-04,0.0035,0.0105,184600
0,0,0,0,0,0,5e-04,0.0035,0.0105,184700
0,0,0,0,0,0,5e-04,0.00333333333333333,0.0105,184800
0,0,0,0,0,0,5e-04,0.00333333333333333,0.0105,184900
0,0,0,0,0,0,5e-04,0.00333333333333333,0.0105,185000
0,0,0,0,0,0,5e-04,0.00333333333333333,0.0103333333333333,185100
0,0,0,0,0,0,5e-04,0.00333333333333333,0.0101666666666667,185200
0,0,0,0,0,0,5e-04,0.00333333333333333,0.01,185300
0,0,0,0,0,0,5e-04,0.00333333333333333,0.01,185400
0,0,0,0,0,0,5e-04,0.00333333333333333,0.01,185500
0,0,0,0,0,0,5e-04,0.00333333333333333,0.01,185600
0,0,0,0,0,0,5e-04,0.00316666666666667,0.01,185700
0,0,0,0,0,0,5e-04,0.00316666666666667,0.01,185800
0,0,0,0,0,0,5e-04,0.00316666666666667,0.01,185900
0,0,0,0,0,0,5e-04,0.00283333333333333,0.00983333333333333,186000
0,0,0,0,0,0,5e-04,0.00283333333333333,0.00983333333333333,186100
0,0,0,0,0,0,5e-04,0.00283333333333333,0.00983333333333333,186200
0,0,0,0,0,0,5e-04,0.00283333333333333,0.00966666666666667,186300
0,0,0,0,0,0,5e-04,0.00283333333333333,0.00966666666666667,186400
0,0,0,0,0,0,5e-04,0.00283333333333333,0.0095,186500
0,0,0,0,0,0,5e-04,0.00283333333333333,0.0095,186600
0,0,0,0,0,0,5e-04,0.00283333333333333,0.00933333333333333,186700
0,0,0,0,0,0,5e-04,0.00266666666666667,0.00916666666666667,186800
0,0,0,0,0,0,5e-04,0.00266666666666667,0.00916666666666667,186900
0,0,0,0,0,0,5e-04,0.00266666666666667,0.00916666666666667,187000
0,0,0,0,0,0,5e-04,0.00266666666666667,0.00916666666666667,187100
0,0,0,0,0,0,5e-04,0.00266666666666667,0.00916666666666667,187200
0,0,0,0,0,0,5e-04,0.0025,0.00916666666666667,187300
0,0,0,0,0,0,5e-04,0.0025,0.009,187400
0,0,0,0,0,0,5e-04,0.0025,0.009,187500
0,0,0,0,0,0,5e-04,0.0025,0.009,187600
0,0,0,0,0,0,5e-04,0.0025,0.009,187700
0,0,0,0,0,0,5e-04,0.0025,0.009,187800
0,0,0,0,0,0,5e-04,0.0025,0.009,187900
0,0,0,0,0,0,5e-04,0.0025,0.009,188000
0,0,0,0,0,0,5e-04,0.00233333333333333,0.009,188100
0,0,0,0,0,0,5e-04,0.00216666666666667,0.009,188200
0,0,0,0,0,0,5e-04,0.00216666666666667,0.00883333333333333,188300
0,0,0,0,0,0,5e-04,0.00216666666666667,0.00883333333333333,188400
0,0,0,0,0,0,5e-04,0.00216666666666667,0.00883333333333333,188500
0,0,0,0,0,0,5e-04,0.00216666666666667,0.00883333333333333,188600
0,0,0,0,0,0,5e-04,0.00216666666666667,0.00866666666666667,188700
0,0,0,0,0,0,5e-04,0.00216666666666667,0.00866666666666667,188800
0,0,0,0,0,0,5e-04,0.00216666666666667,0.00866666666666667,188900
0,0,0,0,0,0,5e-04,0.00216666666666667,0.00866666666666667,189000
0,0,0,0,0,0,5e-04,0.00216666666666667,0.00866666666666667,189100
0,0,0,0,0,0,5e-04,0.00216666666666667,0.00866666666666667,189200
0,0,0,0,0,0,5e-04,0.00216666666666667,0.00866666666666667,189300
0,0,0,0,0,0,5e-04,0.00216666666666667,0.00866666666666667,189400
0,0,0,0,0,0,5e-04,0.00216666666666667,0.00866666666666667,189500
0,0,0,0,0,0,5e-04,0.00216666666666667,0.00866666666666667,189600
0,0,0,0,0,0,5e-04,0.00216666666666667,0.00866666666666667,189700
0,0,0,0,0,0,5e-04,0.00216666666666667,0.00866666666666667,189800
0,0,0,0,0,0,5e-04,0.00216666666666667,0.00866666666666667,189900
0,0,0,0,0,0,5e-04,0.00216666666666667,0.00866666666666667,190000
0,0,0,0,0,0,5e-04,0.00216666666666667,0.0085,190100
0,0,0,0,0,0,5e-04,0.00216666666666667,0.0085,190200
0,0,0,0,0,0,5e-04,0.00216666666666667,0.0085,190300
0,0,0,0,0,0,5e-04,0.00216666666666667,0.0085,190400
0,0,0,0,0,0,5e-04,0.00216666666666667,0.0085,190500
0,0,0,0,0,0,5e-04,0.00216666666666667,0.0085,190600
0,0,0,0,0,0,5e-04,0.00216666666666667,0.0085,190700
0,0,0,0,0,0,5e-04,0.00216666666666667,0.0085,190800
0,0,0,0,0,0,5e-04,0.00216666666666667,0.0085,190900
0,0,0,0,0,0,5e-04,0.00216666666666667,0.0085,191000
0,0,0,0,0,0,5e-04,0.00216666666666667,0.0085,191100
0,0,0,0,0,0,5e-04,0.002,0.0085,191200
0,0,0,0,0,0,5e-04,0.002,0.0085,191300
0,0,0,0,0,0,5e-04,0.002,0.0085,191400
0,0,0,0,0,0,5e-04,0.002,0.0085,191500
0,0,0,0,0,0,5e-04,0.002,0.0085,191600
0,0,0,0,0,0,5e-04,0.002,0.0085,191700
0,0,0,0,0,0,5e-04,0.002,0.0085,191800
0,0,0,0,0,0,5e-04,0.002,0.0085,191900
0,0,0,0,0,0,5e-04,0.002,0.0085,192000
0,0,0,0,0,0,5e-04,0.002,0.00833333333333333,192100
0,0,0,0,0,0,5e-04,0.002,0.00816666666666667,192200
0,0,0,0,0,0,5e-04,0.002,0.00816666666666667,192300
0,0,0,0,0,0,5e-04,0.002,0.008,192400
0,0,0,0,0,0,5e-04,0.002,0.008,192500
0,0,0,0,0,0,5e-04,0.002,0.00783333333333333,192600
0,0,0,0,0,0,5e-04,0.00183333333333333,0.00783333333333333,192700
0,0,0,0,0,0,5e-04,0.00183333333333333,0.00783333333333333,192800
0,0,0,0,0,0,5e-04,0.00183333333333333,0.00783333333333333,192900
0,0,0,0,0,0,5e-04,0.00183333333333333,0.00766666666666667,193000
0,0,0,0,0,0,5e-04,0.00183333333333333,0.00766666666666667,193100
0,0,0,0,0,0,5e-04,0.00183333333333333,0.00766666666666667,193200
0,0,0,0,0,0,5e-04,0.00183333333333333,0.00766666666666667,193300
0,0,0,0,0,0,5e-04,0.00183333333333333,0.00766666666666667,193400
0,0,0,0,0,0,5e-04,0.00183333333333333,0.00766666666666667,193500
0,0,0,0,0,0,5e-04,0.00183333333333333,0.0075,193600
0,0,0,0,0,0,5e-04,0.00183333333333333,0.00716666666666667,193700
0,0,0,0,0,0,5e-04,0.00183333333333333,0.00716666666666667,193800
0,0,0,0,0,0,5e-04,0.00166666666666667,0.007,193900
0,0,0,0,0,0,5e-04,0.00166666666666667,0.007,194000
0,0,0,0,0,0,5e-04,0.00166666666666667,0.007,194100
0,0,0,0,0,0,5e-04,0.00166666666666667,0.007,194200
0,0,0,0,0,0,5e-04,0.00166666666666667,0.007,194300
0,0,0,0,0,0,5e-04,0.00166666666666667,0.007,194400
0,0,0,0,0,0,5e-04,0.00166666666666667,0.007,194500
0,0,0,0,0,0,5e-04,0.0015,0.007,194600
0,0,0,0,0,0,5e-04,0.0015,0.007,194700
0,0,0,0,0,0,5e-04,0.0015,0.007,194800
0,0,0,0,0,0,5e-04,0.0015,0.007,194900
0,0,0,0,0,0,5e-04,0.0015,0.007,195000
0,0,0,0,0,0,5e-04,0.0015,0.007,195100
0,0,0,0,0,0,5e-04,0.0015,0.007,195200
0,0,0,0,0,0,5e-04,0.0015,0.007,195300
0,0,0,0,0,0,5e-04,0.0015,0.007,195400
0,0,0,0,0,0,5e-04,0.0015,0.007,195500
0,0,0,0,0,0,5e-04,0.0015,0.007,195600
0,0,0,0,0,0,5e-04,0.0015,0.007,195700
0,0,0,0,0,0,5e-04,0.0015,0.00666666666666667,195800
0,0,0,0,0,0,5e-04,0.0015,0.00666666666666667,195900
0,0,0,0,0,0,5e-04,0.0015,0.00666666666666667,196000
0,0,0,0,0,0,5e-04,0.0015,0.00666666666666667,196100
0,0,0,0,0,0,5e-04,0.0015,0.00666666666666667,196200
0,0,0,0,0,0,5e-04,0.00133333333333333,0.00666666666666667,196300
0,0,0,0,0,0,5e-04,0.00133333333333333,0.00666666666666667,196400
0,0,0,0,0,0,5e-04,0.00133333333333333,0.00666666666666667,196500
0,0,0,0,0,0,5e-04,0.00133333333333333,0.00666666666666667,196600
0,0,0,0,0,0,5e-04,0.00116666666666667,0.00666666666666667,196700
0,0,0,0,0,0,5e-04,0.00116666666666667,0.00666666666666667,196800
0,0,0,0,0,0,5e-04,0.00116666666666667,0.00666666666666667,196900
0,0,0,0,0,0,5e-04,0.00116666666666667,0.00666666666666667,197000
0,0,0,0,0,0,5e-04,0.001,0.00666666666666667,197100
0,0,0,0,0,0,5e-04,0.001,0.00666666666666667,197200
0,0,0,0,0,0,5e-04,0.001,0.00666666666666667,197300
0,0,0,0,0,0,5e-04,0.001,0.0065,197400
0,0,0,0,0,0,5e-04,0.001,0.0065,197500
0,0,0,0,0,0,5e-04,0.001,0.00633333333333333,197600
0,0,0,0,0,0,5e-04,0.001,0.00633333333333333,197700
0,0,0,0,0,0,5e-04,0.001,0.00633333333333333,197800
0,0,0,0,0,0,5e-04,0.001,0.00633333333333333,197900
0,0,0,0,0,0,5e-04,0.001,0.00616666666666667,198000
0,0,0,0,0,0,5e-04,0.001,0.00616666666666667,198100
0,0,0,0,0,0,5e-04,0.001,0.00616666666666667,198200
0,0,0,0,0,0,5e-04,0.001,0.00616666666666667,198300
0,0,0,0,0,0,5e-04,0.001,0.00616666666666667,198400
0,0,0,0,0,0,5e-04,0.001,0.00616666666666667,198500
0,0,0,0,0,0,5e-04,0.001,0.00616666666666667,198600
0,0,0,0,0,0,5e-04,0.001,0.00616666666666667,198700
0,0,0,0,0,0,5e-04,0.001,0.00616666666666667,198800
0,0,0,0,0,0,5e-04,0.001,0.00616666666666667,198900
0,0,0,0,0,0,5e-04,0.001,0.00616666666666667,199000
0,0,0,0,0,0,5e-04,0.001,0.006,199100
0,0,0,0,0,0,5e-04,0.001,0.006,199200
0,0,0,0,0,0,5e-04,0.001,0.006,199300
0,0,0,0,0,0,5e-04,0.001,0.00583333333333333,199400
0,0,0,0,0,0,5e-04,0.001,0.00583333333333333,199500
0,0,0,0,0,0,5e-04,0.001,0.00583333333333333,199600
0,0,0,0,0,0,5e-04,0.001,0.00583333333333333,199700
0,0,0,0,0,0,5e-04,0.001,0.00583333333333333,199800
0,0,0,0,0,0,5e-04,0.001,0.00566666666666667,199900
0,0,0,0,0,0,5e-04,0.001,0.00566666666666667,2e+05
0,0,0,0,0,0,5e-04,0.001,0.00566666666666667,200100
0,0,0,0,0,0,5e-04,0.001,0.0055,200200
0,0,0,0,0,0,5e-04,0.001,0.0055,200300
0,0,0,0,0,0,5e-04,0.001,0.0055,200400
0,0,0,0,0,0,5e-04,0.001,0.0055,200500
0,0,0,0,0,0,5e-04,0.001,0.0055,200600
0,0,0,0,0,0,5e-04,0.001,0.0055,200700
0,0,0,0,0,0,5e-04,0.001,0.0055,200800
0,0,0,0,0,0,5e-04,0.001,0.0055,200900
0,0,0,0,0,0,5e-04,0.001,0.0055,201000
0,0,0,0,0,0,5e-04,0.001,0.0055,201100
0,0,0,0,0,0,5e-04,0.001,0.0055,201200
0,0,0,0,0,0,5e-04,0.001,0.0055,201300
0,0,0,0,0,0,5e-04,0.001,0.0055,201400
0,0,0,0,0,0,5e-04,0.001,0.0055,201500
0,0,0,0,0,0,5e-04,0.001,0.00533333333333333,201600
0,0,0,0,0,0,5e-04,0.001,0.00533333333333333,201700
0,0,0,0,0,0,5e-04,0.001,0.00533333333333333,201800
0,0,0,0,0,0,5e-04,0.001,0.00533333333333333,201900
0,0,0,0,0,0,5e-04,0.000833333333333333,0.00516666666666667,202000
0,0,0,0,0,0,5e-04,0.000833333333333333,0.005,202100
0,0,0,0,0,0,5e-04,0.000833333333333333,0.005,202200
0,0,0,0,0,0,5e-04,0.000833333333333333,0.005,202300
0,0,0,0,0,0,5e-04,0.000833333333333333,0.005,202400
0,0,0,0,0,0,5e-04,0.000833333333333333,0.005,202500
0,0,0,0,0,0,5e-04,0.000833333333333333,0.005,202600
0,0,0,0,0,0,5e-04,0.000833333333333333,0.005,202700
0,0,0,0,0,0,5e-04,0.000833333333333333,0.005,202800
0,0,0,0,0,0,5e-04,0.000833333333333333,0.005,202900
0,0,0,0,0,0,5e-04,0.000833333333333333,0.00483333333333333,203000
0,0,0,0,0,0,5e-04,0.000833333333333333,0.00483333333333333,203100
0,0,0,0,0,0,5e-04,0.000833333333333333,0.00483333333333333,203200
0,0,0,0,0,0,5e-04,0.000833333333333333,0.00483333333333333,203300
0,0,0,0,0,0,5e-04,0.000833333333333333,0.00483333333333333,203400
0,0,0,0,0,0,5e-04,0.000833333333333333,0.00483333333333333,203500
0,0,0,0,0,0,5e-04,0.000833333333333333,0.00483333333333333,203600
0,0,0,0,0,0,5e-04,0.000833333333333333,0.00483333333333333,203700
0,0,0,0,0,0,5e-04,0.000833333333333333,0.00483333333333333,203800
0,0,0,0,0,0,5e-04,0.000833333333333333,0.00483333333333333,203900
0,0,0,0,0,0,5e-04,0.000833333333333333,0.00466666666666667,204000
0,0,0,0,0,0,5e-04,0.000833333333333333,0.0045,204100
0,0,0,0,0,0,5e-04,0.000833333333333333,0.0045,204200
0,0,0,0,0,0,5e-04,0.000833333333333333,0.0045,204300
0,0,0,0,0,0,5e-04,0.000833333333333333,0.0045,204400
0,0,0,0,0,0,5e-04,0.000833333333333333,0.0045,204500
0,0,0,0,0,0,5e-04,0.000833333333333333,0.0045,204600
0,0,0,0,0,0,5e-04,0.000833333333333333,0.0045,204700
0,0,0,0,0,0,5e-04,0.000833333333333333,0.0045,204800
0,0,0,0,0,0,5e-04,0.000833333333333333,0.0045,204900
0,0,0,0,0,0,5e-04,0.000833333333333333,0.0045,205000
0,0,0,0,0,0,5e-04,0.000833333333333333,0.0045,205100
0,0,0,0,0,0,5e-04,0.000833333333333333,0.0045,205200
0,0,0,0,0,0,5e-04,0.000833333333333333,0.0045,205300
0,0,0,0,0,0,5e-04,0.000833333333333333,0.0045,205400
0,0,0,0,0,0,5e-04,0.000833333333333333,0.0045,205500
0,0,0,0,0,0,5e-04,0.000833333333333333,0.0045,205600
0,0,0,0,0,0,5e-04,0.000833333333333333,0.00433333333333333,205700
0,0,0,0,0,0,5e-04,0.000833333333333333,0.00433333333333333,205800
0,0,0,0,0,0,5e-04,0.000833333333333333,0.00433333333333333,205900
0,0,0,0,0,0,5e-04,0.000833333333333333,0.00433333333333333,206000
0,0,0,0,0,0,5e-04,0.000833333333333333,0.00433333333333333,206100
0,0,0,0,0,0,5e-04,0.000833333333333333,0.00433333333333333,206200
0,0,0,0,0,0,5e-04,0.000833333333333333,0.00433333333333333,206300
0,0,0,0,0,0,5e-04,0.000833333333333333,0.00433333333333333,206400
0,0,0,0,0,0,5e-04,0.000833333333333333,0.00433333333333333,206500
0,0,0,0,0,0,5e-04,0.000833333333333333,0.00433333333333333,206600
0,0,0,0,0,0,5e-04,0.000833333333333333,0.00433333333333333,206700
0,0,0,0,0,0,5e-04,0.000833333333333333,0.00433333333333333,206800
0,0,0,0,0,0,5e-04,0.000833333333333333,0.00433333333333333,206900
0,0,0,0,0,0,5e-04,0.000833333333333333,0.00433333333333333,207000
0,0,0,0,0,0,5e-04,0.000833333333333333,0.00433333333333333,207100
0,0,0,0,0,0,5e-04,0.000833333333333333,0.00433333333333333,207200
0,0,0,0,0,0,5e-04,0.000833333333333333,0.00433333333333333,207300
0,0,0,0,0,0,5e-04,0.000833333333333333,0.00433333333333333,207400
0,0,0,0,0,0,5e-04,0.000833333333333333,0.00433333333333333,207500
0,0,0,0,0,0,5e-04,0.000833333333333333,0.00433333333333333,207600
0,0,0,0,0,0,5e-04,0.000833333333333333,0.00433333333333333,207700
0,0,0,0,0,0,5e-04,0.000833333333333333,0.00433333333333333,207800
0,0,0,0,0,0,5e-04,0.000833333333333333,0.00433333333333333,207900
0,0,0,0,0,0,5e-04,0.000833333333333333,0.00433333333333333,208000
0,0,0,0,0,0,5e-04,0.000833333333333333,0.00433333333333333,208100
0,0,0,0,0,0,5e-04,0.000833333333333333,0.00433333333333333,208200
0,0,0,0,0,0,5e-04,0.000833333333333333,0.00433333333333333,208300
0,0,0,0,0,0,5e-04,0.000833333333333333,0.00433333333333333,208400
0,0,0,0,0,0,5e-04,0.000833333333333333,0.00433333333333333,208500
0,0,0,0,0,0,5e-04,0.000833333333333333,0.00433333333333333,208600
0,0,0,0,0,0,5e-04,0.000833333333333333,0.00433333333333333,208700
0,0,0,0,0,0,5e-04,0.000833333333333333,0.00433333333333333,208800
0,0,0,0,0,0,5e-04,0.000833333333333333,0.00433333333333333,208900
0,0,0,0,0,0,5e-04,0.000833333333333333,0.00416666666666667,209000
0,0,0,0,0,0,5e-04,0.000833333333333333,0.00416666666666667,209100
0,0,0,0,0,0,5e-04,0.000833333333333333,0.004,209200
0,0,0,0,0,0,5e-04,0.000833333333333333,0.004,209300
0,0,0,0,0,0,5e-04,0.000833333333333333,0.004,209400
0,0,0,0,0,0,5e-04,0.000833333333333333,0.004,209500
0,0,0,0,0,0,5e-04,0.000833333333333333,0.004,209600
0,0,0,0,0,0,5e-04,0.000833333333333333,0.004,209700
0,0,0,0,0,0,5e-04,0.000833333333333333,0.004,209800
0,0,0,0,0,0,5e-04,0.000833333333333333,0.004,209900
0,0,0,0,0,0,5e-04,0.000833333333333333,0.004,210000
0,0,0,0,0,0,5e-04,0.000833333333333333,0.004,210100
0,0,0,0,0,0,5e-04,0.000833333333333333,0.004,210200
0,0,0,0,0,0,5e-04,0.000833333333333333,0.004,210300
0,0,0,0,0,0,5e-04,0.000833333333333333,0.004,210400
0,0,0,0,0,0,5e-04,0.000833333333333333,0.004,210500
0,0,0,0,0,0,5e-04,0.000833333333333333,0.004,210600
0,0,0,0,0,0,5e-04,0.000833333333333333,0.004,210700
0,0,0,0,0,0,5e-04,0.000833333333333333,0.004,210800
0,0,0,0,0,0,5e-04,0.000833333333333333,0.004,210900
0,0,0,0,0,0,5e-04,0.000833333333333333,0.00383333333333333,211000
0,0,0,0,0,0,5e-04,0.000833333333333333,0.00366666666666667,211100
0,0,0,0,0,0,5e-04,0.000833333333333333,0.00366666666666667,211200
0,0,0,0,0,0,5e-04,0.000833333333333333,0.00366666666666667,211300
0,0,0,0,0,0,5e-04,0.000833333333333333,0.00366666666666667,211400
0,0,0,0,0,0,5e-04,0.000833333333333333,0.00366666666666667,211500
0,0,0,0,0,0,5e-04,0.000833333333333333,0.0035,211600
0,0,0,0,0,0,5e-04,0.000833333333333333,0.0035,211700
0,0,0,0,0,0,5e-04,0.000833333333333333,0.0035,211800
0,0,0,0,0,0,5e-04,0.000833333333333333,0.0035,211900
0,0,0,0,0,0,5e-04,0.000833333333333333,0.0035,212000
0,0,0,0,0,0,5e-04,0.000833333333333333,0.0035,212100
0,0,0,0,0,0,5e-04,0.000833333333333333,0.0035,212200
0,0,0,0,0,0,5e-04,0.000833333333333333,0.0035,212300
0,0,0,0,0,0,5e-04,0.000833333333333333,0.00333333333333333,212400
0,0,0,0,0,0,5e-04,0.000833333333333333,0.00333333333333333,212500
0,0,0,0,0,0,5e-04,0.000833333333333333,0.00333333333333333,212600
0,0,0,0,0,0,5e-04,0.000833333333333333,0.00333333333333333,212700
0,0,0,0,0,0,5e-04,0.000833333333333333,0.00333333333333333,212800
0,0,0,0,0,0,5e-04,0.000833333333333333,0.00333333333333333,212900
0,0,0,0,0,0,5e-04,0.000833333333333333,0.00333333333333333,213000
0,0,0,0,0,0,5e-04,0.000833333333333333,0.00333333333333333,213100
0,0,0,0,0,0,5e-04,0.000833333333333333,0.00333333333333333,213200
0,0,0,0,0,0,0.000333333333333333,0.000833333333333333,0.00333333333333333,213300
0,0,0,0,0,0,0.000333333333333333,0.000833333333333333,0.00333333333333333,213400
0,0,0,0,0,0,0.000333333333333333,0.000833333333333333,0.00316666666666667,213500
0,0,0,0,0,0,0.000333333333333333,0.000833333333333333,0.00316666666666667,213600
0,0,0,0,0,0,0.000333333333333333,0.000833333333333333,0.00316666666666667,213700
0,0,0,0,0,0,0.000333333333333333,0.000833333333333333,0.003,213800
0,0,0,0,0,0,0.000333333333333333,0.000833333333333333,0.00283333333333333,213900
0,0,0,0,0,0,0.000333333333333333,0.000833333333333333,0.00283333333333333,214000
0,0,0,0,0,0,0.000333333333333333,0.000833333333333333,0.00283333333333333,214100
0,0,0,0,0,0,0.000333333333333333,0.000833333333333333,0.00283333333333333,214200
0,0,0,0,0,0,0.000333333333333333,0.000833333333333333,0.00283333333333333,214300
0,0,0,0,0,0,0.000333333333333333,0.000833333333333333,0.00283333333333333,214400
0,0,0,0,0,0,0.000333333333333333,0.000833333333333333,0.00283333333333333,214500
0,0,0,0,0,0,0.000333333333333333,0.000833333333333333,0.00283333333333333,214600
0,0,0,0,0,0,0.000333333333333333,0.000833333333333333,0.00266666666666667,214700
0,0,0,0,0,0,0.000333333333333333,0.000833333333333333,0.00266666666666667,214800
0,0,0,0,0,0,0.000333333333333333,0.000833333333333333,0.00266666666666667,214900
0,0,0,0,0,0,0.000333333333333333,0.000833333333333333,0.00266666666666667,215000
0,0,0,0,0,0,0.000333333333333333,0.000833333333333333,0.00266666666666667,215100
0,0,0,0,0,0,0.000333333333333333,0.000833333333333333,0.00266666666666667,215200
0,0,0,0,0,0,0.000333333333333333,0.000833333333333333,0.00266666666666667,215300
0,0,0,0,0,0,0.000333333333333333,0.000833333333333333,0.0025,215400
0,0,0,0,0,0,0.000333333333333333,0.000833333333333333,0.0025,215500
0,0,0,0,0,0,0.000333333333333333,0.000833333333333333,0.0025,215600
0,0,0,0,0,0,0.000333333333333333,0.000833333333333333,0.0025,215700
0,0,0,0,0,0,0.000333333333333333,0.000833333333333333,0.0025,215800
0,0,0,0,0,0,0.000333333333333333,0.000833333333333333,0.0025,215900
0,0,0,0,0,0,0.000333333333333333,0.000833333333333333,0.0025,216000
0,0,0,0,0,0,0.000333333333333333,0.000833333333333333,0.0025,216100
0,0,0,0,0,0,0.000333333333333333,0.000833333333333333,0.00233333333333333,216200
0,0,0,0,0,0,0.000333333333333333,0.000833333333333333,0.00233333333333333,216300
0,0,0,0,0,0,0.000333333333333333,0.000666666666666667,0.00216666666666667,216400
0,0,0,0,0,0,0.000333333333333333,0.000666666666666667,0.00216666666666667,216500
0,0,0,0,0,0,0.000333333333333333,0.000666666666666667,0.00216666666666667,216600
0,0,0,0,0,0,0.000333333333333333,0.000666666666666667,0.00216666666666667,216700
0,0,0,0,0,0,0.000333333333333333,0.000666666666666667,0.00216666666666667,216800
0,0,0,0,0,0,0.000333333333333333,0.000666666666666667,0.00216666666666667,216900
0,0,0,0,0,0,0.000333333333333333,0.000666666666666667,0.00216666666666667,217000
0,0,0,0,0,0,0.000333333333333333,0.000666666666666667,0.00216666666666667,217100
0,0,0,0,0,0,0.000333333333333333,0.000666666666666667,0.00216666666666667,217200
0,0,0,0,0,0,0.000333333333333333,0.000666666666666667,0.00216666666666667,217300
0,0,0,0,0,0,0.000333333333333333,0.000666666666666667,0.00216666666666667,217400
0,0,0,0,0,0,0.000333333333333333,0.000666666666666667,0.00216666666666667,217500
0,0,0,0,0,0,0.000333333333333333,0.000666666666666667,0.00216666666666667,217600
0,0,0,0,0,0,0.000333333333333333,0.000666666666666667,0.00216666666666667,217700
0,0,0,0,0,0,0.000333333333333333,0.000666666666666667,0.00216666666666667,217800
0,0,0,0,0,0,0.000333333333333333,0.000666666666666667,0.00216666666666667,217900
0,0,0,0,0,0,0.000333333333333333,0.000666666666666667,0.00216666666666667,218000
0,0,0,0,0,0,0.000333333333333333,5e-04,0.00216666666666667,218100
0,0,0,0,0,0,0.000333333333333333,5e-04,0.00216666666666667,218200
0,0,0,0,0,0,0.000333333333333333,5e-04,0.00216666666666667,218300
0,0,0,0,0,0,0.000333333333333333,5e-04,0.00216666666666667,218400
0,0,0,0,0,0,0.000333333333333333,5e-04,0.00216666666666667,218500
0,0,0,0,0,0,0.000333333333333333,5e-04,0.00216666666666667,218600
0,0,0,0,0,0,0.000333333333333333,5e-04,0.00216666666666667,218700
0,0,0,0,0,0,0.000333333333333333,5e-04,0.00216666666666667,218800
0,0,0,0,0,0,0.000333333333333333,5e-04,0.00216666666666667,218900
0,0,0,0,0,0,0.000333333333333333,5e-04,0.00216666666666667,219000
0,0,0,0,0,0,0.000333333333333333,5e-04,0.00216666666666667,219100
0,0,0,0,0,0,0.000333333333333333,5e-04,0.00216666666666667,219200
0,0,0,0,0,0,0.000333333333333333,5e-04,0.00216666666666667,219300
0,0,0,0,0,0,0.000333333333333333,5e-04,0.00216666666666667,219400
0,0,0,0,0,0,0.000333333333333333,5e-04,0.00216666666666667,219500
0,0,0,0,0,0,0.000333333333333333,5e-04,0.00216666666666667,219600
0,0,0,0,0,0,0.000333333333333333,5e-04,0.00216666666666667,219700
0,0,0,0,0,0,0.000333333333333333,5e-04,0.002,219800
0,0,0,0,0,0,0.000333333333333333,5e-04,0.002,219900
0,0,0,0,0,0,0.000333333333333333,5e-04,0.002,220000
0,0,0,0,0,0,0.000333333333333333,5e-04,0.002,220100
0,0,0,0,0,0,0.000333333333333333,5e-04,0.002,220200
0,0,0,0,0,0,0.000333333333333333,5e-04,0.002,220300
0,0,0,0,0,0,0.000333333333333333,5e-04,0.002,220400
0,0,0,0,0,0,0.000333333333333333,5e-04,0.002,220500
0,0,0,0,0,0,0.000333333333333333,5e-04,0.002,220600
0,0,0,0,0,0,0.000333333333333333,5e-04,0.002,220700
0,0,0,0,0,0,0.000333333333333333,5e-04,0.002,220800
0,0,0,0,0,0,0.000333333333333333,5e-04,0.002,220900
0,0,0,0,0,0,0.000333333333333333,5e-04,0.002,221000
0,0,0,0,0,0,0.000333333333333333,5e-04,0.002,221100
0,0,0,0,0,0,0.000333333333333333,5e-04,0.002,221200
0,0,0,0,0,0,0.000333333333333333,5e-04,0.002,221300
0,0,0,0,0,0,0.000333333333333333,5e-04,0.002,221400
0,0,0,0,0,0,0.000333333333333333,5e-04,0.002,221500
0,0,0,0,0,0,0.000333333333333333,5e-04,0.00183333333333333,221600
0,0,0,0,0,0,0.000333333333333333,5e-04,0.00183333333333333,221700
0,0,0,0,0,0,0.000333333333333333,5e-04,0.00183333333333333,221800
0,0,0,0,0,0,0.000333333333333333,5e-04,0.00183333333333333,221900
0,0,0,0,0,0,0.000333333333333333,5e-04,0.00183333333333333,222000
0,0,0,0,0,0,0.000333333333333333,5e-04,0.00183333333333333,222100
0,0,0,0,0,0,0.000333333333333333,5e-04,0.00183333333333333,222200
0,0,0,0,0,0,0.000333333333333333,5e-04,0.00183333333333333,222300
0,0,0,0,0,0,0.000333333333333333,5e-04,0.00183333333333333,222400
0,0,0,0,0,0,0.000333333333333333,5e-04,0.00183333333333333,222500
0,0,0,0,0,0,0.000333333333333333,5e-04,0.00183333333333333,222600
0,0,0,0,0,0,0.000333333333333333,5e-04,0.00183333333333333,222700
0,0,0,0,0,0,0.000333333333333333,5e-04,0.00183333333333333,222800
0,0,0,0,0,0,0.000333333333333333,5e-04,0.00166666666666667,222900
0,0,0,0,0,0,0.000333333333333333,5e-04,0.00166666666666667,223000
0,0,0,0,0,0,0.000333333333333333,5e-04,0.00166666666666667,223100
0,0,0,0,0,0,0.000333333333333333,5e-04,0.00166666666666667,223200
0,0,0,0,0,0,0.000333333333333333,5e-04,0.00166666666666667,223300
0,0,0,0,0,0,0.000333333333333333,5e-04,0.00166666666666667,223400
0,0,0,0,0,0,0.000333333333333333,5e-04,0.00166666666666667,223500
0,0,0,0,0,0,0.000333333333333333,5e-04,0.00166666666666667,223600
0,0,0,0,0,0,0.000333333333333333,5e-04,0.0015,223700
0,0,0,0,0,0,0.000333333333333333,5e-04,0.0015,223800
0,0,0,0,0,0,0.000333333333333333,5e-04,0.0015,223900
0,0,0,0,0,0,0.000333333333333333,5e-04,0.0015,224000
0,0,0,0,0,0,0.000333333333333333,5e-04,0.0015,224100
0,0,0,0,0,0,0.000333333333333333,5e-04,0.0015,224200
0,0,0,0,0,0,0.000333333333333333,5e-04,0.0015,224300
0,0,0,0,0,0,0.000333333333333333,5e-04,0.0015,224400
0,0,0,0,0,0,0.000333333333333333,5e-04,0.0015,224500
0,0,0,0,0,0,0.000333333333333333,5e-04,0.0015,224600
0,0,0,0,0,0,0.000333333333333333,5e-04,0.0015,224700
0,0,0,0,0,0,0.000333333333333333,5e-04,0.0015,224800
0,0,0,0,0,0,0.000333333333333333,5e-04,0.0015,224900
0,0,0,0,0,0,0.000333333333333333,5e-04,0.0015,225000
0,0,0,0,0,0,0.000333333333333333,5e-04,0.0015,225100
0,0,0,0,0,0,0.000333333333333333,5e-04,0.0015,225200
0,0,0,0,0,0,0.000333333333333333,5e-04,0.0015,225300
0,0,0,0,0,0,0.000333333333333333,5e-04,0.0015,225400
0,0,0,0,0,0,0.000333333333333333,5e-04,0.0015,225500
0,0,0,0,0,0,0.000333333333333333,5e-04,0.0015,225600
0,0,0,0,0,0,0.000333333333333333,5e-04,0.00133333333333333,225700
0,0,0,0,0,0,0.000333333333333333,5e-04,0.00133333333333333,225800
0,0,0,0,0,0,0.000333333333333333,5e-04,0.00133333333333333,225900
0,0,0,0,0,0,0.000333333333333333,5e-04,0.00133333333333333,226000
0,0,0,0,0,0,0.000333333333333333,5e-04,0.00133333333333333,226100
0,0,0,0,0,0,0.000333333333333333,5e-04,0.00116666666666667,226200
0,0,0,0,0,0,0.000333333333333333,5e-04,0.00116666666666667,226300
0,0,0,0,0,0,0.000333333333333333,5e-04,0.00116666666666667,226400
0,0,0,0,0,0,0.000333333333333333,5e-04,0.00116666666666667,226500
0,0,0,0,0,0,0.000333333333333333,5e-04,0.001,226600
0,0,0,0,0,0,0.000333333333333333,5e-04,0.001,226700
0,0,0,0,0,0,0.000333333333333333,5e-04,0.001,226800
0,0,0,0,0,0,0.000333333333333333,5e-04,0.001,226900
0,0,0,0,0,0,0.000333333333333333,5e-04,0.001,227000
0,0,0,0,0,0,0.000333333333333333,5e-04,0.001,227100
0,0,0,0,0,0,0.000333333333333333,5e-04,0.001,227200
0,0,0,0,0,0,0.000333333333333333,5e-04,0.001,227300
0,0,0,0,0,0,0.000333333333333333,5e-04,0.001,227400
0,0,0,0,0,0,0.000333333333333333,5e-04,0.001,227500
0,0,0,0,0,0,0.000333333333333333,5e-04,0.001,227600
0,0,0,0,0,0,0.000333333333333333,5e-04,0.001,227700
0,0,0,0,0,0,0.000333333333333333,5e-04,0.001,227800
0,0,0,0,0,0,0.000333333333333333,5e-04,0.001,227900
0,0,0,0,0,0,0.000333333333333333,5e-04,0.001,228000
0,0,0,0,0,0,0.000333333333333333,5e-04,0.001,228100
0,0,0,0,0,0,0.000333333333333333,5e-04,0.001,228200
0,0,0,0,0,0,0.000333333333333333,5e-04,0.001,228300
0,0,0,0,0,0,0.000333333333333333,5e-04,0.001,228400
0,0,0,0,0,0,0.000333333333333333,5e-04,0.001,228500
0,0,0,0,0,0,0.000333333333333333,5e-04,0.001,228600
0,0,0,0,0,0,0.000333333333333333,5e-04,0.001,228700
0,0,0,0,0,0,0.000333333333333333,5e-04,0.001,228800
0,0,0,0,0,0,0.000333333333333333,5e-04,0.001,228900
0,0,0,0,0,0,0.000333333333333333,5e-04,0.001,229000
0,0,0,0,0,0,0.000333333333333333,5e-04,0.001,229100
0,0,0,0,0,0,0.000333333333333333,5e-04,0.001,229200
0,0,0,0,0,0,0.000333333333333333,5e-04,0.001,229300
0,0,0,0,0,0,0.000333333333333333,5e-04,0.001,229400
0,0,0,0,0,0,0.000333333333333333,5e-04,0.001,229500
0,0,0,0,0,0,0.000333333333333333,5e-04,0.001,229600
0,0,0,0,0,0,0.000333333333333333,5e-04,0.001,229700
0,0,0,0,0,0,0.000333333333333333,5e-04,0.001,229800
0,0,0,0,0,0,0.000333333333333333,5e-04,0.001,229900
0,0,0,0,0,0,0.000333333333333333,5e-04,0.001,230000
0,0,0,0,0,0,0.000333333333333333,5e-04,0.001,230100
0,0,0,0,0,0,0.000333333333333333,5e-04,0.001,230200
0,0,0,0,0,0,0.000333333333333333,5e-04,0.001,230300
0,0,0,0,0,0,0.000333333333333333,5e-04,0.001,230400
0,0,0,0,0,0,0.000333333333333333,5e-04,0.001,230500
0,0,0,0,0,0,0.000333333333333333,5e-04,0.001,230600
0,0,0,0,0,0,0.000333333333333333,5e-04,0.001,230700
0,0,0,0,0,0,0.000333333333333333,5e-04,0.001,230800
0,0,0,0,0,0,0.000333333333333333,5e-04,0.001,230900
0,0,0,0,0,0,0.000333333333333333,5e-04,0.001,231000
0,0,0,0,0,0,0.000333333333333333,5e-04,0.001,231100
0,0,0,0,0,0,0.000333333333333333,5e-04,0.001,231200
0,0,0,0,0,0,0.000333333333333333,5e-04,0.001,231300
0,0,0,0,0,0,0.000333333333333333,5e-04,0.001,231400
0,0,0,0,0,0,0.000333333333333333,5e-04,0.001,231500
0,0,0,0,0,0,0.000333333333333333,5e-04,0.001,231600
0,0,0,0,0,0,0.000333333333333333,5e-04,0.001,231700
0,0,0,0,0,0,0.000333333333333333,5e-04,0.001,231800
0,0,0,0,0,0,0.000333333333333333,5e-04,0.001,231900
0,0,0,0,0,0,0.000333333333333333,5e-04,0.001,232000
0,0,0,0,0,0,0.000333333333333333,5e-04,0.001,232100
0,0,0,0,0,0,0.000333333333333333,5e-04,0.000833333333333333,232200
0,0,0,0,0,0,0.000333333333333333,5e-04,0.000833333333333333,232300
0,0,0,0,0,0,0.000333333333333333,5e-04,0.000833333333333333,232400
0,0,0,0,0,0,0.000333333333333333,5e-04,0.000833333333333333,232500
0,0,0,0,0,0,0.000333333333333333,5e-04,0.000833333333333333,232600
0,0,0,0,0,0,0.000333333333333333,5e-04,0.000833333333333333,232700
0,0,0,0,0,0,0.000333333333333333,5e-04,0.000833333333333333,232800
0,0,0,0,0,0,0.000333333333333333,5e-04,0.000833333333333333,232900
0,0,0,0,0,0,0.000333333333333333,5e-04,0.000833333333333333,233000
0,0,0,0,0,0,0.000333333333333333,5e-04,0.000833333333333333,233100
0,0,0,0,0,0,0.000333333333333333,5e-04,0.000833333333333333,233200
0,0,0,0,0,0,0.000333333333333333,5e-04,0.000833333333333333,233300
0,0,0,0,0,0,0.000333333333333333,5e-04,0.000833333333333333,233400
0,0,0,0,0,0,0.000333333333333333,5e-04,0.000833333333333333,233500
0,0,0,0,0,0,0.000333333333333333,5e-04,0.000833333333333333,233600
0,0,0,0,0,0,0.000333333333333333,5e-04,0.000833333333333333,233700
0,0,0,0,0,0,0.000333333333333333,5e-04,0.000833333333333333,233800
0,0,0,0,0,0,0.000333333333333333,5e-04,0.000833333333333333,233900
0,0,0,0,0,0,0.000333333333333333,5e-04,0.000833333333333333,234000
0,0,0,0,0,0,0.000333333333333333,5e-04,0.000833333333333333,234100
0,0,0,0,0,0,0.000333333333333333,5e-04,0.000833333333333333,234200
0,0,0,0,0,0,0.000333333333333333,5e-04,0.000833333333333333,234300
0,0,0,0,0,0,0.000333333333333333,5e-04,0.000833333333333333,234400
0,0,0,0,0,0,0.000333333333333333,5e-04,0.000833333333333333,234500
0,0,0,0,0,0,0.000333333333333333,5e-04,0.000833333333333333,234600
0,0,0,0,0,0,0.000333333333333333,5e-04,0.000833333333333333,234700
0,0,0,0,0,0,0.000333333333333333,5e-04,0.000833333333333333,234800
0,0,0,0,0,0,0.000333333333333333,5e-04,0.000833333333333333,234900
0,0,0,0,0,0,0.000333333333333333,5e-04,0.000833333333333333,235000
0,0,0,0,0,0,0.000333333333333333,5e-04,0.000833333333333333,235100
0,0,0,0,0,0,0.000333333333333333,5e-04,0.000833333333333333,235200
0,0,0,0,0,0,0.000333333333333333,5e-04,0.000833333333333333,235300
0,0,0,0,0,0,0.000333333333333333,5e-04,0.000833333333333333,235400
0,0,0,0,0,0,0.000333333333333333,5e-04,0.000833333333333333,235500
0,0,0,0,0,0,0.000333333333333333,5e-04,0.000833333333333333,235600
0,0,0,0,0,0,0.000333333333333333,5e-04,0.000833333333333333,235700
0,0,0,0,0,0,0.000333333333333333,5e-04,0.000833333333333333,235800
0,0,0,0,0,0,0.000333333333333333,5e-04,0.000833333333333333,235900
0,0,0,0,0,0,0.000333333333333333,5e-04,0.000833333333333333,236000
0,0,0,0,0,0,0.000333333333333333,5e-04,0.000833333333333333,236100
0,0,0,0,0,0,0.000333333333333333,5e-04,0.000833333333333333,236200
0,0,0,0,0,0,0.000333333333333333,5e-04,0.000833333333333333,236300
0,0,0,0,0,0,0.000333333333333333,5e-04,0.000833333333333333,236400
0,0,0,0,0,0,0.000333333333333333,5e-04,0.000833333333333333,236500
0,0,0,0,0,0,0.000333333333333333,5e-04,0.000833333333333333,236600
0,0,0,0,0,0,0.000333333333333333,5e-04,0.000833333333333333,236700
0,0,0,0,0,0,0.000333333333333333,5e-04,0.000833333333333333,236800
0,0,0,0,0,0,0.000333333333333333,5e-04,0.000833333333333333,236900
0,0,0,0,0,0,0.000333333333333333,5e-04,0.000833333333333333,237000
0,0,0,0,0,0,0.000333333333333333,5e-04,0.000833333333333333,237100
0,0,0,0,0,0,0.000333333333333333,5e-04,0.000833333333333333,237200
0,0,0,0,0,0,0.000333333333333333,5e-04,0.000833333333333333,237300
0,0,0,0,0,0,0.000333333333333333,5e-04,0.000833333333333333,237400
0,0,0,0,0,0,0.000333333333333333,5e-04,0.000833333333333333,237500
0,0,0,0,0,0,0.000333333333333333,5e-04,0.000833333333333333,237600
0,0,0,0,0,0,0.000333333333333333,5e-04,0.000833333333333333,237700
0,0,0,0,0,0,0.000333333333333333,5e-04,0.000833333333333333,237800
0,0,0,0,0,0,0.000333333333333333,5e-04,0.000833333333333333,237900
0,0,0,0,0,0,0.000333333333333333,5e-04,0.000833333333333333,238000
0,0,0,0,0,0,0.000333333333333333,5e-04,0.000833333333333333,238100
0,0,0,0,0,0,0.000333333333333333,5e-04,0.000833333333333333,238200
0,0,0,0,0,0,0.000333333333333333,5e-04,0.000833333333333333,238300
0,0,0,0,0,0,0.000333333333333333,5e-04,0.000833333333333333,238400
0,0,0,0,0,0,0.000333333333333333,5e-04,0.000833333333333333,238500
0,0,0,0,0,0,0.000333333333333333,5e-04,0.000833333333333333,238600
0,0,0,0,0,0,0.000333333333333333,5e-04,0.000833333333333333,238700
0,0,0,0,0,0,0.000333333333333333,5e-04,0.000833333333333333,238800
0,0,0,0,0,0,0.000333333333333333,5e-04,0.000833333333333333,238900
0,0,0,0,0,0,0.000333333333333333,5e-04,0.000833333333333333,239000
0,0,0,0,0,0,0.000333333333333333,5e-04,0.000833333333333333,239100
0,0,0,0,0,0,0.000333333333333333,5e-04,0.000833333333333333,239200
0,0,0,0,0,0,0.000333333333333333,5e-04,0.000833333333333333,239300
0,0,0,0,0,0,0.000333333333333333,5e-04,0.000833333333333333,239400
0,0,0,0,0,0,0.000333333333333333,5e-04,0.000833333333333333,239500
0,0,0,0,0,0,0.000333333333333333,5e-04,0.000833333333333333,239600
0,0,0,0,0,0,0.000333333333333333,5e-04,0.000833333333333333,239700
0,0,0,0,0,0,0.000333333333333333,5e-04,0.000833333333333333,239800
0,0,0,0,0,0,0.000333333333333333,5e-04,0.000833333333333333,239900
0,0,0,0,0,0,0.000333333333333333,5e-04,0.000833333333333333,240000
0,0,0,0,0,0,0.000333333333333333,5e-04,0.000833333333333333,240100
0,0,0,0,0,0,0.000333333333333333,5e-04,0.000833333333333333,240200
0,0,0,0,0,0,0.000333333333333333,5e-04,0.000833333333333333,240300
0,0,0,0,0,0,0.000333333333333333,5e-04,0.000833333333333333,240400
0,0,0,0,0,0,0.000333333333333333,5e-04,0.000833333333333333,240500
0,0,0,0,0,0,0.000333333333333333,5e-04,0.000833333333333333,240600
0,0,0,0,0,0,0.000333333333333333,5e-04,0.000833333333333333,240700
0,0,0,0,0,0,0.000333333333333333,5e-04,0.000833333333333333,240800
0,0,0,0,0,0,0.000333333333333333,5e-04,0.000833333333333333,240900
0,0,0,0,0,0,0.000333333333333333,5e-04,0.000833333333333333,241000
0,0,0,0,0,0,0.000333333333333333,5e-04,0.000833333333333333,241100
0,0,0,0,0,0,0.000333333333333333,5e-04,0.000833333333333333,241200
0,0,0,0,0,0,0.000333333333333333,5e-04,0.000833333333333333,241300
0,0,0,0,0,0,0.000333333333333333,5e-04,0.000833333333333333,241400
0,0,0,0,0,0,0.000333333333333333,5e-04,0.000833333333333333,241500
0,0,0,0,0,0,0.000333333333333333,5e-04,0.000833333333333333,241600
0,0,0,0,0,0,0.000333333333333333,5e-04,0.000833333333333333,241700
0,0,0,0,0,0,0.000333333333333333,5e-04,0.000833333333333333,241800
0,0,0,0,0,0,0.000333333333333333,5e-04,0.000833333333333333,241900
0,0,0,0,0,0,0.000333333333333333,5e-04,0.000833333333333333,242000
0,0,0,0,0,0,0.000333333333333333,5e-04,0.000833333333333333,242100
0,0,0,0,0,0,0.000333333333333333,5e-04,0.000833333333333333,242200
0,0,0,0,0,0,0.000333333333333333,5e-04,0.000833333333333333,242300
0,0,0,0,0,0,0.000333333333333333,5e-04,0.000833333333333333,242400
0,0,0,0,0,0,0.000333333333333333,5e-04,0.000833333333333333,242500
0,0,0,0,0,0,0.000333333333333333,5e-04,0.000833333333333333,242600
0,0,0,0,0,0,0.000333333333333333,5e-04,0.000833333333333333,242700
0,0,0,0,0,0,0.000333333333333333,5e-04,0.000833333333333333,242800
0,0,0,0,0,0,0.000333333333333333,5e-04,0.000833333333333333,242900
0,0,0,0,0,0,0.000333333333333333,5e-04,0.000833333333333333,243000
0,0,0,0,0,0,0.000333333333333333,5e-04,0.000833333333333333,243100
0,0,0,0,0,0,0.000333333333333333,5e-04,0.000833333333333333,243200
0,0,0,0,0,0,0.000333333333333333,5e-04,0.000833333333333333,243300
0,0,0,0,0,0,0.000333333333333333,5e-04,0.000833333333333333,243400
0,0,0,0,0,0,0.000333333333333333,5e-04,0.000833333333333333,243500
0,0,0,0,0,0,0.000333333333333333,5e-04,0.000833333333333333,243600
0,0,0,0,0,0,0.000333333333333333,5e-04,0.000833333333333333,243700
0,0,0,0,0,0,0.000333333333333333,5e-04,0.000833333333333333,243800
0,0,0,0,0,0,0.000333333333333333,5e-04,0.000833333333333333,243900
0,0,0,0,0,0,0.000333333333333333,5e-04,0.000833333333333333,244000
0,0,0,0,0,0,0.000333333333333333,5e-04,0.000833333333333333,244100
0,0,0,0,0,0,0.000333333333333333,5e-04,0.000833333333333333,244200
0,0,0,0,0,0,0.000333333333333333,5e-04,0.000833333333333333,244300
0,0,0,0,0,0,0.000333333333333333,5e-04,0.000833333333333333,244400
0,0,0,0,0,0,0.000333333333333333,5e-04,0.000833333333333333,244500
0,0,0,0,0,0,0.000333333333333333,5e-04,0.000833333333333333,244600
0,0,0,0,0,0,0.000333333333333333,5e-04,0.000833333333333333,244700
0,0,0,0,0,0,0.000333333333333333,5e-04,0.000833333333333333,244800
0,0,0,0,0,0,0.000333333333333333,5e-04,0.000833333333333333,244900
0,0,0,0,0,0,0.000333333333333333,5e-04,0.000833333333333333,245000
0,0,0,0,0,0,0.000333333333333333,5e-04,0.000833333333333333,245100
0,0,0,0,0,0,0.000333333333333333,5e-04,0.000833333333333333,245200
0,0,0,0,0,0,0.000333333333333333,5e-04,0.000833333333333333,245300
0,0,0,0,0,0,0.000333333333333333,5e-04,0.000833333333333333,245400
0,0,0,0,0,0,0.000333333333333333,5e-04,0.000833333333333333,245500
0,0,0,0,0,0,0.000333333333333333,5e-04,0.000833333333333333,245600
0,0,0,0,0,0,0.000333333333333333,5e-04,0.000833333333333333,245700
0,0,0,0,0,0,0.000333333333333333,5e-04,0.000833333333333333,245800
0,0,0,0,0,0,0.000333333333333333,5e-04,0.000833333333333333,245900
0,0,0,0,0,0,0.000333333333333333,5e-04,0.000833333333333333,246000
0,0,0,0,0,0,0.000333333333333333,5e-04,0.000833333333333333,246100
0,0,0,0,0,0,0.000333333333333333,5e-04,0.000833333333333333,246200
0,0,0,0,0,0,0.000333333333333333,5e-04,0.000833333333333333,246300
0,0,0,0,0,0,0.000333333333333333,5e-04,0.000833333333333333,246400
0,0,0,0,0,0,0.000333333333333333,5e-04,0.000833333333333333,246500
0,0,0,0,0,0,0.000333333333333333,5e-04,0.000833333333333333,246600
0,0,0,0,0,0,0.000333333333333333,5e-04,0.000833333333333333,246700
0,0,0,0,0,0,0.000333333333333333,5e-04,0.000833333333333333,246800
0,0,0,0,0,0,0.000333333333333333,5e-04,0.000833333333333333,246900
0,0,0,0,0,0,0.000333333333333333,5e-04,0.000833333333333333,247000
0,0,0,0,0,0,0.000333333333333333,5e-04,0.000833333333333333,247100
0,0,0,0,0,0,0.000333333333333333,5e-04,0.000833333333333333,247200
0,0,0,0,0,0,0.000333333333333333,5e-04,0.000833333333333333,247300
0,0,0,0,0,0,0.000333333333333333,5e-04,0.000833333333333333,247400
0,0,0,0,0,0,0.000333333333333333,5e-04,0.000833333333333333,247500
0,0,0,0,0,0,0.000333333333333333,5e-04,0.000833333333333333,247600
0,0,0,0,0,0,0.000333333333333333,5e-04,0.000833333333333333,247700
0,0,0,0,0,0,0.000333333333333333,5e-04,0.000833333333333333,247800
0,0,0,0,0,0,0.000333333333333333,5e-04,0.000833333333333333,247900
0,0,0,0,0,0,0.000333333333333333,5e-04,0.000833333333333333,248000
0,0,0,0,0,0,0.000333333333333333,5e-04,0.000833333333333333,248100
0,0,0,0,0,0,0.000333333333333333,5e-04,0.000833333333333333,248200
0,0,0,0,0,0,0.000333333333333333,5e-04,0.000833333333333333,248300
0,0,0,0,0,0,0.000333333333333333,5e-04,0.000833333333333333,248400
0,0,0,0,0,0,0.000333333333333333,5e-04,0.000833333333333333,248500
0,0,0,0,0,0,0.000333333333333333,5e-04,0.000833333333333333,248600
0,0,0,0,0,0,0.000333333333333333,5e-04,0.000833333333333333,248700
0,0,0,0,0,0,0.000333333333333333,5e-04,0.000666666666666667,248800
0,0,0,0,0,0,0.000333333333333333,5e-04,0.000666666666666667,248900
0,0,0,0,0,0,0.000333333333333333,5e-04,0.000666666666666667,249000
0,0,0,0,0,0,0.000333333333333333,5e-04,0.000666666666666667,249100
0,0,0,0,0,0,0.000333333333333333,5e-04,0.000666666666666667,249200
0,0,0,0,0,0,0.000333333333333333,5e-04,0.000666666666666667,249300
0,0,0,0,0,0,0.000333333333333333,5e-04,0.000666666666666667,249400
0,0,0,0,0,0,0.000333333333333333,5e-04,0.000666666666666667,249500
0,0,0,0,0,0,0.000333333333333333,5e-04,0.000666666666666667,249600
0,0,0,0,0,0,0.000333333333333333,5e-04,0.000666666666666667,249700
0,0,0,0,0,0,0.000333333333333333,5e-04,0.000666666666666667,249800
0,0,0,0,0,0,0.000333333333333333,5e-04,0.000666666666666667,249900
0,0,0,0,0,0,0.000333333333333333,5e-04,0.000666666666666667,250000
0,0,0,0,0,0,0.000333333333333333,5e-04,0.000666666666666667,250100
0,0,0,0,0,0,0.000333333333333333,5e-04,0.000666666666666667,250200
0,0,0,0,0,0,0.000333333333333333,5e-04,0.000666666666666667,250300
0,0,0,0,0,0,0.000333333333333333,5e-04,0.000666666666666667,250400
0,0,0,0,0,0,0.000333333333333333,5e-04,0.000666666666666667,250500
0,0,0,0,0,0,0.000333333333333333,5e-04,0.000666666666666667,250600
0,0,0,0,0,0,0.000333333333333333,5e-04,5e-04,250700
0,0,0,0,0,0,0.000333333333333333,5e-04,5e-04,250800
0,0,0,0,0,0,0.000333333333333333,5e-04,5e-04,250900
0,0,0,0,0,0,0.000333333333333333,5e-04,5e-04,251000
0,0,0,0,0,0,0.000333333333333333,5e-04,5e-04,251100
0,0,0,0,0,0,0.000333333333333333,5e-04,5e-04,251200
0,0,0,0,0,0,0.000333333333333333,5e-04,5e-04,251300
0,0,0,0,0,0,0.000333333333333333,5e-04,5e-04,251400
0,0,0,0,0,0,0.000333333333333333,5e-04,5e-04,251500
0,0,0,0,0,0,0.000333333333333333,5e-04,5e-04,251600
0,0,0,0,0,0,0.000333333333333333,5e-04,5e-04,251700
0,0,0,0,0,0,0.000333333333333333,5e-04,5e-04,251800
0,0,0,0,0,0,0.000333333333333333,5e-04,5e-04,251900
0,0,0,0,0,0,0.000333333333333333,5e-04,5e-04,252000
0,0,0,0,0,0,0.000333333333333333,5e-04,5e-04,252100
0,0,0,0,0,0,0.000333333333333333,5e-04,5e-04,252200
0,0,0,0,0,0,0.000333333333333333,5e-04,5e-04,252300
0,0,0,0,0,0,0.000333333333333333,5e-04,5e-04,252400
0,0,0,0,0,0,0.000333333333333333,5e-04,5e-04,252500
0,0,0,0,0,0,0.000333333333333333,5e-04,5e-04,252600
0,0,0,0,0,0,0.000333333333333333,5e-04,5e-04,252700
0,0,0,0,0,0,0.000333333333333333,5e-04,5e-04,252800
0,0,0,0,0,0,0.000333333333333333,5e-04,5e-04,252900
0,0,0,0,0,0,0.000333333333333333,5e-04,5e-04,253000
0,0,0,0,0,0,0.000333333333333333,5e-04,5e-04,253100
0,0,0,0,0,0,0.000333333333333333,5e-04,5e-04,253200
0,0,0,0,0,0,0.000333333333333333,5e-04,5e-04,253300
0,0,0,0,0,0,0.000333333333333333,5e-04,5e-04,253400
0,0,0,0,0,0,0.000333333333333333,5e-04,5e-04,253500
0,0,0,0,0,0,0.000333333333333333,5e-04,5e-04,253600
0,0,0,0,0,0,0.000333333333333333,5e-04,5e-04,253700
0,0,0,0,0,0,0.000333333333333333,5e-04,5e-04,253800
0,0,0,0,0,0,0.000333333333333333,5e-04,5e-04,253900
0,0,0,0,0,0,0.000333333333333333,0.000333333333333333,5e-04,254000
0,0,0,0,0,0,0.000333333333333333,0.000333333333333333,5e-04,254100
0,0,0,0,0,0,0.000333333333333333,0.000333333333333333,5e-04,254200
0,0,0,0,0,0,0.000333333333333333,0.000333333333333333,5e-04,254300
0,0,0,0,0,0,0.000333333333333333,0.000333333333333333,5e-04,254400
0,0,0,0,0,0,0.000333333333333333,0.000333333333333333,5e-04,254500
0,0,0,0,0,0,0.000333333333333333,0.000333333333333333,5e-04,254600
0,0,0,0,0,0,0.000333333333333333,0.000333333333333333,5e-04,254700
0,0,0,0,0,0,0.000333333333333333,0.000333333333333333,5e-04,254800
0,0,0,0,0,0,0.000333333333333333,0.000333333333333333,5e-04,254900
0,0,0,0,0,0,0.000333333333333333,0.000333333333333333,5e-04,255000
0,0,0,0,0,0,0.000333333333333333,0.000333333333333333,5e-04,255100
0,0,0,0,0,0,0.000333333333333333,0.000333333333333333,5e-04,255200
0,0,0,0,0,0,0.000333333333333333,0.000333333333333333,5e-04,255300
0,0,0,0,0,0,0.000333333333333333,0.000333333333333333,5e-04,255400
0,0,0,0,0,0,0.000333333333333333,0.000333333333333333,5e-04,255500
0,0,0,0,0,0,0.000333333333333333,0.000333333333333333,5e-04,255600
0,0,0,0,0,0,0.000333333333333333,0.000333333333333333,5e-04,255700
0,0,0,0,0,0,0.000333333333333333,0.000333333333333333,5e-04,255800
0,0,0,0,0,0,0.000333333333333333,0.000333333333333333,5e-04,255900
0,0,0,0,0,0,0.000333333333333333,0.000333333333333333,5e-04,256000
0,0,0,0,0,0,0.000333333333333333,0.000333333333333333,5e-04,256100
0,0,0,0,0,0,0.000333333333333333,0.000333333333333333,5e-04,256200
0,0,0,0,0,0,0.000333333333333333,0.000333333333333333,5e-04,256300
0,0,0,0,0,0,0.000333333333333333,0.000333333333333333,5e-04,256400
0,0,0,0,0,0,0.000333333333333333,0.000333333333333333,5e-04,256500
0,0,0,0,0,0,0.000333333333333333,0.000333333333333333,5e-04,256600
0,0,0,0,0,0,0.000333333333333333,0.000333333333333333,5e-04,256700
0,0,0,0,0,0,0.000333333333333333,0.000333333333333333,5e-04,256800
0,0,0,0,0,0,0.000333333333333333,0.000333333333333333,5e-04,256900
0,0,0,0,0,0,0.000333333333333333,0.000333333333333333,5e-04,257000
0,0,0,0,0,0,0.000333333333333333,0.000333333333333333,5e-04,257100
0,0,0,0,0,0,0.000333333333333333,0.000333333333333333,5e-04,257200
0,0,0,0,0,0,0.000333333333333333,0.000333333333333333,5e-04,257300
0,0,0,0,0,0,0.000333333333333333,0.000333333333333333,5e-04,257400
0,0,0,0,0,0,0.000333333333333333,0.000333333333333333,5e-04,257500
0,0,0,0,0,0,0.000333333333333333,0.000333333333333333,5e-04,257600
0,0,0,0,0,0,0.000333333333333333,0.000333333333333333,5e-04,257700
0,0,0,0,0,0,0.000333333333333333,0.000333333333333333,5e-04,257800
0,0,0,0,0,0,0.000333333333333333,0.000333333333333333,5e-04,257900
0,0,0,0,0,0,0.000333333333333333,0.000333333333333333,5e-04,258000
0,0,0,0,0,0,0.000333333333333333,0.000333333333333333,5e-04,258100
0,0,0,0,0,0,0.000333333333333333,0.000333333333333333,5e-04,258200
0,0,0,0,0,0,0.000333333333333333,0.000333333333333333,5e-04,258300
0,0,0,0,0,0,0.000333333333333333,0.000333333333333333,5e-04,258400
0,0,0,0,0,0,0.000333333333333333,0.000333333333333333,5e-04,258500
0,0,0,0,0,0,0.000333333333333333,0.000333333333333333,5e-04,258600
0,0,0,0,0,0,0.000333333333333333,0.000333333333333333,5e-04,258700
0,0,0,0,0,0,0.000333333333333333,0.000333333333333333,5e-04,258800
0,0,0,0,0,0,0.000333333333333333,0.000333333333333333,5e-04,258900
0,0,0,0,0,0,0.000333333333333333,0.000333333333333333,5e-04,259000
0,0,0,0,0,0,0.000333333333333333,0.000333333333333333,5e-04,259100
0,0,0,0,0,0,0.000333333333333333,0.000333333333333333,5e-04,259200
0,0,0,0,0,0,0.000333333333333333,0.000333333333333333,5e-04,259300
0,0,0,0,0,0,0.000333333333333333,0.000333333333333333,5e-04,259400
0,0,0,0,0,0,0.000333333333333333,0.000333333333333333,5e-04,259500
0,0,0,0,0,0,0.000333333333333333,0.000333333333333333,5e-04,259600
0,0,0,0,0,0,0.000333333333333333,0.000333333333333333,5e-04,259700
0,0,0,0,0,0,0.000333333333333333,0.000333333333333333,5e-04,259800
0,0,0,0,0,0,0.000333333333333333,0.000333333333333333,5e-04,259900
0,0,0,0,0,0,0.000333333333333333,0.000333333333333333,5e-04,260000
0,0,0,0,0,0,0.000333333333333333,0.000333333333333333,5e-04,260100
0,0,0,0,0,0,0.000333333333333333,0.000333333333333333,5e-04,260200
0,0,0,0,0,0,0.000333333333333333,0.000333333333333333,5e-04,260300
0,0,0,0,0,0,0.000333333333333333,0.000333333333333333,5e-04,260400
0,0,0,0,0,0,0.000333333333333333,0.000333333333333333,5e-04,260500
0,0,0,0,0,0,0.000333333333333333,0.000333333333333333,5e-04,260600
0,0,0,0,0,0,0.000333333333333333,0.000333333333333333,5e-04,260700
0,0,0,0,0,0,0.000333333333333333,0.000333333333333333,5e-04,260800
0,0,0,0,0,0,0.000333333333333333,0.000333333333333333,5e-04,260900
0,0,0,0,0,0,0.000333333333333333,0.000333333333333333,5e-04,261000
0,0,0,0,0,0,0.000333333333333333,0.000333333333333333,5e-04,261100
0,0,0,0,0,0,0.000333333333333333,0.000333333333333333,5e-04,261200
0,0,0,0,0,0,0.000333333333333333,0.000333333333333333,5e-04,261300
0,0,0,0,0,0,0.000333333333333333,0.000333333333333333,5e-04,261400
0,0,0,0,0,0,0.000333333333333333,0.000333333333333333,5e-04,261500
0,0,0,0,0,0,0.000333333333333333,0.000333333333333333,5e-04,261600
0,0,0,0,0,0,0.000333333333333333,0.000333333333333333,5e-04,261700
0,0,0,0,0,0,0.000333333333333333,0.000333333333333333,5e-04,261800
0,0,0,0,0,0,0.000333333333333333,0.000333333333333333,5e-04,261900
0,0,0,0,0,0,0.000333333333333333,0.000333333333333333,5e-04,262000
0,0,0,0,0,0,0.000333333333333333,0.000333333333333333,5e-04,262100
0,0,0,0,0,0,0.000333333333333333,0.000333333333333333,5e-04,262200
0,0,0,0,0,0,0.000333333333333333,0.000333333333333333,5e-04,262300
0,0,0,0,0,0,0.000333333333333333,0.000333333333333333,5e-04,262400
0,0,0,0,0,0,0.000333333333333333,0.000333333333333333,5e-04,262500
0,0,0,0,0,0,0.000333333333333333,0.000333333333333333,5e-04,262600
0,0,0,0,0,0,0.000333333333333333,0.000333333333333333,5e-04,262700
0,0,0,0,0,0,0.000333333333333333,0.000333333333333333,5e-04,262800
0,0,0,0,0,0,0.000333333333333333,0.000333333333333333,5e-04,262900
0,0,0,0,0,0,0.000333333333333333,0.000333333333333333,5e-04,263000
0,0,0,0,0,0,0.000333333333333333,0.000333333333333333,5e-04,263100
0,0,0,0,0,0,0.000333333333333333,0.000333333333333333,5e-04,263200
0,0,0,0,0,0,0.000333333333333333,0.000333333333333333,5e-04,263300
0,0,0,0,0,0,0.000333333333333333,0.000333333333333333,5e-04,263400
0,0,0,0,0,0,0.000333333333333333,0.000333333333333333,5e-04,263500
0,0,0,0,0,0,0.000333333333333333,0.000333333333333333,5e-04,263600
0,0,0,0,0,0,0.000333333333333333,0.000333333333333333,5e-04,263700
0,0,0,0,0,0,0.000333333333333333,0.000333333333333333,5e-04,263800
0,0,0,0,0,0,0.000333333333333333,0.000333333333333333,5e-04,263900
0,0,0,0,0,0,0.000333333333333333,0.000333333333333333,5e-04,264000
0,0,0,0,0,0,0.000333333333333333,0.000333333333333333,5e-04,264100
0,0,0,0,0,0,0.000333333333333333,0.000333333333333333,5e-04,264200
0,0,0,0,0,0,0.000333333333333333,0.000333333333333333,5e-04,264300
0,0,0,0,0,0,0.000333333333333333,0.000333333333333333,5e-04,264400
0,0,0,0,0,0,0.000333333333333333,0.000333333333333333,5e-04,264500
0,0,0,0,0,0,0.000333333333333333,0.000333333333333333,5e-04,264600
0,0,0,0,0,0,0.000333333333333333,0.000333333333333333,5e-04,264700
0,0,0,0,0,0,0.000333333333333333,0.000333333333333333,5e-04,264800
0,0,0,0,0,0,0.000333333333333333,0.000333333333333333,5e-04,264900
0,0,0,0,0,0,0.000333333333333333,0.000333333333333333,5e-04,265000
0,0,0,0,0,0,0.000333333333333333,0.000333333333333333,5e-04,265100
0,0,0,0,0,0,0.000333333333333333,0.000333333333333333,5e-04,265200
0,0,0,0,0,0,0.000333333333333333,0.000333333333333333,5e-04,265300
0,0,0,0,0,0,0.000333333333333333,0.000333333333333333,5e-04,265400
0,0,0,0,0,0,0.000333333333333333,0.000333333333333333,5e-04,265500
0,0,0,0,0,0,0.000333333333333333,0.000333333333333333,5e-04,265600
0,0,0,0,0,0,0.000333333333333333,0.000333333333333333,5e-04,265700
0,0,0,0,0,0,0.000333333333333333,0.000333333333333333,5e-04,265800
0,0,0,0,0,0,0.000333333333333333,0.000333333333333333,5e-04,265900
0,0,0,0,0,0,0.000333333333333333,0.000333333333333333,5e-04,266000
0,0,0,0,0,0,0.000333333333333333,0.000333333333333333,5e-04,266100
0,0,0,0,0,0,0.000333333333333333,0.000333333333333333,5e-04,266200
0,0,0,0,0,0,0.000166666666666667,0.000333333333333333,5e-04,266300
0,0,0,0,0,0,0.000166666666666667,0.000333333333333333,5e-04,266400
0,0,0,0,0,0,0.000166666666666667,0.000333333333333333,5e-04,266500
0,0,0,0,0,0,0.000166666666666667,0.000333333333333333,5e-04,266600
0,0,0,0,0,0,0.000166666666666667,0.000333333333333333,5e-04,266700
0,0,0,0,0,0,0.000166666666666667,0.000333333333333333,5e-04,266800
0,0,0,0,0,0,0.000166666666666667,0.000333333333333333,5e-04,266900
0,0,0,0,0,0,0.000166666666666667,0.000333333333333333,5e-04,267000
0,0,0,0,0,0,0.000166666666666667,0.000333333333333333,5e-04,267100
0,0,0,0,0,0,0.000166666666666667,0.000333333333333333,5e-04,267200
0,0,0,0,0,0,0.000166666666666667,0.000333333333333333,5e-04,267300
0,0,0,0,0,0,0.000166666666666667,0.000333333333333333,5e-04,267400
0,0,0,0,0,0,0.000166666666666667,0.000333333333333333,5e-04,267500
0,0,0,0,0,0,0.000166666666666667,0.000333333333333333,5e-04,267600
0,0,0,0,0,0,0.000166666666666667,0.000333333333333333,5e-04,267700
0,0,0,0,0,0,0.000166666666666667,0.000333333333333333,5e-04,267800
0,0,0,0,0,0,0.000166666666666667,0.000333333333333333,5e-04,267900
0,0,0,0,0,0,0.000166666666666667,0.000333333333333333,5e-04,268000
0,0,0,0,0,0,0.000166666666666667,0.000333333333333333,5e-04,268100
0,0,0,0,0,0,0.000166666666666667,0.000333333333333333,5e-04,268200
0,0,0,0,0,0,0.000166666666666667,0.000333333333333333,5e-04,268300
0,0,0,0,0,0,0.000166666666666667,0.000333333333333333,5e-04,268400
0,0,0,0,0,0,0.000166666666666667,0.000333333333333333,5e-04,268500
0,0,0,0,0,0,0.000166666666666667,0.000333333333333333,5e-04,268600
0,0,0,0,0,0,0.000166666666666667,0.000333333333333333,5e-04,268700
0,0,0,0,0,0,0.000166666666666667,0.000333333333333333,5e-04,268800
0,0,0,0,0,0,0.000166666666666667,0.000333333333333333,5e-04,268900
0,0,0,0,0,0,0.000166666666666667,0.000333333333333333,5e-04,269000
0,0,0,0,0,0,0.000166666666666667,0.000333333333333333,5e-04,269100
0,0,0,0,0,0,0.000166666666666667,0.000333333333333333,5e-04,269200
0,0,0,0,0,0,0.000166666666666667,0.000333333333333333,5e-04,269300
0,0,0,0,0,0,0.000166666666666667,0.000333333333333333,5e-04,269400
0,0,0,0,0,0,0.000166666666666667,0.000333333333333333,5e-04,269500
0,0,0,0,0,0,0.000166666666666667,0.000333333333333333,5e-04,269600
0,0,0,0,0,0,0.000166666666666667,0.000333333333333333,5e-04,269700
0,0,0,0,0,0,0.000166666666666667,0.000333333333333333,5e-04,269800
0,0,0,0,0,0,0.000166666666666667,0.000333333333333333,5e-04,269900
0,0,0,0,0,0,0.000166666666666667,0.000333333333333333,5e-04,270000
0,0,0,0,0,0,0.000166666666666667,0.000333333333333333,5e-04,270100
0,0,0,0,0,0,0.000166666666666667,0.000333333333333333,5e-04,270200
0,0,0,0,0,0,0.000166666666666667,0.000333333333333333,5e-04,270300
0,0,0,0,0,0,0.000166666666666667,0.000333333333333333,5e-04,270400
0,0,0,0,0,0,0.000166666666666667,0.000333333333333333,5e-04,270500
0,0,0,0,0,0,0.000166666666666667,0.000333333333333333,5e-04,270600
0,0,0,0,0,0,0.000166666666666667,0.000333333333333333,5e-04,270700
0,0,0,0,0,0,0.000166666666666667,0.000333333333333333,5e-04,270800
0,0,0,0,0,0,0.000166666666666667,0.000333333333333333,5e-04,270900
0,0,0,0,0,0,0.000166666666666667,0.000333333333333333,5e-04,271000
0,0,0,0,0,0,0.000166666666666667,0.000333333333333333,5e-04,271100
0,0,0,0,0,0,0.000166666666666667,0.000333333333333333,5e-04,271200
0,0,0,0,0,0,0.000166666666666667,0.000333333333333333,5e-04,271300
0,0,0,0,0,0,0.000166666666666667,0.000333333333333333,5e-04,271400
0,0,0,0,0,0,0.000166666666666667,0.000333333333333333,5e-04,271500
0,0,0,0,0,0,0.000166666666666667,0.000333333333333333,5e-04,271600
0,0,0,0,0,0,0.000166666666666667,0.000333333333333333,5e-04,271700
0,0,0,0,0,0,0.000166666666666667,0.000333333333333333,5e-04,271800
0,0,0,0,0,0,0.000166666666666667,0.000333333333333333,5e-04,271900
0,0,0,0,0,0,0.000166666666666667,0.000333333333333333,5e-04,272000
0,0,0,0,0,0,0.000166666666666667,0.000333333333333333,5e-04,272100
0,0,0,0,0,0,0.000166666666666667,0.000333333333333333,5e-04,272200
0,0,0,0,0,0,0.000166666666666667,0.000333333333333333,5e-04,272300
0,0,0,0,0,0,0.000166666666666667,0.000333333333333333,5e-04,272400
0,0,0,0,0,0,0.000166666666666667,0.000333333333333333,5e-04,272500
0,0,0,0,0,0,0.000166666666666667,0.000333333333333333,5e-04,272600
0,0,0,0,0,0,0.000166666666666667,0.000333333333333333,5e-04,272700
0,0,0,0,0,0,0.000166666666666667,0.000333333333333333,5e-04,272800
0,0,0,0,0,0,0.000166666666666667,0.000333333333333333,5e-04,272900
0,0,0,0,0,0,0.000166666666666667,0.000333333333333333,5e-04,273000
0,0,0,0,0,0,0.000166666666666667,0.000333333333333333,5e-04,273100
0,0,0,0,0,0,0.000166666666666667,0.000333333333333333,5e-04,273200
0,0,0,0,0,0,0.000166666666666667,0.000333333333333333,5e-04,273300
0,0,0,0,0,0,0.000166666666666667,0.000333333333333333,5e-04,273400
0,0,0,0,0,0,0.000166666666666667,0.000333333333333333,5e-04,273500
0,0,0,0,0,0,0.000166666666666667,0.000333333333333333,5e-04,273600
0,0,0,0,0,0,0.000166666666666667,0.000333333333333333,5e-04,273700
0,0,0,0,0,0,0.000166666666666667,0.000333333333333333,5e-04,273800
0,0,0,0,0,0,0.000166666666666667,0.000333333333333333,5e-04,273900
0,0,0,0,0,0,0.000166666666666667,0.000333333333333333,5e-04,274000
0,0,0,0,0,0,0.000166666666666667,0.000333333333333333,5e-04,274100
0,0,0,0,0,0,0.000166666666666667,0.000333333333333333,5e-04,274200
0,0,0,0,0,0,0.000166666666666667,0.000333333333333333,5e-04,274300
0,0,0,0,0,0,0.000166666666666667,0.000333333333333333,5e-04,274400
0,0,0,0,0,0,0.000166666666666667,0.000333333333333333,5e-04,274500
0,0,0,0,0,0,0.000166666666666667,0.000333333333333333,5e-04,274600
0,0,0,0,0,0,0.000166666666666667,0.000333333333333333,5e-04,274700
0,0,0,0,0,0,0.000166666666666667,0.000333333333333333,5e-04,274800
0,0,0,0,0,0,0.000166666666666667,0.000333333333333333,5e-04,274900
0,0,0,0,0,0,0.000166666666666667,0.000333333333333333,5e-04,275000
0,0,0,0,0,0,0.000166666666666667,0.000333333333333333,5e-04,275100
0,0,0,0,0,0,0.000166666666666667,0.000333333333333333,5e-04,275200
0,0,0,0,0,0,0.000166666666666667,0.000333333333333333,5e-04,275300
0,0,0,0,0,0,0.000166666666666667,0.000333333333333333,5e-04,275400
0,0,0,0,0,0,0.000166666666666667,0.000333333333333333,5e-04,275500
0,0,0,0,0,0,0.000166666666666667,0.000333333333333333,5e-04,275600
0,0,0,0,0,0,0.000166666666666667,0.000333333333333333,5e-04,275700
0,0,0,0,0,0,0.000166666666666667,0.000333333333333333,5e-04,275800
0,0,0,0,0,0,0.000166666666666667,0.000333333333333333,5e-04,275900
0,0,0,0,0,0,0.000166666666666667,0.000333333333333333,5e-04,276000
0,0,0,0,0,0,0.000166666666666667,0.000333333333333333,5e-04,276100
0,0,0,0,0,0,0.000166666666666667,0.000333333333333333,5e-04,276200
0,0,0,0,0,0,0.000166666666666667,0.000333333333333333,5e-04,276300
0,0,0,0,0,0,0.000166666666666667,0.000333333333333333,5e-04,276400
0,0,0,0,0,0,0.000166666666666667,0.000333333333333333,5e-04,276500
0,0,0,0,0,0,0.000166666666666667,0.000333333333333333,5e-04,276600
0,0,0,0,0,0,0.000166666666666667,0.000333333333333333,5e-04,276700
0,0,0,0,0,0,0.000166666666666667,0.000333333333333333,5e-04,276800
0,0,0,0,0,0,0.000166666666666667,0.000333333333333333,5e-04,276900
0,0,0,0,0,0,0.000166666666666667,0.000333333333333333,5e-04,277000
0,0,0,0,0,0,0.000166666666666667,0.000333333333333333,5e-04,277100
0,0,0,0,0,0,0.000166666666666667,0.000333333333333333,5e-04,277200
0,0,0,0,0,0,0.000166666666666667,0.000333333333333333,5e-04,277300
0,0,0,0,0,0,0.000166666666666667,0.000333333333333333,5e-04,277400
0,0,0,0,0,0,0.000166666666666667,0.000333333333333333,5e-04,277500
0,0,0,0,0,0,0.000166666666666667,0.000333333333333333,5e-04,277600
0,0,0,0,0,0,0.000166666666666667,0.000333333333333333,5e-04,277700
0,0,0,0,0,0,0.000166666666666667,0.000333333333333333,5e-04,277800
0,0,0,0,0,0,0.000166666666666667,0.000333333333333333,5e-04,277900
0,0,0,0,0,0,0.000166666666666667,0.000333333333333333,5e-04,278000
0,0,0,0,0,0,0.000166666666666667,0.000333333333333333,5e-04,278100
0,0,0,0,0,0,0.000166666666666667,0.000333333333333333,5e-04,278200
0,0,0,0,0,0,0.000166666666666667,0.000333333333333333,5e-04,278300
0,0,0,0,0,0,0.000166666666666667,0.000333333333333333,5e-04,278400
0,0,0,0,0,0,0.000166666666666667,0.000333333333333333,5e-04,278500
0,0,0,0,0,0,0.000166666666666667,0.000333333333333333,5e-04,278600
0,0,0,0,0,0,0.000166666666666667,0.000333333333333333,5e-04,278700
0,0,0,0,0,0,0.000166666666666667,0.000333333333333333,5e-04,278800
0,0,0,0,0,0,0.000166666666666667,0.000333333333333333,5e-04,278900
0,0,0,0,0,0,0.000166666666666667,0.000333333333333333,5e-04,279000
0,0,0,0,0,0,0.000166666666666667,0.000333333333333333,5e-04,279100
0,0,0,0,0,0,0.000166666666666667,0.000333333333333333,5e-04,279200
0,0,0,0,0,0,0.000166666666666667,0.000333333333333333,5e-04,279300
0,0,0,0,0,0,0.000166666666666667,0.000333333333333333,5e-04,279400
0,0,0,0,0,0,0.000166666666666667,0.000333333333333333,5e-04,279500
0,0,0,0,0,0,0.000166666666666667,0.000333333333333333,5e-04,279600
0,0,0,0,0,0,0.000166666666666667,0.000333333333333333,5e-04,279700
0,0,0,0,0,0,0.000166666666666667,0.000333333333333333,5e-04,279800
0,0,0,0,0,0,0.000166666666666667,0.000333333333333333,5e-04,279900
0,0,0,0,0,0,0.000166666666666667,0.000333333333333333,5e-04,280000
0,0,0,0,0,0,0.000166666666666667,0.000333333333333333,5e-04,280100
0,0,0,0,0,0,0.000166666666666667,0.000333333333333333,5e-04,280200
0,0,0,0,0,0,0.000166666666666667,0.000333333333333333,5e-04,280300
0,0,0,0,0,0,0.000166666666666667,0.000333333333333333,5e-04,280400
0,0,0,0,0,0,0.000166666666666667,0.000333333333333333,5e-04,280500
0,0,0,0,0,0,0.000166666666666667,0.000333333333333333,5e-04,280600
0,0,0,0,0,0,0.000166666666666667,0.000333333333333333,5e-04,280700
0,0,0,0,0,0,0.000166666666666667,0.000333333333333333,5e-04,280800
0,0,0,0,0,0,0.000166666666666667,0.000333333333333333,5e-04,280900
0,0,0,0,0,0,0.000166666666666667,0.000333333333333333,5e-04,281000
0,0,0,0,0,0,0.000166666666666667,0.000333333333333333,5e-04,281100
0,0,0,0,0,0,0.000166666666666667,0.000333333333333333,5e-04,281200
0,0,0,0,0,0,0.000166666666666667,0.000333333333333333,5e-04,281300
0,0,0,0,0,0,0.000166666666666667,0.000333333333333333,5e-04,281400
0,0,0,0,0,0,0.000166666666666667,0.000333333333333333,5e-04,281500
0,0,0,0,0,0,0.000166666666666667,0.000333333333333333,5e-04,281600
0,0,0,0,0,0,0.000166666666666667,0.000333333333333333,5e-04,281700
0,0,0,0,0,0,0.000166666666666667,0.000333333333333333,5e-04,281800
0,0,0,0,0,0,0.000166666666666667,0.000333333333333333,5e-04,281900
0,0,0,0,0,0,0.000166666666666667,0.000333333333333333,5e-04,282000
0,0,0,0,0,0,0.000166666666666667,0.000333333333333333,5e-04,282100
0,0,0,0,0,0,0.000166666666666667,0.000333333333333333,5e-04,282200
0,0,0,0,0,0,0.000166666666666667,0.000333333333333333,5e-04,282300
0,0,0,0,0,0,0.000166666666666667,0.000333333333333333,5e-04,282400
0,0,0,0,0,0,0.000166666666666667,0.000333333333333333,5e-04,282500
0,0,0,0,0,0,0.000166666666666667,0.000333333333333333,5e-04,282600
0,0,0,0,0,0,0.000166666666666667,0.000333333333333333,5e-04,282700
0,0,0,0,0,0,0.000166666666666667,0.000333333333333333,5e-04,282800
0,0,0,0,0,0,0.000166666666666667,0.000333333333333333,5e-04,282900
0,0,0,0,0,0,0.000166666666666667,0.000333333333333333,5e-04,283000
0,0,0,0,0,0,0.000166666666666667,0.000333333333333333,5e-04,283100
0,0,0,0,0,0,0.000166666666666667,0.000333333333333333,5e-04,283200
0,0,0,0,0,0,0.000166666666666667,0.000333333333333333,5e-04,283300
0,0,0,0,0,0,0.000166666666666667,0.000333333333333333,5e-04,283400
0,0,0,0,0,0,0.000166666666666667,0.000333333333333333,5e-04,283500
0,0,0,0,0,0,0.000166666666666667,0.000333333333333333,5e-04,283600
0,0,0,0,0,0,0.000166666666666667,0.000333333333333333,5e-04,283700
0,0,0,0,0,0,0.000166666666666667,0.000333333333333333,5e-04,283800
0,0,0,0,0,0,0.000166666666666667,0.000333333333333333,5e-04,283900
0,0,0,0,0,0,0.000166666666666667,0.000333333333333333,5e-04,284000
0,0,0,0,0,0,0.000166666666666667,0.000333333333333333,5e-04,284100
0,0,0,0,0,0,0.000166666666666667,0.000333333333333333,5e-04,284200
0,0,0,0,0,0,0.000166666666666667,0.000333333333333333,5e-04,284300
0,0,0,0,0,0,0.000166666666666667,0.000333333333333333,5e-04,284400
0,0,0,0,0,0,0.000166666666666667,0.000333333333333333,5e-04,284500
0,0,0,0,0,0,0.000166666666666667,0.000333333333333333,5e-04,284600
0,0,0,0,0,0,0.000166666666666667,0.000333333333333333,5e-04,284700
0,0,0,0,0,0,0.000166666666666667,0.000333333333333333,5e-04,284800
0,0,0,0,0,0,0.000166666666666667,0.000333333333333333,5e-04,284900
0,0,0,0,0,0,0.000166666666666667,0.000333333333333333,5e-04,285000
0,0,0,0,0,0,0.000166666666666667,0.000333333333333333,5e-04,285100
0,0,0,0,0,0,0.000166666666666667,0.000333333333333333,5e-04,285200
0,0,0,0,0,0,0.000166666666666667,0.000333333333333333,5e-04,285300
0,0,0,0,0,0,0.000166666666666667,0.000333333333333333,5e-04,285400
0,0,0,0,0,0,0.000166666666666667,0.000333333333333333,5e-04,285500
0,0,0,0,0,0,0.000166666666666667,0.000333333333333333,5e-04,285600
0,0,0,0,0,0,0.000166666666666667,0.000333333333333333,5e-04,285700
0,0,0,0,0,0,0.000166666666666667,0.000333333333333333,5e-04,285800
0,0,0,0,0,0,0.000166666666666667,0.000333333333333333,5e-04,285900
0,0,0,0,0,0,0,0.000333333333333333,5e-04,286000
0,0,0,0,0,0,0,0.000333333333333333,5e-04,286100
0,0,0,0,0,0,0,0.000333333333333333,5e-04,286200
0,0,0,0,0,0,0,0.000333333333333333,5e-04,286300
0,0,0,0,0,0,0,0.000333333333333333,5e-04,286400
0,0,0,0,0,0,0,0.000333333333333333,5e-04,286500
0,0,0,0,0,0,0,0.000333333333333333,5e-04,286600
0,0,0,0,0,0,0,0.000333333333333333,5e-04,286700
0,0,0,0,0,0,0,0.000333333333333333,5e-04,286800
0,0,0,0,0,0,0,0.000333333333333333,5e-04,286900
0,0,0,0,0,0,0,0.000333333333333333,5e-04,287000
0,0,0,0,0,0,0,0.000333333333333333,5e-04,287100
0,0,0,0,0,0,0,0.000333333333333333,5e-04,287200
0,0,0,0,0,0,0,0.000333333333333333,5e-04,287300
0,0,0,0,0,0,0,0.000333333333333333,5e-04,287400
0,0,0,0,0,0,0,0.000333333333333333,5e-04,287500
0,0,0,0,0,0,0,0.000333333333333333,5e-04,287600
0,0,0,0,0,0,0,0.000333333333333333,5e-04,287700
0,0,0,0,0,0,0,0.000333333333333333,5e-04,287800
0,0,0,0,0,0,0,0.000333333333333333,5e-04,287900
0,0,0,0,0,0,0,0.000333333333333333,5e-04,288000
0,0,0,0,0,0,0,0.000333333333333333,5e-04,288100
0,0,0,0,0,0,0,0.000333333333333333,5e-04,288200
0,0,0,0,0,0,0,0.000333333333333333,5e-04,288300
0,0,0,0,0,0,0,0.000333333333333333,5e-04,288400
0,0,0,0,0,0,0,0.000333333333333333,5e-04,288500
0,0,0,0,0,0,0,0.000333333333333333,5e-04,288600
0,0,0,0,0,0,0,0.000333333333333333,5e-04,288700
0,0,0,0,0,0,0,0.000333333333333333,5e-04,288800
0,0,0,0,0,0,0,0.000333333333333333,5e-04,288900
0,0,0,0,0,0,0,0.000333333333333333,5e-04,289000
0,0,0,0,0,0,0,0.000333333333333333,5e-04,289100
0,0,0,0,0,0,0,0.000333333333333333,5e-04,289200
0,0,0,0,0,0,0,0.000333333333333333,5e-04,289300
0,0,0,0,0,0,0,0.000333333333333333,5e-04,289400
0,0,0,0,0,0,0,0.000333333333333333,5e-04,289500
0,0,0,0,0,0,0,0.000333333333333333,5e-04,289600
0,0,0,0,0,0,0,0.000333333333333333,5e-04,289700
0,0,0,0,0,0,0,0.000333333333333333,5e-04,289800
0,0,0,0,0,0,0,0.000333333333333333,5e-04,289900
0,0,0,0,0,0,0,0.000333333333333333,5e-04,290000
0,0,0,0,0,0,0,0.000333333333333333,5e-04,290100
0,0,0,0,0,0,0,0.000333333333333333,5e-04,290200
0,0,0,0,0,0,0,0.000333333333333333,5e-04,290300
0,0,0,0,0,0,0,0.000333333333333333,5e-04,290400
0,0,0,0,0,0,0,0.000333333333333333,5e-04,290500
0,0,0,0,0,0,0,0.000333333333333333,5e-04,290600
0,0,0,0,0,0,0,0.000333333333333333,5e-04,290700
0,0,0,0,0,0,0,0.000333333333333333,5e-04,290800
0,0,0,0,0,0,0,0.000333333333333333,5e-04,290900
0,0,0,0,0,0,0,0.000333333333333333,5e-04,291000
0,0,0,0,0,0,0,0.000333333333333333,5e-04,291100
0,0,0,0,0,0,0,0.000333333333333333,5e-04,291200
0,0,0,0,0,0,0,0.000333333333333333,5e-04,291300
0,0,0,0,0,0,0,0.000333333333333333,5e-04,291400
0,0,0,0,0,0,0,0.000333333333333333,5e-04,291500
0,0,0,0,0,0,0,0.000333333333333333,5e-04,291600
0,0,0,0,0,0,0,0.000333333333333333,5e-04,291700
0,0,0,0,0,0,0,0.000333333333333333,5e-04,291800
0,0,0,0,0,0,0,0.000333333333333333,5e-04,291900
0,0,0,0,0,0,0,0.000333333333333333,0.000333333333333333,292000
0,0,0,0,0,0,0,0.000333333333333333,0.000333333333333333,292100
0,0,0,0,0,0,0,0.000333333333333333,0.000333333333333333,292200
0,0,0,0,0,0,0,0.000333333333333333,0.000333333333333333,292300
0,0,0,0,0,0,0,0.000333333333333333,0.000333333333333333,292400
0,0,0,0,0,0,0,0.000333333333333333,0.000333333333333333,292500
0,0,0,0,0,0,0,0.000333333333333333,0.000333333333333333,292600
0,0,0,0,0,0,0,0.000333333333333333,0.000333333333333333,292700
0,0,0,0,0,0,0,0.000333333333333333,0.000333333333333333,292800
0,0,0,0,0,0,0,0.000333333333333333,0.000333333333333333,292900
0,0,0,0,0,0,0,0.000333333333333333,0.000333333333333333,293000
0,0,0,0,0,0,0,0.000333333333333333,0.000333333333333333,293100
0,0,0,0,0,0,0,0.000333333333333333,0.000333333333333333,293200
0,0,0,0,0,0,0,0.000333333333333333,0.000333333333333333,293300
0,0,0,0,0,0,0,0.000333333333333333,0.000333333333333333,293400
0,0,0,0,0,0,0,0.000333333333333333,0.000333333333333333,293500
0,0,0,0,0,0,0,0.000333333333333333,0.000333333333333333,293600
0,0,0,0,0,0,0,0.000333333333333333,0.000333333333333333,293700
0,0,0,0,0,0,0,0.000333333333333333,0.000333333333333333,293800
0,0,0,0,0,0,0,0.000333333333333333,0.000333333333333333,293900
0,0,0,0,0,0,0,0.000333333333333333,0.000333333333333333,294000
0,0,0,0,0,0,0,0.000333333333333333,0.000333333333333333,294100
0,0,0,0,0,0,0,0.000333333333333333,0.000333333333333333,294200
0,0,0,0,0,0,0,0.000333333333333333,0.000333333333333333,294300
0,0,0,0,0,0,0,0.000333333333333333,0.000333333333333333,294400
0,0,0,0,0,0,0,0.000333333333333333,0.000333333333333333,294500
0,0,0,0,0,0,0,0.000333333333333333,0.000333333333333333,294600
0,0,0,0,0,0,0,0.000333333333333333,0.000333333333333333,294700
0,0,0,0,0,0,0,0.000333333333333333,0.000333333333333333,294800
0,0,0,0,0,0,0,0.000333333333333333,0.000333333333333333,294900
0,0,0,0,0,0,0,0.000333333333333333,0.000333333333333333,295000
0,0,0,0,0,0,0,0.000333333333333333,0.000333333333333333,295100
0,0,0,0,0,0,0,0.000333333333333333,0.000333333333333333,295200
0,0,0,0,0,0,0,0.000333333333333333,0.000333333333333333,295300
0,0,0,0,0,0,0,0.000333333333333333,0.000333333333333333,295400
0,0,0,0,0,0,0,0.000333333333333333,0.000333333333333333,295500
0,0,0,0,0,0,0,0.000333333333333333,0.000333333333333333,295600
0,0,0,0,0,0,0,0.000333333333333333,0.000333333333333333,295700
0,0,0,0,0,0,0,0.000333333333333333,0.000333333333333333,295800
0,0,0,0,0,0,0,0.000333333333333333,0.000333333333333333,295900
0,0,0,0,0,0,0,0.000333333333333333,0.000333333333333333,296000
0,0,0,0,0,0,0,0.000333333333333333,0.000333333333333333,296100
0,0,0,0,0,0,0,0.000333333333333333,0.000333333333333333,296200
0,0,0,0,0,0,0,0.000333333333333333,0.000333333333333333,296300
0,0,0,0,0,0,0,0.000333333333333333,0.000333333333333333,296400
0,0,0,0,0,0,0,0.000333333333333333,0.000333333333333333,296500
0,0,0,0,0,0,0,0.000333333333333333,0.000333333333333333,296600
0,0,0,0,0,0,0,0.000333333333333333,0.000333333333333333,296700
0,0,0,0,0,0,0,0.000333333333333333,0.000333333333333333,296800
0,0,0,0,0,0,0,0.000333333333333333,0.000333333333333333,296900
0,0,0,0,0,0,0,0.000333333333333333,0.000333333333333333,297000
0,0,0,0,0,0,0,0.000333333333333333,0.000333333333333333,297100
0,0,0,0,0,0,0,0.000333333333333333,0.000333333333333333,297200
0,0,0,0,0,0,0,0.000333333333333333,0.000333333333333333,297300
0,0,0,0,0,0,0,0.000333333333333333,0.000333333333333333,297400
0,0,0,0,0,0,0,0.000333333333333333,0.000333333333333333,297500
0,0,0,0,0,0,0,0.000333333333333333,0.000333333333333333,297600
0,0,0,0,0,0,0,0.000333333333333333,0.000333333333333333,297700
0,0,0,0,0,0,0,0.000333333333333333,0.000333333333333333,297800
0,0,0,0,0,0,0,0.000333333333333333,0.000333333333333333,297900
0,0,0,0,0,0,0,0.000333333333333333,0.000333333333333333,298000
0,0,0,0,0,0,0,0.000333333333333333,0.000333333333333333,298100
0,0,0,0,0,0,0,0.000333333333333333,0.000333333333333333,298200
0,0,0,0,0,0,0,0.000333333333333333,0.000333333333333333,298300
0,0,0,0,0,0,0,0.000333333333333333,0.000333333333333333,298400
0,0,0,0,0,0,0,0.000333333333333333,0.000333333333333333,298500
0,0,0,0,0,0,0,0.000333333333333333,0.000333333333333333,298600
0,0,0,0,0,0,0,0.000333333333333333,0.000333333333333333,298700
0,0,0,0,0,0,0,0.000333333333333333,0.000333333333333333,298800
0,0,0,0,0,0,0,0.000333333333333333,0.000333333333333333,298900
0,0,0,0,0,0,0,0.000333333333333333,0.000333333333333333,299000
0,0,0,0,0,0,0,0.000333333333333333,0.000333333333333333,299100
0,0,0,0,0,0,0,0.000333333333333333,0.000333333333333333,299200
0,0,0,0,0,0,0,0.000333333333333333,0.000333333333333333,299300
0,0,0,0,0,0,0,0.000333333333333333,0.000333333333333333,299400
0,0,0,0,0,0,0,0.000333333333333333,0.000333333333333333,299500
0,0,0,0,0,0,0,0.000333333333333333,0.000333333333333333,299600
0,0,0,0,0,0,0,0.000333333333333333,0.000333333333333333,299700
0,0,0,0,0,0,0,0.000333333333333333,0.000333333333333333,299800
0,0,0,0,0,0,0,0.000333333333333333,0.000333333333333333,299900
0,0,0,0,0,0,0,0.000333333333333333,0.000333333333333333,3e+05
0,0,0,0,0,0,0,0.000333333333333333,0.000333333333333333,300100
0,0,0,0,0,0,0,0.000333333333333333,0.000333333333333333,300200
0,0,0,0,0,0,0,0.000333333333333333,0.000333333333333333,300300
0,0,0,0,0,0,0,0.000333333333333333,0.000333333333333333,300400
0,0,0,0,0,0,0,0.000333333333333333,0.000333333333333333,300500
0,0,0,0,0,0,0,0.000333333333333333,0.000333333333333333,300600
0,0,0,0,0,0,0,0.000333333333333333,0.000333333333333333,300700
0,0,0,0,0,0,0,0.000333333333333333,0.000333333333333333,300800
0,0,0,0,0,0,0,0.000333333333333333,0.000333333333333333,300900
0,0,0,0,0,0,0,0.000333333333333333,0.000333333333333333,301000
0,0,0,0,0,0,0,0.000333333333333333,0.000333333333333333,301100
0,0,0,0,0,0,0,0.000333333333333333,0.000333333333333333,301200
0,0,0,0,0,0,0,0.000333333333333333,0.000333333333333333,301300
0,0,0,0,0,0,0,0.000333333333333333,0.000333333333333333,301400
0,0,0,0,0,0,0,0.000333333333333333,0.000333333333333333,301500
0,0,0,0,0,0,0,0.000333333333333333,0.000333333333333333,301600
0,0,0,0,0,0,0,0.000333333333333333,0.000333333333333333,301700
0,0,0,0,0,0,0,0.000333333333333333,0.000333333333333333,301800
0,0,0,0,0,0,0,0.000333333333333333,0.000333333333333333,301900
0,0,0,0,0,0,0,0.000333333333333333,0.000333333333333333,302000
0,0,0,0,0,0,0,0.000333333333333333,0.000333333333333333,302100
0,0,0,0,0,0,0,0.000333333333333333,0.000333333333333333,302200
0,0,0,0,0,0,0,0.000333333333333333,0.000333333333333333,302300
0,0,0,0,0,0,0,0.000333333333333333,0.000333333333333333,302400
0,0,0,0,0,0,0,0.000333333333333333,0.000333333333333333,302500
0,0,0,0,0,0,0,0.000333333333333333,0.000333333333333333,302600
0,0,0,0,0,0,0,0.000333333333333333,0.000333333333333333,302700
0,0,0,0,0,0,0,0.000333333333333333,0.000333333333333333,302800
0,0,0,0,0,0,0,0.000333333333333333,0.000333333333333333,302900
0,0,0,0,0,0,0,0.000333333333333333,0.000333333333333333,303000
0,0,0,0,0,0,0,0.000333333333333333,0.000333333333333333,303100
0,0,0,0,0,0,0,0.000333333333333333,0.000333333333333333,303200
0,0,0,0,0,0,0,0.000333333333333333,0.000333333333333333,303300
0,0,0,0,0,0,0,0.000333333333333333,0.000333333333333333,303400
0,0,0,0,0,0,0,0.000333333333333333,0.000333333333333333,303500
0,0,0,0,0,0,0,0.000333333333333333,0.000333333333333333,303600
0,0,0,0,0,0,0,0.000333333333333333,0.000333333333333333,303700
0,0,0,0,0,0,0,0.000333333333333333,0.000333333333333333,303800
0,0,0,0,0,0,0,0.000333333333333333,0.000333333333333333,303900
0,0,0,0,0,0,0,0.000333333333333333,0.000333333333333333,304000
0,0,0,0,0,0,0,0.000333333333333333,0.000333333333333333,304100
0,0,0,0,0,0,0,0.000333333333333333,0.000333333333333333,304200
0,0,0,0,0,0,0,0.000333333333333333,0.000333333333333333,304300
0,0,0,0,0,0,0,0.000333333333333333,0.000333333333333333,304400
0,0,0,0,0,0,0,0.000333333333333333,0.000333333333333333,304500
0,0,0,0,0,0,0,0.000333333333333333,0.000333333333333333,304600
0,0,0,0,0,0,0,0.000333333333333333,0.000333333333333333,304700
0,0,0,0,0,0,0,0.000333333333333333,0.000333333333333333,304800
0,0,0,0,0,0,0,0.000333333333333333,0.000333333333333333,304900
0,0,0,0,0,0,0,0.000333333333333333,0.000333333333333333,305000
0,0,0,0,0,0,0,0.000333333333333333,0.000333333333333333,305100
0,0,0,0,0,0,0,0.000333333333333333,0.000333333333333333,305200
0,0,0,0,0,0,0,0.000333333333333333,0.000333333333333333,305300
0,0,0,0,0,0,0,0.000333333333333333,0.000333333333333333,305400
0,0,0,0,0,0,0,0.000333333333333333,0.000333333333333333,305500
0,0,0,0,0,0,0,0.000333333333333333,0.000333333333333333,305600
0,0,0,0,0,0,0,0.000333333333333333,0.000333333333333333,305700
0,0,0,0,0,0,0,0.000333333333333333,0.000333333333333333,305800
0,0,0,0,0,0,0,0.000333333333333333,0.000333333333333333,305900
0,0,0,0,0,0,0,0.000333333333333333,0.000333333333333333,306000
0,0,0,0,0,0,0,0.000333333333333333,0.000333333333333333,306100
0,0,0,0,0,0,0,0.000333333333333333,0.000333333333333333,306200
0,0,0,0,0,0,0,0.000333333333333333,0.000333333333333333,306300
0,0,0,0,0,0,0,0.000333333333333333,0.000333333333333333,306400
0,0,0,0,0,0,0,0.000333333333333333,0.000333333333333333,306500
0,0,0,0,0,0,0,0.000333333333333333,0.000333333333333333,306600
0,0,0,0,0,0,0,0.000333333333333333,0.000333333333333333,306700
0,0,0,0,0,0,0,0.000333333333333333,0.000333333333333333,306800
0,0,0,0,0,0,0,0.000333333333333333,0.000333333333333333,306900
0,0,0,0,0,0,0,0.000333333333333333,0.000333333333333333,307000
0,0,0,0,0,0,0,0.000333333333333333,0.000333333333333333,307100
0,0,0,0,0,0,0,0.000333333333333333,0.000333333333333333,307200
0,0,0,0,0,0,0,0.000333333333333333,0.000333333333333333,307300
0,0,0,0,0,0,0,0.000333333333333333,0.000333333333333333,307400
0,0,0,0,0,0,0,0.000333333333333333,0.000333333333333333,307500
0,0,0,0,0,0,0,0.000333333333333333,0.000333333333333333,307600
0,0,0,0,0,0,0,0.000333333333333333,0.000333333333333333,307700
0,0,0,0,0,0,0,0.000333333333333333,0.000333333333333333,307800
0,0,0,0,0,0,0,0.000333333333333333,0.000333333333333333,307900
0,0,0,0,0,0,0,0.000333333333333333,0.000333333333333333,308000
0,0,0,0,0,0,0,0.000333333333333333,0.000333333333333333,308100
0,0,0,0,0,0,0,0.000333333333333333,0.000333333333333333,308200
0,0,0,0,0,0,0,0.000333333333333333,0.000333333333333333,308300
0,0,0,0,0,0,0,0.000333333333333333,0.000333333333333333,308400
0,0,0,0,0,0,0,0.000333333333333333,0.000333333333333333,308500
0,0,0,0,0,0,0,0.000333333333333333,0.000333333333333333,308600
0,0,0,0,0,0,0,0.000333333333333333,0.000333333333333333,308700
0,0,0,0,0,0,0,0.000333333333333333,0.000333333333333333,308800
0,0,0,0,0,0,0,0.000333333333333333,0.000333333333333333,308900
0,0,0,0,0,0,0,0.000333333333333333,0.000333333333333333,309000
0,0,0,0,0,0,0,0.000333333333333333,0.000333333333333333,309100
0,0,0,0,0,0,0,0.000333333333333333,0.000333333333333333,309200
0,0,0,0,0,0,0,0.000333333333333333,0.000333333333333333,309300
0,0,0,0,0,0,0,0.000333333333333333,0.000333333333333333,309400
0,0,0,0,0,0,0,0.000333333333333333,0.000333333333333333,309500
0,0,0,0,0,0,0,0.000333333333333333,0.000333333333333333,309600
0,0,0,0,0,0,0,0.000333333333333333,0.000333333333333333,309700
0,0,0,0,0,0,0,0.000333333333333333,0.000333333333333333,309800
0,0,0,0,0,0,0,0.000333333333333333,0.000333333333333333,309900
0,0,0,0,0,0,0,0.000333333333333333,0.000333333333333333,310000
0,0,0,0,0,0,0,0.000333333333333333,0.000333333333333333,310100
0,0,0,0,0,0,0,0.000333333333333333,0.000333333333333333,310200
0,0,0,0,0,0,0,0.000333333333333333,0.000333333333333333,310300
0,0,0,0,0,0,0,0.000333333333333333,0.000333333333333333,310400
0,0,0,0,0,0,0,0.000333333333333333,0.000333333333333333,310500
0,0,0,0,0,0,0,0.000333333333333333,0.000333333333333333,310600
0,0,0,0,0,0,0,0.000333333333333333,0.000333333333333333,310700
0,0,0,0,0,0,0,0.000333333333333333,0.000333333333333333,310800
0,0,0,0,0,0,0,0.000333333333333333,0.000333333333333333,310900
0,0,0,0,0,0,0,0.000333333333333333,0.000333333333333333,311000
0,0,0,0,0,0,0,0.000333333333333333,0.000333333333333333,311100
0,0,0,0,0,0,0,0.000333333333333333,0.000333333333333333,311200
0,0,0,0,0,0,0,0.000333333333333333,0.000333333333333333,311300
0,0,0,0,0,0,0,0.000333333333333333,0.000333333333333333,311400
0,0,0,0,0,0,0,0.000333333333333333,0.000333333333333333,311500
0,0,0,0,0,0,0,0.000333333333333333,0.000333333333333333,311600
0,0,0,0,0,0,0,0.000333333333333333,0.000333333333333333,311700
0,0,0,0,0,0,0,0.000333333333333333,0.000333333333333333,311800
0,0,0,0,0,0,0,0.000333333333333333,0.000333333333333333,311900
0,0,0,0,0,0,0,0.000333333333333333,0.000333333333333333,312000
0,0,0,0,0,0,0,0.000333333333333333,0.000333333333333333,312100
0,0,0,0,0,0,0,0.000333333333333333,0.000333333333333333,312200
0,0,0,0,0,0,0,0.000333333333333333,0.000333333333333333,312300
0,0,0,0,0,0,0,0.000333333333333333,0.000333333333333333,312400
0,0,0,0,0,0,0,0.000333333333333333,0.000333333333333333,312500
0,0,0,0,0,0,0,0.000333333333333333,0.000333333333333333,312600
0,0,0,0,0,0,0,0.000333333333333333,0.000333333333333333,312700
0,0,0,0,0,0,0,0.000333333333333333,0.000333333333333333,312800
0,0,0,0,0,0,0,0.000333333333333333,0.000333333333333333,312900
0,0,0,0,0,0,0,0.000333333333333333,0.000333333333333333,313000
0,0,0,0,0,0,0,0.000333333333333333,0.000333333333333333,313100
0,0,0,0,0,0,0,0.000333333333333333,0.000333333333333333,313200
0,0,0,0,0,0,0,0.000333333333333333,0.000333333333333333,313300
0,0,0,0,0,0,0,0.000333333333333333,0.000333333333333333,313400
0,0,0,0,0,0,0,0.000333333333333333,0.000333333333333333,313500
0,0,0,0,0,0,0,0.000333333333333333,0.000333333333333333,313600
0,0,0,0,0,0,0,0.000333333333333333,0.000333333333333333,313700
0,0,0,0,0,0,0,0.000333333333333333,0.000333333333333333,313800
0,0,0,0,0,0,0,0.000333333333333333,0.000333333333333333,313900
0,0,0,0,0,0,0,0.000333333333333333,0.000333333333333333,314000
0,0,0,0,0,0,0,0.000333333333333333,0.000333333333333333,314100
0,0,0,0,0,0,0,0.000333333333333333,0.000333333333333333,314200
0,0,0,0,0,0,0,0.000333333333333333,0.000333333333333333,314300
0,0,0,0,0,0,0,0.000333333333333333,0.000333333333333333,314400
0,0,0,0,0,0,0,0.000333333333333333,0.000333333333333333,314500
0,0,0,0,0,0,0,0.000333333333333333,0.000333333333333333,314600
0,0,0,0,0,0,0,0.000333333333333333,0.000333333333333333,314700
0,0,0,0,0,0,0,0.000333333333333333,0.000333333333333333,314800
0,0,0,0,0,0,0,0.000333333333333333,0.000333333333333333,314900
0,0,0,0,0,0,0,0.000333333333333333,0.000333333333333333,315000
0,0,0,0,0,0,0,0.000333333333333333,0.000333333333333333,315100
0,0,0,0,0,0,0,0.000333333333333333,0.000333333333333333,315200
0,0,0,0,0,0,0,0.000333333333333333,0.000333333333333333,315300
0,0,0,0,0,0,0,0.000333333333333333,0.000333333333333333,315400
0,0,0,0,0,0,0,0.000333333333333333,0.000333333333333333,315500
0,0,0,0,0,0,0,0.000333333333333333,0.000333333333333333,315600
0,0,0,0,0,0,0,0.000333333333333333,0.000333333333333333,315700
0,0,0,0,0,0,0,0.000333333333333333,0.000333333333333333,315800
0,0,0,0,0,0,0,0.000333333333333333,0.000333333333333333,315900
0,0,0,0,0,0,0,0.000333333333333333,0.000333333333333333,316000
0,0,0,0,0,0,0,0.000333333333333333,0.000333333333333333,316100
0,0,0,0,0,0,0,0.000333333333333333,0.000333333333333333,316200
0,0,0,0,0,0,0,0.000333333333333333,0.000333333333333333,316300
0,0,0,0,0,0,0,0.000333333333333333,0.000333333333333333,316400
0,0,0,0,0,0,0,0.000333333333333333,0.000333333333333333,316500
0,0,0,0,0,0,0,0.000333333333333333,0.000333333333333333,316600
0,0,0,0,0,0,0,0.000333333333333333,0.000333333333333333,316700
0,0,0,0,0,0,0,0.000333333333333333,0.000333333333333333,316800
0,0,0,0,0,0,0,0.000333333333333333,0.000333333333333333,316900
0,0,0,0,0,0,0,0.000333333333333333,0.000333333333333333,317000
0,0,0,0,0,0,0,0.000333333333333333,0.000333333333333333,317100
0,0,0,0,0,0,0,0.000166666666666667,0.000333333333333333,317200
0,0,0,0,0,0,0,0.000166666666666667,0.000333333333333333,317300
0,0,0,0,0,0,0,0.000166666666666667,0.000333333333333333,317400
0,0,0,0,0,0,0,0.000166666666666667,0.000333333333333333,317500
0,0,0,0,0,0,0,0.000166666666666667,0.000333333333333333,317600
0,0,0,0,0,0,0,0.000166666666666667,0.000333333333333333,317700
0,0,0,0,0,0,0,0.000166666666666667,0.000333333333333333,317800
0,0,0,0,0,0,0,0.000166666666666667,0.000333333333333333,317900
0,0,0,0,0,0,0,0.000166666666666667,0.000333333333333333,318000
0,0,0,0,0,0,0,0.000166666666666667,0.000333333333333333,318100
0,0,0,0,0,0,0,0.000166666666666667,0.000333333333333333,318200
0,0,0,0,0,0,0,0.000166666666666667,0.000333333333333333,318300
0,0,0,0,0,0,0,0.000166666666666667,0.000333333333333333,318400
0,0,0,0,0,0,0,0.000166666666666667,0.000333333333333333,318500
0,0,0,0,0,0,0,0.000166666666666667,0.000333333333333333,318600
0,0,0,0,0,0,0,0.000166666666666667,0.000333333333333333,318700
0,0,0,0,0,0,0,0.000166666666666667,0.000333333333333333,318800
0,0,0,0,0,0,0,0.000166666666666667,0.000333333333333333,318900
0,0,0,0,0,0,0,0.000166666666666667,0.000333333333333333,319000
0,0,0,0,0,0,0,0.000166666666666667,0.000333333333333333,319100
0,0,0,0,0,0,0,0.000166666666666667,0.000333333333333333,319200
0,0,0,0,0,0,0,0.000166666666666667,0.000333333333333333,319300
0,0,0,0,0,0,0,0.000166666666666667,0.000333333333333333,319400
0,0,0,0,0,0,0,0.000166666666666667,0.000333333333333333,319500
0,0,0,0,0,0,0,0.000166666666666667,0.000333333333333333,319600
0,0,0,0,0,0,0,0.000166666666666667,0.000333333333333333,319700
0,0,0,0,0,0,0,0.000166666666666667,0.000333333333333333,319800
0,0,0,0,0,0,0,0.000166666666666667,0.000333333333333333,319900
0,0,0,0,0,0,0,0.000166666666666667,0.000333333333333333,320000
0,0,0,0,0,0,0,0.000166666666666667,0.000333333333333333,320100
0,0,0,0,0,0,0,0.000166666666666667,0.000333333333333333,320200
0,0,0,0,0,0,0,0.000166666666666667,0.000333333333333333,320300
0,0,0,0,0,0,0,0.000166666666666667,0.000333333333333333,320400
0,0,0,0,0,0,0,0.000166666666666667,0.000333333333333333,320500
0,0,0,0,0,0,0,0.000166666666666667,0.000333333333333333,320600
0,0,0,0,0,0,0,0.000166666666666667,0.000333333333333333,320700
0,0,0,0,0,0,0,0.000166666666666667,0.000333333333333333,320800
0,0,0,0,0,0,0,0.000166666666666667,0.000333333333333333,320900
0,0,0,0,0,0,0,0.000166666666666667,0.000333333333333333,321000
0,0,0,0,0,0,0,0.000166666666666667,0.000333333333333333,321100
0,0,0,0,0,0,0,0.000166666666666667,0.000333333333333333,321200
0,0,0,0,0,0,0,0.000166666666666667,0.000333333333333333,321300
0,0,0,0,0,0,0,0.000166666666666667,0.000333333333333333,321400
0,0,0,0,0,0,0,0.000166666666666667,0.000333333333333333,321500
0,0,0,0,0,0,0,0.000166666666666667,0.000333333333333333,321600
0,0,0,0,0,0,0,0.000166666666666667,0.000333333333333333,321700
0,0,0,0,0,0,0,0.000166666666666667,0.000333333333333333,321800
0,0,0,0,0,0,0,0.000166666666666667,0.000333333333333333,321900
0,0,0,0,0,0,0,0.000166666666666667,0.000333333333333333,322000
0,0,0,0,0,0,0,0.000166666666666667,0.000333333333333333,322100
0,0,0,0,0,0,0,0.000166666666666667,0.000333333333333333,322200
0,0,0,0,0,0,0,0.000166666666666667,0.000333333333333333,322300
0,0,0,0,0,0,0,0.000166666666666667,0.000333333333333333,322400
0,0,0,0,0,0,0,0.000166666666666667,0.000333333333333333,322500
0,0,0,0,0,0,0,0.000166666666666667,0.000333333333333333,322600
0,0,0,0,0,0,0,0.000166666666666667,0.000333333333333333,322700
0,0,0,0,0,0,0,0.000166666666666667,0.000333333333333333,322800
0,0,0,0,0,0,0,0.000166666666666667,0.000333333333333333,322900
0,0,0,0,0,0,0,0.000166666666666667,0.000333333333333333,323000
0,0,0,0,0,0,0,0.000166666666666667,0.000333333333333333,323100
0,0,0,0,0,0,0,0.000166666666666667,0.000333333333333333,323200
0,0,0,0,0,0,0,0.000166666666666667,0.000333333333333333,323300
0,0,0,0,0,0,0,0.000166666666666667,0.000333333333333333,323400
0,0,0,0,0,0,0,0.000166666666666667,0.000333333333333333,323500
0,0,0,0,0,0,0,0.000166666666666667,0.000333333333333333,323600
0,0,0,0,0,0,0,0.000166666666666667,0.000333333333333333,323700
0,0,0,0,0,0,0,0.000166666666666667,0.000333333333333333,323800
0,0,0,0,0,0,0,0.000166666666666667,0.000333333333333333,323900
0,0,0,0,0,0,0,0.000166666666666667,0.000333333333333333,324000
0,0,0,0,0,0,0,0.000166666666666667,0.000333333333333333,324100
0,0,0,0,0,0,0,0.000166666666666667,0.000333333333333333,324200
0,0,0,0,0,0,0,0.000166666666666667,0.000333333333333333,324300
0,0,0,0,0,0,0,0.000166666666666667,0.000333333333333333,324400
0,0,0,0,0,0,0,0.000166666666666667,0.000333333333333333,324500
0,0,0,0,0,0,0,0.000166666666666667,0.000333333333333333,324600
0,0,0,0,0,0,0,0.000166666666666667,0.000333333333333333,324700
0,0,0,0,0,0,0,0.000166666666666667,0.000333333333333333,324800
0,0,0,0,0,0,0,0.000166666666666667,0.000333333333333333,324900
0,0,0,0,0,0,0,0.000166666666666667,0.000333333333333333,325000
0,0,0,0,0,0,0,0.000166666666666667,0.000333333333333333,325100
0,0,0,0,0,0,0,0.000166666666666667,0.000333333333333333,325200
0,0,0,0,0,0,0,0.000166666666666667,0.000333333333333333,325300
0,0,0,0,0,0,0,0.000166666666666667,0.000333333333333333,325400
0,0,0,0,0,0,0,0.000166666666666667,0.000333333333333333,325500
0,0,0,0,0,0,0,0.000166666666666667,0.000333333333333333,325600
0,0,0,0,0,0,0,0.000166666666666667,0.000333333333333333,325700
0,0,0,0,0,0,0,0.000166666666666667,0.000333333333333333,325800
0,0,0,0,0,0,0,0.000166666666666667,0.000333333333333333,325900
0,0,0,0,0,0,0,0.000166666666666667,0.000333333333333333,326000
0,0,0,0,0,0,0,0.000166666666666667,0.000333333333333333,326100
0,0,0,0,0,0,0,0.000166666666666667,0.000333333333333333,326200
0,0,0,0,0,0,0,0.000166666666666667,0.000333333333333333,326300
0,0,0,0,0,0,0,0.000166666666666667,0.000333333333333333,326400
0,0,0,0,0,0,0,0.000166666666666667,0.000333333333333333,326500
0,0,0,0,0,0,0,0.000166666666666667,0.000333333333333333,326600
0,0,0,0,0,0,0,0.000166666666666667,0.000333333333333333,326700
0,0,0,0,0,0,0,0.000166666666666667,0.000333333333333333,326800
0,0,0,0,0,0,0,0.000166666666666667,0.000333333333333333,326900
0,0,0,0,0,0,0,0.000166666666666667,0.000333333333333333,327000
0,0,0,0,0,0,0,0.000166666666666667,0.000333333333333333,327100
0,0,0,0,0,0,0,0.000166666666666667,0.000333333333333333,327200
0,0,0,0,0,0,0,0.000166666666666667,0.000333333333333333,327300
0,0,0,0,0,0,0,0.000166666666666667,0.000333333333333333,327400
0,0,0,0,0,0,0,0.000166666666666667,0.000333333333333333,327500
0,0,0,0,0,0,0,0.000166666666666667,0.000333333333333333,327600
0,0,0,0,0,0,0,0.000166666666666667,0.000333333333333333,327700
0,0,0,0,0,0,0,0.000166666666666667,0.000333333333333333,327800
0,0,0,0,0,0,0,0.000166666666666667,0.000333333333333333,327900
0,0,0,0,0,0,0,0.000166666666666667,0.000333333333333333,328000
0,0,0,0,0,0,0,0.000166666666666667,0.000333333333333333,328100
0,0,0,0,0,0,0,0.000166666666666667,0.000333333333333333,328200
0,0,0,0,0,0,0,0.000166666666666667,0.000333333333333333,328300
0,0,0,0,0,0,0,0.000166666666666667,0.000333333333333333,328400
0,0,0,0,0,0,0,0.000166666666666667,0.000333333333333333,328500
0,0,0,0,0,0,0,0.000166666666666667,0.000333333333333333,328600
0,0,0,0,0,0,0,0.000166666666666667,0.000333333333333333,328700
0,0,0,0,0,0,0,0.000166666666666667,0.000333333333333333,328800
0,0,0,0,0,0,0,0.000166666666666667,0.000333333333333333,328900
0,0,0,0,0,0,0,0.000166666666666667,0.000333333333333333,329000
0,0,0,0,0,0,0,0.000166666666666667,0.000333333333333333,329100
0,0,0,0,0,0,0,0.000166666666666667,0.000333333333333333,329200
0,0,0,0,0,0,0,0.000166666666666667,0.000333333333333333,329300
0,0,0,0,0,0,0,0.000166666666666667,0.000333333333333333,329400
0,0,0,0,0,0,0,0.000166666666666667,0.000333333333333333,329500
0,0,0,0,0,0,0,0.000166666666666667,0.000333333333333333,329600
0,0,0,0,0,0,0,0.000166666666666667,0.000333333333333333,329700
0,0,0,0,0,0,0,0.000166666666666667,0.000333333333333333,329800
0,0,0,0,0,0,0,0.000166666666666667,0.000333333333333333,329900
0,0,0,0,0,0,0,0.000166666666666667,0.000333333333333333,330000
0,0,0,0,0,0,0,0.000166666666666667,0.000333333333333333,330100
0,0,0,0,0,0,0,0.000166666666666667,0.000333333333333333,330200
0,0,0,0,0,0,0,0.000166666666666667,0.000333333333333333,330300
0,0,0,0,0,0,0,0.000166666666666667,0.000333333333333333,330400
0,0,0,0,0,0,0,0.000166666666666667,0.000333333333333333,330500
0,0,0,0,0,0,0,0.000166666666666667,0.000333333333333333,330600
0,0,0,0,0,0,0,0.000166666666666667,0.000333333333333333,330700
0,0,0,0,0,0,0,0.000166666666666667,0.000333333333333333,330800
0,0,0,0,0,0,0,0.000166666666666667,0.000333333333333333,330900
0,0,0,0,0,0,0,0.000166666666666667,0.000333333333333333,331000
0,0,0,0,0,0,0,0.000166666666666667,0.000333333333333333,331100
0,0,0,0,0,0,0,0.000166666666666667,0.000333333333333333,331200
0,0,0,0,0,0,0,0.000166666666666667,0.000333333333333333,331300
0,0,0,0,0,0,0,0.000166666666666667,0.000333333333333333,331400
0,0,0,0,0,0,0,0.000166666666666667,0.000333333333333333,331500
0,0,0,0,0,0,0,0.000166666666666667,0.000333333333333333,331600
0,0,0,0,0,0,0,0.000166666666666667,0.000333333333333333,331700
0,0,0,0,0,0,0,0.000166666666666667,0.000333333333333333,331800
0,0,0,0,0,0,0,0.000166666666666667,0.000333333333333333,331900
0,0,0,0,0,0,0,0.000166666666666667,0.000333333333333333,332000
0,0,0,0,0,0,0,0.000166666666666667,0.000333333333333333,332100
0,0,0,0,0,0,0,0.000166666666666667,0.000333333333333333,332200
0,0,0,0,0,0,0,0.000166666666666667,0.000333333333333333,332300
0,0,0,0,0,0,0,0.000166666666666667,0.000333333333333333,332400
0,0,0,0,0,0,0,0.000166666666666667,0.000333333333333333,332500
0,0,0,0,0,0,0,0.000166666666666667,0.000333333333333333,332600
0,0,0,0,0,0,0,0.000166666666666667,0.000333333333333333,332700
0,0,0,0,0,0,0,0.000166666666666667,0.000333333333333333,332800
0,0,0,0,0,0,0,0.000166666666666667,0.000333333333333333,332900
0,0,0,0,0,0,0,0.000166666666666667,0.000333333333333333,333000
0,0,0,0,0,0,0,0.000166666666666667,0.000333333333333333,333100
0,0,0,0,0,0,0,0.000166666666666667,0.000333333333333333,333200
0,0,0,0,0,0,0,0.000166666666666667,0.000333333333333333,333300
0,0,0,0,0,0,0,0.000166666666666667,0.000333333333333333,333400
0,0,0,0,0,0,0,0.000166666666666667,0.000333333333333333,333500
0,0,0,0,0,0,0,0.000166666666666667,0.000333333333333333,333600
0,0,0,0,0,0,0,0.000166666666666667,0.000333333333333333,333700
0,0,0,0,0,0,0,0.000166666666666667,0.000333333333333333,333800
0,0,0,0,0,0,0,0.000166666666666667,0.000333333333333333,333900
0,0,0,0,0,0,0,0.000166666666666667,0.000333333333333333,334000
0,0,0,0,0,0,0,0.000166666666666667,0.000333333333333333,334100
0,0,0,0,0,0,0,0.000166666666666667,0.000333333333333333,334200
0,0,0,0,0,0,0,0.000166666666666667,0.000333333333333333,334300
0,0,0,0,0,0,0,0.000166666666666667,0.000333333333333333,334400
0,0,0,0,0,0,0,0.000166666666666667,0.000333333333333333,334500
0,0,0,0,0,0,0,0.000166666666666667,0.000333333333333333,334600
0,0,0,0,0,0,0,0.000166666666666667,0.000333333333333333,334700
0,0,0,0,0,0,0,0.000166666666666667,0.000333333333333333,334800
0,0,0,0,0,0,0,0.000166666666666667,0.000333333333333333,334900
0,0,0,0,0,0,0,0.000166666666666667,0.000333333333333333,335000
0,0,0,0,0,0,0,0.000166666666666667,0.000333333333333333,335100
0,0,0,0,0,0,0,0.000166666666666667,0.000333333333333333,335200
0,0,0,0,0,0,0,0.000166666666666667,0.000333333333333333,335300
0,0,0,0,0,0,0,0.000166666666666667,0.000333333333333333,335400
0,0,0,0,0,0,0,0.000166666666666667,0.000333333333333333,335500
0,0,0,0,0,0,0,0.000166666666666667,0.000333333333333333,335600
0,0,0,0,0,0,0,0.000166666666666667,0.000333333333333333,335700
0,0,0,0,0,0,0,0.000166666666666667,0.000333333333333333,335800
0,0,0,0,0,0,0,0.000166666666666667,0.000333333333333333,335900
0,0,0,0,0,0,0,0.000166666666666667,0.000333333333333333,336000
0,0,0,0,0,0,0,0.000166666666666667,0.000333333333333333,336100
0,0,0,0,0,0,0,0.000166666666666667,0.000333333333333333,336200
0,0,0,0,0,0,0,0.000166666666666667,0.000333333333333333,336300
0,0,0,0,0,0,0,0.000166666666666667,0.000333333333333333,336400
0,0,0,0,0,0,0,0.000166666666666667,0.000333333333333333,336500
0,0,0,0,0,0,0,0.000166666666666667,0.000333333333333333,336600
0,0,0,0,0,0,0,0.000166666666666667,0.000333333333333333,336700
0,0,0,0,0,0,0,0.000166666666666667,0.000333333333333333,336800
0,0,0,0,0,0,0,0.000166666666666667,0.000333333333333333,336900
0,0,0,0,0,0,0,0.000166666666666667,0.000333333333333333,337000
0,0,0,0,0,0,0,0.000166666666666667,0.000333333333333333,337100
0,0,0,0,0,0,0,0.000166666666666667,0.000333333333333333,337200
0,0,0,0,0,0,0,0.000166666666666667,0.000333333333333333,337300
0,0,0,0,0,0,0,0.000166666666666667,0.000333333333333333,337400
0,0,0,0,0,0,0,0.000166666666666667,0.000333333333333333,337500
0,0,0,0,0,0,0,0.000166666666666667,0.000333333333333333,337600
0,0,0,0,0,0,0,0.000166666666666667,0.000333333333333333,337700
0,0,0,0,0,0,0,0.000166666666666667,0.000333333333333333,337800
0,0,0,0,0,0,0,0.000166666666666667,0.000333333333333333,337900
0,0,0,0,0,0,0,0.000166666666666667,0.000333333333333333,338000
0,0,0,0,0,0,0,0.000166666666666667,0.000333333333333333,338100
0,0,0,0,0,0,0,0.000166666666666667,0.000333333333333333,338200
0,0,0,0,0,0,0,0.000166666666666667,0.000333333333333333,338300
0,0,0,0,0,0,0,0.000166666666666667,0.000333333333333333,338400
0,0,0,0,0,0,0,0.000166666666666667,0.000333333333333333,338500
0,0,0,0,0,0,0,0.000166666666666667,0.000333333333333333,338600
0,0,0,0,0,0,0,0.000166666666666667,0.000333333333333333,338700
0,0,0,0,0,0,0,0.000166666666666667,0.000333333333333333,338800
0,0,0,0,0,0,0,0.000166666666666667,0.000333333333333333,338900
0,0,0,0,0,0,0,0.000166666666666667,0.000333333333333333,339000
0,0,0,0,0,0,0,0.000166666666666667,0.000333333333333333,339100
0,0,0,0,0,0,0,0.000166666666666667,0.000333333333333333,339200
0,0,0,0,0,0,0,0.000166666666666667,0.000333333333333333,339300
0,0,0,0,0,0,0,0.000166666666666667,0.000333333333333333,339400
0,0,0,0,0,0,0,0.000166666666666667,0.000333333333333333,339500
0,0,0,0,0,0,0,0.000166666666666667,0.000333333333333333,339600
0,0,0,0,0,0,0,0.000166666666666667,0.000333333333333333,339700
0,0,0,0,0,0,0,0.000166666666666667,0.000333333333333333,339800
0,0,0,0,0,0,0,0.000166666666666667,0.000333333333333333,339900
0,0,0,0,0,0,0,0.000166666666666667,0.000333333333333333,340000
0,0,0,0,0,0,0,0.000166666666666667,0.000333333333333333,340100
0,0,0,0,0,0,0,0.000166666666666667,0.000333333333333333,340200
0,0,0,0,0,0,0,0.000166666666666667,0.000333333333333333,340300
0,0,0,0,0,0,0,0.000166666666666667,0.000333333333333333,340400
0,0,0,0,0,0,0,0.000166666666666667,0.000333333333333333,340500
0,0,0,0,0,0,0,0,0.000333333333333333,340600
0,0,0,0,0,0,0,0,0.000333333333333333,340700
0,0,0,0,0,0,0,0,0.000333333333333333,340800
0,0,0,0,0,0,0,0,0.000333333333333333,340900
0,0,0,0,0,0,0,0,0.000333333333333333,341000
0,0,0,0,0,0,0,0,0.000333333333333333,341100
0,0,0,0,0,0,0,0,0.000333333333333333,341200
0,0,0,0,0,0,0,0,0.000333333333333333,341300
0,0,0,0,0,0,0,0,0.000333333333333333,341400
0,0,0,0,0,0,0,0,0.000333333333333333,341500
0,0,0,0,0,0,0,0,0.000333333333333333,341600
0,0,0,0,0,0,0,0,0.000333333333333333,341700
0,0,0,0,0,0,0,0,0.000333333333333333,341800
0,0,0,0,0,0,0,0,0.000333333333333333,341900
0,0,0,0,0,0,0,0,0.000333333333333333,342000
0,0,0,0,0,0,0,0,0.000333333333333333,342100
0,0,0,0,0,0,0,0,0.000333333333333333,342200
0,0,0,0,0,0,0,0,0.000333333333333333,342300
0,0,0,0,0,0,0,0,0.000333333333333333,342400
0,0,0,0,0,0,0,0,0.000333333333333333,342500
0,0,0,0,0,0,0,0,0.000333333333333333,342600
0,0,0,0,0,0,0,0,0.000333333333333333,342700
0,0,0,0,0,0,0,0,0.000333333333333333,342800
0,0,0,0,0,0,0,0,0.000333333333333333,342900
0,0,0,0,0,0,0,0,0.000333333333333333,343000
0,0,0,0,0,0,0,0,0.000333333333333333,343100
0,0,0,0,0,0,0,0,0.000333333333333333,343200
0,0,0,0,0,0,0,0,0.000333333333333333,343300
0,0,0,0,0,0,0,0,0.000333333333333333,343400
0,0,0,0,0,0,0,0,0.000333333333333333,343500
0,0,0,0,0,0,0,0,0.000333333333333333,343600
0,0,0,0,0,0,0,0,0.000333333333333333,343700
0,0,0,0,0,0,0,0,0.000333333333333333,343800
0,0,0,0,0,0,0,0,0.000333333333333333,343900
0,0,0,0,0,0,0,0,0.000333333333333333,344000
0,0,0,0,0,0,0,0,0.000333333333333333,344100
0,0,0,0,0,0,0,0,0.000333333333333333,344200
0,0,0,0,0,0,0,0,0.000333333333333333,344300
0,0,0,0,0,0,0,0,0.000333333333333333,344400
0,0,0,0,0,0,0,0,0.000333333333333333,344500
0,0,0,0,0,0,0,0,0.000333333333333333,344600
0,0,0,0,0,0,0,0,0.000333333333333333,344700
0,0,0,0,0,0,0,0,0.000333333333333333,344800
0,0,0,0,0,0,0,0,0.000333333333333333,344900
0,0,0,0,0,0,0,0,0.000333333333333333,345000
0,0,0,0,0,0,0,0,0.000333333333333333,345100
0,0,0,0,0,0,0,0,0.000333333333333333,345200
0,0,0,0,0,0,0,0,0.000333333333333333,345300
0,0,0,0,0,0,0,0,0.000333333333333333,345400
0,0,0,0,0,0,0,0,0.000333333333333333,345500
0,0,0,0,0,0,0,0,0.000333333333333333,345600
0,0,0,0,0,0,0,0,0.000333333333333333,345700
0,0,0,0,0,0,0,0,0.000333333333333333,345800
0,0,0,0,0,0,0,0,0.000333333333333333,345900
0,0,0,0,0,0,0,0,0.000333333333333333,346000
0,0,0,0,0,0,0,0,0.000333333333333333,346100
0,0,0,0,0,0,0,0,0.000333333333333333,346200
0,0,0,0,0,0,0,0,0.000333333333333333,346300
0,0,0,0,0,0,0,0,0.000333333333333333,346400
0,0,0,0,0,0,0,0,0.000333333333333333,346500
0,0,0,0,0,0,0,0,0.000333333333333333,346600
0,0,0,0,0,0,0,0,0.000333333333333333,346700
0,0,0,0,0,0,0,0,0.000333333333333333,346800
0,0,0,0,0,0,0,0,0.000333333333333333,346900
0,0,0,0,0,0,0,0,0.000333333333333333,347000
0,0,0,0,0,0,0,0,0.000333333333333333,347100
0,0,0,0,0,0,0,0,0.000333333333333333,347200
0,0,0,0,0,0,0,0,0.000333333333333333,347300
0,0,0,0,0,0,0,0,0.000333333333333333,347400
0,0,0,0,0,0,0,0,0.000333333333333333,347500
0,0,0,0,0,0,0,0,0.000333333333333333,347600
0,0,0,0,0,0,0,0,0.000333333333333333,347700
0,0,0,0,0,0,0,0,0.000333333333333333,347800
0,0,0,0,0,0,0,0,0.000333333333333333,347900
0,0,0,0,0,0,0,0,0.000333333333333333,348000
0,0,0,0,0,0,0,0,0.000333333333333333,348100
0,0,0,0,0,0,0,0,0.000333333333333333,348200
0,0,0,0,0,0,0,0,0.000333333333333333,348300
0,0,0,0,0,0,0,0,0.000333333333333333,348400
0,0,0,0,0,0,0,0,0.000333333333333333,348500
0,0,0,0,0,0,0,0,0.000333333333333333,348600
0,0,0,0,0,0,0,0,0.000333333333333333,348700
0,0,0,0,0,0,0,0,0.000333333333333333,348800
0,0,0,0,0,0,0,0,0.000333333333333333,348900
0,0,0,0,0,0,0,0,0.000333333333333333,349000
0,0,0,0,0,0,0,0,0.000333333333333333,349100
0,0,0,0,0,0,0,0,0.000333333333333333,349200
0,0,0,0,0,0,0,0,0.000333333333333333,349300
0,0,0,0,0,0,0,0,0.000333333333333333,349400
0,0,0,0,0,0,0,0,0.000333333333333333,349500
0,0,0,0,0,0,0,0,0.000333333333333333,349600
0,0,0,0,0,0,0,0,0.000333333333333333,349700
0,0,0,0,0,0,0,0,0.000333333333333333,349800
0,0,0,0,0,0,0,0,0.000333333333333333,349900
0,0,0,0,0,0,0,0,0.000333333333333333,350000
0,0,0,0,0,0,0,0,0.000333333333333333,350100
0,0,0,0,0,0,0,0,0.000333333333333333,350200
0,0,0,0,0,0,0,0,0.000333333333333333,350300
0,0,0,0,0,0,0,0,0.000333333333333333,350400
0,0,0,0,0,0,0,0,0.000333333333333333,350500
0,0,0,0,0,0,0,0,0.000333333333333333,350600
0,0,0,0,0,0,0,0,0.000333333333333333,350700
0,0,0,0,0,0,0,0,0.000333333333333333,350800
0,0,0,0,0,0,0,0,0.000333333333333333,350900
0,0,0,0,0,0,0,0,0.000333333333333333,351000
0,0,0,0,0,0,0,0,0.000333333333333333,351100
0,0,0,0,0,0,0,0,0.000333333333333333,351200
0,0,0,0,0,0,0,0,0.000333333333333333,351300
0,0,0,0,0,0,0,0,0.000333333333333333,351400
0,0,0,0,0,0,0,0,0.000333333333333333,351500
0,0,0,0,0,0,0,0,0.000333333333333333,351600
0,0,0,0,0,0,0,0,0.000333333333333333,351700
0,0,0,0,0,0,0,0,0.000333333333333333,351800
0,0,0,0,0,0,0,0,0.000333333333333333,351900
0,0,0,0,0,0,0,0,0.000333333333333333,352000
0,0,0,0,0,0,0,0,0.000333333333333333,352100
0,0,0,0,0,0,0,0,0.000333333333333333,352200
0,0,0,0,0,0,0,0,0.000333333333333333,352300
0,0,0,0,0,0,0,0,0.000333333333333333,352400
0,0,0,0,0,0,0,0,0.000333333333333333,352500
0,0,0,0,0,0,0,0,0.000333333333333333,352600
0,0,0,0,0,0,0,0,0.000333333333333333,352700
0,0,0,0,0,0,0,0,0.000333333333333333,352800
0,0,0,0,0,0,0,0,0.000333333333333333,352900
0,0,0,0,0,0,0,0,0.000333333333333333,353000
0,0,0,0,0,0,0,0,0.000333333333333333,353100
0,0,0,0,0,0,0,0,0.000333333333333333,353200
0,0,0,0,0,0,0,0,0.000333333333333333,353300
0,0,0,0,0,0,0,0,0.000333333333333333,353400
0,0,0,0,0,0,0,0,0.000333333333333333,353500
0,0,0,0,0,0,0,0,0.000333333333333333,353600
0,0,0,0,0,0,0,0,0.000333333333333333,353700
0,0,0,0,0,0,0,0,0.000333333333333333,353800
0,0,0,0,0,0,0,0,0.000333333333333333,353900
0,0,0,0,0,0,0,0,0.000333333333333333,354000
0,0,0,0,0,0,0,0,0.000333333333333333,354100
0,0,0,0,0,0,0,0,0.000333333333333333,354200
0,0,0,0,0,0,0,0,0.000333333333333333,354300
0,0,0,0,0,0,0,0,0.000333333333333333,354400
0,0,0,0,0,0,0,0,0.000333333333333333,354500
0,0,0,0,0,0,0,0,0.000333333333333333,354600
0,0,0,0,0,0,0,0,0.000333333333333333,354700
0,0,0,0,0,0,0,0,0.000333333333333333,354800
0,0,0,0,0,0,0,0,0.000333333333333333,354900
0,0,0,0,0,0,0,0,0.000333333333333333,355000
0,0,0,0,0,0,0,0,0.000333333333333333,355100
0,0,0,0,0,0,0,0,0.000333333333333333,355200
0,0,0,0,0,0,0,0,0.000333333333333333,355300
0,0,0,0,0,0,0,0,0.000333333333333333,355400
0,0,0,0,0,0,0,0,0.000333333333333333,355500
0,0,0,0,0,0,0,0,0.000333333333333333,355600
0,0,0,0,0,0,0,0,0.000333333333333333,355700
0,0,0,0,0,0,0,0,0.000333333333333333,355800
0,0,0,0,0,0,0,0,0.000333333333333333,355900
0,0,0,0,0,0,0,0,0.000333333333333333,356000
0,0,0,0,0,0,0,0,0.000333333333333333,356100
0,0,0,0,0,0,0,0,0.000333333333333333,356200
0,0,0,0,0,0,0,0,0.000333333333333333,356300
0,0,0,0,0,0,0,0,0.000333333333333333,356400
0,0,0,0,0,0,0,0,0.000333333333333333,356500
0,0,0,0,0,0,0,0,0.000333333333333333,356600
0,0,0,0,0,0,0,0,0.000333333333333333,356700
0,0,0,0,0,0,0,0,0.000333333333333333,356800
0,0,0,0,0,0,0,0,0.000333333333333333,356900
0,0,0,0,0,0,0,0,0.000333333333333333,357000
0,0,0,0,0,0,0,0,0.000333333333333333,357100
0,0,0,0,0,0,0,0,0.000333333333333333,357200
0,0,0,0,0,0,0,0,0.000333333333333333,357300
0,0,0,0,0,0,0,0,0.000333333333333333,357400
0,0,0,0,0,0,0,0,0.000333333333333333,357500
0,0,0,0,0,0,0,0,0.000333333333333333,357600
0,0,0,0,0,0,0,0,0.000333333333333333,357700
0,0,0,0,0,0,0,0,0.000333333333333333,357800
0,0,0,0,0,0,0,0,0.000333333333333333,357900
0,0,0,0,0,0,0,0,0.000333333333333333,358000
0,0,0,0,0,0,0,0,0.000333333333333333,358100
0,0,0,0,0,0,0,0,0.000333333333333333,358200
0,0,0,0,0,0,0,0,0.000333333333333333,358300
0,0,0,0,0,0,0,0,0.000333333333333333,358400
0,0,0,0,0,0,0,0,0.000333333333333333,358500
0,0,0,0,0,0,0,0,0.000333333333333333,358600
0,0,0,0,0,0,0,0,0.000333333333333333,358700
0,0,0,0,0,0,0,0,0.000333333333333333,358800
0,0,0,0,0,0,0,0,0.000333333333333333,358900
0,0,0,0,0,0,0,0,0.000333333333333333,359000
0,0,0,0,0,0,0,0,0.000333333333333333,359100
0,0,0,0,0,0,0,0,0.000333333333333333,359200
0,0,0,0,0,0,0,0,0.000333333333333333,359300
0,0,0,0,0,0,0,0,0.000333333333333333,359400
0,0,0,0,0,0,0,0,0.000333333333333333,359500
0,0,0,0,0,0,0,0,0.000333333333333333,359600
0,0,0,0,0,0,0,0,0.000333333333333333,359700
0,0,0,0,0,0,0,0,0.000333333333333333,359800
0,0,0,0,0,0,0,0,0.000333333333333333,359900
0,0,0,0,0,0,0,0,0.000333333333333333,360000
0,0,0,0,0,0,0,0,0.000333333333333333,360100
0,0,0,0,0,0,0,0,0.000333333333333333,360200
0,0,0,0,0,0,0,0,0.000333333333333333,360300
0,0,0,0,0,0,0,0,0.000333333333333333,360400
0,0,0,0,0,0,0,0,0.000333333333333333,360500
0,0,0,0,0,0,0,0,0.000333333333333333,360600
0,0,0,0,0,0,0,0,0.000333333333333333,360700
0,0,0,0,0,0,0,0,0.000333333333333333,360800
0,0,0,0,0,0,0,0,0.000333333333333333,360900
0,0,0,0,0,0,0,0,0.000333333333333333,361000
0,0,0,0,0,0,0,0,0.000333333333333333,361100
0,0,0,0,0,0,0,0,0.000333333333333333,361200
0,0,0,0,0,0,0,0,0.000333333333333333,361300
0,0,0,0,0,0,0,0,0.000333333333333333,361400
0,0,0,0,0,0,0,0,0.000333333333333333,361500
0,0,0,0,0,0,0,0,0.000333333333333333,361600
0,0,0,0,0,0,0,0,0.000333333333333333,361700
0,0,0,0,0,0,0,0,0.000333333333333333,361800
0,0,0,0,0,0,0,0,0.000333333333333333,361900
0,0,0,0,0,0,0,0,0.000333333333333333,362000
0,0,0,0,0,0,0,0,0.000333333333333333,362100
0,0,0,0,0,0,0,0,0.000333333333333333,362200
0,0,0,0,0,0,0,0,0.000333333333333333,362300
0,0,0,0,0,0,0,0,0.000333333333333333,362400
0,0,0,0,0,0,0,0,0.000333333333333333,362500
0,0,0,0,0,0,0,0,0.000333333333333333,362600
0,0,0,0,0,0,0,0,0.000333333333333333,362700
0,0,0,0,0,0,0,0,0.000333333333333333,362800
0,0,0,0,0,0,0,0,0.000333333333333333,362900
0,0,0,0,0,0,0,0,0.000333333333333333,363000
0,0,0,0,0,0,0,0,0.000333333333333333,363100
0,0,0,0,0,0,0,0,0.000333333333333333,363200
0,0,0,0,0,0,0,0,0.000333333333333333,363300
0,0,0,0,0,0,0,0,0.000333333333333333,363400
0,0,0,0,0,0,0,0,0.000333333333333333,363500
0,0,0,0,0,0,0,0,0.000333333333333333,363600
0,0,0,0,0,0,0,0,0.000333333333333333,363700
0,0,0,0,0,0,0,0,0.000333333333333333,363800
0,0,0,0,0,0,0,0,0.000333333333333333,363900
0,0,0,0,0,0,0,0,0.000333333333333333,364000
0,0,0,0,0,0,0,0,0.000333333333333333,364100
0,0,0,0,0,0,0,0,0.000333333333333333,364200
0,0,0,0,0,0,0,0,0.000333333333333333,364300
0,0,0,0,0,0,0,0,0.000333333333333333,364400
0,0,0,0,0,0,0,0,0.000333333333333333,364500
0,0,0,0,0,0,0,0,0.000333333333333333,364600
0,0,0,0,0,0,0,0,0.000166666666666667,364700
0,0,0,0,0,0,0,0,0.000166666666666667,364800
0,0,0,0,0,0,0,0,0.000166666666666667,364900
0,0,0,0,0,0,0,0,0.000166666666666667,365000
0,0,0,0,0,0,0,0,0.000166666666666667,365100
0,0,0,0,0,0,0,0,0.000166666666666667,365200
0,0,0,0,0,0,0,0,0.000166666666666667,365300
0,0,0,0,0,0,0,0,0.000166666666666667,365400
0,0,0,0,0,0,0,0,0.000166666666666667,365500
0,0,0,0,0,0,0,0,0.000166666666666667,365600
0,0,0,0,0,0,0,0,0.000166666666666667,365700
0,0,0,0,0,0,0,0,0.000166666666666667,365800
0,0,0,0,0,0,0,0,0.000166666666666667,365900
0,0,0,0,0,0,0,0,0.000166666666666667,366000
0,0,0,0,0,0,0,0,0.000166666666666667,366100
0,0,0,0,0,0,0,0,0.000166666666666667,366200
0,0,0,0,0,0,0,0,0.000166666666666667,366300
0,0,0,0,0,0,0,0,0.000166666666666667,366400
0,0,0,0,0,0,0,0,0.000166666666666667,366500
0,0,0,0,0,0,0,0,0.000166666666666667,366600
0,0,0,0,0,0,0,0,0.000166666666666667,366700
0,0,0,0,0,0,0,0,0.000166666666666667,366800
0,0,0,0,0,0,0,0,0.000166666666666667,366900
0,0,0,0,0,0,0,0,0.000166666666666667,367000
0,0,0,0,0,0,0,0,0.000166666666666667,367100
0,0,0,0,0,0,0,0,0.000166666666666667,367200
0,0,0,0,0,0,0,0,0.000166666666666667,367300
0,0,0,0,0,0,0,0,0.000166666666666667,367400
0,0,0,0,0,0,0,0,0.000166666666666667,367500
0,0,0,0,0,0,0,0,0.000166666666666667,367600
0,0,0,0,0,0,0,0,0.000166666666666667,367700
0,0,0,0,0,0,0,0,0.000166666666666667,367800
0,0,0,0,0,0,0,0,0.000166666666666667,367900
0,0,0,0,0,0,0,0,0.000166666666666667,368000
0,0,0,0,0,0,0,0,0.000166666666666667,368100
0,0,0,0,0,0,0,0,0.000166666666666667,368200
0,0,0,0,0,0,0,0,0.000166666666666667,368300
0,0,0,0,0,0,0,0,0.000166666666666667,368400
0,0,0,0,0,0,0,0,0.000166666666666667,368500
0,0,0,0,0,0,0,0,0.000166666666666667,368600
0,0,0,0,0,0,0,0,0.000166666666666667,368700
0,0,0,0,0,0,0,0,0.000166666666666667,368800
0,0,0,0,0,0,0,0,0.000166666666666667,368900
0,0,0,0,0,0,0,0,0.000166666666666667,369000
0,0,0,0,0,0,0,0,0.000166666666666667,369100
0,0,0,0,0,0,0,0,0.000166666666666667,369200
0,0,0,0,0,0,0,0,0.000166666666666667,369300
0,0,0,0,0,0,0,0,0.000166666666666667,369400
0,0,0,0,0,0,0,0,0.000166666666666667,369500
0,0,0,0,0,0,0,0,0.000166666666666667,369600
0,0,0,0,0,0,0,0,0.000166666666666667,369700
0,0,0,0,0,0,0,0,0.000166666666666667,369800
0,0,0,0,0,0,0,0,0.000166666666666667,369900
0,0,0,0,0,0,0,0,0.000166666666666667,370000
0,0,0,0,0,0,0,0,0.000166666666666667,370100
0,0,0,0,0,0,0,0,0.000166666666666667,370200
0,0,0,0,0,0,0,0,0.000166666666666667,370300
0,0,0,0,0,0,0,0,0.000166666666666667,370400
0,0,0,0,0,0,0,0,0.000166666666666667,370500
0,0,0,0,0,0,0,0,0.000166666666666667,370600
0,0,0,0,0,0,0,0,0.000166666666666667,370700
0,0,0,0,0,0,0,0,0.000166666666666667,370800
0,0,0,0,0,0,0,0,0.000166666666666667,370900
0,0,0,0,0,0,0,0,0.000166666666666667,371000
0,0,0,0,0,0,0,0,0.000166666666666667,371100
0,0,0,0,0,0,0,0,0.000166666666666667,371200
0,0,0,0,0,0,0,0,0.000166666666666667,371300
0,0,0,0,0,0,0,0,0.000166666666666667,371400
0,0,0,0,0,0,0,0,0.000166666666666667,371500
0,0,0,0,0,0,0,0,0.000166666666666667,371600
0,0,0,0,0,0,0,0,0.000166666666666667,371700
0,0,0,0,0,0,0,0,0.000166666666666667,371800
0,0,0,0,0,0,0,0,0.000166666666666667,371900
0,0,0,0,0,0,0,0,0.000166666666666667,372000
0,0,0,0,0,0,0,0,0.000166666666666667,372100
0,0,0,0,0,0,0,0,0.000166666666666667,372200
0,0,0,0,0,0,0,0,0.000166666666666667,372300
0,0,0,0,0,0,0,0,0.000166666666666667,372400
0,0,0,0,0,0,0,0,0.000166666666666667,372500
0,0,0,0,0,0,0,0,0.000166666666666667,372600
0,0,0,0,0,0,0,0,0.000166666666666667,372700
0,0,0,0,0,0,0,0,0.000166666666666667,372800
0,0,0,0,0,0,0,0,0.000166666666666667,372900
0,0,0,0,0,0,0,0,0.000166666666666667,373000
0,0,0,0,0,0,0,0,0.000166666666666667,373100
0,0,0,0,0,0,0,0,0.000166666666666667,373200
0,0,0,0,0,0,0,0,0.000166666666666667,373300
0,0,0,0,0,0,0,0,0.000166666666666667,373400
0,0,0,0,0,0,0,0,0.000166666666666667,373500
0,0,0,0,0,0,0,0,0.000166666666666667,373600
0,0,0,0,0,0,0,0,0.000166666666666667,373700
0,0,0,0,0,0,0,0,0.000166666666666667,373800
0,0,0,0,0,0,0,0,0.000166666666666667,373900
0,0,0,0,0,0,0,0,0.000166666666666667,374000
0,0,0,0,0,0,0,0,0.000166666666666667,374100
0,0,0,0,0,0,0,0,0.000166666666666667,374200
0,0,0,0,0,0,0,0,0.000166666666666667,374300
0,0,0,0,0,0,0,0,0.000166666666666667,374400
0,0,0,0,0,0,0,0,0.000166666666666667,374500
0,0,0,0,0,0,0,0,0.000166666666666667,374600
0,0,0,0,0,0,0,0,0.000166666666666667,374700
0,0,0,0,0,0,0,0,0.000166666666666667,374800
0,0,0,0,0,0,0,0,0.000166666666666667,374900
0,0,0,0,0,0,0,0,0.000166666666666667,375000
0,0,0,0,0,0,0,0,0.000166666666666667,375100
0,0,0,0,0,0,0,0,0.000166666666666667,375200
0,0,0,0,0,0,0,0,0.000166666666666667,375300
0,0,0,0,0,0,0,0,0.000166666666666667,375400
0,0,0,0,0,0,0,0,0.000166666666666667,375500
0,0,0,0,0,0,0,0,0.000166666666666667,375600
0,0,0,0,0,0,0,0,0.000166666666666667,375700
0,0,0,0,0,0,0,0,0.000166666666666667,375800
0,0,0,0,0,0,0,0,0.000166666666666667,375900
0,0,0,0,0,0,0,0,0.000166666666666667,376000
0,0,0,0,0,0,0,0,0.000166666666666667,376100
0,0,0,0,0,0,0,0,0.000166666666666667,376200
0,0,0,0,0,0,0,0,0.000166666666666667,376300
0,0,0,0,0,0,0,0,0.000166666666666667,376400
0,0,0,0,0,0,0,0,0.000166666666666667,376500
0,0,0,0,0,0,0,0,0.000166666666666667,376600
0,0,0,0,0,0,0,0,0.000166666666666667,376700
0,0,0,0,0,0,0,0,0.000166666666666667,376800
0,0,0,0,0,0,0,0,0.000166666666666667,376900
0,0,0,0,0,0,0,0,0.000166666666666667,377000
0,0,0,0,0,0,0,0,0.000166666666666667,377100
0,0,0,0,0,0,0,0,0.000166666666666667,377200
0,0,0,0,0,0,0,0,0.000166666666666667,377300
0,0,0,0,0,0,0,0,0.000166666666666667,377400
0,0,0,0,0,0,0,0,0.000166666666666667,377500
0,0,0,0,0,0,0,0,0.000166666666666667,377600
0,0,0,0,0,0,0,0,0.000166666666666667,377700
0,0,0,0,0,0,0,0,0.000166666666666667,377800
0,0,0,0,0,0,0,0,0.000166666666666667,377900
0,0,0,0,0,0,0,0,0.000166666666666667,378000
0,0,0,0,0,0,0,0,0.000166666666666667,378100
0,0,0,0,0,0,0,0,0.000166666666666667,378200
0,0,0,0,0,0,0,0,0.000166666666666667,378300
0,0,0,0,0,0,0,0,0.000166666666666667,378400
0,0,0,0,0,0,0,0,0.000166666666666667,378500
0,0,0,0,0,0,0,0,0.000166666666666667,378600
0,0,0,0,0,0,0,0,0.000166666666666667,378700
0,0,0,0,0,0,0,0,0.000166666666666667,378800
0,0,0,0,0,0,0,0,0.000166666666666667,378900
0,0,0,0,0,0,0,0,0.000166666666666667,379000
0,0,0,0,0,0,0,0,0.000166666666666667,379100
0,0,0,0,0,0,0,0,0.000166666666666667,379200
0,0,0,0,0,0,0,0,0.000166666666666667,379300
0,0,0,0,0,0,0,0,0.000166666666666667,379400
0,0,0,0,0,0,0,0,0.000166666666666667,379500
0,0,0,0,0,0,0,0,0.000166666666666667,379600
0,0,0,0,0,0,0,0,0.000166666666666667,379700
0,0,0,0,0,0,0,0,0.000166666666666667,379800
0,0,0,0,0,0,0,0,0.000166666666666667,379900
0,0,0,0,0,0,0,0,0.000166666666666667,380000
0,0,0,0,0,0,0,0,0.000166666666666667,380100
0,0,0,0,0,0,0,0,0.000166666666666667,380200
0,0,0,0,0,0,0,0,0.000166666666666667,380300
0,0,0,0,0,0,0,0,0.000166666666666667,380400
0,0,0,0,0,0,0,0,0.000166666666666667,380500
0,0,0,0,0,0,0,0,0.000166666666666667,380600
0,0,0,0,0,0,0,0,0.000166666666666667,380700
0,0,0,0,0,0,0,0,0.000166666666666667,380800
0,0,0,0,0,0,0,0,0.000166666666666667,380900
0,0,0,0,0,0,0,0,0.000166666666666667,381000
0,0,0,0,0,0,0,0,0.000166666666666667,381100
0,0,0,0,0,0,0,0,0.000166666666666667,381200
0,0,0,0,0,0,0,0,0.000166666666666667,381300
0,0,0,0,0,0,0,0,0.000166666666666667,381400
0,0,0,0,0,0,0,0,0.000166666666666667,381500
0,0,0,0,0,0,0,0,0.000166666666666667,381600
0,0,0,0,0,0,0,0,0.000166666666666667,381700
0,0,0,0,0,0,0,0,0.000166666666666667,381800
0,0,0,0,0,0,0,0,0.000166666666666667,381900
0,0,0,0,0,0,0,0,0.000166666666666667,382000
0,0,0,0,0,0,0,0,0.000166666666666667,382100
0,0,0,0,0,0,0,0,0.000166666666666667,382200
0,0,0,0,0,0,0,0,0.000166666666666667,382300
0,0,0,0,0,0,0,0,0.000166666666666667,382400
0,0,0,0,0,0,0,0,0.000166666666666667,382500
0,0,0,0,0,0,0,0,0.000166666666666667,382600
0,0,0,0,0,0,0,0,0.000166666666666667,382700
0,0,0,0,0,0,0,0,0.000166666666666667,382800
0,0,0,0,0,0,0,0,0.000166666666666667,382900
0,0,0,0,0,0,0,0,0.000166666666666667,383000
0,0,0,0,0,0,0,0,0.000166666666666667,383100
0,0,0,0,0,0,0,0,0.000166666666666667,383200
0,0,0,0,0,0,0,0,0.000166666666666667,383300
0,0,0,0,0,0,0,0,0.000166666666666667,383400
0,0,0,0,0,0,0,0,0.000166666666666667,383500
0,0,0,0,0,0,0,0,0.000166666666666667,383600
0,0,0,0,0,0,0,0,0.000166666666666667,383700
0,0,0,0,0,0,0,0,0.000166666666666667,383800
0,0,0,0,0,0,0,0,0.000166666666666667,383900
0,0,0,0,0,0,0,0,0.000166666666666667,384000
0,0,0,0,0,0,0,0,0.000166666666666667,384100
0,0,0,0,0,0,0,0,0.000166666666666667,384200
0,0,0,0,0,0,0,0,0.000166666666666667,384300
0,0,0,0,0,0,0,0,0.000166666666666667,384400
0,0,0,0,0,0,0,0,0.000166666666666667,384500
0,0,0,0,0,0,0,0,0.000166666666666667,384600
0,0,0,0,0,0,0,0,0.000166666666666667,384700
0,0,0,0,0,0,0,0,0.000166666666666667,384800
0,0,0,0,0,0,0,0,0.000166666666666667,384900
0,0,0,0,0,0,0,0,0.000166666666666667,385000
0,0,0,0,0,0,0,0,0.000166666666666667,385100
0,0,0,0,0,0,0,0,0.000166666666666667,385200
0,0,0,0,0,0,0,0,0.000166666666666667,385300
0,0,0,0,0,0,0,0,0.000166666666666667,385400
0,0,0,0,0,0,0,0,0.000166666666666667,385500
0,0,0,0,0,0,0,0,0.000166666666666667,385600
0,0,0,0,0,0,0,0,0.000166666666666667,385700
0,0,0,0,0,0,0,0,0.000166666666666667,385800
0,0,0,0,0,0,0,0,0.000166666666666667,385900
0,0,0,0,0,0,0,0,0.000166666666666667,386000
0,0,0,0,0,0,0,0,0.000166666666666667,386100
0,0,0,0,0,0,0,0,0.000166666666666667,386200
0,0,0,0,0,0,0,0,0.000166666666666667,386300
0,0,0,0,0,0,0,0,0.000166666666666667,386400
0,0,0,0,0,0,0,0,0.000166666666666667,386500
0,0,0,0,0,0,0,0,0.000166666666666667,386600
0,0,0,0,0,0,0,0,0.000166666666666667,386700
0,0,0,0,0,0,0,0,0.000166666666666667,386800
0,0,0,0,0,0,0,0,0.000166666666666667,386900
0,0,0,0,0,0,0,0,0.000166666666666667,387000
0,0,0,0,0,0,0,0,0.000166666666666667,387100
0,0,0,0,0,0,0,0,0.000166666666666667,387200
0,0,0,0,0,0,0,0,0.000166666666666667,387300
0,0,0,0,0,0,0,0,0.000166666666666667,387400
0,0,0,0,0,0,0,0,0.000166666666666667,387500
0,0,0,0,0,0,0,0,0.000166666666666667,387600
0,0,0,0,0,0,0,0,0.000166666666666667,387700
0,0,0,0,0,0,0,0,0.000166666666666667,387800
0,0,0,0,0,0,0,0,0.000166666666666667,387900
0,0,0,0,0,0,0,0,0.000166666666666667,388000
0,0,0,0,0,0,0,0,0.000166666666666667,388100
0,0,0,0,0,0,0,0,0.000166666666666667,388200
0,0,0,0,0,0,0,0,0.000166666666666667,388300
0,0,0,0,0,0,0,0,0.000166666666666667,388400
0,0,0,0,0,0,0,0,0.000166666666666667,388500
0,0,0,0,0,0,0,0,0.000166666666666667,388600
0,0,0,0,0,0,0,0,0.000166666666666667,388700
0,0,0,0,0,0,0,0,0.000166666666666667,388800
0,0,0,0,0,0,0,0,0.000166666666666667,388900
0,0,0,0,0,0,0,0,0.000166666666666667,389000
0,0,0,0,0,0,0,0,0.000166666666666667,389100
0,0,0,0,0,0,0,0,0.000166666666666667,389200
0,0,0,0,0,0,0,0,0.000166666666666667,389300
0,0,0,0,0,0,0,0,0.000166666666666667,389400
0,0,0,0,0,0,0,0,0.000166666666666667,389500
0,0,0,0,0,0,0,0,0.000166666666666667,389600
0,0,0,0,0,0,0,0,0.000166666666666667,389700
0,0,0,0,0,0,0,0,0.000166666666666667,389800
0,0,0,0,0,0,0,0,0.000166666666666667,389900
0,0,0,0,0,0,0,0,0.000166666666666667,390000
0,0,0,0,0,0,0,0,0.000166666666666667,390100
0,0,0,0,0,0,0,0,0.000166666666666667,390200
0,0,0,0,0,0,0,0,0.000166666666666667,390300
0,0,0,0,0,0,0,0,0.000166666666666667,390400
0,0,0,0,0,0,0,0,0.000166666666666667,390500
0,0,0,0,0,0,0,0,0.000166666666666667,390600
0,0,0,0,0,0,0,0,0.000166666666666667,390700
0,0,0,0,0,0,0,0,0.000166666666666667,390800
0,0,0,0,0,0,0,0,0.000166666666666667,390900
0,0,0,0,0,0,0,0,0.000166666666666667,391000
0,0,0,0,0,0,0,0,0.000166666666666667,391100
0,0,0,0,0,0,0,0,0.000166666666666667,391200
0,0,0,0,0,0,0,0,0.000166666666666667,391300
0,0,0,0,0,0,0,0,0.000166666666666667,391400
0,0,0,0,0,0,0,0,0,391500
0,0,0,0,0,0,0,0,0,391600
0,0,0,0,0,0,0,0,0,391700
0,0,0,0,0,0,0,0,0,391800
0,0,0,0,0,0,0,0,0,391900
0,0,0,0,0,0,0,0,0,392000
0,0,0,0,0,0,0,0,0,392100
0,0,0,0,0,0,0,0,0,392200
0,0,0,0,0,0,0,0,0,392300
0,0,0,0,0,0,0,0,0,392400
0,0,0,0,0,0,0,0,0,392500
0,0,0,0,0,0,0,0,0,392600
0,0,0,0,0,0,0,0,0,392700
0,0,0,0,0,0,0,0,0,392800
0,0,0,0,0,0,0,0,0,392900
0,0,0,0,0,0,0,0,0,393000
0,0,0,0,0,0,0,0,0,393100
0,0,0,0,0,0,0,0,0,393200
0,0,0,0,0,0,0,0,0,393300
0,0,0,0,0,0,0,0,0,393400
0,0,0,0,0,0,0,0,0,393500
0,0,0,0,0,0,0,0,0,393600
0,0,0,0,0,0,0,0,0,393700
0,0,0,0,0,0,0,0,0,393800
0,0,0,0,0,0,0,0,0,393900
0,0,0,0,0,0,0,0,0,394000
0,0,0,0,0,0,0,0,0,394100
0,0,0,0,0,0,0,0,0,394200
0,0,0,0,0,0,0,0,0,394300
0,0,0,0,0,0,0,0,0,394400
0,0,0,0,0,0,0,0,0,394500
0,0,0,0,0,0,0,0,0,394600
0,0,0,0,0,0,0,0,0,394700
0,0,0,0,0,0,0,0,0,394800
0,0,0,0,0,0,0,0,0,394900
0,0,0,0,0,0,0,0,0,395000
0,0,0,0,0,0,0,0,0,395100
0,0,0,0,0,0,0,0,0,395200
0,0,0,0,0,0,0,0,0,395300
0,0,0,0,0,0,0,0,0,395400
0,0,0,0,0,0,0,0,0,395500
0,0,0,0,0,0,0,0,0,395600
0,0,0,0,0,0,0,0,0,395700
0,0,0,0,0,0,0,0,0,395800
0,0,0,0,0,0,0,0,0,395900
0,0,0,0,0,0,0,0,0,396000
0,0,0,0,0,0,0,0,0,396100
0,0,0,0,0,0,0,0,0,396200
0,0,0,0,0,0,0,0,0,396300
0,0,0,0,0,0,0,0,0,396400
0,0,0,0,0,0,0,0,0,396500
0,0,0,0,0,0,0,0,0,396600
0,0,0,0,0,0,0,0,0,396700
0,0,0,0,0,0,0,0,0,396800
0,0,0,0,0,0,0,0,0,396900
0,0,0,0,0,0,0,0,0,397000
0,0,0,0,0,0,0,0,0,397100
0,0,0,0,0,0,0,0,0,397200
0,0,0,0,0,0,0,0,0,397300
0,0,0,0,0,0,0,0,0,397400
0,0,0,0,0,0,0,0,0,397500
0,0,0,0,0,0,0,0,0,397600
0,0,0,0,0,0,0,0,0,397700
0,0,0,0,0,0,0,0,0,397800
0,0,0,0,0,0,0,0,0,397900
0,0,0,0,0,0,0,0,0,398000
0,0,0,0,0,0,0,0,0,398100
0,0,0,0,0,0,0,0,0,398200
0,0,0,0,0,0,0,0,0,398300
0,0,0,0,0,0,0,0,0,398400
0,0,0,0,0,0,0,0,0,398500
0,0,0,0,0,0,0,0,0,398600
0,0,0,0,0,0,0,0,0,398700
0,0,0,0,0,0,0,0,0,398800
0,0,0,0,0,0,0,0,0,398900
0,0,0,0,0,0,0,0,0,399000
0,0,0,0,0,0,0,0,0,399100
0,0,0,0,0,0,0,0,0,399200
0,0,0,0,0,0,0,0,0,399300
0,0,0,0,0,0,0,0,0,399400
0,0,0,0,0,0,0,0,0,399500
0,0,0,0,0,0,0,0,0,399600
0,0,0,0,0,0,0,0,0,399700
0,0,0,0,0,0,0,0,0,399800
0,0,0,0,0,0,0,0,0,399900
0,0,0,0,0,0,0,0,0,4e+05
0,0,0,0,0,0,0,0,0,400100
