"q95","q90","Median","q10","q5","Escapement"
0,0,0,0,0,0
948.290504852985,870.525921099777,639.993549853963,453.796700345876,403.888100375042,100
1891.53285554229,1736.43550389698,1277.17205220016,905.886534416253,806.262964578441,200
2830.17363110424,2597.91020366383,1911.36828955397,1356.06639330062,1207.02553765977,300
3764.08556736198,3454.95892276831,2542.38512592505,1804.45043037092,1606.15897972859,400
4693.2847995316,4307.57286033785,3170.25560567264,2251.03665546492,2003.69462899065,500
5617.78741386873,5155.68586985793,3795.22312150894,2695.84323326689,2399.63631860736,600
6537.60943003652,5999.35151061803,4417.98311116981,3138.80350039604,2793.98787356321,700
7450.6251955785,6838.59713171929,5037.77803650233,3580.13527882282,3186.75311068211,800
8358.41441657566,7673.06912569775,5654.20816853802,4019.92657327538,3577.93583864371,900
9260.92598379596,8502.82655670351,6267.99653647167,4458.01452706261,3968.21651534464,1000
10158.7491724369,9328.08289423071,6878.70516740743,4894.43500561615,4357.3625747259,1100
11052.9764153368,10148.8860465753,7486.31355689321,5330.47706250827,4745.1248451333,1200
11941.6577158501,10965.6324514434,8091.63319388855,5764.77642552323,5131.50625192047,1300
12826.8382994511,11777.9918639443,8694.1934371758,6195.83248207448,5516.11296013274,1400
13704.3470466671,12585.9798776271,9293.8976114505,6625.1404006187,5898.78376141539,1500
14576.6048369668,13390.2100970015,9890.93069125241,7052.7044669624,6279.85833283858,1600
15443.8040872508,14190.7004262384,10485.124241041,7478.56759198763,6658.96426357258,1700
16305.9642818943,14986.9967348874,11075.7862108511,7902.84536943122,7036.5181353724,1800
17163.1048387637,15779.1134894423,11663.9591013897,8325.99306057393,7412.52368864094,1900
18015.2451094289,16567.0651121787,12249.6706798453,8747.3456566025,7786.98465578134,2000
18862.7564719035,17350.865981281,12831.9014046957,9167.01739411609,8159.90476121302,2100
19708.0651533536,18130.530430968,13411.6030856736,9585.03292198873,8532.75970916982,2200
20548.6109624487,18906.0727516193,13989.7882193521,10001.3961580184,8904.51386754517,2300
21384.3325427649,19677.5071899002,14564.3196592456,10414.4570968042,9274.96679168061,2400
22215.3915718708,20444.8479488878,15135.0150695385,10824.435459955,9644.07957973514,2500
23041.8051402061,21208.1091881947,15704.6119894571,11232.5419818612,10011.3566837427,2600
23863.590282779,21967.3050240946,16270.6150682133,11640.9490420832,10376.4927089318,2700
24680.7639793348,22722.4495296454,16833.5979013046,12048.009015959,10740.1848791942,2800
25493.3431545233,23473.3826364938,17393.1477557943,12456.2589921236,11102.4365110075,2900
26301.3446780664,24220.5249268311,17950.5942757421,12863.021977968,11463.979053518,3000
27103.4548070501,24962.4004924742,18505.3077971454,13265.0232687679,11824.8301576618,3100
27898.3284056715,25700.2091822342,19057.2966670128,13664.6274634721,12184.3493968222,3200
28693.0160073808,26434.3477195879,19607.0972357444,14062.5118153718,12542.5303877509,3300
29483.0127507688,27164.5180897297,20153.2086737727,14458.6806849346,12899.376008956,3400
30265.5305307553,27890.6883826318,20696.9984996212,14853.138422844,13254.8891334625,3500
31041.4200124661,28612.4238504882,21238.1717833432,15245.8893700203,13609.0726288225,3600
31806.6606063176,29329.0399838371,21776.6618135036,15637.0549568897,13960.76840905,3700
32566.7392834535,30041.0439337846,22313.2775688853,16028.0904086943,14310.3583178207,3800
33336.2419396,30747.8175247379,22848.8377724306,16419.9438658856,14660.1528506228,3900
34098.8111978932,31452.6992964798,23378.1634136421,16806.9965201562,15008.6129643168,4000
34851.525392408,32155.5330341754,23904.7814843877,17190.6512058447,15355.7415721391,4100
35599.6344775443,32854.4908692366,24430.6397198124,17572.8399409226,15701.541581698,4200
36343.1564163936,33549.2531003626,24954.817297493,17956.2340426719,16046.0229335338,4300
37082.1091103244,34239.1268125654,25474.729918766,18338.522990285,16389.4005618031,4400
37816.5103991806,34921.5784861534,25992.0243943678,18716.2184708461,16731.4678907156,4500
38549.7339720434,35599.5773513227,26506.5926207752,19094.1516132226,17072.227762869,4600
39276.1247413951,36273.5408287549,27018.4488206903,19470.0793161915,17411.6830154068,4700
39997.6687282436,36943.4129530134,27527.8079654341,19842.5930219999,17751.2588614264,4800
40715.8991187797,37614.7932039056,28035.2794708146,20213.4394857225,18090.5317279768,4900
41432.2223939641,38283.9459584425,28540.88082607,20582.7690973011,18428.0431252585,5000
42144.249003372,38949.3870064053,29045.5316994129,20952.186884073,18760.970322969,5100
42864.8620302786,39611.1292393126,29545.7490324427,21321.2838289825,19092.6398603985,5200
43574.0253340087,40267.5931952319,30042.1180457287,21689.1195035895,19426.0238882707,5300
44268.2592056766,40918.2621402333,30537.0551488642,22055.2142497387,19758.1801045532,5400
44958.0900766499,41564.721102247,31034.1097894722,22419.4082447417,20089.1526212815,5500
45643.5353271458,42207.4005728561,31522.3371597992,22782.0649599957,20414.5605064298,5600
46327.0827302419,42846.3142296459,32008.0592159914,23143.1881000919,20738.5735379083,5700
47009.4835825639,43481.4757067033,32492.10983084,23502.7813617394,21061.2275158994,5800
47685.7923703131,44112.8985947462,32975.9318138879,23860.8484337806,21382.5774252805,5900
48355.5850221725,44740.5964412518,33458.4066085801,24217.3929972073,21706.0741761682,6000
49020.5121553991,45364.5827505855,33934.9955449119,24572.5028578881,22030.066071842,6100
49681.1820186228,45986.7047401952,34412.3970636716,24926.2334653314,22346.951988264,6200
50337.6113569149,46602.7356554546,34890.5784656781,25276.7058284684,22665.0746577929,6300
50989.7915524912,47214.4278051458,35364.254935828,25625.1358665198,22982.397463507,6400
51637.7307768383,47823.0341335085,35834.3458590522,25972.0045613867,23298.5648731803,6500
52281.4778634936,48429.7509278918,36300.4627895455,26317.3158392914,23613.8059189557,6600
52921.0493403014,49029.5305647514,36761.6893320965,26661.0736177566,23930.2249752443,6700
53556.4616780439,49626.0734485801,37222.5294222739,27003.281805623,24247.8980502135,6800
54187.7312906251,50213.7419392096,37680.9635861589,27343.9443030673,24564.4604820682,6900
54820.0826630056,50801.8033585714,38136.9991884348,27683.0650016204,24879.907811507,7000
55443.6430098545,51393.2342425064,38592.862137692,28020.6477841849,25186.4704158172,7100
56062.7556947271,51981.1938322017,39047.1061612271,28357.7621669829,25491.7314442826,7200
56677.7927997689,52557.3805961581,39500.0717258959,28695.7502426548,25795.693902674,7300
57292.6529048223,53132.2024273271,39949.2481490227,29032.2954561841,26098.3607906488,7400
57910.1189488385,53699.7144545948,40393.9156151108,29366.0288234492,26399.7351017627,7500
58514.9959443127,54263.5875160694,40841.0624923168,29695.3218860907,26699.8198234815,7600
59115.8991174605,54823.8354496217,41283.2583323196,30021.7396941749,26998.6179371921,7700
59715.6975557382,55380.4720471219,41721.7128607652,30345.8008089353,27296.6862212312,7800
60318.4013445665,55933.5110545819,42159.2181265502,30674.512665137,27595.44288971,7900
60915.1862780432,56485.1695014921,42591.0894477615,30992.2107834954,27892.9780272451,8000
61509.9280248204,57040.3272089295,43020.4299226651,31319.714986391,28189.2943258623,8100
62100.956960723,57592.1119408148,43447.3914801646,31640.9502665709,28484.5107799687,8200
62688.2868615298,58142.2038324855,43872.0249579714,31958.7265488036,28778.7064026317,8300
63271.1695160652,58692.4987469115,44294.9596817602,32275.691282862,29071.6977497239,8400
63850.1080254001,59239.5568453934,44713.3011448405,32591.1501769512,29363.4874625323,8500
64418.2444228747,59779.9745386692,45128.7196178768,32905.1070993696,29656.8231723989,8600
64977.0983401647,60312.1799421727,45546.2235382435,33217.5659096922,29949.279848304,8700
65532.0754268102,60840.5856821555,45958.778465925,33528.5304587887,30240.6039032766,8800
66097.1661390051,61364.817622268,46369.3377233354,33838.9302516843,30519.6366788502,8900
66663.1875662584,61887.9466980998,46775.5157731674,34159.524225914,30803.1006153321,9000
67225.6996049994,62408.2436636683,47183.61662857,34461.074728236,31086.9047044347,9100
67784.7149904509,62917.3015609179,47587.3505177025,34761.0519680369,31369.5101479695,9200
68340.2464175473,63428.2901778216,47987.9972117101,35062.3347726812,31649.0120496626,9300
68892.3065410526,63935.8636282596,48390.3147146332,35364.1897972935,31926.9632429832,9400
69440.9079756784,64440.1437608873,48788.4081822631,35665.0143764247,32203.682569409,9500
69986.0632962026,64941.1793612928,49186.8550054929,35964.3787490741,32479.6392072456,9600
70523.5598597936,65441.7466671752,49581.0936089142,36262.2866688402,32754.4363345636,9700
71056.6514205646,65935.1298269056,49973.820725208,36558.7535292916,33028.0195440565,9800
71585.9363469954,66426.8246489064,50364.5695547651,36854.4995067263,33300.391630119,9900
72107.3674747301,66915.7618527064,50757.8676271547,37155.8919684399,33571.8961870962,10000
72630.6271514328,67415.2532481927,51141.9929500178,37450.8627838829,33851.3673791148,10100
73149.2069940521,67909.2118358549,51527.111685477,37739.9435271214,34129.797479791,10200
73669.7296218802,68385.8125061836,51903.0217572364,38033.4073199647,34393.2557396526,10300
74182.5342613269,68860.2924910068,52276.6626881782,38324.3401641245,34655.3311444462,10400
74701.8980183571,69345.9724040455,52649.3742758789,38608.2957532849,34916.1404982312,10500
75197.9414835378,69818.592481627,53021.3454466362,38903.167823155,35175.6869148384,10600
75700.8681137286,70286.4394873913,53388.3953368164,39192.8105567318,35433.9735013913,10700
76204.2542385235,70746.8227757402,53754.3883015997,39479.10898767,35693.0862386996,10800
76704.342866305,71205.691221525,54118.1952259333,39757.4725337787,35952.6877919363,10900
77201.1461273259,71668.9365205552,54485.1505826276,40034.6163996842,36211.243117517,11000
77694.6015521504,72136.0858970791,54851.8814499293,40314.5608606044,36468.8654923253,11100
78184.6348251126,72596.946400595,55216.2664263386,40592.2930200998,36725.3068084711,11200
78670.1483790913,73043.3957738448,55570.3963292638,40866.9138067916,36983.5224660179,11300
79151.9259940512,73481.9332895674,55931.0030065687,41140.0693197863,37238.4758545372,11400
79616.03271745,73917.3363095859,56294.3947118596,41411.6608877946,37488.2165815761,11500
80068.8207668513,74351.751410829,56646.0910469479,41686.6511236988,37738.4693638791,11600
80537.9848233424,74787.7381570197,57001.0531167831,41958.0734329507,37988.6839731257,11700
81003.9028367808,75225.7140614086,57355.6041660355,42225.7365229633,38237.7288967254,11800
81466.587076756,75659.4139865435,57700.8853976674,42492.0121970407,38485.6068681633,11900
81926.0497727386,76086.8949449084,58044.6672902718,42756.9040802729,38732.3206153364,12000
82381.5099305097,76506.1243176949,58388.8862213003,43020.6527093196,38977.8728605646,12100
82833.4643094834,76926.5187842031,58728.6341379353,43285.7022220127,39222.6582319163,12200
83282.2210744407,77349.4861561707,59063.8881030572,43546.797484521,39466.7514701383,12300
83727.0569199511,77762.5496462122,59394.2775273432,43810.4144647776,39721.7029562601,12400
84153.7137053427,78175.6177209688,59724.5972167757,44074.0213779668,39976.1110788014,12500
84577.0363379756,78586.5401047812,60056.4662808297,44336.3362464473,40229.5479130465,12600
84997.0384605746,78994.3846803267,60383.416148399,44597.3622510849,40474.5399226382,12700
85413.7336677963,79398.0206040639,60706.7068788834,44851.4114050306,40709.3851381625,12800
85826.834806218,79808.8635238369,61033.831461852,45097.7236832905,40943.0910959269,12900
86236.0426385873,80215.242260894,61359.5454740884,45342.6704831367,41175.7496945402,13000
86641.9745938815,80596.7911571669,61690.1507645293,45586.3909048316,41407.2381245904,13100
87044.6441635066,80983.7530588431,62017.4162364351,45839.5724684948,41637.5592302824,13200
87445.0030213195,81373.0373753719,62332.7651220593,46086.1595884173,41866.7158497895,13300
87859.2418485268,81762.9077528607,62650.1616366985,46334.0737505174,42094.710815265,13400
88270.4376282934,82151.5832035727,62963.7912476787,46581.1304370733,42321.5469528539,13500
88678.6019957073,82529.8161007547,63275.5257819443,46826.8877570532,42552.0127924271,13600
89083.7465475487,82924.1846033292,63588.0578307382,47072.056118871,42782.8151150251,13700
89474.5800845712,83292.4863194167,63898.6636724652,47316.267078545,43012.5590540896,13800
89855.2109374294,83666.1528737359,64207.3493003721,47561.8696940754,43242.2531773332,13900
90232.3204865446,84038.7803840701,64519.0394274505,47801.5693753472,43478.5437173386,14000
90622.1125243784,84414.2540743336,64830.0019581675,48038.4621991884,43698.9257548795,14100
90995.1598779581,84791.099125942,65134.2309748288,48276.8729873356,43922.8587094097,14200
91363.3359655207,85162.2361252572,65430.7936432137,48514.9586109736,44147.2513450088,14300
91727.248248565,85517.8695626952,65721.6821898556,48749.7919595265,44370.580357322,14400
92088.0568378401,85881.603087961,66014.3518415878,48983.8213115304,44592.8481506274,14500
92445.7746774241,86243.2183001992,66312.1231136665,49217.2895462456,44814.0571244633,14600
92812.3980848426,86592.3163151432,66605.391968892,49449.4998383754,45034.4718392442,14700
93176.9029859188,86929.4141976499,66900.9179916814,49680.4554065115,45254.1179395748,14800
93538.4640158097,87274.0033394031,67191.0412029306,49910.1594620889,45472.7181471932,14900
93894.1051782225,87611.6965892108,67474.6542305812,50138.6152094008,45690.2748137689,15000
94236.3916703295,87949.0843267772,67764.6930596375,50367.4973673861,45906.7902863638,15100
94575.6599370736,88293.6747359932,68053.0518863069,50595.3652303618,46122.2669074403,15200
94926.812568603,88642.1691639074,68336.9532117501,50816.7590708569,46336.7070148701,15300
95293.5602430882,88985.1834170433,68614.3476104596,51047.6784502855,46550.1129419421,15400
95650.9828678259,89318.9965036505,68888.2873532555,51271.6607938514,46762.4870173713,15500
95994.0522726642,89648.9407508787,69157.6322475959,51492.7015072711,46973.8315653066,15600
96334.2841803947,89977.3971060789,69429.7585842985,51701.2874035672,47186.0687068772,15700
96671.3067900086,90303.6014751481,69698.4444856518,51923.2374033029,47398.9569267627,15800
97004.2250753817,90627.2573626405,69970.8880233324,52150.0126316612,47610.8577272148,15900
97334.3266342844,90948.374304606,70238.7385845018,52375.9120328671,47821.7732435445,16000
97662.7317951427,91266.246857387,70505.0713267216,52593.757838819,48031.7056070413,16100
97995.4830829189,91581.2224420687,70769.9617578603,52810.6322186057,48233.2365765649,16200
98308.995490221,91886.7282735343,71033.3520755642,53035.7978563468,48431.9841702426,16300
98632.5586431539,92192.8433811921,71293.7180264509,53260.2346430237,48629.669274614,16400
98957.7028013872,92495.0006384987,71553.1538768985,53483.5874683761,48828.1243852084,16500
99260.0581516824,92794.6290181672,71809.3313984081,53706.1928420889,49028.8015056087,16600
99574.9920276279,93096.2604231105,72069.249260214,53928.4703228168,49228.923280304,16700
99893.455010241,93398.4192578917,72324.8250950975,54146.8760694176,49435.4628756654,16800
100209.274581003,93699.972373027,72576.1601173992,54368.8716464611,49637.3673979159,16900
100522.460935463,93979.5686184891,72828.9008040719,54578.517310779,49842.7206185192,17000
100832.81796674,94255.7941267979,73077.8237045425,54787.0720803644,50047.2931163066,17100
101139.823984543,94534.256087197,73325.9554900341,54991.2870264924,50250.9466686522,17200
101444.220807519,94814.1376213307,73572.4253547874,55208.1128647105,50453.6831697783,17300
101746.018560716,95091.271343121,73817.9763688723,55423.7641326883,50655.5045105081,17400
102036.609250152,95366.4021103572,74063.8040415018,55631.0129445954,50856.4125782703,17500
102319.271200589,95634.8916818101,74313.5385746057,55835.6086933141,51050.6682252017,17600
102603.862555685,95908.5875075037,74548.6328420568,56015.6993979951,51227.7051150238,17700
102896.320169681,96174.3789046378,74785.516985532,56209.0779330743,51403.6511071604,17800
103179.774910262,96418.2437586618,75020.157237054,56409.3700904191,51578.5090329617,17900
103453.708948984,96675.5428588397,75251.5039163399,56598.9497368676,51752.2817174246,18000
103721.551066831,96940.3796191409,75477.3327811619,56786.8732767535,51924.9719792062,18100
103980.623096281,97202.8544318909,75711.2246970384,56973.6135984286,52108.5993363878,18200
104259.72400853,97462.9764165518,75938.6047066118,57159.1738767777,52292.045538129,18300
104525.161189411,97731.5807371233,76171.1440228593,57349.5714358401,52474.5181641423,18400
104786.398942973,97995.4424443507,76401.6806044637,57542.8206873919,52656.01944955,18500
105050.653211148,98252.4888514172,76622.5348119918,57721.9475033194,52817.7395960218,18600
105308.570358278,98494.2235546123,76851.6510713948,57902.3120398945,52974.8806222969,18700
105553.546472772,98742.7414661495,77067.3088967353,58100.2039481517,53144.3759478941,18800
105809.88840194,98987.3302524573,77277.6653405573,58287.4666296791,53324.803838157,18900
106073.878736083,99252.5391752888,77483.0584104585,58466.9474094501,53499.7443813492,19000
106335.456693596,99515.5936802536,77706.9036237317,58641.3254251105,53662.5064014844,19100
106594.631633179,99758.8667397291,77918.6608633681,58823.2102598906,53816.1476716092,19200
106851.412882798,100007.56277419,78128.8317044225,59000.6646922898,53968.7609140171,19300
107105.809739775,100256.696459528,78336.2939290029,59190.8316475649,54120.584905392,19400
107357.831470879,100488.152629532,78531.4072293937,59348.8718359241,54271.7774308657,19500
107607.487312424,100705.913264617,78729.9322853179,59518.2618362193,54422.1231407364,19600
107852.000926833,100943.770033833,78927.2419554742,59680.5608250367,54592.6815882676,19700
108092.561608654,101186.84625156,79138.0430169547,59843.8040893378,54766.9204969513,19800
108330.760645345,101427.803221688,79346.7079231857,60004.3912480628,54940.6530599469,19900
108566.100895865,101666.648666022,79557.7195428882,60170.2975460678,55112.8997950878,20000
108793.748577782,101903.390282524,79758.3160215468,60352.3081908063,55269.259961831,20100
108999.993050989,102138.035745373,79968.0968439619,60529.5757572626,55424.6233468247,20200
109203.365054137,102370.592705038,80155.7245351569,60694.5696602361,55592.0700402899,20300
109433.111315804,102601.128109318,80338.5264242558,60858.4615249361,55760.3819381338,20400
109661.769532535,102826.745988893,80532.8550531826,61026.2284165713,55927.9925517358,20500
109880.39871384,103054.503701137,80728.6577600479,61195.9666197984,56094.7184703179,20600
110115.132547098,103276.796163425,80901.477518261,61359.2939087529,56244.8154652764,20700
110338.390854805,103491.799544344,81080.1870683427,61530.4114848106,56397.4289369104,20800
110529.292509407,103718.204561993,81263.4119173849,61691.3579770375,56550.851242314,20900
110743.438130071,103930.805609458,81444.2867579409,61851.7489630936,56696.7867045215,21000
110939.802490726,104124.654838868,81625.1576352106,62022.2273223171,56856.5752023551,21100
111136.282044823,104314.986162245,81811.8586650179,62173.7559946676,57025.7822760308,21200
111330.796580389,104508.26948596,81999.592289944,62325.9900590478,57194.1729281817,21300
111533.213099324,104689.207758802,82174.3449227453,62477.6041167961,57352.4965548286,21400
111733.288364671,104874.389097629,82347.8195994513,62633.9250259593,57508.9971992028,21500
111931.152303679,105055.20452522,82523.643732971,62792.7207805982,57657.9796831777,21600
112127.860794778,105232.170313483,82699.8046043332,62958.0306599293,57800.926733977,21700
112323.018084464,105407.040296475,82875.0302438967,63111.4504735754,57942.9250514978,21800
112525.867825364,105590.690243071,83054.4502156659,63264.8497095847,58083.9770019897,21900
112731.183375621,105779.331348598,83228.2439881948,63421.8280586866,58224.0849466313,22000
112936.831870139,105957.653777689,83409.4462110589,63578.3000287526,58363.2512415404,22100
113138.162400203,106140.90407877,83576.9677453074,63731.5602741169,58501.4782377839,22200
113300.471533504,106298.818943022,83739.0592000165,63888.2780379595,58638.7682813878,22300
113470.175426864,106440.394738174,83911.3382738148,64041.7889412299,58777.879707571,22400
113634.06761548,106603.233930185,84074.0079649815,64194.3176777995,58922.2064896066,22500
113800.004207278,106764.496776637,84251.2006513705,64335.9094541759,59065.6555157125,22600
113980.792198864,106928.319981684,84413.7007577895,64470.6999193726,59201.6324552785,22700
114147.317552384,107095.301537448,84580.5037513493,64603.8096998805,59335.771950343,22800
114317.646171177,107268.341519078,84745.9006027415,64734.2890227675,59469.3472227945,22900
114485.002514073,107436.323076268,84909.4500536397,64873.2274360238,59603.4152581116,23000
114651.719229109,107600.974522544,85068.0164585086,65033.5619304398,59757.5675064107,23100
114816.59978527,107769.57302754,85223.0057474919,65193.0116358579,59909.8613174965,23200
114979.420544941,107943.990022126,85381.672167439,65335.9998604632,60041.1484522242,23300
115140.189857531,108108.155579117,85523.6060204876,65479.8316587727,60164.2005764889,23400
115298.659877692,108277.349484691,85668.4041820681,65611.8824090114,60287.1104061445,23500
115468.8025756,108449.23716453,85819.3467107855,65756.9004167781,60418.3252913786,23600
115603.618905398,108619.310028413,85963.2266712682,65893.415029291,60567.6125934474,23700
115733.871891178,108785.914357943,86116.7249090025,66026.6717605666,60716.135381076,23800
115862.010373222,108929.194624419,86272.489506156,66157.5552664428,60854.7408516533,23900
116025.1436878,109067.440422637,86412.3908344164,66286.5567027752,60985.9125395477,24000
116188.305940813,109203.389875954,86542.7586798565,66433.6830090967,61116.2551886291,24100
116325.744549496,109337.458508077,86679.425363266,66554.2224523288,61246.0464672789,24200
116460.41744275,109474.654443804,86817.2300016709,66671.4981948129,61374.9944769558,24300
116593.094481797,109620.439489758,86960.4314693821,66789.8347667137,61494.9781873968,24400
116723.784043976,109750.515365283,87111.2498618234,66917.4781079388,61601.5670067498,24500
116852.157080865,109878.067344398,87245.8680068535,67046.5814815891,61707.2149206506,24600
116978.312012646,110008.431885203,87371.8130131243,67161.6468682352,61811.9245160162,24700
117124.821601212,110144.856493165,87499.4147930446,67295.8750216848,61915.9306894631,24800
117262.269531364,110303.120062544,87625.7930638944,67417.1156215898,62004.730192837,24900
117407.155566175,110419.905328374,87743.8008150437,67557.5575104696,62083.7350975127,25000
117553.991016679,110534.868013547,87852.6306137422,67679.1617811529,62199.6674019423,25100
117697.793824752,110661.31424359,87977.3952038338,67795.8562547136,62322.0768459331,25200
117836.850220631,110792.447909611,88102.8805183102,67916.6394314846,62421.5406062866,25300
117974.066605544,110911.230995997,88216.7652663608,68029.9984025709,62519.0472808201,25400
118109.450143506,111039.029477198,88329.2907194773,68145.0553413061,62622.987109844,25500
118243.007975393,111156.159485319,88443.1278074812,68252.2595841829,62731.772221054,25600
118374.571365349,111276.633517758,88565.9246324637,68362.0313637466,62840.6074509112,25700
118503.487389014,111394.990602302,88670.6823817962,68475.2807499177,62971.0294076602,25800
118621.164137507,111510.759577335,88779.9479072186,68592.7343281723,63116.2059911697,25900
118732.347627212,111628.940081694,88897.8616737568,68710.4167223855,63237.15599073,26000
118841.69565277,111738.719648208,89014.670975536,68823.6304403691,63349.1271516347,26100
118951.021332062,111848.444797936,89125.728361387,68937.119209176,63460.2872067201,26200
119058.377577213,111956.395007219,89248.1581986972,69049.6990818916,63570.6365253108,26300
119157.46659138,112063.51068427,89350.5019291295,69161.3723936779,63680.177030108,26400
119260.271040955,112183.053027505,89457.9236889105,69272.1414745926,63788.9106399185,26500
119361.167846515,112275.691048046,89554.4442964402,69382.0086495993,63896.8392696615,26600
119459.340466196,112379.121166127,89658.2401257244,69489.109147198,64004.8703809478,26700
119554.441050621,112473.027388866,89765.081948464,69599.0465563357,64128.6645949855,26800
119647.761749669,112572.200239047,89873.3783666658,69706.2219126154,64245.1206587023,26900
119739.309987625,112666.379710097,89965.0431180974,69813.3112627319,64336.5424258341,27000
119829.093163379,112731.506050179,90058.8876569515,69920.1123356156,64437.7641689523,27100
119917.118650499,112815.194391682,90161.8943702808,70023.3985897503,64553.0219534853,27200
120003.306939055,112894.01416036,90287.969194877,70118.9241097557,64648.879138382,27300
120087.654123274,112973.000000777,90385.8190581995,70231.0168755569,64756.8002370149,27400
120162.317378955,113039.86790368,90466.088822761,70336.3265163197,64849.8164760003,27500
120201.849068266,113135.431482137,90541.3416777492,70438.0208282562,64934.4192062239,27600
120284.030800503,113197.611929564,90624.2567825381,70532.070647428,65028.3108103361,27700
120342.979124459,113283.351003185,90717.5435899048,70616.7484822201,65121.72464671,27800
120410.637409482,113361.548255143,90817.5212538166,70700.4977538593,65222.8684291873,27900
120481.660666584,113440.413388552,90898.5293257344,70785.5176714134,65318.8450873581,28000
120555.804128158,113530.802610715,90984.2678344105,70870.7965074899,65415.1680399166,28100
120648.682642386,113611.861604202,91059.3895335626,70951.957967597,65510.7172878999,28200
120716.802548048,113677.348684471,91142.4336567501,71038.9223534232,65609.4033941694,28300
120746.717967175,113742.396680088,91235.3915650344,71119.4999471224,65715.2148703703,28400
120787.251404788,113803.817408124,91330.5723826726,71196.1365550401,65820.3080599239,28500
120849.60308123,113878.415786274,91404.3305596316,71279.5414531087,65899.3612311443,28600
120899.949269601,113959.9443145,91488.7856429455,71371.60339474,65973.7255048543,28700
120920.406286927,114041.790777937,91569.4985170218,71464.9647539618,66064.2283760645,28800
120939.154347596,114106.274027622,91662.4838945084,71551.8892909225,66157.3819383169,28900
120977.452188792,114180.943736632,91737.1040444275,71636.3118919375,66251.8842332536,29000
121035.186453876,114248.091866976,91805.5783829622,71711.4027310885,66345.6496084603,29100
121142.690495139,114316.314854721,91874.2888389968,71783.8580233938,66438.6797547583,29200
121248.716614955,114392.948572802,91953.514581133,71864.2992882512,66530.9763596662,29300
121305.366705544,114455.462672367,92018.3279601393,71933.3877137285,66622.5411074061,29400
121334.932504552,114502.142798176,92064.4050701451,71999.1331529999,66713.3756789096,29500
121359.48278877,114534.69067443,92124.8904131864,72065.4747042632,66790.3110943395,29600
121382.411573612,114565.143965042,92188.4070540313,72145.6451274922,66866.3626776684,29700
121421.399716843,114599.345437381,92265.1482978532,72212.1817528782,66941.6390955336,29800
121473.814315047,114658.953994707,92321.0184319185,72279.1475079552,67016.1423249373,29900
121497.963967175,114695.299827716,92388.8835263315,72342.4602953737,67089.8743386195,30000
121506.822497359,114733.793973901,92469.2978598893,72405.5822183974,67168.8143046111,30100
121514.084825016,114785.567137065,92537.3199629356,72468.3961846631,67248.1705746155,30200
121549.356146311,114812.268549879,92601.199294745,72532.1586844532,67313.2994485725,30300
121598.556458103,114850.202488148,92659.1023165018,72626.7152276232,67399.8835206889,30400
121634.535528384,114889.109010475,92724.2524440884,72696.8684592408,67481.8405103882,30500
121624.716184792,114920.897529174,92775.643616571,72784.8242688112,67559.3025141253,30600
121636.333668715,114959.413789643,92855.835596835,72843.3666251532,67639.0158533893,30700
121689.18346727,115004.605678392,92905.9258909575,72889.0393728263,67722.1514634752,30800
121726.886200089,115032.878874833,92963.4658123133,72940.8020937153,67822.2156729841,30900
121760.161231898,115045.948828587,93009.4438368607,72999.5152908089,67910.0091729808,31000
121788.535052689,115079.477521554,93053.533312886,73058.7814330056,67992.7748195657,31100
121839.325188437,115105.049183384,93115.1836076626,73135.4933380317,68059.7861034547,31200
121879.849424339,115126.622233323,93161.3128392852,73218.1136873237,68142.3852125134,31300
121917.688013262,115147.286847589,93208.8361141435,73287.5438528097,68226.4976812365,31400
121952.944024762,115167.119440783,93264.3519790341,73341.400068774,68309.9387175395,31500
121957.086770867,115192.354980265,93315.4558419161,73398.1834470302,68387.2263027381,31600
121938.289551385,115226.461973777,93354.5468262312,73491.440914248,68437.4632636492,31700
121916.612398802,115251.545696529,93402.5258727056,73567.5652166902,68487.1272708273,31800
121893.454343048,115271.31424056,93448.9793954993,73636.2568277238,68562.6839368996,31900
121868.82264858,115292.087225847,93494.0587269504,73705.5847439802,68628.3283471149,32000
121842.724551842,115310.847309576,93532.095222752,73761.1570576644,68696.8993997844,32100
121816.453976308,115338.273827252,93585.3483862483,73818.1487781137,68769.4957578476,32200
121828.248820027,115343.689843872,93618.7471556151,73887.0191757679,68818.9017751539,32300
121838.646768877,115359.5323618,93661.7904782243,73934.8597245677,68872.1541161489,32400
121847.653823929,115373.754299118,93709.0291536661,73983.5685019399,68918.9695183519,32500
121831.753522893,115385.050801613,93758.0180330536,74024.9683184509,68971.3733585335,32600
121807.217516596,115396.617422331,93800.454794242,74069.938286622,69020.0101599934,32700
121781.273088068,115417.801392906,93824.0601361425,74136.3886028147,69076.6352037243,32800
121756.457731589,115418.969372008,93842.7992843212,74201.5784690556,69144.2194916305,32900
121784.417137142,115423.550682967,93874.4384082099,74260.0991624337,69203.2589236276,33000
121844.324854447,115435.583410267,93912.5154090241,74322.2403084753,69263.5325887145,33100
121883.934436091,115432.593284997,93941.4458774409,74381.7068548316,69318.8866472855,33200
121850.459931002,115429.053915665,93982.815542269,74419.8987037183,69401.3955136169,33300
121806.01490531,115423.1122138,94013.4253527514,74450.3267547363,69469.0183074664,33400
121762.570108619,115412.563204566,94052.5451042173,74483.9691413106,69533.0140180935,33500
121717.76192342,115406.579357536,94097.0746646564,74531.8586516889,69580.9014894255,33600
121698.81371011,115409.430272216,94129.6210336319,74593.1988378899,69628.0860309863,33700
121698.507342867,115389.98668942,94154.7978770894,74633.1925878756,69672.6653650731,33800
121697.134737417,115371.482093378,94175.8107695346,74668.3990289166,69714.8803194715,33900
121695.662895513,115358.034091903,94189.6029810204,74720.3520411671,69748.1824293021,34000
121692.905772576,115359.324528821,94212.7044528433,74787.8090563749,69800.2374483765,34100
121688.868780645,115374.672905665,94228.7390269743,74830.1549785672,69836.3812578809,34200
121683.557313614,115358.364849518,94239.1997022069,74858.4688095503,69874.5712811535,34300
121675.046123246,115333.049170638,94259.6953315977,74880.1937498908,69924.6195886774,34400
121615.957086241,115322.431233395,94281.8430528367,74920.5301877388,69966.2997655314,34500
121614.600093603,115310.809291941,94301.5079258633,74966.5277785481,69970.972724882,34600
121645.186945697,115297.986555052,94311.0689057025,75000.4622678694,69974.92607299,34700
121616.594254302,115281.427112663,94329.5077449733,75061.6984363545,69979.1955563564,34800
121612.197843056,115260.493499366,94334.3260755646,75093.3946225635,69986.8022730731,34900
121560.775803595,115237.051228904,94341.945948283,75118.2691928371,70035.9372897101,35000
121525.052542059,115207.374660473,94355.2959463444,75142.3855898623,70061.4346269478,35100
121480.290229052,115173.04620728,94370.1298883742,75167.2275756074,70082.9801494424,35200
121422.177042054,115161.168704003,94375.3872280518,75197.3062422919,70117.0382458761,35300
121361.533166806,115127.146130336,94374.9904798192,75241.1973608312,70154.8098492415,35400
121312.59136591,115091.123236658,94387.4464734521,75269.5774520684,70182.3835840239,35500
121279.497114723,115058.479918158,94383.8957880303,75290.8494979732,70214.1305077797,35600
121247.341979237,115021.286292523,94389.4660420893,75324.1035134799,70246.5728399002,35700
121218.502677805,114989.533522097,94383.4183279035,75355.960485768,70276.9657421672,35800
121181.685611397,114961.665177679,94374.3852084517,75383.1145693699,70334.764344366,35900
121152.546623776,114946.382111477,94379.5301157364,75397.2892543562,70377.0751637491,36000
121099.227578629,114937.540180746,94390.1607656528,75412.8364040126,70425.1823019587,36100
121060.385575942,114931.249757828,94389.4627777618,75463.3128128006,70473.7258918805,36200
121020.36686041,114920.304116521,94378.4470826286,75514.8438914655,70490.8636984357,36300
120978.194584637,114876.073443551,94382.9685590787,75528.551093406,70483.9284969943,36400
120873.309034551,114817.438034544,94389.1608107386,75577.9941717395,70476.908275392,36500
120827.488771111,114781.733950078,94387.7659482589,75589.6144864277,70520.5988671008,36600
120779.750705334,114720.327615668,94383.4121727259,75592.7561397964,70564.2767743302,36700
120726.363743286,114661.239871114,94384.9386459238,75613.6692031569,70607.349991644,36800
120624.347638388,114625.310668408,94386.1983840837,75628.6190800705,70649.8199205388,36900
120550.030221223,114570.271361023,94384.2659279546,75650.0880457415,70659.1381160618,37000
120544.339469893,114513.074453751,94389.0185739618,75645.4239947344,70659.0707383952,37100
120448.264484799,114484.744369832,94374.5966785278,75634.7407573024,70675.1562258811,37200
120395.692165528,114411.958309099,94363.3868821715,75642.7135348494,70670.3038210382,37300
120342.000324783,114353.301914017,94368.8640932034,75651.9113490313,70696.3482164701,37400
120287.194024708,114312.622259484,94360.904806882,75653.2504090484,70727.8686674817,37500
120231.278309686,114279.049514586,94343.7887374952,75666.8055954777,70758.7786525023,37600
120174.258206396,114206.559872111,94331.2209846419,75672.6465111985,70790.8886710645,37700
120114.4734504,114133.963803993,94314.1827149595,75693.8212317334,70824.1459700534,37800
120043.709412512,114061.452834233,94313.8533638571,75709.4911689349,70849.7888451764,37900
119937.176436368,113995.298527766,94298.2591540305,75710.1629692972,70865.8078331663,38000
119840.363968205,113908.75403088,94275.580917763,75742.1971418169,70878.7279079174,38100
119805.698642567,113843.041830702,94253.269384654,75744.7260548286,70870.9500448513,38200
119769.977358153,113787.837782151,94231.413073538,75736.6521837217,70847.7768717232,38300
119729.706788795,113743.859045922,94227.6891678113,75740.5147498642,70842.1582484693,38400
119640.307701033,113691.153981806,94222.6034986452,75732.2683777748,70847.4077419352,38500
119572.004772474,113623.29565715,94189.7009968721,75735.5092086051,70811.3080160121,38600
119479.208102839,113577.97168151,94169.6999914944,75762.9627683689,70798.225774394,38700
119399.13686956,113528.064326962,94136.2814132508,75768.078681249,70827.84643768,38800
119336.001432979,113435.499528091,94126.7748739694,75767.4433265179,70859.6768179844,38900
119226.802448125,113347.687874132,94102.5553289528,75781.4762852886,70890.9395146083,39000
119117.950154943,113280.623476245,94066.792783695,75788.9328398767,70918.1614211397,39100
119006.839198018,113204.684475608,94025.2080404591,75789.3490490224,70927.968380247,39200
118895.519545405,113147.219032315,94006.0061575775,75789.2286648104,70937.1676962738,39300
118813.805828688,113115.976573981,93982.8721631949,75806.4431199899,70945.7609948719,39400
118755.653621396,113055.299854734,93949.0634032205,75820.9627537039,70953.7498981032,39500
118670.343179274,113000.110906962,93923.0407754375,75822.3829673457,70963.4345964395,39600
118567.643948587,112939.104874834,93890.6842964022,75798.4233618085,70972.4062426926,39700
118473.543542227,112863.749366856,93853.5912885728,75773.2650075795,70995.0967958081,39800
118411.558605956,112784.599558996,93821.0294436453,75786.5081286425,71007.9601551843,39900
118353.809700861,112722.275460336,93788.7007037346,75779.5830944813,70983.8822240665,40000
118295.082778652,112626.401033883,93762.6695408259,75772.9121631918,70980.3810983149,40100
118235.382001242,112544.302618242,93734.808581332,75765.595300055,70983.4811386797,40200
118175.191068788,112475.854563461,93702.32934877,75765.2502809328,70986.0887472646,40300
118116.541519852,112420.050850286,93657.2115843575,75755.9857152319,70988.1052186178,40400
118011.288203319,112363.692919438,93634.0340385355,75752.5245009312,70976.6104202841,40500
117889.312983722,112282.326684837,93608.1603433786,75740.5257690853,70962.7986852408,40600
117825.081871836,112226.114592946,93562.8666525473,75727.131828134,70965.3018165572,40700
117764.12748768,112151.448734249,93520.4865862284,75707.559405876,70987.2327607753,40800
117685.26979298,112065.005991023,93486.4720271501,75693.5777983166,70989.3762348992,40900
117572.551406247,111975.570912627,93471.7690471785,75680.6594898299,70985.8119121756,41000
117458.891712534,111896.420799522,93451.2436280791,75667.1159475,70984.0639352895,41100
117391.655165651,111816.397082198,93408.351444538,75670.8398074035,70978.2940992126,41200
117342.887606948,111748.896128434,93363.1872483256,75659.551245062,70976.1018975537,41300
117292.518610853,111672.294659566,93327.9548241882,75645.8631675136,70974.4772168561,41400
117186.542124206,111598.502160303,93284.0754148055,75632.6262938668,70970.1442491144,41500
117095.09363604,111521.053762164,93243.8989812183,75631.1911810805,70976.5397661692,41600
117008.75223052,111435.43405487,93193.7731909136,75615.1423771749,70971.3246489433,41700
116875.461791827,111345.009905128,93147.1903253396,75610.4601209103,70971.0754304443,41800
116766.411613737,111227.098915952,93101.6491303301,75601.8929665785,70963.7460465408,41900
116679.629601046,111125.065581997,93059.8537517949,75563.2665457225,70953.4051903208,42000
116578.859271282,111019.301333563,93002.0803436076,75552.2210291629,70966.9996696367,42100
116425.232579449,110913.87052118,92935.024036711,75518.4336406503,70936.508933505,42200
116308.617474651,110798.055313531,92879.9860131594,75503.9156142474,70941.8081166092,42300
116194.415375382,110699.401624045,92828.4269556778,75514.3802308025,70949.1543852616,42400
116061.823273809,110580.800071729,92789.2769859023,75500.8984538329,70938.0533597715,42500
115955.719006518,110489.586505815,92739.8159889524,75473.9938700979,70923.5493417908,42600
115861.146176171,110398.41833353,92684.5362007224,75455.3462660257,70919.3328367123,42700
115774.762620662,110326.908184034,92624.7556854603,75424.2634667018,70914.5735350946,42800
115626.437585771,110227.660176281,92582.3701792845,75412.8210747862,70905.0446046371,42900
115517.508658087,110141.005668801,92526.1609238708,75392.6791465563,70870.7267969505,43000
115488.467354544,110059.322106702,92472.643418885,75365.1148254073,70836.4792278781,43100
115391.124805103,109970.564536449,92412.9994223333,75343.8380525655,70814.8771870249,43200
115261.339369113,109914.539039518,92349.7654439474,75331.6221295319,70815.203726977,43300
115121.737506727,109844.341371511,92284.8564267588,75326.6122407073,70822.0679915329,43400
115003.473760413,109768.182863493,92220.7386749848,75301.6703149851,70826.4170658191,43500
114898.284821363,109686.222087154,92185.2134280476,75282.9272219199,70809.0152943108,43600
114771.506042051,109563.337672904,92132.0013023879,75258.2440827769,70778.621867396,43700
114636.074241627,109451.56982965,92068.7804795895,75229.0028276175,70748.9959486479,43800
114487.95677229,109343.243860521,92018.5331005176,75186.6597030606,70771.0373606649,43900
114339.032458471,109234.090266543,91959.3781945608,75161.2565120017,70747.8889140476,44000
114234.116138995,109134.621519302,91891.7248586064,75136.5794921482,70711.2269402372,44100
114130.347586495,109067.240632165,91838.3578648477,75110.0152855567,70675.4319827379,44200
114021.826904304,108969.147286131,91782.5419176428,75083.696416677,70650.8779738802,44300
113921.507144644,108849.310288468,91715.4870255516,75052.7894082201,70618.4280919914,44400
113788.840767939,108729.584247553,91638.2853614032,75000.7419796056,70567.5826469886,44500
113693.844739828,108608.873564874,91568.6843486458,74975.2733541161,70524.7610358228,44600
113602.730750377,108512.74816637,91478.2291831899,74950.6828850615,70496.5631626441,44700
113493.61998034,108373.255445237,91403.6479475759,74897.0698300919,70499.6469027416,44800
113388.508416873,108273.404562381,91350.3918944583,74885.4814450344,70488.9234073343,44900
113277.382376697,108180.286965373,91285.1350009933,74841.5126593482,70469.4468677978,45000
113166.558706671,108112.422572302,91207.4433174582,74785.9052195076,70429.1558922461,45100
113014.411209924,108035.317286645,91138.0927002313,74733.1310930485,70394.5768700852,45200
112915.359584122,107975.236642892,91068.8667425516,74706.982347648,70377.3874702213,45300
112768.422855734,107889.906147391,91014.5500868299,74700.2200675333,70352.691180368,45400
112619.762376412,107781.049376325,90961.1157290045,74671.2846117263,70341.3333447938,45500
112488.544818397,107667.915504783,90898.5889725409,74633.5960795217,70299.208504383,45600
112391.53711703,107552.603447932,90806.1173705199,74612.2265955857,70271.7174151137,45700
112281.277545406,107442.034365186,90736.461782562,74590.3320849991,70242.6129997189,45800
112146.544002361,107310.601063063,90652.5543281744,74562.0376404912,70214.2780833824,45900
112010.806842965,107188.471121757,90569.9179290195,74532.3279949069,70193.5793108165,46000
111880.739754459,107051.009115915,90484.9750270646,74495.4428161131,70176.0653411132,46100
111739.750162895,106945.099555549,90407.1406724903,74439.4166216651,70126.5798581804,46200
111602.443671913,106831.622198898,90340.69211878,74392.7464429871,70095.5027420468,46300
111460.203248851,106722.814857321,90269.9652507972,74353.4585106283,70066.779454138,46400
111297.212389795,106615.984302587,90183.4097391982,74309.467571145,70048.9683351534,46500
111174.617113438,106507.036155509,90095.80225234,74262.0353369858,70031.3137684043,46600
111049.492007314,106392.801478246,90008.0791017719,74217.0816316246,70013.8917688043,46700
110897.890295923,106273.041400496,89930.195392057,74191.7378644721,69995.3365716706,46800
110740.384188492,106139.142150274,89843.1326558864,74161.8937218245,69970.3895798135,46900
110582.182732956,105990.8076361,89762.9158001527,74105.6817693521,69934.4933752141,47000
110485.835297332,105860.853852234,89675.2104032338,74048.2639202178,69892.134968593,47100
110330.351030389,105742.531201299,89583.5887743558,74038.7783424437,69859.488108882,47200
110165.92412121,105616.491140213,89497.1714700194,73973.5313707387,69830.6145787446,47300
110045.615827396,105500.191151058,89406.392378083,73925.5408701539,69781.790889919,47400
109919.960317735,105349.946128113,89337.3717908984,73861.8893766966,69741.7388968516,47500
109790.094340556,105215.357742458,89240.5753749776,73800.007704993,69692.907411528,47600
109675.945505756,105077.238049267,89156.5977349873,73736.7459083216,69664.035120964,47700
109544.607479275,104929.629829636,89068.2757849504,73704.5429644307,69601.4366081744,47800
109430.698506016,104815.290129414,88982.8312745978,73665.4280895785,69540.6644610645,47900
109360.403628723,104657.737113514,88888.5716640528,73620.9241862204,69482.0108616302,48000
109231.851161862,104514.42697826,88802.7073739759,73550.3945021785,69440.8319627501,48100
109070.02242048,104355.183358653,88706.1232548067,73490.8747066363,69368.3847179223,48200
108943.47409874,104205.529310531,88596.6437378244,73426.480998239,69323.765182152,48300
108817.229777931,104077.398115421,88492.5176537424,73373.9140673257,69267.4565420309,48400
108671.461815536,103949.168608279,88416.6396378273,73329.456682297,69231.7315117978,48500
108502.627464624,103835.179966618,88310.6076616914,73283.9078096904,69208.1820575958,48600
108389.950069571,103694.447922968,88214.7187145643,73256.4622961493,69184.1742468603,48700
108273.459373841,103582.077696916,88117.2566355276,73222.5758131779,69166.0450864608,48800
108095.297394473,103469.646486448,88023.6729667957,73183.0838965299,69129.4203046043,48900
107928.380673493,103357.765597675,87929.862387052,73092.041489379,69085.9822255236,49000
107755.231060719,103216.691689105,87857.3685371929,73032.600965813,69039.3895975885,49100
107600.3022266,103069.966716989,87762.6040834401,72993.7397466093,68995.7680943414,49200
107448.670316652,102922.439579746,87665.9076239361,72957.7217045442,68949.3483278491,49300
107351.542628698,102778.574315969,87564.7325720768,72918.8349023224,68892.2683377312,49400
107189.532625074,102637.885177468,87467.0274107318,72847.0638156319,68845.7901643299,49500
107054.037864685,102477.3005624,87381.8111058109,72784.5425614328,68802.7860229464,49600
106885.866315036,102335.485212965,87292.4399354604,72744.259753701,68767.4474619321,49700
106744.468440051,102167.99704968,87220.4722940255,72668.1157897294,68727.7541215483,49800
106615.123872908,102041.197492563,87142.4837311058,72623.402583443,68690.5421856089,49900
106437.535460991,101880.41640416,87013.8664734185,72564.7104646875,68670.9396620839,50000
106306.570418604,101740.847834249,86923.4212138275,72504.8052412768,68619.8779930365,50100
106143.955773706,101616.170421945,86821.2444440146,72449.7742088173,68550.4256788863,50200
106011.283308648,101473.658362693,86722.603456912,72373.3541446386,68481.5577194169,50300
105851.913323159,101361.799791099,86608.0617716129,72298.5363392244,68419.5551176629,50400
105687.041924896,101242.856470191,86504.9377024827,72229.1308673766,68358.8137992455,50500
105531.748457862,101080.095952672,86402.6897793435,72164.512883822,68323.7480031303,50600
105387.505013839,100923.420869099,86308.2027220085,72095.8526391329,68228.1861837938,50700
105235.280721167,100794.652849223,86192.1554222922,72032.7209714994,68146.689758461,50800
105085.891886941,100617.244002349,86086.9593935818,71968.5382759585,68098.1077080257,50900
104910.551699088,100456.963503436,85976.8241846218,71910.2096847539,68043.0469264605,51000
104762.648107223,100328.407815317,85891.3069601277,71840.0073302862,67971.8427420487,51100
104656.265553835,100163.365125572,85786.0980706717,71787.9942691513,67924.1488391378,51200
104521.483976949,100045.49291854,85664.8534898873,71723.3703805196,67876.7567178819,51300
104356.093096899,99903.0598763949,85560.4970846718,71644.5283764942,67831.6759036509,51400
104198.049371659,99775.5577092387,85452.6327413685,71567.6504178826,67778.332013219,51500
104074.139955434,99656.3695139796,85330.4359263893,71488.0543499244,67728.392354483,51600
103913.088620482,99517.4933092337,85224.7247822025,71404.7747583942,67670.2530532094,51700
103783.889459278,99390.9609646155,85102.1842413698,71337.0914721278,67602.6049500414,51800
103653.123271672,99263.0589199323,84984.5001432592,71261.5104740882,67534.6054716723,51900
103493.652658362,99109.3071206488,84858.3294677415,71178.2228269721,67445.5232702655,52000
103360.47500667,98955.184135763,84746.3753547835,71077.6940851192,67343.5433583494,52100
103214.398284426,98814.1503800932,84674.995865138,70990.8564056492,67280.5380553738,52200
103054.7269471,98663.4359377669,84598.1070561894,70927.7198656275,67196.3521805249,52300
102877.021747029,98501.7999225132,84474.7958273274,70836.6482775133,67109.7207355002,52400
102748.38302965,98363.4949509881,84357.9935850911,70774.0554541262,67045.0796876039,52500
102637.882251525,98237.1646406778,84248.194136953,70713.7293858844,66965.709501844,52600
102524.907996523,98078.605663651,84137.16357035,70641.6683882553,66911.1875494654,52700
102376.340546596,97943.860030528,84028.3629594046,70581.3723660324,66856.9598116519,52800
102204.56259739,97791.470991012,83923.199374779,70490.9096684886,66802.91648131,52900
102031.468212208,97658.0000113964,83804.8198327893,70416.1004708145,66734.3364642673,53000
101855.427832128,97491.7167191597,83705.8216644377,70381.9259982129,66656.1055127126,53100
101699.599743617,97329.4219738817,83588.9199591366,70292.5183725333,66601.657892584,53200
101523.301145782,97173.916434307,83480.5332961234,70225.4081145931,66545.9873946258,53300
101334.414760942,97014.5167025228,83359.1352326167,70126.2712719514,66489.1690220244,53400
101204.762244123,96854.8564699574,83235.1989669427,70065.2672333532,66404.9499511996,53500
101070.396238572,96716.2678302928,83109.115195613,69974.8318109524,66340.0674809931,53600
100865.11039473,96556.6105028237,82997.400005667,69889.5669007098,66252.5482552848,53700
100691.566699863,96393.9305863118,82900.2345625582,69820.4485668559,66164.6143183655,53800
100533.384373681,96233.9373516125,82785.4954570513,69741.3329108795,66067.6270327027,53900
100351.160001373,96074.5697995677,82672.1763166533,69646.7935677278,65976.3062414736,54000
100201.402419541,95904.7713956274,82549.7225072555,69585.1801338559,65893.7780654606,54100
100049.172417351,95736.8789468663,82431.7890008132,69489.4854638109,65839.5480245248,54200
99846.1200730823,95572.2636964867,82318.9516678206,69407.7835556258,65732.3255229094,54300
99659.4818869311,95409.2348245352,82193.1655611544,69319.8703403328,65662.5655425818,54400
99464.7256891275,95249.8706292466,82043.0831967306,69231.627732187,65573.6078526986,54500
99272.344482347,95082.1033614827,81927.5191406409,69134.5669079221,65482.124278493,54600
99090.3992738263,94939.6338180905,81807.3086515062,69064.0518285008,65405.3726124686,54700
98922.829875794,94785.8868678703,81685.6531031775,68975.6143244888,65346.2200277114,54800
98740.5637001958,94632.736831831,81559.9089860357,68897.5344363117,65289.5704752174,54900
98600.2514910513,94489.3266278847,81448.7366783515,68812.9585109773,65203.1037432247,55000
98461.3111148614,94326.7382075003,81322.9756157532,68717.8130040998,65139.820336933,55100
98276.1028433615,94178.4077945254,81202.8431710593,68621.4606784489,65044.245206759,55200
98110.4160786576,94025.9824897623,81080.4937347345,68519.1738327968,64973.4099376762,55300
97979.9554422305,93836.614620986,80971.7554722056,68424.8431387972,64899.6226511988,55400
97825.1376944461,93683.8133162957,80834.4929359043,68332.0330171453,64829.4261068427,55500
97654.6842735974,93526.2211716445,80714.4900403552,68237.5161465796,64744.4117838117,55600
97489.827262357,93349.7940590321,80575.4805239988,68147.9090379894,64658.2403323298,55700
97366.0060641118,93170.0806792463,80443.1227622383,68054.0179867551,64584.6357493059,55800
97218.3851268135,92984.0166325693,80316.9967049859,67957.6874590951,64487.237198027,55900
97060.5858920598,92829.0793310445,80186.4550622207,67862.1644144463,64399.7292253478,56000
96872.5151375251,92730.1543005625,80058.14781468,67776.618511139,64290.0303744595,56100
96681.2583818544,92590.8510432625,79932.0363032485,67682.7746781172,64224.7496520497,56200
96496.3233773004,92421.5480908926,79808.6864068201,67596.9444492972,64129.0008609398,56300
96302.3521925236,92229.0663172976,79691.1045368208,67484.819237863,64019.6714629277,56400
96134.4254369031,92061.250486963,79566.1810972475,67391.5331892487,63941.0124329996,56500
95995.5240157501,91912.9369765845,79445.6088497653,67302.2548064928,63835.2020002157,56600
95807.5831723229,91777.7240823717,79315.7926589107,67213.8030208631,63782.7068324063,56700
95632.69031876,91619.4776691862,79189.0219170408,67138.7403508467,63692.7446173001,56800
95466.8507709344,91440.5683321775,79066.2604796864,67051.6480256728,63607.5061118278,56900
95311.233494776,91280.7697223462,78931.7843664823,66921.6334515241,63517.2099672916,57000
95160.9636297039,91082.058776467,78790.9449514286,66811.3268926319,63417.4945996891,57100
94983.7014078036,90913.5676184901,78649.4952358772,66696.0447425597,63327.6587926722,57200
94798.078605105,90734.1289673731,78512.7035841906,66599.3970735524,63238.7968176009,57300
94630.614375261,90579.2075983894,78386.5332694473,66498.3023200724,63152.2165410552,57400
94441.9605085164,90444.9065041505,78253.7709236468,66391.5049139803,63062.6643164044,57500
94318.6174683378,90265.4645805407,78132.2613360407,66305.0055632673,62961.3919885514,57600
94150.0242256659,90117.6778066631,77999.3658816433,66212.3162023938,62868.681502358,57700
93960.8746676996,89947.0047241961,77877.5987514509,66115.5713443807,62791.5994185891,57800
93761.3909287156,89769.1596141814,77724.0070332532,65984.8268898512,62681.6673901618,57900
93598.280819008,89619.1441624303,77574.3363762258,65870.0112021496,62598.6276123671,58000
93434.1239860939,89426.8187632804,77452.3530993179,65779.5538252504,62501.0640494479,58100
93256.6506951474,89265.2602897414,77304.4542593152,65695.796868553,62396.9488778678,58200
93069.0147320185,89124.2126977395,77165.437685263,65572.4196408024,62282.0839912188,58300
92904.1053670308,88967.8336070748,77039.6648500871,65467.9524408002,62193.4214954404,58400
92718.3771734512,88819.7000661217,76893.5954794563,65336.6878368379,62089.391053466,58500
92540.6507904332,88654.0468320791,76761.3189045092,65228.3713326214,61987.1639239298,58600
92360.2231340621,88484.8565742286,76599.6610403019,65138.37857309,61913.4726306567,58700
92216.2085442029,88301.2517244896,76474.3284590134,65048.5476723075,61821.1282657549,58800
92048.3810956268,88130.2363240167,76338.3683546858,64940.2385005485,61691.7453748641,58900
91831.4854781135,87945.4958107645,76191.1391226465,64826.6534317621,61574.882788195,59000
91630.9506067432,87792.9568399568,76053.482725976,64728.8696339327,61465.1175212598,59100
91482.5696987118,87618.0119870189,75921.8166340374,64620.7556742565,61354.5984021845,59200
91294.8103834921,87447.7816568704,75772.1308530259,64497.4546886165,61241.0716008828,59300
91081.3690318129,87273.8777183792,75641.2046985281,64365.8707226252,61129.2870283474,59400
90903.7754054122,87089.7012773045,75513.6606419193,64253.3254291988,61015.0938926328,59500
90720.1461313606,86969.2777748035,75361.9499441746,64149.8042557717,60900.3165218312,59600
90530.6098911823,86811.651186041,75233.6283957831,64016.6519188622,60809.6574121707,59700
90368.6885668806,86624.0256157723,75082.1393543065,63901.2277965339,60711.1212326454,59800
90168.9141322871,86448.241258284,74924.7362239773,63787.1293303004,60620.1678740372,59900
89986.4523737598,86260.2473577062,74765.0169361607,63682.5853892358,60508.6750245081,60000
89836.751733451,86088.4679613743,74611.2147337903,63548.6733357346,60420.9784762905,60100
89662.2523429806,85920.604291327,74470.7974597985,63431.5913603048,60302.4026044574,60200
89485.5666096669,85728.3004409816,74340.1620334582,63326.1975946696,60185.6538807707,60300
89307.5436097748,85540.058850693,74192.9313079223,63206.1641664408,60140.2110332592,60400
89129.1210541549,85361.6070872107,74035.9189208198,63097.234666803,60021.4922426998,60500
88972.8785143747,85179.5992134875,73879.9440734571,62942.0666056231,59929.7851495068,60600
88805.9313460245,85041.0629647698,73729.0222535213,62809.1960939273,59816.735555597,60700
88667.3633144505,84891.9817858483,73590.6113790529,62671.0355599975,59704.7421187983,60800
88511.0775682159,84727.153092239,73458.9140909057,62540.3882082047,59593.3379315474,60900
88352.9686992222,84534.9575196411,73331.3052592465,62449.5507369401,59513.7953128672,61000
88176.7694217756,84372.6464007859,73186.5766682868,62343.3990162408,59393.921903236,61100
88009.5019107525,84212.111998411,73036.4357259652,62225.5748954611,59254.7445645717,61200
87874.0977752533,84033.702730765,72891.9918378844,62149.2088675803,59115.1125456285,61300
87649.3930600977,83866.371594562,72744.6559629086,62017.3822340093,59018.0830267162,61400
87482.3619818046,83700.6035099871,72591.344648682,61904.2792015252,58862.6968866902,61500
87269.7163955769,83556.7682476777,72437.1753605924,61786.3901164822,58796.9359255747,61600
87063.9854197956,83366.9283154789,72288.6125088124,61670.7228767256,58698.6703391597,61700
86901.6297912374,83205.438780765,72138.6346456868,61566.2314931095,58571.5315498937,61800
86769.7241237778,83011.7324744806,71972.3689288617,61450.6524334394,58441.4441390924,61900
86595.4933491639,82840.4311704557,71799.7969492386,61327.3192258535,58283.8935430089,62000
86418.9007452993,82677.8579683392,71650.9133676358,61182.9511352085,58174.3608271057,62100
86205.6331935919,82517.4504470275,71514.1448264097,61058.0578881088,58041.6950799065,62200
86011.0791071524,82337.3594463519,71370.1633338265,60943.6240541578,57919.6806063528,62300
85825.0927437217,82188.1146704592,71218.7827343817,60802.4893142619,57810.2737361011,62400
85645.7412204099,82012.0426450718,71061.6285801965,60702.4648169027,57683.0009059162,62500
85474.1090296232,81819.1423350282,70901.321951767,60567.5878425628,57542.0651612245,62600
85301.9163625183,81676.0559226555,70739.3464433935,60403.2786401389,57432.1172050153,62700
85137.7598953283,81522.6752438583,70574.8543852564,60256.2433215942,57314.6531330762,62800
84921.2824835955,81360.4138619925,70417.7226970419,60113.68046301,57166.6298400629,62900
84764.8733999133,81175.935275097,70259.8977223556,59985.2361815271,57029.5447727296,63000
84580.8738166832,81006.3501736756,70114.9013880738,59859.1341815757,56934.7858690215,63100
84386.7796281837,80831.6977401473,69954.9496193313,59734.8360124289,56792.370307441,63200
84156.1117631708,80695.6898868045,69802.4098753384,59594.2238671692,56687.0051892062,63300
83986.9754282331,80495.1209351778,69640.2258386531,59449.4912576611,56555.3817510425,63400
83809.316558407,80321.3917123586,69486.3703740858,59319.9457355755,56429.234685004,63500
83646.2039039746,80163.5051374602,69329.625928188,59175.4887433813,56316.436567075,63600
83478.8916407422,79973.4417012446,69165.0311365926,59040.3239880726,56175.0748029874,63700
83289.1151149749,79812.5116530593,69005.0919408981,58911.1360577335,56029.3934741264,63800
83088.1902270366,79620.4701599513,68847.1129970215,58772.2771543943,55905.2796294729,63900
82869.34112286,79444.101604032,68684.5231999585,58620.7115092428,55772.8203593762,64000
82686.6950839323,79272.3619511623,68535.9114878768,58499.070688419,55637.2223866206,64100
82570.7524392922,79111.784146375,68381.6052671129,58355.6197925215,55495.7195211466,64200
82409.9310294489,78947.6624943818,68218.7955968883,58219.7796532171,55362.8876295935,64300
82272.7989875499,78781.4538115326,68055.2123399882,58096.5174961899,55207.9296432975,64400
82097.561564345,78627.2782130654,67899.9206028334,57975.0222986584,55020.4832547543,64500
81947.0055690454,78459.7673176968,67727.4853554798,57835.1114927912,54864.6413669052,64600
81798.7354243884,78279.254744466,67570.8555774865,57721.3843744962,54728.8290212334,64700
81610.9928677813,78100.0374402093,67422.3314043879,57568.5033541329,54619.2822702423,64800
81418.1847053841,77952.2855162818,67256.2685811808,57409.5202732894,54485.0571538242,64900
81238.6030086312,77790.2851319731,67100.1420012112,57263.2857136463,54385.8431991866,65000
81074.3604236934,77635.2634074587,66949.5060617233,57103.176642785,54241.9020230256,65100
80902.7034928648,77477.6818267053,66781.46908772,56969.17226769,54070.3705677091,65200
80755.910905975,77340.8272407991,66617.0297602178,56818.1885801796,53910.5433510266,65300
80548.8995149496,77209.8783275955,66467.4442684224,56670.1134265157,53751.0278544047,65400
80387.3058620468,77022.1129978048,66309.1436324232,56515.9166003045,53593.5606081892,65500
80206.8108974178,76818.739417924,66154.2678408455,56377.9555907622,53436.5058509481,65600
80008.4147056204,76637.3388937692,65999.7053027535,56230.0712142626,53306.8429716079,65700
79874.032583582,76478.1892204164,65836.5022491228,56081.1902254232,53160.263707571,65800
79744.244366341,76313.9887317846,65672.1091234646,55920.870039389,53011.4046714027,65900
79546.546586718,76142.704504422,65504.0465941612,55758.111879278,52873.9667905496,66000
79348.5150273034,75948.7599351416,65345.3245621815,55605.55863822,52726.0558055371,66100
79185.3706581827,75760.6777116384,65169.5277482991,55454.7070925569,52567.5920441819,66200
78995.2520963631,75578.5324659329,65006.1768755434,55318.6745726917,52403.5148055006,66300
78839.401197124,75398.5150058582,64857.5881192236,55152.1357799363,52229.3280537492,66400
78678.789632096,75232.3510317822,64696.5391036852,55004.6874689176,52080.5741047357,66500
78500.6310037849,75064.8502990345,64528.9297748755,54840.9824677928,51923.2698273192,66600
78351.0366314147,74923.2525980147,64351.9168196036,54696.99746981,51770.1318748935,66700
78194.4535579083,74747.3802084907,64192.8240720911,54565.9282369309,51616.7516174699,66800
78022.0367756008,74590.6218307952,64025.8844761735,54411.1750762835,51439.6938941058,66900
77816.3116986436,74405.2100714207,63866.0962382577,54259.6925200481,51283.3962986094,67000
77603.7206652561,74228.444084397,63700.0472659816,54122.334040918,51138.84423201,67100
77449.5551580419,74048.2917562064,63525.2802833239,53974.6173161963,51006.5224924364,67200
77266.5902038157,73860.8537720541,63346.3856987448,53822.9988242918,50873.1958231471,67300
77170.7971593975,73679.8708445828,63178.5377365866,53677.1973622036,50677.954183858,67400
76941.9752143918,73515.1139018527,63013.6120272228,53510.1332874171,50523.0797964478,67500
76796.4714846452,73355.8172379953,62844.3588106444,53357.4982216838,50373.3634614801,67600
76609.9924940345,73189.9734781812,62680.3567312932,53204.2505392916,50230.5259424666,67700
76420.2562026071,73013.8780035697,62506.9126045215,53051.9562861136,50078.9846076232,67800
76272.0142202791,72845.7720141655,62335.7088970462,52871.7450865726,49924.8015597392,67900
76115.220817028,72651.5246331705,62169.7689383188,52692.7707463552,49773.844681834,68000
75962.0815933877,72471.5545671407,61998.3125752773,52517.4399014222,49609.0187060551,68100
75732.169373373,72324.6369463359,61834.5267266494,52353.7867839358,49473.9285265702,68200
75565.358709076,72144.1470136433,61664.9056563652,52188.1316725817,49311.2842874098,68300
75366.2319538037,71961.4533265227,61486.5673513636,52007.24003047,49143.6522528198,68400
75184.8595720927,71764.9163308267,61321.4750119011,51837.082968602,48989.6551666724,68500
75023.7497773975,71603.2352447211,61146.6472446445,51683.46656274,48835.1695729577,68600
74884.7072634575,71447.1431503399,60985.6408017227,51510.8903449224,48681.4278690149,68700
74709.5453812613,71286.297886609,60808.1986393867,51323.943575921,48518.1532033622,68800
74538.1913306702,71125.7883054577,60635.3132036425,51125.8478293282,48370.8559315204,68900
74384.3875296729,70968.3091750201,60459.2388550957,50984.4130122762,48195.9916736776,69000
74231.2412377596,70775.759983542,60290.7122468712,50813.8865174051,48016.4269549492,69100
74051.7473227397,70574.1769199591,60113.2928113796,50641.3851397619,47807.3080895384,69200
73917.0906229109,70409.1503588387,59951.9633419834,50467.9755865212,47674.3405460284,69300
73777.683698091,70226.2763772502,59764.426430536,50296.7322964493,47518.1894230001,69400
73602.6047487365,70054.4437156576,59603.4145892879,50119.0376454216,47339.7512182436,69500
73429.6308407972,69896.9080759327,59433.3488253336,49951.79084256,47166.3568484973,69600
73256.1418863971,69739.7394342443,59276.8892404027,49790.8225675223,47007.0874547182,69700
73080.0989931754,69562.3608792671,59107.1962948523,49613.8806344305,46861.2928111785,69800
72907.5664836539,69378.8188775336,58929.7287823055,49438.2389487525,46711.2128015162,69900
72737.7198927923,69203.1650512012,58758.3788560716,49265.4849414544,46564.1351803552,70000
72590.0287357614,69019.7398461566,58579.5658879703,49105.6005411276,46425.7079641965,70100
72443.5166312193,68820.3110206569,58403.3536519991,48928.9824663617,46242.9196700924,70200
72302.1072551458,68652.6823756237,58232.8860469237,48767.3038053711,46079.6967603439,70300
72141.0188723177,68496.6696108698,58049.2281996014,48607.9699340594,45900.5908288376,70400
71952.0357172167,68312.0454359505,57857.5522405008,48427.0799020881,45713.1287429006,70500
71783.3942057628,68156.4499174423,57686.3453940919,48275.2839430606,45546.7159540455,70600
71580.9477148111,68003.0995769175,57516.7592165272,48098.7453439179,45380.1826553574,70700
71412.1490266007,67858.1588341825,57341.7402987898,47933.143635097,45192.7061529228,70800
71278.0149078973,67707.7908758653,57165.297762904,47732.1957553948,45042.7493244304,70900
71109.7412462884,67537.7838973119,56982.2064094575,47524.2464879953,44867.9784216399,71000
70928.9357027478,67392.3507696911,56801.0212452498,47368.2102607854,44696.0198868892,71100
70770.1200002795,67212.4210172401,56619.3851658857,47217.5386965819,44485.4493553321,71200
70620.6170750957,67049.343879085,56449.0857670643,47002.1320127183,44329.5571245222,71300
70459.4739931922,66870.4906998157,56260.2727861701,46805.2727188335,44139.1963188248,71400
70262.2425527614,66655.9038649296,56087.5731481555,46631.7642736539,43962.6832064393,71500
70059.4811652699,66487.0654620334,55924.3086196677,46443.883648336,43769.0813806263,71600
69861.7890203295,66302.5913746027,55750.0604850928,46290.6912493118,43603.2533140771,71700
69711.2152344898,66109.0067666024,55585.4116175459,46117.9483668134,43437.0262102282,71800
69521.9352123071,65957.5323209376,55404.6576104698,45974.0893043427,43250.2718525884,71900
69341.944079275,65812.719984603,55233.2012189827,45780.1845710846,43049.0155935003,72000
69176.0910965839,65689.7019350659,55050.7330925197,45613.6766616863,42871.8551154615,72100
69029.6726556313,65505.81128953,54864.8198036188,45427.4556846206,42707.929134916,72200
68874.8769767973,65335.7989043001,54679.359986328,45249.4424658194,42549.6083458918,72300
68675.2819210532,65163.0802300853,54518.971612534,45064.3717612268,42368.8312596417,72400
68506.8454253556,64999.0424715352,54349.4321227415,44888.6587971581,42176.8389825581,72500
68340.8958307812,64829.8503039931,54175.7091529945,44732.3375741361,42000.083519625,72600
68146.1003897767,64646.1134613362,53992.4700470327,44568.0909581169,41800.0076856588,72700
67945.4620381771,64469.7239811932,53802.8552967249,44399.7859825112,41638.8837184411,72800
67769.168593483,64313.1744106553,53608.5913799624,44229.8790162556,41489.7515777127,72900
67621.3553270019,64141.9252661177,53432.9068084727,44047.2342879308,41281.5327241234,73000
67407.9437997996,63971.1900624173,53246.103197648,43862.7096143552,41098.3272724403,73100
67222.16092325,63829.4920927474,53083.4647962766,43698.9905108788,40889.8862325483,73200
67078.2766523179,63681.0598743344,52899.631018956,43528.1523716583,40654.322043288,73300
66904.0659838466,63518.2527899983,52722.8538769721,43342.031688797,40472.7429797021,73400
66779.3688533218,63356.3508843898,52546.6052851221,43155.612553315,40298.8198639229,73500
66638.2481873886,63166.3344025953,52371.5620015781,42959.8289984327,40123.0982129971,73600
66479.6722605078,63000.3823119044,52191.7470539591,42760.0778066671,39974.8343031963,73700
66315.2272331847,62840.7169757847,52021.4747945411,42569.5594275765,39790.8822541221,73800
66151.5417384407,62648.220140961,51841.9701390915,42396.1183565797,39607.6004174598,73900
66006.2268986554,62477.0754463443,51649.9774607812,42208.0035472229,39409.742001262,74000
65831.3793092231,62305.7197405379,51473.8379259282,42020.448027266,39224.2457906193,74100
65656.4821541686,62137.3562301195,51297.714874141,41833.2170546639,39030.9144280493,74200
65533.9784969076,62001.0840937214,51109.0335553921,41641.4709097443,38817.7634728032,74300
65412.2171902061,61839.924385666,50940.2619553096,41449.035242812,38629.2501086114,74400
65200.246279863,61649.3122463557,50768.0418463489,41263.2444171115,38431.1679509602,74500
65051.6871444991,61471.113511377,50591.5233163395,41075.4990210288,38255.8281090103,74600
64904.3288810406,61309.0967424439,50418.8022108363,40888.5849805219,38077.1210718123,74700
64754.6634310196,61137.1524578051,50216.1732122126,40691.8165846248,37902.677897685,74800
64600.0743850252,60978.1365657432,50039.4414007151,40504.4137413033,37757.408750629,74900
64457.6055630241,60781.3252656616,49856.2426704384,40313.5352139608,37543.0119732567,75000
64301.3460841616,60631.8070687696,49666.8839951837,40124.5665899318,37340.0224081247,75100
64148.4465132944,60427.103319155,49488.7400497036,39931.364696085,37127.2525548518,75200
63986.1547145435,60248.3355832218,49303.4817762302,39740.7779262061,36915.203724935,75300
63792.8604442394,60079.6264678398,49109.4950580028,39543.5130404088,36714.3113307839,75400
63680.6917072305,59937.5226911025,48915.0916979396,39341.559566453,36490.6680290712,75500
63543.8671413416,59771.9294959147,48726.9774159361,39161.5066579201,36271.6998253534,75600
63335.9585331834,59635.9958463278,48535.9921687647,38966.0014565159,36049.560855319,75700
63176.3221158696,59455.8439124311,48345.234011986,38770.4452091091,35875.3267015294,75800
63025.5551094618,59303.99702246,48162.7439569056,38585.8005569157,35693.1805372525,75900
62868.0533303064,59138.0670202241,47971.2723061005,38383.7371238614,35502.2050277527,76000
62720.0332263125,58942.7505062661,47789.0388076173,38199.4188804308,35282.966130704,76100
62582.8175495358,58748.9913199722,47613.0846574147,38010.3632904446,35106.39369219,76200
62447.740265307,58567.6637563459,47433.9657292687,37826.6931147888,34929.1174885612,76300
62312.700434254,58420.4796167693,47255.052399921,37605.5333745984,34724.1413494201,76400
62167.5584767731,58247.9305291556,47074.1985224724,37405.7774618217,34529.1805827121,76500
62010.1341270077,58096.8945283702,46878.1537884476,37220.1204283945,34341.4695581729,76600
61840.7360511254,57941.0670484816,46691.1854273172,37031.3929541213,34161.7329801752,76700
61669.0466254414,57780.7156929236,46504.107790612,36820.8519863458,34007.0579420275,76800
61486.4257290331,57609.2926892002,46321.9451512738,36605.2297032968,33807.5435759112,76900
61342.6718496449,57439.0253455019,46137.0589157655,36403.1697240066,33601.2437700723,77000
61132.3556589156,57264.4559676333,45952.1685824569,36205.6105940083,33401.1550422295,77100
60930.1442897045,57091.6787090439,45766.7933244549,36020.9248016242,33192.3036621629,77200
60712.2979575769,56922.5361486892,45584.3033709489,35822.5116274942,33003.7916591261,77300
60544.4917218138,56747.1938266481,45393.8135980498,35635.3894810464,32818.7392427575,77400
60375.420329812,56556.161385124,45205.9077014703,35439.4880585389,32606.2652909063,77500
60184.3646793274,56393.4985784739,45027.5841327214,35237.7290298705,32404.9995795903,77600
60028.6122551194,56262.5832633424,44841.9168897923,35042.8351015244,32185.3171864578,77700
59888.5964665491,56094.0057173005,44657.2490026805,34844.7015998728,31952.6384762997,77800
59740.2229531438,55934.7329046188,44477.2657883462,34642.659480205,31739.4847865881,77900
59583.3328590317,55770.9848303136,44284.8566964703,34450.8020369069,31523.1967001367,78000
59421.6453985486,55596.3147990694,44099.0808079187,34254.6324827992,31307.4315460883,78100
59269.3007171549,55446.6758366195,43909.6591412965,34047.5723404374,31128.3610795391,78200
59090.3167880281,55282.9721571174,43728.5662114108,33849.8408977556,30945.7474417177,78300
58892.0699269879,55113.0869899718,43542.7153260569,33643.8627699641,30759.751777163,78400
58712.4875777656,54932.0582067428,43361.0468349503,33451.4117523922,30570.7265386545,78500
58535.1587867511,54760.5325651964,43169.2344672156,33248.9928166151,30372.2613885233,78600
58353.9377911395,54597.6375972211,43005.1270843898,33058.3879513721,30149.9644423622,78700
58146.9364217474,54431.7866805253,42811.678197996,32865.2851095565,29934.5339940524,78800
57970.8484419952,54263.211470618,42635.8648985105,32668.7860103431,29730.463678869,78900
57813.5636399352,54083.8136184158,42447.5873122412,32474.4315877186,29541.8203991524,79000
57624.2574221482,53912.8069922752,42257.332774501,32275.4539584632,29298.1700579156,79100
57434.5968154312,53732.0985014569,42070.9305364698,32062.6999870341,29086.666610836,79200
57273.5780613919,53538.7380853843,41865.1264849656,31865.8098768232,28875.3544496864,79300
57092.2232624155,53358.6145558939,41683.0188159352,31661.3976892333,28690.1555405938,79400
56917.8711621106,53177.0209730235,41505.9704966273,31470.7456915866,28494.3792134545,79500
56755.7950639906,53016.3877307488,41320.7940241616,31261.4995798842,28282.685570124,79600
56619.8013341282,52861.9017999951,41136.483592647,31050.674556779,28054.5518963126,79700
56460.0761607865,52693.9306486714,40942.9038896439,30847.8927549326,27861.7734813255,79800
56308.0119718184,52533.9805839069,40741.6735817978,30654.6211371916,27669.8622616773,79900
56151.7157343259,52356.4633855258,40544.2248204874,30454.2870682897,27479.2388006503,80000
55988.0904635435,52154.5729007191,40349.411429535,30247.1313488686,27269.6409344541,80100
55784.5967508121,51976.4812895215,40154.5336915992,30033.3846227456,27097.5108652844,80200
55629.1919261601,51811.2064367555,39968.1989405347,29834.2076509715,26879.8451248093,80300
55438.5237910504,51628.6547518079,39785.2697950878,29616.1236651552,26657.4450371612,80400
55310.4698576197,51447.7218943582,39603.611372685,29416.2441368021,26519.85869348,80500
55175.0705020446,51288.4700413081,39413.5393462732,29212.7651609846,26321.5957208489,80600
55023.3169987038,51124.6997415094,39216.977243987,29020.226623328,26120.7073468138,80700
54864.557754299,50963.3759419028,39025.8707839381,28834.4701894505,25905.4894409516,80800
54716.2754478299,50831.3710811148,38826.5676553523,28629.6825825836,25686.5898713534,80900
54566.9278850318,50671.643173807,38624.2610521454,28415.6923692129,25512.1918968954,81000
54421.4193638798,50496.3350752376,38420.2424375505,28202.5452900304,25322.5177240685,81100
54273.1174312483,50325.9905462092,38230.7130545602,27987.8971506736,25123.8255593926,81200
54129.1197719561,50145.6688169461,38040.0512093115,27772.6246296844,24919.4121597749,81300
53970.0274899413,49972.5732512443,37843.7617052803,27583.1260347519,24681.0023498345,81400
53820.4153487135,49828.8546694585,37656.3020144715,27371.8843955533,24490.5208292742,81500
53678.7859297354,49650.9551976079,37470.7145484376,27160.0711938777,24290.8798829681,81600
53506.33462591,49453.6644367521,37286.5362839229,26963.7785530801,24104.5415623861,81700
53341.1732013928,49270.4733835472,37100.2740242628,26742.4184000034,23904.8491417434,81800
53187.7765172107,49077.7482661312,36903.5820789327,26528.6912635106,23720.6689573611,81900
53033.6289410046,48894.5109156237,36701.1792294936,26323.7792023401,23501.3637725481,82000
52866.7588666983,48732.0374426261,36492.2328939335,26139.9381077753,23337.5738315026,82100
52723.9584098939,48555.2719380284,36320.2313954437,25918.2241877103,23097.6485454792,82200
52569.8898538378,48384.0908790313,36129.1967473137,25705.7877558486,22872.1780161093,82300
52415.255461648,48214.7953600329,35937.0352689786,25500.8621234792,22629.6335127315,82400
52259.8035079324,48047.4561298163,35737.1468972825,25277.4583836492,22456.5979274069,82500
52091.3329732463,47874.6406940876,35536.9225971009,25078.3855806367,22258.61754692,82600
51918.0548075523,47707.7894014275,35347.2452679893,24885.7640731881,22054.6330739105,82700
51780.6155499223,47547.2623612806,35150.3986148569,24671.3768928256,21840.055838955,82800
51600.1117822297,47382.3120778145,34957.1586719049,24476.8651324102,21641.3167569719,82900
51411.6486150704,47200.5117923574,34750.0785395129,24273.4819648636,21426.9496459693,83000
51233.7091440155,47040.5779030641,34546.8801094588,24065.8098418982,21182.935815316,83100
51084.8124958288,46846.8844021167,34373.0790425112,23846.1032706389,20973.8459279138,83200
50914.0253581794,46676.903683639,34172.6459898136,23625.6417006825,20790.2108094519,83300
50757.6662450598,46500.1395655365,33988.1658540007,23413.5314989638,20604.6793406147,83400
50582.0698308745,46325.5480632357,33797.9502446084,23200.5379346712,20390.1398626781,83500
50404.2906797984,46154.6956920759,33608.9929031119,22989.5110336183,20168.5743296225,83600
50240.3520690373,45989.4985733359,33407.2194496006,22789.9119955366,19957.3809695061,83700
50083.6900491387,45836.7951695503,33218.093610292,22583.6469105156,19735.8044118229,83800
49902.7457738737,45680.323110791,33015.2107312166,22380.5306300522,19506.5526840098,83900
49758.9924041614,45494.9897239663,32817.9051143483,22177.5647250414,19284.2816505987,84000
49622.9630406777,45342.1494034095,32619.1074707752,21974.5482487348,19069.0448882512,84100
49487.3882881859,45192.4212988882,32427.0049003845,21762.2649692376,18854.4844918899,84200
49339.8203666414,45019.1815052914,32251.8477043169,21557.2300700286,18647.2249649356,84300
49172.0393613595,44846.6239693181,32052.8350122394,21366.9538073402,18423.8784863209,84400
49017.4282819645,44662.7628725521,31859.7319091468,21146.0625907493,18207.4300493628,84500
48837.3459817388,44490.4438215916,31676.4200707455,20939.7493092806,17986.8717870309,84600
48666.1197193942,44306.056329122,31472.8237443737,20733.5330380858,17760.9625053712,84700
48520.5530974784,44134.3288165214,31274.075177498,20502.2086820918,17516.9979753324,84800
48341.7807235435,43959.050703436,31075.8143606135,20313.5969626742,17326.1339206452,84900
48130.7036927264,43782.496012176,30886.4076279152,20113.0246291589,17084.1269889153,85000
47984.1687513622,43616.795996999,30702.3600012874,19897.5728920382,16883.1122217014,85100
47810.244060533,43452.0603764746,30504.8034659784,19673.1454731027,16623.8214198831,85200
47630.5068830201,43282.8512574168,30311.0622235546,19468.5793536858,16428.9044671253,85300
47466.6340310569,43096.8316075697,30110.2719083389,19245.9364838202,16222.5484597224,85400
47292.5662535216,42921.3999639605,29913.9152350191,19047.1643097428,16008.9125844731,85500
47126.4471519329,42753.6509934374,29725.7144209924,18858.8395936117,15786.1138852444,85600
46947.6546608078,42573.9527825327,29530.9287151379,18653.2259468844,15563.7301886437,85700
46795.8825722911,42389.5071005407,29333.0110447282,18429.8311599331,15336.0238390602,85800
46629.6199361397,42224.5208781111,29138.7168414932,18214.05942972,15116.74833912,85900
46465.7747864564,42044.847498079,28952.2673245125,18010.3804882087,14896.4398900489,86000
46307.8196948806,41879.7643807924,28773.4730543843,17784.9263965654,14691.2670880546,86100
46141.8581055208,41744.0500188673,28587.5734589701,17578.2971277688,14482.6578856976,86200
45999.0067535525,41553.7292054557,28400.2204118894,17358.4328166395,14284.9993022429,86300
45844.6933268835,41383.1739961585,28200.6122565757,17149.8045655636,14069.0637833735,86400
45689.3179811482,41216.8530470965,28000.8077707569,16942.2127749627,13838.6169047769,86500
45532.5595186933,41056.3567334818,27777.2988990684,16715.7240468747,13625.5064047557,86600
45351.0111410712,40872.9034440145,27595.9335317669,16496.2027677408,13410.3494944175,86700
45195.3225388696,40696.6037292272,27387.5117963873,16285.906557714,13182.4760880347,86800
45058.0091253228,40540.1920651922,27180.8837483773,16067.1175178005,12940.9245117629,86900
44921.3295995443,40367.9230601163,26998.6127178589,15855.4742128341,12696.2920236866,87000
44769.7085177883,40195.8083470997,26810.092776782,15656.1857883285,12460.428558211,87100
44599.4661349021,40033.8260671929,26613.9600935557,15443.0369860924,12252.2855941771,87200
44442.247944426,39865.8705358429,26413.2687488703,15219.4485743093,12055.4328814922,87300
44298.5331742095,39678.4419012403,26222.841585312,15005.5280834797,11847.9109426792,87400
44129.2331419439,39499.9109022001,26018.9152809916,14782.9232087511,11629.833247974,87500
43965.0224900321,39325.3639116093,25824.4103108529,14556.6205965013,11395.8409398954,87600
43815.2430723046,39143.0027063641,25636.2355272144,14345.728137446,11186.089631842,87700
43670.6518612591,38988.730298668,25427.0591358714,14126.8390158809,10957.9424629119,87800
43513.139862751,38818.2492396601,25238.9399612666,13903.4196716525,10739.3739534599,87900
43364.969891324,38641.8307255616,25050.9139923889,13688.2568286253,10529.6843189156,88000
43197.4372467298,38460.432780977,24851.6189933401,13471.166200318,10298.9890534141,88100
43052.4877095428,38287.7382347227,24658.6015317634,13256.3704628738,10079.2537594614,88200
42899.6441096906,38130.2615982889,24468.0266867558,13049.6057389836,9867.49206931004,88300
42722.8345570398,37967.5608750888,24263.7666754835,12825.2582319321,9669.04671211742,88400
42591.5132217324,37829.4686476654,24086.417594934,12611.307821587,9424.29860351811,88500
42395.1398990979,37675.7755361806,23886.0214172942,12403.0231745234,9202.53064890525,88600
42235.9363047722,37503.2925217241,23682.1609310154,12183.6920023945,8995.22944737696,88700
42070.6387992121,37335.8419623305,23486.3667352067,11964.5607115806,8799.74032916393,88800
41897.572963993,37165.4292377945,23284.1708798117,11745.4974308187,8600.51152035122,88900
41723.4436689763,37007.5302171262,23094.2638621254,11544.2084939332,8387.72098135157,89000
41552.6751438157,36842.9831606645,22903.5649158527,11340.6131087873,8156.01921629178,89100
41386.9610840109,36661.9765084306,22711.1000721955,11117.3111637147,7926.09973955454,89200
41229.401352268,36518.3782339348,22515.6536893475,10883.8603879166,7697.98077634222,89300
41070.9980096036,36337.7047625702,22315.7937348836,10649.0878149567,7493.36117220012,89400
40899.7265929732,36172.4534712592,22116.2796454126,10443.391091905,7287.70356611525,89500
40755.5467649614,36028.6524212082,21925.0373545386,10261.6841417463,7068.93699644085,89600
40573.2475766855,35852.5257102682,21744.2632344568,10022.5987229724,6860.30234887479,89700
40368.1696876017,35683.0611320627,21551.6838044763,9816.65869392137,6652.64191577016,89800
40263.6921038056,35510.2024368842,21337.1390505884,9614.39901110689,6433.93336432919,89900
40078.8458549716,35338.7368521628,21137.3753703986,9405.26945487525,6206.18510170806,90000
39908.8372959152,35173.3999503515,20944.6567508966,9202.04950212739,5944.5511063262,90100
39754.1123575567,35032.0439897517,20748.5630005659,8971.10288840277,5745.13777068178,90200
39584.1306390461,34884.6041000564,20552.4137505024,8751.67604428287,5545.83173180599,90300
39411.5160268427,34706.1792945139,20355.6837680784,8549.22855846116,5321.63496334143,90400
39237.8403138457,34538.5345993947,20153.4232610375,8338.09905271484,5094.64501835462,90500
39043.7299817634,34360.5958680201,19955.7153667225,8132.4222478215,4870.17653469401,90600
38849.5302910345,34164.0096393598,19759.1836396052,7926.07271028773,4645.17229608275,90700
38711.1080930683,33997.9544303027,19574.1397188907,7690.34357700685,4427.18101484091,90800
38551.1709977255,33838.0891557338,19381.2383504541,7448.85020811755,4203.5532315848,90900
38377.1475180567,33672.9473703109,19189.2930387894,7230.71060476107,3979.97100032725,91000
38193.2639811924,33511.2843186915,18978.9782537799,7005.58349022164,3756.53619231454,91100
38026.5780195214,33334.2763459591,18789.0085725262,6804.21993546459,3545.76971252175,91200
37862.4702941676,33155.5271775472,18582.0570387397,6576.24658518951,3316.01153525727,91300
37692.9043988729,32977.9468896047,18381.433452445,6361.90005352388,3110.99934523563,91400
37517.2833496988,32812.0041910502,18187.2439053373,6150.09071911517,2882.81705573279,91500
37378.7202216254,32630.0370723002,17998.4203437396,5928.61271581828,2652.58133061049,91600
37199.6313441655,32468.1267417165,17807.8232414457,5721.01233216007,2425.7038214873,91700
37016.9334141274,32296.1204464807,17611.7504022783,5497.91627548617,2212.77364605975,91800
36851.6680877175,32145.4695950173,17416.5769730675,5282.77072937329,1982.14847968756,91900
36711.349603784,31949.8864045127,17217.5918823921,5071.76951712907,1792.12758020833,92000
36563.8988963786,31759.9467573834,17013.0893416362,4865.77860150983,1581.82423664642,92100
36405.1270563602,31587.739468455,16806.0120223792,4650.52224504414,1357.83766553884,92200
36256.6577619323,31429.3831642036,16611.4806174949,4433.95783691892,1156.86429349501,92300
36106.8820963215,31288.1594301061,16415.4216066502,4224.40264558712,948.194576778484,92400
35956.4709556134,31144.9862176542,16208.6851670244,4006.86155300696,707.274581637221,92500
35806.9381669011,30961.5929835037,16002.8522341429,3778.7809165268,525.878942107316,92600
35640.3379884343,30777.6433221728,15813.3034231119,3561.0572409102,314.684391970059,92700
35473.2906828829,30631.0842827515,15619.2520594101,3346.3608523143,94.7419460003655,92800
35308.6552884022,30470.8729097642,15424.131610021,3131.33181532369,-125.937613567567,92900
35132.807486872,30292.2425706226,15225.3313581464,2927.26020560831,-346.567605443245,93000
34961.8276995643,30131.6765945923,15015.7811175885,2728.68702227682,-567.016696589816,93100
34800.0656047611,29971.7631308308,14821.4139312873,2517.2157578908,-802.335224754327,93200
34633.4785304857,29806.3669349594,14617.5398241401,2300.93484535083,-1010.71709987606,93300
34462.9617676438,29637.6850458944,14424.0602486302,2084.64616379687,-1233.86659880405,93400
34282.5461973906,29463.0342951545,14235.6924024297,1867.97386077929,-1451.0778380653,93500
34090.2672524267,29287.1325250225,14039.0438499242,1652.16157561256,-1674.16160818979,93600
33932.4569213921,29109.6297665394,13842.3592602722,1436.09795395955,-1904.32530025699,93700
33770.7263356618,28936.5580725598,13653.5593233057,1219.00112483998,-2133.205288664,93800
33596.9854967805,28761.9387650275,13454.9225878153,1003.32313350605,-2337.10009899878,93900
33426.6941938942,28606.3070826018,13262.5523431969,789.516328445237,-2573.9143409917,94000
33254.0262859069,28454.8950631305,13061.7133613367,582.740723036584,-2801.5457655008,94100
33035.1058733813,28266.1366774275,12859.3078873091,362.079814656655,-3014.68742315754,94200
32911.3692377937,28090.7735922372,12661.4090806405,139.20885124638,-3242.74837307687,94300
32742.3007362682,27924.8364986982,12459.8560271371,-83.1685997244001,-3472.32232255924,94400
32601.7812461452,27763.2307143808,12259.7367307756,-304.678700357191,-3690.05858396038,94500
32438.3727026366,27599.9997224424,12062.0248129654,-519.439330603549,-3923.13052497519,94600
32261.9210686409,27438.7749235438,11867.6720755057,-716.260073955781,-4140.13991838639,94700
32110.3083871765,27283.1323183105,11672.0562440492,-938.790937443558,-4368.25069747337,94800
31960.7124208482,27128.1899146253,11485.0761827152,-1148.54308250616,-4584.53317781688,94900
31796.9905686199,26970.2872589201,11291.7605845011,-1366.44350465359,-4835.30704431431,95000
31626.6790723818,26812.4363330664,11089.578108442,-1575.29182623335,-5069.16376901693,95100
31456.266773637,26656.2209452525,10891.1326140567,-1801.34894463181,-5281.09458480956,95200
31285.3433444944,26503.0152535621,10694.2523669823,-2019.88624602644,-5486.72945672497,95300
31113.3617707815,26352.8881858973,10486.5009697126,-2237.29185075893,-5691.48196544546,95400
30941.1498304762,26186.4900758071,10300.7642796759,-2461.53147044268,-5896.2107108884,95500
30814.9004554073,26004.1338150442,10110.0119128112,-2673.78648595079,-6100.91528503997,95600
30655.8878281532,25835.5692495308,9913.63065046151,-2880.54508172009,-6303.35495975243,95700
30479.4037382512,25656.7336444064,9724.60046839985,-3108.23473334185,-6511.56854015469,95800
30313.273079709,25500.2582635958,9521.20056887226,-3326.01050187402,-6739.30375325819,95900
30171.4221450536,25322.5758981163,9324.73275808364,-3569.87038889209,-6968.96267742922,96000
30011.1963158651,25144.1713092634,9116.45446415703,-3793.89705803106,-7182.96972653648,96100
29875.0131450393,24979.8409219356,8921.97425559339,-4004.0560323356,-7402.99802496196,96200
29708.0926574526,24817.4578760297,8727.24053298721,-4221.25282248283,-7622.96008270536,96300
29554.9197114791,24650.3902047113,8532.29340291282,-4422.52028807687,-7841.90684170218,96400
29388.2968790187,24485.5937091674,8333.93795612531,-4631.32560217715,-8063.33251443852,96500
29224.7687448925,24315.1757728628,8137.34678138819,-4851.60035786469,-8280.32930840016,96600
29100.9657675894,24134.3004582286,7940.39223599259,-5064.21176696378,-8473.90686270961,96700
28950.6520217186,23943.2581753352,7744.57074600561,-5281.59649523853,-8709.16050068444,96800
28797.0489918373,23781.1382593536,7550.42968898102,-5498.81044568723,-8917.07165979655,96900
28631.2515901562,23628.3148408541,7353.67148466426,-5733.93428158318,-9127.09175296863,97000
28446.1337845586,23452.5352244194,7152.1746556661,-5957.91366715249,-9334.33515277851,97100
28260.5493769673,23265.3744575436,6952.41171712284,-6186.88766206157,-9536.64101484043,97200
28083.7147790114,23071.4990696093,6756.59328333253,-6393.65649092697,-9752.32375971003,97300
27935.3994295708,22888.704787047,6568.26487584392,-6600.57548812612,-9968.00129538384,97400
27737.9836455425,22706.6341213424,6361.1022346158,-6804.48725532669,-10184.8453830521,97500
27571.6247240788,22522.3491251763,6160.13207592243,-7035.58451821162,-10399.2269372882,97600
27405.1696799215,22334.5687233112,5959.22206931542,-7257.41678348376,-10614.7775095024,97700
27244.83482556,22163.7220212822,5762.02565868824,-7480.58236491833,-10830.0584759094,97800
27073.0632845656,22008.8228902567,5562.7773547479,-7695.56215273337,-11046.4262532964,97900
26907.5706214502,21850.2640769849,5363.8751780166,-7899.69894481101,-11262.6782448087,98000
26740.502776687,21691.3475696355,5153.06026296114,-8106.85241968535,-11477.3781119986,98100
26568.03266418,21511.1649452281,4944.15403167061,-8323.66431670427,-11692.3359498796,98200
26389.585662465,21320.2081156371,4747.20612750165,-8539.89230421324,-11912.5106263498,98300
26230.8348511213,21125.1372565631,4542.7170283933,-8759.48642335157,-12122.4434578779,98400
26075.6361464921,20937.0765236747,4355.7230460991,-8976.22391103615,-12353.4601846549,98500
25908.3908253863,20773.2298087881,4161.01019333895,-9209.09333939048,-12593.8606199728,98600
25749.2973740213,20613.0875641501,3955.21733705311,-9441.82699524389,-12807.0089939383,98700
25573.3268197591,20459.8038270433,3762.07312566529,-9667.02305109474,-13019.1744142469,98800
25396.7518117819,20294.0748656968,3559.3473195283,-9897.68737114732,-13230.4454388475,98900
25236.0615175613,20146.9989873422,3360.52419802536,-10127.4764619389,-13422.4387268776,99000
25059.0909139573,19983.0024741595,3141.90410066512,-10352.0502149877,-13644.02895762,99100
24892.3643449118,19801.5927590552,2931.63420450573,-10564.2204808136,-13865.5332689756,99200
24728.4214183093,19617.5962000893,2725.08377693944,-10769.6868842263,-14080.427696808,99300
24564.3857270821,19432.753642812,2519.81937775618,-10979.96586164,-14292.9906346741,99400
24402.2287126891,19260.5442818688,2320.26432394856,-11201.4609279844,-14507.0166628001,99500
24236.4103128293,19082.7113232844,2117.02949339107,-11400.5148260966,-14732.9355857926,99600
24071.395516452,18899.2337413999,1921.43609931468,-11610.3864664554,-14967.1950930879,99700
23903.9249386536,18724.973564698,1711.29048592086,-11819.4307275818,-15195.7941934316,99800
23744.1112356758,18572.2232961132,1507.16263650935,-12041.2611886255,-15417.7997824188,99900
23580.1982968601,18405.9753521281,1303.04028195029,-12254.8937280815,-15642.5044105847,1e+05
23418.0185448173,18235.2344087947,1108.21001568579,-12472.5094156128,-15865.9192988076,100100
23250.4024466939,18067.7480899756,921.514930814817,-12698.613704918,-16082.9316101158,100200
23100.8067627345,17904.4463326567,715.954259074264,-12923.6104451186,-16303.7290995456,100300
22943.2579405872,17725.0312950501,508.989694773161,-13148.3003600562,-16524.436480357,100400
22784.9260525475,17551.2885865456,301.357948887518,-13361.9185037817,-16771.4136324038,100500
22626.4160798305,17375.542723932,102.487201984011,-13573.4238045847,-16978.0749651384,100600
22467.8121745583,17208.2349553959,-83.2309202840479,-13784.6149898739,-17186.0152200155,100700
22309.1147386665,17044.451945498,-271.407197115033,-13995.7497047255,-17406.3594246351,100800
22150.324173113,16874.8961935601,-479.539910788262,-14205.5790791509,-17615.7611257691,100900
21991.4408778798,16705.2659199827,-679.43494356305,-14420.3281527907,-17835.7386366691,101000
21832.4652519754,16535.5615342182,-878.494839482184,-14630.3814902994,-18055.5325896277,101100
21672.1248554271,16365.7834446104,-1066.08402919056,-14844.7577682796,-18270.5147776572,101200
21511.7879953818,16205.5815361554,-1259.38023889492,-15057.6611102196,-18489.5179034654,101300
21361.9630342209,16024.8236649294,-1457.48676877113,-15265.7082276473,-18714.5319186541,101400
21202.7818601212,15852.0582461968,-1662.28706045361,-15476.1762348146,-18939.3496568819,101500
21037.7869557485,15671.1705063666,-1861.50198123006,-15686.5859318472,-19155.8394623011,101600
20878.7312199406,15491.865220763,-2062.69943352495,-15896.4626229944,-19384.8638827692,101700
20719.5854829108,15329.4480338665,-2259.56226826758,-16106.1207047758,-19606.1307169004,101800
20559.4680479465,15153.6633561387,-2463.65910044617,-16316.7826818045,-19828.7537491593,101900
20399.0455110457,14960.9301430617,-2667.55935363994,-16533.2597131645,-20060.82163751,102000
20232.651267095,14796.2959393784,-2869.59498789224,-16746.3125889064,-20280.8624765803,102100
20058.3708029892,14609.8102320201,-3067.76587346245,-16965.4315633137,-20489.4589505156,102200
19882.9664598271,14435.9585015744,-3272.65474023826,-17181.2690321067,-20702.9890001332,102300
19708.58880636,14286.187268205,-3476.70983372286,-17405.4924182735,-20921.5948740102,102400
19535.0718154288,14140.1851079365,-3679.46965118782,-17612.8180983038,-21134.6965583419,102500
19388.3074562259,13970.4882850466,-3876.26972684888,-17824.0807176542,-21344.933715673,102600
19237.8098081489,13798.2590448214,-4070.87626092504,-18038.7220918125,-21554.7705938406,102700
19065.8677640959,13623.0561749092,-4266.32922366705,-18251.9147699799,-21773.6901476887,102800
18890.9601988931,13454.4045754477,-4475.65864693237,-18456.1797450726,-21984.3851501571,102900
18714.6004663257,13282.2458213821,-4676.75883264065,-18660.5791475732,-22193.9963375869,103000
18562.4252050656,13108.0968469341,-4868.14568345922,-18883.8649498152,-22403.2225733111,103100
18371.412891188,12932.275339835,-5064.81826909449,-19087.9389087674,-22623.8991627044,103200
18205.1401777815,12750.1423388012,-5269.08958369266,-19304.9737417623,-22855.201818838,103300
18026.2281856838,12563.4472825302,-5468.48228502798,-19521.6231042027,-23064.2750106389,103400
17831.5949107208,12403.286213254,-5661.56132655023,-19739.6382765719,-23280.7908083911,103500
17679.1310370321,12227.8912581511,-5858.61495528212,-19957.2218016798,-23501.8382869508,103600
17536.1913722922,12053.1927157988,-6055.5526114654,-20174.9402814386,-23730.1596123284,103700
17392.8922857855,11877.1710157713,-6250.09803269749,-20390.5328508771,-23935.1479109783,103800
17218.4634400298,11699.4888710124,-6442.35303686101,-20598.0204003475,-24138.8639090906,103900
17053.2257408248,11525.7046739158,-6639.03134296714,-20795.0748199808,-24344.5514382246,104000
16893.8731158175,11347.2522236404,-6835.70365394905,-21005.8321873505,-24557.3707458615,104100
16757.8337991018,11168.2631718206,-7038.39802556686,-21221.3138214215,-24770.7568060967,104200
16610.5829291015,10991.0419837174,-7237.1320419868,-21435.9738443498,-24987.8811653024,104300
16456.8027942393,10805.8967409574,-7446.8848897204,-21661.3993485745,-25206.4225172011,104400
16297.4384035548,10628.0035346852,-7646.54836757223,-21877.1157265699,-25440.053047582,104500
16138.364981265,10449.3057031532,-7829.17251026353,-22087.7984393101,-25650.4106907214,104600
15971.7782172051,10269.4110416005,-8027.87666877988,-22298.4081867738,-25860.2859425198,104700
15804.5030237124,10089.7520058226,-8227.48271872268,-22508.9447211325,-26078.6933401831,104800
15643.611826626,9915.90426159066,-8435.01410042698,-22720.0542641255,-26298.8433972604,104900
15479.3786842178,9737.75475120879,-8626.93065437296,-22943.0195826958,-26506.8697602128,105000
15315.0705576135,9559.5510858515,-8833.52061832294,-23159.9377931251,-26718.4373706553,105100
15150.6878110866,9381.29699309453,-9025.19625455964,-23375.6426955043,-26934.5838554047,105200
14988.680899456,9202.99284597066,-9225.94878621303,-23593.9905900494,-27154.77353895,105300
14828.6593723736,9024.63901642914,-9429.67899561695,-23800.0394576494,-27376.0046601847,105400
14655.9815734622,8846.01451182568,-9625.11422908484,-24011.8272035546,-27597.1178336363,105500
14491.535091046,8667.01358626073,-9825.24727087777,-24223.3994139747,-27817.3930292849,105600
14327.0155741876,8487.96485822573,-10023.0633813396,-24446.4935141412,-28036.9347282951,105700
14162.4233812302,8308.86869602132,-10227.3692786379,-24662.7135230789,-28258.922264831,105800
13996.736548937,8130.96765570017,-10430.0961728668,-24869.6540069225,-28479.4391494281,105900
13829.3817113798,7950.83021589676,-10619.2272627276,-25090.7265342353,-28691.0344782732,106000
13664.5925296422,7772.5661781503,-10830.6026075842,-25312.4380354406,-28900.2692028839,106100
13499.4745248421,7595.65334796895,-11022.9185006014,-25520.7323579077,-29100.624192543,106200
13320.6954765581,7429.24428668193,-11225.0433808367,-25717.1239006439,-29315.2462642882,106300
13134.071146592,7264.06500752738,-11428.7527478441,-25932.2120127571,-29530.2849794805,106400
12974.7829939371,7090.72675727448,-11628.6955390311,-26145.0528220766,-29743.7363111056,106500
12815.6363626306,6925.25283365172,-11829.1030740211,-26351.0660548049,-29947.9683831442,106600
12659.1413156358,6754.18894610208,-12027.603247014,-26558.4648264876,-30159.9474516622,106700
12506.1223687586,6574.64192198196,-12231.6070344326,-26772.5867539959,-30373.4772207798,106800
12337.7434103048,6395.35272129632,-12420.706924545,-26991.0879596843,-30573.7267812432,106900
12174.0658101764,6224.61186393563,-12624.1692116227,-27198.4407694645,-30786.295065821,107000
12008.0390915186,6045.87925212846,-12830.4205588482,-27415.092190787,-31007.5114597933,107100
11854.9115171746,5873.5008547712,-13039.1707824377,-27632.4207653424,-31228.6012576869,107200
11701.102559696,5699.83623824845,-13236.513502861,-27848.3922243754,-31437.4805865109,107300
11539.5295952309,5523.98691305049,-13435.7147869194,-28062.2560834796,-31644.7249758791,107400
11371.0068553682,5351.75965015525,-13643.8045871383,-28263.594931961,-31851.8833118131,107500
11202.4208249259,5171.82871256928,-13851.1032911347,-28478.6325845895,-32058.80269475,107600
11033.7718499333,5000.4654633829,-14048.1897004572,-28696.5040402602,-32265.1453047441,107700
10865.0602755206,4827.00438064413,-14243.3230175378,-28910.648089007,-32471.4031301621,107800
10695.6272634537,4650.26717950402,-14444.4441001302,-29125.6094644561,-32681.9742482934,107900
10526.0794813938,4476.12969197142,-14646.6874728298,-29348.4620767284,-32900.0104070805,108000
10356.4709357131,4295.73332370553,-14847.2832482091,-29560.3483069921,-33091.4953355737,108100
10178.3428538335,4106.57220799687,-15048.8981892755,-29769.5797153273,-33310.0840732205,108200
10017.0557072349,3930.5892293678,-15250.2425274282,-29976.9447764706,-33537.3749288149,108300
9859.57107933169,3767.61673638215,-15444.3373759723,-30192.3578907965,-33764.5129718373,108400
9687.32667213843,3563.74569465088,-15637.1505590388,-30406.669210585,-33982.8699847462,108500
9513.53984248327,3387.03216814796,-15839.9647927516,-30620.6130126115,-34198.7107005163,108600
9346.1433291835,3217.75997629661,-16035.5033503672,-30824.6480540249,-34414.0516620859,108700
9184.1590158983,3040.90238200806,-16233.3040400541,-31035.0482989687,-34629.0829095377,108800
9037.35857712215,2854.38353961467,-16432.1336151136,-31257.1085140368,-34835.4503614352,108900
8869.18241790056,2688.28407369719,-16641.8105051769,-31457.9878727484,-35038.4661538263,109000
8687.15651379163,2516.44251544263,-16848.6702819941,-31656.409500425,-35257.4395377707,109100
8505.6826788405,2328.43564907752,-17043.3324468133,-31854.7355198707,-35478.2684963703,109200
8331.04949979539,2154.0758241272,-17231.5464818817,-32062.288073381,-35683.2902846643,109300
8164.82049028457,1989.87307143168,-17421.9475123708,-32269.7545284258,-35889.1479242503,109400
7992.85560583103,1816.10612474456,-17619.3287655988,-32476.810113526,-36100.886996374,109500
7817.05792075755,1641.08223660452,-17823.8371353247,-32672.6654339423,-36304.5439550091,109600
7641.21146456646,1464.49538759447,-18021.3980747478,-32869.968942893,-36525.6804168565,109700
7466.86309100352,1287.4545785599,-18214.6107217041,-33087.1615086402,-36746.6773094569,109800
7297.63546477396,1102.28067602687,-18410.6741907851,-33293.4973702753,-36963.1622431834,109900
7128.01357476581,918.264226322083,-18600.569503659,-33511.3217084532,-37173.7877095512,110000
6956.85255541764,748.44640338841,-18804.4920630262,-33716.3931703473,-37380.3386489948,110100
6785.38927229565,564.571179535727,-19004.8843720209,-33918.0012607912,-37587.2766746201,110200
6614.87446832125,374.741529244367,-19207.3119447032,-34119.6294117401,-37802.089045637,110300
6444.97187483173,183.016098358911,-19406.946579581,-34334.1329731197,-38016.2106966601,110400
6273.73342702523,-10.4786262768992,-19608.0284529432,-34541.289480397,-38226.4772391465,110500
6108.59444159294,-197.081061504551,-19800.9333462116,-34746.6001527486,-38436.8346886693,110600
5940.15257021632,-382.508987219243,-19988.1037632496,-34955.3111765577,-38644.6201119555,110700
5778.73447052731,-564.041201257261,-20187.2642737583,-35159.7940594093,-38856.7074800866,110800
5615.64973394362,-733.080283205647,-20375.7675780392,-35365.3241309015,-39080.1931121054,110900
5453.40584222555,-913.711287503743,-20570.5579055052,-35567.0860992239,-39293.3073678145,111000
5292.3283708969,-1076.05264226732,-20775.9114468799,-35771.5134225632,-39506.6310404106,111100
5129.937724972,-1258.56038477232,-20972.9944913765,-35983.1015793915,-39719.8334290754,111200
4967.4865130178,-1441.87286192775,-21178.3965160374,-36194.3236370189,-39932.8250059898,111300
4804.92514706254,-1626.55392064985,-21374.0966620464,-36403.7575688942,-40144.194836528,111400
4642.40359936497,-1820.29140037137,-21565.6552304977,-36609.7248040578,-40355.2506275735,111500
4480.49371744966,-2007.42475867387,-21759.3026101673,-36822.918560859,-40567.6769915603,111600
4318.35298253868,-2173.33715866921,-21963.815348979,-37033.9540186134,-40779.9826106527,111700
4156.15258517068,-2354.34504208084,-22163.7027043038,-37243.0134942177,-40992.1673938877,111800
3993.33669160382,-2538.7671257612,-22367.4908807601,-37445.2162680232,-41204.2312514923,111900
3815.06146176432,-2728.89161926221,-22569.5434412728,-37644.810625871,-41416.1740948781,112000
3632.68655122465,-2915.7427179783,-22759.09430921,-37858.8451099137,-41627.9958366361,112100
3479.82927857826,-3089.17977095604,-22956.559409749,-38070.0309808862,-41838.6841191771,112200
3340.90996997228,-3253.39472084749,-23154.4986647185,-38283.0015759408,-42053.2722981174,112300
3169.53734880786,-3420.33811965767,-23352.0016284155,-38490.9041127555,-42260.2983758505,112400
3002.02368542676,-3595.71769659606,-23561.1206940251,-38696.413659757,-42471.5451488826,112500
2845.93137388626,-3800.53469875916,-23748.4192711335,-38905.8374816311,-42682.6707069891,112600
2689.77531365804,-3997.44519839081,-23942.9450703647,-39119.716752369,-42894.8163373271,112700
2527.98275651375,-4180.40990208313,-24137.9232627291,-39321.3820243851,-43115.8176363854,112800
2365.27261126002,-4364.57620023778,-24331.7407072677,-39529.8670918056,-43331.7911468283,112900
2201.65438654849,-4548.96311966255,-24530.4431220233,-39736.0998334482,-43535.8663537023,113000
2024.75979162194,-4732.96250257363,-24728.7152400094,-39949.030781895,-43739.1609252333,113100
1867.86979030709,-4914.75779274753,-24930.0474887326,-40158.0234972316,-43942.4766432486,113200
1712.08899390866,-5094.85994197532,-25118.1747819915,-40365.2384290187,-44155.0097807973,113300
1567.99509000203,-5261.66182503667,-25312.7080436062,-40563.7684162214,-44365.3037984894,113400
1394.53538020865,-5427.63811438487,-25511.8710216367,-40776.7332305839,-44575.475449015,113500
1206.4638436758,-5595.20450764447,-25714.2994593895,-40976.5612467368,-44785.1489159275,113600
1013.07320022858,-5768.72096622376,-25911.8341620407,-41175.6747825912,-44994.6025337751,113700
867.408300590896,-5949.32857110878,-26109.3282789731,-41388.5488496684,-45203.8001018335,113800
721.673217775343,-6131.8618782478,-26313.1085227418,-41594.5398646735,-45404.6233621441,113900
567.695019617267,-6309.0831383902,-26518.405391795,-41800.0869621306,-45613.7211431839,114000
404.160023579945,-6496.71464371897,-26718.8740408124,-42000.1438210915,-45810.1360744338,114100
233.084369805596,-6677.93260889717,-26900.5720445217,-42195.2504466861,-46006.4673311916,114200
50.4959562491863,-6859.17155486223,-27091.9314206646,-42394.0150177583,-46202.7147924131,114300
-132.120154285254,-7042.6287621328,-27283.144342598,-42605.6462102244,-46403.3132337545,114400
-264.833989059641,-7233.14962552373,-27478.6287618924,-42813.4817930783,-46615.1910471669,114500
-439.380844500165,-7409.70828785807,-27677.7953215234,-43020.6037164422,-46826.9364533256,114600
-630.655037686562,-7589.85677944156,-27872.7364133101,-43220.9948953266,-47038.5494099063,114700
-821.942547591425,-7770.02626963916,-28072.7490431737,-43423.9175810301,-47250.0298756371,114800
-1013.2430745623,-7951.88815601319,-28272.3551348457,-43641.6363854174,-47461.3778102931,114900
-1187.44130518118,-8135.96076826067,-28474.9201173482,-43850.5043020375,-47672.5931746917,115000
-1346.20084708304,-8316.62607741711,-28670.9412490435,-44047.6128124872,-47883.6759306877,115100
-1506.13487940571,-8492.55515164101,-28866.8785269914,-44244.8442659095,-48094.6260411681,115200
-1667.57555183158,-8677.42721387697,-29065.9884577115,-44441.8952029126,-48305.443470047,115300
-1853.26996244459,-8859.83695754932,-29259.1557759784,-44647.0301177256,-48511.6842549474,115400
-2031.31473460139,-9042.26294494346,-29459.8298633121,-44858.2630725782,-48716.4857382203,115500
-2188.28313457974,-9224.7049014951,-29659.9612604227,-45059.8548670964,-48927.2590657954,115600
-2345.3077564723,-9407.1625534963,-29854.6924574488,-45261.3530768646,-49131.2673976448,115700
-2502.3883401961,-9563.60936193421,-30048.035243006,-45466.7585714121,-49335.3794271769,115800
-2659.84564624802,-9713.43878672447,-30240.2532891959,-45672.1015904009,-49536.1339029711,115900
-2818.4978663745,-9863.32280731666,-30429.7092253185,-45876.3747363433,-49741.0614155853,116000
-3003.07835116831,-10038.2707708428,-30623.7464406357,-46083.7974153767,-49945.9452955141,116100
-3190.12183144021,-10219.861501516,-30819.7370622587,-46290.0608725538,-50150.475908835,116200
-3369.52357751424,-10401.467895353,-31007.374912895,-46496.2147441607,-50353.9295765927,116300
-3534.71519606899,-10583.0896847511,-31206.4950993273,-46702.2589507703,-50556.9841870003,116400
-3707.21767608341,-10764.7266029383,-31397.5257382138,-46908.1934139522,-50757.0486383711,116500
-3867.82923689955,-10946.3783839709,-31594.1433923781,-47113.1983186013,-50955.6241369531,116600
-4028.49109620372,-11128.0447627314,-31794.8045875365,-47302.3529712798,-51168.33199527,116700
-4189.75081035211,-11309.7254749269,-31989.003368482,-47487.40418131,-51382.2615359354,116800
-4364.04026807417,-11486.4795861922,-32189.7123167712,-47687.4308266014,-51578.9120449264,116900
-4540.94167054205,-11666.9799581281,-32391.4248606455,-47902.0776063305,-51778.7297412336,117000
-4718.97873798394,-11848.8198432973,-32585.9177596926,-48111.0452834925,-51981.238638211,117100
-4889.62253318346,-12031.1073354727,-32792.6751845229,-48317.996382575,-52181.0475447728,117200
-5073.24609001475,-12213.4069990465,-32995.9785873221,-48517.6969945428,-52386.3412736403,117300
-5250.8975886683,-12395.7185744226,-33192.1012612891,-48714.7335807368,-52591.0374178647,117400
-5426.81412693634,-12578.041802821,-33392.7554621321,-48912.5542992067,-52797.163331575,117500
-5581.88151066407,-12756.1714169374,-33588.0318305852,-49115.5368786259,-53003.1622501048,117600
-5747.17199985028,-12932.7255768034,-33782.7289450757,-49332.5217106774,-53209.0341486696,117700
-5924.88494809038,-13109.2993719534,-33977.0959587378,-49549.0656719444,-53414.7790033938,117800
-6101.18915396801,-13286.2017264538,-34171.9822345772,-49758.6860643996,-53620.3967913063,117900
-6278.78627670824,-13468.122477087,-34362.2093749145,-49962.454455729,-53825.8874903361,118000
-6461.515134113,-13650.9873979557,-34554.7335187809,-50165.1167905968,-54031.251079308,118100
-6655.0269203863,-13840.8497519623,-34749.572577318,-50367.672779571,-54236.4327811606,118200
-6848.54002644872,-14021.9616653597,-34947.1060889194,-50573.0126868832,-54435.3186795219,118300
-7028.88540980138,-14195.9112158038,-35138.8596829997,-50778.9197139137,-54630.4632645227,118400
-7196.38815127662,-14377.8835757513,-35333.1948651061,-50979.6552492507,-54825.511446634,118500
-7345.4907482078,-14558.9019612877,-35531.8161328906,-51177.5066845645,-55020.4078769013,118600
-7519.44641508187,-14737.5337786454,-35728.6521832376,-51376.1926353135,-55216.6171834913,118700
-7696.95237012475,-14902.8455401804,-35921.6732667546,-51588.7353123769,-55416.964074556,118800
-7874.78449763714,-15065.4205948676,-36114.2154878176,-51806.2501122997,-55608.744585164,118900
-8052.64055796798,-15232.1512534999,-36310.523052507,-52015.1872584702,-55812.406483723,119000
-8230.52029251182,-15412.163560134,-36506.776870396,-52218.8072221008,-56019.5333563932,119100
-8410.27913381102,-15608.9190186291,-36699.2329190422,-52423.5131350882,-56220.6618165097,119200
-8585.66093931906,-15791.9446632394,-36894.4222243572,-52639.9225708085,-56421.6723527912,119300
-8761.77130176431,-15965.655688521,-37089.5595273059,-52836.3382078958,-56622.5649384375,119400
-8937.90651695257,-16133.5696557496,-37285.8331682474,-53032.0534026405,-56823.0688233987,119500
-9114.42169692906,-16306.4865791963,-37479.6392212867,-53229.4072976727,-57022.5324267036,119600
-9292.21751008801,-16479.9830359143,-37674.7014275793,-53424.2083532267,-57220.1045023429,119700
-9466.98560342389,-16641.4718343581,-37869.5853230277,-53620.1151041562,-57412.4159576956,119800
-9633.44723193277,-16817.588530504,-38064.4600775452,-53807.4778202756,-57618.1606345316,119900
-9799.94539000472,-16985.8786110481,-38257.5845490182,-54002.4991370202,-57820.3411850483,120000
-9966.47983561727,-17160.1902086319,-38448.8044945055,-54205.7419778673,-58021.3402567344,120100
-10133.0503273681,-17336.6304670151,-38642.6878560188,-54402.2486289194,-58221.1072397676,120200
-10299.6566244738,-17514.8817156411,-38840.4568207453,-54597.4065124744,-58420.7567007843,120300
-10474.789768503,-17700.5491648435,-39034.1766983604,-54794.5251202439,-58625.4909881868,120400
-10654.5171139424,-17882.7227750599,-39224.5988606531,-54987.8642712765,-58833.3795326328,120500
-10834.2621382166,-18065.9108076748,-39419.8560959045,-55182.7199744137,-59039.8356419684,120600
-11013.7818566124,-18249.1017626286,-39616.6751964188,-55377.4894103684,-59243.3447044028,120700
-11177.5422738694,-18432.2954067484,-39806.517293284,-55573.2454234223,-59446.7218214501,120800
-11341.9479917856,-18615.4915076188,-39996.818195166,-55766.256819982,-59649.7963665298,120900
-11506.9428346189,-18798.6898335792,-40186.6051119064,-55964.0819660322,-59850.2595626956,121000
-11678.6446489233,-18983.2757354538,-40385.684384885,-56164.4074745478,-60054.6850846692,121100
-11849.1126791239,-19155.9205196476,-40576.422088217,-56353.8724662362,-60252.9568760725,121200
-12033.9896666197,-19331.7503454588,-40770.7828767256,-56547.959195838,-60437.2215607625,121300
-12219.2452406097,-19525.6215802111,-40966.4402249668,-56753.0677416851,-60620.7647603862,121400
-12404.9819041368,-19718.898721443,-41158.9013603386,-56954.9535156358,-60808.0545677762,121500
-12590.7250663391,-19901.5568921976,-41346.8360065768,-57143.0388250733,-61011.6727000241,121600
-12774.9910552985,-20073.2583682658,-41539.0078512858,-57348.8647698546,-61215.0399599949,121700
-12938.8995974757,-20236.3244303968,-41731.2865899268,-57554.2797868462,-61409.4981405311,121800
-13102.8438601889,-20399.4194495818,-41927.9763767666,-57756.6173915875,-61599.1724503374,121900
-13266.8236162299,-20562.5432111118,-42118.8562330273,-57949.071200678,-61801.1150867016,122000
-13432.4566732391,-20726.3075215658,-42313.5631838232,-58152.249973956,-62002.9257185533,122100
-13611.4220745746,-20904.7687147614,-42505.4670827551,-58353.3986136674,-62204.6043665881,122200
-13791.3714967585,-21083.8585497249,-42694.7153863502,-58557.5500454367,-62401.5580010892,122300
-13971.3345427906,-21265.0657889823,-42882.6845505235,-58766.8471597817,-62596.563785389,122400
-14151.3109774402,-21446.2752650894,-43075.1785343699,-58975.5830741557,-62791.4586935173,122500
-14331.3005661746,-21627.486757993,-43271.0735896774,-59176.4831313433,-62986.2427100243,122600
-14509.9730011748,-21808.9557615118,-43469.154689953,-59377.1569833685,-63180.9158201742,122700
-14690.6403572951,-21996.7511073383,-43666.9996477245,-59576.2507313855,-63387.7601078113,122800
-14870.1507640325,-22180.571320933,-43858.5256999087,-59775.222946319,-63596.7514296897,122900
-15049.6741414637,-22349.2142550205,-44048.8605855159,-59974.0819189374,-63805.5819435216,123000
-15230.5275306933,-22527.7429190085,-44241.808854197,-60172.3756547108,-64014.2517370544,123100
-15415.1670818463,-22706.2763177037,-44433.3953037875,-60366.5757491654,-64217.8285730648,123200
-15589.9387406786,-22884.8142367131,-44628.0551455166,-60560.6237296565,-64418.1716797152,123300
-15768.9194597577,-23063.356462316,-44820.9998385708,-60754.5721469727,-64618.810703965,123400
-15947.9127378751,-23242.9770513427,-45013.0336729106,-60948.6479630765,-64815.7709804636,123500
-16127.073910567,-23423.0140670095,-45202.5746410257,-61142.9352826649,-65006.3990971117,123600
-16306.6816571264,-23603.0526963788,-45396.8435120066,-61337.2628830289,-65196.6585882543,123700
-16486.300546609,-23783.092727631,-45589.9027476939,-61535.6100081724,-65386.4283605052,123800
-16665.9303535886,-23953.6644100274,-45780.1995080811,-61736.8069490234,-65575.7101304475,123900
-16845.5708533106,-24119.6953624526,-45974.1191690649,-61937.8798423736,-65760.3514039693,124000
-17025.4058064793,-24285.74688755,-46167.5198653367,-62138.8286932756,-65955.1909565096,124100
-17206.578523872,-24451.8187824343,-46351.8175667383,-62339.6535074902,-66145.2235238329,124200
-17387.758773294,-24637.4992671378,-46540.0497657061,-62540.3542914837,-66340.6073847621,124300
-17568.9463328388,-24828.3973543933,-46735.8245478528,-62740.9310524239,-66541.0405154829,124400
-17750.1409812764,-25019.756877075,-46925.0807668868,-62941.3837981767,-66741.3369352591,124500
-17947.2506206097,-25211.0966955171,-47113.0115135542,-63141.7125373029,-66941.4966917423,124600
-18144.4625898515,-25397.4498124297,-47306.5388829473,-63341.8722085922,-67141.3638995851,124700
-18309.7286157599,-25578.3430925015,-47498.7321820824,-63541.7917926177,-67343.0483926749,124800
-18470.6285194274,-25775.3645605415,-47689.3179391667,-63739.8308057854,-67542.7343715989,124900
-18647.1965530552,-25957.4472938026,-47874.4678180122,-63937.1805296376,-67744.9791263834,125000
-18829.479736423,-26167.6741232166,-48068.047551935,-64133.9662906028,-67946.8473217715,125100
-19008.7972875259,-26358.7105300788,-48263.5437456366,-64325.5878552771,-68145.5666415193,125200
-19188.1232254429,-26541.8211693644,-48449.9338556489,-64513.5844229465,-68343.8301140498,125300
-19367.4573349515,-26718.6933346782,-48633.0947832535,-64700.7010919513,-68544.2185136505,125400
-19532.6084652842,-26898.7079060076,-48821.9000498103,-64888.5320983302,-68744.466063907,125500
-19679.3253394914,-27087.7606327971,-49013.9479307962,-65076.7567435936,-68944.5728283885,125600
-19826.0885713097,-27276.7951097317,-49206.6819550952,-65264.4290100176,-69144.5388712606,125700
-19972.8979744725,-27465.8111416951,-49402.704935259,-65452.3671964424,-69344.3642572824,125800
-20125.0277276705,-27654.808534288,-49595.512956997,-65642.6436397003,-69543.7723124464,125900
-20307.2738583937,-27843.8808773487,-49788.256244227,-65837.5274218671,-69742.9574969161,126000
-20489.5224091057,-28017.0661452573,-49980.9346826585,-66023.7476679628,-69939.7079170048,126100
-20660.727355459,-28189.3975974197,-50173.5402693452,-66214.9281274948,-70133.3350576148,126200
-20812.0892075835,-28361.7369625096,-50366.0153650542,-66411.4685561068,-70326.8412242293,126300
-20999.2136985957,-28522.893211118,-50561.1037034073,-66607.5067795787,-70522.2578606622,126400
-21146.6268774473,-28703.7320305308,-50751.6684514327,-66798.1110580652,-70719.4718223749,126500
-21303.5549362931,-28870.2319267979,-50941.0724111247,-66983.7537957007,-70914.0071159425,126600
-21503.2071083331,-29036.8451402299,-51131.8446574295,-67168.8760918493,-71103.3706046351,126700
-21669.2674276807,-29204.6096019385,-51324.2779283518,-67355.0606425121,-71296.8273726581,126800
-21848.9108561892,-29383.4221093485,-51514.7536864234,-67544.4161178114,-71492.3135463048,126900
-22017.5859926615,-29557.498404515,-51707.4643408636,-67742.8628702151,-71685.597051811,127000
-22208.3732797296,-29729.3930518093,-51901.1647553341,-67941.1830180663,-71874.9621772221,127100
-22399.1464904619,-29913.7275720589,-52088.5639543676,-68139.3765920151,-72064.2170197099,127200
-22589.9054234747,-30102.9824107825,-52278.670362664,-68337.4436233186,-72253.3615936662,127300
-22780.6498780894,-30273.8496105795,-52470.3699688958,-68534.3122325033,-72444.8525939185,127400
-22956.366620952,-30444.0021767374,-52658.6192561467,-68729.3684472273,-72636.7917078734,127500
-23125.8753305119,-30614.9913726085,-52848.3849484764,-68919.3960462786,-72828.610692254,127600
-23295.4019407661,-30791.2654924415,-53038.7909897362,-69115.4159131056,-73020.3095825703,127700
-23464.9462541145,-30977.0764008473,-53228.4071645777,-69312.0771960822,-73211.53947896,127800
-23613.8361129477,-31161.481402382,-53412.495417615,-69508.0458100412,-73402.635719322,127900
-23761.9938907589,-31348.0490284054,-53598.8410518488,-69704.6918124769,-73593.6131850398,128000
-23910.192694914,-31534.8484377289,-53793.7802392293,-69894.4296164856,-73784.4719114428,128100
-24058.4323487977,-31721.6286370653,-53986.5142905,-70083.1163023185,-73975.2119344001,128200
-24212.2598544459,-31907.7354226258,-54178.3458827976,-70271.4859331302,-74165.8332903172,128300
-24384.6574219532,-32089.2921295587,-54364.2144858078,-70458.917105181,-74356.2732005818,128400
-24557.0673542227,-32280.5455218748,-54550.5555549387,-70646.2516355782,-74544.7853494011,128500
-24730.5190087964,-32465.9248134552,-54737.53404387,-70833.4895096134,-74733.6578981771,128600
-24886.9135885198,-32651.2863914687,-54926.5501405176,-71023.6940588452,-74923.239491788,128700
-25033.5157298929,-32836.6300783746,-55115.503443953,-71218.4522530575,-75109.7341159725,128800
-25214.1833080186,-33020.446249548,-55309.3802819961,-71407.4336890471,-75296.12192047,128900
-25396.1756977504,-33189.5734022886,-55496.5979511463,-71594.4296082594,-75482.4029230995,129000
-25578.793030451,-33358.708108321,-55688.5908923934,-71781.3281936389,-75677.3835145806,129100
-25761.406531996,-33530.4984558531,-55876.2073044382,-71967.4253951876,-75872.3632084848,129200
-25944.4804661138,-33709.4239350572,-56067.5464153042,-72153.3637082714,-76066.9285809899,129300
-26121.6909654914,-33888.3412911228,-56257.1294954828,-72342.0017332477,-76256.4487553339,129400
-26296.8138472054,-34067.2503484139,-56446.6445808933,-72532.0380369512,-76439.4259169055,129500
-26472.4871788149,-34246.150931877,-56633.8723531745,-72721.9660699051,-76626.8565072603,129600
-26670.5755263117,-34425.0428670399,-56822.3180634876,-72911.7858439623,-76813.6421304628,129700
-26859.2505646099,-34603.9259800101,-57014.4254186986,-73095.9032394282,-77004.1219440705,129800
-27029.121934488,-34782.8000974738,-57205.868977264,-73278.8316596284,-77194.4782425535,129900
-27199.0067935717,-34961.665046694,-57395.8452047593,-73462.1098710046,-77384.7110820738,130000
-27368.9049562777,-35142.7057950711,-57587.6941146154,-73655.0720782084,-77576.8618530279,130100
-27538.816237532,-35323.9343031834,-57777.9778645764,-73847.8417930232,-77764.8066112761,130200
-27708.7404527686,-35503.1767688787,-57967.9535258888,-74040.2087034079,-77954.6694156764,130300
-27878.6774179287,-35680.8926972432,-58161.6451211474,-74232.4572285507,-78144.408990545,130400
-28048.9527259389,-35858.6003412257,-58355.2577849825,-74421.8906913067,-78333.2559104249,130500
-28218.8683344181,-36036.2995314721,-58547.4854442841,-74608.6780509728,-78521.4180217139,130600
-28398.0695743021,-36210.8826899505,-58742.2088711683,-74795.3638050381,-78709.4544791034,130700
-28558.7383125137,-36379.2323980954,-58932.4639044833,-74982.7734159733,-78897.1546112917,130800
-28732.4785904346,-36543.2793062801,-59128.9176823813,-75176.7281556774,-79082.5891691758,130900
-28906.2252587411,-36729.7951401734,-59321.4341420398,-75369.6872376384,-79267.3442339945,131000
-29079.9781359193,-36918.1369439947,-59509.7724189475,-75546.9761502832,-79451.9907571665,131100
-29254.068505013,-37105.912211135,-59701.8876123576,-75735.035879856,-79636.5287719291,131200
-29428.2351758241,-37292.5127613768,-59895.4988632036,-75927.8393387348,-79820.9583119837,131300
-29602.4069310017,-37479.0879568793,-60079.819130406,-76120.4737735211,-80005.2794114945,131400
-29777.9473164352,-37665.6376380154,-60262.6230164981,-76312.9851698048,-80189.492105085,131500
-29955.6263148731,-37846.0525577195,-60441.8047911125,-76505.3735780061,-80378.8338228923,131600
-30133.3046336757,-38025.5334501394,-60624.3807926075,-76697.639049028,-80570.5246100724,131700
-30310.9820947437,-38205.0009088671,-60814.1034720086,-76889.7816342541,-80762.0806629413,131800
-30488.6585205216,-38384.4547719461,-61009.9486142818,-77077.3432563001,-80953.5020728179,131900
-30666.333733997,-38561.7577573995,-61206.4047778871,-77257.7523412204,-81142.2807157517,132000
-30844.0075586988,-38736.7744043352,-61398.1440233808,-77439.8675576731,-81328.8547586525,132100
-31021.6798186966,-38910.3960905852,-61589.8044156188,-77618.0853676354,-81515.3104491376,132200
-31186.1693660826,-39078.0011830322,-61776.8960024838,-77798.5271314343,-81701.6478459756,132300
-31345.6165164855,-39245.6104210016,-61957.7594992869,-77983.3158771098,-81887.8670083617,132400
-31516.2460740381,-39413.2236440836,-62141.1714019644,-78177.6848400603,-82073.9679959147,132500
-31688.9208357437,-39580.8406923349,-62328.9411996292,-78371.9208820045,-82261.5594302883,132600
-31863.6592586662,-39748.4614062772,-62516.641372397,-78564.1256064477,-82451.5604317208,132700
-32036.9170205275,-39916.085626896,-62704.2718475337,-78750.0711158572,-82641.4289606728,132800
-32210.1785408275,-40087.0729931608,-62891.8325528753,-78934.9329225843,-82831.1651094321,132900
-32383.4436481054,-40262.1056070633,-63079.3234168258,-79119.6919786239,-83020.768970673,133000
-32556.7121713999,-40437.1298638837,-63264.037004254,-79303.5633370017,-83205.804605369,133100
-32729.9839402481,-40612.1637736676,-63449.235603934,-79485.5045241544,-83389.1819413887,133200
-32899.134724163,-40789.458291457,-63633.4124189342,-79667.3511117971,-83572.4479328719,133300
-33065.5883631507,-40966.7401209417,-63820.4056471875,-79849.1031066696,-83755.602630343,133400
-33232.054355496,-41151.4392931003,-64010.8999374683,-80030.7605159698,-83940.3545483113,133500
-33398.7791026132,-41341.6851879261,-64201.5949720906,-80212.2297677098,-84127.070420931,133600
-33564.6385111083,-41529.5527811765,-64385.5261798079,-80393.4079168765,-84319.6905252984,133700
-33729.8259669217,-41712.0624876903,-64565.5253366289,-80582.3209469754,-84513.9210982377,133800
-33895.0265678072,-41886.1385609094,-64750.8810222539,-80771.096908112,-84707.9992546297,133900
-34059.6731146954,-42061.8763881064,-64930.1871149858,-80956.7308834487,-84891.9345094592,134000
-34225.9683900916,-42238.0303717326,-65116.6888455262,-81148.0868403794,-85068.9208288955,134100
-34400.184795127,-42411.2315316344,-65303.9307435665,-81329.7913726917,-85254.3370120537,134200
-34566.4409749493,-42585.650806736,-65492.1806524597,-81509.2070025451,-85441.8448698103,134300
-34732.7084240316,-42761.0829707054,-65680.5423696515,-81688.5325448343,-85620.7588710971,134400
-34898.9869792873,-42936.9252973851,-65876.7168464217,-81867.768003697,-85801.9400885977,134500
-35066.3871930245,-43112.8109554811,-66068.7667402869,-82046.9133837064,-85987.4189494183,134600
-35256.8084757698,-43295.8308984841,-66251.8786876063,-82228.4409604248,-86172.774555296,134700
-35447.5249534355,-43482.2419822524,-66431.1432465615,-82415.9805835994,-86358.0069888188,134800
-35638.2132681338,-43665.1406178444,-66620.3221578601,-82606.7126550748,-86543.116332931,134900
-35828.8732649762,-43844.6414142243,-66810.1183424166,-82785.5065666984,-86727.9690776275,135000
-35995.6664099188,-44013.5482587782,-66991.9570574638,-82970.9721400302,-86912.4715712393,135100
-36161.8739201763,-44181.5791774627,-67172.5895590262,-83156.2923765694,-87094.2610171282,135200
-36340.6699248873,-44349.7061432559,-67353.1637234881,-83342.4064716006,-87270.3084359092,135300
-36509.78124177,-44517.8317110207,-67533.6794770923,-83525.9709790666,-87446.9261177578,135400
-36673.1595818749,-44685.9557342327,-67715.5089110143,-83707.1396983664,-87629.2490119876,135500
-36836.5510929892,-44858.9349210727,-67900.1206426804,-83887.9360269477,-87816.1845873808,135600
-36999.955618377,-45036.3525568304,-68085.4918066641,-84072.0675882695,-88002.9882237303,135700
-37168.2281113137,-45222.3193072849,-68272.8396632661,-84256.8463644577,-88189.6600282362,135800
-37352.4766406304,-45412.8423508166,-68456.9747425206,-84441.5138136605,-88376.2001084113,135900
-37537.9433008049,-45603.32379147,-68640.0279016482,-84624.1969988277,-88562.6085720778,136000
-37709.1861955788,-45791.436642065,-68822.3760081477,-84806.3653252114,-88748.8855273659,136100
-37882.1584205678,-45967.0369311147,-69008.1269456808,-84988.429868019,-88934.9469422182,136200
-38051.9029535035,-46142.6224778837,-69199.2102424215,-85177.9999716059,-89120.8322381713,136300
-38221.6639351682,-46318.193142132,-69388.7550400885,-85365.0525804595,-89304.8911398153,136400
-38393.0419444029,-46495.4525350427,-69572.78791974,-85550.0530245811,-89488.194706088,136500
-38564.4205880303,-46675.0333595124,-69758.2911184471,-85734.22285876,-89671.2245546979,136600
-38735.7997121853,-46847.090426428,-69943.7207401379,-85918.2808583779,-89854.1328652024,136700
-38910.0068692043,-47019.1377896056,-70129.0767353879,-86102.227078488,-90036.9197268848,136800
-39087.7912945956,-47192.0099316146,-70314.3590552681,-86286.0615745161,-90219.5852293402,136900
-39269.2063149567,-47361.7633130729,-70497.3110298115,-86469.7844022585,-90400.7527665596,137000
-39452.5790179447,-47532.3938109547,-70679.8367162466,-86653.3956178798,-90577.0516787518,137100
-39635.9323914804,-47705.795605953,-70862.2952857469,-86836.8952779114,-90753.2363665897,137200
-39816.1183838702,-47890.1227290301,-71049.801893271,-87020.2834392485,-90929.3208974764,137300
-39976.0097227353,-48064.5014459065,-71237.3520718404,-87204.6116683381,-91105.3053190071,137400
-40135.9364683518,-48238.8655604633,-71416.6086460029,-87392.7682618392,-91282.593568819,137500
-40295.9411363569,-48413.2149374321,-71594.0659017425,-87580.7964303949,-91468.1024942348,137600
-40455.9601224364,-48587.5494420019,-71773.5794456444,-87764.2946707955,-91653.2881036516,137700
-40615.9932799376,-48754.2463687778,-71955.6341600671,-87948.0966350885,-91838.3156102362,137800
-40797.7504886375,-48912.8364013606,-72141.0605370496,-88142.0908075381,-92021.1939849909,137900
-40966.5782223272,-49078.5625092996,-72328.279002615,-88334.0525116779,-92198.0222444267,138000
-41128.3356925795,-49252.7177593629,-72515.4158261204,-88522.623184024,-92374.7457777215,138100
-41299.0900549794,-49440.1119049745,-72702.4709757131,-88709.7741181087,-92551.0438590532,138200
-41478.5431801238,-49627.4662011451,-72879.2080688939,-88889.5185714046,-92727.1468166826,138300
-41647.9830738843,-49807.6236075716,-73055.2866044138,-89066.3343111567,-92903.1466870031,138400
-41810.1851073357,-49982.6171360345,-73229.7533660645,-89242.1746997944,-93081.020739943,138500
-41979.9659785723,-50157.5932648861,-73407.4313912168,-89416.3754318253,-93265.6832313629,138600
-42158.8090474121,-50332.5518643154,-73588.5421990546,-89590.4899375439,-93450.2113833631,138700
-42341.9023523362,-50507.492804961,-73767.5980990809,-89769.2939683203,-93634.484076248,138800
-42510.1481870763,-50682.4159579109,-73948.2553082089,-89950.3356116461,-93811.0756400537,138900
-42678.3956585741,-50857.3211947003,-74129.5570532768,-90127.3841503408,-93987.5492957761,139000
-42846.6446231947,-51032.2083873114,-74315.4102664678,-90304.3366220689,-94163.916428364,139100
-43014.8949377101,-51208.9634177491,-74501.4201140823,-90483.5520203072,-94340.1594605564,139200
-43183.1464592975,-51391.8391694737,-74687.3286766507,-90664.7226989106,-94516.0613962055,139300
-43351.3990455394,-51564.376246063,-74870.8598650077,-90845.7831542084,-94691.8579349495,139400
-43533.8689648207,-51739.1317531186,-75049.8166713925,-91026.7334506042,-94867.5491441703,139500
-43709.9324060994,-51917.5218837386,-75227.3937293762,-91207.5736528205,-95045.3470714972,139600
-43878.570250105,-52095.8868931459,-75402.3936496264,-91388.3038258969,-95230.9683845918,139700
-44047.2462629584,-52274.3552496796,-75582.933760804,-91568.9240351883,-95416.4478438061,139800
-44215.922011189,-52453.0610514124,-75762.9779149001,-91749.0605814347,-95601.7856020473,139900
-44384.597354822,-52633.0497535871,-75942.7671363775,-91928.8907848289,-95786.9818124029,140000
-44553.2721542838,-52813.009724859,-76120.0043830782,-92108.8495613243,-95972.0366281378,140100
-44721.9462704012,-52995.3582131006,-76303.2210280716,-92289.1327947279,-96156.9502026931,140200
-44890.6195644007,-53183.0632668038,-76489.4549243725,-92469.264032359,-96336.303628304,140300
-45059.2918979076,-53369.1192672106,-76669.6417970434,-92649.2137546504,-96513.6262239915,140400
-45227.9631329447,-53539.3535673702,-76849.7600404938,-92826.6532138568,-96690.3174185014,140500
-45396.6331319322,-53709.5751101383,-77031.7086621628,-93003.1710806451,-96866.8967486046,140600
-45565.3017576863,-53878.7634864368,-77213.0269888223,-93179.5901471502,-97043.3643008775,140700
-45735.0587926731,-54047.3309987146,-77397.6226159339,-93355.9104607248,-97219.7201621471,140800
-45908.1178459436,-54215.5800818283,-77580.4163821328,-93532.1320690321,-97395.9644194888,140900
-46080.5644194199,-54385.3012322587,-77765.003703729,-93708.255020044,-97572.0971602246,141000
-46246.8737257565,-54555.5824212566,-77946.6454195964,-93884.2793620394,-97748.1184719217,141100
-46417.158285407,-54732.09099046,-78128.8188551882,-94060.2051436026,-97924.0284423905,141200
-46587.6711876959,-54893.6716634648,-78311.2999461863,-94241.4611193188,-98099.827159683,141300
-46758.1790326095,-55086.5688791552,-78497.2971419767,-94423.5587319964,-98275.514712091,141400
-46928.6816863397,-55255.360498693,-78679.9166642562,-94605.382148996,-98451.0911881445,141500
-47099.1790154775,-55424.1403313712,-78860.4024404859,-94787.038103307,-98626.5566766097,141600
-47269.6708870119,-55592.908257193,-79037.2703994571,-94968.5751205236,-98801.9112664877,141700
-47440.1571683294,-55761.6641565488,-79215.6261962651,-95149.5732534053,-98977.1550470127,141800
-47610.6377272126,-55930.4079102156,-79396.1744865952,-95326.4510005115,-99152.0322056033,141900
-47766.4864402305,-56100.271765998,-79576.6500646449,-95503.2250895137,-99326.5152333601,142000
-47951.5811507838,-56270.4106517082,-79758.35409017,-95679.5479053247,-99493.3981426615,142100
-48122.0437530113,-56450.0888843476,-79935.5485815339,-95855.7659277476,-99658.9325050002,142200
-48292.5001078819,-56630.1039318463,-80111.2161074095,-96031.8816809631,-99824.3869678188,142300
-48462.950085147,-56810.5075615517,-80289.6935714401,-96207.8952256461,-99989.7615602406,142400
-48633.3935549495,-56988.5198621202,-80471.1319283422,-96383.806622749,-100155.05631166,142500
-48803.8303878226,-57159.7102901118,-80651.8816105383,-96564.4731326032,-100327.810088502,142600
-48974.2604546887,-57330.8833961396,-80828.5299643751,-96746.8280807298,-100504.017172522,142700
-49144.6836268589,-57502.039065953,-81005.1137830509,-96925.3714219211,-100680.107552239,142800
-49315.0997760322,-57673.1771856928,-81181.6330289514,-97099.0073445991,-100856.074394792,142900
-49485.5087742944,-57846.0941216204,-81358.0876648506,-97281.3163471806,-101031.634052658,143000
-49655.9104941172,-58021.8573689327,-81537.0576120544,-97458.0940740451,-101207.07833251,143100
-49826.3048083576,-58197.594682118,-81717.6279155618,-97635.1321234417,-101382.407339709,143200
-49996.6915902571,-58373.3059524842,-81901.1332631335,-97817.1973005197,-101557.621179811,143300
-50167.0707134404,-58548.99107175,-82084.5550313182,-97997.5083151616,-101732.719958562,143400
-50335.50928628,-58724.9726051735,-82267.2771505764,-98174.0213372515,-101902.553891691,143500
-50497.8975711012,-58897.7404393703,-82442.8577944062,-98350.204540085,-102071.370832909,143600
-50660.2891755148,-59069.0094223235,-82616.3714910689,-98525.8106122019,-102246.014397472,143700
-50822.6839741004,-59240.2593626376,-82794.6476934145,-98701.3121955613,-102420.543836119,143800
-50985.0818417741,-59409.5253987466,-82976.2042236111,-98876.6606132556,-102594.959254107,143900
-51147.4826537877,-59571.8625493922,-83151.6610634994,-99049.7411082373,-102769.260756876,144000
-51309.8862857282,-59742.4143876981,-83327.053732104,-99220.8255313715,-102943.448450049,144100
-51472.2926135167,-59917.6605956751,-83502.3821957064,-99391.819080399,-103117.522439429,144200
-51634.7015134083,-60093.3697697875,-83677.646420958,-99562.7218010057,-103291.482831001,144300
-51799.999465749,-60269.0513322656,-83852.8463748789,-99734.2716404636,-103466.480441786,144400
-51968.1037174037,-60441.3746011897,-84029.2376708661,-99909.7529378985,-103638.329922488,144500
-52136.2021430206,-60613.6919414745,-84205.912652021,-100085.127996018,-103807.244403777,144600
-52304.2946205301,-60785.9871407669,-84383.8009416643,-100262.236072312,-103973.784877902,144700
-52472.3810282231,-60962.4291414605,-84559.6708576257,-100442.466497871,-104140.236169047,144800
-52640.4730634348,-61141.6616007379,-84735.3584034536,-100622.57310357,-104306.598332751,144900
-52808.8832424846,-61320.8590343002,-84915.1630140789,-100798.499785071,-104475.145760632,145000
-52977.286511306,-61500.0213449602,-85095.7856201017,-100972.95923617,-104649.514839257,145100
-53145.6827496537,-61677.7712300122,-85277.0374164551,-101146.006765429,-104823.766614987,145200
-53314.0718376405,-61855.6930707446,-85456.6591126586,-101311.782357934,-104997.901206325,145300
-53481.6737876664,-62034.0509629944,-85636.4310595965,-101484.313257004,-105171.918731926,145400
-53638.3297770718,-62212.3746599736,-85813.6403650746,-101658.324738299,-105345.819310588,145500
-53794.9941262577,-62390.7973003182,-85993.8861174611,-101831.225091299,-105519.603061257,145600
-53958.0902340241,-62569.6196612836,-86174.9842230218,-101999.715840467,-105693.24459692,145700
-54134.0140364645,-62748.406470406,-86353.6049585627,-102168.119881022,-105866.612309761,145800
-54311.2656219806,-62927.1576336054,-86532.7615276655,-102338.373877104,-106039.864196189,145900
-54488.4950520227,-63106.399717397,-86712.3714469957,-102512.676714836,-106213.000374273,146000
-54660.9128596745,-63287.2146728509,-86891.765843002,-102686.873180844,-106386.020962223,146100
-54829.2322582098,-63463.6615410772,-87067.0390983965,-102860.963359239,-106555.538705808,146200
-54994.8709607994,-63639.9373867485,-87244.4732959999,-103034.947334334,-106725.327306895,146300
-55159.5569688704,-63817.1257278792,-87423.421305964,-103208.825190646,-106898.544986178,146400
-55324.4686974483,-63994.2803487295,-87602.4222369083,-103382.597012898,-107071.645600397,146500
-55490.3678416933,-64172.8429103445,-87784.1837073892,-103556.262886009,-107244.629272981,146600
-55664.5938643893,-64348.7786274504,-87963.9146370086,-103729.772814791,-107417.496127485,146700
-55838.8016265003,-64518.96411653,-88140.2730547971,-103903.145411674,-107590.246287587,146800
-56007.6977772274,-64697.7923238005,-88314.6213087879,-104076.283253945,-107762.815923654,146900
-56176.2757827109,-64870.6845181503,-88489.1195536749,-104248.81767256,-107935.20011203,147000
-56344.8440195203,-65038.5982894417,-88664.2921962578,-104421.620117489,-108106.725114551,147100
-56517.6294392078,-65206.4937939775,-88842.6558121782,-104595.344133099,-108279.68966278,147200
-56692.4516867051,-65374.6282201853,-89013.2691286518,-104768.428853815,-108452.071449369,147300
-56867.2538980899,-65550.6395578882,-89188.1487931568,-104941.170232343,-108624.173847592,147400
-57042.035964472,-65735.2290795426,-89365.594125059,-105113.806707982,-108796.126411523,147500
-57216.8151707516,-65898.8382657232,-89539.4864325883,-105286.338366998,-108967.558246791,147600
-57392.6059395258,-66062.029301926,-89711.4906162759,-105458.765295845,-109137.77684979,147700
-57568.3744122046,-66234.7795356641,-89883.4320478718,-105631.087581159,-109307.885464443,147800
-57753.0622220235,-66408.9312811339,-90056.8816739852,-105803.305309764,-109477.884202686,147900
-57934.2430079125,-66585.2047171418,-90231.5314536371,-105975.418568661,-109647.773176583,148000
-58100.288371685,-66768.3708031521,-90409.2379862741,-106146.543705277,-109817.552498317,148100
-58268.3601290328,-66955.77889533,-90589.2924553569,-106317.558686026,-109987.222280199,148200
-58442.6991278899,-67136.316017493,-90769.2155077316,-106488.472493494,-110156.78263466,148300
-58617.0174189959,-67307.3050797673,-90943.7310208928,-106659.555188432,-110326.233674249,148400
-58789.6433160153,-67478.268823444,-91118.1759034779,-106834.062975765,-110495.575511638,148500
-58954.2826595003,-67649.207156806,-91292.5501448485,-107003.60796866,-110664.808259614,148600
-59118.9159930363,-67820.1199884808,-91464.2763320922,-107172.139868506,-110833.931298333,148700
-59283.5432079364,-67991.0072274395,-91636.8822973553,-107341.526778937,-111002.931890592,148800
-59448.1641958284,-68161.8687829966,-91811.1760379458,-107511.835257632,-111171.823785701,148900
-59612.7788486539,-68332.7045648084,-91981.1840291183,-107682.04313502,-111340.607096776,149000
-59777.3870586674,-68506.7677572753,-92154.2636132396,-107852.150493522,-111509.281937046,149100
-59941.9887184362,-68680.838620637,-92328.6679411313,-108022.15741573,-111677.848419851,149200
-60106.5837208391,-68854.8775266139,-92502.9999157368,-108192.063984407,-111846.306658638,149300
-60271.1719590665,-69028.884389787,-92677.2595324673,-108361.870282491,-112014.57149966,149400
-60435.9136854146,-69202.8591250894,-92850.6114976281,-108531.576393084,-112182.640708785,149500
-60600.7609052983,-69376.8016478054,-93021.7246279264,-108701.18239946,-112350.595866853,149600
-60765.6006426975,-69550.7118735699,-93194.3100364987,-108870.67928556,-112518.319508202,149700
-60930.4327921152,-69724.2238208923,-93368.0348708603,-109039.781228645,-112685.936551865,149800
-61095.2572483633,-69891.1687612629,-93542.5501846138,-109208.784344403,-112853.447109446,149900
-61260.0739065624,-70058.0932970792,-93716.9919848789,-109377.688714575,-113020.851292654,150000
-61424.882662141,-70224.99733851,-93891.360269646,-109546.494421066,-113184.045004897,150100
-61589.6834108345,-70391.8807960401,-94065.655037204,-109715.201545944,-113346.934956995,150200
-61754.4760486852,-70558.7435804694,-94241.292952231,-109883.279216774,-113509.734048113,150300
-61919.6807178954,-70725.5856029126,-94421.5441051028,-110048.546898002,-113672.442355903,150400
-62085.0586868449,-70892.4067747982,-94602.5852874365,-110218.734536661,-113835.051703275,150500
-62257.9843045525,-71059.2070078678,-94777.7018234031,-110389.029309684,-113997.470127836,150600
-62437.0347182579,-71230.2044321407,-94952.7419294273,-110556.271498747,-114159.798393556,150700
-62616.0531009644,-71409.626680113,-95127.7056097351,-110722.85013928,-114322.036577737,150800
-62795.0393605605,-71589.0043043481,-95302.5928688437,-110889.335944735,-114484.184757822,150900
-62973.9934053,-71768.3372337609,-95477.4037115599,-111062.302398214,-114646.243011389,151000
-63152.9151438008,-71947.6253976261,-95652.1381429798,-111230.881260776,-114808.211416153,151100
-63322.375365227,-72115.8270245769,-95826.7961684866,-111398.567630266,-114970.090049967,151200
-63489.7309529602,-72280.56579997,-96001.7957441647,-111566.101531657,-115131.878990814,151300
-63657.1496404799,-72445.2860345508,-96178.3840299669,-111733.538153373,-115296.211576057,151400
-63824.6373894529,-72609.9876415343,-96352.2017584841,-111899.055657798,-115461.07767763,151500
-63992.1113995986,-72774.670534433,-96525.9446553628,-112064.053277222,-115625.842909554,151600
-64159.5715724176,-72939.3346270561,-96703.4041978836,-112228.961371495,-115790.507376087,151700
-64327.0178097197,-73103.9798335088,-96880.2059214748,-112393.78000862,-115955.071181584,151800
-64494.4754668022,-73268.6060681916,-97052.6159464989,-112558.509256759,-116119.534430494,151900
-64661.9618458341,-73433.3221154744,-97221.2882418087,-112723.07536129,-116283.89722736,152000
-64829.4338898716,-73602.3689679054,-97392.6867426194,-112887.226378464,-116448.15967682,152100
-64996.8915019928,-73771.8425152873,-97567.3500503125,-113051.289536681,-116614.07599539,152200
-65163.1357310998,-73944.0595395787,-97741.3094277597,-113215.264901958,-116780.241383234,152300
-65327.7558016983,-74121.62426594,-97912.9221289167,-113379.152540471,-116946.299020996,152400
-65492.3654013068,-74299.1457888946,-98084.4636513,-113542.952518553,-117112.249032192,152500
-65656.9644330189,-74476.6240405808,-98254.1737188171,-113706.664902694,-117278.091540396,152600
-65821.5528002192,-74646.4502717153,-98421.6424297374,-113870.289759536,-117443.82666924,152700
-65986.1304065829,-74813.1153953123,-98591.9065744177,-114033.66994277,-117609.454542418,152800
-66150.6971560756,-74977.3149985638,-98762.2478001495,-114197.868742894,-117774.975283676,152900
-66315.2529529519,-75141.4950177154,-98932.5403146628,-114360.639835026,-117940.389016821,153000
-66479.7977017556,-75306.4523010901,-99101.700997688,-114524.286833065,-118105.695865711,153100
-66644.3313073184,-75474.1483200555,-99270.0132180453,-114687.942074414,-118267.599104495,153200
-66808.9304517811,-75638.490025311,-99438.3700069917,-114852.489232524,-118422.405327666,153300
-66973.893421469,-75813.8373218593,-99610.9208998601,-115016.729972542,-118577.08270891,153400
-67138.8441981881,-75991.1785792405,-99782.8634354545,-115180.879646699,-118741.753499422,153500
-67306.1456894419,-76160.0966399731,-99952.727411805,-115345.59174953,-118906.318901563,153600
-67483.1719500647,-76328.9014075089,-100122.5232071,-115514.180490621,-119070.779037254,153700
-67660.1658205342,-76499.6953567071,-100292.250821481,-115682.662370521,-119235.069693449,153800
-67837.127217426,-76675.6779366793,-100461.910255348,-115848.300110759,-119399.156163009,153900
-67996.2189554923,-76851.6183064599,-100631.50150936,-116009.509642566,-119560.726253454,154000
-68152.5272090819,-77028.7418156906,-100801.024584433,-116175.718244961,-119719.217646234,154100
-68308.8661508514,-77205.8426052816,-100970.479481737,-116345.221387065,-119884.449231942,154200
-68465.3933852015,-77382.8985992376,-101137.222175216,-116511.700996188,-120049.960319575,154300
-68644.6077158783,-77559.9097357632,-101305.115335295,-116670.90305201,-120212.517114668,154400
-68838.3987851468,-77736.8759533883,-101472.805216393,-116829.669011003,-120372.784708013,154500
-69011.6469402022,-77913.7971909675,-101643.224122086,-116988.359071229,-120532.96032909,154600
-69179.3049831667,-78093.3068831569,-101815.721389618,-117146.97328186,-120693.044071278,154700
-69346.9451499688,-78272.6235705048,-101985.449805134,-117312.439110245,-120853.036028035,154800
-69514.5673523318,-78442.8703036036,-102150.882921186,-117479.123897721,-121012.73596449,154900
-69691.5453835042,-78618.2209792631,-102321.2296664,-117645.705621361,-121169.041150853,155000
-69871.078922359,-78793.5290261366,-102490.665124376,-117811.831316273,-121329.548831579,155100
-70050.5736097405,-78969.7838365735,-102661.597170406,-117977.378248037,-121490.712230032,155200
-70230.0293704388,-79146.1776461875,-102835.28784072,-118140.642807858,-121651.8166727,155300
-70409.6375459493,-79322.5264399664,-103008.119298097,-118297.781469876,-121815.680631911,155400
-70589.7998587048,-79498.8301592214,-103180.871138422,-118454.627620112,-121979.955427486,155500
-70769.9216419666,-79675.0887455784,-103353.543384721,-118611.03159333,-122140.281032863,155600
-70936.2259374008,-79851.3021409775,-103527.475951526,-118767.635098234,-122300.422547881,155700
-71095.3809976292,-80027.4702876721,-103702.644940015,-118929.118399071,-122460.469689371,155800
-71264.7751927546,-80203.593128228,-103876.204648212,-119088.01039123,-122620.422559986,155900
-71445.8754921908,-80380.3823028698,-104049.681785302,-119249.865896765,-122780.281262442,156000
-71626.9324554231,-80566.4258577882,-104223.07638036,-119412.862420658,-122939.939319025,156100
-71807.9460135509,-80750.0085207688,-104397.144521145,-119575.995456735,-123099.387067899,156200
-71986.4578282668,-80917.6326213859,-104571.557693441,-119739.034835332,-123259.099069724,156300
-72148.179293267,-81085.226842832,-104740.770538793,-119901.980646891,-123419.132987112,156400
-72309.8897802442,-81260.0823646679,-104909.911463179,-120064.832981952,-123579.071282405,156500
-72471.5892032194,-81438.1845529307,-105079.643960867,-120227.480918953,-123739.063798234,156600
-72633.2774764708,-81611.3045094676,-105251.856872244,-120389.814247384,-123899.779680694,156700
-72794.9545145331,-81785.2049691141,-105420.195117821,-120550.823749603,-124060.39670786,156800
-72971.2147379936,-81958.1777274285,-105586.963276409,-120710.353695344,-124220.914996149,156900
-73150.2765440157,-82134.2839004515,-105753.665182488,-120869.800528382,-124381.33466201,157000
-73329.2976464064,-82310.3430804181,-105920.401790839,-121031.131887757,-124541.655821921,157100
-73508.2779765827,-82486.3552149034,-106092.770820571,-121195.85587172,-124702.675057097,157200
-73687.2174662807,-82661.8239254137,-106265.058103289,-121360.478235381,-124864.538950248,157300
-73866.1160475536,-82836.6445593389,-106437.263670135,-121524.999090496,-125024.328138025,157400
-74044.9736527724,-83011.4202263193,-106609.387552465,-121687.798484766,-125182.515477571,157500
-74223.7902146236,-83186.150873045,-106779.710038721,-121849.598797906,-125342.282094614,157600
-74402.5656661093,-83360.8364465009,-106945.827034666,-122007.094514474,-125502.057372232,157700
-74570.8369317013,-83535.4768939666,-107109.491360429,-122167.89364383,-125661.62825751,157800
-74738.6499333134,-83710.0721630149,-107270.023714503,-122330.455381699,-125821.101794756,157900
-74906.4409760133,-83884.6222015115,-107435.29891608,-122492.921513832,-125977.877686985,158000
-75074.2099812574,-84059.126957614,-107604.695227195,-122655.235230285,-126134.225027126,158100
-75242.661890625,-84233.586379771,-107774.016227911,-122815.001376387,-126290.485966612,158200
-75411.1196072947,-84405.6215700563,-107943.261941393,-122978.306673336,-126446.660596487,158300
-75579.5538543037,-84576.6664247561,-108115.822807098,-123140.802280033,-126602.74900785,158400
-75747.9645547977,-84747.6723668922,-108289.391626663,-123300.662207301,-126758.906655029,158500
-75916.3516321962,-84915.1932450192,-108462.83403311,-123458.396496787,-126916.959562714,158600
-76084.7150101918,-85081.8126630005,-108631.59259455,-123616.642178197,-127075.344790884,158700
-76253.0546127496,-85248.4010375893,-108797.512656143,-123778.926707401,-127237.701008258,158800
-76421.3703641066,-85414.9583073035,-108962.905499719,-123941.114516428,-127399.946684829,158900
-76589.6621887708,-85581.4844109233,-109128.232571433,-124103.205710362,-127559.666945075,159000
-76757.9300115209,-85747.9792874895,-109293.493880819,-124265.200394344,-127715.135837693,159100
-76926.1737574057,-85914.5217583266,-109458.363091749,-124426.26718615,-127870.519165465,159200
-77094.393351743,-86081.6670996588,-109621.821673795,-124586.707128308,-128025.929898164,159300
-77262.5887201196,-86248.7796074905,-109787.754912118,-124746.89601926,-128187.060603094,159400
-77430.7597883901,-86415.8592231973,-109950.897870694,-124906.952404508,-128348.084063493,159500
-77598.2484473942,-86582.9058884146,-110117.339027711,-125066.906053702,-128509.00042576,159600
-77762.7904079986,-86752.8178378138,-110281.673270548,-125227.006619051,-128669.809836253,159700
-77927.3136052355,-86928.3028757245,-110446.439907737,-125387.016070153,-128830.512441288,159800
-78091.8179632796,-87104.4388722132,-110611.43125844,-125546.634105541,-128991.108387136,159900
-78256.3034065576,-87277.7726649133,-110779.919523118,-125705.867007599,-129151.084929433,160000
-78420.7698597475,-87444.8391646765,-110947.655085845,-125862.465277535,-129308.748682756,160100
-78585.217247778,-87611.8720581846,-111114.113082878,-126018.317326531,-129466.183690313,160200
-78749.6454958282,-87780.8770699397,-111279.618580954,-126177.686319482,-129623.356283245,160300
-78914.0545293268,-87947.0697156852,-111442.93194277,-126338.735773523,-129775.082996947,160400
-79078.9588819481,-88113.2300785891,-111605.336009245,-126499.689206905,-129924.293719609,160500
-79252.8237880779,-88279.3581017071,-111771.594261656,-126660.546727723,-130073.437174373,160600
-79426.6531299115,-88445.4537283459,-111937.981736941,-126820.782363475,-130229.939802969,160700
-79600.6556263267,-88611.5169020626,-112101.562797855,-126979.894078733,-130387.238937674,160800
-79774.9110895028,-88777.547566664,-112266.286658062,-127138.915704161,-130544.442041321,160900
-79945.8298713451,-88943.5456662061,-112427.620601812,-127297.647970615,-130701.549235839,161000
-80111.6780861098,-89109.5111449934,-112589.770728201,-127456.200330749,-130855.998189659,161100
-80277.5039466426,-89275.443947578,-112756.626960659,-127614.663903923,-131009.747755563,161200
-80443.3073818328,-89441.3440187595,-112926.080880887,-127773.038783395,-131163.41337587,161300
-80615.5833731409,-89607.211303584,-113094.536189718,-127931.325062478,-131316.995144253,161400
-80786.6070095835,-89773.0457473435,-113263.218761447,-128089.241443082,-131470.396336364,161500
-80953.8162618398,-89938.8472955754,-113427.879522812,-128246.586969033,-131623.644926332,161600
-81121.0004032549,-90104.6158940619,-113591.107968026,-128403.846815906,-131776.810554115,161700
-81288.1593651989,-90270.4002609053,-113757.756230243,-128561.021071245,-131929.893312028,161800
-81454.4883291721,-90436.7950639885,-113922.288791256,-128718.109822655,-132082.893292422,161900
-81611.1826380262,-90606.9482372581,-114088.358334334,-128875.113157798,-132235.810587679,162000
-81767.8675534451,-90773.7557869365,-114256.732464339,-129032.03116439,-132388.85670906,162100
-81930.5728070973,-90935.466070659,-114425.133787851,-129188.863930205,-132543.476674528,162200
-82095.2974640116,-91098.7103892827,-114593.455449476,-129345.611543074,-132698.007475101,162300
-82260.0003069103,-91264.0689873941,-114761.697488935,-129502.274090878,-132853.632739124,162400
-82425.1978816446,-91429.5720652334,-114928.524113928,-129659.608644445,-133010.452054268,162500
-82590.6103509384,-91595.041716276,-115094.441495221,-129818.847139904,-133165.919519264,162600
-82751.6703990769,-91760.477888717,-115262.147197229,-129977.991143465,-133317.716770447,162700
-82916.6009874601,-91932.3598873168,-115427.716532265,-130137.040765772,-133469.431299671,162800
-83085.8952744867,-92112.5868435795,-115592.91766002,-130295.996117487,-133623.32590418,162900
-83250.6511181754,-92287.4170193118,-115757.64486508,-130453.531033003,-133776.744296854,163000
-83415.3843990017,-92456.3805501112,-115922.000344248,-130610.625162282,-133928.981802793,163100
-83580.0950498608,-92625.303283345,-116087.390323525,-130767.631314845,-134084.832757243,163200
-83744.7830038843,-92794.1851746954,-116251.764584792,-130925.895780041,-134238.850224585,163300
-83909.4481944405,-92964.6584719197,-116414.603873946,-131083.982056338,-134392.626939565,163400
-84074.0905551339,-93130.3661764897,-116578.616557332,-131241.952295845,-134546.314975217,163500
-84238.7100198039,-93297.9767086373,-116742.559467305,-131398.772340199,-134699.914442299,163600
-84403.306522525,-93465.5485006857,-116906.43263,-131554.453773662,-134853.425451563,163700
-84567.8799976058,-93633.0815074233,-117070.236071719,-131709.932142127,-135006.848113752,163800
-84732.430379589,-93800.5756838762,-117233.969818934,-131866.706826385,-135160.182539598,163900
-84896.9576032501,-93965.1190696332,-117397.633898283,-132024.609587969,-135313.428839826,164000
-85061.4616035978,-94125.5651299272,-117561.084306723,-132181.539533438,-135466.587125148,164100
-85225.9423158726,-94292.053344658,-117724.793229329,-132335.95287292,-135619.657506267,164200
-85390.6451686147,-94462.2514816769,-117888.432027932,-132490.285240587,-135772.640093873,164300
-85555.4910045809,-94632.404780688,-118052.000730802,-132644.425532119,-135925.534998644,164400
-85720.3126940185,-94803.7630704632,-118215.499366369,-132798.42378159,-136078.342331244,164500
-85885.1101734429,-94973.7666830586,-118376.647033052,-132953.45316906,-136230.837127757,164600
-86049.8833796007,-95141.8996466634,-118536.871103661,-133108.784521435,-136383.17011544,164700
-86214.6322494686,-95309.9915175784,-118699.55503071,-133264.030749148,-136535.416963949,164800
-86379.3567202534,-95478.0422548788,-118864.262039796,-133417.88088512,-136687.577781184,164900
-86544.0567293907,-95646.0518178733,-119030.864402039,-133571.616275825,-136839.652675033,165000
-86708.7322145454,-95814.020166103,-119198.238792053,-133725.271464226,-136991.641753372,165100
-86873.3831136103,-95985.4453426234,-119365.531227006,-133879.125079908,-137143.545124065,165200
-87038.009364706,-96150.0941249201,-119531.363210261,-134036.88231965,-137295.362894963,165300
-87202.6109061802,-96315.9773592719,-119695.941392426,-134194.544445683,-137447.095173901,165400
-87367.1876766075,-96483.6549164712,-119859.933687666,-134349.825396224,-137598.742068701,165500
-87531.7396147883,-96654.244491304,-120023.19535836,-134504.86255325,-137748.080659802,165600
-87696.2666597489,-96824.7869647653,-120184.691520683,-134659.738338228,-137896.544753499,165700
-87860.7687507404,-96995.282303389,-120346.977701258,-134814.303282249,-138044.934606212,165800
-88025.2458272389,-97165.7304739421,-120510.745877997,-134968.783559797,-138193.250299836,165900
-88189.6978289442,-97336.1314434247,-120674.90028743,-135123.09838716,-138341.491916286,166000
-88354.1246957797,-97506.4851790689,-120837.909309177,-135277.027831307,-138489.521065721,166100
-88518.526367892,-97663.0059479649,-120999.30822556,-135430.743457959,-138639.119522292,166200
-88682.90278565,-97819.3940253183,-121160.640194538,-135581.487110026,-138791.392761634,166300
-88847.6128403553,-97984.5138833146,-121321.905242955,-135732.158124806,-138943.357205751,166400
-89020.5696756955,-98150.1855798734,-121484.280726499,-135882.75657234,-139096.033409453,166500
-89200.8148526033,-98316.9638477662,-121647.901693273,-136033.208388915,-139248.427613947,166600
-89381.0046007593,-98484.2277482171,-121809.518375117,-136183.916428809,-139400.731477337,166700
-89548.6505015731,-98651.4498816823,-121970.049434271,-136338.007556455,-139553.259033275,166800
-89710.524279816,-98818.6994844341,-122130.514960401,-136492.013718474,-139706.167024326,166900
-89872.5269538853,-98986.0063532481,-122290.914979219,-136645.935013701,-139857.42338833,167000
-90034.5074395511,-99153.2709883353,-122451.509574686,-136799.771540978,-140008.773326977,167100
-90196.4656772064,-99320.4933542425,-122612.159175474,-136953.523399158,-140160.607469504,167200
-90357.3006216682,-99491.1107601238,-122774.216442978,-137107.190687099,-140312.339099364,167300
-90517.8490526124,-99663.587813448,-122936.222411919,-137260.429162664,-140463.878287171,167400
-90678.3772220928,-99836.32184996,-123098.157827026,-137412.084008126,-140615.328639396,167500
-90838.8850702278,-100002.395342642,-123260.09234519,-137563.66101458,-140766.69027762,167600
-91004.3814480296,-100168.078472666,-123423.994184036,-137715.160266028,-140917.148435938,167700
-91167.1298688387,-100337.976974747,-123587.819640952,-137866.581846501,-141067.085545408,167800
-91328.594834885,-100508.533728961,-123751.568762007,-138017.925840055,-141216.939019406,167900
-91490.0376408542,-100679.04054022,-123915.241593401,-138169.192330774,-141366.550192822,168000
-91651.4582286819,-100849.497382453,-124078.838181461,-138322.464464483,-141515.59708203,168100
-91812.8565405089,-101019.904229805,-124242.358572644,-138475.662859418,-141662.883911887,168200
-91974.399456629,-101190.261056643,-124405.802813532,-138628.776701717,-141810.095983888,168300
-92136.059737698,-101360.567837551,-124569.170950834,-138781.806092514,-141957.23338662,168400
-92305.7607226187,-101530.824547332,-124732.463031384,-138934.75113294,-142104.296208673,168500
-92482.0431676399,-101701.031161008,-124895.679102143,-139088.551590499,-142251.284538634,168600
-92658.2758391487,-101871.187653815,-125058.819210195,-139242.536446184,-142398.198465092,168700
-92834.4587019909,-102041.294001207,-125221.883402745,-139396.432829019,-142546.471946338,168800
-93001.8946772088,-102208.23407468,-125384.871727125,-139549.642191873,-142697.224635143,168900
-93168.2296455835,-102361.593947759,-125547.784230787,-139700.114934758,-142847.888371233,169000
-93334.5331591113,-102514.934184238,-125710.620961305,-139850.511072016,-142998.463280314,169100
-93500.805167557,-102668.254735409,-125873.381966372,-140002.755309712,-143148.949488024,169200
-93667.0456209003,-102821.555552737,-126036.067293804,-140155.193623226,-143299.347119935,169300
-93833.3442443841,-102978.046053099,-126198.676991535,-140307.477414848,-143449.656301545,169400
-93999.9396423522,-103147.047715532,-126362.786775441,-140459.584512859,-143599.877158289,169500
-94166.5025888063,-103316.000748423,-126528.087001783,-140611.608372623,-143750.009815527,169600
-94333.033035148,-103484.9051272,-126693.303213061,-140763.549095201,-143898.81110279,169700
-94499.5309329921,-103653.760827501,-126855.780195439,-140915.406781641,-144047.123399357,169800
-94665.9962341661,-103821.377254003,-127014.796603952,-141067.181532984,-144195.3541411,169900
-94832.4288907095,-103982.394263832,-127172.813324096,-141218.822891093,-144343.503436882,170000
-94998.8288548737,-104143.377720682,-127330.766353358,-141370.378063377,-144491.571395527,170100
-95165.1960791209,-104304.327586625,-127488.655720481,-141521.850796373,-144639.558125814,170200
-95331.5305161242,-104465.243823922,-127647.064908767,-141673.241190615,-144787.463736482,170300
-95497.8321187666,-104628.890119131,-127806.194147162,-141824.549346625,-144936.011441427,170400
-95664.1008401406,-104793.60953399,-127964.092003366,-141976.305977487,-145086.185695208,170500
-95830.336633548,-104958.28781262,-128121.92577066,-142128.437087595,-145236.269809539,170600
-95996.5394524989,-105123.024994591,-128279.695479319,-142280.482676505,-145386.263917438,170700
-96164.4380317057,-105289.09543709,-128437.401159744,-142432.442853432,-145536.16815183,170800
-96335.4891703615,-105458.687158336,-128595.447636841,-142584.317727562,-145685.98264555,170900
-96506.7089511921,-105633.819568024,-128754.861686482,-142736.10740805,-145835.704158807,171000
-96677.8861559259,-105808.887872983,-128911.936120868,-142886.703330109,-145985.164246073,171100
-96850.3531986746,-105983.892069831,-129068.947835252,-143036.997881349,-146134.53564808,171200
-97023.1524751869,-106158.832155393,-129225.896858689,-143187.21235774,-146280.043308735,171300
-97195.9057560919,-106334.48360744,-129382.783220359,-143337.346856676,-146425.439511545,171400
-97368.6130074136,-106504.649701657,-129539.606949562,-143487.401475541,-146570.761799255,171500
-97539.3289837398,-106669.343558805,-129696.745275382,-143637.307409405,-146716.010265426,171600
-97703.359317645,-106833.99493792,-129854.404976201,-143787.057370166,-146861.185003598,171700
-97873.6470202788,-106998.603812019,-130014.058941984,-143936.712143816,-147006.266398291,171800
-98039.6668491219,-107163.17015431,-130172.573322582,-144086.288009317,-147151.100655763,171900
-98203.8452568384,-107327.693938192,-130329.475678359,-144235.78506256,-147295.862199933,172000
-98367.9928136832,-107495.844292245,-130486.314503842,-144385.21727029,-147440.551122344,172100
-98532.1094742104,-107667.449538846,-130646.211982081,-144535.063552687,-147585.167514516,172200
-98696.1951931703,-107838.997047056,-130806.269098974,-144684.829496207,-147729.711467946,172300
-98860.2499255096,-108010.486807698,-130962.774460222,-144834.51520105,-147874.183074109,172400
-99024.5389538974,-108176.748916916,-131119.216796264,-144984.120767394,-148020.047500041,172500
-99189.1049028961,-108338.656837547,-131275.59613888,-145133.646295395,-148166.466527361,172600
-99353.6386950777,-108500.526721441,-131431.833267005,-145283.091885185,-148312.805713899,172700
-99518.1402870009,-108662.358538784,-131587.410674478,-145432.457636873,-148460.895838411,172800
-99682.6096354195,-108824.152259943,-131742.226850207,-145581.743650545,-148609.146593165,172900
-99846.6210420629,-108985.907855471,-131896.983821363,-145730.950026259,-148757.309771077,173000
-100010.351278048,-109147.625296097,-132053.200839032,-145880.076864053,-148905.385504371,173100
-100174.050344193,-109309.304552736,-132208.918744354,-146029.043233201,-149053.373925169,173200
-100337.71819709,-109470.917864104,-132366.266353379,-146177.608321905,-149198.645212139,173300
-100501.354793519,-109631.800701215,-132522.954799928,-146324.20682074,-149342.844904095,173400
-100664.960090453,-109792.646645766,-132681.09791887,-146473.012751515,-149486.971492321,173500
-100828.577778465,-109953.455668128,-132836.71329328,-146622.491337403,-149631.025072518,173600
-100992.454219504,-110114.227738848,-132992.189811802,-146770.222207401,-149775.005740348,173700
-101156.298667841,-110275.15686351,-133148.404570505,-146917.857845224,-149918.913591439,173800
-101317.444674744,-110437.177876527,-133305.671296466,-147065.288987074,-150064.028151719,173900
-101476.551965006,-110601.836949953,-133462.870685231,-147212.642137315,-150209.535709577,174000
-101635.635032468,-110763.345590938,-133618.620743551,-147361.623106711,-150354.964218315,174100
-101794.693830425,-110926.564272299,-133773.875333676,-147511.357741796,-150500.313789942,174200
-101953.728312349,-111091.550431219,-133927.95186813,-147661.008631173,-150645.584536403,174300
-102113.11269052,-111256.490602575,-134081.155786855,-147810.779187451,-150790.776569569,174400
-102277.483391398,-111417.405298653,-134236.464232607,-147959.968503059,-150935.890001244,174500
-102441.820444408,-111576.586031431,-134393.933420164,-148108.126392354,-151080.924943162,174600
-102606.345897619,-111735.801074795,-134549.21721131,-148256.205562792,-151225.881506986,174700
-102771.003309948,-111895.068719911,-134704.099606203,-148404.206115845,-151370.759804308,174800
-102935.626284351,-112055.298048486,-134858.92008602,-148552.12815295,-151515.55994665,174900
-103100.214782549,-112217.33490203,-135013.678684599,-148699.971775508,-151660.282045462,175000
-103264.768766447,-112379.470753996,-135168.375435873,-148847.5420633,-151804.917661633,175100
-103429.288198139,-112541.624165536,-135324.521330504,-148994.975260118,-151949.288320683,175200
-103593.773039903,-112703.736375121,-135478.782526361,-149142.331272914,-152093.582019441,175300
-103758.223254202,-112865.917905529,-135633.09955598,-149289.610200652,-152237.798867108,175400
-103922.341775092,-113028.765736376,-135787.355401462,-149436.81214226,-152381.938972812,175500
-104086.336937488,-113193.784361285,-135941.55009636,-149583.93719663,-152526.002445614,175600
-104250.298031907,-113361.832449238,-136095.683674323,-149730.985462623,-152669.989394504,175700
-104414.225021049,-113529.82644558,-136249.756169099,-149877.957039059,-152813.899928403,175800
-104578.117867792,-113697.766342499,-136403.767614535,-150024.852024726,-152957.734156159,175900
-104741.976535201,-113865.652132358,-136557.868717693,-150170.993260145,-153101.492186553,176000
-104905.800986516,-114033.483807694,-136711.948884368,-150316.122803483,-153245.174128291,176100
-105069.591185164,-114201.261361218,-136866.096925706,-150461.343934934,-153388.78009001,176200
-105233.347094747,-114368.984785814,-137020.321672325,-150608.730678058,-153532.310180276,176300
-105397.068679052,-114536.65407454,-137175.092601264,-150754.761249121,-153675.764507579,176400
-105560.75590204,-114700.092354062,-137328.762453596,-150900.554991434,-153819.143180341,176500
-105724.408727856,-114858.792332616,-137482.623259527,-151046.2751531,-153962.446306909,176600
-105888.02712082,-115017.45615583,-137636.599693231,-151191.897139168,-154105.673995558,176700
-106051.611045431,-115176.083798461,-137790.514140579,-151337.383454114,-154248.826354489,176800
-106215.002497622,-115334.675235425,-137944.398949112,-151482.796785786,-154391.903491829,176900
-106377.518521268,-115493.266393877,-138100.01155918,-151629.515719038,-154534.905515634,177000
-106540.450594882,-115660.578088393,-138255.672049971,-151777.217058548,-154677.832533882,177100
-106703.349053673,-115827.835509082,-138409.663585113,-151924.836757587,-154820.684654478,177200
-106866.213862198,-115995.038650801,-138565.500306477,-152072.37493031,-154963.461985254,177300
-107029.044985191,-116162.796198194,-138721.268942398,-152219.831690803,-155106.164633964,177400
-107191.842387558,-116322.855869262,-138876.969541644,-152366.331234944,-155248.79270829,177500
-107354.60603438,-116481.38121002,-139030.849684857,-152512.204728012,-155391.346315834,177600
-107517.335890911,-116639.869860481,-139184.485382733,-152658.002421651,-155533.825564127,177700
-107680.031922576,-116798.321797046,-139339.41816428,-152803.724416348,-155676.23056062,177800
-107842.694094974,-116956.736996277,-139494.98092396,-152949.366260546,-155817.225946256,177900
-108005.322373875,-117115.115434886,-139651.103919891,-153094.756958279,-155957.922150342,178000
-108167.91672522,-117277.797347336,-139807.156981648,-153240.072926541,-156098.550293191,178100
-108330.477115123,-117441.19003434,-139963.14016256,-153385.314263936,-156239.110466875,178200
-108493.003509865,-117604.535703118,-140119.053516027,-153530.481069018,-156379.602763416,178300
-108655.4958759,-117767.834341525,-140274.897095518,-153675.573440295,-156520.027274787,178400
-108818.162697487,-117931.085937573,-140430.670954572,-153820.591476232,-156660.384092912,178500
-108980.962057453,-118095.28832361,-140586.375146798,-153965.535275242,-156800.673309662,178600
-109143.959773356,-118259.501745347,-140742.009725871,-154110.404935694,-156940.89501686,178700
-109317.228705471,-118423.665897748,-140897.574745536,-154255.200555907,-157081.049306277,178800
-109487.886489968,-118587.780771893,-141053.070259602,-154399.922234154,-157222.416448818,178900
-109650.932214075,-118751.846359018,-141208.49632195,-154544.570068659,-157364.419900541,179000
-109813.942298385,-118915.862650518,-141363.852986523,-154689.077315904,-157506.348703563,179100
-109977.027110592,-119079.829637944,-141518.624368548,-154833.502015757,-157648.202968894,179200
-110140.175754584,-119245.771269095,-141672.318488211,-154977.853440122,-157789.982807457,179300
-110303.288277365,-119412.998577508,-141825.947752124,-155122.131686355,-157931.688330085,179400
-110466.364648732,-119580.169219993,-141979.512206469,-155266.336851761,-158073.31964752,179500
-110629.404838652,-119747.283197628,-142132.50560168,-155410.685465871,-158214.868345373,179600
-110792.408817254,-119914.340511645,-142284.705003884,-155555.050422696,-158356.281982881,179700
-110955.376554836,-120081.341163432,-142438.82832997,-155699.34146957,-158497.622010102,179800
-111118.621865201,-120248.28515453,-142592.884813379,-155842.911797611,-158638.888536735,179900
-111284.345361352,-120415.172486638,-142746.363955958,-155986.462804462,-158780.081672392,180000
-111450.027237391,-120582.003161604,-142899.540526658,-156129.796441573,-158921.201526592,180100
-111615.667469086,-120743.78629275,-143052.652613034,-156272.215724053,-159062.248208764,180200
-111781.266032376,-120900.124809023,-143205.700261828,-156415.21867656,-159203.22182825,180300
-111946.822903366,-121056.428113548,-143358.683519849,-156559.216505722,-159344.038628276,180400
-112112.33805833,-121212.696185027,-143511.602433974,-156703.897715903,-159483.294965356,180500
-112277.811473708,-121368.929002309,-143664.457051148,-156848.319704213,-159622.484545507,180600
-112439.573289593,-121527.115914855,-143817.247418381,-156991.855995848,-159761.607462085,180700
-112601.016209699,-121689.151693152,-143969.973582752,-157135.319728052,-159900.663808386,180800
-112762.424667167,-121851.140416258,-144124.2557615,-157278.710999272,-160039.653677644,180900
-112923.798632459,-122013.082075834,-144279.463263562,-157421.843136106,-160178.577163032,181000
-113085.138076192,-122174.976663684,-144434.599015725,-157564.778170863,-160317.43435766,181100
-113246.442969142,-122337.657706858,-144589.663079946,-157707.251754896,-160456.225354578,181200
-113407.713282244,-122500.648676986,-144744.655518225,-157848.540207656,-160595.939327093,181300
-113568.948986588,-122663.839178956,-144899.576392613,-157990.142894033,-160735.728389285,181400
-113730.150053424,-122826.979524955,-145054.425765208,-158133.191822161,-160875.447251955,181500
-113891.316454156,-122990.069711095,-145209.203698153,-158276.168666641,-161015.096019027,181600
-114052.448160346,-123154.947713622,-145363.910253639,-158419.073526202,-161154.67479434,181700
-114213.545143711,-123323.580762716,-145518.545493903,-158561.906499513,-161294.183681648,181800
-114374.607376123,-123482.523799293,-145673.109481227,-158704.667685183,-161433.622784621,181900
-114535.634829609,-123644.712658039,-145827.602277937,-158847.357181758,-161572.992206841,182000
-114696.627476351,-123810.906857118,-145979.79806122,-158989.975087727,-161712.292051808,182100
-114857.585288687,-123977.043496653,-146131.23858605,-159133.47529386,-161851.522422932,182200
-115018.508239105,-124143.12258291,-146282.616647284,-159276.606220354,-161990.68342354,182300
-115179.396300249,-124309.144122297,-146433.932291239,-159418.936829448,-162129.775156871,182400
-115340.249444916,-124475.108121363,-146585.185564292,-159561.196497951,-162268.797726079,182500
-115501.067646056,-124641.014586799,-146736.376512881,-159703.385323419,-162407.751234229,182600
-115661.850876769,-124806.863525435,-146887.077244131,-159845.503403347,-162546.635784301,182700
-115822.94112372,-124972.654944242,-147037.324784273,-159987.434849157,-162685.451479188,182800
-115984.571855049,-125136.882233583,-147187.512502553,-160129.278841442,-162824.198421695,182900
-116146.16585924,-125298.214433449,-147337.640441265,-160271.052875712,-162962.876714539,183000
-116307.723111477,-125458.286882446,-147487.708642762,-160412.798348751,-163101.48646035,183100
-116469.243587098,-125614.767216539,-147637.717149462,-160554.630801118,-163240.027761669,183200
-116630.727261589,-125771.209299368,-147787.666003845,-160696.392854086,-163378.500720952,183300
-116792.17411059,-125927.613116229,-147937.555248449,-160838.084605291,-163516.89663476,183400
-116953.584109891,-126083.978652552,-148086.721520456,-160979.7061523,-163655.21557325,183500
-117114.957235429,-126240.305893903,-148234.330513415,-161121.257592617,-163793.466545154,183600
-117276.293463296,-126396.603730235,-148381.885906757,-161262.739023682,-163931.649652389,183700
-117437.592769729,-126553.011899687,-148529.387733167,-161404.150542867,-164069.764996781,183800
-117598.855131117,-126714.821080262,-148676.836025396,-161545.41149338,-164207.812680067,183900
-117760.080523996,-126877.447574057,-148824.230816263,-161686.59496611,-164345.792803896,184000
-117921.26892505,-127040.02233213,-148971.572138655,-161827.709140571,-164483.705469827,184100
-118082.420311113,-127202.07255781,-149118.860025524,-161968.149724816,-164621.550779331,184200
-118243.534659165,-127358.880866747,-149266.09450989,-162108.221904281,-164759.328833788,184300
-118404.611946332,-127517.289172994,-149415.409654639,-162248.378343174,-164897.039734488,184400
-118565.652149888,-127677.788980715,-149566.280557337,-162389.264044838,-165034.683582633,184500
-118726.655247255,-127833.687876056,-149717.08760252,-162530.222907509,-165172.260479333,184600
-118887.621215997,-127988.08705508,-149869.666796953,-162671.112354555,-165309.770525609,184700
-119048.550033828,-128142.450705447,-150023.014684591,-162811.071476465,-165447.21382239,184800
-119209.441678604,-128296.778811418,-150175.417450174,-162951.292501292,-165584.590470517,184900
-119370.296128326,-128452.254198937,-150322.239429716,-163091.732022601,-165721.900570738,185000
-119531.113361142,-128608.08108916,-150470.540240641,-163232.103424657,-165859.14422371,185100
-119691.893355342,-128763.869329952,-150620.180856627,-163372.692629572,-165996.321530001,185200
-119852.63608936,-128919.618909177,-150769.760284809,-163513.638913097,-166133.432590085,185300
-120013.341541773,-129075.329814828,-150919.278573457,-163654.514717185,-166270.477504347,185400
-120174.009691302,-129231.002035023,-151068.735770887,-163795.320143469,-166407.456373078,185500
-120334.64051681,-129386.635558006,-151218.131925464,-163936.048988772,-166544.36929648,185600
-120495.233997301,-129542.23037215,-151367.662055398,-164075.887637942,-166681.216374661,185700
-120655.790111924,-129697.78646595,-151518.013438405,-164213.921468614,-166817.997707638,185800
-120816.308839966,-129853.984166926,-151668.300877001,-164352.497611193,-166954.713395335,185900
-120976.790160857,-130010.390986972,-151817.792057753,-164492.217255252,-167091.363537584,186000
-121137.234054168,-130168.751317037,-151967.994150206,-164631.86988738,-167227.948234124,186100
-121297.640499609,-130331.775124588,-152118.132248964,-164771.455601566,-167364.467584603,186200
-121458.009477031,-130495.93673546,-152268.206408853,-164910.97449173,-167500.921688574,186300
-121618.340966424,-130661.169292507,-152418.216684738,-165050.426651726,-167637.310645499,186400
-121778.634947918,-130824.157545172,-152568.163131519,-165189.812175339,-167773.634554744,186500
-121938.891401781,-130982.147844766,-152718.045804137,-165329.131156286,-167909.893515584,186600
-122099.11030842,-131144.807697454,-152867.864757565,-165468.383688214,-168046.087627202,186700
-122259.29164838,-131307.412876755,-153017.620046815,-165607.569864703,-168182.216988683,186800
-122419.435402345,-131466.837457317,-153166.981396917,-165746.689779263,-168318.281699022,186900
-122579.541551135,-131624.882899106,-153315.002421918,-165885.743525335,-168454.28185712,187000
-122739.610075706,-131786.769548583,-153462.964703164,-166024.731196289,-168590.217561781,187100
-122899.640957154,-131948.60273584,-153610.868286626,-166163.652885428,-168726.088911717,187200
-123059.634176709,-132110.382468668,-153758.876821194,-166302.508685984,-168861.896005547,187300
-123219.589715737,-132272.10875498,-153908.399724217,-166441.298691119,-168997.638941793,187400
-123379.507555741,-132428.668326733,-154057.858964832,-166580.022993923,-169133.317818884,187500
-123539.387678358,-132585.058461369,-154207.254598958,-166718.681687419,-169268.932735154,187600
-123699.23006536,-132741.406469028,-154356.58668255,-166857.274864557,-169404.483788841,187700
-123859.034698655,-132897.712344238,-154505.855271594,-166995.802618216,-169539.97107809,187800
-124018.801560283,-133053.97608165,-154655.060422108,-167134.265041206,-169675.394700951,187900
-124178.53063242,-133210.197676029,-154804.202190141,-167272.662226264,-169810.754755376,188000
-124338.221897374,-133366.377122263,-154953.280631774,-167410.994266056,-169946.051339224,188100
-124492.839561521,-133522.514415354,-155100.24734916,-167549.261253177,-170081.3963216,188200
-124639.939477184,-133678.609550425,-155246.610011846,-167687.46328015,-170216.720950514,188300
-124787.022400694,-133834.662522715,-155392.917004896,-167825.600439426,-170351.981799494,188400
-124934.088299229,-133990.67332758,-155539.194754778,-167964.364343824,-170487.149125247,188500
-125082.384719284,-134146.641960491,-155687.16209486,-168104.50048721,-170624.080877451,188600
-125240.371703623,-134302.568417038,-155835.511302858,-168241.206528897,-170761.509550038,188700
-125399.034572974,-134458.452692926,-155982.553288452,-168377.576605287,-170898.865274995,188800
-125557.674526046,-134614.294783974,-156129.964375512,-168515.316451076,-171036.148178127,188900
-125716.277973479,-134770.094686117,-156278.293899619,-168653.06634159,-171173.358385078,189000
-125874.84489748,-134925.852395407,-156427.119685374,-168790.636729536,-171310.496021334,189100
-126033.375280383,-135081.567908008,-156575.881738845,-168927.896659887,-171447.561212221,189200
-126192.007652757,-135237.241220198,-156724.58011827,-169063.47966577,-171581.208805242,189300
-126352.548715991,-135392.872328371,-156873.967400605,-169199.005829739,-171714.571935678,189400
-126513.04925528,-135548.461229032,-157022.127089685,-169334.475225909,-171847.87712466,189500
-126673.509257295,-135704.007918802,-157170.224367828,-169469.887928352,-171981.124457738,189600
-126833.928708836,-135859.512394411,-157318.60566996,-169605.244011098,-172114.212932409,189700
-126994.307596832,-136014.974652705,-157466.795867507,-169740.543548135,-172248.470026858,189800
-127154.645908341,-136170.39469064,-157614.835088504,-169875.786613408,-172383.73213979,189900
-127314.943630548,-136325.772505285,-157762.811707338,-170010.973280818,-172518.928253528,190000
-127475.200750766,-136481.108093819,-157909.777181846,-170146.103624225,-172654.05847611,190100
-127635.417256437,-136630.92196661,-158056.231250201,-170281.177717444,-172789.122915445,190200
-127795.593135129,-136780.579221789,-158203.954590151,-170416.195634246,-172924.121679321,190300
-127955.728374535,-136930.2051683,-158352.069290361,-170551.26266594,-173059.054875404,190400
-128115.822962479,-137079.799792372,-158499.498297548,-170686.644736756,-173193.922611231,190500
-128275.876886906,-137229.363080338,-158646.593186498,-170823.255178051,-173328.724994221,190600
-128435.890135889,-137378.895018639,-158793.627532681,-170960.234780269,-173463.462131665,190700
-128595.862697627,-137528.395593819,-158940.601390191,-171097.150648677,-173598.13413073,190800
-128755.794560444,-137677.86479253,-159087.748618087,-171234.002876535,-173732.741098462,190900
-128915.685712787,-137827.302601526,-159235.260875095,-171370.791557022,-173867.283141781,191000
-129075.536143228,-137976.789930974,-159382.710865647,-171507.516783234,-174001.760367481,191100
-129235.345840465,-138126.438739383,-159530.098647678,-171644.178648186,-174136.172882234,191200
-129395.114793316,-138279.659791314,-159677.424279144,-171780.777244812,-174270.520792588,191300
-129554.842990725,-138435.728688772,-159824.68781802,-171917.312665963,-174404.804204965,191400
-129714.530421759,-138591.929807193,-159971.8893223,-172053.78500441,-174538.809919201,191500
-129874.177075606,-138748.085689132,-160119.028849998,-172190.194352838,-174672.060588379,191600
-130033.782941577,-138904.196336994,-160266.106459143,-172326.540803853,-174805.250672361,191700
-130193.395724986,-139060.607182402,-160413.122207784,-172462.824449978,-174938.380267091,191800
-130353.086509134,-139217.130621774,-160558.364951474,-172599.045383653,-175071.44946841,191900
-130512.736154741,-139373.607763708,-160703.051635422,-172735.203697234,-175204.458372055,192000
-130672.344651927,-139530.038612333,-160847.682935757,-172871.299482997,-175337.40707366,192100
-130831.911990934,-139686.423171884,-160992.258898872,-173007.332833131,-175470.295668756,192200
-130991.438162123,-139842.761446698,-161136.779571189,-173143.303839747,-175603.124252771,192300
-131150.923155978,-139999.053441215,-161282.385118167,-173279.212594868,-175735.892921028,192400
-131310.366963099,-140155.29915998,-161428.653668255,-173415.059190436,-175868.601768747,192500
-131468.653325577,-140313.201300089,-161574.861792004,-173550.843718309,-176001.250891046,192600
-131623.941322252,-140471.189482655,-161721.009545687,-173686.566270262,-176133.840382937,192700
-131779.195726403,-140629.127394524,-161867.096985592,-173822.226937985,-176266.370339329,192800
-131934.416521687,-140787.01504574,-162013.124168024,-173957.825813085,-176398.840855028,192900
-132089.603691879,-140944.852446446,-162159.277704197,-174093.362987084,-176531.252024734,193000
-132244.757220867,-141102.639606886,-162305.218873617,-174228.838551422,-176663.603943046,193100
-132399.877092652,-141260.376537404,-162451.099828963,-174363.90194857,-176795.896704456,193200
-132554.963291351,-141418.063248442,-162596.920626908,-174498.435937873,-176928.130403355,193300
-132710.015801193,-141575.699750543,-162742.681324145,-174632.911630411,-177060.305134025,193400
-132867.283260029,-141733.286054348,-162888.381977377,-174767.329109478,-177192.379006997,193500
-133027.041130289,-141890.822170594,-163034.022643325,-174901.688458301,-177324.315392088,193600
-133186.756227917,-142048.30811012,-163179.603378722,-175035.989760036,-177456.193561613,193700
-133346.428546625,-142205.743883861,-163324.734702312,-175170.233097767,-177588.013608159,193800
-133506.058080239,-142360.088735826,-163468.70113292,-175304.418554513,-177719.775624213,193900
-133665.644822699,-142514.034576524,-163610.831044089,-175438.54621322,-177851.47970216,194000
-133825.188768062,-142667.937614834,-163752.910689261,-175572.616156762,-177983.390589202,194100
-133984.689910498,-142821.797852882,-163895.603074055,-175708.003981811,-178115.581966056,194200
-134144.14824429,-142975.615292895,-164039.979976509,-175843.717358665,-178247.713287471,194300
-134303.563763838,-143129.389937196,-164185.361525121,-175979.366637605,-178379.784652074,194400
-134462.936463652,-143283.121788206,-164330.682988944,-176114.951918578,-178511.796158372,194500
-134622.266338357,-143436.810848442,-164475.944425968,-176250.473301429,-178643.085482391,194600
-134781.55338269,-143590.457120517,-164621.145894193,-176385.930885895,-178773.134304725,194700
-134940.797591501,-143744.060607141,-164765.566018911,-176521.324771607,-178903.278816804,194800
-135099.998959751,-143897.621311121,-164910.934115206,-176656.655058093,-179034.56720136,194900
-135259.157482514,-144051.139235357,-165056.241420098,-176791.921844772,-179165.798170475,195000
-135416.815640043,-144204.614382847,-165200.163017893,-176926.882109308,-179296.971816483,195100
-135572.866458339,-144358.046756682,-165343.646349059,-177060.647281213,-179428.088231611,195200
-135728.88026802,-144511.436360047,-165487.358954146,-177194.315646232,-179559.147507984,195300
-135884.85705848,-144664.783196225,-165631.375100082,-177327.926255651,-179690.14973762,195400
-136040.796819222,-144818.087268589,-165774.843989731,-177461.479194247,-179821.095012433,195500
-136196.699539855,-144971.348580609,-165917.814823279,-177594.974546717,-179951.983424233,195600
-136352.565210098,-145124.567135845,-166060.731235682,-177728.412397683,-180082.815064722,195700
-136508.393819777,-145278.12738055,-166203.593275446,-177861.658097748,-180213.590025501,195800
-136664.185358827,-145432.441816357,-166346.400991096,-177994.81126674,-180344.308398062,195900
-136819.939817288,-145586.710992975,-166490.918332137,-178127.90781414,-180474.970273794,196000
-136975.657185308,-145740.934917428,-166635.513684223,-178260.947822658,-180605.57574398,196100
-137131.369743389,-145895.11359683,-166779.966853412,-178393.426012592,-180736.124899798,196200
-137287.111894095,-146049.247038387,-166924.167769175,-178525.50131163,-180866.617832321,196300
-137442.816741964,-146203.335249396,-167068.309857038,-178657.523431523,-180997.054632517,196400
-137598.48427775,-146357.378237242,-167211.789021929,-178790.320101895,-181127.435391246,196500
-137754.114492308,-146511.66659062,-167355.12225493,-178923.882088733,-181257.760199267,196600
-137909.7073766,-146665.987082532,-167498.398926983,-179057.385033058,-181388.029147229,196700
-138065.262921694,-146820.261573075,-167641.619091751,-179190.82902484,-181518.242325678,196800
-138220.781118762,-146974.490071015,-167784.782802904,-179324.061858131,-181648.399825056,196900
-138376.26195908,-147128.672585211,-167927.890114123,-179456.77692033,-181778.501735696,197000
-138531.705434027,-147284.239656755,-168070.941079101,-179589.435597174,-181908.548147827,197100
-138687.111535089,-147440.092752254,-168214.110276984,-179722.037972261,-182038.539151573,197200
-138842.480253853,-147595.895998258,-168357.554964506,-179854.584129104,-182168.474836951,197300
-138997.811582011,-147751.649409065,-168500.869794246,-179987.07415114,-182298.355293874,197400
-139153.105511356,-147907.352999064,-168643.75468193,-180119.508121726,-182428.180612148,197500
-139308.362033786,-148063.006782725,-168786.583301455,-180251.886124136,-182557.950881473,197600
-139463.5811413,-148218.610774606,-168929.355706976,-180384.208241567,-182687.666191445,197700
-139618.762825999,-148374.164989349,-169070.7559616,-180516.474557135,-182817.326631552,197800
-139773.907080088,-148529.669441678,-169213.051573008,-180648.685153874,-182946.932291178,197900
-139929.01389587,-148685.124146403,-169356.079154124,-180780.840114741,-183076.4832596,198000
-140084.083265753,-148840.529118418,-169499.04945173,-180912.694460122,-183205.979625991,198100
-140239.115182243,-148995.8843727,-169641.962522629,-181044.487519479,-183335.421479414,198200
-140394.10963795,-149150.845372898,-169784.8126795,-181176.226110782,-183464.808908831,198300
-140549.066625582,-149303.333141253,-169926.786651339,-181307.91031433,-183594.142003096,198400
-140703.986137948,-149455.777314569,-170068.427731419,-181439.492550187,-183723.389544092,198500
-140858.868167956,-149608.177900247,-170210.015118035,-181571.444946751,-183852.564589132,198600
-141013.712708616,-149760.534905771,-170351.54886139,-181703.268163086,-183981.685761845,198700
-141168.519753036,-149912.639879897,-170493.029011695,-181835.036196084,-184110.753150115,198800
-141323.289294422,-150064.491048769,-170634.455619171,-181966.749128529,-184239.766841717,198900
-141478.021326081,-150216.299550767,-170775.828734048,-182098.407043121,-184368.726924325,199000
-141632.715841417,-150368.065392608,-170917.148406567,-182230.010022478,-184497.633485506,199100
-141787.372833934,-150519.788581091,-171058.414686977,-182361.558149136,-184626.842047065,199200
-141941.992297231,-150671.469123102,-171199.99846437,-182493.051505548,-184756.118997263,199300
-142096.574225009,-150823.107025605,-171341.890005157,-182624.490174084,-184885.340782622,199400
-142251.118611062,-150974.702295648,-171483.726120369,-182755.874237032,-185014.507495634,199500
-142405.625449286,-151126.254940363,-171625.506864627,-182887.203776597,-185143.619228676,199600
-142560.094733669,-151277.764966961,-171767.232292554,-183018.478874901,-185272.676074007,199700
-142714.526458299,-151429.232382737,-171908.902458776,-183149.699613983,-185401.678123769,199800
-142868.92061736,-151580.657195065,-172050.629804017,-183280.8660758,-185530.625469988,199900
-143023.277205131,-151732.039411403,-172192.997487832,-183411.978342225,-185659.518204573,2e+05
-143177.596215988,-151883.379039286,-172335.307658036,-183543.036495048,-185788.356419317,200100
-143331.877644402,-152034.676086332,-172477.560374075,-183674.040615976,-185917.140205894,200200
-143486.12148494,-152185.930560239,-172619.755695391,-183804.990786633,-186045.869655864,200300
-143640.327732262,-152337.142468785,-172762.398414322,-183935.887088559,-186174.544860668,200400
-143794.496381127,-152488.715250981,-172905.073638179,-184066.696182919,-186303.165911631,200500
-143948.627426384,-152640.911203476,-173046.309496884,-184197.386992761,-186431.732899963,200600
-144102.720862979,-152793.062312462,-173187.964222051,-184328.024552715,-186560.245916755,200700
-144256.776685951,-152945.168588958,-173329.873461168,-184458.608942987,-186688.705052981,200800
-144410.794890434,-153097.230044057,-173471.725662083,-184589.140243699,-186817.110399501,200900
-144564.775471653,-153249.246688931,-173613.520884195,-184719.618534894,-186945.462047056,201000
-144718.71842493,-153401.218534831,-173755.259186894,-184850.043896532,-187073.760086271,201100
-144872.623745676,-153553.145593082,-173896.940629562,-184980.416408492,-187202.004607654,201200
-145026.491429398,-153705.027875087,-174038.35966229,-185110.73615057,-187330.195701597,201300
-145180.321471693,-153856.487478126,-174178.836071781,-185240.947618183,-187458.333458376,201400
-145334.113868251,-154007.496544941,-174319.823894813,-185371.067245854,-187586.417968149,201500
-145487.868614856,-154158.462568598,-174462.059870719,-185501.134694341,-187714.294300583,201600
-145641.58570738,-154309.385558621,-174604.236855661,-185631.150042207,-187841.491909384,201700
-145795.26514179,-154460.26552461,-174744.767837439,-185761.113367929,-187968.639644084,201800
-145948.906914141,-154611.102476241,-174883.902958022,-185891.024749908,-188095.737585697,201900
-146102.511020581,-154761.896423266,-175022.988069892,-186020.884266464,-188222.785815142,202000
-146256.077457348,-154912.647375511,-175162.023219748,-186150.691995834,-188349.784413238,202100
-146409.60622077,-155063.355342878,-175301.008454293,-186280.733370661,-188476.733460708,202200
-146563.097307267,-155214.379486334,-175439.94382024,-186411.006841544,-188603.633038178,202300
-146716.550713347,-155365.371509898,-175579.097476508,-186541.226606797,-188730.483226175,202400
-146869.966435608,-155516.319759709,-175719.334349084,-186671.392750026,-188857.966501026,202500
-147023.344470737,-155667.224247057,-175859.457973008,-186801.505354744,-188985.480786747,202600
-147176.684815512,-155818.63606563,-175999.234057812,-186931.564504375,-189112.942889709,202700
-147329.987466798,-155972.044836328,-176138.957423317,-187061.570282248,-189240.352898543,202800
-147483.252421549,-156125.404114842,-176278.628122369,-187191.522771598,-189367.710901767,202900
-147636.479676808,-156278.713920485,-176418.246207813,-187321.422055572,-189495.01698778,203000
-147789.669229706,-156432.121895187,-176557.445607592,-187451.26821722,-189622.271244867,203100
-147942.821077461,-156584.620987055,-176697.068150679,-187581.061339502,-189749.473761196,203200
-148095.93521738,-156735.847837023,-176836.63794668,-187710.801505284,-189876.624624819,203300
-148249.011646856,-156887.029643937,-176976.155048926,-187840.48879734,-190003.723923672,203400
-148402.05036337,-157038.166421508,-177115.619510742,-187970.123298352,-190130.771745574,203500
-148555.051364491,-157189.258183517,-177255.031385451,-188099.896216757,-190257.768178229,203600
-148708.014647871,-157340.304943816,-177394.390726372,-188229.414640436,-190384.713309225,203700
-148860.940211253,-157491.565860168,-177533.697586817,-188359.093315565,-190511.607226034,203800
-149013.828052463,-157642.32119948,-177672.952020096,-188488.718762685,-190638.450016012,203900
-149166.678169414,-157793.175354008,-177812.154079513,-188618.148697879,-190765.241766398,204000
-149319.490560104,-157944.042247371,-177951.303818365,-188747.473162033,-190891.982564317,204100
-149472.265222617,-158094.864209321,-178090.401289947,-188876.143324737,-191018.672496776,204200
-149625.002155123,-158245.641254127,-178229.446547546,-189004.388712388,-191145.311650668,204300
-149777.701355876,-158397.057108518,-178368.439644445,-189132.585686439,-191271.900112769,204400
-149930.362823213,-158548.613598247,-178507.231610876,-189260.640772415,-191398.437969741,204500
-150082.986555559,-158700.12328071,-178645.284201161,-189388.599400343,-191524.925308129,204600
-150235.57255142,-158851.586173047,-178783.287269002,-189516.822155161,-191651.362214361,204700
-150388.142764882,-159003.002292464,-178922.023265245,-189644.307006436,-191777.748774752,204800
-150540.778148105,-159154.371656234,-179061.529056712,-189772.244200124,-191904.085075499,204900
-150693.375544225,-159305.694281693,-179200.087446442,-189900.133486437,-192030.371202686,205000
-150845.934952359,-159456.970186245,-179338.145969491,-190029.849362529,-192156.607242279,205100
-150998.456371708,-159608.199387358,-179478.017513002,-190159.786379236,-192282.79328013,205200
-151150.939801558,-159759.381902563,-179617.833444895,-190289.667479109,-192408.929401975,205300
-151303.385241274,-159910.517749458,-179757.333547319,-190418.62763093,-192535.015693435,205400
-151455.792690305,-160061.606945704,-179895.769808027,-190547.099687671,-192661.052240014,205500
-151608.162148181,-160212.649509027,-180034.154466504,-190674.971546192,-192787.039127104,205600
-151760.493614516,-160363.645457215,-180172.487576193,-190802.422742871,-192912.976439978,205700
-151912.787089004,-160514.594808121,-180310.769190533,-190929.826956508,-193038.864263795,205800
-152065.042571419,-160665.497579661,-180448.999362951,-191057.184257207,-193164.702683601,205900
-152217.260061619,-160816.353789814,-180587.178146867,-191184.494714999,-193290.491784323,206000
-152369.439559541,-160967.163456621,-180725.305595689,-191311.758399843,-193416.231650776,206100
-152521.581065203,-161117.926598187,-180863.381762817,-191438.975381625,-193541.922367659,206200
-152673.684578703,-161268.643232677,-181001.042161395,-191566.145730159,-193667.564019555,206300
-152825.750100221,-161419.313378321,-181138.540539192,-191693.26951519,-193793.156690933,206400
-152977.777630013,-161569.937053408,-181277.049619998,-191820.346806385,-193918.700466147,206500
-153129.767168419,-161720.51427629,-181415.505885683,-191947.377673344,-194045.562045617,206600
-153281.718715856,-161871.04506538,-181553.909393095,-192074.362185592,-194172.584096573,206700
-153433.63227282,-162021.529439152,-181692.260199065,-192201.300412582,-194299.550901441,206800
-153585.507839888,-162171.967416141,-181830.558360409,-192328.192423694,-194426.462563751,206900
-153737.345417714,-162322.359014941,-181968.803933926,-192455.038288237,-194553.319186875,207000
-153889.145007032,-162472.704254209,-182106.996976403,-192581.838075447,-194679.104062244,207100
-154040.906608652,-162619.431224633,-182245.137544606,-192708.591854487,-194804.36593091,207200
-154192.630223464,-162765.393227056,-182383.225695289,-192835.299694447,-194929.520386481,207300
-154344.315852434,-162911.31816795,-182521.261485187,-192961.961664347,-195054.626667871,207400
-154495.963496609,-163057.206054261,-182659.24497102,-193089.08673703,-195179.684858416,207500
-154647.57315711,-163203.056892997,-182797.176209491,-193216.122749915,-195304.246054225,207600
-154799.144835137,-163348.87069123,-182935.055257287,-193343.111366317,-195428.182435539,207700
-154950.678531966,-163494.647456097,-183072.842130939,-193470.052659478,-195552.075057385,207800
-155102.174248949,-163640.387194795,-183209.949852015,-193596.946702553,-195675.923991174,207900
-155253.250900522,-163788.769565475,-183347.007589752,-193723.793568618,-195799.729308226,208000
-155402.756619728,-163937.382428988,-183484.01539656,-193850.593330667,-195923.491079772,208100
-155552.228014963,-164086.224390988,-183620.973324841,-193977.34606161,-196047.209376956,208200
-155701.665083982,-164235.625876142,-183757.881426983,-194104.051834278,-196170.884270832,208300
-155851.067824616,-164386.718049756,-183894.739755363,-194230.710721417,-196294.632001079,208400
-156002.122859703,-164540.077119276,-184031.498391586,-194357.322795692,-196419.190200774,208500
-156155.3924782,-164693.381546966,-184167.863727579,-194483.888129687,-196543.701351634,208600
-156308.620066811,-164846.631365026,-184304.180616356,-194610.406795903,-196668.165535204,208700
-156461.80563225,-164999.826605706,-184440.449107909,-194736.878866759,-196792.582832915,208800
-156614.077176575,-165152.967301301,-184576.669252221,-194863.304414591,-196916.953326086,208900
-156760.876441658,-165306.053484155,-184712.841099265,-194989.683511655,-197041.277095921,209000
-156905.233857478,-165459.085186658,-184849.449849874,-195116.016230122,-197165.554223511,209100
-157049.565514847,-165612.062441245,-184986.555838537,-195242.302642083,-197289.784789838,209200
-157193.871404018,-165760.848852538,-185123.610559446,-195368.542819546,-197413.968875765,209300
-157341.002250908,-165907.42440896,-185260.596996271,-195494.736834437,-197537.872787323,209400
-157489.572664165,-166053.960041716,-185396.911266573,-195620.727969185,-197661.550083931,209500
-157638.109579861,-166200.45576288,-185533.17639065,-195746.073167577,-197785.182810728,209600
-157786.612995903,-166346.911584582,-185669.392420712,-195871.375224545,-197908.771043368,209700
-157935.08291027,-166493.327519015,-185805.559408954,-195996.634204398,-198032.314857405,209800
-158083.519321014,-166639.703578425,-185941.677407556,-196121.850171376,-198155.814328293,209900
-158231.922226261,-166786.039775119,-186077.746468684,-196247.023189654,-198279.26953138,210000
-158380.291624205,-166932.336121458,-186214.027455968,-196372.153323337,-198402.680541917,210100
-158528.627513115,-167078.592629863,-186349.737987112,-196497.240636465,-198526.047435052,210200
-158676.929891331,-167224.80931281,-186485.660548671,-196622.575133245,-198649.370285831,210300
-158825.268806437,-167370.986182833,-186621.534381275,-196748.552547048,-198772.649169198,210400
-158973.83880393,-167517.123252523,-186757.359537017,-196874.483699974,-198895.884159997,210500
-159122.374675201,-167663.220534525,-186893.136067975,-197000.368665274,-199019.075332971,210600
-159270.876419486,-167809.278041543,-187028.86402621,-197126.207516113,-199142.22276276,210700
-159419.34403609,-167955.295786334,-187164.543463768,-197252.000325567,-199265.326523904,210800
-159567.777524391,-168101.273781713,-187300.174432683,-197377.747166626,-199388.386690841,210900
-159716.176883836,-168247.21204055,-187435.756984967,-197503.448112195,-199511.403337909,211000
-159864.54211394,-168393.110575769,-187571.291172621,-197629.103235087,-199634.376539345,211100
-160012.873214292,-168538.969400351,-187706.777047629,-197754.712608033,-199757.306369282,211200
-160161.170184548,-168684.78852733,-187842.214661957,-197880.276303674,-199880.192901756,211300
-160309.433024432,-168830.567969797,-187977.604067557,-198005.794394564,-200003.0362107,211400
-160457.661733741,-168977.218113842,-188112.313448062,-198131.266953171,-200125.836369945,211500
-160605.856312339,-169124.472476028,-188246.855943481,-198256.694051875,-200248.593453224,211600
-160754.016760158,-169271.683793771,-188381.35260658,-198382.075762971,-200371.307534167,211700
-160902.143077201,-169418.852084915,-188515.803484819,-198507.412158663,-200493.978686304,211800
-161050.235263537,-169565.977367356,-188651.05768945,-198632.703311072,-200616.606983064,211900
-161198.293319304,-169713.059659041,-188786.72621609,-198757.949292229,-200739.192497775,212000
-161346.31724471,-169860.098977967,-188922.345162339,-198883.150174081,-200861.735303666,212100
-161494.307040029,-170007.095342184,-189057.914583625,-199008.306028484,-200984.235473863,212200
-161642.262705603,-170154.048769791,-189193.434535356,-199133.41692721,-201106.67572172,212300
-161790.18424184,-170300.959278936,-189328.858060767,-199258.841074888,-201229.069438024,212400
-161938.071649219,-170447.826887821,-189464.322063941,-199384.448461743,-201351.420823972,212500
-162085.924928284,-170594.651614694,-189599.740713523,-199510.008843482,-201473.729952039,212600
-162233.744079645,-170741.433477856,-189735.244184933,-199635.522297698,-201595.996894603,212700
-162381.529103979,-170888.172495655,-189870.986950615,-199760.988901883,-201718.221723943,212800
-162529.280002032,-171034.86868649,-190005.818860054,-199886.082690692,-201840.404512235,212900
-162677.894843686,-171181.522068808,-190140.590899546,-200010.824180869,-201962.545331559,213000
-162827.275232997,-171328.132661107,-190276.195694028,-200135.521486852,-202084.644253894,213100
-162976.618222242,-171474.700481932,-190411.079685236,-200260.174679114,-202206.701351118,213200
-163125.923816053,-171621.225549875,-190545.217956068,-200384.783828044,-202328.716695012,213300
-163275.192019127,-171767.707883581,-190679.310017822,-200509.349003945,-202450.690357256,213400
-163424.422836227,-171914.147501739,-190814.122864778,-200633.870277034,-202572.622409433,213500
-163573.616272179,-172060.544423088,-190948.897958155,-200758.092295639,-202694.512923022,213600
-163722.772331875,-172206.898666414,-191083.624694248,-200882.244699363,-202816.361969409,213700
-163871.891020271,-172353.210250551,-191218.303127375,-201005.742803307,-202938.169619875,213800
-164020.972342387,-172499.479194379,-191352.93331183,-201129.135562753,-203059.935945605,213900
-164170.016303306,-172645.705516827,-191487.515301886,-201253.493111657,-203181.661017686,214000
-164319.046282888,-172791.889236871,-191622.049151788,-201377.806981893,-203303.344907102,214100
-164468.317570369,-172938.030373533,-191756.534915761,-201502.077243581,-203424.987684742,214200
-164617.550902795,-173084.12894588,-191890.972648002,-201626.303966752,-203546.589421394,214300
-164766.746286232,-173230.184973028,-192024.389821191,-201750.487221353,-203668.150187748,214400
-164915.903726807,-173376.198474139,-192157.378766868,-201874.627077243,-203789.670054394,214500
-165065.023230712,-173522.169468419,-192290.324509622,-201999.158692716,-203911.149091825,214600
-165217.664317119,-173666.938751403,-192423.85809351,-202123.3529356,-204032.587370434,214700
-165370.436404559,-173811.356783392,-192557.345987724,-202247.303486854,-204153.984960516,214800
-165523.16289669,-173955.735607115,-192690.78824228,-202371.211139666,-204275.341932267,214900
-165675.843809391,-174100.075237549,-192824.184907172,-202495.075962878,-204396.658355786,215000
-165828.479158601,-174244.37568972,-192957.927325522,-202618.898025243,-204517.93430107,215100
-165981.068960318,-174388.636978698,-193090.866483616,-202742.772949074,-204639.169838022,215200
-166133.613230596,-174532.859119604,-193223.761387089,-202866.634098902,-204760.365036444,215300
-166286.111985547,-174677.042127602,-193356.612083229,-202990.452219081,-204881.51996604,215400
-166438.565241342,-174821.186017906,-193489.418619309,-203114.227379301,-205002.634696416,215500
-166590.973014207,-174965.393099979,-193622.181042585,-203237.959649164,-205123.709297081,215600
-166743.335320427,-175109.909495886,-193754.899400298,-203361.649098187,-205244.743837445,215700
-166895.652176343,-175254.437697928,-193887.796749638,-203485.295795795,-205365.738386818,215800
-167047.923598353,-175398.925697849,-194021.070241298,-203608.895665642,-205486.693014415,215900
-167200.149602911,-175543.373512736,-194154.297894059,-203732.372347536,-205607.607789353,216000
-167352.330206527,-175687.781159719,-194287.479758959,-203855.80681126,-205728.482780649,216100
-167504.465425767,-175832.148655973,-194420.615887014,-203979.199125007,-205849.318057223,216200
-167656.555277253,-175976.476018716,-194553.706329216,-204102.549356881,-205970.113687899,216300
-167808.599777664,-176120.763265213,-194685.262297545,-204225.857574902,-206090.869741401,216400
-167960.598943732,-176265.01041277,-194818.544306813,-204349.123847003,-206211.586286356,216500
-168112.552792245,-176409.217478737,-194952.331983502,-204472.348241032,-206332.229238298,216600
-168264.461340047,-176553.38448051,-195085.612258572,-204595.530824751,-206453.3938276,216700
-168416.324604035,-176697.511435526,-195218.475035616,-204718.671665835,-206574.60497216,216800
-168568.142601162,-176842.563018871,-195351.292432289,-204841.770831876,-206695.77436453,216900
-168716.181399765,-176990.378706235,-195484.064499425,-204964.828390377,-206816.902080212,217000
-168864.101546034,-177138.145753619,-195616.791287832,-205087.844408757,-206937.988194593,217100
-169011.984357057,-177285.864191125,-195749.472848298,-205210.818954348,-207059.032782944,217200
-169159.829840184,-177433.53404889,-195882.109231584,-205333.752094399,-207178.77310746,217300
-169307.638002824,-177581.155357084,-196014.70048843,-205456.64389607,-207298.151461208,217400
-169455.408852443,-177728.728145908,-196147.246669552,-205579.494426438,-207417.494831391,217500
-169600.957332062,-177876.252445599,-196279.74782564,-205702.303752492,-207536.80327492,217600
-169745.161411966,-178023.728286424,-196412.204007363,-205825.071941138,-207656.928219951,217700
-169889.334878709,-178171.187956378,-196544.615265364,-205947.799059194,-207777.171944091,217800
-170033.477732611,-178318.852444552,-196676.981650262,-206070.485173395,-207897.376969523,217900
-170177.589974048,-178466.46792198,-196809.303212652,-206193.130350388,-208017.543363829,218000
-170321.671603454,-178611.989314154,-196941.580003106,-206315.734656736,-208137.671194493,218100
-170465.722621321,-178756.743070372,-197073.812072169,-206438.076167367,-208257.760528899,218200
-170609.743028196,-178901.454376267,-197205.999470363,-206560.349712313,-208377.805786928,218300
-170753.732824686,-179046.123253626,-197338.142248185,-206682.583535928,-208497.784579372,218400
-170897.692011451,-179191.052443259,-197470.240456108,-206804.777701875,-208617.725215421,218500
-171041.62058921,-179335.75884779,-197602.294144579,-206926.932273735,-208737.627761668,218600
-171185.518558736,-179479.518269089,-197734.30336402,-207049.047315013,-208857.49228461,218700
-171329.385920862,-179623.236963268,-197866.268164829,-207171.12288913,-208977.318850646,218800
-171473.222676473,-179766.914950331,-197998.188597377,-207293.159059429,-209097.107526083,218900
-171617.028826512,-179911.975700722,-198130.064712013,-207416.03541353,-209216.832809684,219000
-171760.804371977,-180060.124457404,-198261.896559057,-207538.963698463,-209336.520032912,219100
-171904.549313922,-180204.180790827,-198393.684188805,-207661.849000055,-209456.1696669,219200
-172048.263653455,-180348.195508745,-198525.427651529,-207784.242582122,-209575.8180845,219300
-172191.947391742,-180492.168632445,-198657.126997473,-207906.428194723,-209695.97338246,219400
-172335.653603647,-180636.100183253,-198788.782276856,-208028.573444263,-209816.088910181,219500
-172479.545446606,-180779.990182531,-198920.393539871,-208150.678397168,-209936.164739951,219600
-172623.406124197,-180923.838651679,-199051.960836687,-208272.743119781,-210056.200943944,219700
-172773.730949232,-181067.645612132,-199183.27369499,-208394.767678356,-210176.197594226,219800
-172925.569550664,-181211.411085362,-199314.446645138,-208516.752139058,-210296.15476275,219900
-173077.360631538,-181355.135092877,-199445.576707743,-208638.696567967,-210416.072521357,220000
-173229.141990478,-181499.023895577,-199576.663930948,-208760.601031075,-210535.950941778,220100
-173381.016147384,-181642.932827362,-199707.708362875,-208882.465594286,-210654.902577492,220200
-173532.842508801,-181786.799751599,-199838.710051622,-209004.290323417,-210773.712855985,220300
-173684.621097589,-181930.624690802,-199969.669045263,-209126.075284198,-210892.48801852,220400
-173836.351936652,-182074.407667523,-200100.585391847,-209247.79277509,-211011.22812483,220500
-173988.035048938,-182218.148704347,-200231.459139401,-209369.370216364,-211129.933234561,220600
-174139.670457441,-182361.847823895,-200362.290335927,-209490.908581419,-211248.603407277,220700
-174291.2581852,-182505.50504882,-200493.079029403,-209612.407934278,-211367.238702459,220800
-174442.798255296,-182649.12040181,-200623.825267783,-209733.868338881,-211485.839179504,220900
-174590.139247966,-182792.693905586,-200754.529098997,-209855.289859085,-211604.404897727,221000
-174735.871069149,-182936.225582906,-200885.19057095,-209976.67255866,-211722.993662819,221100
-174881.567301054,-183079.715456558,-201015.809731523,-210098.016501296,-211841.940326087,221200
-175027.227951513,-183223.163549363,-201146.386628571,-210219.321750596,-211960.839270071,221300
-175172.853028415,-183366.569884179,-201276.921309928,-210340.588370081,-212079.701950069,221400
-175318.442539695,-183509.934483894,-201407.4138234,-210461.816423187,-212198.521665526,221500
-175463.996493341,-183653.257371429,-201537.864216769,-210583.005973268,-212317.290914379,221600
-175609.514897391,-183796.538569739,-201668.272537792,-210704.157083592,-212436.024174791,221700
-175754.997759933,-183939.633650084,-201798.638834202,-210825.764593542,-212554.721510073,221800
-175900.445089107,-184082.571649742,-201928.963153706,-210947.394526528,-212673.382983441,221900
-176045.856893101,-184225.468619816,-202059.245543987,-211068.568087758,-212792.008658022,222000
-176191.233180153,-184368.324582542,-202189.618012086,-211189.211624315,-212910.598596847,222100
-176335.849624669,-184511.139560186,-202320.931220161,-211309.818373568,-213029.497756771,222200
-176480.349543546,-184653.798340552,-202452.199166485,-211430.539902445,-213148.578303036,222300
-176624.815546623,-184796.364783662,-202583.421906094,-211551.411376689,-213267.620992277,222400
-176769.247640511,-184938.690824241,-202714.599493987,-211672.244959456,-213386.625893933,222500
-176913.645831872,-185080.758618221,-202845.731985128,-211793.237593007,-213505.593077335,222600
-177058.010127416,-185222.786852993,-202976.81943444,-211913.852963855,-213624.522611703,222700
-177202.340533903,-185364.77554915,-203107.86189681,-212034.665676384,-213743.414566149,222800
-177346.637058141,-185506.724727316,-203238.859427088,-212155.440392923,-213862.269009676,222900
-177490.899706988,-185648.63440815,-203369.343371414,-212276.177176498,-213980.408867078,223000
-177635.128487351,-185790.504612342,-203499.445475842,-212396.876090052,-214098.300829792,223100
-177779.323406184,-185932.526566846,-203629.505352887,-212517.53719644,-214216.159100419,223200
-177923.484470493,-186074.618040687,-203759.523051727,-212638.160558436,-214333.983737038,223300
-178067.611687328,-186216.669428089,-203889.809578235,-212758.746238726,-214451.774797646,223400
-178211.705063789,-186358.680750819,-204020.205671289,-212879.29010433,-214569.532340155,223500
-178355.764607027,-186500.652030675,-204150.558291948,-212999.717881623,-214687.256422396,223600
-178499.790324236,-186642.734238198,-204280.867492361,-213120.108482004,-214804.947102114,223700
-178643.78222266,-186783.184045646,-204411.133324643,-213240.46196696,-214922.604436975,223800
-178787.740309593,-186926.201016538,-204541.355840874,-213360.778397891,-215040.228484558,223900
-178931.664592371,-187067.487737351,-204671.535093099,-213481.097228223,-215157.806873164,224000
-179075.555078383,-187208.896217175,-204801.67113333,-213601.392964605,-215275.517544655,224100
-179219.411775061,-187351.440129271,-204931.373594019,-213721.658642889,-215393.3904074,224200
-179363.234689887,-187492.952290719,-205060.767441538,-213841.836814634,-215511.228819408,224300
-179507.023830387,-187634.424993085,-205190.120265218,-213961.777804307,-215629.032841816,224400
-179650.779204135,-187775.858257849,-205319.432112598,-214081.539633574,-215746.802535668,224500
-179794.500818754,-187917.252106523,-205448.703031191,-214201.266111036,-215864.537961918,224600
-179938.188681909,-188058.606560647,-205578.654745517,-214320.95729398,-215982.239181425,224700
-180081.842801315,-188199.921641792,-205708.570216734,-214440.61323962,-216099.906254961,224800
-180225.46318473,-188341.288491251,-205838.442643287,-214560.234005095,-216217.539243203,224900
-180369.049839961,-188482.712184188,-205968.272077408,-214679.819647469,-216335.138206738,225000
-180512.602774858,-188624.096142028,-206097.605986569,-214799.37022373,-216452.703206061,225100
-180656.12199732,-188765.440387078,-206226.547257181,-214918.885790794,-216570.234301577,225200
-180799.607515287,-188906.901937456,-206355.448102356,-215038.366405502,-216687.731553598,225300
-180943.05933675,-189049.19970633,-206485.129807044,-215157.81212462,-216805.195022347,225400
-181086.516018702,-189190.823132838,-206615.047516691,-215277.223004839,-216922.624767955,225500
-181230.068845707,-189331.91307417,-206744.921612222,-215396.599102776,-217040.020850461,225600
-181373.58764773,-189472.963633264,-206874.752147613,-215515.940474975,-217157.383329814,225700
-181518.318222138,-189613.974832275,-207004.539176798,-215635.791591955,-217274.712265874,225800
-181666.145178921,-189752.968015014,-207134.282753672,-215755.615532615,-217392.007718408,225900
-181813.929112961,-189893.505257583,-207263.982932092,-215875.402792982,-217509.269747093,226000
-181961.670044416,-190034.019891158,-207393.639765871,-215995.153435106,-217626.498411516,226100
-182109.367993481,-190174.496080928,-207523.253308787,-216114.857154804,-217743.693771173,226200
-182257.022980392,-190314.937858488,-207652.823614573,-216234.514665413,-217860.85588547,226300
-182404.635025422,-190455.625929199,-207782.350736926,-216354.135820715,-217977.984813723,226400
-182552.258225471,-190595.148469382,-207911.834729501,-216473.7206822,-218095.080615158,226500
-182696.549051322,-190734.392824488,-208041.275645911,-216593.269311272,-218212.143348909,226600
-182840.301293987,-190873.601260089,-208170.673539732,-216712.781769249,-218329.173074022,226700
-182984.018460285,-191012.773794046,-208299.927577731,-216832.258117363,-218446.156101869,226800
-183127.700560667,-191151.910444252,-208428.506090556,-216951.698416759,-218563.102505688,226900
-183271.347605623,-191291.011228625,-208557.044019393,-217071.102728497,-218680.01614781,227000
-183414.966904012,-191430.076165118,-208685.541412773,-217190.47111355,-218796.897086719,227100
-183558.751455764,-191569.105271709,-208813.998319193,-217309.803632806,-218913.745380809,227200
-183702.500543749,-191708.098566408,-208942.41478712,-217429.100347068,-219030.561088386,227300
-183844.425162837,-191847.056067251,-209070.790864986,-217548.211962489,-219147.344267669,227400
-183985.14482106,-191985.977792307,-209199.12660119,-217667.128010913,-219264.094976785,227500
-184127.700802753,-192124.86375967,-209327.422044099,-217786.00963417,-219380.813273774,227600
-184275.481640657,-192263.713987465,-209455.677242047,-217905.103379491,-219497.499216586,227700
-184419.820373826,-192402.528493845,-209583.123534262,-218024.415388661,-219614.152863084,227800
-184562.962934208,-192541.30729699,-209710.084857345,-218143.691201326,-219730.774271041,227900
-184706.070913426,-192680.590709655,-209837.009752127,-218262.930879789,-219847.363498144,228000
-184849.154484943,-192820.047346363,-209964.800693492,-218382.134486269,-219963.920601987,228100
-184992.381698446,-192959.466675515,-210092.872724507,-218501.302082891,-220080.626379561,228200
-185135.57399672,-193098.848717727,-210220.904754485,-218620.433731691,-220197.348657452,228300
-185278.731390834,-193238.193493643,-210348.896831619,-218739.429415459,-220314.038044361,228400
-185421.853891902,-193377.501023932,-210476.849004067,-218858.343179683,-220430.694600288,228500
-185564.95163059,-193516.77132929,-210604.761319955,-218977.187541327,-220547.318385142,228600
-185708.045708998,-193656.004430438,-210732.633827373,-219095.858788226,-220663.909458736,228700
-185851.104843199,-193795.308438975,-210860.466574379,-219214.495639443,-220780.467880788,228800
-185994.129044572,-193934.816479636,-210988.259608997,-219333.098153005,-220896.993710922,228900
-186137.118324532,-194074.286578463,-211116.012979215,-219451.66638686,-221013.346375788,229000
-186280.072694538,-194214.256681542,-211243.72673299,-219570.200398873,-221129.295380595,229100
-186422.992166086,-194355.695014184,-211371.400918243,-219688.700246827,-221245.214049577,229200
-186565.876750711,-194497.090733287,-211499.035582862,-219807.165988425,-221361.102435945,229300
-186708.726459987,-194638.443867994,-211626.630774699,-219925.597681287,-221476.960592836,229400
-186851.541305528,-194779.754447467,-211754.186541574,-220043.97842847,-221592.788573304,229500
-186994.321298985,-194921.022500886,-211881.702931272,-220162.304958321,-221708.63795999,229600
-187137.06645205,-195062.248057446,-212009.179991542,-220280.597756356,-221824.686055335,229700
-187279.77677645,-195203.431146362,-212136.617770102,-220398.856879472,-221940.68984276,229800
-187422.452283954,-195344.571796865,-212264.100838871,-220517.082384486,-222056.662590947,229900
-187566.206027458,-195485.670038203,-212391.716029256,-220635.274328134,-222172.604355656,230000
-187710.136880391,-195624.967224541,-212519.100251068,-220753.432767073,-222288.51519256,230100
-187854.030248121,-195763.393172053,-212645.997166637,-220871.557757881,-222404.303116425,230200
-187997.886145955,-195901.782780801,-212772.856234378,-220989.625520803,-222519.583351733,230300
-188141.704589237,-196040.136071187,-212899.9405408,-221107.534216466,-222634.835098105,230400
-188285.485593346,-196178.453063634,-213027.057057342,-221225.410211198,-222750.058404383,230500
-188429.229173699,-196316.73377859,-213154.134815748,-221343.253559665,-222865.253319339,230600
-188572.935345745,-196454.978236528,-213281.17386313,-221461.064316458,-222980.419891673,230700
-188716.604124972,-196593.451733752,-213408.174246564,-221578.842536093,-223095.558170017,230800
-188860.2355269,-196731.904605768,-213535.136013092,-221696.588273009,-223210.922958371,230900
-189003.829567087,-196870.320626724,-213662.059209722,-221814.301581569,-223326.293825523,231000
-189147.386261123,-197008.699818176,-213788.943883428,-221931.982516061,-223441.63540008,231100
-189290.905624636,-197147.042201702,-213915.790081148,-222049.772147484,-223556.947733621,231200
-189434.387673287,-197284.791019485,-214042.597849785,-222167.580104028,-223672.230877652,231300
-189577.832422771,-197423.252013281,-214169.36723621,-222284.715892543,-223787.4848836,231400
-189721.239888819,-197560.89463963,-214296.098287256,-222402.286397269,-223902.709802812,231500
-189864.618140564,-197698.501867586,-214422.791049723,-222519.824726299,-224017.905686561,231600
-190007.983480106,-197836.073716936,-214549.445570377,-222637.504503474,-224133.44747626,231700
-190151.311517954,-197973.610207486,-214676.061895946,-222755.532320296,-224249.132648056,231800
-190294.602270058,-198111.11488485,-214802.640073126,-222873.525954093,-224364.786707051,231900
-190437.855752398,-198248.98824584,-214929.180148577,-222991.485464737,-224480.409710722,232000
-190581.07198099,-198386.825414146,-215055.682168923,-223109.380714925,-224596.001716451,232100
-190724.250971885,-198524.626410913,-215181.358734095,-223227.06402553,-224711.562781528,232200
-190867.392741164,-198662.391257304,-215306.963941622,-223344.318700264,-224827.092963152,232300
-191010.497304943,-198800.119974506,-215432.533767341,-223461.520372328,-224942.582422286,232400
-191153.564679371,-198937.812583726,-215558.068252327,-223578.690655385,-225058.038318679,232500
-191296.59488063,-199075.469106194,-215683.709149497,-223695.829601963,-225173.463554076,232600
-191439.587924934,-199213.089563159,-215809.562255076,-223812.937264519,-225288.858185157,232700
-191582.543828531,-199350.673975892,-215934.893181195,-223930.013695433,-225404.222268508,232800
-191725.4626077,-199488.222365684,-216060.352478268,-224047.21351925,-225519.555860627,232900
-191867.719611887,-199625.734753847,-216185.776441392,-224164.560315755,-225634.859017917,233000
-192008.952480025,-199763.211161714,-216311.165111892,-224281.874745807,-225750.131796691,233100
-192150.151568381,-199900.826218894,-216436.776943174,-224399.156865069,-225865.374253172,233200
-192291.316889197,-200039.277852553,-216563.04989559,-224516.406729125,-225980.166612547,233300
-192432.44845475,-200177.691184036,-216689.780436976,-224633.624393479,-226094.895870875,233400
-192573.54627735,-200316.066238258,-216816.725240719,-224750.80991355,-226209.596827048,233500
-192714.61036934,-200454.403040154,-216943.629651176,-224867.963344679,-226324.269531492,233600
-192855.640743098,-200592.701614673,-217070.493721015,-224985.084742125,-226438.914034557,233700
-192996.637411037,-200731.101686122,-217197.317502861,-225102.174161066,-226553.735422644,233800
-193137.600385601,-200869.549372971,-217323.913158818,-225219.2316566,-226668.844973559,233900
-193278.529679268,-201007.958386412,-217450.264445216,-225336.257283743,-226783.92433776,234000
-193419.425304551,-201146.328752243,-217576.576852491,-225453.25109743,-226898.970627977,234100
-193560.287273994,-201284.660496276,-217702.850430298,-225570.213152517,-227013.977286575,234200
-193701.115600175,-201422.953644338,-217829.085228251,-225687.143503778,-227128.953978699,234300
-193841.910295705,-201561.208222274,-217955.28129592,-225804.042205908,-227243.90076024,234400
-193982.671373227,-201699.480015166,-218081.438682834,-225920.819748814,-227358.817686993,234500
-194123.398845418,-201838.396356523,-218207.55743848,-226037.55606516,-227473.704814662,234600
-194264.092724988,-201975.317981134,-218333.575409429,-226154.261284758,-227588.562198862,234700
-194404.753024676,-202112.998859614,-218459.095928507,-226270.935460895,-227703.389895113,234800
-194545.379757257,-202250.642243385,-218584.579609368,-226387.578646779,-227818.187958846,234900
-194685.972935538,-202388.248157009,-218710.02649772,-226504.190895538,-227932.791015555,235000
-194826.532572354,-202525.816625063,-218835.43663923,-226621.226446701,-228047.265213555,235100
-194967.058680578,-202663.347672139,-218960.810079533,-226738.22591261,-228161.71104007,235200
-195107.55127311,-202800.841322848,-219086.146864224,-226854.865645995,-228276.128546913,235300
-195248.010362884,-202938.32032756,-219211.447038863,-226971.365964253,-228390.517785815,235400
-195388.435962866,-203076.120657472,-219336.717440508,-227087.50680801,-228504.878808422,235500
-195528.828086051,-203213.882808988,-219462.278268034,-227203.623539805,-228619.211666298,235600
-195669.186745468,-203351.606808015,-219587.772218712,-227319.984768243,-228733.516410925,235700
-195809.511954176,-203489.292680472,-219712.849377826,-227435.926564367,-228847.793093703,235800
-195949.803725266,-203626.940452294,-219837.890378285,-227552.279245174,-228962.041765948,235900
-196090.062071859,-203764.550149429,-219962.895264983,-227668.603667506,-229076.262478897,236000
-196230.287007108,-203902.121797838,-220087.864082776,-227784.897658472,-229190.4552837,236100
-196370.478544196,-204039.655423497,-220212.796876485,-227901.144018637,-229304.62023143,236200
-196510.636696336,-204177.151052395,-220337.462445054,-228017.358884426,-229418.757373075,236300
-196650.761476774,-204314.608710533,-220461.810883164,-228133.543548802,-229532.866759543,236400
-196790.852898784,-204452.028423928,-220586.307928944,-228249.698063738,-229646.948441658,236500
-196930.910975671,-204589.410218607,-220710.770161177,-228365.822481134,-229761.002470163,236600
-197070.935720772,-204726.754120613,-220835.197622247,-228481.91685281,-229875.028895722,236700
-197211.090689316,-204864.060155999,-220959.590354506,-228597.981230512,-229989.027768915,236800
-197351.834654813,-205001.328350834,-221083.948400273,-228714.015665908,-230102.999140241,236900
-197492.543726289,-205138.558731198,-221208.271801835,-228830.020210591,-230216.943060117,237000
-197633.217919232,-205275.751323183,-221332.560601447,-228945.994916079,-230330.859578881,237100
-197773.857249157,-205412.906152895,-221456.81484133,-229061.939833811,-230444.748746788,237200
-197914.461731609,-205549.113042314,-221581.034563674,-229177.855015152,-230558.610614013,237300
-198055.031382158,-205685.030423663,-221705.219810634,-229293.740511392,-230672.44523065,237400
-198195.566216407,-205820.912785532,-221829.370624335,-229409.596373741,-230786.252646711,237500
-198336.066249982,-205956.76015011,-221953.487046868,-229525.383413701,-230900.032912129,237600
-198476.531498541,-206092.572539604,-222077.569120291,-229641.170573548,-231013.786076755,237700
-198616.961977766,-206228.349976235,-222201.616886629,-229756.945781986,-231127.512190361,237800
-198757.357703372,-206364.09248224,-222325.630387875,-229872.691528028,-231241.211302636,237900
-198897.718691096,-206500.421688501,-222449.609665989,-229988.407862604,-231354.871949568,238000
-199038.044956705,-206637.571394228,-222573.554762899,-230104.094836571,-231468.503560953,238100
-199178.336515995,-206774.682820107,-222697.465720497,-230219.752500708,-231582.143945291,238200
-199318.593384786,-206911.755993581,-222821.342580645,-230335.380905719,-231695.80794708,238300
-199458.815578928,-207048.790942102,-222945.185385171,-230450.980102234,-231809.444897091,238400
-199599.003114296,-207185.894107259,-223068.994175871,-230566.294022713,-231923.054845414,238500
-199739.156006792,-207323.039695412,-223192.768994506,-230681.64567592,-232036.637842056,238600
-199879.274272347,-207460.14670794,-223316.985647953,-230797.145194331,-232150.193936944,238700
-200018.161721876,-207597.21517299,-223441.170201569,-230912.615757981,-232263.723179922,238800
-200155.058800052,-207734.245118718,-223565.319416723,-231028.05741697,-232377.225620754,238900
-200291.927549055,-207871.236573289,-223689.433338287,-231143.470221322,-232490.701309119,239000
-200428.767977274,-208008.189564875,-223813.512011094,-231258.854220988,-232604.150294618,239100
-200565.58009313,-208145.104121658,-223937.555479936,-231374.209465845,-232717.572626769,239200
-200702.363905072,-208281.98027183,-224061.563789571,-231489.536005694,-232830.96835501,239300
-200839.11942158,-208418.818043588,-224185.536984713,-231604.79215918,-232944.337528696,239400
-200976.933628115,-208555.617465142,-224309.597982943,-231719.999672417,-233057.680197101,239500
-201115.834084574,-208692.378564706,-224433.743080816,-231834.775920878,-233170.996409421,239600
-201254.834289187,-208826.81178484,-224557.852437613,-231949.481247279,-233284.286214768,239700
-201393.834477724,-208961.068450902,-224681.926099562,-232064.160068378,-233397.549662174,239800
-201532.801774216,-209095.292441175,-224805.96411285,-232178.812428163,-233510.786800592,239900
-201671.736192936,-209231.390924781,-224929.96652362,-232293.438370558,-233623.997678891,240000
-201810.637748183,-209367.727912266,-225053.933377974,-232408.037939428,-233737.182345862,240100
-201950.263972445,-209504.027289637,-225177.864721975,-232522.611178576,-233850.340850216,240200
-202089.86731621,-209640.604676128,-225301.760601641,-232637.15813174,-233963.473240583,240300
-202229.436264516,-209777.206994395,-225425.62106295,-232751.678842601,-234076.579565512,240400
-202368.970833793,-209913.770904571,-225549.446151837,-232866.173354776,-234189.659873473,240500
-202508.471040494,-210050.296435481,-225673.368511655,-232980.641711821,-234302.714212856,240600
-202647.9369011,-210186.783615959,-225797.105947341,-233095.08395723,-234415.742631969,240700
-202787.368432114,-210323.232474846,-225920.470734844,-233209.500134437,-234528.745179045,240800
-202926.765650066,-210459.643040987,-226043.938561022,-233323.890286813,-234641.721902231,240900
-203066.128571507,-210596.098767074,-226167.865047932,-233438.740088091,-234754.6728496,241000
-203205.457213015,-210732.206519747,-226291.851984785,-233553.581473399,-234867.598069143,241100
-203344.75159119,-210868.064587641,-226415.718879729,-233668.395023416,-234980.497608771,241200
-203484.011722659,-211003.275698886,-226538.171894906,-233783.180786618,-235093.371516316,241300
-203623.237624068,-211138.667486433,-226661.6269212,-233897.938811409,-235206.219839533,241400
-203762.429312093,-211274.12992913,-226784.804333294,-234012.669146118,-235319.042626096,241500
-203901.586803428,-211409.555990348,-226907.947811644,-234127.371839005,-235431.839923598,241600
-204040.710114794,-211544.945696308,-227031.057399621,-234242.046938251,-235544.611779558,241700
-204179.799262935,-211680.299073239,-227154.133140559,-234356.69449197,-235657.358241412,241800
-204318.854264616,-211815.61614738,-227277.175077752,-234471.3145482,-235770.07935652,241900
-204457.87513663,-211950.896944976,-227400.183254455,-234585.907154906,-235882.775172161,242000
-204596.861895788,-212086.141492281,-227523.157713888,-234700.472359983,-235995.445735537,242100
-204735.814558927,-212221.349815557,-227646.098499228,-234815.010211249,-236108.091093772,242200
-204874.733142907,-212356.521941074,-227768.726681347,-234929.520756454,-236220.71129391,242300
-205013.617664609,-212491.65789511,-227890.932424823,-235044.004043273,-236333.306382919,242400
-205152.46814094,-212626.757703949,-228013.106688319,-235158.460119309,-236445.876407686,242500
-205291.284588826,-212761.821393884,-228135.249510412,-235272.889032093,-236558.421415023,242600
-205430.067025218,-212896.848991217,-228257.69467058,-235387.290829084,-236670.941451662,242700
-205568.815467089,-213031.840522253,-228380.486959841,-235501.665557669,-236783.436564258,242800
-205707.529931433,-213166.796013309,-228503.245715274,-235616.013265162,-236895.906799389,242900
-205846.210435268,-213301.715490707,-228625.970980105,-235730.333998805,-237008.352203553,243000
-205984.856995634,-213436.598980775,-228748.662797517,-235844.627805769,-237120.772823174,243100
-206123.469629592,-213571.37458706,-228871.321210657,-235958.894733153,-237233.168704594,243200
-206262.048354225,-213705.859111618,-228993.946262631,-236073.134827983,-237345.539894083,243300
-206400.593186639,-213840.308493528,-229116.421674206,-236187.348137215,-237457.886437829,243400
-206539.104143961,-213974.722757968,-229238.554127116,-236301.534707733,-237570.208381947,243500
-206677.58124334,-214109.12646764,-229361.194679903,-236415.694586348,-237682.50577247,243600
-206816.024501946,-214243.681604382,-229483.808017864,-236529.827819802,-237794.77865536,243700
-206954.433936971,-214378.201192911,-229606.387799997,-236643.934454762,-237907.027076497,243800
-207092.809565628,-214512.685259241,-229728.934070148,-236758.014537828,-238019.251081687,243900
-207231.151405152,-214648.065855616,-229851.479340597,-236872.068115525,-238131.450716658,244000
-207369.459472798,-214784.132907948,-229974.37285261,-236986.09523431,-238243.626027064,244100
-207507.733785843,-214918.70339896,-230096.927524104,-237100.095940566,-238355.777058479,244200
-207645.974361585,-215053.159351562,-230219.223822813,-237214.070280607,-238467.903856404,244300
-207784.181217342,-215187.579653321,-230341.487222555,-237328.018300675,-238580.00646626,244400
-207922.354370453,-215321.964330667,-230463.717765982,-237441.940046942,-238692.084933396,244500
-208060.493838279,-215456.313410038,-230585.915495711,-237555.835565508,-238804.139303082,244600
-208198.5996382,-215590.626917874,-230708.080454317,-237669.704902403,-238916.169620512,244700
-208336.671787617,-215724.904880623,-230830.212684335,-237783.548103588,-239028.175930807,244800
-208474.710303952,-215859.147324739,-230952.312228263,-237897.365214949,-239140.15827901,244900
-208612.715204647,-215993.354276681,-231074.379128557,-238011.156282306,-239252.116710088,245000
-208750.686507163,-216127.525762912,-231196.836166309,-238124.921351407,-239364.051268934,245100
-208888.624228982,-216261.661809901,-231319.27984673,-238238.660467929,-239475.962000363,245200
-209026.528387607,-216395.068605301,-231441.689599351,-238352.37367748,-239587.848949118,245300
-209164.494995753,-216528.427403061,-231564.06546963,-238466.061025595,-239699.712159865,245400
-209302.481297758,-216663.192898577,-231686.40750298,-238579.722557743,-239811.551677194,245500
-209440.433771437,-216798.293644027,-231808.372602883,-238693.358319321,-239923.367545621,245600
-209578.352434807,-216932.182790391,-231929.78324932,-238806.968355654,-240035.159809587,245700
-209716.237305901,-217066.036817862,-232051.162900223,-238920.552712001,-240146.928513458,245800
-209854.088402772,-217199.676504548,-232172.511594894,-239034.111433548,-240258.673701525,245900
-209991.905743491,-217332.976964268,-232295.156667611,-239147.644565414,-240370.395418005,246000
-210129.689346152,-217466.243516866,-232417.790604556,-239261.152152645,-240482.093707039,246100
-210267.439228862,-217599.476186864,-232539.578725682,-239374.634240221,-240593.768612695,246200
-210405.155409751,-217732.720819882,-232661.148331578,-239488.09087305,-240705.420178967,246300
-210542.837906966,-217865.954775065,-232782.626149209,-239601.522095971,-240817.048449772,246400
-210680.486738672,-217999.154761534,-232903.941454051,-239714.927953754,-240928.653468955,246500
-210818.101923055,-218132.320804079,-233025.225626633,-239828.3084911,-241040.235280287,246600
-210955.683478317,-218265.452927494,-233146.478706886,-239941.663752642,-241151.793927464,246700
-211093.231422679,-218398.551156581,-233267.700734707,-240054.99378294,-241263.32945411,246800
-211230.745774379,-218531.615516148,-233389.126384161,-240168.298626489,-241374.841903771,246900
-211368.226551676,-218664.646031006,-233510.89665072,-240281.578327712,-241486.331319924,247000
-211505.673772844,-218797.642725973,-233632.63402954,-240394.832930966,-241597.797745971,247100
-211643.087456177,-218930.605625873,-233754.338564768,-240508.062480537,-241709.241225238,247200
-211780.808675062,-219063.534755535,-233876.010300505,-240621.267020643,-241820.661800981,247300
-211920.073298229,-219196.430139792,-233997.126405083,-240734.446595433,-241932.05951638,247400
-212059.300300641,-219329.291803483,-234118.118253983,-240847.601248989,-242043.434414544,247500
-212198.489706423,-219462.119771454,-234239.079404552,-240960.731025321,-242154.771453258,247600
-212337.641539711,-219594.914068552,-234360.00989628,-241073.835968375,-242266.036221843,247700
-212476.755824653,-219727.674719633,-234480.909768627,-241186.916122024,-242377.278570314,247800
-212615.832585411,-219860.401749556,-234601.779061011,-241299.971530078,-242488.498540686,247900
-212754.87184616,-219993.095183184,-234722.617812817,-241413.002236273,-242599.696174899,248000
-212893.873631086,-220125.755045387,-234843.426063392,-241526.008284282,-242710.871514826,248100
-213032.837964389,-220258.381361037,-234964.203852047,-241638.989717707,-242822.024602266,248200
-213171.76487028,-220390.974155013,-235084.951218056,-241751.946580083,-242933.155478951,248300
-213309.590505869,-220523.533452196,-235205.668200657,-241864.878914876,-243044.26418654,248400
-213445.447202585,-220656.059277475,-235326.260147964,-241977.786765486,-243155.350766624,248500
-213581.272928937,-220788.551655739,-235446.680177158,-242090.670175244,-243266.415260721,248600
-213717.067700426,-220921.010611885,-235567.070678544,-242203.529187413,-243377.457710281,248700
-213852.831532571,-221053.436170812,-235687.431689597,-242316.41810189,-243488.478156683,248800
-213988.564440911,-221185.828357425,-235807.763247763,-242429.349507824,-243599.476641239,248900
-214124.266441003,-221318.18719663,-235928.065390449,-242542.253948372,-243710.453205186,249000
-214259.937548421,-221450.512713339,-236048.338155032,-242655.133690062,-243821.407889696,249100
-214395.577778759,-221582.804932469,-236168.581578854,-242767.988777183,-243932.340735869,249200
-214531.187147629,-221715.06387894,-236288.795699221,-242880.819253953,-244043.251784736,249300
-214666.76567066,-221847.289577673,-236408.980553409,-242993.625164521,-244154.141077258,249400
-214802.3133635,-221979.482053597,-236529.136178657,-243106.406552965,-244265.008654329,249500
-214937.830241816,-222111.641331642,-236649.262612171,-243219.163463293,-244375.854556771,249600
-215073.31632129,-222243.767436742,-236769.359891125,-243331.895939444,-244486.678825337,249700
-215208.771617625,-222375.860393835,-236889.428052655,-243444.604025284,-244597.481500714,249800
-215344.196146539,-222507.920227861,-237009.467133868,-243557.287764611,-244708.262623517,249900
-215479.589923769,-222639.946963766,-237129.477171833,-243669.767840882,-244819.022234293,250000
-215614.95296507,-222771.940626497,-237249.405696723,-243781.991506132,-244929.76037352,250100
-215750.285286214,-222903.901241004,-237369.233907695,-243893.960589856,-245040.477081608,250200
-215885.58690299,-223035.828832242,-237489.033570516,-244005.770514154,-245151.172398897,250300
-216020.857831204,-223167.723425167,-237608.804721287,-244118.00113063,-245261.846365662,250400
-216156.098086682,-223299.585044739,-237728.547396077,-244230.401585213,-245372.499022105,250500
-216291.881959892,-223431.413715922,-237848.261630921,-244342.778557674,-245483.130408362,250600
-216427.98310873,-223563.20946368,-237967.947461822,-244454.902406334,-245593.740564502,250700
-216564.05171543,-223694.972312983,-238087.60492475,-244567.002502621,-245704.329530523,250800
-216700.087798432,-223826.702288801,-238207.539792255,-244679.080142356,-245814.897346358,250900
-216836.091376194,-223958.446026943,-238327.556350221,-244791.135364437,-245925.444051869,251000
-216972.079356934,-224090.24990677,-238447.543338032,-244903.168207698,-246035.969686852,251100
-217108.109378467,-224222.020660332,-238567.345701463,-245015.549627737,-246146.474291035,251200
-217244.106757964,-224353.758313121,-238686.981535185,-245128.354246231,-246256.957904079,251300
-217380.071514201,-224485.462890629,-238806.588841082,-245241.133322964,-246367.420565575,251400
-217516.003665966,-224617.134418353,-238926.288269261,-245353.433721077,-246477.86231505,251500
-217651.903232064,-224748.772921791,-239046.0009483,-245465.667774107,-246588.283191961,251600
-217787.770231313,-224880.378426439,-239165.684702017,-245577.878438138,-246698.683235699,251700
-217923.837832534,-225011.9509578,-239285.339567983,-245690.057354341,-246809.062485586,251800
-218060.36145238,-225143.490541374,-239404.965583731,-245802.146655735,-246919.420980879,251900
-218196.851020567,-225274.997202664,-239524.562786758,-245914.212995737,-247029.758760767,252000
-218333.306558099,-225406.470967176,-239644.131214527,-246026.256415225,-247140.075864373,252100
-218469.72808599,-225537.911860415,-239763.670904462,-246138.276955011,-247250.372330751,252200
-218606.115625267,-225669.319907887,-239883.181893954,-246250.274655846,-247360.64819889,252300
-218742.469196968,-225800.695135101,-240002.664220356,-246362.249558412,-247470.903507713,252400
-218878.788822144,-225932.037567567,-240122.183744859,-246474.201703328,-247581.25613671,252500
-219015.074521858,-226063.347230794,-240241.678902389,-246586.131131151,-247691.654169268,252600
-219151.326317183,-226194.624150293,-240361.145286992,-246698.037882372,-247802.030988256,252700
-219287.544229205,-226325.868351576,-240480.582936371,-246809.921997416,-247912.386634669,252800
-219423.728279021,-226457.079860157,-240599.991888191,-246921.783516646,-248022.721149426,252900
-219559.87848774,-226588.231458401,-240719.372180083,-247033.622480362,-248133.034573378,253000
-219695.994876483,-226718.793010959,-240838.723849637,-247145.438928797,-248243.326947301,253100
-219832.077466379,-226849.323312852,-240958.181107142,-247257.232902122,-248353.598311901,253200
-219968.127782596,-226979.683254528,-241077.66063755,-247369.004440444,-248463.848707812,253300
-220104.214880797,-227109.618049598,-241197.111073349,-247480.753583807,-248574.078175595,253400
-220240.268088033,-227239.764825017,-241316.532453283,-247592.480372189,-248684.28675574,253500
-220376.287425698,-227370.493499597,-241435.924816059,-247704.138077678,-248794.474488668,253600
-220512.272915198,-227501.190286453,-241555.288200343,-247815.718125824,-248904.641414724,253700
-220648.224577948,-227631.500500185,-241674.622644761,-247927.276341803,-249014.787574187,253800
-220784.142435373,-227761.713737519,-241793.928187901,-248039.001166645,-249124.913007261,253900
-220920.026508912,-227892.009480654,-241913.204868313,-248150.648167937,-249235.017754079,254000
-221055.87682001,-228022.274150074,-242032.452724505,-248261.876477917,-249345.101854707,254100
-221191.693390126,-228152.507769249,-242151.671794949,-248373.291654745,-249455.165349136,254200
-221327.476240727,-228282.717921404,-242270.862118075,-248484.741287378,-249565.208277288,254300
-221463.225393291,-228413.193965716,-242390.023732276,-248596.169318414,-249675.230679014,254400
-221598.940869306,-228544.503107598,-242509.156675905,-248707.57578607,-249785.232594095,254500
-221734.62269027,-228675.832017027,-242628.260987276,-248818.960728505,-249895.214062242,254600
-221870.270877691,-228807.127104288,-242747.219384607,-248930.324183814,-250005.175123093,254700
-222005.173557217,-228937.837496699,-242866.013900329,-249041.666190035,-250115.11581622,254800
-222140.009604617,-229068.271399676,-242984.780695153,-249152.986785144,-250225.019832851,254900
-222276.018489701,-229198.673459804,-243103.519805469,-249264.275786964,-250334.80980803,255000
-222412.069588261,-229329.043702097,-243222.23126763,-249375.528674996,-250444.579997605,255100
-222547.799177093,-229459.382151568,-243340.915117956,-249486.760363729,-250554.330439452,255200
-222683.17526897,-229589.688833231,-243459.64440697,-249597.970890623,-250664.061171379,255300
-222818.518031586,-229719.963772099,-243578.691356646,-249709.160293079,-250773.772231131,255400
-222953.827486307,-229850.206993185,-243697.709472185,-249820.32860844,-250883.463656383,255500
-223089.103654512,-229980.418521502,-243816.698792748,-249931.483297097,-250993.135484748,255600
-223224.346557588,-230110.601476556,-243935.659357453,-250042.804717012,-251102.771324439,255700
-223359.55621693,-230240.832723303,-244054.591205378,-250154.104386939,-251212.384648258,255800
-223494.732653944,-230371.080589997,-244173.494375558,-250265.30001605,-251321.978568429,255900
-223629.875890046,-230502.020794439,-244292.368906989,-250376.285047358,-251431.415072213,256000
-223764.985946657,-230632.927383059,-244411.214838624,-250487.24951759,-251540.730102139,256100
-223900.062845212,-230763.800384153,-244530.032209375,-250598.193462829,-251650.026832348,256200
-224035.106607151,-230894.639826014,-244648.690481781,-250709.116919103,-251759.305296784,256300
-224170.117253926,-231025.445736931,-244767.285919607,-250820.079151326,-251868.565529336,256400
-224305.094806995,-231156.218145188,-244885.978733863,-250931.071878074,-251977.807563836,256500
-224440.039287827,-231286.957079066,-245004.866669642,-251042.043792631,-252087.031434058,256600
-224574.950717898,-231417.855910059,-245123.72563785,-251152.994932017,-252196.23717372,256700
-224709.829118694,-231546.077712551,-245242.555678535,-251263.925333191,-252305.424816483,256800
-224844.674511708,-231676.433507509,-245361.356831704,-251374.835033054,-252414.615513011,256900
-224979.486918442,-231807.968327518,-245480.129137319,-251485.724068446,-252524.091009105,257000
-225114.163512683,-231938.781867628,-245598.8726353,-251596.592476151,-252633.547164124,257100
-225244.094448614,-232068.625277265,-245717.587365522,-251707.440292895,-252742.984015547,257200
-225374.002175144,-232197.575717599,-245836.273367815,-251818.267555342,-252852.401600781,257300
-225503.886701267,-232325.667356909,-245954.930681967,-251929.074300102,-252961.799957172,257400
-225633.748035989,-232453.731327424,-246073.463528539,-252039.860563723,-253071.179121997,257500
-225766.532916661,-232581.767648738,-246191.922399842,-252150.626382696,-253180.539132466,257600
-225900.199996906,-232709.776340455,-246310.353166072,-252261.371793455,-253289.880025726,257700
-226033.836226856,-232837.948416559,-246428.755865761,-252372.096832375,-253399.201838854,257800
-226167.441625367,-232967.471988347,-246547.130537402,-252482.801535772,-253508.504608865,257900
-226301.016211306,-233097.036761713,-246665.477219444,-252593.485939905,-253617.788372705,258000
-226434.700701906,-233226.570214134,-246783.55490895,-252704.150080975,-253727.053167257,258100
-226568.427161167,-233356.072370995,-246901.15297548,-252814.793995125,-253836.299029336,258200
-226702.122438286,-233485.543257679,-247018.725342551,-252925.41464124,-253945.525995694,258300
-226835.786552709,-233614.982899565,-247136.272043636,-253036.009312591,-254054.734103015,258400
-226969.419523896,-233744.391322032,-247253.793112171,-253146.583900692,-254163.92338792,258500
-227103.021371312,-233873.768550455,-247371.288581563,-253257.138441354,-254273.093886962,258600
-227236.592114432,-234003.114610206,-247488.758485183,-253367.672970329,-254382.245636632,258700
-227370.131772743,-234132.429526654,-247606.202856371,-253478.187523312,-254491.378673354,258800
-227503.640365737,-234261.713325168,-247723.621728432,-253588.682135942,-254600.493033488,258900
-227637.117912918,-234390.966031112,-247841.079387216,-253699.156843801,-254709.588753329,259000
-227770.564433796,-234520.187669847,-247958.934268475,-253809.611682412,-254818.665869106,259100
-227903.979947893,-234649.378266732,-248076.762237718,-253920.046687242,-254927.724416986,259200
-228037.364474737,-234778.537847123,-248194.563331426,-254030.461893704,-255036.764433068,259300
-228170.718033866,-234907.666436373,-248312.337586044,-254140.85733715,-255145.78595339,259400
-228304.040644827,-235036.764059832,-248430.085037975,-254251.233052878,-255254.789013924,259500
-228437.332327174,-235165.830742846,-248547.805723586,-254361.589076129,-255363.773650577,259600
-228570.593100471,-235294.866510759,-248665.499679202,-254471.925442086,-255472.739899193,259700
-228703.82298429,-235423.871388913,-248783.166941113,-254582.242185879,-255581.686334037,259800
-228837.021998209,-235552.845402643,-248900.807545567,-254692.539342577,-255690.610080907,259900
-228970.190161819,-235681.788577284,-249018.421528775,-254802.814370172,-255799.367033452,260000
-229103.327494715,-235810.700938167,-249136.00892691,-254913.056431088,-255908.105020806,260100
-229236.434016502,-235939.582510619,-249253.569776103,-255023.279073198,-256016.823137518,260200
-229369.509746792,-236068.433319964,-249371.104112452,-255133.482331167,-256125.523739159,260300
-229502.554705207,-236197.253391522,-249488.61197201,-255243.666239607,-256234.20685912,260400
-229635.568911375,-236326.042750611,-249606.093390795,-255353.83083307,-256342.872530732,260500
-229768.552384932,-236454.801422542,-249723.548404787,-255463.976146055,-256451.520787269,260600
-229901.505145523,-236583.529432626,-249840.857300856,-255574.102213008,-256560.151661946,260700
-230034.4272128,-236712.226806169,-249958.076937044,-255684.209068314,-256668.765187921,260800
-230167.318606423,-236840.893568472,-250075.270857126,-255794.296746309,-256777.361398293,260900
-230300.179346059,-236969.529744835,-250192.439095621,-255904.365281269,-256885.940326104,261000
-230433.009451383,-237098.135360551,-250309.581687011,-256014.414707417,-256994.502004338,261100
-230565.808942078,-237226.710440911,-250426.698665743,-256124.445058921,-257103.046465922,261200
-230698.577837833,-237354.674930071,-250544.074970447,-256234.456369894,-257211.573743724,261300
-230831.316158345,-237482.519511083,-250661.450308925,-256344.448674393,-257320.083870557,261400
-230964.023923319,-237610.3352081,-250778.79912881,-256454.422006421,-257428.576879173,261500
-231096.701152468,-237738.12204391,-250896.121466734,-256564.376399927,-257537.052802271,261600
-231229.347865509,-237865.880041299,-251013.417359291,-256674.446978698,-257645.511672488,261700
-231361.964082168,-237993.609223051,-251130.686843031,-256784.62379246,-257753.953522409,261800
-231494.54982218,-238121.30961195,-251248.051788016,-256894.78072629,-257862.378384558,261900
-231627.105105284,-238248.981230779,-251365.552695869,-257004.917816938,-257970.786291403,262000
-231759.629951226,-238377.505819989,-251483.026394238,-257115.035101094,-258079.177275356,262100
-231892.124379762,-238506.638685906,-251600.303558737,-257225.132615384,-258187.551368773,262200
-232024.588410651,-238635.739212364,-251717.299640993,-257335.210396376,-258295.90860395,262300
-232157.022063661,-238763.862735434,-251834.270000229,-257445.268480573,-258404.249013129,262400
-232289.425358566,-238890.9420868,-251951.214671618,-257555.306904417,-258512.572628496,262500
-232421.798315147,-239018.932703104,-252068.133690294,-257665.325704291,-258620.879482178,262600
-232554.140953191,-239147.423924237,-252185.027091351,-257775.324916515,-258729.169606248,262700
-232686.453292492,-239275.945813191,-252301.894909848,-257885.304577348,-258837.443032721,262800
-232818.73535285,-239404.436563105,-252418.737180802,-257995.264722988,-258945.699793556,262900
-232950.987154072,-239532.896200863,-252535.553939196,-258105.205389571,-259053.939920658,263000
-233083.20871597,-239661.324753347,-252652.34521997,-258215.126613175,-259162.163445873,263100
-233215.400058364,-239788.829068039,-252769.11105803,-258325.028429814,-259270.370400992,263200
-233347.56120108,-239916.034857668,-252885.851488241,-258434.910875443,-259378.560817752,263300
-233479.692163948,-240043.212399066,-253002.566545431,-258544.773985955,-259486.734727831,263400
-233611.792966807,-240170.36171468,-253119.116108305,-258654.617797185,-259594.892162854,263500
-233743.8636295,-240297.482826951,-253235.525613255,-258764.197698822,-259703.033154389,263600
-233875.904171876,-240424.575758321,-253351.928465588,-258873.745135288,-259811.157733949,263700
-234007.914613791,-240551.640531227,-253468.449083935,-258983.274412766,-259919.265932991,263800
-234139.894975107,-240679.060812133,-253584.944806979,-259092.759265075,-260027.357782916,263900
-234271.84527569,-240806.619076021,-253701.415668617,-259202.210135363,-260135.433315072,264000
-234403.765535413,-240934.147956183,-253817.86170271,-259311.643112406,-260243.492560749,264100
-234535.655774155,-241061.647477091,-253934.282943085,-259421.058228162,-260351.535551185,264200
-234667.5160118,-241189.117663211,-254050.679423529,-259530.455514537,-260459.562317559,264300
-234799.346268237,-241316.558539008,-254167.051177793,-259639.835003386,-260567.572890998,264400
-234930.718782778,-241443.970128938,-254283.398239592,-259749.196726511,-260675.567302573,264500
-235060.863761793,-241571.352457455,-254399.720642604,-259858.540715665,-260783.545583301,264600
-235190.982218955,-241698.705549008,-254516.01842047,-259967.867002547,-260891.507764144,264700
-235321.074169536,-241826.02942804,-254632.291606795,-260077.175618808,-260999.453876008,264800
-235451.139628817,-241953.32411899,-254748.540235145,-260186.458697763,-261107.383949745,264900
-235581.178612088,-242080.589646291,-254864.764339053,-260295.652530482,-261215.298016154,265000
-235711.191134648,-242207.826034373,-254980.963952012,-260404.829098893,-261323.196105979,265100
-235841.177211805,-242335.033307659,-255097.139107481,-260513.988433561,-261431.078249908,265200
-235971.136858876,-242462.211490568,-255213.456515637,-260623.130564999,-261538.944478576,265300
-236101.070091187,-242589.360607514,-255329.851034577,-260732.255523674,-261646.794822564,265400
-236230.976924072,-242716.480682904,-255446.220332221,-260841.363340002,-261754.6293124,265500
-236360.857372874,-242843.571741143,-255562.564443855,-260950.454044352,-261862.447978554,265600
-236491.830106211,-242970.633806628,-255678.730418399,-261059.527667044,-261970.250851447,265700
-236623.18493073,-243097.666903751,-255794.67599064,-261168.584238351,-262078.037961443,265800
-236754.510216668,-243224.671056901,-255910.597583628,-261277.623788494,-262185.809338854,265900
-236885.805983787,-243351.646290459,-256026.495230022,-261386.646347649,-262293.565013936,266000
-237017.072251854,-243478.592628802,-256142.663521158,-261495.651945943,-262401.305016894,266100
-237148.309040638,-243605.510096301,-256258.731865899,-261604.819434433,-262509.029377878,266200
-237279.516369917,-243732.398717321,-256374.637299773,-261714.026853499,-262616.738126984,266300
-237410.694259469,-243859.258516222,-256490.351226801,-261823.216468397,-262724.431294257,266400
-237541.842729081,-243986.08951736,-256605.948842484,-261932.388311733,-262832.108909687,266500
-237672.96179854,-244112.891745082,-256721.697007114,-262041.54241606,-262939.77100321,266600
-237804.051487642,-244239.665223733,-256837.489745751,-262150.678813875,-263047.417604711,266700
-237935.23990284,-244366.409977648,-256953.258616355,-262259.797537621,-263155.04874402,266800
-238066.410184984,-244493.126031161,-257069.003651633,-262368.831144003,-263262.664450915,266900
-238197.550848417,-244619.813408597,-257184.724884259,-262477.784374956,-263370.264755122,267000
-238328.661913367,-244746.472134276,-257300.422346868,-262586.720547603,-263477.849686313,267100
-238459.743400069,-244873.102232513,-257416.096072061,-262695.639692675,-263585.419274106,267200
-238590.79532876,-244999.703727614,-257531.746092402,-262804.541840856,-263692.97354807,267300
-238721.817719682,-245126.276643884,-257647.372440419,-262913.427022777,-263800.512537718,267400
-238852.810593078,-245252.821005618,-257762.975148605,-263022.295269022,-263908.036272511,267500
-238983.773969199,-245379.336837106,-257878.646731027,-263131.146610122,-264015.544781861,267600
-239114.707868294,-245505.824162632,-257994.343736222,-263239.98107656,-264123.038095122,267700
-239245.612310621,-245632.283006475,-258110.016747403,-263348.798698767,-264230.516241602,267800
-239376.487316437,-245758.713392907,-258225.757023081,-263457.599507126,-264337.979250551,267900
-239507.332906006,-245885.115346192,-258341.658698781,-263566.547637956,-264445.427151171,268000
-239638.149099591,-246011.488890591,-258457.535574141,-263675.549110228,-264552.859972611,268100
-239768.935917463,-246137.834050357,-258573.38768453,-263784.532920432,-264660.277743966,268200
-239899.693379893,-246264.197234419,-258689.215065272,-263893.499101477,-264767.680494282,268300
-240030.965240843,-246390.759077951,-258805.017751652,-264002.447686216,-264875.068252551,268400
-240162.644287651,-246517.29193783,-258920.795778913,-264111.378707446,-264982.441047716,268500
-240294.291883527,-246643.795839409,-259036.549182254,-264220.292197909,-265089.798908666,268600
-240425.908051906,-246770.270808034,-259152.277996836,-264329.188190288,-265197.141864238,268700
-240557.492816224,-246896.71686904,-259267.982257774,-264438.066717214,-265304.469943221,268800
-240689.046199914,-247023.134047759,-259383.662000145,-264546.91533478,-265411.783174348,268900
-240820.568226411,-247149.52236951,-259499.317258982,-264655.743055658,-265519.081586304,269000
-240952.058919149,-247275.881859608,-259614.795748381,-264764.553472348,-265626.365207723,269100
-241083.518301562,-247402.212543358,-259730.171992248,-264873.209941496,-265733.634067185,269200
-241214.946397083,-247528.514446056,-259845.524614655,-264981.779950637,-265840.888193221,269300
-241346.343229146,-247654.787592993,-259960.853648697,-265090.33357816,-265948.127614312,269400
-241477.708821182,-247781.032009449,-260076.159127431,-265198.870853721,-266055.352358885,269500
-241609.043196625,-247907.247720698,-260191.441083874,-265307.391806929,-266162.562455319,269600
-241740.346378905,-248033.744581603,-260306.699551009,-265415.890212829,-266269.75793194,269700
-241871.618391455,-248161.537500804,-260421.934561776,-265524.36885451,-266376.938817026,269800
-242002.859257704,-248289.297719437,-260537.14614908,-265632.831301884,-266484.105138801,269900
-242134.069001082,-248417.025269678,-260652.334345789,-265741.277584249,-266591.256925442,270000
-242264.760910635,-248544.720183686,-260767.499184729,-265849.707730853,-266698.394205074,270100
-242394.886448725,-248672.382493603,-260882.640698692,-265958.121770899,-266805.517005771,270200
-242524.983186909,-248800.012231554,-260997.758920429,-266066.519733541,-266912.625355556,270300
-242655.051145309,-248927.609429647,-261112.853882656,-266174.901647883,-267019.719282405,270400
-242785.090344049,-249054.207431264,-261227.925618049,-266283.474945036,-267126.798814241,270500
-242915.100803256,-249180.024389458,-261342.974159246,-266392.227377725,-267233.863978939,270600
-243045.082543057,-249305.813190256,-261457.999538849,-266500.962214211,-267340.958158058,270700
-243175.035583585,-249431.573858362,-261573.00178942,-266609.679488225,-267448.04616199,270800
-243304.95994497,-249557.306418474,-261687.980943485,-266718.379233436,-267555.119665456,270900
-243434.855647349,-249683.010895281,-261802.937033531,-266827.061483452,-267662.17869679,271000
-243564.722710858,-249808.687313464,-261917.870092007,-266935.726271825,-267769.223284279,271100
-243694.561155636,-249934.335697696,-262032.780151325,-267044.373632045,-267876.253456157,271200
-243824.371001823,-250059.956072642,-262147.66724386,-267153.003597544,-267983.269240607,271300
-243954.152269563,-250185.548462958,-262262.531401947,-267261.408381027,-268090.270665759,271400
-244083.904978998,-250311.112893293,-262377.372657886,-267369.774253877,-268197.257759695,271500
-244213.629150276,-250436.649388285,-262492.191043937,-267478.123773092,-268304.230550445,271600
-244343.324803544,-250562.157972568,-262606.986592323,-267586.456969065,-268411.189065986,271700
-244472.991958951,-250687.516537163,-262721.759335231,-267694.773872137,-268518.133334248,271800
-244602.630636648,-250812.251766491,-262836.508652516,-267803.058062468,-268625.063383106,271900
-244732.240856789,-250936.96086328,-262951.184236296,-267911.305042344,-268731.979240388,272000
-244861.822639527,-251061.643849382,-263065.673624256,-268019.535972733,-268838.88093387,272100
-244991.376005018,-251186.300746643,-263180.141023654,-268127.75088332,-268945.768491276,272200
-245120.900973418,-251310.931576906,-263294.586464921,-268235.949803735,-269052.641940282,272300
-245250.397564886,-251435.536362006,-263409.009978454,-268344.132763561,-269159.501308512,272400
-245379.865799582,-251560.115123774,-263523.411594616,-268452.29979233,-269266.346623541,272500
-245509.305697667,-251684.667884036,-263637.791343736,-268560.450919522,-269373.177912893,272600
-245638.717279303,-251809.19466461,-263752.149256106,-268668.58617457,-269479.995204041,272700
-245768.100564653,-251933.695487312,-263866.485361987,-268776.705586854,-269586.798524411,272800
-245897.500734149,-252058.170373948,-263981.082114956,-268884.809185706,-269693.587901376,272900
-246026.898723464,-252182.717198083,-264095.695520242,-268992.897000407,-269800.363362259,273000
-246156.268318381,-252307.31085756,-264210.26749799,-269100.96906019,-269907.124934337,273100
-246285.609539303,-252431.878221975,-264324.779007502,-269209.025394236,-270013.872644832,273200
-246414.922406635,-252556.419313838,-264439.268013108,-269317.066031676,-270120.606520921,273300
-246544.206940782,-252682.710957622,-264553.734546808,-269425.091001595,-270227.326589729,273400
-246673.46316215,-252809.092923822,-264668.178640565,-269533.100333026,-270334.032878332,273500
-246802.691091147,-252935.444032671,-264782.600326302,-269641.077468477,-270440.725413756,273600
-246931.890748178,-253061.764314467,-264896.999635906,-269748.985800144,-270547.40422298,273700
-247061.062153651,-253188.053799497,-265011.213866858,-269856.878860347,-270654.06933293,273800
-247190.205327976,-253314.312518029,-265125.382929644,-269964.756677107,-270760.720770486,273900
-247319.320291559,-253440.540500314,-265239.530317014,-270072.619278396,-270867.358562478,274000
-247448.909562373,-253566.13907432,-265353.656059294,-270180.466692142,-270973.982735687,274100
-247579.239457041,-253690.891203241,-265467.760186778,-270288.298946221,-271080.593316844,274200
-247709.538368287,-253815.664994755,-265581.842729726,-270396.116068467,-271187.190332632,274300
-247839.806320751,-253940.429269196,-265695.903718359,-270503.918086664,-271293.773809687,274400
-247970.043339071,-254065.166319087,-265809.943182865,-270611.705028551,-271400.343774593,274500
-248100.24944788,-254189.876168804,-265923.964933166,-270719.476921818,-271506.900253887,274600
-248230.424671809,-254314.558842714,-266038.113846248,-270827.23379411,-271613.443274058,274700
-248360.569035483,-254439.214365172,-266152.240829627,-270934.975673026,-271719.972861546,274800
-248490.682563522,-254563.842760526,-266266.3459145,-271042.702586117,-271826.489042742,274900
-248620.833096058,-254688.444053113,-266380.429132028,-271150.414560888,-271932.991843991,275000
-248750.958241436,-254813.018267262,-266494.490513333,-271258.111624797,-272039.481291586,275100
-248881.052461396,-254937.565427291,-266608.530089502,-271365.793805257,-272145.957411774,275200
-249011.115780787,-255062.08555751,-266722.547891583,-271473.461129633,-272252.420230756,275300
-249141.148224452,-255186.578682218,-266836.543950587,-271581.113625245,-272358.869774681,275400
-249270.652611585,-255311.044825706,-266950.51829749,-271688.751319366,-272465.306069652,275500
-249398.709467707,-255435.484012254,-267064.470963228,-271796.374239224,-272571.821278741,275600
-249526.739750161,-255559.896266133,-267178.401978703,-271903.982412001,-272678.420471239,275700
-249654.743477519,-255684.281611604,-267292.311374777,-272011.575864831,-272785.005678509,275800
-249782.720668355,-255808.640072919,-267406.199182276,-272119.154624803,-272891.576929017,275900
-249910.671341245,-255932.97167432,-267520.065431992,-272226.718718962,-272998.134251172,276000
-250040.046925421,-256057.276440039,-267633.910154675,-272334.268174305,-273104.677673327,276100
-250169.804153731,-256181.554394298,-267747.733381041,-272441.803017785,-273211.207223786,276200
-250299.530803458,-256305.805561309,-267861.53514177,-272549.323276307,-273317.722930793,276300
-250429.226899287,-256430.029965276,-267975.315467502,-272656.828976733,-273424.224822543,276400
-250558.8924659,-256554.227630392,-268089.02188803,-272764.320145878,-273530.712927174,276500
-250688.527527971,-256678.398580838,-268202.698624696,-272871.796810512,-273637.187272772,276600
-250818.132110171,-256802.542840789,-268316.354217652,-272979.258997359,-273743.647887367,276700
-250947.706237163,-256926.660434407,-268429.988696925,-273086.706733098,-273850.094798939,276800
-251077.249933608,-257050.751385846,-268543.602092506,-273194.140044364,-273956.52803541,276900
-251206.76322416,-257174.836766088,-268657.211145305,-273301.558957745,-274062.947624653,277000
-251336.246133467,-257298.925696738,-268770.831734454,-273408.958138809,-274169.353594485,277100
-251465.698686174,-257422.987932598,-268884.42744019,-273516.337523022,-274275.74597267,277200
-251595.120906917,-257547.02349799,-268997.99404985,-273623.702632282,-274382.124786919,277300
-251724.512820331,-257671.032417225,-269111.539603871,-273731.053492872,-274488.49006489,277400
-251853.874451042,-257795.014714605,-269225.064132311,-273838.390131028,-274594.841834189,277500
-251983.205823671,-257918.97041442,-269338.567665193,-273945.712572944,-274701.180122367,277600
-252112.506962835,-258042.89954095,-269452.050232503,-274053.020844769,-274807.504956925,277700
-252241.777893144,-258166.802118465,-269565.51186419,-274160.314972606,-274913.816365309,277800
-252371.018639202,-258290.678171225,-269678.952590168,-274267.594982515,-275020.114374913,277900
-252500.22922561,-258414.527723478,-269792.372440315,-274374.860900512,-275126.399013078,278000
-252629.409676959,-258538.367905272,-269905.771444472,-274482.112752569,-275232.670307094,278100
-252758.560017839,-258662.252833937,-270019.149632445,-274589.350564612,-275338.928284198,278200
-252887.68027283,-258786.111112652,-270132.507034003,-274696.574362525,-275445.172971574,278300
-253016.770466508,-258909.942766006,-270245.84367888,-274803.784172147,-275551.404396355,278400
-253145.830623444,-259033.747818581,-270359.159596773,-274910.980019273,-275657.622585621,278500
-253274.860768202,-259157.526294944,-270472.454817343,-275018.161929656,-275763.827566399,278600
-253403.911591431,-259281.278219653,-270585.729370216,-275125.329929003,-275870.019365668,278700
-253533.007817867,-259405.003617256,-270698.983284982,-275232.484042978,-275976.19801035,278800
-253662.073823465,-259528.702512286,-270812.216591195,-275339.624297201,-276082.36352732,278900
-253791.109633189,-259652.374929267,-270925.429318371,-275446.750717249,-276188.515943398,279000
-253920.115272,-259776.020892713,-271038.621495994,-275553.863328655,-276294.655285355,279100
-254048.541583605,-259899.640427124,-271151.834815033,-275660.962156909,-276400.781579907,279200
-254176.17733649,-260023.23355699,-271265.252219477,-275768.047227457,-276506.894853723,279300
-254303.785934329,-260147.003170423,-271378.723013943,-275875.118565702,-276612.995133418,279400
-254431.367397605,-260270.143233162,-271492.172234418,-275982.176197005,-276719.082445557,279500
-254558.921746798,-260393.478241109,-271605.599912952,-276089.22014668,-276825.156816652,279600
-254686.449002384,-260516.787385054,-271719.00608155,-276196.250440002,-276931.218273166,279700
-254813.949184839,-260640.070688678,-271832.390772179,-276303.267102201,-277037.266841511,279800
-254941.422314636,-260763.328175649,-271945.499911535,-276410.270158464,-277143.302548046,279900
-255068.868412247,-260886.644384018,-272058.508594108,-276517.259633935,-277249.324933707,280000
-255196.287498139,-261009.994697198,-272171.49701373,-276624.235553715,-277355.186334675,280100
-255323.679592779,-261133.318910172,-272284.465199509,-276731.197942863,-277461.035594247,280200
-255451.044716632,-261257.165372785,-272397.413180518,-276838.146826395,-277566.872736561,280300
-255578.382890158,-261381.166332255,-272510.340985796,-276945.082229283,-277672.69778571,280400
-255705.694133818,-261505.139453684,-272623.248644345,-277052.004176458,-277778.510765741,280500
-255832.978468068,-261629.084764359,-272736.136185131,-277158.912692807,-277884.311700657,280600
-255960.235913363,-261753.002291548,-272849.003637087,-277265.797086524,-277990.100614416,280700
-256087.466490154,-261876.892062505,-272961.851029107,-277372.65179826,-278095.877530932,280800
-256214.670218892,-262000.75410447,-273074.678390053,-277479.493259424,-278201.642474073,280900
-256341.847120023,-262124.588444666,-273187.485748749,-277586.321494434,-278307.395467665,281000
-256468.997213991,-262248.395110298,-273300.332719758,-277693.136527665,-278413.136535486,281100
-256596.120521238,-262372.174128561,-273413.195057574,-277799.938383452,-278518.865701272,281200
-256723.217062203,-262495.92552663,-273525.996457411,-277906.597990644,-278624.582988715,281300
-256850.286857322,-262619.649331665,-273638.7018414,-278013.140194205,-278730.288421461,281400
-256977.329927029,-262743.345570813,-273751.387433814,-278119.670209552,-278835.982023114,281500
-257104.346291754,-262866.98852558,-273864.005909901,-278226.188058243,-278941.663817231,281600
-257231.335971925,-262989.840446829,-273976.579610536,-278332.693761801,-279047.333827329,281700
-257358.298987967,-263112.66684651,-274089.227984706,-278439.187341714,-279152.992076877,281800
-257486.626554026,-263235.467748339,-274201.856614465,-278545.668819436,-279258.638589303,281900
-257615.182276418,-263358.243176023,-274314.465528285,-278652.138216384,-279364.27338799,282000
-257743.707654124,-263480.993153257,-274427.054754606,-278758.595553944,-279469.896496277,282100
-257872.202713318,-263603.718150047,-274539.624321828,-278865.040853463,-279575.507937461,282200
-258000.667480165,-263726.455301627,-274652.174258321,-278971.474136257,-279681.107734793,282300
-258129.101980819,-263849.166980282,-274764.698221879,-279077.895423605,-279786.695911482,282400
-258257.506241425,-263971.85320982,-274877.191773051,-279184.304736754,-279892.272490694,282500
-258385.880288122,-264094.514014034,-274989.665834773,-279290.702096913,-279997.837495551,282600
-258514.224147035,-264217.14941671,-275102.120435141,-279397.087525259,-280103.390949132,282700
-258642.537844282,-264339.759441619,-275214.555602217,-279503.461042935,-280208.932874471,282800
-258770.821405971,-264462.344112521,-275326.971364025,-279609.822671048,-280314.463294562,282900
-258899.0748582,-264584.903453165,-275439.36774856,-279716.172430672,-280419.982232353,283000
-259027.298227059,-264707.437487286,-275551.744783776,-279822.510342846,-280525.488301626,283100
-259155.491538626,-264829.946238609,-275664.102497598,-279928.836428574,-280630.972123503,283200
-259283.654818972,-264952.429730847,-275776.440917913,-280035.150708827,-280736.444584087,283300
-259411.788094156,-265074.887987701,-275888.760072574,-280141.453204543,-280841.905705992,283400
-259539.891390228,-265197.321032858,-276001.059989402,-280247.743936624,-280947.355511789,283500
-259667.964733231,-265319.728889996,-276113.340696181,-280354.177649357,-281052.794024008,283600
-259796.008149193,-265442.11158278,-276225.602220661,-280460.808543733,-281158.221265136,283700
-259924.021664137,-265564.469134862,-276337.844590558,-280567.426293049,-281263.637257619,283800
-260052.005304074,-265686.801569882,-276450.067833553,-280674.030922237,-281369.042023858,283900
-260179.959095005,-265809.10891147,-276562.271977295,-280780.622456184,-281474.435586215,284000
-260307.883062922,-265931.391183242,-276674.457049396,-280887.200919734,-281579.817967011,284100
-260435.777233807,-266053.648408803,-276786.507340547,-280993.766337689,-281685.189188522,284200
-260563.641633632,-266175.880611744,-276898.372043104,-281100.318734805,-281790.549272985,284300
-260691.476288358,-266298.087815647,-277010.218660181,-281206.858135795,-281895.898242593,284400
-260819.281223937,-266420.270044078,-277122.047217188,-281313.384565327,-282001.236119499,284500
-260947.056466311,-266542.427320594,-277233.857739508,-281419.898048027,-282106.562925816,284600
-261074.802041413,-266664.559668738,-277345.650252491,-281526.398608477,-282211.878683611,284700
-261202.517975163,-266786.667112042,-277457.54832011,-281632.886271216,-282317.183414915,284800
-261330.204293474,-266908.749674026,-277569.597854727,-281739.361060738,-282422.477141714,284900
-261457.861022247,-267030.807378195,-277681.628516746,-281845.823001496,-282527.759885954,285000
-261585.488187373,-267152.840248045,-277793.640333547,-281952.272117896,-282633.03166954,285100
-261713.085814733,-267274.848307058,-277905.633332475,-282058.708434306,-282738.292514336,285200
-261840.653930199,-267396.831578704,-278017.607540844,-282165.131975046,-282843.542442165,285300
-261966.409102427,-267518.79008644,-278129.56298593,-282271.542764396,-282948.781474808,285400
-262092.124901219,-267640.723853713,-278241.499694977,-282377.940826591,-283054.009634006,285500
-262217.815348321,-267762.632903955,-278353.417695195,-282484.326185825,-283159.226941459,285600
-262343.480463253,-267884.720924105,-278465.317013758,-282590.698866247,-283264.433418828,285700
-262469.120265527,-268006.856212378,-278577.226263023,-282697.058891965,-283369.62908773,285800
-262594.734774655,-268128.966172846,-278689.132104354,-282803.406287043,-283474.813969743,285900
-262720.324010144,-268251.05083005,-278801.019200763,-282909.741075502,-283579.988086407,286000
-262845.887991496,-268373.110208522,-278912.887579632,-283016.063281323,-283685.151459216,286100
-262971.426738214,-268495.144332778,-279024.737268307,-283122.372928442,-283790.30410963,286200
-263096.940269793,-268616.513045424,-279136.568294101,-283228.670040753,-283895.446059063,286300
-263222.428605726,-268737.74421199,-279248.380684291,-283334.954642107,-284000.577328892,286400
-263347.891765502,-268858.952037418,-279360.211386009,-283441.226756314,-284105.697940453,286500
-263473.329768608,-268980.13654307,-279472.049027818,-283547.486407141,-284210.807915042,286600
-263598.742634526,-269101.603461103,-279583.867907595,-283653.733618313,-284315.907273915,286700
-263724.130382734,-269223.134932117,-279695.668052978,-283759.968413513,-284420.996038287,286800
-263849.493032707,-269344.642192621,-279807.449491567,-283866.190816381,-284526.074229335,286900
-263974.830603915,-269466.12526553,-279919.212250928,-283972.400850516,-284631.141868195,287000
-264100.143115826,-269587.584173747,-280030.956358593,-284078.598539473,-284736.198975963,287100
-264225.430587904,-269709.018940164,-280142.681842056,-284184.78390677,-284841.245573696,287200
-264350.693039607,-269830.429587658,-280254.388728778,-284290.956975877,-284946.281682411,287300
-264475.930490392,-269951.816139097,-280366.043956767,-284397.117770226,-285051.307323084,287400
-264601.14295971,-270073.178617333,-280477.596779719,-284503.266313207,-285156.322516654,287500
-264726.330467009,-270194.517045209,-280589.13147609,-284609.401687837,-285261.32728402,287600
-264851.493031732,-270315.831445554,-280700.648072275,-284715.523619984,-285366.32164604,287700
-264976.63067332,-270437.121841185,-280812.146594638,-284821.633379439,-285471.305623535,287800
-265101.743411209,-270558.388254907,-280923.627069508,-284927.7309894,-285576.279237284,287900
-265226.831264829,-270679.630709511,-281035.089523183,-285033.816473025,-285681.242508029,288000
-265351.894253609,-270800.849227778,-281146.537349751,-285139.889853427,-285786.195456472,288100
-265476.932396972,-270922.043832475,-281258.012752608,-285245.951153681,-285891.138103276,288200
-265601.945714338,-271043.014218684,-281369.470051414,-285352.000396819,-285996.070469066,288300
-265726.934225121,-271163.784421436,-281480.909272714,-285458.037605834,-286100.976215046,288400
-265851.897948734,-271284.563643644,-281592.330443021,-285564.062803676,-286205.909455291,288500
-265976.836904582,-271405.385201553,-281703.733588816,-285670.012731855,-286310.819112523,288600
-266101.751112068,-271526.183634027,-281815.118736542,-285775.90678184,-286415.718536563,288700
-266225.513719126,-271646.958962631,-281926.300717422,-285881.781175546,-286520.607747949,288800
-266349.247329976,-271767.71120892,-282037.446060924,-285987.641016994,-286625.486767179,288900
-266472.958683937,-271888.440394436,-282148.728655746,-286093.489439989,-286730.355614713,289000
-266596.647796873,-272009.146540711,-282259.994602377,-286199.326465819,-286835.214310971,289100
-266720.314684651,-272129.829669266,-282371.242840792,-286305.205506957,-286940.062876337,289200
-266843.959363133,-272250.48980161,-282482.473396857,-286411.20430462,-287044.901331154,289300
-266967.581848183,-272371.527214294,-282593.686296409,-286517.126836359,-287149.729695727,289400
-267091.182155663,-272492.859458615,-282704.881565247,-286622.955013163,-287254.547990323,289500
-267214.760301434,-272614.167001623,-282816.059229141,-286728.771748939,-287359.356235169,289600
-267338.316301357,-272735.449867798,-282927.219313828,-286834.577065199,-287464.154450457,289700
-267461.85017129,-272856.708081603,-283038.36184501,-286940.370983419,-287568.942656338,289800
-267585.361927092,-272977.941667485,-283149.468882006,-287046.153525036,-287673.720872925,289900
-267708.851584618,-273099.150649879,-283260.594349512,-287151.924711449,-287778.489120294,290000
-267832.319159726,-273220.335053202,-283371.684374075,-287257.684564021,-287883.247418481,290100
-267955.764668269,-273341.494901857,-283482.756947622,-287363.433104077,-287987.995787486,290200
-268079.188126101,-273462.54196371,-283593.812095691,-287469.170352903,-288092.734247271,290300
-268202.589549074,-273583.221379773,-283704.79855471,-287574.890771023,-288197.462817759,290400
-268325.968953039,-273703.877388577,-283815.722928412,-287680.598433853,-288302.181518834,290500
-268449.326353846,-273824.51001261,-283926.630266346,-287786.29489834,-288406.890370346,290600
-268572.661767342,-273945.119274348,-284037.52059319,-287891.980185534,-288511.589392105,290700
-268695.975209375,-274065.705196254,-284148.39393359,-287997.654316447,-288616.278603882,290800
-268819.266695791,-274186.267800776,-284259.250312163,-288103.317312054,-288720.958025412,290900
-268942.536242433,-274306.807110353,-284370.089661322,-288208.969193296,-288825.624679976,291000
-269065.783865145,-274427.323147407,-284480.906574075,-288314.609981074,-288930.279406829,291100
-269189.009579768,-274547.815934349,-284591.779320842,-288420.239696253,-289034.924424701,291200
-269312.213402141,-274668.285493578,-284702.669221371,-288525.858359663,-289139.576149237,291300
-269435.395348103,-274788.737476611,-284813.541952254,-288631.465992096,-289244.305501913,291400
-269558.555433492,-274909.199202053,-284924.397538695,-288737.062614307,-289349.024754533,291500
-269681.693674142,-275029.637672865,-285035.236005867,-288842.648247015,-289453.733927925,291600
-269804.810085888,-275150.052911553,-285146.05737891,-288948.222910904,-289558.433042878,291700
-269927.90468456,-275270.444940606,-285256.861682929,-289053.786626619,-289663.122120139,291800
-270050.977485991,-275390.813782503,-285367.648943002,-289159.339414771,-289767.801180415,291900
-270174.028506009,-275511.15945971,-285478.41918417,-289264.881295933,-289872.470244374,292000
-270297.05776044,-275631.481994676,-285589.172431445,-289370.412290643,-289977.12933264,292100
-270420.065265111,-275751.781409841,-285699.908709805,-289475.932419403,-290081.778465802,292200
-270543.051035846,-275872.057727629,-285810.692418658,-289581.441702678,-290186.417664402,292300
-270666.015088465,-275992.310970453,-285921.791298253,-289686.965579608,-290291.046948948,292400
-270788.957438791,-276112.54116071,-286032.566115555,-289792.505602461,-290395.666339904,292500
-270911.87810264,-276232.748320785,-286143.193883561,-289898.034627798,-290500.227759759,292600
-271034.77709583,-276352.93247305,-286253.804940037,-290003.552676574,-290604.707795823,292700
-271157.654434175,-276473.093639863,-286364.399309455,-290109.059769704,-290709.178517009,292800
-271281.211829557,-276593.23184357,-286474.977016258,-290214.555928068,-290813.639941984,292900
-271405.183197406,-276713.347106501,-286585.538084856,-290320.041172508,-290918.092089381,293000
-271529.130494436,-276833.439450975,-286696.082539631,-290425.515523829,-291022.534977799,293100
-271653.05374006,-276953.508899297,-286806.610404929,-290530.979002799,-291127.037239844,293200
-271776.952953685,-277073.555473758,-286917.156249967,-290636.431630147,-291231.572860497,293300
-271900.828154712,-277193.579196635,-287027.791806496,-290741.873426567,-291336.098797174,293400
-272024.679362537,-277313.580090193,-287138.410378292,-290847.304412716,-291440.615069852,293500
-272148.506596548,-277433.558176684,-287249.011990699,-290952.724609213,-291545.121698465,293600
-272272.30987613,-277553.513478344,-287359.499191914,-291058.134036641,-291649.618702911,293700
-272396.089220661,-277673.446017398,-287469.96028767,-291163.532715545,-291754.106103048,293800
-272519.844649512,-277793.355816055,-287580.404855944,-291268.918430875,-291858.583918697,293900
-272643.57618205,-277913.242896514,-287690.832921093,-291374.290170695,-291963.052169636,294000
-272767.283837635,-278033.107280957,-287801.210628592,-291479.651245314,-292067.510875608,294100
-272890.967635622,-278152.948991554,-287911.560398884,-291585.001675066,-292171.960056317,294200
-273014.627595359,-278272.768050462,-288021.89388818,-291690.34148025,-292276.399731426,294300
-273138.263736189,-278392.564479823,-288132.236786924,-291795.670681129,-292380.829920561,294400
-273261.876077448,-278512.338301768,-288242.605950271,-291900.989297931,-292485.25064331,294500
-273385.464638468,-278632.08953841,-288352.970038535,-292006.297350845,-292589.661919222,294600
-273509.029438571,-278751.818211853,-288463.317679166,-292111.594860026,-292694.063767807,294700
-273632.570497078,-278871.01374181,-288573.648896539,-292216.881845592,-292798.456208538,294800
-273756.087833301,-278990.177442265,-288683.946869762,-292322.035454689,-292902.839260849,294900
-273879.581466545,-279109.319912875,-288794.211236261,-292427.157286714,-293007.212944136,295000
-274003.051416111,-279228.441173553,-288904.459365468,-292532.269236737,-293111.577277758,295100
-274126.497701293,-279347.541244198,-289014.691281362,-292637.371323024,-293215.932281033,295200
-274249.920341379,-279466.6201447,-289124.90700789,-292742.453871258,-293320.277973245,295300
-274373.319355651,-279585.677894936,-289235.106568969,-292847.52375597,-293424.614373637,295400
-274496.694763385,-279704.714514775,-289345.289988485,-292952.583882358,-293528.941501416,295500
-274620.046583849,-279823.730024071,-289455.457290293,-293057.75332549,-293633.25937575,295600
-274743.374836307,-279942.724442671,-289565.608498216,-293162.965946199,-293737.568015771,295700
-274866.679540015,-280061.697790409,-289675.743636048,-293268.168167837,-293841.867440572,295800
-274989.960714224,-280180.650087108,-289785.862727549,-293373.360010344,-293946.157669209,295900
-275113.218378178,-280299.581352579,-289895.965796451,-293478.541493627,-294050.4387207,296000
-275236.452551115,-280418.491606625,-290006.052866454,-293583.712637556,-294154.710614027,296100
-275359.663252267,-280537.380869036,-290116.123961226,-293688.846841648,-294258.973368132,296200
-275482.850500858,-280656.249159589,-290226.179104406,-293793.888317193,-294363.227001924,296300
-275606.014316107,-280775.096498054,-290336.2183196,-293898.919955518,-294467.471534271,296400
-275729.154717226,-280893.922904187,-290446.241630387,-294003.941775038,-294571.706984005,296500
-275852.271723421,-281012.728397734,-290556.24906031,-294108.953794138,-294675.933369922,296600
-275975.365353892,-281131.512998428,-290666.240632886,-294213.956031169,-294780.15071078,296700
-276098.435627831,-281250.276725995,-290776.216371599,-294318.948504452,-294884.359025299,296800
-276221.515242446,-281369.019600145,-290886.239421153,-294423.931232274,-294988.558332165,296900
-276344.606021376,-281487.900364274,-290996.250177389,-294528.90423289,-295092.747385323,297000
-276467.67335481,-281607.03875715,-291106.244948166,-294633.867524525,-295196.922580592,297100
-276590.717262131,-281726.155288926,-291216.223757379,-294738.821125369,-295301.088850705,297200
-276713.737762716,-281845.249981072,-291326.186628888,-294843.765053583,-295405.246214116,297300
-276836.734875934,-281964.322855046,-291436.133586523,-294948.699327293,-295509.394689242,297400
-276959.708621148,-282083.373932293,-291546.064654083,-295053.623964596,-295613.534294462,297500
-277082.659017715,-282202.403234244,-291655.979855334,-295158.538983556,-295717.665048123,297600
-277205.586084983,-282321.410782316,-291765.879214012,-295263.444402205,-295821.786968531,297700
-277328.489842295,-282440.396597912,-291875.762753821,-295368.340238544,-295925.90007396,297800
-277451.370308987,-282559.360702423,-291985.630498433,-295473.226510542,-296030.004382646,297900
-277574.227504386,-282678.303117225,-292095.482471489,-295578.103236136,-296134.099912788,298000
-277697.061447814,-282797.223863681,-292205.318696599,-295682.994855583,-296238.155471498,298100
-277819.872158585,-282916.122963141,-292315.139197341,-295787.945276486,-296342.136782601,298200
-277942.659656006,-283035.00043694,-292424.944865574,-295892.885828785,-296446.109788377,298300
-278065.423959378,-283153.8563064,-292534.756506738,-295997.816531404,-296550.074505557,298400
-278188.165087994,-283272.690592829,-292644.552419321,-296102.73740323,-296654.030950839,298500
-278310.883061139,-283391.503317523,-292754.332626956,-296207.648463118,-296757.979140889,298600
-278433.577898093,-283510.294501762,-292864.097153241,-296312.549729889,-296861.919092341,298700
-278556.249618128,-283629.064166814,-292973.846021747,-296417.441222327,-296965.850821798,298800
-278678.898240507,-283747.812333932,-293083.57925601,-296522.322959187,-297069.77434583,298900
-278801.523784489,-283866.539024356,-293193.296879536,-296627.194959186,-297173.689680977,299000
-278924.126269324,-283985.244259314,-293302.9989158,-296732.05724101,-297277.59107361,299100
-279046.705714254,-284103.928060016,-293412.685388246,-296836.909823308,-297381.483790672,299200
-279169.262138516,-284222.605867069,-293522.356320283,-296941.752724699,-297485.368395474,299300
-279291.795561338,-284341.330794841,-293632.019648686,-297046.585963766,-297589.244904343,299400
-279414.30600194,-284460.034144984,-293741.702826708,-297151.409559059,-297693.113333575,299500
-279536.793479539,-284578.715939012,-293851.370389655,-297256.223529095,-297796.973699434,299600
-279659.258013338,-284697.376198422,-293961.022361162,-297361.027892356,-297900.826018154,299700
-279781.699622539,-284816.014944698,-294070.611351085,-297465.822667293,-298004.670305938,299800
-279903.925000202,-284934.63219931,-294180.057597643,-297570.60787232,-298108.506578957,299900
-280025.705947858,-285053.227983713,-294289.488899048,-297675.383525822,-298212.334853352,3e+05
-280147.465385895,-285171.802319348,-294398.905277444,-297780.149646147,-298316.155145232,300100
-280269.203331438,-285290.355227642,-294508.306754944,-297884.906251613,-298419.967470678,300200
-280390.91980161,-285408.886730008,-294617.693353635,-297989.653360501,-298523.771845736,300300
-280512.614813527,-285527.396847843,-294727.065095571,-298094.390991063,-298627.568286425,300400
-280634.288384299,-285645.885602533,-294836.42200278,-298199.119161516,-298731.356808732,300500
-280755.940531034,-285764.353015446,-294945.769236391,-298303.837890043,-298835.137428614,300600
-280877.57127083,-285882.796099393,-295055.164710292,-298408.547194795,-298938.910161995,300700
-280999.180620784,-286000.86787274,-295164.413555899,-298513.247093891,-299042.675024773,300800
-281120.768597986,-286118.919235572,-295273.64786508,-298617.937605417,-299146.432032811,300900
-281242.335219518,-286236.95020772,-295382.867659216,-298722.618747424,-299250.181201944,301000
-281363.880502462,-286354.960809004,-295492.07295966,-298827.290537932,-299353.922547978,301100
-281485.404463891,-286472.951059228,-295601.295138306,-298931.95299493,-299457.656086685,301200
-281606.907120872,-286590.920978188,-295710.622146946,-299036.60613637,-299561.381833811,301300
-281728.38849047,-286708.870585665,-295819.934232176,-299141.249980176,-299665.099805068,301400
-281849.848589741,-286826.799901427,-295929.231416402,-299245.884544237,-299768.810016141,301500
-281971.287435738,-286944.708945232,-296038.513721999,-299350.509846409,-299872.512482683,301600
-282092.705045506,-287062.597736823,-296147.781171314,-299455.125904518,-299976.207220318,301700
-282214.101436089,-287180.466295933,-296257.024442686,-299559.71694313,-300079.894244639,301800
-282335.476624519,-287298.724666384,-296366.203946711,-299664.296440106,-300183.573571211,301900
-282456.830627829,-287417.099803917,-296475.368854556,-299768.866819678,-300287.245215567,302000
-282578.163463042,-287535.553547569,-296584.519187986,-299873.428099325,-300390.909193212,302100
-282699.475147177,-287654.003412894,-296693.65496874,-299977.980296493,-300494.565519621,302200
-282820.765697247,-287772.524652919,-296802.776218523,-300082.523428599,-300598.214210237,302300
-282942.035130261,-287891.32680138,-296911.882959015,-300187.057513026,-300701.855280477,302400
-283063.28346322,-288010.106198225,-297020.975211866,-300291.582567128,-300805.488745726,302500
-283184.51071312,-288128.862867756,-297130.052998697,-300396.098608225,-300909.11462134,302600
-283305.716896953,-288247.27642959,-297239.240678117,-300500.605653607,-301012.732922646,302700
-283426.902031703,-288365.279700908,-297348.421569111,-300605.103720533,-301116.343664941,302800
-283548.066134351,-288483.262117988,-297457.587617164,-300709.59282623,-301219.946863493,302900
-283669.209221868,-288601.223701855,-297566.738844846,-300814.072987894,-301323.54253354,303000
-283790.331311225,-288719.164473516,-297675.875274699,-300918.544222692,-301427.130690293,303100
-283911.432419381,-288837.084453969,-297784.996929232,-301023.006547755,-301530.71134893,303200
-284032.512563295,-288955.01460863,-297894.05802477,-301127.459980188,-301634.284524604,303300
-284153.571759917,-289073.127091839,-298003.076307366,-301231.904537062,-301737.850232436,303400
-284274.61002619,-289191.218259484,-298112.080130824,-301336.340235419,-301841.408487518,303500
-284395.627379055,-289309.288133531,-298221.069516926,-301440.767092268,-301944.959304915,303600
-284516.623835445,-289427.33673593,-298330.044487426,-301545.185124588,-302048.502699661,303700
-284637.599412286,-289545.364088617,-298439.005064048,-301649.594349329,-302152.031531702,303800
-284758.5541265,-289663.37021351,-298547.951268487,-301753.88380055,-302255.54317064,303900
-284879.487995003,-289781.355132511,-298656.883122409,-301858.156368214,-302359.047504331,304000
-285000.401034704,-289899.131950088,-298765.800647451,-301962.420660258,-302462.544547468,304100
-285121.293262507,-290016.090454371,-298874.703865219,-302066.67669209,-302566.034314716,304200
-285242.164695309,-290133.030233858,-298983.534588903,-302170.924479089,-302669.516820711,304300
-285363.015350002,-290250.162140799,-299092.323832175,-302275.164036607,-302772.992080062,304400
-285483.845243472,-290367.705202328,-299201.099115614,-302379.395379969,-302876.46010735,304500
-285604.654392599,-290485.239479842,-299309.860460038,-302483.618524475,-302979.920917128,304600
-285725.442814256,-290602.850108069,-299418.607886236,-302587.833485396,-303083.37452392,304700
-285846.210525311,-290720.440279966,-299527.36894696,-302692.040277979,-303186.820942225,304800
-285966.957542625,-290838.010016278,-299636.204231699,-302796.23891744,-303290.26018651,304900
-286087.683883055,-290955.559337736,-299745.025276285,-302900.429418973,-303393.692271219,305000
-286208.389563449,-291073.088265057,-299853.832102315,-303004.611797742,-303497.117210766,305100
-286329.074600651,-291190.596818943,-299962.62093954,-303108.786068887,-303600.535019536,305200
-286449.739011499,-291308.259738616,-300071.257193981,-303212.952247519,-303703.94571189,305300
-286570.382812822,-291425.950181336,-300179.821523832,-303317.110348725,-303807.349302158,305400
-286691.449260017,-291543.619753018,-300288.362758796,-303421.260387563,-303910.745804645,305500
-286812.70716096,-291661.268475291,-300396.860881587,-303525.402379067,-304014.135233627,305600
-286933.943043743,-291778.896369765,-300505.345700527,-303629.536338242,-304117.517603354,305700
-287055.1569274,-291896.503458035,-300613.817235141,-303733.662280069,-304220.892928047,305800
-287176.348830954,-292014.08976168,-300722.361527437,-303837.780219503,-304324.261221902,305900
-287297.518773421,-292131.655302264,-300830.959544617,-303941.890171469,-304427.622499086,306000
-287418.666773806,-292249.200101333,-300939.543834834,-304046.084556857,-304530.976773739,306100
-287539.792851109,-292366.724180418,-301048.114418694,-304150.291792182,-304634.324059975,306200
-287660.897024318,-292484.227561036,-301156.671316776,-304254.490627572,-304737.66437188,306300
-287781.979312413,-292601.710264683,-301265.214549629,-304358.681079198,-304840.997723512,306400
-287903.039734365,-292719.172312845,-301373.744137776,-304462.863163201,-304944.324128905,306500
-288024.078309138,-292836.613726987,-301482.260101712,-304567.036895692,-305047.643602063,306600
-288145.095055684,-292954.034528562,-301590.762461905,-304671.202292754,-305150.956156966,306700
-288266.08999295,-293071.434739003,-301699.251238795,-304775.359370439,-305254.261807564,306800
-288387.063139871,-293188.81437973,-301807.726452793,-304879.508144772,-305357.560567782,306900
-288508.014515373,-293306.173472145,-301916.188124285,-304983.648631747,-305460.852451519,307000
-288628.944138376,-293423.512037637,-302024.636273628,-305087.78084733,-305564.137472645,307100
-288749.852027789,-293540.830097575,-302133.070921153,-305191.904807456,-305667.415645006,307200
-288870.738202512,-293658.127673315,-302241.492087161,-305296.020528034,-305770.68698242,307300
-288991.602681436,-293775.404786195,-302349.899791928,-305400.128024941,-305873.951498679,307400
-289112.445483445,-293892.661457539,-302458.294055702,-305504.227314027,-305977.209207546,307500
-289233.266627412,-294009.897708652,-302566.674898704,-305608.318411112,-306080.460122763,307600
-289354.066132201,-294127.113560827,-302675.042341126,-305712.401331988,-306183.704258039,307700
-289474.850484693,-294244.309035336,-302783.396403134,-305816.476092417,-306286.941627062,307800
-289595.635815107,-294361.48415344,-302891.737104868,-305920.542708135,-306390.172243491,307900
-289716.399498283,-294478.638936381,-303000.064466439,-306024.601194845,-306493.396120959,308000
-289837.14155315,-294595.773405384,-303108.378507931,-306128.651568225,-306596.613273074,308100
-289957.861998625,-294712.887581661,-303216.679249402,-306232.693843922,-306699.823713416,308200
-290078.560853617,-294829.981486406,-303324.966710882,-306336.728037557,-306803.027455541,308300
-290199.238137026,-294947.055140797,-303433.240912373,-306440.750980045,-306906.224512976,308400
-290319.893867741,-295064.108565997,-303541.501873851,-306544.756046643,-307009.414899225,308500
-290440.528064646,-295181.141783151,-303649.749615266,-306648.753130569,-307112.598627765,308600
-290561.14074661,-295298.154813391,-303757.98415654,-306752.742247171,-307215.775712046,308700
-290681.731932498,-295415.147677829,-303866.205517567,-306856.723411772,-307318.946165493,308800
-290802.301641162,-295532.120397563,-303974.413718215,-306960.696639665,-307422.110001505,308900
-290922.849891447,-295649.072993677,-304082.608778326,-307064.661946117,-307525.267233456,309000
-291043.376702188,-295766.005487235,-304190.790717713,-307168.619346365,-307628.417874693,309100
-291163.88209221,-295882.917899287,-304298.959556164,-307272.568855621,-307731.561938538,309200
-291284.366080331,-295999.810250867,-304407.11531344,-307376.510489066,-307834.699438287,309300
-291404.828685356,-296116.682562992,-304515.258009274,-307480.444261855,-307937.83038721,309400
-291525.269926084,-296233.534856664,-304623.387663372,-307584.370189117,-308040.954798553,309500
-291645.689821303,-296350.367152868,-304731.519813994,-307688.288285951,-308144.072685535,309600
-291766.088389792,-296467.179472573,-304839.64602678,-307792.198567429,-308247.184061349,309700
-291886.46565032,-296583.971836733,-304947.759181607,-307896.101048597,-308350.288939165,309800
-292006.821621649,-296700.744266284,-305055.859298255,-307999.995744471,-308453.387332125,309900
-292127.156322529,-296817.496782148,-305163.908096239,-308103.882670041,-308556.479253347,310000
-292247.469771701,-296934.119919601,-305271.867865793,-308207.761840272,-308659.564715924,310100
-292367.761987898,-297050.609657873,-305379.815033053,-308311.633270096,-308762.643732922,310200
-292488.032989841,-297167.080108234,-305487.749616797,-308415.496974424,-308865.716317385,310300
-292608.282796245,-297283.320920853,-305595.780701018,-308519.352968136,-308968.782482328,310400
-292728.511425813,-297399.192300687,-305703.870704834,-308623.244376561,-309071.842240744,310500
-292848.71889724,-297515.045830579,-305811.947581154,-308727.13773854,-309174.939421927,310600
-292968.905229209,-297630.881527978,-305920.011350097,-308831.023216046,-309278.040113285,310700
-293089.070440397,-297746.699410319,-306028.062031751,-308934.900824515,-309381.134204987,310800
-293209.214549469,-297862.499495025,-306136.099646179,-309038.77057935,-309484.22171066,310900
-293329.337575081,-297978.28179951,-306244.105691867,-309142.632495928,-309587.302643903,311000
-293449.439535881,-298094.046341175,-306352.050883461,-309246.376307599,-309690.377018288,311100
-293569.520450505,-298209.793137408,-306459.983291579,-309350.08987586,-309793.444847361,311200
-293689.580337582,-298325.522205589,-306567.902935626,-309453.796193613,-309896.506144639,311300
-293809.619215728,-298441.233563082,-306675.809834981,-309557.555427281,-309999.560923616,311400
-293929.637103553,-298556.927227243,-306783.689480368,-309661.343965785,-310102.609197756,311500
-294049.634019656,-298672.603215414,-306891.442089465,-309765.124903019,-310205.650980498,311600
-294169.609982626,-298788.261544927,-306999.182435795,-309868.898253716,-310308.686285255,311700
-294289.565011043,-298903.902233102,-307106.910537626,-309972.664032581,-310411.715125411,311800
-294409.499123476,-299019.525297246,-307214.626413197,-310076.422254291,-310514.737514326,311900
-294529.412338487,-299135.130754657,-307322.330080728,-310180.172933497,-310617.753465333,312000
-294649.304674626,-299250.718622619,-307430.02155841,-310283.916084824,-310720.762991739,312100
-294769.176150435,-299366.288918405,-307537.700864413,-310387.651722868,-310823.766106822,312200
-294889.026784444,-299481.841659277,-307645.381035192,-310491.379862199,-310926.762823838,312300
-295008.856595176,-299597.376862485,-307753.137147428,-310595.100517361,-311029.753156013,312400
-295128.665601143,-299713.18233096,-307860.880810703,-310698.81370287,-311132.73711655,312500
-295248.453820847,-299829.157235385,-307968.612043873,-310802.519433216,-311235.714718623,312600
-295368.221272781,-299945.113484728,-308076.330865768,-310906.217722862,-311338.685975382,312700
-295487.967975428,-300061.051098207,-308184.037295195,-311009.908586244,-311441.65089995,312800
-295607.693947261,-300176.970095024,-308291.731350931,-311113.592037774,-311544.609505424,312900
-295727.399206745,-300292.870494367,-308399.444111988,-311217.268091833,-311647.561804876,313000
-295847.083772332,-300408.815238976,-308507.153266794,-311320.936762778,-311750.507811351,313100
-295966.747662466,-300524.750030633,-308614.849971012,-311424.598064941,-311853.447537868,313200
-296086.390895583,-300640.666105307,-308722.534243639,-311528.252012625,-311956.364711386,313300
-296206.013490105,-300756.563482434,-308830.206103646,-311631.898620108,-312059.257734137,313400
-296325.615464449,-300872.442181437,-308937.86556998,-311735.537901641,-312162.14466399,313500
-296445.196837018,-300988.302221724,-309045.51266156,-311839.169871448,-312265.025513391,313600
-296564.757626209,-301104.143622687,-309153.147397278,-311942.79454373,-312367.900294763,313700
-296684.297850405,-301219.966403703,-309260.769796001,-312046.411932658,-312470.769020502,313800
-296803.817527983,-301335.770584138,-309368.379876571,-312150.022052378,-312573.63170298,313900
-296923.316677307,-301451.556183337,-309475.959395926,-312253.624917012,-312676.488354547,314000
-297042.795316734,-301567.323220636,-309583.430551399,-312357.244976214,-312779.338987528,314100
-297162.25346461,-301683.071715352,-309690.889821908,-312460.868497691,-312882.183614223,314200
-297281.691139269,-301798.80168679,-309798.337225291,-312564.48466096,-312985.022246908,314300
-297401.108359039,-301914.513154238,-309905.772779366,-312668.093480477,-313087.854897837,314400
-297520.505142235,-302030.206136971,-310013.196501923,-312771.694970671,-313190.681579237,314500
-297639.881507163,-302145.880654248,-310120.705232663,-312875.289145945,-313293.502303314,314600
-297759.23747212,-302261.536725314,-310228.263661212,-312978.876020674,-313396.317082248,314700
-297878.573055392,-302377.174369398,-310335.809786154,-313082.455609208,-313499.125928196,314800
-297997.888275255,-302492.793605716,-310443.343626444,-313186.027925867,-313601.928853291,314900
-298117.183149976,-302608.394453467,-310550.865201012,-313289.592984946,-313704.725869644,315000
-298236.457697812,-302723.976931836,-310658.374528757,-313393.150800715,-313807.516989339,315100
-298355.711937008,-302839.541059995,-310765.790269692,-313496.701387415,-313910.30222444,315200
-298474.945885802,-302955.086857098,-310873.22602876,-313600.244759259,-314013.081586983,315300
-298594.159562419,-303070.614342287,-310980.718806239,-313703.780930438,-314115.855088985,315400
-298713.352985077,-303186.123534687,-311088.192576195,-313807.309915112,-314218.622742437,315500
-298832.526608863,-303301.614453409,-311195.65414882,-313910.831727416,-314321.384559307,315600
-298951.687222475,-303417.105853445,-311303.103542966,-314014.34638146,-314424.14055154,315700
-299070.827619283,-303532.658195872,-311410.540777459,-314117.853891325,-314526.890731056,315800
-299189.947817492,-303648.192074642,-311517.965871099,-314221.354271068,-314629.635109754,315900
-299309.047835295,-303763.707509246,-311625.378842658,-314324.847534718,-314732.373699507,316000
-299428.127690877,-303879.204519159,-311732.722961734,-314428.333696278,-314835.106512168,316100
-299547.187402412,-303994.683123841,-311840.054865227,-314531.812769726,-314937.833559564,316200
-299666.226988062,-304110.143342735,-311947.353079694,-314635.284769011,-315040.5548535,316300
-299785.246465982,-304225.585195271,-312054.636347107,-314738.74970806,-315143.270405758,316400
-299904.245854313,-304341.008700861,-312161.90786038,-314842.207600769,-315245.980228097,316500
-300023.225171191,-304456.413878905,-312269.167637459,-314945.658461013,-315348.684332251,316600
-300142.184434738,-304571.800748783,-312376.415696264,-315049.102302637,-315451.382729935,316700
-300261.123663066,-304687.169329863,-312483.652054694,-315152.539139462,-315554.075432836,316800
-300380.042874278,-304802.519641496,-312590.866928524,-315255.968985282,-315656.762452622,316900
-300498.942086467,-304917.851703019,-312698.062654705,-315359.391853866,-315759.443800938,317000
-300617.821317716,-305033.165533751,-312805.246792146,-315462.807758957,-315862.119489402,317100
-300736.680586096,-305148.461152999,-312912.419358502,-315566.216714272,-315964.789529615,317200
-300855.51990967,-305263.738580051,-313019.701061403,-315669.618733502,-316067.453933151,317300
-300974.339306488,-305378.997834183,-313126.973281474,-315773.013830313,-316170.112711562,317400
-301093.138794594,-305494.238934652,-313234.233567225,-315876.402018344,-316272.769676023,317500
-301211.918392017,-305609.461900703,-313341.463017801,-315979.783311211,-316375.433603098,317600
-301330.67811678,-305724.666751563,-313448.687039875,-316083.157722501,-316478.091868759,317700
-301449.417986893,-305839.853506444,-313555.936434989,-316186.525265778,-316580.744484694,317800
-301568.138020356,-305955.022184544,-313663.173886004,-316289.88595458,-316683.391462565,317900
-301686.83823516,-306070.172805044,-313770.399411598,-316393.239802419,-316786.032814016,318000
-301805.518649286,-306185.30538711,-313877.613030425,-316496.586822782,-316888.668550662,318100
-301924.179280702,-306300.419949893,-313984.814761111,-316599.92702913,-316991.2986841,318200
-302042.820147369,-306415.516512529,-314091.934687052,-316703.260434899,-317093.9232259,318300
-302161.441267235,-306530.595094137,-314199.012544152,-316806.587053501,-317196.542187613,318400
-302280.042658239,-306645.655713821,-314306.078910129,-316909.906898322,-317299.155580765,318500
-302398.624338311,-306760.698390671,-314413.133802661,-317013.219982721,-317401.763416858,318600
-302517.186325369,-306875.723143759,-314520.177239398,-317116.523412277,-317504.365707373,318700
-302635.728637319,-306990.729992145,-314627.20923797,-317219.819366611,-317606.962463768,318800
-302754.251292061,-307105.71895487,-314734.229815977,-317323.10861565,-317709.585780113,318900
-302872.754307481,-307220.690050962,-314841.238990998,-317426.391172608,-317812.212092182,319000
-302991.237701457,-307335.643299433,-314948.236780587,-317529.667050675,-317914.832726475,319100
-303109.701491854,-307450.578719279,-315055.223202271,-317632.936263015,-318017.447694933,319200
-303228.145696529,-307565.496329481,-315162.198273555,-317736.198822768,-318120.057009472,319300
-303346.570333329,-307680.396149004,-315269.162011918,-317839.454743047,-318222.660681982,319400
-303464.975420088,-307795.278196799,-315376.114434815,-317942.704036944,-318325.258724332,319500
-303583.360974631,-307910.1424918,-315483.029779199,-318045.944775048,-318427.851148365,319600
-303701.727014774,-308024.989052926,-315589.885591802,-318149.177459611,-318530.4379659,319700
-303820.07355832,-308139.817899082,-315696.730387356,-318252.403570905,-318633.019188734,319800
-303938.400623064,-308254.629049155,-315803.564182626,-318355.623121879,-318735.594828637,319900
-304056.708226788,-308369.422522018,-315910.386994352,-318458.836125458,-318838.164897359,320000
-304174.996387267,-308484.19833653,-316017.198839252,-318562.042594543,-318940.729406623,320100
-304293.265122262,-308598.956511531,-316123.999734022,-318665.242542012,-319043.28836813,320200
-304411.514449526,-308713.69706585,-316230.819624318,-318768.435980717,-319145.841793557,320300
-304529.7443868,-308828.420018297,-316337.692186806,-318871.622923486,-319248.389694557,320400
-304647.954951816,-308943.125387668,-316444.55353705,-318974.803383124,-319350.93208276,320500
-304766.146162294,-309057.813192743,-316551.403692406,-319077.977372412,-319453.468969772,320600
-304884.318035945,-309172.483452288,-316658.242670207,-319181.144904104,-319556.000367175,320700
-305002.470590469,-309287.137401654,-316765.070487758,-319284.305990934,-319658.52628653,320800
-305119.925430653,-309401.810786018,-316871.887162343,-319387.460645609,-319761.046739371,320900
-305237.280187914,-309516.466583447,-316978.69271122,-319490.608880814,-319863.561737211,321000
-305354.61738458,-309631.104812821,-317085.487151621,-319593.75070921,-319966.071291539,321100
-305471.937035657,-309745.725493005,-317192.270500757,-319696.886143433,-320068.575413822,321200
-305589.239156143,-309860.328642846,-317299.035658899,-319800.015196096,-320171.074115501,321300
-305706.523761028,-309974.914281177,-317405.784684452,-319903.137879788,-320273.567407997,321400
-305823.790865297,-310089.482426816,-317512.522711331,-320006.254207074,-320376.055302705,321500
-305941.040483924,-310204.033098563,-317619.249756547,-320109.364190496,-320478.537810999,321600
-306058.272631879,-310318.566315204,-317725.965837086,-320212.467842571,-320581.014944229,321700
-306175.487324122,-310433.08209551,-317832.670969913,-320315.565175796,-320683.486713722,321800
-306292.684575608,-310547.580458235,-317939.365171966,-320418.65620264,-320785.953130783,321900
-306409.864401281,-310662.061422118,-318046.04846016,-320521.74093555,-320888.414206692,322000
-306527.026816082,-310776.525005882,-318152.720851387,-320624.819386952,-320990.869952709,322100
-306644.171834942,-310890.971228234,-318259.382362514,-320727.891569245,-321093.320380069,322200
-306761.299472783,-311005.400107867,-318366.033010385,-320830.957494806,-321195.765499984,322300
-306878.409744523,-311119.811663457,-318472.672811818,-320934.017175989,-321298.205323645,322400
-306995.502665071,-311234.205913665,-318579.301783611,-321037.070625125,-321400.639862219,322500
-307112.578249327,-311348.582877134,-318685.919942533,-321140.117854521,-321503.069126851,322600
-307229.636512186,-311462.942572497,-318792.527305335,-321243.158876461,-321605.493128663,322700
-307346.677468533,-311577.285018365,-318899.123888739,-321346.193703206,-321707.911878754,322800
-307463.701133248,-311691.610233337,-319005.709709446,-321449.222346993,-321810.325388203,322900
-307580.707521203,-311805.922476605,-319112.267743605,-321552.244820038,-321912.733668062,323000
-307697.696647259,-311920.420724393,-319218.795964063,-321655.261134531,-322015.136729365,323100
-307814.668526275,-312034.901263446,-319325.313593521,-321758.271302642,-322117.53458312,323200
-307931.623173098,-312149.36411327,-319431.820648291,-321861.275336515,-322219.927240316,323300
-308048.735966767,-312263.809293352,-319538.317144656,-321964.273248274,-322322.314711917,323400
-308166.384794879,-312378.236823165,-319644.803098879,-322067.234708385,-322424.697008867,323500
-308284.014794215,-312492.646722163,-319751.278527201,-322170.179022194,-322527.074142085,323600
-308401.625982157,-312607.039009783,-319857.743445837,-322273.11742157,-322629.44612247,323700
-308519.218376077,-312721.413705447,-319964.197870983,-322376.049918023,-322731.812960899,323800
-308636.791993337,-312835.770828558,-320070.64181881,-322478.976523041,-322834.174668225,323900
-308754.346851286,-312950.110398503,-320177.075305464,-322581.897248094,-322936.531255281,324000
-308871.882967265,-313064.432434652,-320283.498347073,-322684.812104628,-323038.882732876,324100
-308989.400358603,-313178.587861055,-320389.910959738,-322787.721104068,-323141.2291118,324200
-309105.988603693,-313292.557059579,-320496.31315954,-322890.624257819,-323243.570402816,324300
-309222.164257244,-313406.509597927,-320602.704962537,-322993.521577263,-323345.906616672,324400
-309338.324129792,-313520.445493922,-320709.086384761,-323096.413073763,-323448.237764087,324500
-309454.468234186,-313634.364765371,-320815.457442226,-323199.298758658,-323550.563855764,324600
-309570.596583267,-313748.267430067,-320921.818150921,-323302.17864327,-323652.884902381,324700
-309686.709189872,-313862.153505789,-321028.168526813,-323405.052738896,-323755.200914596,324800
-309802.806066833,-313976.0230103,-321134.508585845,-323507.921056814,-323857.511903043,324900
-309918.887365349,-314089.875961349,-321240.838343939,-323610.783608281,-323959.817878337,325000
-310034.985736066,-314203.71237667,-321347.157816995,-323713.640404533,-324062.118851069,325100
-310151.098713729,-314317.532273981,-321453.467020887,-323816.491456783,-324164.410829441,325200
-310268.267104996,-314431.335670988,-321559.765971472,-323919.336776227,-324266.644497866,325300
-310385.417324021,-314545.12258538,-321666.05468458,-324022.176374037,-324368.873292584,325400
-310502.57028599,-314658.893034831,-321772.33317602,-324125.009133787,-324471.097377226,325500
-310619.712455999,-314772.647037002,-321878.601461579,-324227.830590254,-324573.316761475,325600
-310736.836442442,-314886.384609538,-321984.859557022,-324330.646386289,-324675.531454991,325700
-310853.942262013,-315000.105770069,-322091.107478091,-324433.456532897,-324777.741467416,325800
-310971.029931398,-315113.81053621,-322197.345240505,-324536.261041064,-324879.946808374,325900
-311088.099467269,-315227.498925564,-322303.545907719,-324639.059921755,-324982.147487468,326000
-311205.150886291,-315341.170955715,-322409.735424195,-324741.853185914,-325084.343514285,326100
-311322.192989241,-315454.826644235,-322515.914923054,-324844.640844467,-325186.53489839,326200
-311439.240887453,-315568.466008681,-322622.084419698,-324947.422908316,-325288.721649331,326300
-311556.270645292,-315682.089066594,-322728.243929507,-325050.199388347,-325390.903776636,326400
-311673.282279496,-315795.695835503,-322834.393467839,-325152.970295423,-325493.081289816,326500
-311790.275806793,-315909.286332918,-322940.533050031,-325255.735640386,-325595.25419836,326600
-311907.251243898,-316022.860576338,-323046.662691398,-325358.495434062,-325697.422511742,326700
-312024.20860752,-316136.418583245,-323152.782407234,-325461.249687252,-325799.586239414,326800
-312141.147914355,-316249.960371107,-323258.89221281,-325563.998410739,-325901.745390812,326900
-312258.069181087,-316363.485957379,-323364.992123377,-325666.741615288,-326003.899975352,327000
-312374.972424394,-316476.995359498,-323471.082154163,-325769.479311641,-326106.05000243,327100
-312491.85766094,-316590.518183245,-323577.162320376,-325872.211510521,-326208.195481426,327200
-312608.72490738,-316704.070748563,-323683.232637202,-325974.938222631,-326310.336421701,327300
-312725.574180358,-316817.51134939,-323789.293119805,-326077.659458655,-326412.472832596,327400
-312842.405496508,-316930.830124405,-323895.343783328,-326180.375229255,-326514.604723434,327500
-312959.218872453,-317044.228220906,-324001.384642892,-326283.085545076,-326616.73210352,327600
-313076.014324808,-317157.610315128,-324107.415713598,-326385.790416741,-326718.854982141,327700
-313192.791870175,-317270.976424268,-324213.437010525,-326488.489854855,-326820.973368565,327800
-313309.551525145,-317384.326565509,-324319.448548729,-326591.18387,-326923.087272042,327900
-313426.293306301,-317497.660756018,-324425.450343247,-326693.872472743,-327025.196701803,328000
-313543.017230214,-317610.979012949,-324531.442409094,-326796.555673627,-327127.301667061,328100
-313659.723313445,-317724.281353441,-324637.424761264,-326899.233483178,-327229.402177012,328200
-313776.411572545,-317837.567794618,-324743.397414728,-327001.905911902,-327331.498240831,328300
-313893.082024054,-317950.83835359,-324849.360384439,-327104.572970284,-327433.589867678,328400
-314009.734684501,-318064.093047453,-324955.313685325,-327207.234668792,-327535.677066693,328500
-314126.369570405,-318177.331893288,-325061.257332296,-327309.891017872,-327637.759846997,328600
-314242.986698276,-318290.55490816,-325167.19134024,-327412.542027951,-327739.838217697,328700
-314359.586084611,-318403.762109123,-325273.115724023,-327515.187709439,-327841.912187876,328800
-314476.167745899,-318516.953513213,-325379.030498491,-327617.828072723,-327943.981766605,328900
-314592.731698616,-318630.129137453,-325484.93882305,-327720.463128173,-328046.046962933,329000
-314709.277959229,-318743.288998853,-325590.846145724,-327823.092886139,-328148.107785891,329100
-314825.806544195,-318856.433114406,-325696.743864004,-327925.717356952,-328250.164244495,329200
-314942.31746996,-318969.561501091,-325802.631992748,-328028.336550924,-328352.216347742,329300
-315058.810752958,-319082.674175874,-325908.510546794,-328130.950478345,-328454.264104609,329400
-315175.286409615,-319195.771155706,-326014.379540955,-328233.559149491,-328556.307524057,329500
-315291.744456345,-319308.852457522,-326120.246779194,-328336.162574614,-328658.34661503,329600
-315408.184909552,-319421.918098245,-326226.173066402,-328438.760763949,-328760.381386453,329700
-315524.607785629,-319534.968094782,-326332.089578898,-328541.353727712,-328862.411847234,329800
-315641.01310096,-319648.002464025,-326437.996332053,-328643.9414761,-328964.438006262,329900
-315757.400871915,-319761.021222853,-326543.893341214,-328746.52401929,-329066.459872409,330000
-315873.285843127,-319874.024388131,-326649.780621705,-328849.10136744,-329168.477454532,330100
-315989.040818578,-319987.011976707,-326755.658188831,-328951.673530691,-329270.490761465,330200
-316104.779647215,-320099.984005416,-326861.526057873,-329054.240519163,-329372.49980203,330300
-316220.50234325,-320212.94049108,-326967.384244088,-329156.802342957,-329474.504585028,330400
-316336.208920888,-320325.881450504,-327073.232762713,-329259.359012158,-329576.505119244,330500
-316451.899394327,-320438.806900481,-327179.071628963,-329361.910536828,-329678.501413445,330600
-316567.573777757,-320551.716857788,-327284.900858029,-329464.456927013,-329780.493476381,330700
-316683.232085356,-320664.611339188,-327390.720465083,-329566.99819274,-329882.481316784,330800
-316798.8743313,-320777.490361429,-327496.53046527,-329669.534344016,-329984.464943369,330900
-316914.500529754,-320890.353941245,-327602.330873719,-329772.06539083,-330086.444364833,331000
-317030.110694873,-321003.202095358,-327708.121705531,-329874.591343154,-330188.419589858,331100
-317146.002928573,-321116.034840471,-327813.90297579,-329977.112210938,-330290.390627107,331200
-317262.143935941,-321228.852193275,-327919.674699555,-330079.624829235,-330392.357485225,331300
-317378.267681541,-321341.654170448,-328025.36676126,-330182.123027319,-330494.320172841,331400
-317494.374181497,-321454.440788652,-328131.038514179,-330284.616222054,-330596.278698566,331500
-317610.463451923,-321567.212064534,-328236.701040372,-330387.104423162,-330698.233070996,331600
-317726.53550892,-321679.968014729,-328342.354354132,-330489.587640347,-330800.183298708,331700
-317842.590368581,-321792.708655854,-328447.998469735,-330592.065883297,-330902.129390262,331800
-317958.630238302,-321905.434004515,-328553.633401436,-330694.539161678,-331004.071354201,331900
-318074.702168968,-322018.144077302,-328659.259163467,-330797.007485143,-331106.009199052,332000
-318190.756832886,-322130.838890791,-328764.875770043,-330899.470863324,-331207.942933324,332100
-318306.794246293,-322243.518461543,-328870.483235356,-331001.929305834,-331309.872565509,332200
-318422.814425417,-322356.182806107,-328976.081573581,-331104.382822271,-331411.798104084,332300
-318538.817386474,-322468.831941014,-329081.670798869,-331206.831422214,-331513.719557507,332400
-318654.803145671,-322581.465882784,-329187.250925353,-331309.275115223,-331615.636934219,332500
-318770.771719201,-322694.084647921,-329292.821967145,-331411.713910843,-331717.550242646,332600
-318886.723123251,-322806.688252914,-329398.383938337,-331514.147818598,-331819.459491197,332700
-319002.657373993,-322919.27671424,-329503.936853001,-331616.576847996,-331921.364688261,332800
-319118.57448759,-323031.850048359,-329609.48072519,-331719.001008527,-332023.265842216,332900
-319234.474480194,-323144.408271718,-329715.015568933,-331821.420309665,-332125.162961418,333000
-319350.586821227,-323256.95140075,-329820.541398243,-331923.834760862,-332227.056054209,333100
-319466.813889923,-323369.479451874,-329926.058227112,-332026.244371557,-332328.945128914,333200
-319583.023042378,-323481.992441493,-330031.56606951,-332128.649151169,-332430.830193842,333300
-319699.21429608,-323594.490385996,-330137.064939388,-332231.0491091,-332532.711257284,333400
-319815.387668508,-323706.978992314,-330242.554850679,-332333.444254735,-332634.588327516,333500
-319931.543177124,-323819.465592618,-330348.035817294,-332435.834597441,-332736.461412796,333600
-320047.680839379,-323931.937149591,-330453.507853123,-332538.220146566,-332838.330521366,333700
-320163.800672714,-324044.39367965,-330558.970972039,-332640.600911444,-332940.195661454,333800
-320279.902694554,-324156.835199197,-330664.425187893,-332742.976901389,-333042.056841267,333900
-320395.986922313,-324269.261724622,-330769.870514516,-332845.348125699,-333143.914068999,334000
-320512.053373392,-324381.673272298,-330875.30696572,-332947.714593653,-333245.767352827,334100
-320628.102065181,-324494.069858585,-330980.734555298,-333050.076314514,-333347.616700912,334200
-320744.133015055,-324606.451499828,-331086.153297022,-333152.433297528,-333449.462121397,334300
-320860.146240378,-324718.818212357,-331191.563204643,-333254.785551922,-333551.303622411,334400
-320976.141758502,-324831.17001249,-331296.964291896,-333357.133086909,-333653.141212066,334500
-321092.119586764,-324943.506916528,-331402.416290298,-333459.475911681,-333754.974898456,334600
-321208.079742492,-325055.82894076,-331507.860054228,-333561.814035415,-333856.804689663,334700
-321323.699951845,-325168.136101457,-331613.294834492,-333664.147467272,-333958.630593747,334800
-321439.247884461,-325280.42841488,-331718.720645248,-333766.476216392,-334060.452618759,334900
-321554.779077828,-325392.705897274,-331824.137500631,-333868.800291903,-334162.270772727,335000
-321670.293547775,-325504.968564867,-331929.545414757,-333971.119702911,-334264.085063668,335100
-321785.579026184,-325617.216433877,-332034.944401723,-334073.44959391,-334365.89549958,335200
-321900.700195574,-325729.449520505,-332140.334475601,-334175.786625919,-334467.702088447,335300
-322015.805509863,-325841.667840938,-332245.715650448,-334278.118909517,-334569.508408433,335400
-322130.894983531,-325953.871411349,-332351.087940295,-334380.446454081,-334671.325065536,335500
-322245.968631049,-326066.060247897,-332456.451359156,-334482.769268973,-334773.137822247,335600
-322361.026466879,-326178.234366726,-332561.805921023,-334585.087363532,-334874.946686735,335700
-322476.068505475,-326290.393783966,-332667.151639868,-334687.400747084,-334976.751667148,335800
-322591.094761281,-326402.538515733,-332772.488529643,-334789.709428934,-335078.552771621,335900
-322706.105248731,-326514.668578128,-332877.816604279,-334892.022024135,-335180.350008272,336000
-322821.099982251,-326626.783987238,-332983.135877686,-334994.332685575,-335282.143385201,336100
-322936.078976259,-326738.884759137,-333088.446363755,-335096.638625798,-335383.932910493,336200
-323051.042245161,-326850.970909881,-333193.748076355,-335198.939854184,-335485.718592216,336300
-323165.989803357,-326963.042455517,-333299.041029336,-335301.236380096,-335587.500438422,336400
-323280.921665236,-327075.099412073,-333404.303876872,-335403.52821288,-335689.278457148,336500
-323395.837845178,-327187.141795566,-333509.526835611,-335505.815361862,-335791.052656412,336600
-323510.738357555,-327299.169621996,-333614.741254509,-335608.097836353,-335892.823044218,336700
-323625.623216728,-327411.182907352,-333719.947146895,-335710.375645643,-335994.589628552,336800
-323740.639505303,-327523.181667605,-333825.077243213,-335812.648799007,-336096.352417386,336900
-323855.830682204,-327635.165918715,-333930.194148302,-335914.9173057,-336198.111418675,337000
-323971.005477926,-327747.135676625,-334035.302805516,-336017.181174962,-336299.866640357,337100
-324086.163908026,-327859.090957267,-334140.40322753,-336119.440416013,-336401.618090354,337200
-324201.305988052,-327971.031776555,-334245.495427003,-336221.695038057,-336503.365776574,337300
-324316.431733538,-328082.958150392,-334350.579416575,-336323.945050279,-336605.109706906,337400
-324431.54116001,-328194.870094665,-334455.671253772,-336426.184782442,-336706.849889226,337500
-324546.634282984,-328306.767625247,-334560.858155576,-336528.404012164,-336808.586331392,337600
-324661.711117962,-328418.650757998,-334666.036485935,-336630.618749221,-336910.319041246,337700
-324776.771680437,-328530.519508761,-334771.206258388,-336732.829002452,-337012.048026617,337800
-324891.815985894,-328642.367433336,-334876.367486456,-336835.034780685,-337113.773295313,337900
-325006.844049803,-328754.111058334,-334981.520183639,-336937.236092727,-337215.494855132,338000
-325121.855887626,-328865.840594332,-335086.664363419,-337039.43294737,-337317.212713852,338100
-325236.851514813,-328977.556056674,-335191.800039255,-337141.625353389,-337418.926879236,338200
-325351.830946804,-329089.257460692,-335296.92722459,-337243.813319543,-337520.637359033,338300
-325466.794199029,-329200.944821702,-335402.045932844,-337345.996854575,-337622.344160975,338400
-325581.741286906,-329312.618155009,-335507.155583156,-337448.175967209,-337724.047292779,338500
-325696.554781425,-329424.277475901,-335612.210255596,-337550.350666154,-337825.746762144,338600
-325811.102057595,-329535.948309159,-335717.256651126,-337652.520960104,-337927.442576757,338700
-325925.634055506,-329647.613705516,-335822.294782693,-337754.692095726,-338029.134744287,338800
-326040.150789191,-329759.265046843,-335927.324663226,-337856.868866907,-338130.823272389,338900
-326154.652272672,-329870.902348539,-336032.346305634,-337959.047495596,-338232.5081687,339000
-326269.138519965,-329982.525625988,-336137.359722808,-338061.221664505,-338334.189440845,339100
-326383.609545074,-330094.134894564,-336242.364927621,-338163.39138252,-338435.86709643,339200
-326498.065361995,-330205.730169625,-336347.361932925,-338265.556658507,-338537.541143048,339300
-326612.505984715,-330317.311466514,-336452.350751557,-338367.717501314,-338639.211588276,339400
-326726.931427213,-330428.878800563,-336557.331396332,-338469.873919775,-338740.878439675,339500
-326841.341703458,-330540.432187088,-336662.303880047,-338572.025922707,-338842.541704792,339600
-326955.736827409,-330651.971641392,-336767.268215482,-338674.173518906,-338944.201391157,339700
-327070.116813018,-330763.497178767,-336872.224415398,-338776.316717157,-339045.857506286,339800
-327184.481674227,-330875.008814486,-336977.172492535,-338878.455526223,-339147.510057678,339900
-327298.831424969,-330986.506563813,-337082.112459618,-338980.589954854,-339249.15905282,340000
-327413.166079167,-331097.990441995,-337187.044329351,-339082.72001178,-339350.804499181,340100
-327527.485650737,-331209.460464269,-337291.96811442,-339184.845705718,-339452.446404215,340200
-327641.790153585,-331320.916645854,-337396.883827493,-339286.967045364,-339554.084775362,340300
-327756.079601606,-331432.359001958,-337501.79148122,-339389.084039401,-339655.719620047,340400
-327870.35400869,-331543.787547776,-337606.691088231,-339491.196696494,-339757.350945679,340500
-327984.613388714,-331655.202298487,-337711.58266114,-339593.30502529,-339858.978759652,340600
-328098.857755549,-331766.603269258,-337816.46621254,-339695.409034421,-339960.603069347,340700
-328213.087123054,-331877.990475241,-337921.341755007,-339797.508732503,-340062.223882125,340800
-328327.301505082,-331989.363931577,-338026.209301099,-339899.604128134,-340163.841205339,340900
-328441.500915475,-332100.72365339,-338131.068863354,-340001.695229896,-340265.45504632,341000
-328555.685368067,-332212.069655792,-338235.920454295,-340103.782046354,-340367.065412391,341100
-328669.854876681,-332323.722889413,-338340.764086422,-340205.864586059,-340468.672310854,341200
-328784.009455133,-332435.379539477,-338445.599772222,-340307.942857542,-340570.275748999,341300
-328898.14911723,-332547.021639796,-338550.42752416,-340410.01686932,-340671.875734103,341400
-329012.273876768,-332658.649207039,-338655.247354684,-340512.086629893,-340773.472273424,341500
-329126.383747535,-332770.262257862,-338760.059276224,-340614.152147744,-340875.065374209,341600
-329240.478743311,-332881.860808904,-338864.863301192,-340716.213431342,-340976.655043687,341700
-329354.558877865,-332993.444876788,-338969.659441981,-340818.270489136,-341078.241289076,341800
-329468.624164959,-333105.014478121,-339074.447710967,-340920.323329563,-341179.824117575,341900
-329582.674618344,-333216.569629494,-339179.228120507,-341022.371961041,-341281.403536373,342000
-329696.710251763,-333328.110347482,-339284.000682941,-341124.416391971,-341382.979552641,342100
-329810.731078948,-333439.45247719,-339388.76541059,-341226.456630742,-341484.552173536,342200
-329924.737113626,-333550.680094687,-339493.522315758,-341328.492685722,-341586.121406202,342300
-330038.728369511,-333661.894068402,-339598.271410729,-341430.524565267,-341687.692789407,342400
-330152.70486031,-333773.094413477,-339703.012707771,-341532.552277714,-341789.265511771,342500
-330266.66659972,-333884.281145037,-339807.746219134,-341634.575831385,-341890.834822133,342600
-330380.613601428,-333995.454278193,-339912.471957049,-341736.595234586,-341992.400727724,342700
-330494.545879115,-334106.635347162,-340017.18993373,-341838.610495608,-342093.963235761,342800
-330608.46344645,-334217.831454176,-340121.900161373,-341940.621622725,-342195.522353445,342900
-330722.366317094,-334329.013877612,-340226.602652155,-342042.628624195,-342297.078087963,343000
-330836.254504698,-334440.182632769,-340331.297418238,-342144.63150826,-342398.630446488,343100
-330950.128022906,-334551.33773493,-340435.984471762,-342246.630283147,-342500.179436175,343200
-331063.98688535,-334662.479199366,-340540.663824853,-342348.624957066,-342601.72506417,343300
-331177.831105656,-334773.607041331,-340645.335489617,-342450.615538213,-342703.267337598,343400
-331291.660697439,-334884.721276069,-340749.999478144,-342552.602034767,-342804.806263575,343500
-331405.475674304,-334995.821918805,-340854.655802505,-342654.58445489,-342906.341849197,343600
-331519.27604985,-335106.908984753,-340959.304474754,-342756.562806732,-343007.874101551,343700
-331633.061837663,-335217.982489112,-341063.945506926,-342858.537098423,-343109.403027705,343800
-331746.833051323,-335329.042447067,-341168.578911041,-342960.50733808,-343210.928634715,343900
-331860.5897044,-335440.156864035,-341273.204699098,-343062.473533803,-343312.450929621,344000
-331974.331810454,-335551.505298838,-341377.822883081,-343164.435693679,-343413.96991945,344100
-332088.059383037,-335662.839407536,-341482.433474955,-343266.393825776,-343515.485611213,344200
-332201.772435692,-335774.159206797,-341587.03648667,-343368.347938148,-343616.998011908,344300
-332315.47098195,-335885.464713272,-341691.631930155,-343470.298038834,-343718.507128518,344400
-332429.155035338,-335996.755943594,-341796.219817322,-343572.244135858,-343820.012968011,344500
-332542.824609369,-336108.032914381,-341900.800160069,-343674.186237225,-343921.515537342,344600
-332656.47971755,-336219.295642236,-342005.372970272,-343776.124350929,-344023.01484345,344700
-332770.120373377,-336330.544143742,-342109.938259793,-343878.058484947,-344124.510893262,344800
-332883.746590338,-336441.778435468,-342214.496040474,-343979.988647239,-344226.00369369,344900
-332997.358381912,-336552.998533968,-342319.046324142,-344081.914845752,-344327.49325163,345000
-333110.955761568,-336664.204455775,-342423.589122605,-344183.837088416,-344428.979573965,345100
-333224.538742766,-336775.39621741,-342528.124447654,-344285.755383147,-344530.462667566,345200
-333338.107338957,-336886.573835376,-342632.652311063,-344387.669737844,-344631.942539285,345300
-333451.661563584,-336997.73732616,-342737.172724588,-344489.580160394,-344733.419195966,345400
-333565.201430079,-337108.886706231,-342841.685699969,-344591.486658665,-344834.892644433,345500
-333678.726951866,-337220.021992044,-342946.191248927,-344693.389240512,-344936.3628915,345600
-333792.238142359,-337331.143200036,-343050.689383167,-344795.287913774,-345037.829943965,345700
-333905.735014964,-337442.25034663,-343155.193186107,-344897.182686276,-345139.293808614,345800
-334019.217583078,-337553.343448229,-343259.692217571,-344999.073565827,-345240.754492217,345900
-334132.685860087,-337663.964940434,-343364.183816115,-345100.960560221,-345342.21200153,346000
-334246.139859369,-337774.505425251,-343468.667993505,-345202.843677236,-345443.666343296,346100
-334359.579594294,-337885.033275898,-343573.144761493,-345304.722924638,-345545.117524245,346200
-334473.00507822,-337995.548506195,-343677.614131809,-345406.598310174,-345646.565551092,346300
-334586.416324499,-338106.051129949,-343782.076116171,-345508.46984158,-345748.010430538,346400
-334699.813346472,-338216.541160957,-343886.530726274,-345610.337526574,-345849.45216927,346500
-334813.196157471,-338327.018613,-343990.977973801,-345712.20137286,-345950.890773963,346600
-334926.564770819,-338437.49802817,-344095.417870414,-345814.061388128,-346052.326251276,346700
-335039.919199831,-338547.971930808,-344199.85042776,-345915.917580053,-346153.758317269,346800
-335153.259457811,-338658.433239668,-344304.275657466,-346017.769956294,-346255.186678315,346900
-335266.585558054,-338768.881968587,-344408.693571146,-346119.618524495,-346356.611935754,347000
-335379.897513848,-338879.318131392,-344513.104180392,-346221.463292288,-346458.034096179,347100
-335493.19533847,-338989.741741893,-344617.507496782,-346323.304267288,-346559.453166169,347200
-335606.479045187,-339100.15281389,-344721.903531877,-346425.141457095,-346660.869152289,347300
-335719.748647259,-339210.551361171,-344826.292297219,-346526.974869295,-346762.282061092,347400
-335833.004157936,-339320.937397509,-344930.673804334,-346628.80451146,-346863.691899117,347500
-335946.245590459,-339431.310936666,-345035.048064731,-346730.630391146,-346965.098672888,347600
-336059.472958058,-339541.671992392,-345139.415089901,-346832.452515895,-347066.502388918,347700
-336172.686273957,-339652.020578423,-345243.774891319,-346934.270893236,-347167.903053705,347800
-336285.885551369,-339762.356708485,-345348.127480442,-347036.08553068,-347269.300673733,347900
-336399.070803498,-339872.680396287,-345452.472868711,-347137.896172226,-347370.695163974,348000
-336512.242043538,-339983.086467481,-345556.81106755,-347239.701735924,-347472.086364652,348100
-336625.399284676,-340093.710050859,-345661.142088366,-347341.503588932,-347573.47454147,348200
-336738.542540088,-340204.320395768,-345765.465942548,-347443.301738684,-347674.859700853,348300
-336851.671822942,-340314.917517406,-345869.782641468,-347545.095748106,-347776.241849215,348400
-336964.787146396,-340425.50143096,-345974.092196484,-347646.883578236,-347877.620992957,348500
-337077.888523598,-340536.072151601,-346078.394618933,-347748.667739439,-347978.997138466,348600
-337190.97596769,-340646.629694485,-346182.689920139,-347850.448239054,-348080.370292115,348700
-337304.049491801,-340757.174074753,-346286.978111406,-347952.225084408,-348181.740460266,348800
-337417.109109053,-340867.705307533,-346391.259204024,-348053.998282813,-348283.107649266,348900
-337530.15483256,-340978.223407935,-346495.553226108,-348155.767841566,-348384.471865449,349000
-337643.186675423,-341088.728391058,-346599.872276386,-348257.533767952,-348485.833115138,349100
-337756.204650738,-341199.247163442,-346704.184082027,-348359.296069239,-348587.191404642,349200
-337869.208771588,-341309.765598531,-346808.488654706,-348461.054752684,-348688.546740254,349300
-337982.199051051,-341420.270859256,-346912.786006079,-348562.778727571,-348789.899128259,349400
-338095.175502192,-341530.762960844,-347017.076147784,-348664.496155376,-348891.248574925,349500
-338208.138138069,-341641.241918506,-347121.357281356,-348766.210128212,-348992.59508651,349600
-338321.086971731,-341751.707747439,-347225.618326051,-348867.920652848,-349093.938669257,349700
-338434.022016215,-341862.160462825,-347329.872245893,-348969.62773604,-349195.279329397,349800
-338546.943284553,-341972.60007983,-347434.119052326,-349071.331384532,-349296.617073149,349900
-338659.850789766,-342083.026613605,-347538.358756777,-349173.031605055,-349397.951906716,350000
-338772.744544863,-342193.440079287,-347642.591370655,-349274.728404327,-349499.283836292,350100
-338885.624562849,-342303.840491999,-347746.816905354,-349376.421789053,-349600.612868057,350200
-338998.490856717,-342414.262270893,-347851.035372248,-349478.112877578,-349701.939008176,350300
-339111.343439449,-342524.672937926,-347955.246782696,-349579.872857039,-349803.262262805,350400
-339224.182324022,-342635.070499999,-348059.451148039,-349681.629134182,-349904.582638085,350500
-339337.007523401,-342745.454972361,-348163.6484796,-349783.381716612,-350005.900140144,350600
-339449.819050543,-342855.826370245,-348267.838788688,-349885.130611919,-350107.214775098,350700
-339562.616918395,-342966.18470887,-348372.022086592,-349986.875827678,-350208.526549052,350800
-339675.401139895,-343076.530003437,-348476.198384584,-350088.617371449,-350309.835468096,350900
-339788.171727972,-343186.862269136,-348580.36769392,-350190.355250779,-350411.141538308,351000
-339900.928695547,-343297.181521138,-348684.530025839,-350292.089473195,-350512.444765754,351100
-340013.672055529,-343407.487774601,-348788.685391563,-350393.820046215,-350613.745156487,351200
-340126.401820821,-343517.781044668,-348892.833802297,-350495.545992116,-350715.042716548,351300
-340239.118004315,-343628.117597332,-348996.975269228,-350597.228944855,-350816.337451965,351400
-340351.820618894,-343738.668551129,-349101.071730265,-350698.901833509,-350917.629368754,351500
-340464.509677431,-343849.017551087,-349205.151513641,-350800.571300726,-351018.918472918,351600
-340577.185192793,-343958.814757709,-349309.224551963,-350902.237353331,-351120.204770448,351700
-340689.847177834,-344068.871052099,-349413.290855935,-351003.899998134,-351221.488267323,351800
-340802.495645401,-344179.006454068,-349517.350436246,-351105.559241931,-351322.768969509,351900
-340915.130608332,-344289.129188962,-349621.403303568,-351207.215091508,-351424.046882959,352000
-341027.752079454,-344399.239271408,-349725.449468555,-351308.867553635,-351525.322013616,352100
-341140.360071586,-344509.336716018,-349829.48894185,-351410.51663507,-351626.594367408,352200
-341252.954597539,-344619.42153739,-349933.521734075,-351512.16234256,-351727.863950253,352300
-341365.535670113,-344729.493750105,-350037.547855839,-351613.804682835,-351829.130768055,352400
-341478.103302099,-344839.553368734,-350141.567317737,-351715.443662616,-351930.394826708,352500
-341590.65750628,-344949.600407831,-350245.580130343,-351817.079288607,-352031.65613209,352600
-341703.198295429,-345059.652520346,-350349.58630422,-351918.711567504,-352132.914690071,352700
-341815.72568231,-345169.718814803,-350453.585849913,-352020.340505985,-352234.170506506,352800
-341928.239679677,-345279.772458961,-350557.578777952,-352121.966110719,-352335.42358724,352900
-342040.740300277,-345389.813467528,-350661.556033658,-352223.588388361,-352436.673938105,353000
-342153.227556845,-345499.841855197,-350765.517373865,-352325.207345552,-352537.921564919,353100
-342265.70146211,-345609.857636644,-350869.472190447,-352426.822988921,-352639.166473492,353200
-342378.162028788,-345719.860826534,-350973.420493716,-352528.435325085,-352740.408669618,353300
-342490.609269589,-345829.851439514,-351077.362293969,-352630.044360648,-352841.648159082,353400
-342603.043197213,-345939.829490219,-351181.297601488,-352731.650102199,-352942.884947655,353500
-342715.463824351,-346049.794993267,-351285.226426538,-352833.252556318,-353044.119041097,353600
-342827.871163683,-346159.747963264,-351389.148779371,-352934.85172957,-353145.350445156,353700
-342940.272910121,-346269.6884148,-351493.064670223,-353036.447628507,-353246.579165568,353800
-343052.673912004,-346379.616362449,-351596.974109315,-353138.040259669,-353347.805208057,353900
-343165.06161719,-346489.531820773,-351700.877106852,-353239.629629585,-353449.028578335,354000
-343277.436038401,-346599.434804319,-351804.773673025,-353341.215744769,-353550.249282104,354100
-343389.797188347,-346709.325327617,-351908.663818008,-353442.798611724,-353651.46732505,354200
-343502.145079734,-346819.203405185,-352012.547551963,-353544.378236939,-353752.682712852,354300
-343614.479725253,-346929.069051525,-352116.424885035,-353645.954626891,-353853.895451174,354400
-343727.011726118,-347038.626172075,-352220.295827352,-353747.527788046,-353955.105545671,354500
-343839.694760523,-347148.07773927,-352324.160389031,-353849.097726856,-354056.313001982,354600
-343952.363717173,-347257.517923518,-352428.018580172,-353950.66444976,-354157.517825739,354700
-344065.018610152,-347366.94673741,-352531.87041086,-354052.227963187,-354258.720022559,354800
-344177.659453528,-347476.364193526,-352635.715891164,-354153.788273551,-354359.91959805,354900
-344290.286261361,-347585.770304436,-352739.55503114,-354255.345387255,-354461.116557806,355000
-344402.8990477,-347695.165082696,-352843.387840828,-354356.899310688,-354562.310907411,355100
-344515.49782658,-347804.548540852,-352947.214330253,-354458.45005023,-354663.502652437,355200
-344628.082612029,-347913.920691436,-353051.034509425,-354559.997612246,-354764.691798443,355300
-344740.65341806,-348023.318679316,-353154.848388341,-354661.542003088,-354865.878350979,355400
-344853.210258678,-348133.007918686,-353258.655976981,-354763.083229099,-354967.062315582,355500
-344965.753147874,-348242.685011239,-353362.502474948,-354864.621296607,-355068.243697778,355600
-345078.28209963,-348352.349971079,-353466.349784096,-354966.156211928,-355169.422503081,355700
-345190.797127917,-348462.002812295,-353570.190652715,-355067.687981368,-355270.598736994,355800
-345303.298246693,-348571.643548964,-353674.025091181,-355169.216611217,-355371.772405008,355900
-345415.785469908,-348681.272195146,-353777.853109851,-355270.742107756,-355472.943512604,356000
-345528.258811496,-348790.888764892,-353881.674719068,-355372.264477254,-355574.11206525,356100
-345640.718285386,-348900.493272232,-353985.48992916,-355473.783725966,-355675.278068404,356200
-345753.163905491,-349010.085731188,-354089.298750438,-355575.299860135,-355776.441527511,356300
-345865.595685716,-349119.394341613,-354193.101193198,-355676.812885993,-355877.602448007,356400
-345978.013639953,-349228.66624858,-354296.89726772,-355778.32280976,-355978.760835315,356500
-346090.417782083,-349337.926919005,-354400.686984268,-355879.829637644,-356079.916694847,356600
-346202.808125977,-349447.176365424,-354504.470353091,-355981.333375839,-356181.070032004,356700
-346315.184685495,-349556.414600359,-354608.247384423,-356082.83403053,-356282.220852176,356800
-346427.547474485,-349665.64163632,-354711.985571408,-356184.331607888,-356383.369160742,356900
-346539.896506784,-349774.857485808,-354815.700213291,-356285.826114073,-356484.514963068,357000
-346652.231796218,-349884.06216131,-354919.408719823,-356387.317555232,-356585.658264512,357100
-346764.553356604,-349993.2556753,-355023.111100742,-356488.805937501,-356686.799070417,357200
-346876.861201744,-350102.438040243,-355126.807365776,-356590.291267005,-356787.937386119,357300
-346989.155345432,-350211.60926859,-355230.497524633,-356691.781059314,-356889.073216941,357400
-347101.43580145,-350320.769372782,-355334.18158701,-356793.271708413,-356990.206568194,357500
-347213.702583568,-350429.918365247,-355437.859562589,-356894.759275196,-357091.337445178,357600
-347325.955705548,-350539.056258401,-355541.531461036,-356996.243765886,-357192.465853185,357700
-347438.195181137,-350647.891832502,-355645.197292004,-357097.725186697,-357293.591797493,357800
-347550.421024074,-350756.41206498,-355748.857065132,-357199.203543829,-357394.715283369,357900
-347662.633248085,-350864.922700265,-355852.510790043,-357300.678843469,-357495.836316071,358000
-347774.831866887,-350973.423748161,-355956.158476347,-357402.151091794,-357596.954900845,358100
-347887.016894183,-351081.915218465,-356059.800133639,-357503.620294967,-357698.071042926,358200
-347999.188343668,-351190.397120967,-356163.4357715,-357605.086459141,-357799.184747537,358300
-348111.346229023,-351298.869465448,-356267.065399496,-357706.549590456,-357900.296019894,358400
-348223.490563922,-351407.33226168,-356370.689027179,-357808.009695038,-358001.404865197,358500
-348335.621362025,-351515.785519427,-356474.306664087,-357909.466779005,-358102.51128864,358600
-348447.73863698,-351624.545950889,-356577.918319745,-358010.92084846,-358203.615295402,358700
-348559.842402427,-351733.434413981,-356681.52400366,-358112.371909495,-358304.716890654,358800
-348671.932671994,-351842.312255152,-356785.12372533,-358213.81996819,-358405.816079556,358900
-348784.009459296,-351951.179486073,-356888.730390356,-358315.265030614,-358506.912867256,359000
-348896.07277794,-352060.036118404,-356992.336862428,-358416.707102822,-358607.992555038,359100
-349008.12264152,-352168.882163796,-357095.937337004,-358518.14619086,-358709.067109912,359200
-349120.15906362,-352277.759711643,-357199.531823682,-358619.582300759,-358810.139355866,359300
-349232.182057811,-352386.663417764,-357303.120332043,-358721.015438541,-358911.209297754,359400
-349344.191637657,-352495.556376241,-357406.702871656,-358822.445610214,-359012.276940423,359500
-349456.187816707,-352604.438599026,-357510.279452074,-358923.872821777,-359113.34228871,359600
-349568.170608501,-352713.310098062,-357613.850082838,-359025.297079214,-359214.40534744,359700
-349680.140026568,-352822.170885276,-357717.414773472,-359126.7183885,-359315.466121429,359800
-349792.096084425,-352931.020972588,-357820.973533486,-359228.136755596,-359416.524615486,359900
-349904.038795579,-353039.860371906,-357924.526372377,-359329.552186454,-359517.580834405,360000
-350015.968173526,-353148.689095125,-358028.073299626,-359430.964687011,-359618.634782974,360100
-350127.88423175,-353257.507154131,-358131.614324702,-359532.374263195,-359719.686465971,360200
-350239.786983725,-353366.314560797,-358235.149457057,-359633.780920922,-359820.735888163,360300
-350351.676442915,-353475.111326984,-358338.67870613,-359735.184666096,-359921.783054307,360400
-350463.55262277,-353583.897464546,-358442.202081347,-359836.585504609,-360022.827969151,360500
-350575.415536732,-353692.672985321,-358545.716715484,-359937.983442342,-360123.870637434,360600
-350687.265198231,-353801.437901138,-358649.173545129,-360039.378485165,-360224.911063884,360700
-350799.101620685,-353910.19685533,-358752.62471295,-360140.770638935,-360325.94925322,360800
-350910.924817503,-354019.116522393,-358856.070227866,-360242.159909498,-360426.985210151,360900
-351022.734802082,-354128.025168861,-358959.51009878,-360343.546302691,-360528.018939378,361000
-351134.531587808,-354236.922807346,-359062.944334586,-360444.929824336,-360629.050445589,361100
-351246.315188056,-354345.850270211,-359166.372944161,-360546.310480245,-360730.079733466,361200
-351358.085616191,-354454.768372853,-359269.795936371,-360647.688276219,-360831.106807678,361300
-351469.842885565,-354563.675395081,-359373.213320069,-360749.063218047,-360932.131672888,361400
-351581.587009522,-354672.687212788,-359476.65270374,-360850.435027767,-361033.154333748,361500
-351693.318001392,-354781.736225902,-359580.121906956,-360951.803181792,-361134.174794899,361600
-351805.035874497,-354890.77376554,-359683.585316132,-361053.168503577,-361235.193060974,361700
-351916.740642146,-354999.799845241,-359787.042940588,-361154.530998849,-361336.209136596,361800
-352028.432317638,-355108.814478533,-359890.49478963,-361255.890673329,-361437.22302638,361900
-352140.11091426,-355217.817678927,-359993.940872549,-361357.247532724,-361538.23473493,362000
-352251.77644529,-355326.809459923,-360097.381198626,-361458.601582729,-361639.24426684,362100
-352363.428923994,-355435.789835006,-360200.815777122,-361559.952829031,-361740.251626696,362200
-352475.068363626,-355544.758817645,-360304.244617288,-361661.301277302,-361841.256819074,362300
-352586.694777431,-355653.716421298,-360407.667728361,-361762.646933205,-361942.259848542,362400
-352698.308178643,-355762.662659409,-360511.085119561,-361863.989802393,-362043.260719656,362500
-352809.908580484,-355871.597545406,-360614.496800096,-361965.329890506,-362144.259436964,362600
-352921.495996166,-355980.521092705,-360717.902779161,-362066.667203174,-362245.256005006,362700
-353033.070438888,-356089.433314706,-360821.292836912,-362168.001746014,-362346.250428311,362800
-353144.631921842,-356198.334224799,-360924.675029671,-362269.333524634,-362447.242711398,362900
-353256.180458206,-356307.223836356,-361028.051590963,-362370.662544632,-362548.23285878,363000
-353367.716061147,-356416.102162738,-361131.3955105,-362471.988811592,-362649.220874958,363100
-353479.238743825,-356524.96921729,-361234.725785417,-362573.312331088,-362750.206764424,363200
-353590.748519383,-356633.825013346,-361338.050574281,-362674.633108686,-362851.189854929,363300
-353702.24540096,-356742.52124027,-361441.369885791,-362775.951149937,-362952.170811446,363400
-353813.729401678,-356851.056776987,-361544.683728633,-362877.266460382,-363053.149657738,363500
-353925.200534651,-356959.581872641,-361647.99211148,-362978.579045554,-363154.126398252,363600
-354036.658812984,-357068.096539054,-361751.295042993,-363079.888910972,-363255.101037425,363700
-354148.104249767,-357176.600788037,-361854.592531818,-363181.196062145,-363356.073579683,363800
-354259.536858082,-357285.094631388,-361957.88458659,-363282.500504572,-363457.044029447,363900
-354370.956651,-357393.578080897,-362061.17121593,-363383.802243741,-363558.012391124,364000
-354482.36364158,-357502.051148338,-362164.452428447,-363485.101285127,-363658.978669115,364100
-354593.75784287,-357610.513845477,-362267.728232736,-363586.397634198,-363759.942867813,364200
-354705.13926791,-357718.966184068,-362370.998637379,-363687.691296409,-363860.904991599,364300
-354816.507929725,-357827.408175851,-362474.263650948,-363788.982277204,-363961.865044847,364400
-354927.863841333,-357935.832098736,-362577.523281997,-363890.270582018,-364062.823031921,364500
-355039.207015739,-358044.229189369,-362680.777539073,-363991.556216273,-364163.778957177,364600
-355150.537465937,-358152.616030376,-362784.026430706,-364092.839185382,-364264.732824962,364700
-355261.855204911,-358260.992633342,-362887.287889453,-364194.119494748,-364365.684639613,364800
-355373.160245635,-358369.359009836,-362990.574016677,-364295.397149762,-364466.634405459,364900
-355484.452601071,-358477.71517142,-363093.854641323,-364396.672155804,-364567.58212682,365000
-355595.73228417,-358586.061129641,-363197.129772277,-364497.944518245,-364668.527808007,365100
-355706.999307873,-358694.396896038,-363300.387145361,-364599.214242444,-364769.471453323,365200
-355818.253685109,-358802.722482136,-363403.632713805,-364700.481333751,-364870.413067061,365300
-355929.495428799,-358911.037899451,-363506.872878624,-364801.745797504,-364971.352653506,365400
-356040.724551851,-359019.343159487,-363610.10764849,-364903.007639031,-365072.290216932,365500
-356151.941067161,-359127.638273737,-363713.33703206,-365004.266863651,-365173.225761609,365600
-356263.144987617,-359235.923253681,-363816.56103798,-365105.523476669,-365274.159291793,365700
-356374.336326095,-359344.198110791,-363919.779674881,-365206.777483384,-365375.090811735,365800
-356485.51509546,-359452.462856525,-364022.992951382,-365308.028889081,-365476.020325676,365900
-356596.681308567,-359560.749208193,-364126.200876088,-365409.277699036,-365576.947837847,366000
-356707.834978259,-359669.11614878,-364229.403457591,-365510.523918515,-365677.873352472,366100
-356818.97611737,-359777.472696514,-364332.600704471,-365611.767552774,-365778.796873766,366200
-356930.104738722,-359885.805920874,-364435.792625295,-365713.008607056,-365879.718405935,366300
-357041.220855125,-359994.028245015,-364538.979228615,-365814.247086597,-365980.653219789,366400
-357152.324479382,-360102.240505549,-364642.160522972,-365915.482996621,-366081.589199198,366500
-357263.415624283,-360210.442713894,-364745.336516894,-366016.716342342,-366182.523120558,366600
-357374.494302606,-360318.634881458,-364848.507218894,-366117.947128963,-366283.454988309,366700
-357485.560527119,-360426.817019638,-364951.672637476,-366219.167269133,-366384.384806877,366800
-357596.614310583,-360534.989139819,-365054.832781126,-366320.38448251,-366485.312580683,366900
-357707.655665742,-360643.151253375,-365157.987658321,-366421.599188002,-366586.238314138,367000
-357818.684605334,-360751.303371669,-365261.137277524,-366522.81139066,-366687.16201164,367100
-357929.701142084,-360859.445506054,-365364.281647185,-366624.021095528,-366788.083677583,367200
-358040.705288708,-360967.577667869,-365467.420775741,-366725.228307638,-366889.003316348,367300
-358151.69705791,-361075.699868445,-365570.555489029,-366826.433032011,-366989.920932309,367400
-358262.676462383,-361183.812119101,-365673.706111028,-366927.635273662,-367090.836417481,367500
-358373.643514811,-361291.914431143,-365776.834225812,-367028.835037593,-367191.749762461,367600
-358484.598227865,-361400.006815867,-365879.957117179,-367130.032328798,-367292.661098747,367700
-358595.540614208,-361508.08928456,-365983.07479354,-367231.227152259,-367393.570430672,367800
-358706.47068649,-361616.161848495,-366086.187263297,-367332.419512952,-367494.47776256,367900
-358817.388457351,-361724.224518936,-366189.294534836,-367433.60941584,-367595.383098725,368000
-358928.293939421,-361832.277307133,-366292.396616531,-367534.796865877,-367696.286443474,368100
-359039.187145319,-361940.320224328,-366395.493516746,-367635.981868008,-367797.187801103,368200
-359150.068087654,-362048.355061523,-366498.585243827,-367737.164427168,-367898.087175901,368300
-359260.936779022,-362156.394855942,-366601.671806113,-367838.344548284,-367998.984572145,368400
-359371.79323201,-362264.424770121,-366704.753211926,-367939.522236269,-368099.879994106,368500
-359482.637459196,-362372.444815336,-366807.829469578,-368040.697496031,-368200.773446045,368600
-359593.469473144,-362480.455002852,-366910.900587366,-368141.870332466,-368301.664932213,368700
-359704.289286409,-362588.455343923,-367013.966573576,-368243.040750461,-368402.554456853,368800
-359815.096911536,-362696.445849793,-367117.027436481,-368344.208754894,-368503.442024199,368900
-359925.892361059,-362804.438965922,-367220.083184341,-368445.374350633,-368604.327638477,369000
-360036.6756475,-362912.520964866,-367323.133825404,-368546.537542535,-368705.211303902,369100
-360147.446783372,-363020.592874291,-367426.179367904,-368647.69833545,-368806.093024681,369200
-360258.205781177,-363128.65470593,-367529.219820066,-368748.856734217,-368906.972805014,369300
-360368.952653406,-363236.706471505,-367632.255190097,-368850.012743666,-369007.85064909,369400
-360479.68741254,-363344.748182727,-367735.285486196,-368951.166368617,-369108.726561089,369500
-360590.410071048,-363452.779851291,-367838.310716548,-369052.317613882,-369209.600545184,369600
-360701.120641391,-363560.801488885,-367941.330889325,-369153.466484262,-369310.472605538,369700
-360811.819136016,-363668.813107183,-368044.346012686,-369254.61298455,-369411.342746304,369800
-360922.505567363,-363776.814717845,-368147.352289226,-369355.757119528,-369512.21097163,369900
-361033.179947858,-363884.806332522,-368250.344132234,-369456.89889397,-369613.077285652,370000
-361143.842289918,-363992.787962854,-368353.330995612,-369558.038312639,-369713.941692498,370100
-361254.492605951,-364100.759620465,-368456.312887356,-369659.175380292,-369814.804196288,370200
-361365.130908352,-364208.721316971,-368559.289815449,-369760.310101672,-369915.664801133,370300
-361475.757209506,-364316.673063974,-368662.261787863,-369861.442481517,-370016.523511134,370400
-361586.371521788,-364424.614873065,-368765.228812558,-369962.572524553,-370117.372924889,370500
-361696.973857563,-364532.546755823,-368868.190897482,-370063.700235499,-370218.210825474,370600
-361807.564229183,-364640.468723815,-368971.148050569,-370164.825619062,-370319.046918865,370700
-361918.142648992,-364748.380788597,-369074.100279743,-370265.948679941,-370419.881208883,370800
-362028.709129322,-364856.282961713,-369177.047592916,-370367.069422827,-370520.713699341,370900
-362139.263682496,-364964.175254694,-369279.989997987,-370468.187852401,-370621.544394046,371000
-362249.806320824,-365072.057679059,-369382.949491329,-370569.303973334,-370722.373296794,371100
-362360.337056609,-365179.930246318,-369485.915063915,-370670.417790289,-370823.200411375,371200
-362470.855902139,-365287.792967967,-369588.875638302,-370771.529307919,-370924.025741572,371300
-362581.362869695,-365395.645855491,-369691.83122263,-370872.638530868,-371024.849180912,371400
-362691.857971546,-365503.488920361,-369794.781825023,-370973.745463771,-371125.670244743,371500
-362802.341219951,-365611.322174041,-369897.727453594,-371074.850111255,-371226.489538636,371600
-362912.813078085,-365719.145627978,-370000.668116446,-371175.952477936,-371327.307066331,371700
-363023.273308557,-365826.959293612,-370103.603821665,-371277.052568423,-371428.122831562,371800
-363133.721720789,-365934.763182367,-370206.534577327,-371378.150387315,-371528.936838053,371900
-363244.158327001,-366042.557305658,-370309.460391495,-371479.2459392,-371629.749089524,372000
-363354.583139401,-366150.341674889,-370412.381272221,-371580.339228661,-371730.559589682,372100
-363464.996170189,-366258.116301448,-370515.297227542,-371681.430260268,-371831.368342232,372200
-363575.397431551,-366365.881196717,-370618.208265484,-371782.519038585,-371932.175350867,372300
-363685.786935666,-366473.636372063,-370721.114394061,-371883.605568167,-372032.980619276,372400
-363796.164694699,-366581.38183884,-370824.015621273,-371984.689853557,-372133.784151137,372500
-363906.530720807,-366689.117608394,-370926.911955109,-372085.771899292,-372234.585950122,372600
-364016.885026136,-366796.843692058,-371029.803403546,-372186.8517099,-372335.386019896,372700
-364127.227622821,-366904.560101151,-371132.689974546,-372287.929289899,-372436.184364117,372800
-364237.391708914,-367012.266846984,-371235.571676063,-372389.004643797,-372536.980986432,372900
-364347.455248326,-367119.963940854,-371338.448516034,-372490.077776096,-372637.775890485,373000
-364457.507717877,-367227.651394047,-371441.320502388,-372591.148691288,-372738.569079909,373100
-364567.549128651,-367335.329217838,-371544.187643038,-372692.217393856,-372839.360558331,373200
-364677.579491723,-367442.997423489,-371647.049945887,-372793.283888273,-372940.150329371,373300
-364787.598818159,-367550.656022251,-371749.907418825,-372894.348179006,-373040.938396641,373400
-364897.607119016,-367658.305025365,-371852.760069731,-372995.41027051,-373141.724763745,373500
-365007.604405341,-367765.944444059,-371955.607906469,-373096.470167234,-373242.509434281,373600
-365117.590688175,-367873.574289548,-372058.450936894,-373197.527873617,-373343.292411837,373700
-365227.565978546,-367981.194573039,-372161.289168847,-373298.583394089,-373444.073699996,373800
-365337.530287475,-368088.805305724,-372264.122610158,-373399.636733072,-373544.853302334,373900
-365447.483625974,-368196.406498785,-372366.957824514,-373500.687894979,-373645.631222417,374000
-365557.426005046,-368303.998163393,-372469.80396533,-373601.736884215,-373746.407463806,374100
-365667.357435684,-368411.580310707,-372572.645262032,-373702.783705174,-373847.182030053,374200
-365777.277928873,-368519.152951873,-372675.481722595,-373803.83697311,-373947.954924705,374300
-365887.187495588,-368626.716098028,-372778.31335498,-373904.889789616,-374048.726151299,374400
-365997.086146796,-368734.269760296,-372881.14016714,-374005.940407379,-374149.495713365,374500
-366106.973893455,-368841.81394979,-372983.96216701,-374106.988830894,-374250.263614429,374600
-366216.850746512,-368949.349329434,-373086.763842186,-374208.035064651,-374351.029858006,374700
-366326.716716908,-369056.885308806,-373189.557426917,-374309.079113129,-374451.794447605,374800
-366436.571815572,-369164.411820893,-373292.346288403,-374410.120980799,-374552.557386728,374900
-366546.416053427,-369271.928876816,-373395.130434366,-374511.160672121,-374653.31867887,375000
-366656.249441384,-369379.436487681,-373497.909872518,-374612.198191548,-374754.078327518,375100
-366766.071990347,-369486.934664584,-373600.684610555,-374713.233543525,-374854.836336152,375200
-366875.883711211,-369594.423418609,-373703.454656165,-374814.266732486,-374955.592708246,375300
-366985.68461486,-369701.90276083,-373806.220017021,-374915.297762858,-375056.347447264,375400
-367095.474712172,-369809.372702306,-373908.980700786,-375016.326639057,-375157.100556667,375500
-367205.254014013,-369916.833254089,-374011.736715111,-375117.353365492,-375257.852039906,375600
-367315.022531243,-370024.284427216,-374114.488067634,-375218.377946564,-375358.601900424,375700
-367424.78027471,-370131.726232715,-374217.234765981,-375319.399229457,-375459.35014166,375800
-367534.527255255,-370239.1586816,-374319.976817768,-375420.418261271,-375560.096767044,375900
-367644.26348371,-370346.581784875,-374422.714230598,-375521.435166228,-375660.841779999,376000
-367753.988970897,-370453.995553533,-374525.447012061,-375622.449948675,-375761.58518394,376100
-367863.70372763,-370561.399998556,-374628.175169737,-375723.462612954,-375862.326982278,376200
-367973.407764713,-370668.795130912,-374730.898711194,-375824.473163394,-375963.067178414,376300
-368083.101092941,-370776.180961559,-374833.617643987,-375925.481604319,-376063.805775743,376400
-368192.783723103,-370883.557501446,-374936.33197566,-376026.487940041,-376164.543769,376500
-368302.455665974,-370990.924761506,-375039.041713745,-376127.492174866,-376265.287949394,376600
-368412.116932325,-371098.282752665,-375141.746865763,-376228.494313091,-376366.030502433,376700
-368521.767532915,-371205.631485835,-375244.447439223,-376329.494359003,-376466.77143161,376800
-368631.407478494,-371312.970971916,-375347.143441622,-376430.492316883,-376567.510740409,376900
-368741.036779805,-371420.3012218,-375449.834880445,-376531.488191001,-376668.248432311,377000
-368850.65544758,-371527.622246364,-375552.521763166,-376632.481985619,-376768.984510786,377100
-368960.263492545,-371634.934056476,-375655.204097246,-376733.473704993,-376869.718979298,377200
-369069.860925413,-371742.236662992,-375757.881890138,-376834.463353367,-376970.451841304,377300
-369179.447756891,-371849.530076756,-375860.555149278,-376935.450934978,-377071.183100254,377400
-369289.023997676,-371956.814308602,-375963.223882095,-377036.436454055,-377171.91275959,377500
-369398.589658457,-372064.089369352,-376065.888096004,-377137.419914819,-377272.640822747,377600
-369508.144749913,-372171.355269816,-376168.54779841,-377238.401321482,-377373.367293153,377700
-369617.689282715,-372278.612020793,-376271.202996704,-377339.380678246,-377474.092174229,377800
-369727.223267524,-372385.859633072,-376373.853698269,-377440.357989308,-377574.815469388,377900
-369836.746714993,-372493.09811743,-376476.499910473,-377541.333258853,-377675.537182037,378000
-369946.259635766,-372600.327484632,-376579.148323096,-377642.306491061,-377776.257315575,378100
-370055.762040477,-372707.547745432,-376681.800736456,-377743.277690101,-377876.975873395,378200
-370165.253939753,-372814.758910574,-376784.448629879,-377844.246860136,-377977.69285888,378300
-370274.735344211,-372921.960990789,-376887.092010822,-377945.214005319,-378078.408275409,378400
-370384.206264458,-373029.153996798,-376989.730886732,-378046.179129795,-378179.122126354,378500
-370493.666711096,-373136.33793931,-377092.365265041,-378147.142237701,-378279.834415077,378600
-370603.116694713,-373243.512829023,-377194.995153172,-378248.103333167,-378380.545144936,378700
-370712.556225891,-373350.678676625,-377297.620558537,-378349.062420312,-378481.254319281,378800
-370821.985315204,-373457.835492792,-377400.241488533,-378450.019503249,-378581.961941453,378900
-370931.403973215,-373564.983288186,-377502.857950547,-378550.974586082,-378682.668014789,379000
-371040.812210478,-373672.122073463,-377605.464807938,-378651.927672908,-378783.372542617,379100
-371150.210037542,-373779.146136414,-377708.063259515,-378752.878767814,-378884.075528259,379200
-371259.597464941,-373886.012156293,-377810.657296836,-378853.827874879,-378984.77697503,379300
-371368.974503206,-373992.869854408,-377913.246927163,-378954.774998176,-379085.476886238,379400
-371478.341162855,-374099.71924015,-378015.832157745,-379055.720141768,-379186.175265183,379500
-371587.697454399,-374206.560322905,-378118.408122452,-379156.66330971,-379286.872115159,379600
-371697.04338834,-374313.393112046,-378220.949187119,-379257.604506049,-379387.567439454,379700
-371806.378975171,-374420.21761694,-378323.485995614,-379358.543734825,-379488.261241347,379800
-371915.704225377,-374527.033846943,-378426.018554835,-379459.474844732,-379588.953524111,379900
-372025.019149433,-374633.841811401,-378528.546871665,-379560.399090019,-379689.644291014,380000
-372134.323757805,-374740.641519652,-378631.070952981,-379661.32142653,-379790.333545315,380100
-372243.618060951,-374847.432981025,-378733.597051873,-379762.241858126,-379891.021290265,380200
-372352.90206932,-374954.21620484,-378836.148453618,-379863.160388662,-379991.707529112,380300
-372462.175793352,-375060.991200406,-378938.695517125,-379964.077021985,-380092.392265094,380400
-372571.439243478,-375167.757977024,-379041.238249537,-380064.991761931,-380193.075501443,380500
-372680.692430122,-375274.516543985,-379143.776657987,-380165.904612334,-380293.757241384,380600
-372789.935363695,-375381.266910574,-379246.310749597,-380266.815577016,-380394.437488138,380700
-372899.168054605,-375488.009086062,-379348.840531477,-380367.724659793,-380495.116244914,380800
-373008.390513246,-375594.743079714,-379451.366010725,-380468.631864475,-380595.793514919,380900
-373117.602750005,-375701.468900785,-379553.88719443,-380569.537194861,-380696.469301352,381000
-373226.804775262,-375808.18655852,-379656.404089668,-380670.440654747,-380797.143607402,381100
-373335.996599387,-375914.896062157,-379758.916703505,-380771.342247917,-380897.816436257,381200
-373445.178232739,-376021.597420922,-379861.425042995,-380872.255595277,-380998.487791093,381300
-373554.349685671,-376128.290644035,-379963.929115182,-380973.167351419,-381099.157675083,381400
-373663.510968527,-376234.975740704,-380066.428927098,-381074.077193392,-381199.826091392,381500
-373772.662091641,-376341.652720129,-380168.924485764,-381174.985125134,-381300.493043178,381600
-373881.803065339,-376448.321591501,-380271.415798191,-381275.89115058,-381401.158533593,381700
-373990.933899938,-376554.982364003,-380373.902871378,-381376.795273652,-381501.822565781,381800
-374100.054605747,-376661.635046806,-380476.383969985,-381477.697498267,-381602.485142882,381900
-374209.165193065,-376768.279649075,-380578.851623721,-381578.597828334,-381703.146268027,382000
-374318.265672183,-376874.916179963,-380681.315097321,-381679.496267753,-381803.805944341,382100
-374427.356053383,-376981.637574424,-380783.774397641,-381780.392820418,-381904.464174944,382200
-374536.436346938,-377088.460024749,-380886.22953153,-381881.287490212,-382005.120962947,382300
-374645.506563113,-377195.273910463,-380988.680505822,-381982.179191702,-382105.776311456,382400
-374754.566712165,-377302.07924165,-381091.127327346,-382083.068227221,-382206.43022357,382500
-374863.616804339,-377408.876028381,-381193.570002914,-382183.955399401,-382307.082702382,382600
-374972.656849875,-377515.664280719,-381296.008539332,-382284.840712072,-382407.733750977,382700
-375081.686859002,-377622.444008714,-381398.442943393,-382385.724169055,-382508.383372437,382800
-375190.706841941,-377729.215222408,-381500.873221881,-382486.605774164,-382609.031569832,382900
-375299.716808905,-377835.977931831,-381603.299381568,-382587.485531206,-382709.678346231,383000
-375408.716770097,-377942.732147002,-381705.721429216,-382688.361985897,-382810.323704693,383100
-375517.706735712,-378049.477877931,-381808.139371576,-382789.221665636,-382910.965688057,383200
-375626.686715937,-378156.215134617,-381910.553215389,-382890.079577812,-383011.604103058,383300
-375735.656720947,-378262.943927046,-382012.962967385,-382990.935725987,-383112.241127518,383400
-375844.616760913,-378369.664265198,-382115.35861347,-383091.790113714,-383212.876764414,383500
-375953.566845995,-378476.37615904,-382217.730120349,-383192.642744539,-383313.511016714,383600
-376062.506986344,-378583.079618528,-382320.097658598,-383293.493622003,-383414.14388738,383700
-376171.437192102,-378689.774653608,-382422.461234646,-383394.342749638,-383514.775379368,383800
-376280.357473404,-378796.461274217,-382524.820854913,-383495.189693625,-383615.405495628,383900
-376389.267840375,-378903.139490279,-382627.176525808,-383596.033806276,-383716.034239104,384000
-376498.168303132,-379009.809311711,-382729.528253731,-383696.876186112,-383816.661612733,384100
-376607.058871783,-379116.470748416,-382831.876045072,-383797.716836618,-383917.287619447,384200
-376715.939556427,-379223.123810288,-382934.219906211,-383898.555761272,-384017.912262172,384300
-376824.810367155,-379329.768507212,-383036.559843517,-383999.392963546,-384118.535543826,384400
-376933.671314049,-379436.404849061,-383138.895863352,-384100.228446904,-384219.157467322,384500
-377042.522407182,-379543.032845697,-383241.227972065,-384201.062214805,-384319.778035568,384600
-377151.36365662,-379649.652506973,-383343.556175997,-384301.894270699,-384420.397251465,384700
-377260.195072418,-379756.263842731,-383445.88048148,-384402.724618031,-384521.015117907,384800
-377369.016664624,-379862.866862804,-383548.200894834,-384503.553260239,-384621.631637784,384900
-377477.828443277,-379969.461577012,-383650.51742237,-384604.380200752,-384722.246813978,385000
-377586.630418407,-380076.047995167,-383752.853937239,-384705.205442997,-384822.860649366,385100
-377695.422600036,-380182.62612707,-383855.188220599,-384806.028990389,-384923.473146819,385200
-377804.204998177,-380289.19598251,-383957.518549666,-384906.850846341,-385024.084309202,385300
-377912.977622834,-380395.757571269,-384059.844930931,-385007.671014255,-385124.694139373,385400
-378021.740484003,-380502.310903115,-384162.167370875,-385108.48949753,-385225.302640185,385500
-378130.493591671,-380608.855987808,-384264.485875969,-385209.306299556,-385325.909814485,385600
-378239.236955816,-380715.392835098,-384366.800452675,-385310.121423717,-385426.515665114,385700
-378347.97058641,-380821.921454723,-384469.111107443,-385410.934873391,-385527.120194906,385800
-378456.694493412,-380928.441856412,-384571.417846714,-385511.74665195,-385627.723406692,385900
-378565.408686777,-381034.954049883,-384673.720676918,-385612.556762756,-385728.325303294,386000
-378674.113176447,-381141.458044845,-384776.019604477,-385713.365209168,-385828.925887528,386100
-378782.807972359,-381247.953850995,-384878.3146358,-385814.171994538,-385929.525162208,386200
-378891.493084441,-381354.44147802,-384980.605777288,-385914.977122209,-386030.123130137,386300
-379000.168522609,-381460.920935598,-385082.893035332,-386015.780595519,-386130.719794116,386400
-379108.807296997,-381567.392233397,-385185.176416311,-386116.582417801,-386231.315156937,386500
-379217.42757091,-381673.855381072,-385287.455926597,-386217.38259238,-386331.90922139,386600
-379326.038284459,-381780.31038827,-385389.731572549,-386318.181122573,-386432.501990256,386700
-379434.639447388,-381886.757264629,-385491.98342185,-386418.978011692,-386533.09346631,386800
-379543.231069433,-381993.210277136,-385594.204722904,-386519.773263044,-386633.683652325,386900
-379651.813160321,-382099.655571048,-385696.42233739,-386620.566879926,-386734.272551063,387000
-379760.385729773,-382206.09272538,-385798.636271234,-386721.358865633,-386834.860165285,387100
-379868.948787499,-382312.521749799,-385900.84653035,-386822.149223449,-386935.446497742,387200
-379977.502343202,-382418.942653959,-386003.053120647,-386922.937956654,-387036.031551182,387300
-380086.046406576,-382525.355447503,-386105.25604802,-387023.725068522,-387136.615328347,387400
-380194.580987306,-382631.760140067,-386207.455318358,-387124.510562319,-387237.197831973,387500
-380303.106095071,-382738.156741274,-386309.650937541,-387225.294441306,-387337.778983816,387600
-380411.62173954,-382844.545260739,-386411.842911439,-387326.076708736,-387438.358776213,387700
-380520.127930373,-382950.925708064,-386514.031245914,-387426.857367858,-387538.937304009,387800
-380628.624677224,-383057.298092843,-386616.215946817,-387527.636421912,-387639.514569914,387900
-380737.111989737,-383163.662424659,-386718.397019992,-387628.413874133,-387740.090576633,388000
-380845.589877548,-383270.018713085,-386820.574471275,-387729.190043881,-387840.665326865,388100
-380954.058350283,-383376.366967683,-386922.748306489,-387829.968856369,-387941.238823304,388200
-381062.517417564,-383482.673616059,-387024.918531452,-387930.746057619,-388041.811068637,388300
-381170.967089001,-383588.720068055,-387127.085151972,-388031.5216509,-388142.382065547,388400
-381279.407374196,-383694.759248427,-387229.248173847,-388132.295639474,-388242.951816709,388500
-381387.838282744,-383800.792891417,-387331.407602867,-388233.068026596,-388343.520324796,388600
-381496.259824232,-383906.840136321,-387433.563444812,-388333.838815516,-388444.087592472,388700
-381604.672008238,-384012.880074383,-387535.715705457,-388434.608009476,-388544.653622396,388800
-381713.07484433,-384118.912713861,-387637.864390562,-388535.375611713,-388645.218417224,388900
-381821.468342071,-384224.938063,-387740.009505883,-388636.141625456,-388745.781979604,389000
-381929.852511013,-384330.956130041,-387842.151057166,-388736.90605393,-388846.344312178,389100
-382038.227360702,-384436.966923214,-387944.289050147,-388837.668900352,-388946.905417584,389200
-382146.592900674,-384542.970450743,-388046.423490554,-388938.430167933,-389047.465298455,389300
-382254.949140457,-384648.966720841,-388148.554384106,-389039.189859876,-389148.023957416,389400
-382363.296089571,-384754.955741715,-388250.681736513,-389139.947979381,-389248.581397089,389500
-382471.633757529,-384860.937521563,-388352.805553478,-389240.704529639,-389349.137620089,389600
-382579.962153834,-384966.912068575,-388454.925840693,-389341.471273373,-389449.692629026,389700
-382688.281287981,-385072.879390934,-388557.042603842,-389442.238496679,-389550.246426504,389800
-382796.591169457,-385178.839496812,-388659.155848601,-389543.00410162,-389650.799015124,389900
-382904.891807741,-385284.792394375,-388761.265580636,-389643.768091546,-389751.350397477,390000
-383013.183212304,-385390.738091781,-388863.371805605,-389744.5304698,-389851.900576153,390100
-383121.465392608,-385496.676597178,-388965.474529157,-389845.291239721,-389952.449553734,390200
-383229.738358108,-385602.607918707,-389067.573756933,-389946.050404638,-390052.997332797,390300
-383338.002118249,-385708.532064502,-389169.681440965,-390046.807967876,-390153.543915914,390400
-383446.256682469,-385814.449042687,-389271.820459956,-390147.563932753,-390254.089305653,390500
-383554.502060198,-385920.358861378,-389373.955840437,-390248.318302577,-390354.633504573,390600
-383662.738260857,-386026.261528684,-389476.087588412,-390349.071080654,-390455.176515231,390700
-383770.96529386,-386132.157052705,-389578.215709879,-390449.822270279,-390555.718340177,390800
-383879.18316861,-386238.045441533,-389680.340210823,-390550.571874745,-390656.258981956,390900
-383987.391894505,-386343.926703253,-389782.461097221,-390651.319897334,-390756.798443108,391000
-384095.591480935,-386449.80084594,-389884.578375041,-390752.066341323,-390857.336726168,391100
-384203.781937278,-386555.950459634,-389986.692050241,-390852.811209983,-390957.873833664,391200
-384311.963272907,-386662.160408472,-390088.802128769,-390953.554506579,-391058.409768119,391300
-384420.135497186,-386768.36235224,-390190.908616565,-391054.296234367,-391158.944532053,391400
-384528.298619472,-386874.55630069,-390293.011519558,-391155.036396598,-391259.478127979,391500
-384636.452649111,-386980.755465566,-390395.110843669,-391255.772589255,-391360.010558405,391600
-384744.597595444,-387086.971003181,-390497.20659481,-391356.497398229,-391460.541825833,391700
-384852.733467802,-387193.178477514,-390599.298778882,-391457.220703318,-391561.07193276,391800
-384960.860275508,-387299.377898454,-390701.387401776,-391557.942507582,-391661.600881679,391900
-385068.978027877,-387405.569275879,-390803.472469378,-391658.662814078,-391762.128675076,392000
-385177.086734216,-387511.752619657,-390905.55398756,-391759.381625854,-391862.655315434,392100
-385285.186403824,-387617.927939642,-391007.631962186,-391860.098945953,-391963.180805229,392200
-385393.277045992,-387724.095245679,-391109.706399113,-391960.814777413,-392063.705146931,392300
-385501.358670002,-387830.254547603,-391211.777304186,-392061.529123265,-392164.228343008,392400
-385609.431285129,-387936.405855237,-391313.844683243,-392162.241986534,-392264.75039592,392500
-385717.494900639,-388042.549178392,-391415.883965922,-392262.95337024,-392365.271308122,392600
-385825.54952579,-388148.684526869,-391517.915651999,-392363.663277394,-392465.791082066,392700
-385933.595169832,-388254.811910459,-391619.943927625,-392464.371711005,-392566.309720197,392800
-386041.631842007,-388360.931338941,-391721.968798353,-392565.078674074,-392666.827224954,392900
-386149.659551549,-388467.042822083,-391823.990269729,-392665.784169595,-392767.343598774,393000
-386257.678307684,-388573.146369643,-391926.008347289,-392766.488200559,-392867.858844086,393100
-386365.688119629,-388679.241991368,-392028.02303656,-392867.190769947,-392968.372963315,393200
-386473.688996595,-388785.329696992,-392130.034343063,-392967.891880739,-393068.885958881,393300
-386581.680947782,-388891.409496241,-392232.042272307,-393068.591535905,-393169.397833199,393400
-386689.663982384,-388997.481398829,-392334.046829794,-393169.289738411,-393269.908588679,393500
-386797.638109586,-389103.545414459,-392436.048021018,-393269.986491217,-393370.418227724,393600
-386905.603338566,-389209.601552823,-392538.045851464,-393370.681797276,-393470.926752735,393700
-387013.559678492,-389315.649823603,-392640.040326608,-393471.375659536,-393571.434166107,393800
-387121.507138526,-389421.69023647,-392742.031451918,-393572.06808094,-393671.940470228,393900
-387229.445727821,-389527.722801082,-392844.019232853,-393672.759064424,-393772.445667483,394000
-387337.375455522,-389633.747527091,-392946.003674863,-393773.448612918,-393872.949760251,394100
-387445.296330766,-389739.764424133,-393047.984783392,-393874.136729346,-393973.452750908,394200
-387553.208362681,-389845.773501836,-393149.962563872,-393974.823416629,-394073.954641822,394300
-387661.111560389,-389951.774769818,-393251.937021729,-394075.508677677,-394174.455435358,394400
-387769.005933002,-390057.768237683,-393353.90816238,-394176.1925154,-394274.955531647,394500
-387876.891489625,-390163.753915028,-393455.875991233,-394276.874932698,-394375.45840952,394600
-387984.768239356,-390269.731811437,-393557.840513688,-394377.555932467,-394475.960178061,394700
-388092.636191281,-390375.701936484,-393659.801735137,-394478.235517596,-394576.460839679,394800
-388200.495354483,-390481.664299731,-393761.759660963,-394578.913690971,-394676.960396774,394900
-388308.345738034,-390587.618910732,-393863.71429654,-394679.590455469,-394777.458851746,395000
-388416.187350999,-390693.565779028,-393965.665647235,-394780.265813962,-394877.956206984,395100
-388524.020202434,-390799.504914149,-394067.613718405,-394880.939769319,-394978.452464877,395200
-388631.844301387,-390905.436325617,-394169.558515401,-394981.6123244,-395078.947627806,395300
-388739.659656901,-391011.360022941,-394271.500043563,-395082.283482061,-395179.441698148,395400
-388847.466278007,-391117.27601562,-394373.438308224,-395182.953245152,-395279.934678275,395500
-388955.264173729,-391223.184313143,-394475.373314709,-395283.621616517,-395380.426570553,395600
-389063.053353085,-391329.084924986,-394577.305068335,-395384.288598994,-395480.917377344,395700
-389170.833825084,-391434.977860618,-394679.233574408,-395484.954195417,-395581.407101006,395800
-389278.605598725,-391540.863129495,-394781.158838229,-395585.618408613,-395681.895743888,395900
-389386.368683003,-391646.740741062,-394883.080865089,-395686.281241404,-395782.383308339,396000
-389494.123086901,-391752.610704755,-394984.999660271,-395786.946581484,-395882.869796699,396100
-389601.868819396,-391858.473029999,-395086.915229051,-395887.615954533,-395983.355211306,396200
-389709.605889458,-391964.327726208,-395188.827576694,-395988.282986115,-396083.839554491,396300
-389817.334306046,-392070.174802785,-395290.736708459,-396088.948291951,-396184.322828581,396400
-389925.054078115,-392176.014269124,-395392.642629596,-396189.612197538,-396284.805035898,396500
-390032.765214609,-392281.846134606,-395494.54492579,-396290.274705769,-396385.286178758,396600
-390140.467724465,-392387.670408604,-395596.421548973,-396390.935819534,-396485.766259475,396700
-390248.161616612,-392493.48710048,-395698.295056314,-396491.595541714,-396586.245280353,396800
-390355.846899972,-392599.296219583,-395800.165452832,-396592.253875188,-396686.723243697,396900
-390463.523583458,-392705.097775255,-395902.032743534,-396692.910822826,-396787.200151803,397000
-390571.191675975,-392810.860206985,-396003.896933423,-396793.566387493,-396887.676006963,397100
-390678.85118642,-392916.477956999,-396105.758027492,-396894.220572049,-396988.150811465,397200
-390786.502123683,-393022.088619889,-396207.616030727,-396994.873379349,-397088.624567591,397300
-390894.144496646,-393127.692204092,-396309.470948106,-397095.524812239,-397189.09727762,397400
-391001.778314182,-393233.288718034,-396411.322784601,-397196.174873562,-397289.568943824,397500
-391109.403585157,-393338.878170135,-396513.171545174,-397296.823566154,-397390.039568472,397600
-391217.02031843,-393444.460568804,-396615.017234781,-397397.470892847,-397490.509153826,397700
-391324.628522849,-393550.035922442,-396716.859858369,-397498.116856466,-397590.977702145,397800
-391432.228207257,-393655.604239439,-396818.699420878,-397598.761459829,-397691.445215682,397900
-391539.819380489,-393761.16552818,-396920.535927242,-397699.404705751,-397791.911696687,398000
-391647.402051371,-393866.719797037,-397022.369382384,-397800.04659704,-397892.377147404,398100
-391754.97622872,-393972.267054374,-397124.199791223,-397900.687136497,-397992.841570071,398200
-391862.541921349,-394077.807308547,-397226.027158668,-398001.32632692,-398093.304966924,398300
-391970.099138059,-394183.340567902,-397327.874102022,-398101.9641711,-398193.767340192,398400
-392077.647887645,-394288.866840778,-397429.718713775,-398202.600671822,-398294.228692101,398500
-392185.188178895,-394394.386135501,-397531.560218944,-398303.235831865,-398394.689024869,398600
-392292.720020587,-394499.898460392,-397633.39862261,-398403.869654004,-398495.148340714,398700
-392400.243421493,-394605.403823762,-397735.233929846,-398504.502141008,-398595.606641845,398800
-392507.758390377,-394710.902233911,-397837.066145715,-398605.133295638,-398696.063930469,398900
-392615.264935993,-394816.393699132,-397938.895275275,-398705.763120654,-398796.520208788,399000
-392722.763067091,-394921.878227709,-398040.721323573,-398806.391618806,-398896.975478998,399100
-392830.25806565,-395027.355827917,-398142.544295651,-398907.01879284,-398997.429743291,399200
-392937.746549631,-395132.826508022,-398244.36419654,-399007.644645498,-399097.883003855,399300
-393045.226628325,-395238.29027628,-398346.181031267,-399108.269179515,-399198.335262872,399400
-393152.698310478,-395343.747140938,-398447.993759839,-399208.892397619,-399298.786522521,399500
-393260.161604827,-395449.197110238,-398549.801497942,-399309.514302536,-399399.236491638,399600
-393367.616520102,-395554.640192407,-398651.606195075,-399410.134896983,-399499.682632095,399700
-393475.063065026,-395660.076395668,-398753.407856207,-399510.754183674,-399600.127793638,399800
-393582.501248311,-395765.505728233,-398855.206486297,-399611.372165317,-399700.571978381,399900
-393689.931078664,-395870.928198306,-398957.002090299,-399711.988844613,-399801.015188432,4e+05
-393797.352564783,-395976.344625022,-399058.794673156,-399812.604224259,-399901.457425897,400100
