"RD.1","RD.2","RD.3","RD.4","RD.5","RD.6","RD.7","RD.8","RD.9","RD.10","RD.11","RD.12","RD.13","RD.14","RD.15","RD.16","RD.17","RD.18","RD.19","RD.20","RD.21","RD.22","RD.23","RD.24","RD.25","RD.26","RD.27","RD.28","RD.29","RD.30","RD.31","RD2.1","RD2.2","RD2.3","RD2.4","RD2.5","RD2.6","RD2.7","RD2.8","RD2.9","RD2.10","RD2.11","RD2.12","RD2.13","RD2.14","RD2.15","RD2.16","RD2.17","RD2.18","RD2.19","RD2.20","RD2.21","RD2.22","RD2.23","RD2.24","RD2.25","RD2.26","RD2.27","RD2.28","RD2.29","RD2.30","RD2.31"
-0.143442883960169,0.264013080469912,-0.285104942644592,0.755246248504578,-0.272229048274752,-0.429548858108452,0.384343817699133,-0.36100774762062,-0.102506609347932,-0.304475136680727,0.298292383124078,-0.285510987675176,-0.692435946964652,0.439782539346487,0.47225616543178,-0.509029572130268,-0.381815230166449,0.673789210086138,0.00476377419491669,0.331480374722819,-0.061886778260833,1.06720438260052,-0.133562663179688,0.534946897746936,-0.252680159919366,0.695464330125537,0.17176716810069,-0.0181984088402878,0.12671861963851,0.256087579314768,0.110905217134521,-0.153389451613932,0.234017429625789,-0.229896597961172,0.695627339030647,-0.114297876326426,-0.486475261539834,0.294519929524305,-0.280636782944521,-0.177997718078417,-0.325910514848872,0.2346229305974,-0.22313442407976,-0.752139765390691,0.294985765023133,0.564220040762411,-0.410275066809463,-0.488259501875269,0.593947003802684,0.145661289152114,0.332476537819279,0.00742979783802576,1.0542631049203,0.089602747024223,0.507017321179989,-0.140816260352068,0.642625836901411,0.317197214158466,0.0177201941505918,0.122913111115386,0.282585983175509,0.16445624317758
-0.041574884918461,0.125733020117959,-0.369395036737949,0.598258462439949,-0.403528003968304,-0.447093944663811,0.286207744114751,-0.254689536745241,-0.105644966595069,-0.162509597786471,0.375236502777117,-0.287982685443248,-0.537164539413062,0.440769751080952,0.423168205672955,-0.654853005327498,-0.244824731403748,0.597060815987058,-0.142820544690887,0.345183508608542,0.145723530897733,0.904764128523569,-0.102308920408108,0.347429989943118,-0.262713310328099,0.275973331299911,-0.119109119460614,-0.243161121443769,0.179295522367998,0.0785766014552998,0.331368781425743,-0.0456386368569699,0.129136913459139,-0.379689275454071,0.628502233608124,-0.452509690883317,-0.414055578150442,0.32281301924919,-0.278122449098383,-0.0847925692908897,-0.153860044118977,0.388541779240733,-0.318704719567351,-0.513586305888715,0.484749447053942,0.387080716227333,-0.689499389564379,-0.19120943484532,0.617105544303583,-0.191704175753332,0.356876767700189,0.117462049266646,0.892833190952753,-0.176385387449682,0.355806408870156,-0.291158719897191,0.29748266534663,-0.141704101661943,-0.23340920657014,0.199204044634254,0.0638969977501128,0.324935417364945
-0.0017576700187778,0.191496288245375,-0.309464947283081,0.666042948845524,-0.33851898767,-0.394375112808271,0.347633779536332,-0.215353131198764,-0.0544826651833414,-0.127024597379558,0.417746541024583,-0.236892411189983,-0.503117130370809,0.491486318170855,0.479294989560916,-0.588274736846323,-0.208802218195817,0.656173924988122,-0.0760520267697675,0.394526223276696,0.174116145433612,0.973137709946723,-0.0548624069146832,0.418512900744215,-0.210806082345586,0.372119164234558,-0.0368590646253573,-0.168032494650047,0.224438241091443,0.148578452548545,0.358372705823282,0.0112068977480184,0.191233848005778,-0.280872360943107,0.61983629228073,-0.239071156615467,-0.444919869948799,0.288749063980601,-0.163447431369494,-0.0866373510720535,-0.135159482512634,0.398780315615443,-0.174518074058364,-0.53848787714766,0.416365175505081,0.552679518921658,-0.516710512302309,-0.296638365616862,0.624997365345922,0.0219222461321789,0.383170785729216,0.233023423510815,0.999135242155362,0.0904381847953901,0.410321315826826,-0.148317318941522,0.340643404752816,0.0187025832249757,-0.173535974625392,0.199349067535001,0.182089649267805,0.380557168361325
-0.115158424557597,0.0522797419630852,-0.442877600214375,0.524815331758781,-0.476985068824836,-0.520612712071145,0.212732690996075,-0.328275490275209,-0.179171548522943,-0.236114887195601,0.301666482387445,-0.361509628981596,-0.610777046212187,0.367240931355527,0.349666547800014,-0.728302191794329,-0.318427322243865,0.523574150881545,-0.21626877601536,0.271647791492827,0.072082634350112,0.831323955378588,-0.175854157352417,0.274003418915695,-0.33623615237153,0.202672588020098,-0.192479626132348,-0.316567381059453,0.105738719282064,0.00514460299577912,0.257720912995461,-0.097535665853935,0.0281372297142513,-0.431917357265946,0.43196777910264,-0.366959591973814,-0.620610761808747,0.103588276886886,-0.283676915591414,-0.247993218109064,-0.273677499930844,0.252165921936474,-0.298266433582905,-0.686566122689126,0.239193918068113,0.42665716935102,-0.654995970858256,-0.471113021564568,0.456817111115073,-0.106503507869404,0.226307890447379,0.129032528886087,0.846435797081975,-0.00157034917615662,0.237136284234067,-0.2787924097812,0.13218199683395,-0.149990112598488,-0.356919980093378,0.0393716088933093,0.0273123109620029,0.258799458844956
-0.245807134200225,0.202755015201813,-0.355604479799904,0.697190387890942,-0.334682070437864,-0.511473149778706,0.316214299254414,-0.464133741391983,-0.186896903372231,-0.413702889770905,0.200194357641184,-0.370015393918115,-0.803941267900354,0.354686070964165,0.395731072837808,-0.568996436960299,-0.490191404774555,0.601995335431484,-0.0549016795264343,0.244207319740722,-0.182350958061013,1.01008182188209,-0.223839858928336,0.482116712195637,-0.335890271002526,0.682341189962488,0.136629025506661,-0.0646189894903237,0.0327915349020866,0.201544676999703,-0.0117590565756771,-0.248422952887139,0.101623488612074,-0.272185728436966,0.550885342590587,-0.047839589317401,-0.649170165024916,0.105780779433753,-0.334034853427835,-0.377853744236516,-0.490597196416751,0.0299860968710219,-0.287650164492293,-0.956175342677702,0.0239234672838902,0.541658260563386,-0.406182254836182,-0.724291519407699,0.400317685808676,0.192775050728664,0.221619323338932,-0.0818776372596304,0.935057836822365,0.191734395902983,0.390023101004454,-0.137534762496191,0.54414708919462,0.417362155651515,-0.00840621124483228,0.00620558134502035,0.215035977789888,0.0711617297852793
-0.230764725013746,0.063415701089319,-0.460235772315638,0.545824614177565,-0.469533507486455,-0.573196707327369,0.202681972185315,-0.44623046639771,-0.239358942408856,-0.372883352432254,0.199214187003227,-0.422048863848284,-0.754567911977889,0.304876197639715,0.31372984519159,-0.713185088195404,-0.452570124673255,0.502225161840192,-0.200222334775317,0.202572011640754,-0.0993309849388826,0.85521087136196,-0.254192572234134,0.311124969249779,-0.392784700843244,0.362222445852925,-0.100808389356605,-0.259683164626075,0.0161466408007964,0.0369853520876138,0.0795237677324696,-0.111038289874464,-0.0242496262347676,-0.436144749768104,0.370985415405305,-0.262179920578537,-0.751568027384951,-0.015070012941308,-0.369233510154685,-0.408877658479542,-0.463813541320394,0.0575593429072361,-0.346369286260334,-0.914900266906983,0.0182230144556125,0.429549417085936,-0.594002099684411,-0.723502366139464,0.330298069802099,-0.00943176572066501,0.126509448289161,-0.0223758016623762,0.817475973588601,0.0706939153544602,0.214559625274743,-0.274591279962502,0.213007268510438,0.0367964775828138,-0.297979314305946,-0.082504527076545,0.0431193075736698,0.0935741517188615
-0.234274386597848,0.117034794186328,-0.419460337191198,0.603894082911919,-0.417575147424056,-0.548299223377947,0.246751223498233,-0.450798787630225,-0.217888671265085,-0.385931806556822,0.20163366011583,-0.400737184141526,-0.770781695475776,0.325365038332349,0.346131054425026,-0.657771504242071,-0.464435067892419,0.541201746267955,-0.144389854218037,0.220035865169399,-0.127995655101161,0.914577426186739,-0.240903828144539,0.376457002215847,-0.369674229282694,0.482738730450336,-0.0108882224490614,-0.185443159629594,0.024362824331968,0.0999370771778221,0.0478014403016669,-0.198982119185479,0.0675445514113907,-0.394736847519497,0.515283483078467,-0.290003093100584,-0.636511578654632,0.130923530713087,-0.398672824850935,-0.313119489138335,-0.431960582452533,0.120105930693775,-0.358142263989793,-0.855437046921229,0.162538133566806,0.414864111296436,-0.584651646095372,-0.603388676556673,0.443090277075867,-0.030061496765123,0.189533644917063,-0.0815132865223041,0.887538465005006,-0.0477002111560719,0.325566296179123,-0.290148043323796,0.404645398863714,0.0910898781610693,-0.187743286332376,-0.014811867892386,0.105083700794607,0.0689130534129973
-0.168894482701081,0.128616415898527,-0.395783812662591,0.611284775455408,-0.404429609520651,-0.509670395012254,0.267325953601931,-0.384421941461204,-0.176032428567428,-0.311569199367174,0.261430083971694,-0.358731595515918,-0.693438290196211,0.368145496386168,0.37769360710314,-0.647879758775293,-0.391186975696364,0.566572252713861,-0.134892584665028,0.265664960725671,-0.0389272206666984,0.920746649718696,-0.191343022243673,0.377008520999953,-0.329362567161905,0.431323110129467,-0.033491407028599,-0.193280298985501,0.0787004724000333,0.102730137467715,0.139749277752598,-0.115358420601875,0.106008071827943,-0.378567121286676,0.558304852895827,-0.322602563973725,-0.563807650523186,0.199101086402323,-0.348637485738477,-0.227491442395719,-0.335133034307103,0.219723193678797,-0.323736365391707,-0.741458374752601,0.275321318794643,0.426973843598878,-0.597321404907921,-0.477912653578235,0.514207666251155,-0.0590507914616837,0.247608136619255,-0.00336510671526447,0.915535822316466,-0.0680911745470218,0.351395198331226,-0.278895919442011,0.387234386073594,0.0242458329537185,-0.197763484234664,0.0528278243913739,0.113265042635023,0.153500812184893
-0.146678859390782,-0.0224601081991143,-0.507900883100449,0.446708654608768,-0.55046853048051,-0.573623904544302,0.145217548963732,-0.358995021057671,-0.229589963777425,-0.260418972944249,0.265660500189734,-0.411808065615466,-0.632686476491761,0.317564994219479,0.290978588497707,-0.804399621796252,-0.343626765324432,0.459911746169842,-0.292683112387936,0.224260337229113,0.0595926294538955,0.752235998262428,-0.220083030794656,0.190402419657033,-0.387895422663572,0.0773232414678713,-0.294682199658014,-0.406907496986609,0.0653473721920026,-0.0766556303391024,0.24754410677056,-0.144406844370016,-0.0323845309379097,-0.509420554097707,0.412343626858811,-0.52024382360844,-0.610869097366107,0.106405642834785,-0.349169471888598,-0.253879887798493,-0.275953235117923,0.248040319698583,-0.393833238705621,-0.660549778315816,0.274756861678071,0.31246531986968,-0.78471175040031,-0.398053162767054,0.436661652068969,-0.261565072538943,0.204457136223128,0.0747662843312964,0.756268088839579,-0.169186070748039,0.175511405066973,-0.375012624753809,0.0510778904408307,-0.289450440023065,-0.426845958024219,0.0378156472218669,-0.0722341687242762,0.242357518301343
-0.0901623216179637,0.0232112715625821,-0.459791300354443,0.491535187895773,-0.504481881949607,-0.522500097344304,0.192701843144931,-0.302277510390709,-0.177815544383577,-0.202091618308465,0.321051468133245,-0.360003539680642,-0.573758224857565,0.369525725539413,0.340677910132923,-0.759068903002836,-0.285524084985308,0.508362817543645,-0.247431915717581,0.276795323387232,0.120884521500132,0.796816296467236,-0.166755453902974,0.23385024869784,-0.336432374185984,0.110295051347956,-0.255902111044641,-0.365150731662624,0.119637909349212,-0.0327559305167089,0.309416455653395,-0.0721319504802801,-0.000496805322698454,-0.453687923678512,0.370633603904013,-0.375233279902385,-0.655153017431816,0.05531105441953,-0.251606786398338,-0.257299061760156,-0.248848007474069,0.267911713757474,-0.275583432100819,-0.668420734036137,0.218656672209989,0.437844266932147,-0.66948804548265,-0.485120364125832,0.433284593758396,-0.113758508160368,0.211733390903276,0.193667527644942,0.828602739834445,0.0427664581451063,0.190002097372243,-0.274941725140122,0.0218305525333022,-0.226900156453197,-0.432439892088847,0.0236219520665733,-0.00129728235474513,0.300803322082705
-0.0182095379478149,0.085736904793519,-0.395146259890263,0.553326438574905,-0.441682201432954,-0.455234943152304,0.256803351706461,-0.230150031090922,-0.109984845731761,-0.128564782608136,0.392025850557435,-0.292146670926863,-0.499709059616563,0.437518375778659,0.406704830663054,-0.696839389219255,-0.212192547351846,0.573304696897976,-0.185271526516285,0.345287144477142,0.196988280480172,0.858393507372957,-0.097574673548996,0.294443061112931,-0.268872334612343,0.161781587161924,-0.199366730635196,-0.306027875890342,0.189655742633244,0.0282296704435332,0.386024776569412,-0.0200528138244753,0.0858118764995274,-0.395499253032574,0.554953321657368,-0.443960338703562,-0.453416463833947,0.258677629923763,-0.231207333337759,-0.109037279653028,-0.128111956647191,0.392555173218578,-0.293760706763461,-0.498506243027433,0.439575761353989,0.404903494509654,-0.698513860866148,-0.209323543318175,0.574178329019934,-0.187631917609799,0.346049938264524,0.1955666756949,0.857582473754555,-0.10110882284255,0.294844792324351,-0.270084605823025,0.162888579425105,-0.20003281242294,-0.305207049795805,0.1909157104593,0.0274488261068873,0.385908550306051
0.0378873913824318,0.238002795545212,-0.264501026808585,0.713083968263376,-0.292211942618774,-0.351318212775174,0.392993303620665,-0.175835220055657,-0.0118373903533531,-0.0885251921250632,0.45810372081826,-0.194266183975705,-0.464997896824373,0.534013718351178,0.523253124101258,-0.54155270232215,-0.170160667429958,0.700921794599896,-0.0292796806923104,0.436690307542195,0.210739965930795,1.02033451581721,-0.0131997739357868,0.466426190034555,-0.167963811335907,0.426660354993052,0.0140073811223473,-0.119049313875209,0.265491634467036,0.196205855094052,0.394629286564555,0.0343779862949811,0.245541066476725,-0.217146762241578,0.660457478843174,-0.150333075968148,-0.40945820902484,0.32309321880505,-0.0976432440745176,-0.0468224732455065,-0.0908804204041744,0.440490291702302,-0.103119503345068,-0.503650099422812,0.441495336880569,0.629503249623036,-0.43744356016925,-0.277910788112339,0.667065749985303,0.11017933711557,0.430864671155173,0.29762612333844,1.0622644270969,0.189811247418703,0.463799894886433,-0.0751612492765817,0.393241408205208,0.098897927404843,-0.116262333033076,0.241804968548457,0.249029440926643,0.433667416139611
0.0692800323483134,0.132353867991922,-0.339340337665172,0.596759393021886,-0.393877071448896,-0.388069185350265,0.31025272238977,-0.141903045722447,-0.0403670981528101,-0.034250709977421,0.475273438086029,-0.222415459549685,-0.403130360975135,0.50783828501765,0.468502069283911,-0.651506289464409,-0.118725214274662,0.630397601802157,-0.140238125160314,0.417771272287318,0.302474931018899,0.900898465219248,-0.0221034754159177,0.332680034376324,-0.200428063815282,0.160537142573657,-0.178721268747569,-0.274164086199196,0.2687560899722,0.0681696282919155,0.493699019413862,0.0685986942796082,0.131143156079071,-0.341653304320328,0.602689577743171,-0.404305815226106,-0.381185937083224,0.317034474213322,-0.147324906167074,-0.0378872536420246,-0.033545269680062,0.475871990673083,-0.230721160252298,-0.399243511657208,0.514883240308818,0.459627277505791,-0.659693656260453,-0.107339734227738,0.632472399206342,-0.151254717682924,0.420222021269562,0.295174116641934,0.895612526545285,-0.0378472397754143,0.333066306439058,-0.206241855569335,0.164039748393915,-0.181526755759928,-0.27104082020439,0.273547278919232,0.0634729474626589,0.492507712506661
0.0106756706441935,0.108992649904195,-0.37062490162336,0.576143643982265,-0.418262807805471,-0.42914897268972,0.28100013755706,-0.201160502251374,-0.0835611579595685,-0.098739622067896,0.420326802632085,-0.265707355565583,-0.469571987741777,0.464038773638704,0.432051384562191,-0.673760473111761,-0.182484009893255,0.598003313786423,-0.162233888450778,0.372105624360264,0.228352261854011,0.881082898007898,-0.0703447786744427,0.316544613950031,-0.242610272074238,0.178445287711899,-0.179688090792965,-0.284804113992637,0.21738548726962,0.0505657786518512,0.41769005927614,-0.0321333516219841,0.111851645789558,-0.341436146368872,0.476888514813353,-0.263968772102978,-0.541161761990836,0.166071981001862,-0.125907315464558,-0.137432906854989,-0.12111770160452,0.393883857488593,-0.153141818534291,-0.540729694043424,0.338285139456895,0.556323197425157,-0.558055036713677,-0.362920301396341,0.549133219267997,-0.00208572815898236,0.328658609647473,0.328003935685387,0.942236730756477,0.165613454210742,0.297705944278596,-0.157838103750636,0.113473091329626,-0.131899585477077,-0.332925447944168,0.141113577318724,0.108782656481393,0.431231817721492
-0.03670703260401,0.119742102657197,-0.372944691024422,0.591421638137195,-0.409203256965846,-0.447625591341444,0.282032016463432,-0.249620459295452,-0.105525184495107,-0.155828655851762,0.37897737255892,-0.287832759015576,-0.529881946293775,0.441076078947203,0.421210285557891,-0.661185011320319,-0.23836874575454,0.593853078930952,-0.149232172615031,0.346064812060558,0.155372731035511,0.897680760088823,-0.100634031441436,0.33921273098167,-0.262905289946213,0.257266904720034,-0.131999977333205,-0.253071566577088,0.181934580212179,0.0708117804187207,0.341599166931831,-0.0523800247318119,0.114739243298071,-0.356624851024757,0.540592418078587,-0.328597469255814,-0.50339654853052,0.221024418731819,-0.211181871018419,-0.139546350533984,-0.170210849655603,0.357739239317313,-0.236181335277333,-0.569111126920779,0.368857632884148,0.481325239916974,-0.603777597269828,-0.328482693609755,0.561365426674069,-0.068295000004933,0.325725723921676,0.202538450001638,0.918856754618247,0.0217122949577933,0.325497160140666,-0.216673451915786,0.221435128162117,-0.096936665189273,-0.271062051646525,0.14744305731963,0.0956079312594087,0.351250216152449
-0.0803656370174206,0.120798138252697,-0.381941378367607,0.595960979917804,-0.409447076061877,-0.46904994098591,0.27561339695921,-0.294107675943366,-0.129632011426086,-0.206953267128927,0.339959498107278,-0.312063715363589,-0.583484058861268,0.416201087025387,0.405659096927923,-0.658724428871178,-0.288567023797638,0.583448432289856,-0.146443720060008,0.318822164606523,0.0920253173828165,0.903235330328686,-0.13114453440199,0.349436477174301,-0.285728333052601,0.310683329619392,-0.102531114319437,-0.235875556333321,0.147453787323919,0.0791724611485431,0.275858526876847,-0.0247007085093838,0.0929316616704782,-0.340055086965913,0.463524271007574,-0.202799890683433,-0.611024145138152,0.112972127861304,-0.198539787015356,-0.231612720700499,-0.251902670191929,0.268199246013317,-0.194184062510768,-0.691690955976445,0.213880226197382,0.549975228492623,-0.518063691963741,-0.516977194518927,0.483388922908821,0.055864787390922,0.268043366016516,0.202575680866828,0.935144756384297,0.182048854152635,0.303962612567132,-0.164562574034976,0.21160812537307,0.00519713933016586,-0.271427827206406,0.0656648423118171,0.130301496690572,0.303311274300155
-0.138216704778618,0.00514098683949982,-0.484602595048733,0.475800688399223,-0.523423804485665,-0.555644954596996,0.169619312002059,-0.350887532393608,-0.212759178569266,-0.255152448679556,0.276108998743299,-0.395030410780654,-0.628480382314232,0.334066986352386,0.311471392492571,-0.776197346952708,-0.33796374817557,0.482607393808479,-0.264340501260282,0.239748915898947,0.0596275005852291,0.781762574229607,-0.205993172808897,0.221927515133322,-0.370515147128879,0.127335841360212,-0.254919731717887,-0.372398104951392,0.0777378506817605,-0.0459279716507677,0.246554619491956,-0.137939700397628,0.00561377300514286,-0.484620180386622,0.477458327417175,-0.525051335567663,-0.553854523158731,0.171519959597178,-0.351467734795836,-0.211558927331342,-0.254424681392655,0.276981777095661,-0.395974873427369,-0.627129135274125,0.336216775920964,0.310328677870641,-0.777262770742111,-0.335308675707767,0.483763437753255,-0.265991315462481,0.240653123043916,0.0588074117917183,0.781558611492876,-0.208667281777891,0.222632138517861,-0.37127427576748,0.128603231116062,-0.255355298636387,-0.371526122634213,0.0790116813118187,-0.0461938829268904,0.246711721411346
-0.0969207121037101,0.067883033126078,-0.426682039778145,0.540213399398228,-0.461305195028643,-0.503684959713969,0.228776361205682,-0.309988959051628,-0.162085754520469,-0.217437305217192,0.319630780187559,-0.344416521732741,-0.591953499016432,0.384371982799555,0.366248275221771,-0.712781651339705,-0.299804316395194,0.539852663074749,-0.200767552455327,0.288918336448205,0.0914803386599559,0.846662209510253,-0.15839108243101,0.289066582460954,-0.319225994166185,0.215190998608092,-0.178550313725983,-0.301914997537434,0.123435709008879,0.0203175314708375,0.277259617357791,-0.159045842079568,0.0479806482132311,-0.412742457360704,0.452595489802429,-0.350373952608588,-0.598412633030398,0.125346127095222,-0.263010402034797,-0.225741081105116,-0.250721141100525,0.27498066517175,-0.278781275362705,-0.662678424959341,0.26281606216904,0.445177938297349,-0.637573638636186,-0.446171944901655,0.478288723087955,-0.0899103861847972,0.247691306433192,0.150808874486422,0.86544742963967,0.0154685273374733,0.256541436690964,-0.259867016454352,0.149638873864278,-0.134361471205973,-0.338579782524585,0.0614383468194483,0.0456646934897888,0.281431763053324
-0.00198544973119574,0.162442273978174,-0.332038261956436,0.63474334787343,-0.366735023230055,-0.408936673201753,0.323398459125947,-0.21504672858025,-0.0673149100901398,-0.122439258502641,0.414527016989574,-0.249644633453416,-0.496934618100783,0.479149287006095,0.460947172206666,-0.618234221828221,-0.204814059550605,0.634508280933542,-0.106222880121708,0.383715551123281,0.186581171324077,0.94118362056351,-0.0635663871814316,0.383548728731123,-0.22446594553664,0.309309922078858,-0.0842300065779966,-0.207491483548075,0.218293791857123,0.114815344929825,0.372380575525112,-0.0474412918341477,0.161747697258302,-0.275210521593342,0.518585258732123,-0.144680570981997,-0.537232849879081,0.180338733842989,-0.101911131429576,-0.142545448043168,-0.145988265417439,0.371693669351429,-0.104629218942927,-0.584268660314675,0.305304937482529,0.62856961807813,-0.456979484488221,-0.421093067355889,0.56285747284145,0.1157493378489,0.346555235003922,0.320817704576777,1.00645595455011,0.265691121430928,0.361311080500148,-0.0902877723361363,0.230784227006242,0.0239769491186956,-0.236957956944275,0.145706331303551,0.191181814216008,0.412546823211646
-0.0136488524212854,-0.0368247712787326,-0.489128350390347,0.42086182895931,-0.560548430150833,-0.5138855677035,0.155491892749303,-0.223233626183026,-0.161009268942003,-0.102778466638343,0.383393081945334,-0.34281819797973,-0.466879282828831,0.388677822274481,0.331356987973349,-0.823394149278663,-0.189039768593091,0.483325391860332,-0.312758411314917,0.303177763641424,0.257523651860526,0.723042634124765,-0.130393640567922,0.145817862638861,-0.323546516191028,-0.109639083217598,-0.402705210912714,-0.474475009008062,0.168124189126807,-0.115098889582869,0.453364017824127,0.00159276577944534,-0.0395786789451793,-0.496558427059759,0.322171164540103,-0.475631795293069,-0.626986550230031,0.0518060032038973,-0.191860269486399,-0.206050769544309,-0.135265055724533,0.362655631023852,-0.265461573771141,-0.53604917597981,0.294476317517766,0.409779905996128,-0.756536766595897,-0.355174721936828,0.445183132575592,-0.215238600788082,0.2400729867649,0.318695356397839,0.775002779729683,0.0154935440703034,0.119508541141921,-0.294125073462277,-0.174920559189968,-0.424826917741652,-0.55572821135942,0.0723901065451174,-0.0811767341473405,0.43014069437992
-0.029357719307546,0.110484659874261,-0.378468611235263,0.58087051578635,-0.41797794131001,-0.448533950375149,0.2755506169181,-0.24196340425579,-0.105437287135455,-0.145706511222011,0.38460314585841,-0.287698760715591,-0.518839672158188,0.441449268296886,0.418120668834007,-0.670964094599428,-0.228590635876342,0.588852066578156,-0.159133024936073,0.347317334843222,0.170034353062748,0.886752587819108,-0.0981678462142455,0.326550454040106,-0.263294182399235,0.228563119235508,-0.151809778233464,-0.268323301655748,0.185875307924357,0.0588414351061388,0.357149619263812,-0.0526975418025493,0.108637456479163,-0.371516857364739,0.557057068417086,-0.381429257891092,-0.474833345916597,0.247328620949333,-0.224625612114639,-0.120661753898304,-0.152340681701204,0.375435214269527,-0.263499325147976,-0.53694183200215,0.408803598724186,0.445896892818545,-0.64465571856586,-0.27080805544321,0.574469021551566,-0.122082138073955,0.337304599832891,0.191887745466222,0.897451240223626,-0.0423728992814819,0.320373680670323,-0.242747453239022,0.211996508507254,-0.137428464568627,-0.277875254068137,0.168992262323637,0.0705368088600029,0.360851953820589
-0.0532606482935112,0.0237061324928032,-0.451111478122804,0.489193929050286,-0.502928674896395,-0.503701630082501,0.199282593749604,-0.264701178158948,-0.156832994966527,-0.159111096732781,0.354174643295643,-0.338919923668898,-0.528760513281792,0.391133717511826,0.354694429666342,-0.759717628911046,-0.243297787088052,0.518189005037483,-0.248347594584203,0.30033106856885,0.173816890455758,0.793648435147796,-0.140559009622953,0.226880728393462,-0.316495085937252,0.0681579047322245,-0.278541071100129,-0.377797093136296,0.149066977229024,-0.0382085365672982,0.364297397707846,-0.0757882737137319,0.0106429065396193,-0.4452970809055,0.378549929068954,-0.382944201652793,-0.627054821021925,0.0757398202840319,-0.215823185980907,-0.221756187063413,-0.197577486380762,0.315149504194352,-0.25205159704316,-0.611887318620774,0.261444757999797,0.45062769922792,-0.672721814411514,-0.429633540877425,0.45851541734238,-0.121251506268566,0.239418915845797,0.247479016907081,0.836280460616026,0.054098944568521,0.192405855080963,-0.260848106142831,-0.00946876623667521,-0.261823998767363,-0.446114792330847,0.0564047782092505,-0.00164691615724191,0.354925999452074
-0.114715575690029,0.0600186422240121,-0.436778994568126,0.533122600253026,-0.469458264795287,-0.516541917961147,0.219251957871958,-0.327967845391099,-0.175538452047098,-0.23689026058746,0.30286655538333,-0.357896786601634,-0.611956671471839,0.370748686975432,0.354695660809476,-0.720334112767198,-0.319051546596354,0.529443020955839,-0.20824719869008,0.274769218687826,0.0693128762492439,0.839796877873699,-0.173265943478979,0.283238207048306,-0.332393581934578,0.21895509035992,-0.180104627961811,-0.306194934280031,0.107679104181516,0.0140753962541602,0.254560654091645,-0.242360207475177,0.000606734029592847,-0.405694967483593,0.306912049763781,-0.193350763332817,-0.759677265200251,-0.0482683053868029,-0.214415896458434,-0.345395033456304,-0.327802713712333,0.180179620069476,-0.20104031898284,-0.797313637173769,0.0538125310458465,0.546708705431283,-0.5366350299686,-0.692117051603909,0.364204245997421,0.0659546258311066,0.166916702794508,0.211617558914514,0.875694446409103,0.261670068567105,0.193502700206516,-0.18570275766695,0.0468063925433966,-0.0667064285550061,-0.399472238233683,-0.0509011515127644,0.0698430722093058,0.26185038911692
-0.0645954461110136,0.0656061867434303,-0.421179656612413,0.535241020813356,-0.462576157922147,-0.488565516734578,0.232283724551124,-0.27702247725918,-0.144890495197847,-0.179334521873509,0.348364849659188,-0.327125205726304,-0.551933518574863,0.402161681243916,0.376822813503688,-0.716145396511127,-0.262418369565363,0.54644458572546,-0.204385017621943,0.30854022861649,0.139041652392242,0.840904203461385,-0.13624038306579,0.279695367159238,-0.303024182004387,0.172395430072077,-0.202814228483378,-0.316681650757467,0.148658789549794,0.012388036386346,0.326672912653502,-0.0237823290918992,0.0371413710473705,-0.392269445032426,0.349642777869137,-0.226715305065131,-0.692405661410045,0.0169910340199746,-0.174663660862451,-0.266964019472247,-0.243182385619655,0.269338781717843,-0.173613745746718,-0.696085455764554,0.158945064151267,0.554040540538997,-0.550093568058403,-0.577997066680286,0.430806549692685,0.0364128304810503,0.218475336926662,0.275003879935262,0.902174699257929,0.234314889955061,0.219659286788132,-0.179772814353068,0.0388639195476304,-0.126845960760432,-0.406054353972432,0.00910893943120608,0.0778964475963544,0.332131860517526
-0.188070221952739,0.121218905738505,-0.405829298379231,0.604804798752804,-0.412169512828411,-0.522989436182518,0.257959553607888,-0.403815944456554,-0.190058057826231,-0.332711550431508,0.243476753770656,-0.372789921553911,-0.715233236870541,0.353917525718812,0.365921608152318,-0.654907298952132,-0.412085322447037,0.556155898146233,-0.14183376097494,0.250813328786235,-0.063289165280084,0.914534093113202,-0.207055436038591,0.372025866369068,-0.343050036480538,0.437717786609555,-0.0334047287794803,-0.196426397999137,0.0619422493507074,0.0972567350229294,0.114756936275262,-0.177498503980966,0.107646352720628,-0.397081236044736,0.575517123057689,-0.368522277708957,-0.55273466914461,0.220216726611273,-0.385199654852286,-0.219200434852714,-0.346427560544846,0.219465801313617,-0.355218819043045,-0.742136544168664,0.302300949065794,0.391462942298144,-0.628499660488865,-0.4593483284909,0.526416740991375,-0.101697394167801,0.240577544404372,-0.045188600676098,0.909966673867868,-0.141055819849725,0.357083198390616,-0.31620186911577,0.412960731720308,-0.00181574141113893,-0.198837132924101,0.0477666522079339,0.101726950746769,0.121775709256644
-0.0769437790069425,0.167687824208635,-0.344824107687627,0.646236844402866,-0.363820999967816,-0.444013802717347,0.315236849266359,-0.291491325346918,-0.107203552904791,-0.210789235676563,0.347892685102616,-0.289755925065087,-0.589728446660436,0.437882799880187,0.436404630428642,-0.610469360101842,-0.291502488760084,0.619197002863928,-0.097869923434466,0.338202241055706,0.0763073640855545,0.954498114891452,-0.114941193377256,0.40523824353188,-0.262051887420252,0.408473400616199,-0.0280208572616143,-0.17329593882666,0.159797545012255,0.133163111304087,0.257814079315771,-0.0246118172592332,0.136672434909443,-0.277230558011624,0.507241150693658,-0.103328370578931,-0.590666983713366,0.136258624863705,-0.164422006324202,-0.224701251219766,-0.254002084986947,0.262925319462859,-0.149523313643376,-0.706526619737301,0.200168229709019,0.612911499222783,-0.434558328964514,-0.537577546460049,0.501694804671123,0.151723173558915,0.298751699177225,0.212633839124624,0.985256970695702,0.269808957977168,0.358906416513252,-0.0987037643585085,0.302842491791281,0.13663133037441,-0.184590910397885,0.0899434115651219,0.197576155887756,0.311491007986186
-0.14360085259203,0.000989661602647018,-0.489031082838885,0.471745401026149,-0.527610967877754,-0.560416084140627,0.165261903845673,-0.356294525786673,-0.217604266408419,-0.26074244097291,0.27085280000132,-0.399878920978741,-0.63413868153175,0.329200719518099,0.306862191245646,-0.780309947577875,-0.343528200634001,0.478140087322505,-0.268444062213685,0.234817370686189,0.0537005147095861,0.777735277612237,-0.211014815717725,0.218028951868774,-0.375324839900957,0.124628138839284,-0.258287689916603,-0.376104436666491,0.0726067433322619,-0.0498779012947317,0.240561650226109,-0.139006279548497,-0.0430650478079971,-0.488727468664369,0.321717585324759,-0.38288615473853,-0.722279662609472,-0.00666582005167546,-0.305594512387344,-0.326910384824921,-0.327500350484593,0.190860709002265,-0.316785114906314,-0.756815875609483,0.134655946025015,0.407856313316406,-0.686168969857867,-0.582916250010291,0.372750496800447,-0.121757449813015,0.152462531279803,0.125739161022788,0.794209835583379,0.0275833613484976,0.153292592578517,-0.308436642899964,0.00948378935962921,-0.220053540593322,-0.455343444779832,-0.0427767754026113,-0.0276031799332685,0.225259815955007
-0.043250918762535,0.00272772188196058,-0.465123150610099,0.465801517561891,-0.523006260199526,-0.509100683952031,0.183484268669938,-0.254117203771232,-0.160373038407592,-0.143927275071182,0.360968254115006,-0.342373942940473,-0.511859733658081,0.388126027778259,0.345225157708136,-0.781669418592541,-0.228755932891012,0.505153076512993,-0.270526604808843,0.298964211489315,0.197471358707899,0.769552450025239,-0.139661177455769,0.199548910918404,-0.320924817253704,0.010892696747975,-0.319210139573521,-0.409960829094414,0.152716299750576,-0.0642492124018705,0.389610419738579,-0.164530719641737,-0.0157265310799393,-0.463959289331318,0.267343299207698,-0.324258597003755,-0.73225640185414,-0.0337382337307573,-0.175828344125149,-0.268799478689993,-0.212355061201955,0.299557527631635,-0.188356417689103,-0.657943459307387,0.169726297178333,0.510830331023478,-0.63436913986005,-0.562277753837469,0.407547754524714,-0.0549884630728142,0.183536226583921,0.32503306937745,0.853809305384398,0.188690589085599,0.139958438126919,-0.235781514273751,-0.12603914028115,-0.314562456079719,-0.546161049395766,-0.0222053218250553,0.000911605163089774,0.362196638663158
-0.0348249800840836,-0.0867681267581002,-0.532604272141157,0.368677483447104,-0.609655522249074,-0.549366135078715,0.110357367354693,-0.243876664975673,-0.194764060705506,-0.119151328071403,0.359231334002045,-0.376493130904654,-0.48165824025147,0.355417230560173,0.292097914031295,-0.874241121991888,-0.206008587841604,0.440755282744297,-0.363816319731265,0.271440406511426,0.249014347875846,0.670205139926415,-0.160028618168333,0.0899764473908906,-0.358127232120349,-0.19326857029432,-0.470927999684877,-0.534802040338736,0.141043503248872,-0.169741698991787,0.446394399479711,-0.0573949854572626,-0.0922044944643413,-0.546149245924339,0.285535076523014,-0.552102973469697,-0.644536658797153,0.0245983429867401,-0.226649283177197,-0.232834526864522,-0.149555051128799,0.340631167382591,-0.320415177133442,-0.540430853861868,0.28022777470332,0.347580465630572,-0.82864305810022,-0.3424823544192,0.408596228196487,-0.295012036722892,0.214646711674699,0.291387663138763,0.709077626168026,-0.0554059717100812,0.0649951147444917,-0.344081422137483,-0.249174167791399,-0.501098268602263,-0.608316447619665,0.0575580128247688,-0.1477240454458,0.419896802393556
0.0412667479897877,-0.0335150102629367,-0.474216590446339,0.420151453851512,-0.555738487260937,-0.484630855548515,0.167428265777055,-0.167361711913982,-0.128658669355037,-0.0392462352746783,0.432952746022437,-0.310324338763289,-0.400487729917124,0.421914972645228,0.353833396557139,-0.821705396937828,-0.126576632364579,0.499862098832622,-0.311448058800705,0.339147460916598,0.335162403509855,0.721160568563743,-0.0906524620418061,0.138547030797289,-0.292677550848616,-0.166759235996272,-0.432187121891163,-0.489792635786879,0.212447539047377,-0.120219529517778,0.533764828104108,0.102552421153583,-0.0220800366077014,-0.4835035655069,0.288746521726224,-0.439314949181566,-0.638625421890447,0.0331375514449529,-0.120967510733502,-0.175034428528138,-0.0748974209449559,0.422077654373728,-0.1903535757181,-0.486478286750308,0.310940232353586,0.470745603890303,-0.723658524696415,-0.354270357314119,0.464787843482636,-0.172936782534977,0.252845522410526,0.429139818007866,0.814033727730755,0.109180393814964,0.113427326296057,-0.25428631033773,-0.247859885949618,-0.478395935603754,-0.609551245168467,0.0767265006913315,-0.061350533765374,0.500452119450138
0.143782819199854,0.0891376372672337,-0.356091037904282,0.544372756766782,-0.433671210052339,-0.372101916785757,0.286714813013186,-0.0652187939596836,-0.0173377445357197,0.0599076302464159,0.537558701284743,-0.199059313789732,-0.30244957043338,0.532889965730297,0.469007226455894,-0.698420232520395,-0.0270056063819037,0.617353597743646,-0.188015242933792,0.449056215375689,0.428811910887141,0.845839064589548,0.0177846620564708,0.265328221106357,-0.180778492984793,-0.0205268621134476,-0.29673917806287,-0.359871589556759,0.319096701839774,0.00572265683478612,0.626336581392547,0.107841011434545,0.129751091653394,-0.33091287416129,0.443789897105752,-0.279905563718158,-0.494598373636908,0.181609458225452,0.0157677873644874,-0.0357596987604474,0.0550103434858773,0.554480443548079,-0.0472183920717793,-0.358676638491508,0.44745888362141,0.619529398969061,-0.565942627028671,-0.224284101919064,0.609725489120755,-0.0136351443822185,0.395948698529878,0.555654076185295,0.966962944897181,0.256703654317927,0.270351745928191,-0.105832851598488,-0.0715902584197301,-0.302537275379189,-0.443689692024841,0.217445972853697,0.0958559524334099,0.627953025301636
0.100132410552078,0.00322149670457605,-0.432505017817626,0.455164081916296,-0.518358685687589,-0.436768866128126,0.207863959536322,-0.108085971375855,-0.0794691291092171,0.0233143340905464,0.489521723754502,-0.261073367201396,-0.336701051798054,0.47148467568787,0.398788774319753,-0.785663996446811,-0.0644745028361768,0.542270466747365,-0.275568920347053,0.389888910341563,0.403772005038112,0.75567076278282,-0.0382937596779716,0.170746462341377,-0.244123351779619,-0.155935745474318,-0.409512047123508,-0.461043759050003,0.266771127264015,-0.0870980718654302,0.603558830969806,0.105484093906249,0.0102266877430082,-0.432279644237575,0.424906343605709,-0.486515735636987,-0.473032864963784,0.177307925481038,-0.0935439590690652,-0.0870307455118162,0.0177547312806414,0.491152777709336,-0.226826781371133,-0.354965555790408,0.447929313566036,0.431773501309512,-0.757765022151778,-0.119438987929298,0.5377598771492,-0.237632070598596,0.37061030793259,0.431048351284549,0.783918360295633,0.0145724204755388,0.168067458603776,-0.23217805273765,-0.173014438643991,-0.420421199122798,-0.489692925756598,0.234516839252618,-0.0684349566990337,0.597465512841016
0.154295746559805,-0.0756678345244186,-0.481481515135473,0.365909841596261,-0.593380175563196,-0.448765671417281,0.151216175985985,-0.0514570207979617,-0.0834839679171271,0.0996934841276786,0.529876126061405,-0.264718847114414,-0.252949860865693,0.469755584923302,0.369315819430939,-0.868732690522039,0.00914825449562073,0.497483486328479,-0.35961322312866,0.395205003963957,0.516521266896515,0.663395613553952,-0.0232538509650553,0.0645777356580162,-0.251958211546734,-0.390628398681153,-0.572946450637192,-0.587959121029943,0.293625011544663,-0.187723069939695,0.723429365772875,0.122755468374716,-0.0900668354447894,-0.474420133060774,0.410842076827321,-0.627527170949586,-0.39339096482579,0.193095342844701,-0.0655686337603656,-0.0786819580992984,0.10748427394319,0.520572651392043,-0.314167305655579,-0.228246088997539,0.493361065700447,0.325477857267555,-0.903197534449752,0.0902190752361945,0.49662976399433,-0.406038774948629,0.428764393942345,0.479640423822811,0.615193441016738,-0.0851624535228763,0.0667478033942529,-0.257984656837077,-0.367115459401585,-0.536492699982745,-0.534491305785597,0.348493821045961,-0.215124387900438,0.740947830909493
0.18548589463097,0.0437134958050116,-0.38192728216611,0.492161335491161,-0.47656256311201,-0.37372265515096,0.255855160853491,-0.0219011538611174,-0.0137316314646458,0.116158343748992,0.570219237497334,-0.195211332492976,-0.241371404619141,0.537992861013047,0.455942536546896,-0.746581156797589,0.0274401314665305,0.594260785500992,-0.236815027544482,0.458772526690485,0.508878957326875,0.79164945384068,0.033868443967819,0.202040643654213,-0.179673853965774,-0.167976089645641,-0.397526184495739,-0.436744739029612,0.342916659455371,-0.0539347066956548,0.711066869128318,0.202871865952012,0.0601744209991441,-0.378047932818,0.458267241097393,-0.43288575985383,-0.41601514708043,0.222689185176301,0.000804684077240138,-0.0156752469405843,0.114939731634132,0.580527696859867,-0.144607289358735,-0.258695412720171,0.51657238241901,0.50368665346604,-0.706118586843936,-0.0388151306807299,0.596695956931609,-0.184077419892968,0.437756403275754,0.549592674442669,0.836809860598786,0.104123287149148,0.205046294966433,-0.161743779401435,-0.183921225934071,-0.412433203983991,-0.472023156284531,0.304157795918062,-0.0235026056976407,0.706280439550743
0.139427205128575,0.115322134237905,-0.336772553379648,0.572936352790139,-0.408374514182377,-0.361271528924711,0.307794118558851,-0.070140350407943,-0.00833948937620477,0.050452731497602,0.536372707014047,-0.190145839055132,-0.313596603223713,0.541363563996363,0.483848984854967,-0.671276429674393,-0.0358278192849966,0.635710445692602,-0.160647504718098,0.455912704282301,0.411008834858622,0.87509606192112,0.022409204781292,0.297774266857944,-0.17090341313097,0.0414197947051171,-0.251148712393874,-0.322663485600227,0.321009535485938,0.0368962283787955,0.606898931093498,0.0688565227357906,0.188263060319354,-0.276442123165221,0.396754796976313,-0.108644571810637,-0.574911436753715,0.11879599683412,0.0908812237489985,-0.0450332042772157,0.0460899525292806,0.562766902862556,0.0904559411952859,-0.413070831215486,0.377306437311218,0.767061717034706,-0.418152277853771,-0.387004079269169,0.616967229003173,0.171922516933767,0.371870441827092,0.649518204905756,1.09011410674673,0.480213096840187,0.309497575433118,-0.0151236944755356,-0.0479878156156799,-0.229480070459119,-0.454051184645614,0.152209096356105,0.204831408444464,0.626201082810448
-0.000437412315880792,-0.123797850901783,-0.553577996538941,0.326084295198806,-0.644609145546823,-0.550490656034931,0.085266006688629,-0.208165655001036,-0.191604184797976,-0.0728392096079844,0.386206824511028,-0.373134998077029,-0.431389108317106,0.359804003595274,0.281592902601828,-0.913514159122782,-0.161175989530234,0.422030321618658,-0.403613024167912,0.279608749659971,0.314848471773296,0.625990449923496,-0.14664092425261,0.0383042467842749,-0.357017789004729,-0.313927217913365,-0.553338100129656,-0.597610195901662,0.160772461562244,-0.218438250236547,0.516050934751812,-0.000780471968002836,-0.123788493645696,-0.550929675602788,0.337926602535712,-0.651584839063593,-0.536700982923874,0.0970422687070242,-0.20998969111322,-0.187151042370128,-0.0687403551419446,0.387765022834928,-0.381396850860314,-0.423406891984428,0.369032409410579,0.273895866920741,-0.919538079360493,-0.141633819327328,0.425478246961213,-0.412641223997654,0.288242961112121,0.308866997133292,0.619255116527649,-0.160032300615671,0.041441233629895,-0.357837204995907,-0.306289785774497,-0.546622474474024,-0.585773020501043,0.173556718978152,-0.221877543187196,0.520723831632848
-0.0896350538319588,-0.00188972696503065,-0.479130564904143,0.464437726944533,-0.528837866714458,-0.534716427681637,0.171884954954781,-0.301275322198046,-0.188494408641228,-0.197285196935059,0.318918894235939,-0.370611258967507,-0.567531819719372,0.359287136255555,0.325095368314237,-0.784974919770736,-0.281248592963294,0.489830527082043,-0.273525851752824,0.26791375959897,0.132696461296955,0.76913695572634,-0.173764041163221,0.203494762409113,-0.347847041163712,0.0551836132619226,-0.297287966336238,-0.399502382068425,0.114904900011307,-0.0620435979024787,0.322600076930252,-0.0865468112597533,-0.0251367974863823,-0.479620670216117,0.340174042648175,-0.408384805891882,-0.671871822321327,0.0332049411451811,-0.256696538579707,-0.266630900583444,-0.24617168300532,0.267752495713257,-0.287898863448747,-0.663650756506943,0.212096370231568,0.418277366169738,-0.700660640587794,-0.484833759003506,0.416888016366247,-0.146487106086036,0.196974160711336,0.202180550353385,0.803552107632059,0.0257135101513396,0.158428633185055,-0.295070176642394,-0.0350313679410357,-0.282975961219045,-0.476604743512019,0.0112929797596198,-0.0322427309467954,0.30650891801221
0.000348664599254533,0.0596411035744708,-0.411202970380323,0.523752054782509,-0.466479910656195,-0.458880844138024,0.238172069421406,-0.210764339966669,-0.110951907061599,-0.102550697635413,0.405949616303731,-0.292989771168012,-0.471220833022059,0.437318437753113,0.397193733088287,-0.724337832626182,-0.187103539439217,0.558654036412548,-0.213097395413836,0.347451651273953,0.235208592836159,0.82780527184355,-0.0921467426909413,0.259191981366548,-0.271121438864295,0.0833964010634691,-0.253836829450929,-0.348241764800253,0.199048579422541,-0.00516087028976564,0.4266350699419,0.0570367864419778,0.0598060037620289,-0.382995836112529,0.329274476373008,-0.21877247992705,-0.679501534978827,0.0211453410786358,-0.0981213615781283,-0.210632457554422,-0.155025168297185,0.357448479938169,-0.10099675549987,-0.609789727947132,0.214455537668812,0.604022566764731,-0.536485893475559,-0.529677591152018,0.470163811674311,0.0511168539864508,0.246667687123295,0.399535119202551,0.93904668022534,0.299362016386972,0.215611373570153,-0.148537137411645,-0.0448299121765841,-0.214394677289698,-0.468293358438071,0.0343483705287075,0.088978735939595,0.424194247212651
-0.0435598072043621,0.113127900120089,-0.379612529213126,0.58482602055444,-0.4158243947934,-0.454359736516759,0.275377933388565,-0.256477654902667,-0.112273641854101,-0.16272126484777,0.372149358272454,-0.294581878659027,-0.536787773837316,0.434323523093697,0.414507476252451,-0.667791719988736,-0.245256412359623,0.587177728666683,-0.155837131953753,0.339299623734437,0.148414908069745,0.891090559191705,-0.107416655198783,0.332647442170177,-0.269646897759829,0.250932067645914,-0.138462585071419,-0.259599655325697,0.17513077323029,0.0642365513422192,0.33462857506173,-0.0258712167461963,0.0880348768235515,-0.314444172983178,0.366146768956452,-0.0789300442434665,-0.693899162778832,0.0136398728885646,-0.0978436906738346,-0.260019928684991,-0.227397517830587,0.278412293034519,-0.0802018545897969,-0.706484345478445,0.125102041671542,0.664703493697933,-0.429010916634993,-0.62994390898459,0.445895540706288,0.182411941452743,0.249528225889739,0.343871543654258,0.976586317432219,0.405904169574816,0.270769100544522,-0.0780223118944901,0.0955995186384686,0.00608911576018384,-0.33936228734552,0.0255860296482174,0.165122226799668,0.371632624959318
0.00825518372683653,0.178526044312379,-0.317268142723911,0.651282303239141,-0.350821112898753,-0.395790552996456,0.338505470330679,-0.204914374976479,-0.0545193256813779,-0.113174254055929,0.425374083158827,-0.236865269798617,-0.487993363977171,0.491844490573502,0.474860774464748,-0.601966910722734,-0.195428005445917,0.649094413469715,-0.0899127242140274,0.396101358588034,0.19424894704936,0.957855242072721,-0.0516076104836127,0.400830500164062,-0.211502601203946,0.332235946348939,-0.0644333574280171,-0.189298603512237,0.229733746364245,0.131853658146255,0.379735613644959,-0.0159038046460353,0.180190588544,-0.28127082187832,0.587309546929514,-0.219498996167523,-0.466528804152274,0.258699750225562,-0.136659403717721,-0.0958374903800544,-0.124167326055014,0.402554051771232,-0.151094437818077,-0.535753987066982,0.393447342071918,0.574034449664379,-0.506217768230765,-0.31680635171006,0.609689044682508,0.040968234644086,0.377971694683253,0.274117336826253,0.997022869954617,0.141530721827111,0.390424535478023,-0.130680645087238,0.289589356465988,0.00255745056991785,-0.202290703625296,0.191564287154534,0.17817630764418,0.406322089894052
-0.108683307639224,0.140432147332193,-0.373087841866788,0.619330463160944,-0.391207022425476,-0.473523746089281,0.287231636099646,-0.323313944761589,-0.136982487159548,-0.243277433379609,0.316618515135493,-0.319547306650392,-0.622465080860087,0.408026836313725,0.407483630260142,-0.63758419317691,-0.323897796508136,0.59079208269358,-0.124951878665728,0.308108856000148,0.0425934999367534,0.927693537754601,-0.145362269310963,0.378901877539969,-0.291702087632762,0.386468268605373,-0.0524273798994788,-0.198933146815696,0.128978340155669,0.106639922621779,0.223860229506707,0.0784825413359449,0.070491529688421,-0.282715996044255,0.379238450299459,0.00734870853248709,-0.72527593664503,-0.0174935695447642,-0.138472698465268,-0.345043664912194,-0.331429330542345,0.160062974832625,-0.115794817081897,-0.828102326164779,0.00745389496055671,0.670059821276959,-0.375357569795829,-0.734200291337671,0.382355180713793,0.255238640561046,0.22769897743222,0.240869796069549,0.95510359508443,0.451633354249509,0.285357366257171,-0.0478685871885199,0.198750167084784,0.19627529572855,-0.232671569129693,0.00095953524134712,0.189640936936699,0.292485874195493
-0.0787029016598559,0.144028918687933,-0.363559515008557,0.620871928298143,-0.386843278748405,-0.456662543436511,0.295238787792773,-0.292844620556883,-0.118538503104549,-0.208891749908318,0.343860683175922,-0.301030080695549,-0.586617560978828,0.426924072020643,0.420879405610769,-0.634816167193845,-0.290058691016283,0.601151168419012,-0.122377310688274,0.328403114213883,0.0841911826970598,0.928635972759317,-0.123139830401387,0.377089290200622,-0.274015593369853,0.359170071783607,-0.0655954456771344,-0.204859681336279,0.153543427441297,0.105926627112597,0.266870022729201,-0.0979321766683503,0.112270728083643,-0.30544097356024,0.474168412542838,-0.136309071954312,-0.612761522271834,0.110966343061628,-0.173709880937938,-0.236707148490469,-0.256724400244534,0.259568695595548,-0.162275436491719,-0.70808920279544,0.19021218566726,0.593151783970955,-0.464982932295152,-0.546219676332409,0.484106701170042,0.120199176150211,0.279021428449926,0.216708389512659,0.96260879422973,0.251583306902374,0.327399912523434,-0.1218525434637,0.248599314425799,0.0793368421863823,-0.231328752014144,0.0708784599521744,0.167884462616442,0.309613529549957
-0.173587036674597,-0.0176392550304296,-0.510213334643339,0.454001224602205,-0.54657004030263,-0.584754892377148,0.144734466794155,-0.386491172723403,-0.242624408811199,-0.292624948870552,0.242045335267184,-0.42493059155635,-0.666650460843746,0.30398546752158,0.284015132923747,-0.798582117197915,-0.375175425092381,0.456600221763333,-0.286632954668116,0.209000747480994,0.0187134836505489,0.760248963515526,-0.237661455869636,0.201728582242458,-0.400018908421886,0.119298467038881,-0.269699907948926,-0.390633890379329,0.044951671835447,-0.0666514790858184,0.204966753101001,-0.117455457186208,-0.0428000354409679,-0.512770077536866,0.380047743274252,-0.480764290419677,-0.66397813984126,0.0599764703276917,-0.365512462523571,-0.298644833572146,-0.327792433662512,0.199630462462028,-0.389847041271032,-0.728242533089968,0.207357020045304,0.32807666967688,-0.757415204451083,-0.490926864114094,0.402219971561382,-0.220450490036692,0.167454391433984,0.049007346681723,0.762961411759748,-0.127466261604,0.167280458593719,-0.370779118069071,0.0613172484658977,-0.252408049121323,-0.429725865740173,-0.0116692240853305,-0.0601359053090827,0.195305874838187
-0.0665553482599446,0.0411629957974924,-0.440568165848253,0.509046363705272,-0.486365759609221,-0.501705183968429,0.211598918537536,-0.278565738948402,-0.156681366790899,-0.177540387571634,0.344071508798935,-0.338853662917026,-0.548893654082732,0.390757056198515,0.360730020062981,-0.741294817732721,-0.261090011519755,0.527764022600852,-0.229699297562675,0.298326101427989,0.146981621607765,0.814199072051375,-0.144811376392871,0.250642493905188,-0.315460562148452,0.12162453629754,-0.241543876935339,-0.349240298098026,0.142084126172698,-0.015728055562084,0.335816237198475,-0.0510549764364724,0.00712375324569239,-0.419515654896961,0.283721020964396,-0.226017747055827,-0.750453368645759,-0.044994501722196,-0.170345030919553,-0.299151761771805,-0.257673918339329,0.253269785522122,-0.162880824529531,-0.722197863633993,0.110029440538053,0.560579837733812,-0.556802106483106,-0.64021978490241,0.394231459668988,0.0402217237391677,0.180848087892905,0.299558308403523,0.889371739603543,0.271604740772681,0.176579782279899,-0.187271305133304,-0.0397154442034839,-0.179339903858485,-0.472776134493798,-0.0365322514231536,0.0569398240298519,0.327772239050423
-0.120660759778747,0.0824943813195809,-0.420692833167383,0.557812351973871,-0.447808722004359,-0.508354861541564,0.236976756372325,-0.33443970093824,-0.169056396067825,-0.247580888394962,0.299871050185828,-0.351493628107072,-0.624222015610448,0.376742492167198,0.366615737510759,-0.696965634331042,-0.329153390826864,0.544634274043673,-0.184670323829577,0.279258126244397,0.0508533537946505,0.865131915569098,-0.170854106660528,0.311541004096371,-0.325095544400792,0.274711441845701,-0.139569506405774,-0.273460519735359,0.107567398262457,0.0411940164779203,0.234579980986426,-0.0639419806407319,0.0301782868804453,-0.384924917800971,0.375408345648951,-0.205952432199018,-0.702515775446028,0.0165642461762268,-0.231691314561527,-0.314062767737987,-0.320880363704433,0.192524924052141,-0.221475532664515,-0.776622629335431,0.106092299183615,0.529963754178279,-0.538008376133298,-0.631343763350252,0.401919940808612,0.0514722147049554,0.199188763849452,0.17193409729641,0.887180913640601,0.204249805168105,0.237462077395127,-0.190017590127545,0.133756509738522,-0.0204601144090383,-0.333975068884038,-0.0109996189027204,0.0878330909905442,0.252440883406882
-0.13781975166847,0.0132504376264961,-0.478227064120984,0.484510948917777,-0.515538556024499,-0.551412979261068,0.176439514791525,-0.350633500481806,-0.208989883908757,-0.256043251896656,0.277306397055328,-0.391282526285591,-0.62979851141257,0.337703785912721,0.316716385951224,-0.767845636262836,-0.338694775021567,0.488740076246065,-0.25593223867981,0.242977336060763,0.05662847655036,0.790647943999444,-0.203328400883928,0.231618236543728,-0.366524422087565,0.144476548594412,-0.241909562387425,-0.361504789261215,0.0797178166497137,-0.0365585966282751,0.243142805528239,-0.225090901499203,-0.0299024374501489,-0.474078206844108,0.334772812645944,-0.363832866536605,-0.712833752669766,0.00378606619924149,-0.295388354207722,-0.318777076679034,-0.321480275570095,0.197136448049085,-0.304454853435991,-0.752313359771124,0.140506967913656,0.422455143349781,-0.668678263863583,-0.579115661133043,0.382691029293953,-0.102902363064227,0.162842146509681,0.132707344075158,0.808378940788908,0.0442321377469061,0.167953885268558,-0.294002213144049,0.0297137340674236,-0.196672371219087,-0.437249325143575,-0.0334732958123398,-0.0115980743401263,0.231695908155557
-0.04990420189419,0.181810118794708,-0.327797756122997,0.659352872358792,-0.349323199947936,-0.423397315459804,0.331518441829411,-0.264212376557776,-0.085812144570518,-0.181592858911927,0.373591635967808,-0.268328657899135,-0.559816362822659,0.459496117732499,0.455324463522496,-0.596752814696057,-0.262573713570591,0.636630089404695,-0.0842480940051225,0.36049953345035,0.109034696070246,0.967320860986344,-0.091699874309791,0.416712145826695,-0.241031341925581,0.407469688558585,-0.0221065348088381,-0.16383620246455,0.184185811851162,0.145175220838054,0.291232772822831,0.0587495818749833,0.165125586599604,-0.267012959146229,0.549759851973191,-0.128880956424441,-0.540186963521618,0.189963505111102,-0.153375414818537,-0.174146588078299,-0.210282537024672,0.312879475750497,-0.143425314262008,-0.649527007651315,0.272332035864912,0.608948356478208,-0.444523635939386,-0.462086804080001,0.548843502075931,0.128597214002525,0.332332766255376,0.229560941233435,1.00377456283743,0.231705679441818,0.386054015907041,-0.101711466058657,0.326885388404599,0.114123299137796,-0.171227106992435,0.129410256066517,0.206754286148582,0.339769380043592
-0.182086763933912,0.21302695321299,-0.333316292057976,0.703298650322452,-0.322856386373763,-0.474329892948271,0.335420863523305,-0.399422911963461,-0.146547220067259,-0.341058230681197,0.258367557206206,-0.329517335880931,-0.728335194834107,0.395953959457986,0.425854005932109,-0.560403385938731,-0.418654012993645,0.625966489135738,-0.0467005391439628,0.288305321063183,-0.0950961036391647,1.01497655850825,-0.175835715151756,0.481430275976631,-0.297075123875533,0.630025556654692,0.112938460831032,-0.073639532452173,0.0855414570678548,0.203085205554558,0.0783564761208595,-0.29914020308832,0.116336089185592,-0.220195713042336,0.526302587691607,0.0506059823334039,-0.645771585253666,0.0835444163157641,-0.221309289610021,-0.358646911641238,-0.418877051901281,0.077260406440487,-0.192320200827317,-0.903313953476322,0.00919680166899928,0.636111630527809,-0.334268378135255,-0.716236804952991,0.403654787997562,0.285697266051255,0.263506618604974,0.0579984431309319,0.964479069136384,0.363132402516247,0.388058814715067,-0.0414282643925187,0.472274110102556,0.447491693126352,-0.0136674777912397,0.0464377360419894,0.248509031072461,0.186197834668915
-0.187514076024438,0.0978145835295159,-0.423846840159767,0.579533936930746,-0.434877304171595,-0.534347579463333,0.23856054677924,-0.402815784285064,-0.19997878795691,-0.328154723304923,0.241546151234457,-0.382644136580337,-0.709348833569456,0.344408419002379,0.351416314691491,-0.679064251622359,-0.408024873641621,0.538892815394989,-0.16616640378208,0.242572937079663,-0.0521827144327442,0.888719218208513,-0.213544737996358,0.343709000133991,-0.353658685856862,0.386255999567545,-0.0720341460783569,-0.228479371929785,0.0575804386416632,0.0699381977613243,0.127145804356553,-0.328797135620096,0.0119560489421569,-0.379059712808205,0.385463873727291,-0.16952157395947,-0.733468247378461,-0.00610535300657025,-0.293584203429474,-0.384419197341781,-0.419720572901722,0.0912913849884879,-0.272045513693465,-0.884553093067027,0.0196133281336362,0.509113287537623,-0.51815851884116,-0.718953326433392,0.352067279580301,0.0805806586807923,0.16648902792011,0.0588860509088887,0.864825911172714,0.193380071877977,0.245931603034377,-0.196281961390882,0.224323534786587,0.104823905335996,-0.261462209024817,-0.0470351959455496,0.0963030029401431,0.159168953225045
-0.155506932379136,0.150625541324544,-0.375712985427032,0.633965528470943,-0.382671113303438,-0.491995785746409,0.287893866478626,-0.371194158557952,-0.158875036467727,-0.299621194100062,0.275712428524233,-0.341598137212653,-0.681967980007059,0.385154776096737,0.3965006396374,-0.625599818104348,-0.379060361106951,0.586371606740018,-0.112549426293086,0.282217725076002,-0.029335933661029,0.943623152233892,-0.175420343737107,0.400785302509746,-0.3119576445295,0.463428012436879,-0.0060039119800841,-0.168159172577699,0.0938576263985205,0.126147695268937,0.14887911899544,-0.124532931307217,0.0968199740042599,-0.323596384707698,0.503968427883733,-0.163318352632176,-0.624400406128071,0.117662790819994,-0.271582568406162,-0.287308618055538,-0.35459212908922,0.172043170291873,-0.246201337809323,-0.800161306099221,0.149193115113763,0.529764610040191,-0.488410166606804,-0.595518576915002,0.455216310535823,0.0903357858222949,0.243275501468198,0.0683117054071284,0.933472887359182,0.151074290718889,0.340089673254567,-0.173285495029483,0.355490328971513,0.154342683118871,-0.170236532636747,0.0356743702424973,0.15862253583357,0.192526358422318
-0.0293596368211535,-0.041499062749411,-0.496283860665644,0.417047289106323,-0.565543552497243,-0.524108480670336,0.148972702647221,-0.239148929126829,-0.171894272481397,-0.120332015107085,0.368827725159312,-0.353733839212577,-0.485044329577944,0.377603219814281,0.322583691955138,-0.827721769694497,-0.206364678965098,0.475822368268748,-0.317005106644368,0.291518775093472,0.236953264343866,0.719478673538655,-0.142859203074293,0.143406350722303,-0.334114655475229,-0.101389753560913,-0.40036663212798,-0.47516562273813,0.15467867739787,-0.117970244378688,0.432202932802991,-0.0205762883330045,-0.0440727660228049,-0.499921721525148,0.373542411831837,-0.528984654317696,-0.573684751016442,0.103028683634598,-0.226089791686367,-0.192858373143532,-0.135400486643636,0.358279266979745,-0.321401929613578,-0.516053089851016,0.335083614194484,0.355684872627098,-0.799443671127206,-0.278923826787638,0.457732176860702,-0.275293909934843,0.263729702441682,0.262508172610758,0.74025029942075,-0.0797887833513413,0.130883130464965,-0.321543471556035,-0.130678671122247,-0.409254587459918,-0.510262273215873,0.113025051840612,-0.104410913901673,0.421861510462856
0.024186348400244,0.194598626665471,-0.301227353822634,0.667365902142475,-0.334752641557948,-0.379789068698013,0.354554412811451,-0.188985830930667,-0.0385263251751251,-0.0972667019033171,0.441319924932692,-0.220872661872829,-0.472093647345183,0.507835061626881,0.490880833637165,-0.585889886250529,-0.179517523606373,0.665130749459442,-0.0738346627966617,0.412084441526746,0.21011784250361,0.973942051809312,-0.0356348626956056,0.416932076966408,-0.195505540512269,0.348474127368622,-0.0482709146595024,-0.173174975734998,0.245693937432815,0.147949342686138,0.395596940112302,0.0200249559368046,0.193944103010544,-0.306493523078985,0.67551762580597,-0.35281269602401,-0.370730093824131,0.364832149873355,-0.198580675357091,-0.0334120477016064,-0.0962241141282956,0.443952127040215,-0.232815528380775,-0.466116458084117,0.520610717315559,0.477137954590883,-0.599173955099974,-0.163662348472567,0.66998879846005,-0.0918342302359425,0.414082532869606,0.198966137817025,0.968255906221525,-0.0619913883226954,0.417896416857174,-0.206788430444895,0.353764839253561,-0.0577012162378217,-0.171868682822701,0.250380346318694,0.141300447563129,0.391593179688595
-0.0457273620481029,0.0841616058196077,-0.402553944350746,0.553772083037238,-0.444011649674062,-0.469852904637246,0.250891409796436,-0.258148599164757,-0.126159126006083,-0.160414232113839,0.367200483639268,-0.308392968565514,-0.532995905005633,0.420898421792726,0.395494357802857,-0.697599798661807,-0.243504557146633,0.565080143075336,-0.185841712388697,0.327293524883638,0.158047409514321,0.859428166748705,-0.117464236474936,0.298186681456496,-0.284301789609763,0.190584721624388,-0.184457484747224,-0.298239089683912,0.167462698203527,0.0308923780799546,0.345695404297008,-0.066913823381677,0.0703191960497971,-0.377076869302884,0.431912513567764,-0.276375911482576,-0.604262389944807,0.108659359964155,-0.18219972421163,-0.20430486919114,-0.198604633662485,0.318640509165048,-0.197235461669306,-0.626351428915398,0.25955196767281,0.522907096368283,-0.5778772798645,-0.454679263840975,0.491367387520048,-0.0147828420999712,0.271036242154284,0.257124436561697,0.907271665860963,0.142698526453268,0.262628363159597,-0.194035873367345,0.104521986014821,-0.126764416649071,-0.354077344387818,0.0771809171456738,0.0815860368843451,0.355047025230155
-0.0760746901509552,-0.0470560653364771,-0.511093995576497,0.414696531558704,-0.572297019717404,-0.550357785291778,0.136535576820487,-0.286626687118614,-0.20061269093787,-0.173919231318722,0.326384279500106,-0.382566513868898,-0.540911987358658,0.348177735983571,0.301740398854912,-0.831985942670025,-0.259099242214647,0.459716262726896,-0.320967488205444,0.259913958352625,0.172115443849373,0.718062393478341,-0.177471951059365,0.146287861737857,-0.361651401893536,-0.0587510967521272,-0.379770755201925,-0.465866419495796,0.116411435173875,-0.11680361114902,0.365162242427747,-0.0315665325051424,-0.0552399093423003,-0.516156119358761,0.359714861257962,-0.527685444996586,-0.611923458777547,0.0773300479740224,-0.27193867643166,-0.231446968285961,-0.195500429545966,0.307674668512525,-0.347455256444364,-0.582067129300637,0.28998835241015,0.339196118647344,-0.799525786084656,-0.348601324396493,0.431843289782753,-0.271512851273877,0.22538542002796,0.200076061051666,0.736577959439389,-0.100225358230476,0.127196061823892,-0.345914275156214,-0.0976562654976194,-0.386090988778116,-0.506720803685584,0.066295186298728,-0.104280483889921,0.352596926275113
0.02363555841462,0.00242569789340585,-0.450319889467218,0.460265455646784,-0.521355114299212,-0.475623538755725,0.194413708756251,-0.185985648604568,-0.122865185857817,-0.0658223287132742,0.420881541071145,-0.304679572742797,-0.430032078176264,0.426788129906521,0.369877253981073,-0.784081923575561,-0.152042900715225,0.522071946210708,-0.273431769488713,0.341183967809911,0.293942365297823,0.762490899399848,-0.0925311207622936,0.185471426945837,-0.285345986406394,-0.068086379702109,-0.362205457922336,-0.434514881171616,0.20581213922533,-0.0755272424149638,0.489677503472098,-0.0168439807240435,0.00750518113211307,-0.449798586285987,0.363487867807339,-0.422440139399882,-0.587667202714985,0.0921981507117272,-0.144204483223197,-0.162835089176989,-0.0922271058392249,0.406735760820616,-0.214228537237338,-0.495510318875085,0.334370565875048,0.461597665841469,-0.704592144700112,-0.320548798427031,0.489396629122803,-0.161234052233333,0.282421146738214,0.367265712070713,0.825661622573992,0.0713346815693582,0.16558569931775,-0.245486593710695,-0.129409667680239,-0.376837802054607,-0.512355925593344,0.11243118256831,-0.0312964570373318,0.473446054433209
-0.0830106902441248,0.0715392761381644,-0.420720547348688,0.543070864844999,-0.457350874641044,-0.494873606460331,0.234146661634728,-0.295888923214491,-0.152659266517812,-0.201815209118845,0.332476608782713,-0.334961568878519,-0.575763272428375,0.393974623264421,0.373712819149281,-0.709447493282688,-0.284394643255396,0.546137022987073,-0.197508580233544,0.299063918021611,0.109905317939972,0.849286866908056,-0.147496129563038,0.290620523475706,-0.31009389823339,0.2068401707328,-0.181409584396238,-0.301959907673723,0.135241112567519,0.0222987030577304,0.296233401553964,-0.0551989507831427,0.0573712090024172,-0.408510393883063,0.471263282680648,-0.36466083134705,-0.572933165746619,0.149682811744798,-0.255925328020959,-0.203160884038377,-0.227870729565157,0.298031268990914,-0.278215252224052,-0.632933716160494,0.295704717616455,0.440955470617127,-0.645663078340167,-0.405481453695791,0.497597221826048,-0.104295212361981,0.265353623402865,0.160948836021183,0.86804524511898,-0.00254186749781779,0.265446234962187,-0.260491478647183,0.153914081868394,-0.146106596110111,-0.332922463981051,0.0837033138617897,0.0453813344240604,0.300039291145207
0.0400626377519853,0.0708534358706849,-0.393582913482696,0.532744086482287,-0.454439035592413,-0.433339248175637,0.254148835360295,-0.170522199566872,-0.0837004683226485,-0.0580778033279916,0.442705533243638,-0.265659210869247,-0.425168750064463,0.46505951395047,0.418991706695792,-0.714020775120966,-0.143221100900766,0.577171543233549,-0.202989326195313,0.376701899134947,0.287472446066612,0.836150184905515,-0.0608135250464699,0.264560706404295,-0.244688299132083,0.0612336013951094,-0.260735169691319,-0.347317243403701,0.232912506865713,0.00139539472823103,0.480424394011274,0.0920447575685937,0.0774829148262108,-0.381858239612261,0.467614834176408,-0.366281692287174,-0.508538840416167,0.182440790468982,-0.128466198011931,-0.111918114411679,-0.0719283764417194,0.433094943513384,-0.192401253310321,-0.469129463752418,0.394703505478214,0.49594875280664,-0.644686930473106,-0.261375719969456,0.553471624114723,-0.107480223093244,0.343111662901899,0.349808264498788,0.883720505743856,0.0775508055501972,0.254497415339868,-0.200909363595582,0.0207431089866512,-0.250602365298033,-0.390463137369418,0.175439197936572,0.0399372544106607,0.480655300923663
0.0582523998016811,0.164024928390768,-0.317268775997373,0.631756715718794,-0.363447262155647,-0.377864988297878,0.334786120427639,-0.153721932752285,-0.0327244396472413,-0.0524077465523671,0.46867730948623,-0.214891334121033,-0.423653201386292,0.51474741103657,0.484314637525861,-0.618494005814762,-0.135997681090831,0.65112468162398,-0.106912753336987,0.422419487862799,0.272646153701725,0.936865245083707,-0.0205757849936106,0.373105481699049,-0.191559500520507,0.242207938740153,-0.119918365323628,-0.227080717403886,0.266492489879946,0.10681600593818,0.461584913638715,0.0261554864597763,0.175947373948978,-0.283697999761787,0.566821713521007,-0.234146408030608,-0.452251283301745,0.257448967509091,-0.0852016776549569,-0.0641865146961905,-0.0591054165444263,0.457951081773273,-0.11896773739813,-0.467634741043224,0.428038842011341,0.589667344113165,-0.51936993678749,-0.262584073025069,0.623290206917902,0.026352118062259,0.400537788817299,0.359102220128463,0.992667391179502,0.171171248912568,0.368894261607879,-0.115196469844161,0.203001696183813,-0.0703459704827833,-0.251624258732105,0.220016164444699,0.161358689382677,0.483446811515523
0.0194714797405631,0.13846660601121,-0.345799796155465,0.607228444263903,-0.389389965481294,-0.410071001225662,0.307017462525479,-0.192747882320711,-0.0657236898222102,-0.0933964447601401,0.431268702949742,-0.247927290693314,-0.465374523245091,0.481521006251281,0.453845381177091,-0.643636988655258,-0.176712452645708,0.622177312830528,-0.131958781477612,0.388492941992959,0.228043041997148,0.912637187551345,-0.0554686707162482,0.350258149475348,-0.224179122076766,0.232133143949699,-0.137074710501256,-0.247866276515706,0.23042554692722,0.0834177453146481,0.416274099269598,0.0660865572098061,0.144355195095305,-0.303924553208692,0.502651240473826,-0.205751185271116,-0.527830798156372,0.183003281081899,-0.0998992800294457,-0.124014743760532,-0.113272684656138,0.403023634139584,-0.117502473969648,-0.540353002388843,0.340781864999064,0.599467561871796,-0.506384504864886,-0.371361950065225,0.568735713448364,0.0562008541289646,0.348585803423478,0.345531559970534,0.981602247510847,0.220532200915416,0.333483245192727,-0.118253617539016,0.164336615450988,-0.066872716829909,-0.289320580693813,0.155465519766831,0.153103325373852,0.441501397401251
-0.00441007249343883,-0.073140762025572,-0.515202740443621,0.380997085177208,-0.595540143605687,-0.527298795639743,0.12679099627298,-0.213150665460848,-0.171689619288207,-0.0859334031651962,0.387903938554786,-0.353372086676551,-0.447510168997573,0.37878006975286,0.311960249869118,-0.861141076510885,-0.173138442965932,0.458685414852157,-0.350839368911281,0.295692151859063,0.286821168470013,0.682143587044358,-0.134549998035194,0.10016191178542,-0.335534771011325,-0.199299247745088,-0.467967869618876,-0.527234223800775,0.168012718236568,-0.158856770365899,0.485099726486759,-0.00516187221399548,-0.0730718523066692,-0.514059877291368,0.389047400920254,-0.601493424891061,-0.517993165414336,0.135030319286232,-0.215131841943904,-0.168359027225901,-0.0832506619129209,0.389246693501622,-0.359433291204788,-0.441988542947844,0.385772653207584,0.306041610624192,-0.866015620672982,-0.159682657464385,0.461390794741897,-0.358006571502459,0.301174202852027,0.282200821957189,0.677661854346305,-0.145208852941657,0.102264326781266,-0.337099853942766,-0.194056339201772,-0.464853713296032,-0.519921977936577,0.17625103228063,-0.16148205809144,0.487581947676547
0.0336197350832919,0.0889499483572518,-0.381003340002771,0.55275223901722,-0.437055883962842,-0.427579981524971,0.268143253664782,-0.177419845013794,-0.0794133464497353,-0.068618054022858,0.438809465328232,-0.261440211277916,-0.437068654615407,0.468925066520484,0.427974166832525,-0.695153446670329,-0.153252979487565,0.588978427998406,-0.18394206247865,0.379268081251833,0.270224315764661,0.856715495289288,-0.0600407435457058,0.287688462714394,-0.239696636101396,0.108065519792634,-0.227045684352625,-0.320363105351763,0.231506391414529,0.0235006998490963,0.461862859950854,0.00012403256114011,0.0940254415666216,-0.367574773187995,0.495233050952817,-0.353608164085057,-0.493561291778393,0.203592498362401,-0.136938881682519,-0.106198007790582,-0.0806069022288415,0.428450357311159,-0.195194166924417,-0.476537675228146,0.402941828311348,0.49876669345213,-0.630543182128902,-0.258198678473715,0.565842182136332,-0.0950253591088829,0.351498775910346,0.327481535851474,0.897510631725439,0.0692956021432179,0.278624251310087,-0.19626497802011,0.0718790761509041,-0.210731284179165,-0.354639664232834,0.183141918532243,0.0584506813001428,0.465410705946785
0.0740113299945335,0.0350101109943317,-0.413735632076895,0.491463907706338,-0.488253506364936,-0.434094480400576,0.22997218736144,-0.135280183275556,-0.0802688055918459,-0.0124759326467689,0.469410828136422,-0.26203380303847,-0.37569991741212,0.469690152770092,0.409069459954251,-0.752056360922021,-0.0990650802793187,0.559216411814448,-0.241536661974409,0.385028049210016,0.352152051298845,0.793285405605134,-0.0473868032703315,0.21440813035632,-0.243260406590302,-0.0563354666812135,-0.340926129641486,-0.408352348572283,0.252536182090353,-0.0458492501220888,0.548839422317576,0.0720134196325832,0.0376760894046745,-0.412474525161758,0.476560645424901,-0.470550376756205,-0.451681967435861,0.214335574522806,-0.126996304489292,-0.0851417628537473,-0.0153673129631025,0.468961429820142,-0.245125052263619,-0.385138694714625,0.456156983339651,0.425988272343221,-0.737321179853809,-0.126155068011294,0.555647966749848,-0.221393004500388,0.376327603937953,0.366021231418241,0.805970352166559,-0.0188116950438006,0.212701199884145,-0.23553716412764,-0.065098003337545,-0.342955401888314,-0.420632923738451,0.237826832249094,-0.0367525887145315,0.547187876385825
0.00468075350864794,-0.00474207989175035,-0.460137620777498,0.454015896692548,-0.528865540990836,-0.488717270779965,0.185275570427846,-0.205158880291542,-0.136666033773423,-0.086745214439528,0.403150058323394,-0.318513141861231,-0.45160804698437,0.412784789438621,0.358331719776364,-0.790879455019631,-0.172721599862973,0.511883069020103,-0.280142872554304,0.326556500211268,0.269797481070318,0.756508960298543,-0.108020013197962,0.180720308523759,-0.298808421785196,-0.0614516684443434,-0.361883456805291,-0.437428072117415,0.189276656343086,-0.0807694752267256,0.464901751490666,0.0112881549580413,-0.0039231620799809,-0.460967267901837,0.373512855286133,-0.449433521351032,-0.581244555275572,0.0997723972268564,-0.172744128173365,-0.172559455848099,-0.110655520571685,0.387973612680819,-0.247980317826179,-0.507333281109795,0.333774033386068,0.430550181157475,-0.728187790674416,-0.311089337339747,0.481664687653988,-0.190586744040103,0.277544308530778,0.326929935081841,0.803711181567151,0.0243344594755233,0.161821746001304,-0.267190632186759,-0.113729477659146,-0.372634688580057,-0.500741128020706,0.112746747437801,-0.0476547160442258,0.450770786938008
-0.0596805912724712,0.00168534037835855,-0.469624895159736,0.465957818322613,-0.524495950289324,-0.517879060412833,0.179869693961415,-0.270832019974177,-0.170074514296616,-0.162926164737847,0.346135558845395,-0.352118134491795,-0.531711186004783,0.378160209422147,0.338467865116939,-0.782228464634544,-0.247436050919607,0.500166822204633,-0.270972823536782,0.288183630794297,0.174266333935869,0.770058113226034,-0.151566299098347,0.20166134025062,-0.330184514895285,0.0278686767309626,-0.310475042298128,-0.405449090365845,0.139444914027933,-0.0627779048685628,0.365581833128891,-0.0835864832038282,-0.00943527060062095,-0.469310856469514,0.378450043118575,-0.437671481568453,-0.615611259421863,0.0833704562323969,-0.237315916148717,-0.220540125822373,-0.194617079164225,0.315776635488306,-0.287620802715411,-0.597323283821472,0.279083556080435,0.40893252518563,-0.719159896167003,-0.393192958926276,0.454060709550868,-0.177774004025492,0.237691782570632,0.227965166005776,0.802530112331841,-0.00807715923213792,0.173419162787914,-0.292607854433122,-0.0336564097861885,-0.305282119342505,-0.46330160305823,0.0638953675237007,-0.0367943713807305,0.353884082767616
0.0975787202702207,0.200265494430166,-0.28033447219498,0.667756899022544,-0.327116993227648,-0.340073052319928,0.371542511934393,-0.114338429806773,0.00525261391560328,-0.0125661974306812,0.507683373478788,-0.176905714395106,-0.383640680060013,0.552777475615994,0.521701267040202,-0.582350367463336,-0.0962200581660078,0.688156148606906,-0.0707917412804662,0.460612944198116,0.313331197628676,0.972795367536827,0.0178431858398884,0.40871338462018,-0.153671040796771,0.274835117683653,-0.0856385666756889,-0.191953969976183,0.305185450165824,0.142552478886993,0.502435113965658,0.11203391038442,0.237715045828136,-0.203474959115353,0.560167865306835,-0.0708398434347201,-0.465616660773734,0.241026522211927,0.0282551639469267,-0.0386291145181592,-0.0105503067297032,0.502860616475477,0.0179371215873484,-0.451534987604605,0.405540748935493,0.733850682685271,-0.382127630781572,-0.319719197707401,0.651228035552904,0.193314397698567,0.433443916501371,0.490108963114311,1.09304815172674,0.391190469093767,0.415561386964994,0.0031882914632223,0.215858001312774,0.0198398802352616,-0.224821032543598,0.231515801242777,0.25967902215634,0.557145058615503
0.00181977474269601,0.119139639850527,-0.364750130941806,0.587770973920049,-0.408668231795986,-0.428555726091098,0.287970538860755,-0.210368542857633,-0.0841079140458572,-0.110768431273465,0.413443130183499,-0.266306864332915,-0.482653688666895,0.46316556179586,0.435140614764892,-0.663016577017412,-0.194119144796616,0.603279728094956,-0.151350653692544,0.370226203190972,0.211128990203111,0.893141681056271,-0.0736129773256753,0.330587709465556,-0.242611444041607,0.210844463982236,-0.157466180508781,-0.267797936635498,0.212429989642837,0.0638171061846808,0.399449711157182,0.0310164523024723,0.119353192877702,-0.350768933077188,0.544967052754595,-0.339692513086702,-0.476513495787998,0.237678944811857,-0.176574810662001,-0.108794947059168,-0.120638608736908,0.400444304966882,-0.217788753852519,-0.513905159358058,0.406525498674923,0.489493719841163,-0.611952237377036,-0.271925036793872,0.580499583920297,-0.0805549617063133,0.352464999288816,0.254575535853016,0.917917953594026,0.0311984068588965,0.321949127019906,-0.203816529238713,0.182373682908682,-0.132723297507847,-0.286276805880369,0.181003539600394,0.0887460527662,0.406938734876195
-0.138633754058848,-0.154518242301368,-0.60846107718657,0.30373636620766,-0.678453863078808,-0.635244821770378,0.036579560767052,-0.348353646175859,-0.282805943437777,-0.228980819003601,0.259164924866425,-0.464635113743944,-0.5934856310387,0.266755886304379,0.21095544587774,-0.940858586679946,-0.315091067645584,0.363763074989642,-0.430169384299909,0.180869743918221,0.129328177881776,0.606082720461009,-0.253234535914872,0.0296193321033513,-0.445133849390984,-0.218794363045953,-0.515765520186696,-0.589536601405463,0.0446358750927498,-0.231601222464775,0.324778290356708,-0.093653676949714,-0.134556547478193,-0.586212195459513,0.391347889224072,-0.722188469344779,-0.537555128100004,0.1280476405018,-0.353620689788396,-0.232646952774141,-0.188259957223515,0.292135576641246,-0.501951935856821,-0.526583422354728,0.352211114211608,0.17254561105185,-0.971233788307326,-0.17961805743556,0.409132630020081,-0.482547158675119,0.242809276826076,0.103284977541774,0.587460923508029,-0.340503602424507,0.0660822451863737,-0.449398698686361,-0.154700116177071,-0.484261603021615,-0.51527219167223,0.129522487334036,-0.238028284350357,0.358126250634502
0.174899366311154,0.124628009314909,-0.321583986984963,0.580203853271826,-0.39830798510598,-0.338810495004086,0.321474041237284,-0.0341832987108859,0.0156912869852963,0.0902938794734158,0.569129187875948,-0.166042424160935,-0.272305661453814,0.565843858120337,0.502873139681428,-0.662792472761412,0.00347125342359433,0.651722927158655,-0.152355412102679,0.481778512234479,0.458002569636125,0.881769467083643,0.0501873090667981,0.301715345564679,-0.147623886356747,0.0200852145117398,-0.258469565635529,-0.322802463356641,0.351110989398096,0.0419275429439292,0.655293143359925,0.17520359130365,0.114059341265406,-0.329114900835025,0.599636253057845,-0.433368043101635,-0.314741883637237,0.341947389591306,-0.0536090547900969,0.0177568858752868,0.0893456999178533,0.563672987209339,-0.200433271828406,-0.262272193065085,0.582298509755756,0.468680815086697,-0.69317965709717,0.0435219052816612,0.651513169250874,-0.191737163007004,0.490984913664167,0.428890073252742,0.854093682851857,-0.00309549572744523,0.298682670141023,-0.165855681016548,0.029005703384789,-0.259683257653715,-0.307183887385123,0.370617018223317,0.0207109109243519,0.652759581959152
0.10351022063754,-0.0256647920456761,-0.454137708050769,0.423764394086701,-0.546307057007864,-0.449434307050851,0.184371050020525,-0.104110271493557,-0.0901990135278687,0.0320792832273842,0.489550989154674,-0.27171368534424,-0.326148447734754,0.46130906501897,0.38188552118581,-0.815563743842739,-0.0563779546305039,0.521653697428166,-0.305705244253483,0.381421694777382,0.421356385659022,0.723538531174643,-0.044403035806166,0.135245160683848,-0.255779557604237,-0.222602966269189,-0.458899770568134,-0.501575936868221,0.263526636061041,-0.1212550682078,0.622870057499894,0.103511194687544,-0.0279956289038391,-0.453559789823094,0.433990639399355,-0.555849357882413,-0.437132597939367,0.194491384435281,-0.108261927593981,-0.0878546647609941,0.0341103791327527,0.488828629804367,-0.282737364768782,-0.320030015479785,0.468653255945533,0.371497791692738,-0.82416301880222,-0.0380131398071774,0.522923212784536,-0.317451810512097,0.388305546890256,0.412767555114421,0.714050453687538,-0.0606956324828596,0.136245025545829,-0.25882499991388,-0.216843337734378,-0.453887210500916,-0.491242459721184,0.27482109252746,-0.127189144984524,0.625600471757317
0.0542896035842766,-0.140286143794363,-0.554055699429156,0.304048272847982,-0.659027209243225,-0.531175293204802,0.080682313071355,-0.152118939867297,-0.168016542279354,-0.00622136814946828,0.433542726065065,-0.349349659350571,-0.360825444653821,0.384615073318397,0.291554304958293,-0.932239420441721,-0.0960334838296628,0.423795022025185,-0.422860471751349,0.308190694421073,0.40093310632939,0.602337511765981,-0.112854390145825,0.00721488943121606,-0.335474780222915,-0.413807914100241,-0.615078424076573,-0.639804013388749,0.200882325637524,-0.246560373989867,0.605947170099416,0.0472552609872191,-0.143474426451411,-0.54581707085657,0.33658647649846,-0.676883147972304,-0.492472394619596,0.111876811895584,-0.156857195491076,-0.159083005363126,0.00364579227315234,0.433908090312812,-0.374810459639102,-0.340309077124554,0.405805382907336,0.26896689435035,-0.949361621981532,-0.0412855656247083,0.42943481069144,-0.447748815553103,0.333024154594407,0.382833894303258,0.578791786891378,-0.14822805500363,0.0138425247631849,-0.335898491308047,-0.394106380969657,-0.590776596308994,-0.603682108958854,0.238456297542308,-0.258357653628196,0.620426998877075
0.0416191141242308,0.0745839900949274,-0.390341134350658,0.536644003108357,-0.450771681816507,-0.430701716452411,0.257515963151933,-0.1690060112861,-0.0811933617679124,-0.0568843329010473,0.444487647309153,-0.263158139631271,-0.424095738634453,0.46752927142909,0.421914798344812,-0.71022193019359,-0.141982591073587,0.58034486574544,-0.199174539841698,0.379056538445271,0.288071629612823,0.840099463121156,-0.0586177726751593,0.268737005390403,-0.242118773513269,0.067509978702903,-0.255623150721071,-0.342801944822632,0.234915219118704,0.00548110930264123,0.48090721610372,-0.0141888881049411,0.0831352091689418,-0.375016828388448,0.456443051606403,-0.340510794916373,-0.523318954581721,0.169022375279185,-0.116095816960606,-0.115917969865502,-0.0735666251228534,0.432799979208769,-0.171832042768943,-0.478165195672388,0.380392972501772,0.517975113602143,-0.623533735426981,-0.287907449015693,0.55117259078201,-0.079934710020827,0.338133391473223,0.365954005773153,0.899287739125171,0.113992209643718,0.256693178261362,-0.186903061820598,0.0177633486313557,-0.241752297635458,-0.395323234816477,0.164481847557107,0.0537476701070813,0.482033385350754
-0.107038105716057,0.0862479903959414,-0.414720470347348,0.560797154560115,-0.443768219766747,-0.499639568032567,0.24238010941222,-0.32063416244627,-0.159749048390212,-0.23231039913575,0.312469440768972,-0.342158883612655,-0.608404712786749,0.386219382859133,0.374034755566068,-0.693522025202824,-0.314087354166565,0.550917389978288,-0.181299079475492,0.289257586254903,0.0688215587567989,0.867892645338614,-0.160133392649179,0.313271192022819,-0.316071542855791,0.266908499478541,-0.142086941263209,-0.273269192181344,0.119164401782063,0.0433354047821677,0.253076399057791,-0.0971758708975383,0.0619337721437058,-0.395128826340992,0.466591413882638,-0.316380460800065,-0.600443644082243,0.128884589070869,-0.265576359985876,-0.23258263370722,-0.2685981604163,0.25969902121545,-0.271179953920413,-0.686127741585187,0.248017339078321,0.461766337746637,-0.608558239456468,-0.471624203036493,0.479570943510603,-0.0561555563416123,0.248074632223653,0.134527804549053,0.883525791953809,0.037012577536909,0.27689612510346,-0.244910491527151,0.195111335049054,-0.0814573975480641,-0.305544921255162,0.0570899962620807,0.0704041692510771,0.262920243760328
-0.0353997704795503,0.104177252205947,-0.384716361589176,0.574542436634944,-0.424277635064344,-0.454707949471644,0.269287567166746,-0.248000538075461,-0.111595367222559,-0.151704255799521,0.378533554537526,-0.293856104163707,-0.524822714144738,0.435295746841373,0.411911815796413,-0.677279837471424,-0.234593877725919,0.582612671678882,-0.165450713534623,0.341177864105246,0.16410914401304,0.880418483851964,-0.10428792404897,0.320188641112962,-0.269459881028672,0.221944981805121,-0.158285800215399,-0.274726491088655,0.179778791550138,0.0524906784353671,0.351238612680516,-0.0584809142507222,0.102141592303773,-0.378725660176103,0.552419364637919,-0.391238635530983,-0.47910598814222,0.243139636618049,-0.23251518618732,-0.125856610847553,-0.158121535099525,0.369809818017862,-0.272088573805156,-0.541720877046688,0.405115874473228,0.436943449771093,-0.653592893875766,-0.27354078017795,0.569122376580557,-0.131947636023989,0.331663639047684,0.183728539507978,0.889855562101959,-0.0536595561123645,0.314191575527746,-0.251047468489961,0.20644972102733,-0.145522878483735,-0.283828698595004,0.16398067494096,0.0628288380409862,0.354257083362141
-0.0426364362476974,0.127861258215601,-0.36798392549931,0.600635187682688,-0.401492493056898,-0.446569380332443,0.287802765892149,-0.255810198436187,-0.10531176101521,-0.16410374850039,0.374506005245074,-0.28765833483129,-0.538935426592252,0.441048158398644,0.424111741216052,-0.652624571662979,-0.246352800674202,0.598371488226721,-0.140568721894825,0.345293015481511,0.143257447282721,0.90721327669098,-0.102432531165988,0.350212221147393,-0.262288524002665,0.281836780419164,-0.114954007469578,-0.239881512777721,0.178888684711037,0.0812259279439473,0.328731973227628,0.0396243184165728,0.112250411086831,-0.321168977268177,0.46590205066717,-0.181576737420054,-0.593571298974235,0.124296456681426,-0.15043448280465,-0.198973761248246,-0.202662454310582,0.314421280616241,-0.150537212354669,-0.644258260430418,0.243723069877334,0.585596517691914,-0.497340872078501,-0.485303879078649,0.508172206825077,0.0785182058834412,0.293825373677719,0.269682565179506,0.959665364773486,0.229733311526322,0.312707712661847,-0.134062294793506,0.185802814821079,-0.011762669693877,-0.281970617669643,0.0910587919114641,0.14672398912962,0.358471924678048
-0.0472902883182407,0.134581725470252,-0.363820627010181,0.608241723501211,-0.395102677292115,-0.445567377549871,0.29262186227737,-0.260674829351199,-0.104992115358476,-0.170656771538997,0.371032642259911,-0.287370264685995,-0.546118665837435,0.441172401522818,0.426607733636331,-0.645546821772994,-0.252670187017452,0.602176636037502,-0.133407569806348,0.34481498449434,0.133595239931319,0.915078061992924,-0.103741825292756,0.359264731504524,-0.261642314894623,0.301876460079745,-0.10100600641565,-0.229055427642367,0.176569445173945,0.08980451965847,0.318460987156062,-0.135420007919377,0.125886046336015,-0.339073907469251,0.5413428411428,-0.283259949076362,-0.518218364232159,0.210691489559332,-0.206867886900283,-0.152924677307682,-0.189962590540103,0.339652488317913,-0.219145245973734,-0.598959951084287,0.340752783537364,0.507729963653341,-0.567102724690707,-0.371372530096612,0.555715957720093,-0.0226800822960561,0.320284167229967,0.196999388488455,0.939643387805412,0.0645215855014702,0.340188814278664,-0.195581164909922,0.253765998097534,-0.0454973400829873,-0.247628285911077,0.134451019307526,0.122271888641513,0.334974130034345
-0.235427146504685,0.0447988643285147,-0.475715384434775,0.52612071731722,-0.487744689362135,-0.584797930611188,0.186397804126299,-0.450634296983843,-0.250123025954984,-0.375215804137824,0.193103499954765,-0.432774209445673,-0.75612719226063,0.294351840797766,0.300295742838928,-0.73224025186788,-0.455191663769973,0.48718494157845,-0.219379819200265,0.192786545875776,-0.0978489799010749,0.835190144946207,-0.262958215122964,0.289647099934072,-0.403949423924916,0.327265130539859,-0.128292218957034,-0.283336917901071,0.00862003448660964,0.0160889028423288,0.081752643930276,-0.20347137640108,-0.00304794609714069,-0.466610730189779,0.429439157210193,-0.380819049748243,-0.683924254973132,0.0675469573200147,-0.412751917954065,-0.341707255298117,-0.426049317535232,0.116846875704617,-0.39352900475267,-0.844081643834667,0.140681055746403,0.360118057020582,-0.671209934453063,-0.604007809390034,0.394674500165496,-0.120367254642532,0.148201098630929,-0.0586681910664635,0.815303901319764,-0.0932191466769152,0.236205039170673,-0.345083273242455,0.245168856618009,-0.0617808038872499,-0.309410264032383,-0.0489636723996827,0.017840787287546,0.085022456675674
-0.0639037164700014,0.0616815337036503,-0.424066456813401,0.530956747874106,-0.466366612706405,-0.490169273060024,0.229130762133034,-0.276245200889676,-0.146217309973846,-0.177871994463052,0.348577465850608,-0.328439205261235,-0.550215211535047,0.400914172564512,0.374612706354807,-0.7202150563265,-0.261051477693902,0.543703144604114,-0.208488527064155,0.307537158984138,0.141766073741374,0.836515117354113,-0.136906076135109,0.274824230810754,-0.304483535864065,0.163065039799621,-0.209672249305608,-0.322272610389899,0.148402993052525,0.00770924471812329,0.329644413011042,-0.104378233346574,0.0387347864992863,-0.401917657975707,0.37868163274969,-0.275708996171101,-0.657633661009246,0.0531192401500308,-0.193968207220956,-0.245412304277657,-0.230376165334663,0.284706631458751,-0.203270914090461,-0.668152192847702,0.203341166415218,0.518574226539681,-0.585697949229893,-0.519668562007913,0.449963960142446,-0.0132538943600442,0.232672443912406,0.252197482632438,0.887420924339934,0.163472399341582,0.22566356702857,-0.205798787958855,0.0537301354886409,-0.151118342696624,-0.397562380161658,0.0326803319929131,0.060998257533925,0.332412672815875
-0.103626068578015,-0.0450555860542998,-0.515737350121787,0.418999124169302,-0.5711556130092,-0.563214568546611,0.133596064549819,-0.314725694484324,-0.21524232055943,-0.206404885688736,0.301899954536296,-0.39727818048928,-0.575035019678973,0.333040426941984,0.292765181426606,-0.82905719987602,-0.290972683942023,0.454142389389011,-0.317822056409486,0.243211868304668,0.131551752475419,0.723035949490731,-0.196333763312927,0.154347271138491,-0.375432580159872,-0.0221456922374177,-0.358992268698522,-0.453199048248452,0.0949256625577846,-0.109975499718109,0.323016870286772,-0.082358451388718,-0.0275903201370798,-0.508143625856333,0.505922135791017,-0.641774244238946,-0.466951294273993,0.228520945355399,-0.337242140634165,-0.162198062289492,-0.170127678449326,0.336687689559296,-0.448160772666397,-0.508077263193876,0.429957541218554,0.236634135469312,-0.878400206081736,-0.151242356862023,0.503183285849043,-0.394363777076901,0.296777991247665,0.0905605230246267,0.700864054229359,-0.31819513756798,0.187437606725306,-0.401446460364172,0.041130179716981,-0.355259806306047,-0.392694046745616,0.17130839134124,-0.125974388431057,0.341552277190778
0.0292779781970953,-0.0239750650715589,-0.469516720159234,0.431368503142274,-0.546824381865409,-0.48591451995048,0.173369395922309,-0.179749432847181,-0.13123386353206,-0.0548296562555883,0.423198344048542,-0.312959297412082,-0.417263991076142,0.418969930804323,0.355377477374898,-0.811489205915381,-0.141714052568732,0.503884080302376,-0.301074008471774,0.335062466229751,0.313694081552507,0.732866418930364,-0.0963108279957581,0.152500944846803,-0.294634642854733,-0.132009384216067,-0.40896727984145,-0.472481792429186,0.204877601396978,-0.107162623815809,0.511144241718444,0.0444127280096038,-0.0197449045969805,-0.4729807015844,0.363531473604205,-0.484499108593926,-0.564921166896215,0.103163168481297,-0.154700559554255,-0.157204541597305,-0.0737906753089673,0.415276408894217,-0.251814470544262,-0.462481186100755,0.358682515101204,0.415911371805529,-0.760143318975147,-0.258960180060925,0.483408855550413,-0.228271490964746,0.291562489490013,0.362104801432764,0.778189777529772,0.0095756692765373,0.138585699227077,-0.272600899100842,-0.174578984215608,-0.428040348194225,-0.531570477137366,0.136612170299342,-0.0775613608555843,0.495661099659724
-0.018856732674676,-0.00269224510713251,-0.463840314658718,0.45805900422565,-0.527559529687682,-0.49953151882154,0.183048139441722,-0.229170528118523,-0.149015291541241,-0.114555017562752,0.382268164291405,-0.330933430934111,-0.48083556521615,0.399995960108267,0.350878305142921,-0.788025888142984,-0.200001321881251,0.507374690323836,-0.277101686642071,0.312412813455419,0.234993351984766,0.761133017973199,-0.124033684095588,0.188016236166179,-0.310423052398088,-0.0294393406852258,-0.343574782977955,-0.426142364883473,0.170991043130908,-0.0745396604719755,0.428728132410514,0.00859053316675721,-0.00607645471503713,-0.464323490716606,0.374813784786884,-0.445351879516691,-0.594212398055109,0.0933974351223377,-0.196318958183522,-0.190144426502614,-0.141298727093929,0.361709025136286,-0.262327929826891,-0.540228044065263,0.313700610447184,0.422665406051413,-0.725053911398325,-0.341427985128832,0.471480540113331,-0.186043371746007,0.262681494330337,0.291061943673941,0.803307172600134,0.0125665274446437,0.165755964852909,-0.27667986030574,-0.0851508308232563,-0.348858248640652,-0.487803581683203,0.0945114583346181,-0.0438519723654147,0.415350531980405
-0.000317618244601192,0.0956354229255698,-0.383450669226342,0.562602264337581,-0.431551315098195,-0.441317724508259,0.268038074710251,-0.212109984726377,-0.0955880946984955,-0.10933820403295,0.409088171315862,-0.277727729929035,-0.480039591135458,0.45205244763668,0.419572135129737,-0.687191954558399,-0.193131564508327,0.58525198105785,-0.175682703473884,0.360244469691278,0.21839986530148,0.867487846071002,-0.082033170952803,0.302702715725641,-0.25470507887723,0.162319913239545,-0.194547424575099,-0.299014616337725,0.205906993127215,0.0368223754932924,0.407864185917104,-0.00298290302922793,0.095573881680168,-0.364920489895008,0.488305424859868,-0.322542325212684,-0.52493447460792,0.182528999442201,-0.160175320351315,-0.136686214356577,-0.127859213116396,0.387902961207329,-0.198463405634572,-0.53385170889934,0.359040680262542,0.507161154612565,-0.605896272806297,-0.32628087010535,0.547831092276235,-0.0622851376842623,0.326204446641259,0.288200305580769,0.909804683767483,0.0860500022450505,0.286808088793772,-0.196053844482173,0.112968630589078,-0.163096556169191,-0.336709840090032,0.147970359462298,0.076718612593562,0.414998835406002
-0.179235179687577,0.185172135402837,-0.354267711959613,0.673051779256708,-0.349818569003018,-0.486746998469439,0.312699034923838,-0.396002303781867,-0.157122216917742,-0.333079596133908,0.258032263060732,-0.34000709067678,-0.718655212569354,0.385906476259626,0.409403687945895,-0.589222733048159,-0.411311509268785,0.605981941924394,-0.0757450409519791,0.279883752390559,-0.0787238359568363,0.984032510561672,-0.1820131846876,0.447279815229916,-0.308531719733942,0.566213853907566,0.0655720087531506,-0.112577980827899,0.082090461876362,0.170214147642058,0.0963722183364997,-0.217058794649251,0.131244934909034,-0.298554236016215,0.566461845491316,-0.147314806594575,-0.591998300920018,0.166249531974849,-0.301919303000712,-0.276269003108248,-0.380353581679176,0.157817281869998,-0.262371898700512,-0.820954496561493,0.169681827718541,0.525512902405831,-0.466043819169506,-0.588593293547863,0.482229014265829,0.106579153074793,0.257094041035072,0.00548590041541358,0.960346557320318,0.114056585666518,0.392516785336604,-0.173956864982887,0.473384689801545,0.235931020166348,-0.0928490700807098,0.0482186775878313,0.194913030997167,0.147585225084256
-0.130028486364692,-0.00411417685778304,-0.489936146329084,0.465186671297664,-0.53217188902344,-0.556130418936982,0.163280044866349,-0.342376068621437,-0.212198196458962,-0.244051707419795,0.282486847533718,-0.394421005226661,-0.616413156661894,0.334927633079401,0.308694781634214,-0.786000430692649,-0.327224373675348,0.477823093780641,-0.274271488602682,0.241533195694414,0.0754964120072401,0.770752511941472,-0.20293408788757,0.209095986312697,-0.370454974860634,0.0976546543753258,-0.275258867139373,-0.387949545326713,0.0823457635549065,-0.0580327102577307,0.263357139293806,-0.179474431128331,-0.0241860115507626,-0.490571230840916,0.389557725563023,-0.460363393602858,-0.638279080998388,0.0774330266573326,-0.31717136032369,-0.265049045102446,-0.276807661446106,0.244813829375755,-0.350814950390839,-0.67729791689931,0.239775075905169,0.360395853247289,-0.73834879064995,-0.44855525396588,0.427311135058734,-0.200512373050466,0.1991953039436,0.112780660346855,0.782406508262496,-0.0839569510969596,0.177770085507964,-0.338177893202828,0.0404694080921419,-0.260184415883176,-0.430439853669628,0.0224599695976156,-0.0453214144490142,0.254398925600448
0.0032569672531686,0.126171220479183,-0.358976277843828,0.595238361853205,-0.401799280043246,-0.424336736597104,0.294066942069465,-0.209035020609033,-0.0802245376543258,-0.110265334175153,0.415460938898255,-0.262439018160023,-0.482460559484656,0.466952830668765,0.440094413757279,-0.655809269149806,-0.193500151257295,0.608877427012434,-0.144102324973057,0.373717247293316,0.210102854361899,0.90073608738941,-0.0705307848212424,0.338766290969659,-0.238567449450462,0.224427016277588,-0.146879782395715,-0.258747033422962,0.215015446787378,0.0717625937560946,0.398124151294073,0.0152954473907968,0.126509734158689,-0.345862641515238,0.557928075558467,-0.339933036881585,-0.46609784198679,0.249963400679745,-0.17847110183331,-0.101950643098938,-0.118603490907193,0.404000484711224,-0.2192579849517,-0.509737222336234,0.416808175683726,0.488627269195626,-0.610067949771753,-0.26166184632442,0.588765941972674,-0.0808185022739957,0.358739937280588,0.24894524688306,0.922573178393497,0.0230874383615218,0.331435656783803,-0.203357693031451,0.199631450695745,-0.12355390615708,-0.274013019144941,0.18812251126275,0.0941102762425632,0.405582813839618
-0.0309410092604949,0.175212131054501,-0.32864909211261,0.650763648243265,-0.355178124113808,-0.417144362615918,0.329193350107118,-0.244775506694833,-0.0780257502015367,-0.158361714035319,0.389901949464024,-0.260471304792301,-0.535168951207771,0.467721634587626,0.458220016462752,-0.60415371341715,-0.239872108255915,0.636583615124046,-0.0918364200858921,0.370078523577545,0.13925302134534,0.958151280241255,-0.0802528104595108,0.404873424757486,-0.233978824199575,0.370939818214001,-0.0449467511888422,-0.179660627074929,0.197902496947611,0.134401523491134,0.322819188990131,-0.0393577851024726,0.165152350812775,-0.271682768898867,0.543910713503454,-0.143596813513525,-0.5326226214268,0.19356814856113,-0.137745618586323,-0.157609056136261,-0.183730049425252,0.338414164159866,-0.133703367314691,-0.619855396417936,0.29372336594618,0.610289291858361,-0.455173677595864,-0.436299236344428,0.558594540014756,0.11513456847225,0.340219956377203,0.259575813275912,1.00342629958327,0.231268744522923,0.378781010311448,-0.102343244878783,0.29486681319828,0.0756560715155549,-0.194274062458777,0.139489844301143,0.198745113961005,0.366516851826237
-0.122694074647864,0.0310343963865005,-0.461040738928283,0.50250198994933,-0.49783187352099,-0.534965477589081,0.193779105909165,-0.335557084391658,-0.192701855294935,-0.241361428381481,0.292707965097588,-0.375001877155595,-0.615263975149134,0.353946147179837,0.333513046571472,-0.749978177305751,-0.323957881070395,0.505842698372151,-0.238045287871396,0.259078940397595,0.0705836554508714,0.808699340280958,-0.187421070293194,0.249947214958761,-0.350160072628993,0.165373328272272,-0.222436463330741,-0.342761310311108,0.0953891138247069,-0.0183403773046287,0.256955707312301,-0.1220505989782,0.0142850129049784,-0.456804128418061,0.439563757935462,-0.429233625773125,-0.602926191933756,0.120749157566251,-0.309103642651343,-0.238509888833213,-0.267667810993674,0.259758899438045,-0.33504332194756,-0.666456750878496,0.269954379103709,0.381831433322723,-0.704449182289906,-0.426339940925522,0.461618111345577,-0.168990988707564,0.226582572305081,0.105951398654119,0.818334954030581,-0.0770227856939179,0.224361730183986,-0.316038932178666,0.117571791374804,-0.199860790456581,-0.373126864925647,0.0485976070179869,-0.00531848645946719,0.2544520003195
-0.0361246192818108,-0.0049845566320954,-0.469499427462154,0.456933301965547,-0.530287181215943,-0.509352834202291,0.178252458580969,-0.246715928862626,-0.159735007088075,-0.134323377087256,0.366554524793601,-0.341694719205323,-0.501433675501973,0.389018975074448,0.343023995729899,-0.789847796756083,-0.219459439102671,0.501244031731943,-0.278813786848195,0.300642866582157,0.211131400414057,0.760347330303711,-0.136898082707381,0.18879432257692,-0.320712810305755,-0.0141954058891738,-0.336351230566311,-0.42302916711391,0.156796937405325,-0.0743855414400567,0.404064654948757,-0.0310865527656127,-0.00222715323065177,-0.469118954707415,0.492770338977916,-0.565165041969124,-0.468875849079764,0.217131518498745,-0.260321994348674,-0.140903103667057,-0.12213075442075,0.376807469855372,-0.369673939846947,-0.47535201153641,0.427293563150833,0.313330056626255,-0.816030924811322,-0.159170111638545,0.517995438830241,-0.317073899356755,0.321924809465129,0.188183237100103,0.744231604983212,-0.194935630411412,0.199243795717762,-0.335123539542394,0.0102847024581248,-0.335267690829094,-0.397355373294572,0.189086885022769,-0.0863539003358163,0.409742526413227
0.0394119669500306,0.0765952480020431,-0.389278256158041,0.538983878141947,-0.448883052955148,-0.430811271131672,0.258822057760241,-0.171291330219255,-0.0815559829107215,-0.0597958274944599,0.442718309292038,-0.263532471215303,-0.427240962137009,0.467094181155362,0.422359321083194,-0.708078166521402,-0.14480669485225,0.581274916241011,-0.196999844713494,0.378398082174952,0.284007028751786,0.842535115396615,-0.059584520329933,0.271613150434245,-0.242360281745233,0.0744609461157903,-0.250931410190548,-0.339268032342986,0.233573912008639,0.00818149166979332,0.476616836875371,0.0290852561507141,0.0778194179468522,-0.386899141189276,0.526892557199742,-0.432141745291043,-0.444753968862505,0.245440685278298,-0.163252092173474,-0.0868764404896758,-0.0623290272006621,0.440860998923933,-0.249781255780175,-0.435426509718333,0.453823705573604,0.436867672282478,-0.694959318953211,-0.166800218066405,0.576777094453278,-0.178944940652606,0.37227909579358,0.295760402034558,0.851356620528629,-0.033414647432635,0.269762403450308,-0.233923741244778,0.0669330251392974,-0.248618588493205,-0.34706218001781,0.223035952079986,0.0154365003663903,0.476870961116837
0.0990429403395634,0.0539141191744701,-0.393454019451552,0.509890570781682,-0.469171368775275,-0.412109806531605,0.249900506880362,-0.110135021616664,-0.0579165305608189,0.0135788039006002,0.493806482406331,-0.239664517567812,-0.349305669191008,0.492147695549217,0.430249287935162,-0.733344828949662,-0.0731372865303079,0.579690968281906,-0.222870060646024,0.407810050626448,0.379881775507583,0.811572943863561,-0.024156981666323,0.232055814359613,-0.221084058650298,-0.044606818400851,-0.325915756806824,-0.391660129273289,0.276310084048168,-0.0279462554652632,0.576897109342983,0.0638192891548586,0.103385010983084,-0.366524492243528,0.313364486628498,-0.214486469731576,-0.646455898689262,0.0440560561573079,0.0146876148722253,-0.112927798603321,-0.0153498850850196,0.500588950054746,0.00698655096631962,-0.469015538246911,0.317673241242444,0.676071810135143,-0.51843990083263,-0.43943520303999,0.543159674110794,0.066679392106329,0.296488833588687,0.58357854403887,1.00131983699667,0.381215043467651,0.219989659797359,-0.105174655654128,-0.155035946500243,-0.348196386596986,-0.554451571938811,0.080680028896356,0.110067683001338,0.562938252953644
0.0171052724894434,0.105575923505761,-0.371827981444804,0.571959880746119,-0.421393301418416,-0.427615435548672,0.279229357712271,-0.194548436943464,-0.0814369294506836,-0.0906659780423809,0.425734498665616,-0.263555793302372,-0.460952788816929,0.466332154904796,0.43229163003936,-0.677486485894963,-0.174614347854039,0.597110271782531,-0.166032099437595,0.37492037208561,0.23911741193265,0.876675577729806,-0.0668104371434968,0.311109123948347,-0.240768737486814,0.163498610944858,-0.189361426325135,-0.291774922190676,0.221794101250106,0.0455405425196496,0.4289822066137,0.0732191747278481,0.109508943599161,-0.347552879789234,0.486465368851412,-0.289882405875436,-0.524506515344437,0.180907620873584,-0.130345152533501,-0.126169506035506,-0.109390794035347,0.404887644945597,-0.165666540807914,-0.521552246173135,0.360345151093848,0.539515513001248,-0.578089550347581,-0.330389005268972,0.556961145884082,-0.0287383674408775,0.336744564968797,0.325322958073344,0.931655911214316,0.134763823934932,0.295747381427355,-0.169235329499061,0.108138587713267,-0.151768144926897,-0.335314847971534,0.154706211686553,0.0965377223279636,0.43945335630773
-0.0305683702048665,-0.0382979105362846,-0.494074136720474,0.420591974931082,-0.562470595668916,-0.523124408300889,0.151436683011058,-0.240439382617369,-0.171174753688749,-0.122277067426339,0.368076673828124,-0.353026562417812,-0.487233720155407,0.378246979980037,0.324146992249949,-0.82438209705632,-0.208218373653247,0.477893235243862,-0.313633098519265,0.291929030303631,0.233802764320279,0.723123484095693,-0.142771233114065,0.147511648756803,-0.333268526252612,-0.0930246701031212,-0.394363325668005,-0.470372700095442,0.154375086017922,-0.114048687184969,0.428816405951517,-0.0541318006233836,-0.0409660011437782,-0.49741688266027,0.377467838617803,-0.525760182572631,-0.572218373835783,0.105776959872921,-0.227221576471215,-0.192160957864294,-0.137217666139851,0.357403998349333,-0.320899827832467,-0.518046840026377,0.335719893855117,0.357161418856078,-0.796089664725999,-0.280172688371397,0.459719368487845,-0.271921275357169,0.264554279253765,0.259283125183085,0.743530426150774,-0.0796550459230763,0.135050186678878,-0.320393307786392,-0.122113254764605,-0.402482772236596,-0.504793805247697,0.113319675646509,-0.100574409221341,0.418861925911009
0.0350268238890319,0.125759568777806,-0.352152898982537,0.592319744938314,-0.401275415220629,-0.40856906302872,0.299034863486908,-0.176668804670539,-0.0625262622708984,-0.0731221286297661,0.44389082254259,-0.244651405774924,-0.443534275099442,0.485203960957255,0.451635123178873,-0.657231785218457,-0.157023635652587,0.61671412620629,-0.145760811957361,0.393672399491289,0.256042915176037,0.897086801880983,-0.0482237291033751,0.331756559647019,-0.221793124250825,0.186331145166475,-0.167740388673565,-0.270774762735666,0.240179954077806,0.0660937265601049,0.445786637591292,0.0441271928300054,0.129780612062406,-0.337715830091842,0.551892955056016,-0.333277718933187,-0.454635067150584,0.252131556113345,-0.142339910520882,-0.0828076589761593,-0.0803000791002984,0.435496477533923,-0.193693196810984,-0.471620004350138,0.434286683272339,0.50733603785642,-0.605384538522575,-0.232473167267294,0.598687974658418,-0.0749626658406581,0.376939208496415,0.301236100927671,0.926480264671093,0.0547609112349764,0.326220525244248,-0.183707813104234,0.160869523077512,-0.146349765237162,-0.2900311864859,0.209095290370164,0.0936661377641506,0.453374129285676
-0.0844216998528822,0.0496313765015373,-0.438020346450148,0.519566241097538,-0.478662929635755,-0.506476648807356,0.215665093587592,-0.296920102551931,-0.163032679331135,-0.199803851431271,0.328938319793947,-0.345278081602526,-0.572616244824156,0.38395333211276,0.35941755932256,-0.731999227743712,-0.282807910487627,0.529482622951496,-0.220210608144374,0.290127944230395,0.117519525970827,0.825316869267873,-0.154934140384393,0.264510207004699,-0.321055788911387,0.16093062105127,-0.216341732888655,-0.331266263058899,0.129623055926961,-0.00295759674450302,0.304944648459999,-0.0598260707627493,0.0117058176217633,-0.415723973656501,0.322790217056523,-0.245253271893418,-0.721510924983994,-0.0118642027787162,-0.200034832302437,-0.296420905954688,-0.273044564305749,0.239178545410494,-0.197506008345305,-0.727728783857743,0.126711519327203,0.531904547022451,-0.570534677370209,-0.611650848501454,0.402434149874605,0.0176538796301943,0.191200649474613,0.247856447055721,0.878111277690076,0.215830764544501,0.194907677395899,-0.202227366271951,0.0166996917135513,-0.144045347541349,-0.428455506382822,-0.019194821306223,0.0552741949429558,0.303615979294705
0.00844407907269584,-0.00687918066245885,-0.460948190659183,0.451419147995734,-0.530831116353943,-0.487887919018373,0.184124805492221,-0.201286213235562,-0.135482709361696,-0.0819966942388781,0.406301005362792,-0.317313437657985,-0.446532602227135,0.414069478882929,0.358386064651816,-0.793201896100403,-0.168095316160436,0.511258289745657,-0.282508578512234,0.328153619254721,0.276158890137046,0.753778244723419,-0.105991676533501,0.1773734607658,-0.297794502111721,-0.0704981085250616,-0.367769839580959,-0.441694961508539,0.19182890202798,-0.0838704777644619,0.471578964421326,0.046124152182179,-0.00593594492546793,-0.461716621293973,0.399929482564139,-0.48040588121748,-0.547183772946464,0.129625869977476,-0.180718772415599,-0.157967144674633,-0.0971306279827632,0.397141662863109,-0.271928070593774,-0.481977719646067,0.364190089487572,0.40463919974413,-0.753168810087246,-0.256698983725571,0.492481403828518,-0.225399083732597,0.296596336931194,0.312814897054937,0.784626242713785,-0.0217917807167479,0.165533787514367,-0.277981212166457,-0.103762886632062,-0.375644746338537,-0.482776250858595,0.142489895493705,-0.0624424600703128,0.46221031317767
0.0932587722111151,0.0330745353044897,-0.410908852306067,0.487878157995683,-0.4895732916738,-0.425380246475791,0.231577638789116,-0.115640196071528,-0.0702837806155738,0.0103084396905242,0.486459780868136,-0.251989973257704,-0.351741858913295,0.480039086585901,0.415001355143605,-0.75465732363377,-0.0767195470667623,0.562710195211233,-0.244292949168758,0.396498631092884,0.380726827887097,0.789218703735921,-0.0343681145102472,0.208129463059315,-0.233883558616887,-0.0830761411930521,-0.356321937413114,-0.417934041326145,0.267435747507742,-0.0512453127721262,0.578547960862172,0.0955393772355336,0.0525493760999726,-0.404002034918622,0.402069774608436,-0.387691728907236,-0.527615796944806,0.142747254459093,-0.067280802737435,-0.094432440893379,-0.0043686293458813,0.488612449373876,-0.150404604276368,-0.404363874997127,0.406586299882505,0.515245917292744,-0.667994319932247,-0.234311491336014,0.546689171884393,-0.126784523892408,0.345483952476372,0.463525984825177,0.868724300730975,0.130441138749926,0.200952512916621,-0.19042075011289,-0.131917070156108,-0.373670381803688,-0.492343266737665,0.180160323171098,0.00460217998645313,0.567846615733023
0.0578370800483601,0.199569495501414,-0.289808692614598,0.670102586749232,-0.328948049041761,-0.360399334709212,0.364319507493462,-0.154803629383535,-0.0174160566911663,-0.0588272913669332,0.471994103518425,-0.199682777078623,-0.432065173425768,0.529438029292807,0.506503536243491,-0.581819890396401,-0.14167226098365,0.677452472382861,-0.0699749620417442,0.435206017770019,0.256396929155928,0.976027571318271,-0.010417291771434,0.416022798222611,-0.175218687893054,0.31986116814004,-0.0615239651551089,-0.178556247911748,0.273458042790194,0.148235029659896,0.443411036436673,0.0766298897763049,0.206197785545072,-0.266937474030536,0.636889705493527,-0.252152431070287,-0.398097694939728,0.323016742554488,-0.113051601753333,-0.0351569826595426,-0.0608232198451572,0.465252332506873,-0.145590941626339,-0.454949374393271,0.479922160150817,0.567178605167461,-0.523773178087392,-0.208350436705733,0.661216437711759,0.00766297324116177,0.427186692731154,0.306272747784964,1.00541137166448,0.101438179284423,0.414828947646601,-0.127541319514705,0.299780619753897,-0.0248669867190827,-0.185607065230724,0.252995000754241,0.179574081023984,0.460399182629297
-0.173305532616933,0.0468317556199942,-0.460173376668706,0.523472649105654,-0.483965018761703,-0.552555299684714,0.19847533575706,-0.387399171935339,-0.21427561070043,-0.303061171640318,0.248988777482399,-0.396759985778822,-0.68064322763081,0.331231536599217,0.324645863775533,-0.732094827997477,-0.384281862511685,0.504619002498972,-0.219674995899073,0.232847960158036,-0.0092690204604029,0.831177785727318,-0.218505369690266,0.279360177875738,-0.369827191520853,0.258934737965351,-0.164441240895133,-0.302993353844641,0.0584082611288039,0.00830561770807314,0.173548684667109,-0.202683508430465,0.027317324890453,-0.454900059439941,0.471656522136243,-0.425021310528446,-0.607050396820601,0.136256882848392,-0.365050588294247,-0.257897266577532,-0.32718888700464,0.214863691274905,-0.368723522215057,-0.725318923448602,0.254590214671593,0.361942970098689,-0.695539277089111,-0.466716702257916,0.461348359759718,-0.162854233051054,0.208112266924514,0.0169499658604931,0.830134081842197,-0.12491365868955,0.254756186090441,-0.338370868358925,0.217291710175889,-0.135284849110079,-0.32150965367692,0.0242908112942283,0.0148824646708898,0.174483908136221
-0.000955713748529874,0.0483357993500473,-0.420259871465458,0.51166767044124,-0.47749448794157,-0.465158160517339,0.228538554829882,-0.211883389984939,-0.116629257601923,-0.102185220624328,0.40360728715612,-0.298639358785529,-0.470301235330163,0.431812895844882,0.38960281901578,-0.735957279354507,-0.186945247144571,0.549912041062379,-0.224790173932947,0.342475661822688,0.238307835355322,0.815493820381382,-0.0963918399626031,0.245836216842722,-0.277085921915779,0.0603801142124283,-0.271496978104361,-0.363156953618983,0.195691481590613,-0.0180999395300532,0.430269584127133,0.0283218103257771,0.048044803602942,-0.405542586017347,0.383706933804792,-0.321701902286393,-0.610545694672782,0.0869071859706601,-0.14229796484338,-0.181143517716641,-0.137696500024057,0.372493928512452,-0.175749001454374,-0.561230955090413,0.288615563432369,0.521081220816914,-0.617331002848368,-0.411029538777679,0.492990947330811,-0.0573529413125158,0.274031543794495,0.342584833808856,0.888053796312395,0.151909739759003,0.216486826894196,-0.202233704192922,-0.0239870145269769,-0.253112439352485,-0.445822360600765,0.0851174428709711,0.0414842078940026,0.424758514066448
-0.077605604361942,0.0461596505863255,-0.439179169517034,0.51529308567449,-0.481835588558196,-0.50477614950854,0.213913115762111,-0.289913362236796,-0.160715003035161,-0.191269997612947,0.334686688897479,-0.342931845951643,-0.563512374322181,0.386447745697341,0.359766777886591,-0.735794107936449,-0.27448718487234,0.528647739287932,-0.224080923789419,0.293167101488679,0.128865568546507,0.82081013287284,-0.15114312391791,0.258929199446877,-0.31903348206732,0.145411960758247,-0.226350603999819,-0.338451429955594,0.134327545781554,-0.00810995532414971,0.316841317984847,-0.158445392622744,0.0332000981047472,-0.431470854902089,0.441953466159031,-0.395785517276645,-0.585239070308554,0.129619293752872,-0.254191480125192,-0.209128354930416,-0.218108194847999,0.302746037283509,-0.287041685114501,-0.620779414399436,0.292345415729165,0.424300646064395,-0.675715760792798,-0.397359269122416,0.482810443036963,-0.135800725756073,0.255747271879135,0.177822270434882,0.84232971399559,-0.0140740026626227,0.233689434062041,-0.27579425241588,0.0921357677793326,-0.202067899775176,-0.376250279096587,0.0778087014914146,0.0143217349331505,0.315487016417188
-0.111480712192265,0.0855841007893261,-0.416233889185241,0.560427630016957,-0.444541956681759,-0.502203215994035,0.241084556321029,-0.325146792767647,-0.162539385466761,-0.23738393825681,0.308419010201826,-0.344959710540449,-0.613687619039432,0.383364130175325,0.371967433027301,-0.694067220241196,-0.319082611297258,0.549284988195442,-0.18181656707174,0.28620224921619,0.062715102686818,0.867608915087988,-0.16346488757997,0.313382041577293,-0.318753390730729,0.270669448947482,-0.140349737396708,-0.272569134891237,0.115497388069864,0.0432888115641621,0.24676769770579,0.0548683772477221,0.0346498989142903,-0.377131538821898,0.370255352480471,-0.188489286383046,-0.705309110442413,0.0116339232678676,-0.214998147148744,-0.311095059862578,-0.31164623627416,0.199961132643501,-0.20404675960212,-0.771295578209254,0.102977608940547,0.54712191144794,-0.524119756216419,-0.636193609383105,0.403499965665277,0.0691451636662396,0.203132437861858,0.193477481684952,0.89626269418616,0.232935231872611,0.238696892731824,-0.175572890213471,0.125034843350141,-0.0166841087602561,-0.336693248534711,-0.00903618431627901,0.096058184528376,0.266545837114666
-0.0147379373194632,0.174955088022093,-0.325205580352808,0.649224349102273,-0.354956671564743,-0.409126046042987,0.331687837273853,-0.228267410434125,-0.0690199743861548,-0.139410295437679,0.404396700624295,-0.251419835117467,-0.515305528038978,0.4770101832055,0.464076336304034,-0.604927790751788,-0.221261686511507,0.640545417356876,-0.0927311912165241,0.380238640931521,0.162703832812042,0.956238260610501,-0.0688897475525074,0.401241612959371,-0.225445628043774,0.351408147725715,-0.0556629728243188,-0.185859031556872,0.210727081823142,0.131455533421979,0.347150982205346,-0.027957455464316,0.170963016036702,-0.277815413706335,0.561135761216584,-0.1791009680083,-0.505273325941508,0.220867673535938,-0.13842297057976,-0.13085087477738,-0.158105768230572,0.366634568595352,-0.141880711388473,-0.583407736549432,0.337429133441849,0.593284308074015,-0.479223216150587,-0.385118760557789,0.58061216068625,0.0807736460325853,0.35512049972878,0.265699251595734,1.00030992401939,0.190126958028199,0.38258141476991,-0.11676112438851,0.290341584852368,0.0395231167596953,-0.200936487079911,0.160383358883687,0.18853527678596,0.38275840412086
-0.020288904262225,0.0439208522612802,-0.428028730558275,0.508414866435423,-0.482343108402222,-0.47707328784303,0.22162982216501,-0.231493032215939,-0.129439345708557,-0.124009311384194,0.385822393558721,-0.31149086046184,-0.492951900279765,0.418746523167433,0.379647167281767,-0.739903624395708,-0.208460283315702,0.541673441420729,-0.22862713095156,0.32861936303672,0.212405824228959,0.812579729273267,-0.111338400549045,0.244479913149274,-0.289467698409116,0.0734342786563325,-0.26643249125982,-0.362187085563829,0.179420304467007,-0.0200778218403759,0.403569115626784,0.00264697799944795,0.0408366604756066,-0.421352158476645,0.443348627383864,-0.405057073902373,-0.550396057450661,0.149108137577574,-0.197802258769179,-0.164629462393684,-0.143685867674155,0.366971276979189,-0.252840563651171,-0.540302784326149,0.343811071655361,0.443302383469906,-0.682192046695343,-0.320935784755182,0.509984618548292,-0.146285336788836,0.293864902660279,0.262360475647872,0.844868328492294,0.0121848658550247,0.227554948845374,-0.252303397658727,0.0294312173715765,-0.255269473479683,-0.402688479348313,0.124362898717756,0.00719652585569383,0.400517011265012
0.021760954932935,0.115278481850371,-0.363260059208855,0.58205559475604,-0.411837455768268,-0.420450205347436,0.288088262687774,-0.189986278748783,-0.0745744665303629,-0.086852972854274,0.430913973500214,-0.256707340687475,-0.457419415569383,0.473107916168132,0.440119755318843,-0.667625398404949,-0.170696788791082,0.605519279715493,-0.156134005729131,0.381428899538154,0.241550847325698,0.886885879088393,-0.0606707477538517,0.321846428355361,-0.233761375767234,0.179111009710818,-0.176451953780806,-0.280250668556095,0.227485669832948,0.0560675654576741,0.43114552204932,0.0054259034506725,0.120491993200959,-0.335641525212634,0.495025386397198,-0.272387994139117,-0.519118634966561,0.187356381909031,-0.12096580459575,-0.12009156923865,-0.104719598143391,0.410105651383671,-0.153468539867651,-0.518921617038855,0.363518915023651,0.553467423130176,-0.562181067168359,-0.330647149574984,0.56462357230679,-0.0110630909863763,0.344022158262768,0.332933964625152,0.94475687271702,0.151810258321194,0.307310869918784,-0.156653086514844,0.123106225470073,-0.133540358907302,-0.322525204149999,0.160342934322026,0.110568809793015,0.444578245466757
0.0103919444793998,-0.0366236263715027,-0.483567586879524,0.419205845927612,-0.559654266503388,-0.501698984454537,0.159678156989102,-0.198751053897274,-0.147392520427747,-0.0747571612201536,0.40495966934188,-0.329135269751097,-0.437537095288745,0.402704118669508,0.34041228995382,-0.823941839835449,-0.161512338601957,0.489636810183013,-0.313480906124221,0.318466377790038,0.292061555756515,0.720845381093852,-0.113362766210466,0.141131234097196,-0.310614218219303,-0.137353928666037,-0.41765239142344,-0.482878906626532,0.187271827259414,-0.118792223036715,0.489177872606913,-0.0830423003341348,-0.0405039169926563,-0.469892541347508,0.599767123538559,-0.716183250613164,-0.292727390571746,0.347009591243803,-0.258373933541804,-0.0731800521153191,-0.0197216656227987,0.432873551303206,-0.480344815761246,-0.314639931736946,0.566077882898253,0.190044953227687,-0.951049776050047,0.146142672433486,0.549944562396287,-0.49630839582944,0.435518294527643,0.173148093377933,0.611791323131163,-0.382522169160034,0.183460220687384,-0.363311786523748,-0.0213724162414344,-0.366365246631824,-0.326929973243055,0.367575955736052,-0.188718415999108,0.533534186271703
-0.0153505987398361,0.0721355810923878,-0.405046995540363,0.53844284724088,-0.454805025252124,-0.460560832873108,0.245953582933911,-0.226986064821853,-0.114323267335301,-0.122957472042721,0.393176453631078,-0.296439398260276,-0.49318973628333,0.433462729519038,0.399216924779603,-0.710957751869476,-0.20692623670438,0.563922256379053,-0.199510584047239,0.342103074786868,0.20709502435305,0.843136192190352,-0.0995557868747436,0.277466938315275,-0.273683340122789,0.128905462773742,-0.223427326941511,-0.325570614439137,0.189136164411492,0.0119393755386792,0.397012510108647,0.0221209170140026,0.0680665764717267,-0.385925916437612,0.43107647512918,-0.312079228655056,-0.581116635328442,0.123872080523653,-0.161790805510624,-0.1744907801626,-0.153261299985877,0.360583945002194,-0.192219567250799,-0.571767341086251,0.302732238167472,0.514115495134401,-0.60513676474675,-0.395380799713993,0.509072030172494,-0.0500309249284509,0.2892185259743,0.297776763589561,0.898031159174388,0.123935499687658,0.251077547017095,-0.20013479174235,0.056359838043962,-0.189258176112648,-0.384794807652377,0.102836707500636,0.0620739624670256,0.400177297037031
-0.00729785010812911,0.0679298893422793,-0.406496750872464,0.533282213190146,-0.458654364111144,-0.458603566313153,0.243797054811113,-0.218706153594756,-0.111630604317146,-0.112857930682473,0.399956954257362,-0.293712705379461,-0.482410992275865,0.436365983626414,0.399564074515743,-0.715548497683878,-0.1970806479807,0.562858490626878,-0.204191214877941,0.345655417518923,0.220545425614873,0.837697235032484,-0.0951075672689186,0.270747934733286,-0.271342624195649,0.110345261840017,-0.235422345652907,-0.334201052020823,0.194672832059563,0.00573112809603415,0.411119010204471,-0.0135897882139181,0.0685526704393802,-0.412293725376421,0.567971674980314,-0.504163394424745,-0.41946309838917,0.282933187772347,-0.239511211935994,-0.0929667435553653,-0.103331641542987,0.409587980497361,-0.327844076546989,-0.457346251540104,0.477533785454579,0.362325643745883,-0.749646341432662,-0.136017448296714,0.579676882392703,-0.252224214064196,0.363080608079963,0.191048017891806,0.818876415189662,-0.166594648442429,0.278864187356831,-0.294447606256486,0.13350099327914,-0.244838946735473,-0.31411067135591,0.223192751590107,-0.0108817864102189,0.410629929421722
-0.048467869716589,0.0312264755895963,-0.444204344713267,0.496926751602588,-0.495487622106689,-0.497552576146512,0.206346987652932,-0.259958944399809,-0.150847570434031,-0.154773739812448,0.359250503440203,-0.332942070951669,-0.524574282359927,0.397072284469845,0.361201742678093,-0.752111609352054,-0.238903924431291,0.525010253827896,-0.240721575157879,0.306125210049583,0.177408664227347,0.801443185988562,-0.134964205243758,0.23496029598917,-0.310431351410301,0.078872198179134,-0.269287563653586,-0.36929222188064,0.154419596455028,-0.0302426147764869,0.367743186195383,-0.0341096725576714,0.0234080689294257,-0.439167166761132,0.425271648386978,-0.415327808047089,-0.577480242606034,0.126086221131198,-0.226672879383841,-0.192781840583535,-0.179107131320025,0.334283777127596,-0.274990967567292,-0.578281542864685,0.312452616080471,0.42525392016436,-0.693845749368258,-0.360227895345102,0.486472392666747,-0.156031579719912,0.267294141602253,0.226790066692383,0.83006117745544,-0.00568250213361013,0.213189068012107,-0.272529641395416,0.0287961672005871,-0.256564600520445,-0.412731302110108,0.0948486521576229,-0.00533301572778688,0.362864715939272
-0.154285842137588,0.0032803192425277,-0.489657603690864,0.475046871949729,-0.525697512332449,-0.564648962134902,0.165383507068757,-0.367219968570954,-0.222615566835385,-0.273593975321889,0.261514494106907,-0.404926242259739,-0.647709156760907,0.323966506910706,0.304333633473391,-0.777611707445445,-0.35611092429326,0.477104993727961,-0.26565067814594,0.228896093107759,0.0373020710885967,0.781331355543662,-0.217884385401316,0.222979968133545,-0.379963601804366,0.142113147545476,-0.24775197374451,-0.369130153784942,0.0645850435786173,-0.045467524071757,0.223468721277165,-0.215557601387804,-0.0365966830548758,-0.488809766351039,0.348489067832428,-0.402916024791807,-0.700521707271983,0.019443298632779,-0.324474643400727,-0.317527914770055,-0.331131603837511,0.190800892448386,-0.337334725515088,-0.752367137487816,0.15655840792797,0.388066612218384,-0.698953077249337,-0.557093875254094,0.385063909792929,-0.142337244668187,0.160235530635114,0.096462975966602,0.790972517389033,-0.0159400473572398,0.166665169466093,-0.322331789459544,0.0439070567457097,-0.211021148461731,-0.433164584224682,-0.0308210143369,-0.0287747550173826,0.21171710144772
-0.0554684963319172,0.141470978653373,-0.360318832895734,0.616304743950943,-0.388651435241862,-0.44625332417211,0.296992386121465,-0.269132254254201,-0.106581974489409,-0.181350794701631,0.364418217799225,-0.289001951620397,-0.557647530889652,0.439323694368287,0.427900862003201,-0.638184279411828,-0.26305206431339,0.605203991084927,-0.125934545283254,0.342168450099066,0.118782507538938,0.92348318327166,-0.107489526689069,0.369243221762087,-0.262799578281559,0.326409557290864,-0.0845425025054549,-0.21672749840859,0.17148387793741,0.0991552140406249,0.302841810924608,-0.0426009452557559,0.13698781608402,-0.348884641632402,0.587182485164531,-0.338839478147111,-0.477665525371427,0.26092459392089,-0.245128265740156,-0.128334207347105,-0.189965131671204,0.349760796947868,-0.259548365861523,-0.581005703864481,0.394252623351381,0.46340857670014,-0.603599798944796,-0.314632403839605,0.583943180958327,-0.0770197907995635,0.331989969034355,0.146437787370548,0.93308361102629,-0.0328503077728612,0.36055553317276,-0.232956018418576,0.305169153989796,-0.0581609128411326,-0.22356052630399,0.153967185168223,0.11301515533444,0.31085589051103
-0.0517561326341536,0.0135899606344019,-0.458615092842205,0.478172496348956,-0.512707033340984,-0.507975475309168,0.191108976526547,-0.262981318177269,-0.160409703185856,-0.155666273989393,0.354473100430784,-0.342464372450001,-0.52467182382464,0.387756644251402,0.34889423492915,-0.77019882216036,-0.240093704939877,0.51105129855385,-0.258913996526823,0.297569314700109,0.180438242563332,0.782363159269336,-0.142471495160631,0.214382001289591,-0.320405430984762,0.0444340258166491,-0.296041325416933,-0.392107810716068,0.14818631255797,-0.0502230799325947,0.371540714705995,0.0215408540207004,-0.00259365189430672,-0.454365651355875,0.334768254481815,-0.363187391726761,-0.668293712898248,0.0322702486679421,-0.203223498775926,-0.242641267621979,-0.205824745074459,0.30579785106778,-0.231624264867538,-0.631756925174752,0.223697139235264,0.470141765735884,-0.661103168675084,-0.480926987364957,0.435976456335732,-0.0991134902457353,0.216609560081881,0.273485119222003,0.838784349462343,0.102165450877258,0.169832624110201,-0.253370375129171,-0.0557534704903973,-0.282147260688597,-0.484676900777318,0.0255782165673981,-0.00388673789080667,0.355836472053771
-0.152884205779708,0.00908299997877293,-0.484844363544273,0.481192397559623,-0.520022769966765,-0.561058916299981,0.170450493884616,-0.365899888482245,-0.219289544183464,-0.272927181680622,0.263372894927292,-0.401612437062168,-0.647286211513007,0.327216922821433,0.308501745960776,-0.77167078399869,-0.355352956180468,0.48177965529376,-0.259677484040493,0.231913472208442,0.0367658337835781,0.787576805149421,-0.21518864541264,0.229684982002247,-0.376511222559101,0.153069406549347,-0.239152756698063,-0.361738893901498,0.0668900072541359,-0.0389458826685374,0.222696930345821,-0.0493280477520257,0.0796046489457911,-0.489034123583929,0.704838939955075,-0.741984752064471,-0.321185457485702,0.429252897594878,-0.444524425494957,-0.0505091043661761,-0.17177441591143,0.389267357353135,-0.523099746681662,-0.462032468898831,0.625793814768568,0.157564787825733,-0.913974900525328,0.000599418819423714,0.645695059814096,-0.48191035339937,0.35169618148666,-0.0702100333074407,0.770617648310151,-0.578478068960699,0.328946106041082,-0.482459143020537,0.326744588586889,-0.309759834134283,-0.251423726475655,0.233751084651476,-0.0698005650532861,0.240661689048356
-0.158249381793867,0.175437210269866,-0.357096019550729,0.660923685253129,-0.358660442644453,-0.481037011413639,0.308099492944859,-0.374447216569321,-0.149569262061512,-0.30696435676575,0.275829696254005,-0.332368854010399,-0.690837832002625,0.393987190791828,0.411078581511473,-0.599922637321297,-0.385832697404204,0.604120957957385,-0.0866702049322186,0.289591139748783,-0.0442110487986564,0.971206914525217,-0.170060651580981,0.431246310974155,-0.301860775049178,0.520505274126981,0.0363163494412291,-0.133401705752799,0.0967707409109462,0.155460642913345,0.132529246517981,-0.105620685662674,0.107730785785942,-0.282035844944301,0.508141447451311,-0.0758866391833015,-0.634488581966431,0.102289550952958,-0.242627965105965,-0.309775146624713,-0.370957023480082,0.144496108690999,-0.214356118111236,-0.833040641642514,0.0984147280567083,0.579644573230337,-0.424044156024483,-0.642507423583546,0.439043836681459,0.171800757516006,0.25250960667276,0.0796894708264654,0.95229137752337,0.245466707016984,0.35848647751741,-0.117353603792261,0.391355235505357,0.259012644596856,-0.117863887259598,0.0396953045699456,0.196863653702196,0.19904251917863
-0.193009924361936,0.100317082305313,-0.423142525770142,0.582659513337601,-0.432607317365427,-0.535866267581895,0.239726013969234,-0.408459850930313,-0.201977305152857,-0.334986056271942,0.236880415117163,-0.384664857469843,-0.716623330459742,0.342272496020859,0.350948190335421,-0.67631051402925,-0.414690508422384,0.53934528056512,-0.163354018307329,0.240013498873877,-0.0612004055159705,0.892026393966605,-0.216688715016547,0.347851376399028,-0.355427565765213,0.398124481577382,-0.0644492927064775,-0.2230898294562,0.053726274600491,0.0737473175299801,0.117700024050594,-0.0818918091643688,0.0517857624794912,-0.397918328509576,0.476262573812626,-0.286100678990092,-0.644643078657589,0.104985288579803,-0.348182018622097,-0.30468236411311,-0.385772176344968,0.152649951383918,-0.325102535871464,-0.813345264760985,0.162081367714059,0.437010790623381,-0.588066456508544,-0.584745193260095,0.435073555888208,-0.0277385135907456,0.198938999033963,-0.000850286656176591,0.876637877218648,0.0076065815169486,0.293366150492228,-0.26796218565234,0.308754108908261,0.0356569925521469,-0.239295261623619,-0.00236847751662916,0.0872565037767811,0.136243395150167
-0.12052959282123,0.231398042168783,-0.305236129773094,0.718305508971174,-0.303229877906837,-0.434246904630252,0.3610110885197,-0.337065454500976,-0.103873454221876,-0.272290276126277,0.315442640453321,-0.286723683948997,-0.65717443169912,0.439369630782153,0.460264605653407,-0.543388829782991,-0.350780725222201,0.655406480011459,-0.0300026449433819,0.334007710256779,-0.0145231798958108,1.02900289400749,-0.126977181206616,0.490947050037807,-0.255641256052575,0.597826182026465,0.103868007174599,-0.0708566774848762,0.138234557655387,0.214401356690542,0.161240814470451,-0.0390376717660482,0.191057344504791,-0.227788274514712,0.616144387050132,-0.06281634385662,-0.535736543323979,0.215670656504837,-0.216236711663338,-0.216687704023313,-0.307056241180969,0.224308343481565,-0.181146490074854,-0.753139523562062,0.219416385764553,0.607319590435537,-0.389340393482044,-0.532650455162951,0.538001792487683,0.189358874815325,0.323965963657866,0.0972676570391121,1.02414205281834,0.217425331660886,0.448448374340135,-0.0913235474216444,0.512264235126371,0.303957667317382,-0.0360925355317331,0.114519155180479,0.260667824257247,0.232999957653081
0.00457734213680716,0.159787131557351,-0.332621033014007,0.631370121006087,-0.369122200279151,-0.406957478548897,0.322284218734687,-0.208313118091612,-0.0647827220697099,-0.114337347441099,0.420133121208266,-0.247086856122433,-0.488321969524856,0.481839832432668,0.461715613238592,-0.62117891193633,-0.196903112318347,0.634215761039503,-0.109235160734642,0.386894189333566,0.197202816170806,0.937601104093844,-0.0597140797362297,0.379003660463948,-0.222198409874672,0.295860672228256,-0.0927424605202578,-0.213473885803737,0.222964575569916,0.110654348076586,0.383495584596849,-0.0849673870656507,0.161321086997044,-0.279073290171212,0.519902411645862,-0.157537922191501,-0.53065743151426,0.185904935891956,-0.100309474125439,-0.134592456868953,-0.13604728433173,0.381816475691003,-0.10629216186305,-0.571125530127794,0.318193742827392,0.623189413957389,-0.466449124354345,-0.405072120119799,0.568229738757198,0.103302746091739,0.350287384771769,0.326858504685182,1.00368756290482,0.254494094112349,0.358992323163846,-0.0951869894354905,0.221397708934017,0.00640614449796841,-0.244553669126365,0.151425368192833,0.185374068239944,0.420577986148788
-0.0375409434837781,0.0935813922621538,-0.393411443055946,0.563287949822998,-0.434627717238673,-0.46105319665311,0.260105022164922,-0.249985036285134,-0.117433409030676,-0.152433749078517,0.375514907869414,-0.299670675462817,-0.525083759107972,0.429602950405112,0.40445606570777,-0.688141270478917,-0.235498522979618,0.574183808504044,-0.17637414053562,0.335932746243644,0.165690749908467,0.868972036671032,-0.108915152662981,0.307859341672936,-0.275540661911347,0.201448769325568,-0.174253984767899,-0.288374112890228,0.175902269156538,0.0405136491966189,0.353272732115197,0.0624643018657727,0.0841716836203283,-0.369955089705004,0.464678625922649,-0.293438524921863,-0.569993457801443,0.144541164512737,-0.184789219459031,-0.180092632213912,-0.181868655643198,0.337307099729755,-0.205547152029263,-0.600196781928579,0.297989710905803,0.512136859524992,-0.586763590976172,-0.407982436774174,0.515155657339542,-0.0324538805876661,0.291724233607042,0.249892929503845,0.910502737196925,0.108894335436363,0.280559552212891,-0.198375134383827,0.132383980139279,-0.123760468896968,-0.332051204464966,0.103620751157011,0.0846038863776374,0.363427555078612
-0.0335884025205697,0.0679893387695039,-0.412361295642109,0.535394348815167,-0.459360909300141,-0.471791639225625,0.239451746074362,-0.245485000979475,-0.126399440966512,-0.143548144918327,0.376401149189544,-0.308554690562879,-0.514561179432109,0.421144473111895,0.389837011319687,-0.71466135933486,-0.227224980992487,0.556164246007635,-0.203110865135708,0.329038665365038,0.182652405653268,0.840407637170747,-0.113650042152345,0.276209847225221,-0.285354936670092,0.14126029579632,-0.218619430224564,-0.324630436640136,0.17379069511292,0.0100951500903026,0.371815679881641,-0.0216407778237934,0.0577310963087811,-0.391596654590345,0.409454981811214,-0.29584598658587,-0.612085170056487,0.0953617428908399,-0.172353982992836,-0.201373076850983,-0.182151829971233,0.332560074150105,-0.193597920930372,-0.608796945073208,0.263992213898093,0.518458850763508,-0.595601139670294,-0.445489886472201,0.486767407419476,-0.0332526028966071,0.267006524964992,0.283144187190068,0.896191554315305,0.143019065664291,0.241499959270408,-0.200997617766929,0.0541099728259627,-0.175477087760833,-0.391399051804113,0.0746452318195877,0.0631726099901624,0.374898842209479
-0.00636780603903375,0.0680231243604243,-0.406215384863213,0.533310260114586,-0.458536803051894,-0.458089623673658,0.244030173747342,-0.217760602519066,-0.111066460641215,-0.111788164542112,0.400800149705194,-0.293146238692104,-0.481294861108232,0.436944503073162,0.399968104287916,-0.715481547961092,-0.196028217639851,0.563166205793443,-0.204130401057672,0.346278246292067,0.221843934548506,0.837706282533842,-0.0944235824389548,0.270669601262842,-0.27080250580369,0.109458601958599,-0.235860840536688,-0.334409867446672,0.195431118606946,0.00568766083588557,0.412462307008788,0.00288251156087755,0.0671094730761304,-0.396455443283237,0.475026574052981,-0.382017574750341,-0.523880374276981,0.178303584334032,-0.182747211677066,-0.14231069969947,-0.127723953695362,0.384760810649217,-0.23563952927309,-0.523355413176747,0.367888431754391,0.462660796865367,-0.65809422021913,-0.298685338660213,0.535040124109008,-0.123327448825758,0.316989665272712,0.271527854333194,0.86953639709302,0.025770314204024,0.257121728285216,-0.231966896286499,0.0706039233297398,-0.220155746561861,-0.36825112431757,0.147450070974474,0.0337280708941878,0.413278371222346
-0.166452510619104,-0.0813404689553145,-0.557989293035869,0.384781849932846,-0.608212059097616,-0.612843279648398,0.0928744020987207,-0.378043981268474,-0.266463287117764,-0.273662973890342,0.241828140704424,-0.448572827351486,-0.643763694404454,0.28136349570341,0.246622640634467,-0.86450837678335,-0.357680922512493,0.411054714934545,-0.353078617329661,0.19012955240194,0.0570384961221073,0.689421291001299,-0.251355801422299,0.123504125729813,-0.425891522819622,-0.0273506789561377,-0.378411965183895,-0.47990362162308,0.0375469536824475,-0.141924516987837,0.247083051001962,-0.220097466463776,-0.054910584094165,-0.545073782052917,0.473381251130461,-0.669309004722286,-0.516269340130614,0.190183702263626,-0.392790888628943,-0.206436202754702,-0.231353044337152,0.285281260538901,-0.486971106183275,-0.572537804601748,0.383582442462541,0.20194680626037,-0.903667942306741,-0.220411398761249,0.467848484904573,-0.418347256096025,0.246192553003421,0.0268490915886773,0.680364528327349,-0.360824413666218,0.163415238311199,-0.445501919867856,0.040273797656415,-0.37406913314732,-0.419818107546468,0.113747651507735,-0.14788634753652,0.269618299217871
-0.082300519791783,0.106286915007328,-0.393625195056366,0.58047004970085,-0.423592705059807,-0.477238380940596,0.263204478628268,-0.295809505078529,-0.137065983768951,-0.20678827737253,0.336719373917095,-0.319462775341941,-0.582622252587099,0.40898316706404,0.395818784733081,-0.67363069184929,-0.288662572472031,0.572160615110349,-0.161442199056877,0.312270166188664,0.0956280654249522,0.887458859207078,-0.136777423028247,0.332346763980537,-0.293523379586514,0.281445339414734,-0.12503366638429,-0.254926273049497,0.14293757363655,0.0626067496145346,0.280134388468671,-0.0670660045517606,0.102102249369608,-0.388220913259657,0.560455718903662,-0.394078030342633,-0.498776444633721,0.238938738159364,-0.282426567276966,-0.152106762057409,-0.213757556714013,0.326204983475899,-0.302341887197488,-0.598865708908957,0.379359061088275,0.416614009477089,-0.653504825434021,-0.322914108377601,0.557483230921577,-0.132350027204663,0.304061449833282,0.111505805169985,0.892321179401383,-0.091653545288354,0.325392156845488,-0.27662482187928,0.266520801835498,-0.11072325080338,-0.261283755220937,0.129975550824529,0.0698745767710244,0.283317701459453
-0.205138782931574,0.124166831973941,-0.407381468759372,0.609312025336038,-0.409803465923957,-0.530104843648036,0.257561454062843,-0.421255433305863,-0.198374274966104,-0.353122265812127,0.228485613339682,-0.381161705167953,-0.736753004518857,0.345257439888181,0.361435318405977,-0.651330627989418,-0.432081365198464,0.553973455459769,-0.138110319116139,0.241093363088989,-0.0891714122982936,0.919495786230666,-0.218238255690411,0.379077713868657,-0.350791568405331,0.464104816074402,-0.0177378139392914,-0.186253419831688,0.0489821313116252,0.103474582159144,0.0878033626026777,-0.19072085940216,0.100979528900392,-0.393346609414308,0.563264771629645,-0.340931542263685,-0.576425861201012,0.197642498247827,-0.392142676517152,-0.245989734431418,-0.375544961169391,0.188571400715465,-0.35533545676801,-0.779836578728751,0.261980572579162,0.400460551873191,-0.610476772128533,-0.505702747057364,0.505134316296935,-0.0754934398362647,0.225482439687934,-0.0619200812770394,0.909416538743141,-0.11430555624911,0.354409747603965,-0.307943552470516,0.424454047477549,0.0347210086900712,-0.188258365272989,0.0279294837702638,0.109011143835489,0.0994993299017194
-0.20117504566362,0.166429904069643,-0.373728833909331,0.654558646217204,-0.368653755582894,-0.507096847768775,0.29342227583675,-0.418001425500234,-0.177663895611172,-0.35555337141094,0.236424265101316,-0.360557646116707,-0.741306158991053,0.365309864528927,0.389473840308641,-0.607864522385716,-0.433719040576518,0.586420133948225,-0.0943633836329418,0.259117824808257,-0.102071688634492,0.965611978569411,-0.203012803248365,0.429193185484818,-0.328981592440993,0.551216020264205,0.0488616363644958,-0.130166009822444,0.0608069198262768,0.151994286305149,0.0728532211824344,-0.173545173110706,0.0733743196200718,-0.296744971711121,0.481686534020742,-0.0658809281711439,-0.677621430338806,0.0588594184704298,-0.282275936891834,-0.371014749949824,-0.437733631826186,0.0719593998367485,-0.251197173029751,-0.908085802939802,0.0224110837510975,0.558451671713108,-0.427709395698979,-0.7148930212269,0.385798935257209,0.176891274804133,0.21546907212307,0.0177859236717167,0.91839767020276,0.243640939122491,0.335287527381425,-0.1304538745259,0.399042204387779,0.303832270294011,-0.107564557867696,0.000597294524391639,0.180121151863185,0.143159740057399
-0.17647523336715,0.105417416600858,-0.415471525136757,0.58686910210986,-0.427174586293409,-0.525017284890234,0.246737755190944,-0.391713268531442,-0.190442363631481,-0.31654216986415,0.252228386019445,-0.373098173771165,-0.697545901358307,0.354003871473211,0.360295297623892,-0.671569348223537,-0.396483502477423,0.547376322313163,-0.158696694924163,0.25235032743713,-0.0396309235046282,0.895976370130287,-0.203516235635222,0.350607358306581,-0.344220911403751,0.389835300311752,-0.06661464149526,-0.222116783834078,0.0679140302140233,0.0769797195775954,0.139881498115106,-0.162956352935723,0.037261506685136,-0.374758617085527,0.426411233322933,-0.200521832291918,-0.689994953802721,0.0439725847450119,-0.296421504952271,-0.34172463555957,-0.390092278466644,0.129977692807985,-0.275685892015094,-0.841638899769955,0.0846070008304677,0.497013949377982,-0.532420905808255,-0.655848055374531,0.394251754279859,0.0527036846178176,0.191060607419185,0.0578284528387128,0.880670643651156,0.142515802991806,0.272008033303943,-0.208814015645081,0.256894892861304,0.0839423466048167,-0.247843801830838,-0.0178689503261987,0.103208570147526,0.169611578267218
-0.107773179900065,0.166623454286437,-0.352580236943057,0.647491194176506,-0.365750639411212,-0.460042608510493,0.309196853005771,-0.322872305517388,-0.125017993548086,-0.24658850606845,0.320152461960058,-0.307652994483695,-0.627176906280342,0.419557017655285,0.424285390260071,-0.610598770453965,-0.326685130294049,0.610503642489112,-0.097781081691652,0.318300390227078,0.0323717855139094,0.956428268082638,-0.137018345636028,0.410276510012476,-0.279011756377599,0.442263579650866,-0.0101717642126733,-0.163616470820607,0.135077504369757,0.136961197808054,0.212285410472788,-0.0899823222139169,0.1285522661439,-0.293720018816612,0.522941203645965,-0.137022498541769,-0.589245081882713,0.146685468276962,-0.213647621094245,-0.239073571204469,-0.290751474610207,0.233044357540904,-0.194558209446452,-0.735856218206227,0.198004957859015,0.572495122685963,-0.460718726701899,-0.542380915563727,0.495101173430235,0.117881099348747,0.283758939735262,0.144812320843895,0.967863695133716,0.200842711936731,0.361874382316834,-0.134080390172832,0.343701868092563,0.14605912704518,-0.167209676008032,0.0772795118673063,0.184677717701537,0.260667350532576
-0.0411712648114193,0.142455900325507,-0.356341044400725,0.616252626048931,-0.387279524690737,-0.438575608959306,0.30020263991474,-0.254588330759717,-0.098105640104178,-0.164830805787124,0.377333824975628,-0.280488661793717,-0.540389947647649,0.448028724553611,0.433830037158456,-0.637617515258317,-0.246807860578686,0.609600953041335,-0.125465393644093,0.351578371658954,0.138941432882453,0.923128814567367,-0.0971067088913102,0.367498759857726,-0.254705448204536,0.311805899337733,-0.0920165634435968,-0.2205477220629,0.183048718663118,0.097965418453688,0.323713240526196,0.0283066554510266,0.128643912762693,-0.308550452283681,0.496708616509108,-0.18054131430235,-0.568498748383414,0.153070874980006,-0.15387743086829,-0.18351401592642,-0.197742932416398,0.322036980199829,-0.153902069871799,-0.634487273196185,0.266740652152475,0.584133099249506,-0.492077777651186,-0.460713487013011,0.526802741319358,0.0790413374522764,0.30948769349997,0.256887678132633,0.969740385810611,0.212581219426673,0.334921751072207,-0.131418288488798,0.226358233377123,0.0125869561079872,-0.251417107195399,0.109060163584897,0.159373942994881,0.356578326101437
-0.0599584882111532,0.152407440233755,-0.352850538844489,0.628442938582054,-0.378163420700282,-0.443072546559877,0.305350107964717,-0.273908115550459,-0.104326645701287,-0.188416542695416,0.361529267653964,-0.286789447210925,-0.565568011435101,0.441314007906859,0.433107867379608,-0.626763252224629,-0.269798229358045,0.612186542243508,-0.114400403623295,0.343341927633393,0.107499919334547,0.935971629511068,-0.10744345219039,0.383342523540437,-0.260101346868741,0.355410239192878,-0.0638036773202977,-0.200222780711165,0.170160211054318,0.112611762290189,0.290733564821464,-0.0621908635575908,0.131904484376247,-0.300734431305819,0.507784809298519,-0.163265777128375,-0.572386479463543,0.153840336207309,-0.16949287808419,-0.197990214775394,-0.22409130160599,0.297099756954762,-0.163163604781366,-0.663636384270944,0.247916603822282,0.58401630242136,-0.478660927577092,-0.484121499955112,0.519928359090502,0.0949383243309005,0.304222421862844,0.224906555097419,0.972731497322277,0.212614400772221,0.346601964811204,-0.129016406721876,0.266467929397677,0.0577297479357886,-0.222040608656357,0.101693527569377,0.170798474464531,0.329241440189184
-0.0133999867744468,0.00262044447406851,-0.458495238408128,0.463360471704492,-0.522242652388943,-0.494146404603859,0.188384909979394,-0.223711112693763,-0.143621535236679,-0.109074218567912,0.387709959238753,-0.325539274724129,-0.475346784501761,0.405392191195606,0.35624449790766,-0.782717723564099,-0.194523507236857,0.51272430257055,-0.271794578356172,0.317816672374283,0.24051352895331,0.766431214709511,-0.118619297187786,0.193299390305695,-0.305033432035851,-0.0242953395904912,-0.338353630471193,-0.42088167315659,0.176418221047479,-0.0692505041293199,0.434256019591777,-0.0828840315946124,-0.00137160700267916,-0.457714569784455,0.326768053788131,-0.384200810522216,-0.649730106795682,0.0411714897400427,-0.167588500728628,-0.210268338164653,-0.151861168397422,0.355215158860332,-0.210034823758524,-0.572329681893873,0.263779451946029,0.477016743639314,-0.676587292400728,-0.427706531729778,0.454772912961131,-0.119046531384634,0.236845103807674,0.335195750484022,0.838083702476649,0.109711738805563,0.157960971807232,-0.247446724711945,-0.115169247401971,-0.345591566442537,-0.521682154001932,0.0510314327511778,-0.0166929433113644,0.413625284507608
-0.0128508904116593,-0.00556071766884969,-0.464713668212747,0.454499215448225,-0.530170025896314,-0.497938409763433,0.181663128282086,-0.223000234887431,-0.14688980320096,-0.107067430274407,0.387352981612946,-0.328783307183022,-0.47285627931579,0.402273902722243,0.351305794174818,-0.791173114843454,-0.192697579811162,0.506780768161127,-0.280313984257587,0.315160654084568,0.244906744251063,0.757371741339345,-0.120637286784316,0.183328289042109,-0.308552350897733,-0.0426995457742674,-0.352082222453426,-0.432214066102818,0.175175406145517,-0.0788578533175208,0.439116497628323,-0.10655980759524,-0.00876224864086348,-0.46609900489162,0.338725509950635,-0.416941037989509,-0.6300191998074,0.0576121722824474,-0.177742660272964,-0.202445654654702,-0.14366195714036,0.360679367323429,-0.232282401174937,-0.554765774090764,0.284471635716121,0.451523936073348,-0.70365261278718,-0.389801838757907,0.458774190388289,-0.154060139324262,0.245326278898003,0.323422439497863,0.818385142112217,0.0680460658513901,0.153274028391868,-0.262879936254612,-0.119568920287843,-0.362719922558876,-0.519927999050017,0.0674982978019,-0.0352165591857821,0.419470710317468
0.0771203707498707,-0.036215188625258,-0.468249122578268,0.414447903576045,-0.557317906532827,-0.467948024195808,0.171172875209418,-0.130793644146843,-0.109662955783017,0.00304471860886402,0.464805044384665,-0.291221598480178,-0.356060627961968,0.441573012477283,0.36545227834729,-0.82561660193598,-0.0850843803664176,0.507043535609968,-0.315641959552501,0.36084693774775,0.387992086808433,0.714581669272741,-0.0661353789128096,0.127942280441564,-0.274788739764187,-0.214605523899236,-0.45938537286216,-0.506409002954165,0.240387880604503,-0.129217909894527,0.588657996085473,0.108901307363271,-0.0430793693992701,-0.465025751125672,0.456124915672816,-0.594206283804549,-0.41834335007614,0.212823087723823,-0.14602906829769,-0.0980215281188843,0.0128053868394222,0.464534045960591,-0.332592066727497,-0.330140139278787,0.473264568068558,0.32614960185472,-0.85814407137705,-0.0115994949773822,0.514616561545932,-0.360771909718448,0.388940986689228,0.355874520614635,0.68004802016235,-0.129737481807156,0.133828730312088,-0.286176378763468,-0.190147659316064,-0.440284179535124,-0.465520918345623,0.285461353515296,-0.150613889352441,0.600159173843459
-0.015686500929494,0.0299146204758749,-0.437851378330203,0.492959007105426,-0.495808387120434,-0.481723986716569,0.210734274695902,-0.226545790084927,-0.132973693404329,-0.116299822821899,0.388493490936103,-0.314973549930494,-0.48421136422369,0.41553185828745,0.372552268694509,-0.754494378384591,-0.201136301539261,0.532436735989629,-0.243354332760783,0.326390031771764,0.22520200631002,0.796701368141711,-0.112207767141864,0.226658407857547,-0.293536311051616,0.0376375241471667,-0.292263126372539,-0.38291019797235,0.180203230648171,-0.0371239858704548,0.417361273005117,0.0682385309689154,0.0217213658917495,-0.422226599901414,0.26426378509295,-0.238329765029617,-0.740690875437069,-0.0408761564760161,-0.116476656761628,-0.251301377919215,-0.185753637152451,0.327748646642823,-0.11205856654307,-0.64872596779561,0.162622238899226,0.58958972772162,-0.559905693691473,-0.59521810169224,0.427380743450078,0.0347439982507912,0.199283036309815,0.395679580374914,0.914327177673559,0.303919268839295,0.168050895153361,-0.175149804873064,-0.11568014286734,-0.272604579279089,-0.535562864789861,-0.0197955293650673,0.0569984033238292,0.397970953342291
-0.0215094610068292,0.115072550691291,-0.373147726235896,0.585204421371264,-0.413295271602465,-0.442306902515982,0.280683522129388,-0.234054727703121,-0.0990146464744939,-0.137313869113067,0.392113025385086,-0.281267069159554,-0.510266383069952,0.447927919699692,0.423919475222496,-0.666478616300759,-0.220265537344957,0.59427561291422,-0.154671453282562,0.35396862382308,0.179318220672263,0.8910124680321,-0.0912782815861277,0.330469881339937,-0.256965148821703,0.229333152843234,-0.149293608414649,-0.264912256912403,0.193054366198819,0.0628967078036666,0.366607988950085,-0.0163724201173896,0.111478213347762,-0.353918533740855,0.522849590321014,-0.315504717731057,-0.511370587010597,0.20677185058591,-0.187151122588018,-0.13812634936402,-0.153859706373547,0.369167198551912,-0.21574304279839,-0.557267501780657,0.362659882753824,0.498770446545063,-0.595639574822322,-0.331637411260025,0.557468151949941,-0.0553650584283052,0.328122258805613,0.238468128828542,0.920977429810219,0.057614309742929,0.315216828924814,-0.201741996784804,0.186393005244826,-0.110970904042277,-0.289859957447747,0.148786217523378,0.0951570474532519,0.377118339979894
-0.104032927116721,0.0856846289232642,-0.414481554430953,0.559955800964453,-0.444227843771033,-0.498408838005297,0.242413277537961,-0.31756285481263,-0.158304237970318,-0.228709381127532,0.315104256757122,-0.340704166799714,-0.604605972899718,0.387725498201782,0.374796766390288,-0.694197479308457,-0.310560264009831,0.551268670864486,-0.182000699901842,0.290952657018902,0.0733980416253104,0.86697026943262,-0.158177524228703,0.311976183317201,-0.314729187337042,0.262166413825598,-0.144917844489125,-0.275120636176482,0.121437127023968,0.0421890816918093,0.257843878081395,-0.0952339192120004,0.0444881199823262,-0.380550878063674,0.395823217789023,-0.222488200368705,-0.674320800159301,0.0450459177972251,-0.221568432351652,-0.284057510036962,-0.291397052576165,0.224536507433626,-0.215924487032961,-0.739523086575002,0.148304614269887,0.528334087659527,-0.545779869946099,-0.585458927882097,0.428288389067487,0.0362988842543131,0.218881307412917,0.18861381098284,0.896035519847731,0.18513828400705,0.249338689864459,-0.191188208710468,0.13753525963768,-0.0411012807288619,-0.332507364029476,0.0124907572331366,0.0902775650966048,0.274550539417345
-0.04082543381476,0.0646426295376674,-0.416582625128681,0.53235069878048,-0.462820710203593,-0.477094216572509,0.235454717044869,-0.252794124287743,-0.131935402738886,-0.151434743584948,0.369567876801879,-0.314101452006447,-0.522663328932358,0.415541678436229,0.38504541847063,-0.717885868329564,-0.23503098559379,0.551820419389955,-0.206306848343191,0.323229876801214,0.173702382619686,0.837452315380959,-0.119743144989325,0.273660759237574,-0.290779204989605,0.142469114187245,-0.219494129185554,-0.326572914518493,0.167352163877174,0.00738396922497309,0.36265743820935,-0.130311950347737,0.0564027733821642,-0.403535710028632,0.448271227059074,-0.355375601300748,-0.570505987655432,0.139162103596664,-0.205271959345481,-0.182957205239226,-0.178063456100766,0.33900358421537,-0.239511034710226,-0.586058877758887,0.310051785353892,0.468914794420604,-0.640171596487914,-0.379922925210252,0.504383776777261,-0.0949321376647026,0.281590668214813,0.238940334580899,0.872510917652001,0.0492810629870612,0.249492827678133,-0.235545859478695,0.0837807280944637,-0.190739382504076,-0.370873731006389,0.101439481794591,0.0411608976935584,0.364147755361802
-0.00676875772351337,0.0182582319236602,-0.444882300900185,0.479699877249864,-0.506866685613447,-0.483036684526558,0.202517129730083,-0.217246785232074,-0.133052127869696,-0.103946815261965,0.395275938192732,-0.314994869880779,-0.470718407019341,0.415806872440486,0.368537207888295,-0.766797028027618,-0.189209519081572,0.526053644646728,-0.255807842228617,0.327754453261372,0.243178978336145,0.782975110650073,-0.109339737667391,0.210783765827079,-0.294205441037532,0.0018890362683468,-0.31699284515418,-0.401992923064931,0.184898072729762,-0.0521413929036552,0.43643941805462,-0.0187230216911198,0.0154655595316068,-0.437349270127967,0.296149132757824,-0.308950811181509,-0.692161114323632,0.00322454631551158,-0.133691719410996,-0.222684394847196,-0.158841822497176,0.352389279653374,-0.151910852853669,-0.600679843472985,0.221596597318994,0.540091933367207,-0.614744948760721,-0.50557671346976,0.447989068865379,-0.0387672049133505,0.222212560960964,0.378404798255207,0.883306552085473,0.213702253861067,0.165672080757107,-0.207239704108661,-0.119495041333257,-0.316213461454883,-0.532778689567596,0.0190427438938003,0.0241443546660278,0.414926780966221
-0.0825987197267608,0.083823418228425,-0.411105500916564,0.556279858587029,-0.445411856606679,-0.488558225172808,0.244446210138314,-0.295696957299947,-0.147056109024991,-0.203385535997439,0.334120738215336,-0.329391368952527,-0.577991399982208,0.399373825485196,0.381587581776461,-0.69679043034983,-0.285719019655886,0.555378242539476,-0.184764464600502,0.303834484683687,0.105089718218414,0.862765413674587,-0.143593210303271,0.305338781844618,-0.304149883656066,0.233026505154589,-0.16158156043835,-0.285390445425051,0.138089881258111,0.0365222994362622,0.29078237695914,0.0825450127085001,0.0380083917434252,-0.364611170993503,0.328251997199738,-0.136860143716393,-0.735614790633792,-0.0265423487618892,-0.160109993861623,-0.311070321049657,-0.28495313840155,0.221308896225374,-0.144064640872941,-0.760694889121169,0.0787793733449451,0.603108235517198,-0.485135271247267,-0.672207722223865,0.39689849253723,0.123287148975478,0.201351191151278,0.273617572026413,0.921055520826429,0.334956825443066,0.225691945248686,-0.134787641439902,0.0643237090191464,-0.0323287640187278,-0.375014879017478,-0.0202076184969421,0.113116604869559,0.311040198406018
-0.00666035415910571,0.00279492945070636,-0.456844780232327,0.463023526434315,-0.521877318554816,-0.490671276973139,0.18965684792151,-0.216849820558103,-0.139752557640492,-0.101238402748987,0.393768224916011,-0.32165207204665,-0.467147213954119,0.409373953252873,0.358857309098877,-0.782749458685798,-0.18682369865053,0.514581481870758,-0.271874452424107,0.322146061251837,0.250143936032236,0.765945210323109,-0.113810111226819,0.192127842449079,-0.301352943720646,-0.031808575819511,-0.342350808439775,-0.423076911304856,0.181810337778744,-0.0701485107068063,0.444237807888594,-0.0151682757604549,0.00212170623824071,-0.456562271023587,0.4168460254788,-0.475075274929686,-0.543422214313325,0.140060192029441,-0.197679459737385,-0.161671562145551,-0.115364478263514,0.383535129033206,-0.28185029829526,-0.499659545290649,0.362155090627886,0.400236497250887,-0.746476452074275,-0.265943380959279,0.495697493487307,-0.219860972356122,0.294665211453773,0.282706199398159,0.7912295570968,-0.0363889887537102,0.180624008439525,-0.281932816771266,-0.0622690876798645,-0.345565993561409,-0.457681454177841,0.139046065707821,-0.0517712687861896,0.437147253152379
0.0700480587173509,0.0167626403853713,-0.428771736156804,0.472103686555904,-0.506085735265309,-0.445160537858076,0.214112513307686,-0.138978752380833,-0.0904779392262771,-0.0140541700685315,0.463965064507612,-0.272203283231983,-0.376486711085956,0.459726411290145,0.39612720708017,-0.770752517402638,-0.100939237081407,0.544630083719731,-0.260337557349191,0.375820660986284,0.354478417503328,0.773600867280811,-0.055550267190231,0.193232012540106,-0.253879648056214,-0.0913095896294678,-0.368250146328892,-0.431755772914514,0.245641036840158,-0.0664302071937808,0.551930310454239,0.0647309374100693,0.015687138878259,-0.429029105815975,0.478686947489724,-0.513334304828856,-0.437390215868109,0.220947404068973,-0.142266185822539,-0.0883440919737028,-0.0126649929552737,0.464180848947134,-0.279326894296479,-0.372307365552082,0.465506900180131,0.389068675305621,-0.776834561873592,-0.0891052832323501,0.546179881153032,-0.268699680248597,0.379817822940718,0.348708154990763,0.768158288582064,-0.0674279539369995,0.194084918347598,-0.256846487173738,-0.0874115809036103,-0.366848200249893,-0.426101746313017,0.252270113976296,-0.0702017222102961,0.552950264315387
-0.0443329471132969,-0.0993192549095863,-0.544471238335534,0.355889290612613,-0.62211818569949,-0.56038730717191,0.0983149446249048,-0.253328238829475,-0.205602670430132,-0.128151178255177,0.349407531063253,-0.387323292706721,-0.490489478195366,0.344630900130095,0.280677030003471,-0.886887839918414,-0.215071481835716,0.428984138566967,-0.376485351637266,0.260815212507026,0.240846349564011,0.657347853305708,-0.170431410497832,0.0768013889010657,-0.369053212804994,-0.209383209211961,-0.485412830349809,-0.548451612833155,0.130910918438651,-0.182789962132627,0.438389277879907,-0.0691509070863564,-0.090430504951159,-0.524557741028611,0.46505570097445,-0.693473940800841,-0.43565269426334,0.210672524656697,-0.273040372058833,-0.154810392474657,-0.0869278703715864,0.375101825139328,-0.457379455886569,-0.412831209884299,0.442973974813944,0.211578580685958,-0.94316354684128,-0.0372505887185073,0.47210594186916,-0.462496613963415,0.336300475085261,0.188552934388964,0.609058192476182,-0.302229567042919,0.110972863878937,-0.384451880993168,-0.135388089474163,-0.443431524946813,-0.451126405362393,0.240875393354146,-0.209037583745859,0.475038640805296
0.194341938106579,0.108995036922593,-0.329331293126303,0.561838467960813,-0.412921311345238,-0.336809159132157,0.311704419085205,-0.0140907378953088,0.0197968408622646,0.115593017565768,0.584931427806795,-0.161839499336747,-0.245063094856459,0.570551984333218,0.500267386719703,-0.679527215071117,0.0280437471266026,0.64508006776135,-0.169347345846431,0.488343900548209,0.492889651290936,0.862607705224008,0.0593161041348953,0.27889093792686,-0.144525372148621,-0.0366208638778236,-0.296390437100934,-0.351096130184864,0.363354202468212,0.0205645813772914,0.692057545695567,0.174763979654884,0.0984231025496744,-0.3352604733565,0.579753637747637,-0.443484551937218,-0.314346807221642,0.330026374506841,-0.0310470299567287,0.0205633576406118,0.11451609662721,0.578643326496399,-0.19365896521055,-0.236259248488539,0.58388307993352,0.469230142810972,-0.706741073453098,0.0650090938362992,0.643554526454715,-0.204438815078928,0.497556163449151,0.466324414171712,0.835795185511042,0.0123914303457461,0.275664223372705,-0.159696655926534,-0.0287588822362751,-0.294398312429502,-0.334972897699278,0.382453349482299,0.000798612075742493,0.690938860728002
0.0601344739516279,0.0174197628536454,-0.430491114786786,0.473584275564036,-0.505735903281497,-0.44981786208627,0.213002599505099,-0.149088224161181,-0.0957694110636655,-0.0257327466299611,0.4551485655681,-0.27752409972531,-0.388750978168583,0.454253342391393,0.392858319963624,-0.76976335483333,-0.112398825020399,0.542577858274194,-0.259270885067192,0.369787869512173,0.339910324992202,0.775321460073302,-0.0623555918623158,0.196056415896898,-0.258867628621866,-0.0782742763521238,-0.360876125764854,-0.42728310039961,0.237897120859913,-0.0640462394428916,0.536796450318946,-0.00493534555928242,0.0285037769509108,-0.427280296027548,0.394235953852892,-0.418444630212119,-0.543035338071417,0.130091962778211,-0.109827486342674,-0.123249421609165,-0.0433850088443166,0.450405493788055,-0.193630905263095,-0.439904348798558,0.382598581998671,0.476586506475178,-0.697351527298138,-0.254281963191593,0.521860454775424,-0.159262682870016,0.32199893986415,0.408069796412333,0.837973888646141,0.0805520188416136,0.184563004317357,-0.222730419216683,-0.125988877585328,-0.375303676644206,-0.493799955083691,0.15914010184679,-0.0201969319153793,0.524991417794127
-0.0579059692281572,0.00488097003665189,-0.466748735720465,0.469264145609467,-0.521341629325752,-0.515397845509634,0.182827783033304,-0.269083730788498,-0.167678547103066,-0.16138880844357,0.348057660833835,-0.349726112065477,-0.530252563391388,0.380531764738501,0.341135725971398,-0.778988199219977,-0.245869256245006,0.502998237441959,-0.267722138583633,0.290479943269874,0.175415256034178,0.773396703936459,-0.149373837342694,0.205148314903724,-0.327747749730666,0.0327282918726901,-0.306376468009441,-0.401740540848195,0.141511202069209,-0.0593501374506626,0.366654699757694,0.138854183818554,-0.0215312104708583,-0.464522418410209,0.256369827047459,-0.307299977234503,-0.753193178242543,-0.0522564597525503,-0.185691975644273,-0.290413528728487,-0.237870665363594,0.274444691440157,-0.190969391687592,-0.689770300909397,0.138671959859297,0.514704596211938,-0.623388724899533,-0.601182831084778,0.390851885973367,-0.0382936285464252,0.168366013663301,0.307909518676181,0.853407443207411,0.203389334063655,0.137015636915903,-0.234175111257084,-0.116764633333496,-0.291448377448725,-0.541485556503402,-0.0417314553545734,0.00519622042411837,0.339583802501558
-0.0204445885003786,0.20173393086932,-0.305730109978802,0.678533837891232,-0.329122182106266,-0.398679357951288,0.353036291694472,-0.234576054112134,-0.0605221245240433,-0.150541052042191,0.402061571732935,-0.24301216613202,-0.528236206399667,0.484949955909492,0.478789916335934,-0.577128534938758,-0.231719455639494,0.658997995600807,-0.0646937355127086,0.386458295579386,0.142693126072668,0.986285319869529,-0.0650442124440271,0.434680860716389,-0.216015100388462,0.416227174139282,-0.00824201510744516,-0.147354385931266,0.211688173945815,0.163541251284673,0.325401579996566,-0.013888284778586,0.195094359219494,-0.240215125992539,0.579245120455024,-0.108761961433335,-0.505564869958603,0.223561435187801,-0.119924210977647,-0.136702895713558,-0.170196178980534,0.353171954744268,-0.112438904013622,-0.607156684001025,0.313400299120937,0.636281957752259,-0.421637024084037,-0.41914735416699,0.583744931527213,0.149322037355631,0.3654483988909,0.268199078081519,1.0326262493766,0.255261185159092,0.413557143361028,-0.0748484185801526,0.346074246559099,0.126931659102307,-0.150031057552405,0.163833456630828,0.232288968965965,0.378513133481087
-0.105405920241315,-0.117767212142951,-0.572502130262334,0.340761856176179,-0.641805252246408,-0.600265086449699,0.0727416411432174,-0.315191101122636,-0.248037568292613,-0.196341253548695,0.292758415274664,-0.42987651911603,-0.561041275105305,0.301463735499107,0.246397944610841,-0.903996888196025,-0.282378513705027,0.399611084711978,-0.393281851978186,0.215391038657721,0.161004673241603,0.643188203228128,-0.218970725000823,0.0670927128034187,-0.410264321190079,-0.177917705755887,-0.476775760843065,-0.551513855772843,0.0785868553333824,-0.194274638103002,0.356266216458193,-0.142842058014654,-0.136468028697863,-0.593396051831698,0.239190167500427,-0.581348259444935,-0.7141323365886,-0.0337556717241676,-0.302285487435965,-0.303957870950572,-0.240347368696186,0.257924112264268,-0.377936159348532,-0.637308736238876,0.201925398928847,0.29988277736616,-0.860281670387333,-0.442763053147038,0.349512297359648,-0.322383997555975,0.145616098584315,0.199218734579792,0.671753191341524,-0.104858115658621,0.02824355376414,-0.398360924194581,-0.250705626890071,-0.508341410757171,-0.636102046084565,-0.0192611537792717,-0.18033198325162,0.321798566442725
0.0429942302343811,0.130698681166344,-0.346532967065571,0.597022950807913,-0.396248270319557,-0.402107469082567,0.304480196049939,-0.168645280654966,-0.0558829978527378,-0.0646490878107304,0.451543935974128,-0.23799973470598,-0.434893445784645,0.491899249262874,0.457698957957021,-0.652387795607337,-0.148613330647462,0.62242941200808,-0.140939027312225,0.400528037001074,0.265343743908868,0.901721251517561,-0.0411467764475848,0.336074789868249,-0.215236803947548,0.187724156088612,-0.164725531820785,-0.266928728311765,0.247525794171635,0.0705381326799017,0.455249547312587,0.0614270952693073,0.136545523730064,-0.328759079548579,0.549897471632544,-0.315058325034518,-0.455993798482468,0.249797066415911,-0.12723861375176,-0.0788172939135972,-0.0722486910284759,0.442752220521685,-0.176593674175276,-0.467259346312395,0.432757511042767,0.524592991225524,-0.590144705449308,-0.23733241482724,0.602219287476742,-0.0562940235709971,0.381361551189228,0.319812084473055,0.937805700231861,0.0814794960834724,0.330479185002616,-0.169533546201493,0.158453816795658,-0.139196674109555,-0.28932997251432,0.21122580131992,0.104199494706663,0.464842121810837
0.0304810452178614,0.0750932298392684,-0.392450436695071,0.538060577503158,-0.450601029362375,-0.436048187173917,0.256078198179551,-0.180359917834126,-0.0872385665259277,-0.0699671538240505,0.434558399813817,-0.269235677728716,-0.437823901266688,0.461283974380468,0.418098173755975,-0.709346832852821,-0.154824119903255,0.577868816928122,-0.198214038608157,0.372194512406843,0.271805002405879,0.841780485115525,-0.0663310125823049,0.27163425843249,-0.24782957713459,0.0816580985807303,-0.247712912768671,-0.338088550324819,0.226167794608672,0.00789306941880064,0.464017199184301,0.033742793149813,0.078370596197236,-0.384376303297502,0.495863735196699,-0.392747972728208,-0.484497465863103,0.209193662269373,-0.152826017151782,-0.106631127470295,-0.0793471715040827,0.427035429572254,-0.222511325924418,-0.46677251330561,0.414208511105843,0.467696098246382,-0.664392308518052,-0.231094124081474,0.561221902153837,-0.136080742115784,0.350882250403747,0.311823898243072,0.871005354684313,0.0241784506920945,0.264502251390954,-0.2186230662064,0.0550111016419799,-0.238932915126488,-0.364723003341099,0.189816021468054,0.0322109599638353,0.464865873499417
-0.0171182365912124,0.076851643742831,-0.401788595184625,0.543663995341097,-0.450277443790707,-0.459104465146574,0.249585807606202,-0.22887385288711,-0.113255863476645,-0.125807693863006,0.392081729688343,-0.295389993382791,-0.49639920009586,0.434418748119183,0.401524911059017,-0.706038027484578,-0.209642138596037,0.566976500189988,-0.19454331792725,0.342715779220573,0.202472474948779,0.848504550181321,-0.099416927168031,0.283512334933011,-0.272429785378741,0.141213872859774,-0.214591354942515,-0.3185142274183,0.188699325179524,0.017714624426862,0.39204293871734,0.00493806783845437,0.0720013369759456,-0.380013335466374,0.429820613652951,-0.296234873957985,-0.586686749744456,0.119502461570964,-0.158155836746805,-0.178105323379038,-0.157897779666133,0.356435189484357,-0.184296969487108,-0.580095442763185,0.293768256085591,0.524613769098637,-0.592269358451087,-0.409692009629181,0.507576182988,-0.0338953480920726,0.287593584456698,0.299578076580976,0.905873404158736,0.140999621554647,0.255343394048434,-0.192098976227114,0.064023209879805,-0.174579604931917,-0.379316862984577,0.098451027443685,0.0711809735422144,0.397062226905853
-0.0285051857515057,-0.0248108319933831,-0.483155372316746,0.434968983951613,-0.5493156097544,-0.515380718053683,0.163014103594106,-0.238587895684248,-0.164116394608531,-0.122121331443237,0.37132549250712,-0.345999916470324,-0.487710947164782,0.385109084869304,0.333391183661586,-0.810536178668201,-0.207825973956531,0.488452287976008,-0.299703414425682,0.298186236080769,0.230835764667184,0.737759868175329,-0.137348913521828,0.163340934569725,-0.325882180400203,-0.0661603276087437,-0.373617212250931,-0.452762109410811,0.158783058371089,-0.0986953855804558,0.425237974227256,-0.0660110007366554,-0.036404586212071,-0.493246542765521,0.238457911022256,-0.372403116124323,-0.73880077303946,-0.0466038033458498,-0.172286084227012,-0.261155910373517,-0.18887147153829,0.321655768760906,-0.194972782923812,-0.628437551306683,0.186745148549637,0.490024440370769,-0.67493785365656,-0.537490804866719,0.403924395987647,-0.101037956718554,0.176289548381781,0.352115378932931,0.831646403199675,0.162716017070127,0.107477781827709,-0.259447438814556,-0.198704557867285,-0.400526230982132,-0.604721341266714,-0.025366333315171,-0.0341144434005319,0.385096153966429
0.0884226987651306,0.157099002080484,-0.315854747548467,0.621940963818625,-0.369294801108893,-0.366140704409982,0.334061328452046,-0.122864199290657,-0.0187747150157271,-0.0160434880164431,0.494997559247398,-0.200838629060367,-0.385233554593551,0.529334421835253,0.49116642095262,-0.626585174347275,-0.100401928492168,0.653706783332142,-0.115275929947973,0.438970756519225,0.319150711484355,0.92620723785908,-0.00131343325550048,0.358573825867342,-0.178674830509813,0.191842709404076,-0.150416183219345,-0.247396713171179,0.289048679375243,0.0938299892102243,0.51007494342185,0.0903375130840315,0.146271487126888,-0.335091796609135,0.660617933081114,-0.445452565801046,-0.320919906615598,0.378895901559224,-0.16377059640075,-0.00372977775799025,-0.0137444911477516,0.496962112567211,-0.261451950634965,-0.36064051129381,0.57650694802186,0.426348490173353,-0.686729366300685,-0.0236754720540172,0.666001176031084,-0.195323475099207,0.453086496852109,0.265397970425998,0.887126672016745,-0.114729138250953,0.358734658079128,-0.222582826033217,0.213721756596641,-0.173907660338002,-0.228977987031681,0.319342841945949,0.05843547013356,0.498585296244625
0.0783448761849534,0.141307458113921,-0.330361735538851,0.605704316390618,-0.384920247181149,-0.379059662174482,0.31922491007054,-0.132836140230182,-0.0313509007521553,-0.0251672900995352,0.484326735403526,-0.213398953304795,-0.39404077686957,0.5168563936762,0.477496979550377,-0.642556193970899,-0.109644099190312,0.639379707047411,-0.131288845434687,0.426795271868235,0.311588762237845,0.909840862615786,-0.0130713451408049,0.341610814477747,-0.191415060574734,0.169360455725766,-0.169838372085097,-0.265250653666154,0.277798098656321,0.0771050438539689,0.502818805177609,-0.00971864148731298,0.179002226138557,-0.262373219720912,0.446754432342622,-0.0934923349847705,-0.564259768831431,0.136844558872691,0.0207553837947822,-0.0952635359504523,-0.0402514281920635,0.472217772976027,0.0196294823527654,-0.496715315821349,0.327268045342091,0.726176699404422,-0.412813819573319,-0.418802883452678,0.586625665104809,0.176341607384132,0.363627100395226,0.516936572464829,1.05975833882586,0.424688492205433,0.3353216817757,-0.0270528069916646,0.0772632228735183,-0.0883524676839186,-0.34696650222166,0.150175689314268,0.210764517152696,0.539917041630792
-0.109874437207143,0.0329558540479624,-0.456669157955194,0.503574470697997,-0.495593605747395,-0.527564935676839,0.197522341293727,-0.322535491504196,-0.184647520358387,-0.226722121029114,0.304396529819835,-0.366917288487775,-0.600020833024532,0.362187704917881,0.339482138636509,-0.748399046097466,-0.309544346442987,0.510557437504344,-0.236546067568296,0.267897560494639,0.0882019937798564,0.809524382108863,-0.177805984501793,0.249634251002787,-0.342418630895104,0.154533128100153,-0.227439988206982,-0.344773605561766,0.105971867775784,-0.018199261291489,0.275157340320153,-0.190210647720545,-0.0239710210772529,-0.439594451265263,0.266970317910013,-0.234687413749102,-0.784336174050045,-0.0758135134974843,-0.220197496033333,-0.351755886189595,-0.322389562891008,0.18692988152551,-0.209206872106447,-0.790123783209821,0.0513118369512542,0.527134651576144,-0.5725104790692,-0.697296221437356,0.350179893795472,0.0279780585873208,0.145341042417241,0.227001985481991,0.855222581010532,0.241615444017091,0.157511466727069,-0.213081014293519,-0.0228768604012077,-0.147375067651516,-0.462612186911947,-0.0726582530163975,0.0367056596073068,0.265728149133866
