"q95","q90","Median","q10","q5","Escapement"
0,0,0,0,0,0
674.294390644698,636.123459764029,520.826066072002,427.856061898993,403.884872715857,100
1346.43748987187,1270.28645022546,1040.21711599776,854.804653078446,806.959522220214,200
2016.43444554874,1902.42654482979,1558.25174097756,1280.75908797449,1209.25257252006,300
2684.29039459237,2532.23071717105,2074.71317651563,1705.67681546406,1610.75603354551,400
3350.0104629915,3160.01360448642,2589.69837642517,2129.60785986895,2011.47106684485,500
4013.79312826436,3786.25372311155,3103.39991372062,2552.55088148743,2411.39883244771,600
4675.30135250299,4410.62461610214,3615.76311957789,2974.50510603039,2810.19633430594,700
5334.43741596907,5033.21406384802,4126.73547812559,3395.64303287494,3208.34416320569,800
5991.46780539654,5653.71745353395,4636.15592102187,3815.9978190264,3605.70028392537,900
6646.22510569005,6272.26840580699,5144.06501237387,4235.28039762864,4001.92165928879,1000
7298.88280884565,6889.22379975333,5650.60950514953,4653.35927609791,4397.4411584213,1100
7949.38645479697,7504.2171434568,6156.17489853732,5070.43038785941,4792.43490343572,1200
8597.74134624791,8117.27104037428,6659.90079668677,5486.52163043551,5185.79339077313,1300
9243.92813749531,8728.45304345313,7162.61772661447,5901.74015806575,5578.2345911662,1400
9887.89366176315,9337.26787439619,7663.72849647314,6316.43317469211,5969.82339225279,1500
10528.5956634102,9945.17244906439,8163.39273810256,6730.21948794454,6360.75386483869,1600
11167.3518423977,10549.9770463099,8662.17389223075,7143.10057806639,6750.8104305521,1700
11804.7367802113,11152.057068291,9160.27464438698,7555.07792315409,7139.99454651635,1800
12441.5883512738,11753.818151967,9656.35457899478,7966.15299916011,7528.3076676979,1900
13075.9753981559,12354.3889353597,10151.108782232,8376.32727989582,7915.75124690937,2000
13706.3181123121,12952.763432172,10645.2754136356,8784.54731665956,8302.3267348125,2100
14334.468900784,13548.2826640805,11136.2962885164,9191.37867685346,8688.03557992114,2200
14960.4334137157,14141.8870762981,11626.1109279861,9597.91912483231,9072.87922860424,2300
15584.2172883416,14734.6220449568,12114.468819216,10004.3346080372,9456.85912508881,2400
16205.8261490142,15324.7880813463,12602.3381160139,10408.1131189397,9839.9767114629,2500
16825.2888314415,15912.2455420963,13088.5236680373,10811.0242399408,10222.3257282902,2600
17443.329241072,16497.151043322,13573.4604493632,11212.9208431838,10603.8537987812,2700
18059.2653391034,17081.2087833006,14057.2004989636,11615.0379987367,10984.5330228527,2800
18673.1024189378,17663.2065137995,14538.6322347913,12016.489490516,11365.5877947547,2900
19284.8457621846,18243.0462381223,15018.4706392944,12417.042504137,11745.646982662,3000
19894.5006386854,18820.4949986653,15497.6387510548,12816.6907900735,12122.4743448106,3100
20502.0723065383,19395.6334925825,15976.2401032068,13215.435864195,12498.3720649008,3200
21107.5660121228,19969.0920787321,16453.4306766727,13613.2792401195,12874.6202553932,3300
21710.9869901237,20542.6462351695,16929.2143012107,14010.2224292166,13250.0213813296,3400
22312.3404635559,21113.8639042985,17403.7270709142,14406.4649666263,13624.5723806477,3500
22911.6316437885,21684.3043193743,17877.7147892378,14800.8305401418,13998.38192317,3600
23508.8505671947,22252.212685449,18350.4418082294,15195.5259472809,14371.3524967218,3700
24103.9507702645,22815.9296101055,18821.2724001755,15587.0742540344,14743.4830381819,3800
24697.0002316247,23377.6413912748,19289.71558211,15980.4325457961,15114.7749472716,3900
25288.0041371293,23938.2979471809,19756.6824425279,16370.0719752931,15485.2652797529,4000
25876.9676610373,24500.0217348972,20222.9121667174,16758.7346564314,15855.7400866594,4100
26463.8959660366,25060.6970950783,20687.781762129,17146.5894172544,16226.2754725669,4200
27048.7942032688,25619.6715048785,21151.3126312715,17533.4752329207,16596.0845323084,4300
27631.9311145002,26174.7643930871,21612.849996759,17919.5964233541,16965.1519814398,4400
28214.8407805458,26727.3999460076,22074.2277585651,18305.9997334074,17333.4689740236,4500
28795.8200579051,27277.4095324441,22535.0710429804,18692.0265655517,17701.0366379236,4600
29374.873623772,27825.9745532328,22994.1454340028,19076.1610085499,18067.5638879766,4700
29951.3986273716,28371.9541408195,23452.0189508205,19459.4748787159,18429.5461984562,4800
30523.3900716601,28913.6411558436,23909.303421353,19842.0437468733,18790.6216289954,4900
31093.3494775329,29454.1870035325,24364.954921892,20221.4496982178,19150.7918511482,5000
31661.2821032818,29993.5991218774,24819.5605908864,20599.9219204169,19512.6964757782,5100
32227.193195187,30536.3908373904,25273.1642293062,20981.9986054185,19874.0558518449,5200
32791.0879875429,31077.1044351066,25725.5488767043,21363.2601900674,20234.6213512845,5300
33355.9851681967,31615.7847988595,26175.1403259958,21740.1921370873,20594.5000072439,5400
33924.5167821084,32149.1211686813,26624.4534811611,22118.0928397669,20953.6075699387,5500
34493.3567176351,32684.9722208938,27072.0926102434,22495.4634499084,21311.929319763,5600
35060.5513403303,33219.1584675556,27516.4365735648,22870.127206028,21669.4665207123,5700
35621.0938090562,33751.0337469446,27958.2546224146,23242.7463943996,22026.2204349839,5800
36177.7139339212,34279.2902658677,28402.6426711584,23614.4660117057,22382.1923229789,5900
36732.3199061053,34805.8131840899,28845.5155703329,23987.5611663911,22735.0659852557,6000
37285.0681758309,35333.1740955682,29285.8316010052,24360.0408895067,23087.0657866186,6100
37832.9321305509,35856.665473957,29727.0466113815,24731.7759289516,23438.2149405543,6200
38382.7323105008,36375.1118278313,30164.2498462155,25103.4370952748,23788.5149531753,6300
38930.3114929798,36893.1593417562,30601.5587343155,25474.7132633248,24141.9135219245,6400
39473.7973068474,37410.6179071465,31038.0792210442,25843.4636814591,24493.1879599409,6500
40017.0044517965,37926.3555021241,31470.3814332185,26210.3533524133,24844.3942185184,6600
40560.4093926845,38440.3450045437,31903.5995898887,26576.7814840018,25194.1771504916,6700
41103.2527005943,38953.4608112006,32335.320373339,26943.0600363105,25540.8986634846,6800
41641.6305821968,39465.3441451735,32767.7064536378,27308.4795198061,25886.8843500566,6900
42178.0748634842,39975.5882406417,33197.9019457629,27673.0414056083,26232.1471001381,7000
42714.5787589643,40482.9173732199,33626.1162363191,28036.8131844494,26579.6098944202,7100
43245.1610661313,40988.6609826222,34050.4785048969,28400.2516420617,26926.7408130005,7200
43775.916998012,41489.9554376576,34474.2737248178,28762.5566954446,27273.1432656907,7300
44302.9296654896,41992.1122019208,34897.5821932835,29123.8157881939,27618.8275206733,7400
44831.1956515777,42492.5854141142,35320.8629881938,29484.227066555,27964.090545728,7500
45351.279448342,42991.3791299758,35743.2569429747,29841.8938214802,28307.9699766754,7600
45873.5918954876,43488.4973966468,36164.3013818548,30202.5119731651,28648.9230361092,7700
46391.9386106579,43983.8942868357,36582.820766245,30560.3884924811,28990.5705376741,7800
46911.4307415607,44477.5738049015,37004.0622345905,30917.4229795485,29329.1328782477,7900
47435.1189624938,44969.5877713843,37420.3111425634,31273.6168744549,29670.5459722135,8000
47957.0713178533,45460.4705290908,37835.3296304675,31628.0285101663,30004.7473210312,8100
48474.0220341005,45950.891312584,38250.5070635211,31981.443328354,30340.2507396406,8200
48987.0097999683,46439.0841561599,38665.5520905442,32333.9977810319,30676.1095062191,8300
49494.6289208213,46927.190260902,39077.6232393535,32685.6933862827,31011.2569607157,8400
49999.9336631315,47410.2038149096,39486.6459268306,33036.5316598279,31351.0208895389,8500
50504.9905152776,47891.0611704814,39895.6106078775,33386.5141150308,31690.3000870684,8600
51011.6463305733,48372.9593553419,40306.2174792041,33735.6422629001,32028.9198425738,8700
51516.5776557906,48850.8766832791,40713.529276448,34083.9176120934,32366.8810922125,8800
52019.7886713801,49327.6934567113,41121.4195722711,34435.150701402,32704.1847709658,8900
52521.283548894,49807.2451101146,41528.315601063,34787.0775172094,33038.1484253136,9000
53021.066451003,50285.1407983057,41934.0139456894,35133.1172504782,33369.7607396488,9100
53519.1415315147,50761.1998547032,42337.2386779874,35478.3143498695,33700.6314109453,9200
54015.5129353908,51232.1426869573,42740.0148360195,35822.6702967628,34030.8589582518,9300
54509.9680957449,51701.2563159749,43142.4172670334,36166.1865702435,34360.3939192669,9400
55002.0881566649,52168.4440252503,43541.8675392562,36508.8646471063,34689.1935683449,9500
55494.2107432414,52634.020712106,43938.5212155443,36850.0920186308,35017.2590925079,9600
55983.8214029205,53097.9903101437,44335.734370558,37190.1305117961,35344.5916770892,9700
56466.6456695369,53559.5494324543,44731.4128390321,37527.2209699581,35671.1925057357,9800
56946.3632672037,54020.645148984,45124.8829936333,37868.1573471655,35997.0627604102,9900
57424.2967374486,54478.6786129954,45519.7495786379,38208.9969538203,36318.6317509916,10000
57900.4507431698,54935.1016222071,45911.7307561325,38546.5961033477,36638.6177048178,10100
58374.8299365954,55389.9181679933,46302.5613248728,38883.698959372,36957.7996308166,10200
58847.4389593067,55842.8908406417,46693.0798303426,39225.7883006076,37276.1789802303,10300
59318.2824422603,56294.5244580176,47081.8634036848,39565.842239381,37593.7572019955,10400
59787.3650058109,56745.8499052877,47469.9107556466,39903.1182228739,37910.5357427462,10500
60254.6912597342,57195.7212285667,47856.0901585614,40238.0243440576,38231.2887797592,10600
60727.4634546659,57642.8014636828,48241.8810657974,40569.0311362911,38551.9993979306,10700
61203.0472377132,58085.5108789923,48626.4090532655,40899.9597158829,38872.0048777956,10800
61677.0673202422,58529.5895545667,49012.2757018231,41232.0303104304,39191.7820637352,10900
62149.5273253758,58980.5006758604,49392.6996423719,41563.2984476345,39510.9296426296,11000
62613.760304136,59424.3923511432,49771.5809226283,41892.0822957245,39829.3841823106,11100
63074.5056684181,59865.4090359286,50149.8513400539,42216.4372570834,40146.8154557739,11200
63533.5761812951,60304.8908636403,50528.5597266894,42540.3095261952,40463.7010418985,11300
63990.9760892358,60742.2410578433,50905.4980983233,42871.8510351336,40779.5413161601,11400
64446.0836795704,61179.2648921105,51278.7334764293,43203.1666994594,41094.6845839527,11500
64899.2983977312,61616.0748954246,51655.5104067093,43531.0368154504,41409.1319506853,11600
65350.8433392368,62047.7135697392,52027.6161196968,43852.1315268165,41722.8845202233,11700
65804.27946208,62477.5493005277,52400.7365238896,44172.4254043092,42036.1218483768,11800
66253.3177029936,62909.7586060606,52772.5884290747,44495.7947491147,42345.8147046732,11900
66695.5021988889,63339.4054086946,53141.242323179,44816.3579346319,42649.2990590007,12000
67140.4106811411,63766.2206404316,53514.3419017214,45138.3423370814,42951.975624729,12100
67583.6706627921,64190.3514254656,53884.5377346152,45459.7888211368,43262.1810279024,12200
68025.2863705444,64614.1512576734,54252.9882012473,45780.4484194092,43563.7466209187,12300
68465.0941678846,65036.8930187931,54620.7820076823,46100.4851323569,43864.9676163999,12400
68902.8816395088,65461.0486257876,54983.9070701781,46420.0074559412,44171.7533841097,12500
69339.9561978255,65881.1575499614,55345.8900483701,46739.414346816,44480.33819243,12600
69774.8826236801,66300.0170687957,55707.3188500586,47056.0717298742,44786.3768269829,12700
70205.9231746079,66720.1791364294,56070.2501505484,47376.0928674806,45085.5934587093,12800
70632.7544200211,67142.2645474404,56428.0814958562,47695.1896190348,45384.2941790829,12900
71057.9103843087,67562.6206094009,56786.7910865017,48014.0222788468,45682.670387676,13000
71481.3955668924,67976.985150255,57142.9017552643,48331.2217053298,45981.9441630377,13100
71903.2144566728,68388.3829909844,57500.4462681888,48644.0616582888,46290.1987476475,13200
72323.3715320522,68797.6282305851,57856.1359532195,48956.1688919947,46593.7188339017,13300
72741.8712609573,69205.4098900477,58212.4522061987,49267.690493333,46889.981756974,13400
73158.7181008623,69611.7315721736,58567.9602249887,49578.8504152118,47185.6224020147,13500
73573.8197049591,70016.5968720341,58918.1497215793,49893.2220220472,47480.6892013137,13600
73987.0727989897,70416.4879093147,59267.290624648,50208.6540941243,47781.3697126216,13700
74398.6829495861,70821.9415882433,59615.795696152,50518.8590136077,48084.6124108316,13800
74808.6545922794,71220.9609184895,59964.0898361381,50820.3544594877,48378.6095481563,13900
75224.6582789381,71621.8644357039,60315.5747562508,51121.0032859526,48671.8850085983,14000
75648.7188993873,72014.6267204661,60664.4187260275,51425.1213977743,48967.3555095853,14100
76068.6419851512,72409.2804801583,61012.4404269487,51732.4894526698,49260.9282772194,14200
76472.7088543264,72802.486324409,61358.8525989492,52038.9620988116,49550.857766898,14300
76875.1627562472,73199.6672895061,61703.4208775351,52338.1025309435,49840.0562579076,14400
77275.9010501585,73593.0566815505,62050.5859449139,52643.8320851167,50128.525047001,14500
77674.6123941267,73979.8719366929,62394.0265576351,52943.2963255216,50418.6763480828,14600
78083.9778350665,74370.6091779641,62735.2372406863,53245.4226528314,50713.4811841071,14700
78491.8682285056,74759.9503402033,63076.0068978089,53544.6934392763,51007.6491937112,14800
78898.2871947477,75147.898823589,63415.653608819,53843.5635362716,51301.6998373703,14900
79303.2383463669,75534.4580210962,63754.4802077364,54142.7515416272,51595.3799571674,15000
79706.725288224,75921.6775597726,64092.1564879406,54440.706846801,51886.0597030965,15100
80108.7516174807,76305.6777625475,64427.8075450278,54738.5262833029,52175.3328733791,15200
80509.3209236157,76687.8874444927,64763.1513534622,55038.2192861992,52458.825560166,15300
80908.4367884396,77073.535128548,65099.5098672494,55337.0448988673,52741.6054531387,15400
81305.7652936375,77457.3415572899,65433.7171543498,55635.101434563,53023.6738075512,15500
81699.1759037818,77831.9925503892,65769.764638103,55931.751081174,53306.5090812212,15600
82089.3122403224,78204.8429901827,66107.3630965744,56226.5063812129,53589.0716368512,15700
82481.4338442482,78576.7960690763,66436.7085909473,56522.5362510067,53865.2630349533,15800
82882.8568624128,78947.6164350367,66765.088630359,56819.6674241869,54144.109130221,15900
83272.1511616441,79326.030928476,67095.4223527585,57115.0822502067,54422.5448570854,16000
83655.1546087503,79699.1883738948,67428.4039109645,57408.8243965108,54700.5735596013,16100
84036.6775189452,80069.7292561615,67755.2931986632,57695.6129273295,54979.6087227289,16200
84416.7237192629,80437.8194378205,68083.7342584119,57980.8634150222,55253.728986951,16300
84795.2970281647,80804.1256059234,68412.3595809896,58268.9851474611,55529.1053185638,16400
85172.1860083393,81162.1716750009,68733.4471446216,58557.2906492404,55804.3485361619,16500
85547.5197713311,81518.8763526555,69054.732686526,58845.4490853782,56083.8702692099,16600
85921.3893643671,81889.818186684,69372.1581651282,59132.8924190586,56364.0906245848,16700
86293.4827540608,82246.1505671124,69693.7763579113,59419.6091804974,56644.0073950443,16800
86664.0884587138,82595.1049612388,70015.4691021389,59705.6006467655,56923.9608528734,16900
87033.2384465275,82966.1673946891,70337.0290930179,59990.8680929735,57201.4161152742,17000
87400.9365091035,83335.4999750312,70660.0492142498,60275.4127922738,57474.9223759336,17100
87767.1864294995,83698.2552188142,70984.4205594208,60559.2360158639,57749.4105218593,17200
88130.5688228913,84055.4963452142,71302.1184294967,60842.3390329885,58025.5416418845,17300
88489.6401350601,84414.3621164338,71612.9807330597,61124.7231109433,58301.0450673127,17400
88849.5436429432,84767.6385951784,71926.8522597377,61406.3895150767,58576.1624963054,17500
89199.3877167626,85112.3822785091,72240.3969106058,61687.3395087935,58850.7392437992,17600
89552.706782438,85455.8410876836,72554.1830010834,61967.5743535572,59124.6942898,17700
89914.4932945295,85802.747234427,72867.2170967203,62246.6842360253,59396.7894395864,17800
90277.8419966004,86154.0285292799,73177.1693932577,62523.9059941913,59664.0625753363,17900
90639.8300772099,86502.0601833092,73489.4656311513,62800.4023301548,59928.9511867904,18000
91000.4609105371,86836.7650467754,73798.127902694,63076.174552237,60193.449105078,18100
91354.1487443328,87178.7048712782,74106.0446089033,63350.719365269,60462.6154744733,18200
91705.4199974973,87530.4710842901,74413.2641394664,63621.0947686864,60735.0293426084,18300
92055.2930689504,87870.4142512449,74720.2494056454,63886.1265839169,61006.8488937688,18400
92403.7716009126,88221.549449573,75026.6173986712,64150.3676214627,61278.0750347138,18500
92753.5216712041,88561.9755179482,75338.617438021,64416.2568351212,61549.1005627743,18600
93113.8104560923,88899.8534106047,75640.7431832047,64688.001009632,61820.0041594973,18700
93470.8038459722,89237.8267535955,75942.1339598205,64959.4119391648,62090.3429071836,18800
93823.6307431425,89583.501965353,76241.7987513576,65231.4275851219,62360.0994635194,18900
94180.0366261348,89917.3993132298,76540.9263302827,65510.1957882094,62628.6509997328,19000
94521.3009015609,90248.1782369006,76843.2622612752,65779.6052981281,62896.8305765603,19100
94860.417280059,90575.9131623141,77138.1732653748,66045.6247380374,63165.2184571512,19200
95196.0054582239,90903.9667844144,77429.2953974942,66311.3216759643,63432.1176807826,19300
95531.5170400646,91231.4511797669,77724.1126169348,66580.6282298152,63689.0486461138,19400
95871.3135319768,91564.073733663,78020.1599088664,66842.6422437501,63948.96441596,19500
96207.1694896501,91887.5175711989,78314.0305834409,67108.481013626,64207.5669858247,19600
96538.0128888067,92209.7037688453,78604.7621447424,67373.6232221352,64468.1759468478,19700
96869.9631156731,92533.604389383,78897.9195007558,67638.070116245,64728.7182898836,19800
97200.5754111856,92856.9263953177,79187.9904941109,67899.5752734305,64973.0580458497,19900
97529.3509099461,93179.0251482141,79476.6150998506,68152.2399244484,65217.6183808147,20000
97860.0065725816,93499.366853885,79772.4720342385,68407.6716518285,65468.3970264378,20100
98192.9274409277,93818.1002401807,80059.4353635536,68670.2764634454,65729.7015392381,20200
98524.5663000905,94135.6131040204,80344.2942115761,68934.7323232106,65992.3863758738,20300
98854.9263482546,94451.908475651,80623.4830312468,69198.5866581683,66254.513210645,20400
99184.0107767325,94769.5789113317,80912.0761719687,69462.1805493313,66512.409809929,20500
99507.9859622618,95103.1109094268,81199.2950355771,69725.1193613582,66762.803799917,20600
99839.1857385042,95421.5583008755,81479.6992400127,69979.0835161427,67023.4524716985,20700
100161.360794605,95743.1948148047,81763.6615487569,70236.9808009569,67279.4670273643,20800
100470.232821234,96067.5980086764,82047.2960523037,70493.4763986759,67536.6472300671,20900
100795.025773287,96376.8408761364,82325.4035319215,70749.3525420576,67793.2587712755,21000
101128.830880354,96686.6092030011,82606.666967244,71010.7946183191,68050.0216212391,21100
101455.311712478,96995.2193492884,82885.2671971677,71262.1214222403,68301.8498347345,21200
101774.666594028,97293.3014971381,83160.8943027624,71517.892343156,68541.0997464659,21300
102089.034400386,97585.3125531701,83435.3783942918,71769.5937879051,68787.7599885121,21400
102394.690281308,97892.2884862497,83710.1883058458,72020.6726903352,69031.3276456965,21500
102698.659526764,98199.0703642284,83989.4120305794,72271.8290749726,69271.5427734805,21600
103001.323420454,98492.9805565949,84264.73145918,72522.4968412798,69511.103918809,21700
103302.394908153,98798.5286074858,84541.9622304018,72767.0026530255,69750.1014784158,21800
103601.897887411,99094.98202577,84819.3966333283,73011.3362207152,69989.0537102141,21900
103906.80140553,99390.1945903091,85093.1672729428,73263.317039432,70227.3603231612,22000
104198.241769025,99685.1501862187,85363.5347906696,73516.9304457987,70465.2942695503,22100
104500.536547808,99988.4110027729,85626.9576684226,73760.0819324626,70710.90942378,22200
104805.997679266,100295.05670714,85891.5289662402,74006.0974354103,70955.9409952407,22300
105103.114099774,100598.716357074,86154.7256330921,74255.9946868112,71200.7517348321,22400
105390.0665074,100904.693445183,86422.1523183421,74495.9383513166,71430.6484696433,22500
105676.8517892,101195.590594649,86698.1928210217,74734.2154835114,71670.9202412976,22600
105973.821161681,101490.688254316,86956.5269349764,74972.1350636753,71911.9020717801,22700
106281.372229425,101775.168276093,87225.4139467618,75215.3080081799,72145.337019734,22800
106585.625986387,102059.938492355,87489.7117068428,75457.4548897629,72376.0926783068,22900
106880.783798243,102340.205450376,87758.1774911602,75699.1931926887,72609.5244405561,23000
107158.358401726,102619.79377466,88023.8240666096,75941.1925771636,72848.6497194155,23100
107442.634281033,102898.217544579,88288.9623989597,76182.5379227231,73088.0825626481,23200
107738.800729866,103176.010744971,88544.7916146892,76422.5689372857,73327.5861562183,23300
108033.793598898,103459.096846201,88804.5694096173,76662.2391380481,73570.346363223,23400
108324.335615079,103741.06508872,89062.8668029436,76900.5081126567,73800.1702363509,23500
108607.576392051,104021.847097905,89326.2291423253,77135.1167622617,74025.9404989063,23600
108913.072224039,104294.200752164,89587.1322003095,77368.0254615446,74251.1619866483,23700
109204.048060102,104565.405911669,89848.1324663592,77604.951694544,74478.1866122526,23800
109481.410463462,104846.326095374,90107.2693625027,77841.2293047679,74712.5334246699,23900
109753.768934711,105118.363702165,90359.938029798,78076.8594732216,74944.5874430826,24000
110029.926238102,105377.704619617,90618.0015619988,78310.6021297553,75166.5504174569,24100
110303.784673643,105638.801425121,90877.7854850527,78537.6713950006,75410.7537890698,24200
110577.31867153,105906.627554228,91130.0328245119,78767.9694500012,75644.9846226792,24300
110847.89241803,106198.267295146,91373.533403675,79000.5453242988,75876.3718558797,24400
111124.553875146,106488.921830576,91621.7957774923,79238.0468855931,76102.4764545527,24500
111408.883756905,106778.593300005,91869.5952852404,79462.5485369201,76317.417872403,24600
111697.556866189,107048.943316257,92121.4720030714,79684.4940310105,76532.132781454,24700
111985.142406636,107319.555090586,92367.3217134513,79919.9046104093,76746.1941043188,24800
112271.642949485,107598.164543867,92606.3210181995,80138.802057472,76974.561337641,24900
112552.33392959,107859.981828548,92852.423990169,80373.6679316755,77207.6771770755,25000
112809.799390562,108134.529172793,93094.851284986,80619.9765249196,77440.6193756432,25100
113066.0592805,108402.591418828,93342.9294727105,80860.9065276583,77667.5242731821,25200
113320.851672108,108646.203057449,93590.9831380058,81090.0333075237,77879.1873514119,25300
113573.504539439,108903.809234827,93834.296120561,81316.7805648626,78117.8445975535,25400
113824.956393672,109168.721939683,94076.5655593336,81542.5358129134,78324.9183751501,25500
114087.674277426,109421.636554257,94318.5808366195,81768.6983595544,78550.2395067138,25600
114349.32616027,109669.415272676,94561.3956798423,81992.5946502962,78767.550109644,25700
114609.842993209,109937.604710887,94799.5649720554,82215.7565333525,78982.8379839309,25800
114869.51149791,110189.784959333,95035.3494894906,82438.2873133571,79197.5245028107,25900
115129.214479296,110436.535516207,95274.0514514712,82649.6521350513,79411.6529638582,26000
115387.34106584,110693.533715332,95507.4101758139,82870.4263993074,79631.5724438847,26100
115652.53818324,110961.0855632,95741.5986148597,83086.1729733617,79852.4870271033,26200
115911.570033734,111213.283681571,95976.9632633581,83303.0959526197,80073.2030163145,26300
116167.892871166,111454.745403892,96207.160081379,83519.7458867075,80292.5577343767,26400
116415.772947189,111694.457385498,96450.949928538,83735.8950164713,80511.7809658337,26500
116661.248466771,111932.597899677,96697.4034928102,83952.0835410439,80730.453130997,26600
116912.705168309,112169.660821498,96925.2206116952,84167.6406556073,80948.6998354789,26700
117163.060356179,112425.047873759,97144.3309218517,84380.0504063182,81166.4788496852,26800
117412.316908653,112664.342141534,97369.6844961186,84596.8654312036,81383.8213649478,26900
117661.710792292,112904.605649235,97606.8816890587,84811.2183275004,81603.2529861095,27000
117914.683802831,113161.907997694,97831.7965638849,85030.6644212379,81823.3189090614,27100
118153.833484554,113417.56924797,98063.4053826576,85253.7116425561,82049.2617079256,27200
118397.104969672,113672.271782118,98294.7582185214,85472.7707483808,82273.636894287,27300
118641.626800496,113926.017815323,98519.3628420988,85691.17211713,82492.3852774723,27400
118883.790651813,114174.280717849,98742.11947305,85901.8965907453,82702.9160574399,27500
119121.594814556,114413.948872466,98961.9816164213,86104.1904384108,82911.3148347324,27600
119342.275940498,114652.117985207,99191.015901704,86303.3363451323,83129.8707349108,27700
119562.176697207,114890.10526528,99420.3470022645,86515.4522589478,83353.433792777,27800
119780.025589398,115127.680571353,99633.0586667879,86736.9703894202,83555.7069009957,27900
120022.719887351,115359.805901425,99858.4503912687,86957.9385928749,83769.0847118693,28000
120260.060113191,115577.979555669,100078.079223602,87168.7629128992,83976.9837174156,28100
120508.902478945,115790.954716358,100296.870658884,87375.7911503797,84184.6188342139,28200
120756.439491437,116024.874514061,100524.651423377,87590.9605535714,84399.9742484336,28300
121002.936724087,116257.907795703,100763.565901729,87806.4711602902,84602.9999776872,28400
121230.566838439,116489.964847495,100982.744764571,88014.0751554225,84809.8276219023,28500
121454.123594346,116721.048098676,101194.345068122,88220.8246196199,85011.6084813356,28600
121669.992639108,116933.978298285,101405.149308942,88418.7255082402,85212.8276405456,28700
121883.2678492,117163.408871919,101622.154831531,88626.2261035457,85415.2537450457,28800
122119.822177655,117396.567125595,101843.305931011,88836.077648069,85616.9002535586,28900
122340.491709703,117632.31154534,102061.379951636,89040.451295385,85817.1654487826,29000
122559.950266185,117848.466235527,102270.280887971,89244.3064638621,86020.8063277911,29100
122784.407040313,118090.890313334,102484.019654417,89450.3971617568,86222.3134602921,29200
123008.617757744,118316.938934441,102685.796329239,89655.0310717703,86431.1592217525,29300
123232.049481674,118539.710830628,102894.088764295,89852.439500472,86634.6589273701,29400
123454.423700574,118745.761065915,103102.44276285,90054.6525454102,86837.6331155322,29500
123675.781991719,118949.656391579,103308.162159026,90262.4221532614,87040.0826685755,29600
123895.020130261,119152.541952841,103518.314729669,90469.6403023894,87242.0084675599,29700
124115.434035429,119358.746227254,103723.297139895,90662.5464619249,87443.4113922699,29800
124358.284495899,119576.144277367,103928.161846124,90870.4068664638,87642.465612275,29900
124599.690600215,119811.841025891,104129.851295147,91075.7398478119,87832.3027004891,30000
124820.304941926,120030.528446747,104327.485977553,91261.3485312924,88020.3127209992,30100
125035.177174899,120237.357944415,104525.875004513,91461.3129817358,88207.7516352258,30200
125255.416908597,120445.627273614,104725.505200678,91669.1007883363,88400.9338610556,30300
125481.327253407,120652.94332042,104928.63304711,91851.5783598306,88595.8420234167,30400
125711.989036924,120873.970927558,105130.064309446,92033.4235157489,88790.2781717078,30500
125944.232938273,121099.45869182,105330.96086868,92222.5251186528,88982.9222499022,30600
126157.736347634,121299.434947733,105528.201226857,92416.2638567462,89177.2072487365,30700
126367.555013466,121499.377306108,105729.650987313,92609.8257633486,89365.6235440833,30800
126574.067258329,121697.826378848,105923.721260406,92803.3423655923,89547.1103669546,30900
126787.933056487,121895.322929795,106123.862779224,93000.4624817009,89729.1306097207,31000
126995.432131562,122091.86950941,106326.759657778,93191.6179334501,89910.5852384236,31100
127197.937266394,122287.468662411,106528.009735358,93378.3553400502,90091.4753482241,31200
127405.697394567,122498.527945729,106722.405757594,93569.0635490364,90271.8020324692,31300
127600.003161943,122695.652340814,106919.146535341,93762.7584015976,90451.5663826952,31400
127793.30916827,122890.255482261,107113.739055159,93965.7500021614,90630.7694886302,31500
127995.770418361,123083.926811609,107309.46300681,94175.8575686048,90809.7338261134,31600
128188.148803494,123279.526313559,107502.247269332,94371.1272992584,90988.5115509502,31700
128367.256490532,123480.0236249,107703.061590484,94560.6119997237,91172.3166184242,31800
128556.591289698,123672.378423057,107894.956663432,94743.6201717893,91356.5214893214,31900
128744.410617085,123874.383321625,108088.608933194,94920.0913411658,91539.0582538056,32000
128936.306771848,124071.326953029,108272.672619408,95120.5164374817,91716.0070861866,32100
129151.020821282,124273.201083151,108466.861378996,95293.6322503042,91891.9166103634,32200
129359.581015219,124467.340043969,108662.774582661,95461.0658732758,92067.2795655977,32300
129547.558147285,124653.891555378,108860.157246131,95640.143054692,92245.4609991932,32400
129715.525597572,124846.200569471,109039.530517503,95812.506264945,92436.2472810389,32500
129899.388282476,125054.456160797,109228.750135803,95998.8375449834,92622.0513619995,32600
130088.238777666,125258.921251787,109415.151751728,96185.0226315383,92796.3506430488,32700
130271.46599292,125436.120314416,109598.87624939,96373.1052941241,92981.0599142727,32800
130460.9489359,125631.724802062,109781.661031748,96560.6711671343,93162.3982298319,32900
130640.991915545,125826.402294142,109974.693845016,96739.9996887139,93340.2667807613,33000
130820.671246617,126021.46638607,110162.639204914,96922.7107855612,93517.6161687817,33100
131011.259316726,126216.870435744,110342.493957655,97106.2967528118,93694.447338083,33200
131210.16421911,126411.435752489,110526.218364468,97286.3197341725,93870.2583566074,33300
131407.465166608,126600.089868938,110697.837974404,97472.1605391346,94040.7808493736,33400
131584.02985354,126791.156157582,110884.051051796,97656.1929253728,94210.1691842686,33500
131780.963399761,126976.288739071,111064.49422852,97832.2418480796,94383.1712887769,33600
131975.556580039,127166.283187056,111247.514076537,98004.1620894338,94552.8295224072,33700
132172.758123581,127359.256959832,111433.861062745,98183.0766536553,94722.3508159713,33800
132348.884125919,127547.697539918,111610.704725846,98370.8347023456,94901.1799032109,33900
132524.091839154,127735.305443757,111781.500513412,98551.108188751,95074.8362581885,34000
132698.264313014,127922.082717508,111960.766611598,98721.279313158,95255.6520311477,34100
132870.063955783,128097.503799378,112135.872572058,98889.601783713,95427.9725718288,34200
133039.152087789,128254.460487442,112310.280789652,99059.145360104,95599.787508158,34300
133209.06232426,128429.240579231,112482.903688198,99230.720431486,95771.0977567744,34400
133378.37723592,128611.374860305,112652.287120194,99401.1391271775,95942.3238080664,34500
133548.125464642,128793.761666991,112826.789338871,99571.8744519949,96104.3461084807,34600
133716.834976808,128971.759720012,112999.693534965,99741.2220465016,96272.7849669335,34700
133883.998476775,129150.740527241,113169.388114542,99912.2000725341,96449.5752568738,34800
134050.264066822,129328.097797796,113342.402172631,100086.961084568,96618.3080023754,34900
134215.63422645,129506.06149352,113506.893942697,100261.204652866,96781.6549811666,35000
134401.344171425,129692.299492074,113665.381073708,100434.985869827,96942.1247211468,35100
134588.433458069,129863.471846442,113854.934038283,100609.849190752,97107.8316881058,35200
134774.695526669,130031.800341337,114013.04964909,100790.632419137,97270.3532755205,35300
134960.132386612,130203.511516535,114180.617840338,100961.785072349,97437.740779775,35400
135143.797556551,130368.091186843,114352.54997208,101129.490003273,97607.6353580385,35500
135312.862526086,130531.202440897,114513.751250435,101305.770132467,97777.0503464252,35600
135481.070079405,130700.115151067,114677.029175559,101478.319553076,97945.9865818936,35700
135646.217257249,130866.253489683,114852.10510528,101655.290450727,98105.5548243247,35800
135806.241087729,131019.546790615,115017.074056953,101819.233792744,98264.4029614296,35900
135977.648227924,131173.992810253,115179.225694604,101982.782969557,98422.7446211257,36000
136143.147375825,131334.337704445,115342.093840312,102152.190284117,98580.580771682,36100
136306.725674926,131479.596626352,115509.820868193,102320.835297829,98737.9123797946,36200
136468.921975142,131643.016929025,115674.309941121,102483.837253163,98895.4513317248,36300
136629.993654536,131816.134255959,115839.283494726,102643.591847194,99052.1947489415,36400
136788.926113474,131986.08459811,116001.618906778,102809.09114181,99208.1102085927,36500
136937.230717637,132158.98193556,116161.80291579,102969.283792742,99372.3486374032,36600
137066.437514853,132323.66862431,116315.582998898,103133.069951338,99541.6639635912,36700
137241.707355067,132484.565751532,116466.888942759,103301.425996076,99721.2232085158,36800
137416.186712502,132630.415533938,116625.525984608,103466.691450205,99880.0746153157,36900
137575.344123634,132768.765808251,116788.636790724,103630.408990371,100037.637782085,37000
137729.339196858,132925.870838769,116949.284558063,103790.704734127,100195.428347129,37100
137889.999581738,133072.447263305,117106.691881038,103937.817868688,100352.023586191,37200
138049.190479737,133229.542670236,117261.830607423,104097.292957345,100501.748448612,37300
138197.287941931,133385.65666755,117415.880754845,104254.331840656,100651.108215719,37400
138360.606698211,133540.99888867,117560.543072001,104413.336950802,100802.088872318,37500
138518.275871591,133695.571303289,117714.873556477,104568.344947713,100956.802637031,37600
138655.08708889,133846.756039023,117864.345319208,104720.89147032,101113.994981827,37700
138800.039039113,134002.414570889,118011.265758712,104875.392865645,101260.64613109,37800
138949.046020701,134152.745315373,118168.50159957,105020.060344532,101411.507214482,37900
139097.922907542,134305.284957561,118323.417711983,105191.926186934,101587.638828585,38000
139245.99505024,134456.439599333,118473.002504978,105354.983923449,101737.64030018,38100
139392.850068798,134593.767298915,118626.578044543,105507.409762274,101878.609753542,38200
139540.119621329,134744.286833935,118775.461516946,105658.910903042,102007.957873087,38300
139709.002955486,134907.22537306,118922.884276877,105813.380111941,102161.238159522,38400
139835.5548822,135044.076564332,119076.926711613,105957.167774021,102308.608975687,38500
139994.167408009,135174.744754375,119216.089649965,106092.795600989,102464.677537471,38600
140120.76943435,135314.653627832,119367.388608295,106230.461679209,102626.794692841,38700
140257.687958983,135449.263645983,119512.777120421,106381.42100134,102786.725036004,38800
140414.927867669,135575.513144511,119657.389061276,106534.543998618,102943.676934018,38900
140565.662714229,135699.632610873,119821.073124501,106675.062567477,103092.358345461,39000
140712.824883356,135818.472942032,119962.060295444,106812.369521726,103240.575754026,39100
140870.533002347,135956.001891535,120106.10993822,106957.246029563,103382.645102928,39200
141027.079898094,136100.846744937,120253.627427991,107099.669172518,103534.117059743,39300
141179.714890822,136249.94103888,120399.354431884,107219.361794748,103677.36713663,39400
141297.200386614,136398.320119883,120536.335980113,107354.356857108,103819.008360075,39500
141434.286183315,136545.985744683,120676.25744373,107504.558901748,103961.098380133,39600
141580.405159594,136692.875952111,120815.917837613,107646.068196813,104102.821940768,39700
141711.999220919,136810.154249333,120960.283641888,107790.96105422,104244.199194108,39800
141835.829740825,136947.382479376,121101.610015042,107937.022390516,104385.109532231,39900
141958.876943306,137082.193776479,121248.809575157,108084.259808361,104528.670204916,40000
142080.118234661,137214.668601376,121377.025856452,108229.238606392,104693.414086139,40100
142200.382211137,137346.064801553,121506.115320451,108369.632819139,104836.611435587,40200
142333.551708916,137484.126777586,121640.123056601,108513.619570243,104983.062529787,40300
142482.975924722,137620.435114715,121776.547034529,108661.581072289,105123.968989636,40400
142631.594109811,137751.875839613,121918.281900018,108804.740984915,105262.195268297,40500
142759.185469708,137876.090201778,122055.577354469,108941.049416933,105391.91144289,40600
142876.372741129,137998.355869893,122196.44634666,109084.135274913,105525.174898399,40700
143015.943144694,138135.95636025,122325.358496703,109218.024161496,105657.677058426,40800
143140.554058846,138266.412010056,122460.997680231,109351.816781841,105789.71009006,40900
143264.931016007,138409.637527333,122600.302664255,109504.015176142,105921.898651245,41000
143424.708242061,138552.18725737,122722.945088258,109652.122356461,106060.646781976,41100
143542.451187611,138694.062817511,122858.422122345,109794.723594772,106201.189799922,41200
143669.721380721,138826.866766941,122989.65525922,109931.053482151,106341.292616294,41300
143790.200734676,138958.48138992,123110.829036584,110070.261588815,106480.956032771,41400
143902.538811092,139087.961470298,123231.368840625,110210.331111481,106620.180849798,41500
144029.617643839,139197.929204014,123359.986245611,110334.524346104,106755.463556915,41600
144155.952978218,139303.501947184,123486.330386948,110459.053646504,106886.055821712,41700
144280.025599597,139406.787503755,123623.795787309,110579.645642017,107016.192602339,41800
144406.963452958,139519.86271186,123754.845474641,110734.906592064,107145.487361001,41900
144501.178020552,139640.184505596,123878.230511495,110880.210322133,107273.133004834,42000
144612.691722627,139764.689301195,123999.567606606,111013.746330851,107400.193057601,42100
144730.247959728,139891.284015559,124129.209820641,111137.153904715,107528.060599782,42200
144854.306072239,140027.960033726,124257.813014501,111255.524323458,107668.633538402,42300
144972.895074325,140139.53285549,124381.065479194,111380.299260721,107796.097609902,42400
145116.041892126,140246.052556742,124500.14212014,111502.89995738,107921.314052455,42500
145223.474148417,140358.51733386,124623.363993873,111627.641704655,108046.753633899,42600
145347.768208679,140463.482264171,124746.020460296,111742.885738723,108171.424690762,42700
145476.216196989,140596.326804317,124865.180743336,111874.155277446,108292.01830318,42800
145607.715891839,140702.449790316,124997.854607287,112013.321580988,108411.998280951,42900
145728.291834397,140822.932151416,125112.206726666,112143.563792953,108542.420248662,43000
145841.669278177,140959.171596069,125225.193971803,112272.436136605,108665.351963934,43100
145953.257306168,141100.840533613,125344.402353945,112401.468894382,108785.906930297,43200
146056.684777778,141200.488737549,125464.555914579,112533.354531224,108902.652333212,43300
146159.647314719,141315.898875416,125578.109024112,112651.068831472,109020.413471178,43400
146274.519265791,141427.749312114,125693.413382344,112759.833942684,109141.677758202,43500
146391.358756996,141506.858824326,125806.010461378,112886.478101692,109273.332170047,43600
146511.342936019,141610.09920023,125922.482348098,113020.365518777,109393.598736092,43700
146616.673421395,141682.272672422,126037.140506889,113153.527503341,109504.40114927,43800
146730.221939787,141768.740392709,126162.295974442,113302.13832923,109632.626399807,43900
146842.140619066,141910.532913855,126281.596265574,113431.537151521,109751.865475606,44000
146927.059165215,142028.962591108,126399.396017359,113549.409001546,109867.938975757,44100
147017.146286113,142119.590025633,126528.342921179,113667.895459871,109986.829506123,44200
147124.782722428,142210.847741278,126653.608301382,113783.156220903,110106.269667076,44300
147238.647165883,142300.768709286,126765.09932392,113894.417475051,110225.980479778,44400
147338.704091687,142390.583899139,126870.462034554,113997.727256136,110347.020868255,44500
147435.226606248,142498.66833582,126976.812051106,114111.540618082,110466.122966216,44600
147560.395933667,142601.975982467,127082.844716141,114236.347462477,110584.79767972,44700
147660.920627813,142705.284770447,127197.919695846,114354.782325945,110703.113077018,44800
147757.951480035,142806.223386539,127308.708775484,114483.570057962,110816.763297672,44900
147861.764580535,142898.988477913,127415.505765667,114583.75242761,110939.327771841,45000
147954.508306145,143000.371791173,127529.820575431,114705.154611096,111047.544859468,45100
148079.790083976,143111.930330985,127639.319110829,114819.77374798,111149.837489761,45200
148166.829684294,143219.663404696,127749.532749168,114931.801470312,111258.469010441,45300
148252.060854983,143309.641358722,127858.957394342,115043.377917587,111371.355532627,45400
148336.621378062,143414.808118941,127965.22859205,115154.504033163,111483.815711633,45500
148422.610395349,143516.509523406,128085.941598176,115264.784919625,111600.368420632,45600
148554.086555219,143617.592372579,128203.436801881,115377.192932844,111725.662493591,45700
148644.934370864,143718.058279711,128311.90541525,115494.116239634,111855.75668824,45800
148732.223570543,143817.567846384,128408.748937956,115599.328113071,111976.364237248,45900
148819.632382701,143924.851007418,128520.434688302,115713.83603573,112090.623281944,46000
148921.076925224,144027.601745313,128627.802461863,115831.645833359,112204.426101304,46100
149021.865520418,144108.235796413,128727.417591231,115942.346501636,112316.535332427,46200
149114.607833538,144201.861998605,128833.738785564,116047.923546626,112429.137369084,46300
149181.76294705,144284.488480037,128944.560819828,116151.023355157,112536.899802206,46400
149266.019821355,144379.584722375,129041.836091782,116264.337331744,112651.657091598,46500
149370.949368939,144455.923670358,129142.228394588,116374.808137731,112762.298678645,46600
149475.264344719,144547.630444475,129248.621359195,116476.742755986,112873.414484034,46700
149564.110316227,144643.939979423,129347.361328204,116583.415563694,113003.392900882,46800
149674.589880842,144759.781352885,129454.476213216,116688.763470628,113133.942580542,46900
149783.830179577,144867.454489298,129554.078733923,116793.446327934,113253.586292698,47000
149884.286075549,144948.935786222,129652.596038294,116889.147080076,113371.630926969,47100
149961.994007387,145028.401576208,129760.988844136,116980.59459203,113489.287057007,47200
150058.942934866,145141.525062817,129864.495959871,117073.546164882,113593.147286147,47300
150143.726600061,145234.797830756,129966.0585287,117165.89719119,113694.523875889,47400
150218.51118969,145332.66057631,130064.970464065,117257.380911898,113795.484468509,47500
150292.248411602,145429.073041014,130174.963424608,117357.765671119,113896.115080132,47600
150364.826449242,145509.759320474,130260.661974659,117469.398740237,113996.363002224,47700
150436.778361468,145587.459697717,130353.603082805,117569.634885618,114075.526753311,47800
150511.26983414,145655.404256953,130442.570941551,117670.724036645,114175.525439357,47900
150617.396798944,145725.046431568,130536.974014876,117771.205178343,114294.63105142,48000
150715.710943263,145821.352900742,130639.613515548,117880.010280274,114395.633607408,48100
150790.281007746,145902.583745342,130731.9041527,117981.263148973,114496.997183498,48200
150862.665195655,146009.033749577,130828.409586383,118103.093866448,114602.897943206,48300
150934.437150981,146097.430046251,130930.484525715,118201.993936754,114708.592556082,48400
151005.598639015,146185.293018916,131026.125274399,118302.47648279,114811.413404593,48500
151076.151420978,146259.650131094,131113.490809978,118401.691627679,114919.174847271,48600
151148.304591698,146337.995257277,131213.967597285,118506.465896756,115020.24936687,48700
151215.437891291,146415.911988108,131309.27223641,118592.938505018,115103.175516916,48800
151282.881609622,146482.993524052,131399.630474462,118708.143768134,115201.778746925,48900
151346.395737165,146560.06053628,131474.768224288,118816.556732313,115304.942722103,49000
151420.535308915,146622.713027216,131562.395605852,118922.95541084,115416.643137395,49100
151493.800999281,146692.96035435,131669.39762058,119018.318435574,115517.197122818,49200
151604.1390293,146777.306117578,131763.911566954,119115.574647538,115608.184285864,49300
151699.755185414,146891.505677514,131843.375475827,119214.251902006,115697.90654821,49400
151789.998183642,146972.642808424,131939.8987334,119306.201194913,115786.251740095,49500
151841.13142303,147046.838704471,132035.155883731,119388.0472957,115876.634694033,49600
151900.961899318,147133.573909591,132121.461223045,119476.175320427,115963.649632594,49700
151979.43289356,147194.83714972,132206.774965235,119567.535461615,116045.180737701,49800
152075.887865644,147262.099202193,132286.7247134,119661.000398941,116123.799594845,49900
152135.130512933,147323.460770675,132356.687181276,119750.016565355,116217.901228291,50000
152211.82507946,147401.420414767,132435.350149385,119834.535281761,116306.599266031,50100
152279.238943564,147503.496477653,132525.006070362,119920.185647555,116406.2461323,50200
152301.671132807,147578.839118326,132608.5570878,120017.192380403,116510.717293244,50300
152371.954972599,147666.060271523,132695.92202196,120121.026861244,116602.637722097,50400
152460.327473975,147749.731186859,132770.4409716,120212.34934433,116709.114998238,50500
152532.355036312,147822.559996818,132850.128042837,120324.561465084,116797.26949435,50600
152610.344101969,147876.368864389,132925.531132224,120424.411619977,116888.816204373,50700
152688.383867867,147948.415723555,133005.982221679,120512.483107983,116989.341707729,50800
152775.098521605,148012.083970823,133091.1579924,120601.57756786,117089.637746057,50900
152837.886194217,148073.716688895,133174.305864418,120687.019359927,117181.613611177,51000
152865.868387511,148120.536164033,133259.912051558,120777.139433845,117264.019772223,51100
152944.313559029,148186.900461418,133343.061469893,120860.164522162,117320.717773227,51200
152980.550292321,148258.392023001,133423.203977993,120948.378915683,117414.76801014,51300
153016.214987134,148330.197777493,133504.485257277,121037.320774324,117500.646902437,51400
153099.425643253,148428.413168415,133588.480997297,121116.851738937,117567.500573587,51500
153193.414781066,148480.995673872,133670.859781452,121194.063958299,117655.086667974,51600
153283.704959499,148558.489718081,133740.667512243,121270.697837506,117749.249511544,51700
153350.233808403,148615.229373106,133814.196477223,121363.979337875,117854.778481657,51800
153360.654146172,148675.421589687,133888.439996006,121446.219024553,117966.229411785,51900
153466.257667819,148750.611958114,133959.794916028,121532.801544559,118066.288218987,52000
153550.128866008,148828.857058411,134034.456721619,121610.9782645,118151.00500638,52100
153592.823089387,148905.376106965,134119.498205518,121690.868425932,118220.703158283,52200
153676.977789247,148969.431444689,134202.941158802,121777.042806318,118292.000647408,52300
153745.125936392,149021.474473254,134278.953799321,121858.531468984,118378.080754757,52400
153789.64553785,149068.774684124,134360.104209077,121937.440615381,118449.956949677,52500
153831.790803611,149096.520922688,134427.196133995,122012.996211261,118559.197762594,52600
153896.76089835,149187.904405337,134496.216289517,122095.588737349,118663.404154134,52700
153953.293045682,149277.844879337,134562.320351672,122174.410192729,118736.795900359,52800
153993.047237891,149338.171767922,134623.713676182,122251.965773098,118801.530083675,52900
154032.261268971,149396.806202839,134690.382860688,122330.911980395,118881.147518092,53000
154070.936796732,149477.41034998,134763.53783508,122412.005093657,118954.623838979,53100
154136.56153168,149531.182467468,134833.118697376,122496.232797102,119052.384355427,53200
154201.551371735,149580.76177377,134901.739617885,122570.921659647,119149.804562365,53300
154230.457124101,149622.800567946,134969.497224075,122636.017200551,119224.887910516,53400
154291.263632874,149688.854340764,135039.665862349,122708.557481142,119300.526595888,53500
154365.08332729,149745.253856786,135108.646254005,122791.071768214,119396.319081702,53600
154424.376660055,149800.988426859,135185.399391625,122869.020044527,119467.93657313,53700
154536.890122249,149858.425243897,135255.727680412,122952.573243528,119538.816889091,53800
154577.053757836,149913.199927509,135327.80057481,123038.469160575,119610.050820086,53900
154601.491306699,149976.780759973,135396.427214845,123124.001290639,119680.91529746,54000
154625.402451922,150032.321234275,135459.924758468,123207.725169918,119748.814810914,54100
154654.494312214,150081.217441048,135522.379700132,123287.887671372,119822.193847847,54200
154678.692720309,150127.588256499,135585.990577687,123360.335541749,119902.837810878,54300
154732.298917164,150183.246373512,135655.078617629,123419.353677348,119983.251453417,54400
154791.927988884,150234.163506757,135720.911703043,123493.649302877,120062.501653745,54500
154848.691084882,150289.052055143,135779.782858804,123544.919077059,120141.785596652,54600
154897.083235965,150339.412695048,135835.652841575,123633.431710737,120216.171745513,54700
154921.918304694,150375.983603883,135898.534201269,123694.848677382,120287.880885208,54800
154976.416012898,150399.99434722,135967.746668772,123758.932058309,120353.616290363,54900
155008.850767354,150466.9402924,136025.702199757,123833.613203525,120428.837456343,55000
155052.248211338,150511.541097863,136083.791248856,123914.253423149,120478.169303515,55100
155067.340346416,150563.177312259,136139.546799531,123987.379094325,120563.389296193,55200
155085.227499101,150610.891644538,136191.652612466,124043.512983778,120611.98343305,55300
155168.370600971,150661.381298235,136243.790201094,124099.1459753,120690.164335868,55400
155219.574878537,150727.865243975,136307.290038209,124173.208146487,120749.782977141,55500
155240.620170475,150800.072311231,136373.573727197,124244.76811388,120818.912200049,55600
155286.868766535,150827.700361234,136433.007726768,124293.703748145,120900.008675921,55700
155308.632357095,150863.098654188,136491.105783722,124348.916433324,120985.932711844,55800
155366.165825476,150890.563855924,136544.1187108,124412.11824277,121057.981988233,55900
155394.648845686,150916.021025917,136607.24984069,124455.57594456,121143.016182761,56000
155424.399698387,150954.416757445,136667.015416904,124532.545158869,121248.824299361,56100
155481.104156375,150992.848966432,136736.74266171,124605.306293037,121313.903130972,56200
155535.38719921,151055.482808562,136804.949714466,124655.497474204,121374.953882521,56300
155584.327468571,151107.494823749,136869.591424974,124726.322516869,121468.326808442,56400
155580.015243248,151137.63288164,136921.974382832,124805.204837678,121544.249812349,56500
155615.052924923,151165.079072429,136989.544233752,124883.745996298,121594.73826684,56600
155698.677609536,151211.560346759,137051.891945199,124952.8627077,121661.017442255,56700
155787.040016125,151271.441010226,137127.882706392,125028.237974835,121715.043417553,56800
155829.902724741,151318.552109694,137192.432469096,125081.788171375,121786.052129481,56900
155862.345249898,151368.117784243,137253.48671075,125143.614103914,121873.581348281,57000
155907.254548427,151406.145355181,137305.984764065,125205.657374021,121938.074207007,57100
155939.943645295,151431.950076607,137361.489802876,125268.180160531,122011.977290621,57200
155968.254564791,151479.498872882,137421.87921113,125331.538372973,122060.572359141,57300
155969.875919737,151532.561847437,137471.430916434,125396.631455833,122130.418916146,57400
155986.278740797,151573.673193068,137525.622131636,125484.179996466,122194.83135898,57500
156037.263028173,151628.091668433,137570.036614298,125561.240713862,122263.259148818,57600
156060.757667898,151661.780975302,137634.414916934,125626.90034001,122325.516491344,57700
156067.820541828,151704.621655234,137680.010456974,125698.423402243,122374.810044899,57800
156118.754818164,151747.018054292,137725.080607275,125754.998370827,122435.325710076,57900
156152.224120354,151801.078610282,137774.207312619,125824.689281033,122509.958182535,58000
156199.645889914,151836.942203964,137836.25496928,125879.981152498,122598.727251039,58100
156226.873102908,151882.869143904,137883.214667223,125930.079151156,122658.078167663,58200
156248.613490743,151917.399195398,137936.984949818,125986.51572858,122719.09352339,58300
156272.052947435,151968.407399704,137979.388315571,126036.703229638,122772.332279318,58400
156308.54322106,152018.868807922,138028.028531655,126093.995054395,122815.861535431,58500
156330.501311351,152055.414334166,138078.267666599,126137.833737579,122878.4847208,58600
156339.166831186,152098.028165803,138125.468557443,126199.165220455,122942.944375549,58700
156364.330471816,152124.540407581,138166.271199688,126254.950682715,122994.020136566,58800
156396.834983032,152145.671294534,138209.156667749,126307.275359078,123030.079352733,58900
156426.545091328,152187.818463809,138240.03869818,126369.813109458,123094.543157065,59000
156463.188385185,152207.28302222,138279.751048342,126435.263511025,123158.686936971,59100
156503.141665012,152238.467157835,138316.727793832,126479.03632752,123222.516197532,59200
156524.186763204,152277.382697687,138369.016451785,126543.853596218,123287.833889202,59300
156510.710237957,152317.734898603,138426.001632363,126596.244083056,123349.812688881,59400
156566.44101898,152340.076127609,138470.408356375,126650.779793894,123409.194195374,59500
156624.495531907,152359.90283878,138519.349093658,126715.773761316,123455.288066092,59600
156656.197746288,152380.505063458,138573.550391819,126766.593665107,123514.494735448,59700
156689.885208034,152386.783768226,138618.75188537,126806.93731719,123566.402019845,59800
156718.023124005,152421.383096877,138660.769844418,126853.929389357,123618.942628134,59900
156749.499797483,152437.74764832,138690.5951685,126901.456164256,123675.658742729,60000
156822.64353585,152468.059751943,138721.678428616,126960.849071266,123738.023111643,60100
156823.87720052,152495.635282874,138766.315412498,127004.439409237,123809.086088929,60200
156835.019355705,152526.572336597,138821.609438552,127054.100606076,123867.57986992,60300
156835.300020768,152555.634931508,138873.754279753,127095.309875862,123928.867046117,60400
156826.785999944,152585.825927833,138919.979271124,127160.029024998,124009.11316046,60500
156825.512858765,152626.087106348,138951.892193529,127216.842301261,124071.222622393,60600
156838.472656758,152675.477467071,138979.46109976,127263.691568503,124117.655118722,60700
156833.036054888,152705.181356101,139025.492314794,127328.026540956,124161.29870491,60800
156859.084890275,152723.283050343,139067.897199719,127380.439084259,124211.033156123,60900
156913.049316264,152759.918288556,139093.843230152,127415.650888942,124263.507834819,61000
156938.05259751,152782.457581683,139146.448392294,127456.807600819,124300.693100275,61100
156979.030361447,152806.898867264,139174.578551476,127504.83486921,124336.877256521,61200
157002.516205687,152859.351649172,139216.525529978,127569.362754501,124392.403995582,61300
157014.605918434,152889.772474345,139248.518829804,127615.039539416,124436.064884997,61400
157025.033657646,152903.841895903,139287.910055776,127668.708828157,124496.559197676,61500
157065.809653961,152910.000047535,139327.227673333,127727.412263115,124554.710605408,61600
157108.842986287,152959.832506612,139377.507168498,127773.591805118,124613.271136896,61700
157160.644674868,152997.714134867,139419.947944739,127793.500008324,124672.839546712,61800
157191.90439876,153002.938330784,139471.34964887,127851.819562397,124732.109844027,61900
157232.191882874,153026.471429854,139503.69726191,127909.34670556,124783.705285871,62000
157272.769017506,153048.569975019,139547.681150158,127929.000665365,124822.434378996,62100
157304.152510794,153049.604928088,139582.495361923,127964.4720577,124876.036787398,62200
157352.766123972,153106.095788981,139614.009304995,128008.926281051,124929.280670107,62300
157393.260141709,153165.398287467,139648.750944652,128055.805917967,124964.781719531,62400
157431.171600982,153178.516497999,139678.698979521,128112.727411613,125023.964252696,62500
157427.79635768,153212.029251157,139706.252674484,128143.518594717,125059.06066382,62600
157431.940946665,153239.271075147,139729.586865921,128187.967550554,125090.899641259,62700
157505.916136986,153254.35006943,139758.556056269,128232.041843147,125115.302314854,62800
157560.036093275,153281.970944114,139785.786425143,128269.141980872,125164.604746526,62900
157555.429311707,153287.95295954,139827.954513561,128312.830493237,125205.946860942,63000
157588.603154064,153303.993865808,139848.266547161,128356.210490942,125245.000411418,63100
157619.618313097,153313.665675055,139869.796376747,128401.243295351,125271.742055534,63200
157637.480135515,153328.444299869,139900.9044834,128436.133344068,125322.772815814,63300
157670.962331741,153336.915392246,139937.049856205,128472.956390621,125355.718805366,63400
157704.347664821,153334.91896469,139976.00131851,128512.370437709,125384.802661498,63500
157736.084498688,153376.501176737,140009.660271865,128548.841708671,125418.406117313,63600
157768.014858574,153384.337038953,140038.080157241,128592.484966966,125444.713951454,63700
157782.859847518,153421.591601443,140064.829120815,128634.886303442,125486.030740148,63800
157816.353861902,153406.686513982,140095.472325214,128675.991358822,125529.775106377,63900
157816.688442967,153438.936287931,140126.651826865,128709.794782346,125561.41114453,64000
157802.893284958,153454.596863862,140162.596304221,128747.961391853,125593.775918054,64100
157787.557664724,153477.905303042,140188.950774115,128791.461708568,125639.456189692,64200
157796.986397503,153524.687018573,140204.362923555,128840.868018967,125688.506525306,64300
157799.258977334,153545.757052962,140224.501200231,128864.511148719,125735.223548194,64400
157805.083614419,153572.630913899,140254.910277867,128903.503626748,125764.453716767,64500
157780.644250796,153597.486151437,140292.058819061,128944.219512773,125809.105155592,64600
157760.672224451,153638.252758306,140322.696903299,128969.199536982,125835.742766052,64700
157800.928140234,153663.60377032,140350.842811328,128971.879641738,125876.867419758,64800
157809.210829768,153656.432661633,140383.497008252,129019.631152864,125901.746947844,64900
157852.040848481,153645.327633454,140424.956336942,129050.109927937,125924.994588925,65000
157839.11054563,153657.732370255,140450.164118421,129066.829649148,125954.301487421,65100
157857.453256453,153678.532489519,140471.223970722,129097.735122897,125994.783439349,65200
157897.868583508,153687.96947082,140485.512153869,129138.975595487,126034.401505922,65300
157923.740576412,153706.394100132,140509.452420191,129175.196370153,126055.286094293,65400
157963.99046786,153713.961157331,140538.060068679,129202.6085653,126074.231934946,65500
157996.139630615,153738.004813994,140561.822648646,129223.819632938,126092.442020141,65600
158037.733484752,153744.057766693,140576.760985713,129250.796660819,126138.668108365,65700
158044.229895678,153766.045656638,140617.011617067,129297.017159511,126182.798372109,65800
158055.821403115,153787.937133544,140641.459930522,129317.410235556,126225.735485024,65900
158079.163822633,153795.92126014,140649.497553481,129351.857762711,126251.930757732,66000
158081.311207909,153831.909914119,140669.337285614,129365.294854984,126270.178571057,66100
158103.838239821,153858.176876316,140685.524217866,129393.515873621,126300.838993706,66200
158126.007874668,153853.129329036,140701.369917041,129441.345272732,126340.916884167,66300
158127.382779321,153866.342509891,140718.720022361,129459.589472709,126368.018372428,66400
158129.802796457,153877.105652343,140720.805395086,129512.917181445,126390.619769256,66500
158151.306998803,153900.909385599,140745.394960478,129522.443628312,126406.219900078,66600
158166.957312824,153888.867581884,140777.543357624,129555.640925064,126431.960430412,66700
158147.843697682,153905.905811321,140796.16620862,129556.333206896,126437.262528908,66800
158162.792879663,153912.15951114,140802.008498832,129596.859417541,126465.172521132,66900
158177.65540908,153914.834877011,140815.182855803,129621.5764293,126512.426726539,67000
158192.703899496,153922.566439577,140826.608209433,129630.771790758,126552.452065701,67100
158205.321495762,153948.972337631,140845.618819458,129653.966908184,126578.472912644,67200
158196.760083155,153955.812473469,140869.07734609,129684.995688067,126598.975076485,67300
158227.322039682,153960.122129536,140895.918575278,129710.164206381,126600.624077692,67400
158245.608462665,153989.593149144,140920.437051539,129745.342024343,126636.36167539,67500
158259.100076902,153982.054952641,140934.637722618,129791.381789314,126679.249784907,67600
158273.401701947,153971.635809136,140957.988604326,129812.08315592,126703.858427779,67700
158286.294813113,153983.672263438,140979.999814397,129839.439451068,126726.776680946,67800
158299.047848252,153999.092979999,141005.936105086,129864.101973951,126736.408662919,67900
158328.283247526,154010.56327736,141022.868104699,129895.531215941,126770.356670904,68000
158339.500095237,154013.450965656,141044.55214529,129900.495070811,126781.798013824,68100
158366.60639018,154012.178681232,141054.123940514,129917.479367672,126803.112792089,68200
158365.855661983,154014.583489957,141076.494565214,129929.132307156,126838.905023038,68300
158378.19370237,154025.928540365,141096.905570022,129942.050942092,126859.132140528,68400
158402.903835238,154024.75011531,141110.585390795,129971.106117658,126887.710801475,68500
158414.186437032,154015.910966691,141133.06802923,129991.182883213,126907.062401907,68600
158377.162322989,154009.575230795,141161.756964129,130016.58283777,126927.254403824,68700
158384.512343722,154029.655588535,141178.84038283,130048.687274663,126928.744091384,68800
158413.526517299,154016.999920122,141195.611723384,130063.666681604,126939.051433846,68900
158404.013259875,154029.502371347,141212.845566097,130084.937373258,126958.721843718,69000
158408.737134547,154030.457000373,141235.98025574,130105.953183917,126979.443560967,69100
158417.026670173,154030.382546377,141261.660002514,130115.551894699,126993.990152135,69200
158413.281413738,154027.411428649,141267.604190943,130128.138166152,126976.538333918,69300
158411.925289261,154035.848150506,141283.960962396,130146.883166397,127015.760184601,69400
158410.776973605,154018.903147277,141299.55154534,130173.12514573,127030.890423698,69500
158410.147448542,154020.756678517,141313.539459866,130184.924380832,127057.132721535,69600
158406.639063198,154024.143450514,141316.642717046,130209.697315042,127074.511219848,69700
158426.392820735,154022.94550674,141317.525848328,130235.112829661,127102.297583884,69800
158426.895624412,154039.00259783,141321.412760792,130270.550730888,127122.667876834,69900
158462.62671133,154057.907736812,141329.498052511,130284.632769659,127129.562336319,70000
158504.485109933,154054.501403269,141332.411763231,130305.868647557,127153.460527981,70100
158491.87150448,154042.30870327,141341.436493045,130308.945342104,127175.087847852,70200
158497.539337208,154064.793538997,141335.176969418,130320.698373595,127178.84045542,70300
158506.763464011,154072.151625387,141346.09032597,130326.080138272,127206.813214415,70400
158473.739229417,154086.717038025,141348.151191631,130345.529867081,127234.777744728,70500
158484.808229792,154095.585622294,141357.420157502,130362.557710368,127224.325504083,70600
158488.871802706,154079.02532572,141363.99129506,130371.6591627,127257.823231866,70700
158542.791941486,154098.730949109,141364.225683533,130380.05868492,127267.746877444,70800
158539.759154212,154084.064185756,141384.724265101,130391.753544444,127280.955332216,70900
158517.992573239,154100.515646841,141409.174679429,130389.131770138,127297.68475802,71000
158527.414739246,154131.531194697,141400.395988272,130390.793302962,127298.413498047,71100
158516.952581165,154139.893058597,141398.270788786,130394.512208654,127330.73249036,71200
158497.502658988,154146.465850358,141401.894958004,130411.212136352,127356.609794785,71300
158496.661696743,154147.274137346,141411.700442611,130417.217775873,127365.314531138,71400
158494.79745071,154148.243847434,141426.109747063,130428.346037628,127361.462538742,71500
158460.561445996,154129.965165419,141435.493185996,130455.539617996,127380.636234764,71600
158424.8107465,154139.24382187,141438.33152714,130451.427949875,127396.820507745,71700
158389.962128504,154149.479756523,141433.502435715,130447.128067996,127418.543569961,71800
158352.857753726,154146.282436582,141450.223951472,130477.749709672,127427.038282185,71900
158315.455842432,154135.185407091,141453.381220057,130466.93841924,127463.80626825,72000
158313.479326943,154118.744855006,141466.332243024,130479.88425413,127479.539452351,72100
158327.025967818,154101.301475378,141476.569057427,130501.390851428,127495.029348615,72200
158315.682375785,154078.265232384,141480.851865072,130524.243194656,127509.797191466,72300
158284.35151206,154073.731300147,141480.451763341,130527.153262863,127522.690106149,72400
158258.016612188,154061.612263963,141476.819845846,130530.702023991,127531.047318637,72500
158261.923419154,154051.311965989,141468.292787166,130557.108063843,127525.425209259,72600
158265.53036774,154035.177872664,141462.851698391,130581.659835093,127537.878894207,72700
158268.838262887,154032.582284276,141473.915864291,130590.238759757,127557.607502737,72800
158273.399859529,154056.146406547,141461.038982146,130574.995706712,127579.16727309,72900
158277.887756025,154045.898668265,141448.64310828,130591.859530491,127604.220801605,73000
158259.581151403,154050.571154965,141439.591824586,130599.986088764,127619.280993605,73100
158243.872161087,154067.317130728,141438.992662297,130617.945534553,127630.463261302,73200
158246.33237287,154074.661562296,141445.93418895,130626.731084435,127635.006063596,73300
158249.534233336,154074.313626053,141445.34155844,130631.215051405,127656.784384618,73400
158256.956686619,154070.060750168,141443.261255481,130619.839289986,127668.603985126,73500
158271.445606611,154089.771282251,141431.199433738,130606.775348253,127678.071897642,73600
158286.345430152,154091.177242116,141423.358258219,130595.066864583,127681.913548868,73700
158300.159171628,154090.22563028,141424.640307277,130599.053576928,127685.554284231,73800
158303.890154688,154098.127015969,141423.904529108,130610.474789744,127713.535656635,73900
158305.914693141,154105.64023534,141438.080077278,130608.123221811,127711.054789801,74000
158316.598592601,154098.909316614,141447.505274062,130622.849644498,127721.286532248,74100
158287.313838128,154097.373142774,141440.44209886,130617.236385403,127718.282645824,74200
158265.177580524,154101.418462618,141437.469577316,130619.983957427,127727.436285221,74300
158252.311597437,154101.469535719,141435.439762485,130616.927913638,127734.184603958,74400
158250.424383453,154116.663205489,141436.276252013,130627.929844707,127732.299584014,74500
158266.171647387,154107.830332272,141435.224699801,130629.95886594,127717.621342202,74600
158287.16326909,154120.970296974,141430.63831234,130644.582803493,127704.251393182,74700
158305.677333084,154112.616353598,141420.794772956,130660.26591466,127703.034062153,74800
158290.815026906,154086.386845893,141406.54325544,130663.407547241,127718.796553739,74900
158273.495947634,154074.070864599,141398.262175549,130663.32546673,127702.721504722,75000
158255.479531362,154065.070624666,141397.685854624,130666.658977388,127663.041110929,75100
158282.80095252,154059.891864757,141396.780733164,130656.613876529,127662.936482718,75200
158271.621626057,154032.208340165,141393.924837726,130644.693049322,127652.732653565,75300
158258.352434029,154007.659436537,141391.24657982,130627.674830974,127634.556176637,75400
158228.131613761,154000.889197624,141381.014786054,130608.381321396,127642.140465505,75500
158218.024860601,154035.288063972,141375.540686543,130616.382580543,127629.770420831,75600
158221.922221381,154056.87708496,141362.355933682,130624.430013442,127604.953891965,75700
158212.112752201,154032.605144057,141355.110913017,130622.033052338,127590.846262694,75800
158202.701732573,154019.463604516,141347.4877933,130615.776822936,127582.349700632,75900
158197.715262386,154018.159056217,141328.752642139,130627.91513094,127578.487143865,76000
158214.327771363,153998.607575326,141324.649279303,130624.803217668,127564.962679328,76100
158218.747067526,154021.042574978,141315.687428255,130623.507900352,127555.143294242,76200
158196.145942141,154008.991898403,141310.3658781,130607.523661018,127547.628794186,76300
158173.574866773,154014.419247904,141301.602722875,130606.942755229,127545.784880426,76400
158165.719132356,154002.58286258,141300.367399303,130619.801908278,127539.926138278,76500
158157.928434632,153996.731038527,141295.250015979,130620.314625244,127526.258800789,76600
158152.154856444,153999.865271999,141285.236115126,130613.902478533,127505.676133958,76700
158142.580298289,153959.579600051,141276.977825347,130597.563622717,127491.626167288,76800
158134.297135551,153973.154793451,141278.162643148,130604.402457349,127483.937198334,76900
158099.71289012,153956.559079884,141278.624528188,130597.642376546,127487.098869401,77000
158075.419225131,153958.350663049,141283.050189391,130592.900207425,127480.045383875,77100
158067.342657707,153967.328895247,141284.852553326,130573.155332845,127477.693091962,77200
158043.08890193,153956.305300048,141287.708197326,130567.226735911,127471.726862531,77300
158046.943480381,153941.744149021,141282.55944363,130559.815505297,127446.689978993,77400
158027.179567888,153944.763964075,141270.345090124,130546.914370975,127443.398134199,77500
158054.024164189,153951.395193552,141259.802234082,130547.82914882,127455.056993526,77600
158050.049257595,153952.437892384,141241.418402042,130531.755338289,127429.119891926,77700
158038.458355066,153936.379709703,141239.146867765,130516.765013004,127411.568378996,77800
158042.030574741,153921.976379132,141239.090385905,130514.965520428,127407.026210065,77900
158032.999002114,153925.517425613,141224.496209582,130503.138962962,127406.65575121,78000
158020.529417244,153900.728445136,141203.733683502,130488.718302944,127377.902818413,78100
158009.666623061,153918.039110299,141180.479938227,130471.069417214,127350.278390875,78200
158040.45051147,153909.380516099,141155.670734779,130462.303969266,127342.166399322,78300
158019.625861166,153884.023502887,141140.017874748,130439.112883198,127321.995370776,78400
157977.10055529,153858.250975975,141119.568523755,130429.547542177,127316.253193709,78500
157979.95631392,153839.530278167,141112.104288811,130430.402337097,127317.126199421,78600
157980.35378383,153834.995157085,141097.979923759,130415.442948546,127314.316487498,78700
157986.979346875,153848.204639011,141091.322595885,130406.300002614,127304.999965854,78800
157968.383632146,153857.392292429,141083.680126441,130395.994280005,127287.221190136,78900
157939.269026719,153870.949633564,141071.713817581,130394.912672313,127290.953011741,79000
157906.583925923,153862.569821166,141071.32771554,130400.603882544,127276.890695066,79100
157885.614173444,153839.84896661,141053.097348259,130389.700319527,127259.335192184,79200
157872.103224145,153815.255239633,141042.90439251,130388.782700854,127222.870583442,79300
157858.968753249,153809.02872633,141021.696186755,130375.935189856,127217.683560122,79400
157885.882476276,153813.923536675,141011.614347644,130358.085437567,127207.106231854,79500
157933.208351959,153803.338356193,141008.586281452,130342.583196539,127211.792851728,79600
157921.487612958,153767.539114574,141009.584921972,130321.596155952,127225.221667351,79700
157916.582714509,153769.556771624,141000.725676662,130305.056819413,127221.563150411,79800
157926.437151013,153778.306996437,140999.192048905,130296.221208239,127220.439064104,79900
157911.570502979,153786.398740492,140990.381131011,130283.785939837,127182.429349004,80000
157895.485119183,153772.726592556,140976.423773955,130281.81013733,127188.098301055,80100
157880.712673293,153751.28311291,140950.291755731,130270.071108316,127161.505090614,80200
157843.902606885,153735.646989119,140926.256677772,130286.760294881,127136.434217084,80300
157866.402040599,153708.544658924,140917.179321631,130273.350540948,127111.171354251,80400
157856.580429516,153680.081498615,140911.468431853,130258.764451804,127084.428773488,80500
157810.61182478,153674.562935947,140879.027878163,130260.718047969,127059.752766111,80600
157802.092591132,153673.170177613,140862.998901013,130254.568144341,127033.549367062,80700
157773.092803708,153668.411279919,140854.687307804,130227.068651759,127005.484018657,80800
157792.539448095,153636.019419359,140831.533650678,130197.128104743,126977.73627167,80900
157779.209828415,153615.33425636,140806.012087629,130179.623608845,126950.038192682,81000
157764.254491009,153603.002943948,140781.050771498,130165.038540319,126922.152709074,81100
157768.920504165,153588.307897783,140752.907701536,130165.294807292,126897.645195083,81200
157731.854762796,153567.034884984,140720.243198417,130135.48484096,126878.360521514,81300
157712.55314987,153548.74828881,140708.864355396,130105.008916344,126869.235657138,81400
157721.503621737,153517.722517754,140696.820978369,130075.859009002,126833.236560592,81500
157723.756543583,153466.958112705,140688.070876463,130061.702826813,126803.571002542,81600
157720.694959582,153478.693882804,140672.5028462,130068.257616003,126768.276135329,81700
157725.628346388,153465.81188245,140660.250581334,130070.658750677,126759.031859869,81800
157729.737612274,153471.366169187,140646.433681857,130063.648404276,126755.613106176,81900
157734.953287366,153481.738943431,140646.506638512,130035.704599166,126717.813347898,82000
157741.284839478,153489.097313895,140624.017080869,130001.442541776,126683.158929972,82100
157707.314319881,153453.915005069,140598.912239656,129965.26745822,126699.645662276,82200
157721.406710356,153426.78555651,140580.660816031,129921.614691365,126697.128097836,82300
157735.66789819,153422.84955137,140570.342993261,129891.779658215,126714.756257604,82400
157738.217191046,153413.113854863,140541.384406071,129861.525994027,126685.82822252,82500
157721.544325069,153374.496512328,140515.022024928,129835.545865432,126656.720907904,82600
157703.91566526,153357.038382608,140501.99744612,129832.602318507,126636.699992283,82700
157684.043829601,153346.63496406,140484.409321666,129802.932310577,126635.674197765,82800
157665.747245973,153329.573989917,140462.427401737,129778.500985092,126621.556438634,82900
157649.018919197,153296.333183067,140441.866846413,129754.058896931,126606.709491327,83000
157639.477552215,153292.880736638,140429.962142348,129722.962284086,126563.768675313,83100
157658.284083,153286.189467891,140393.347169342,129709.120321772,126536.393007928,83200
157638.871992502,153253.048914378,140370.857541661,129688.778358673,126508.598917812,83300
157613.810580217,153248.605023406,140334.923131452,129684.122792495,126475.15398519,83400
157588.015756968,153232.876338405,140311.916123259,129694.884245022,126437.502395486,83500
157580.864851619,153195.422096226,140291.922828694,129680.298976583,126403.586421769,83600
157590.281416906,153167.52455808,140273.592625698,129653.038239488,126387.169209067,83700
157599.321526388,153144.087732845,140239.415278172,129623.470575358,126362.632421614,83800
157592.134211414,153153.565856073,140211.225626938,129597.362058934,126340.789277568,83900
157589.701991434,153136.329993421,140196.054217979,129554.017918602,126279.3876978,84000
157564.57500765,153107.175754855,140178.665559381,129528.337691322,126229.08217698,84100
157558.611569814,153074.58729228,140155.041070132,129485.818644197,126216.674145396,84200
157535.08247046,153070.16586701,140121.526553225,129468.807991827,126191.23567339,84300
157507.072456532,153049.830458221,140103.004929767,129454.704377532,126176.81347009,84400
157516.814706436,153034.826221922,140084.590925626,129437.815126046,126162.579216314,84500
157481.903115493,153012.51566372,140062.954557048,129405.923900197,126128.485047077,84600
157432.832421194,152998.692261343,140040.334918763,129374.394807194,126109.308894583,84700
157391.983766025,152955.521538726,140022.287098769,129355.810071403,126071.215916856,84800
157364.769046056,152924.715519719,139998.63947187,129333.439486844,126042.596790054,84900
157335.000596317,152907.053577222,139975.482132745,129329.90287429,126019.98575034,85000
157360.607536249,152879.34990449,139952.027532355,129288.729678844,125991.242901372,85100
157347.456587438,152858.395371303,139919.862241027,129277.957753831,125952.641794612,85200
157360.261786369,152822.200435274,139896.074028425,129237.158169517,125899.183200268,85300
157334.632055574,152808.889185634,139871.105511757,129188.581356939,125897.774923579,85400
157279.104877065,152794.148904601,139853.673638521,129160.472267007,125854.447292888,85500
157222.536203503,152775.435841883,139822.166974114,129131.68867299,125810.939282999,85600
157200.344698219,152759.304950128,139788.625874229,129101.134326401,125768.997662615,85700
157156.628444331,152733.208609566,139760.447927048,129070.72908362,125721.373698703,85800
157175.056538404,152717.327208117,139746.989881375,129049.452396864,125680.204603432,85900
157137.474180501,152713.70446735,139719.637081896,129022.628525182,125646.561457463,86000
157140.779474144,152704.957017421,139688.865990438,128983.959985187,125600.001328086,86100
157127.891108001,152684.315978499,139660.645515957,128965.399734122,125574.331948889,86200
157105.307003757,152672.080817872,139637.224248997,128961.517922247,125561.781663851,86300
157050.26961663,152676.727506271,139617.053395198,128935.497826347,125516.868403125,86400
157022.223414987,152688.464630714,139590.931611981,128867.349549604,125487.050388907,86500
157019.14232947,152682.877110507,139561.820285414,128833.579504015,125455.077541883,86600
156972.879335353,152663.798581106,139528.521814415,128798.27871995,125416.275411109,86700
156966.534394821,152633.905083136,139516.602861494,128772.836424199,125389.791312754,86800
156972.340781832,152643.881206587,139482.638349881,128741.843126058,125369.694658663,86900
156975.7837096,152599.811667,139449.030215609,128709.373365963,125339.145535418,87000
156982.059326146,152548.39871135,139417.6100214,128687.714540138,125298.300352131,87100
156961.858721858,152536.891196503,139380.521609079,128647.011368787,125258.582250544,87200
156922.378143833,152532.52298124,139351.174038627,128616.855940295,125237.507098083,87300
156915.242415535,152528.050170149,139323.485421525,128583.186179152,125216.62494823,87400
156895.881016718,152505.595513046,139280.845633397,128537.252487282,125176.078963065,87500
156882.046594235,152476.930579966,139239.98560984,128493.936342236,125133.763073224,87600
156868.681534419,152453.471833554,139215.994439175,128449.880244116,125075.392455036,87700
156868.707220967,152457.553899283,139191.252719167,128424.092159782,125031.886401877,87800
156887.319830084,152410.617992917,139164.135836827,128381.063247999,125005.649316142,87900
156865.839092032,152363.869064421,139131.638583413,128334.356046244,124976.28495421,88000
156860.38951413,152368.121966493,139098.797685205,128281.421528364,124936.501361032,88100
156862.210936805,152346.819805221,139059.431878477,128247.391090366,124888.551280449,88200
156861.07228226,152321.995456934,139022.201234726,128206.689690039,124866.649409524,88300
156833.550404428,152297.396124637,138991.306928012,128147.930572274,124836.474800431,88400
156785.004673343,152283.591666782,138942.448770552,128092.243936578,124801.520984353,88500
156756.566481127,152277.557448152,138920.652602944,128051.49381134,124768.730394959,88600
156729.520026115,152235.79995054,138905.309286345,128012.215441552,124738.541536098,88700
156742.584336827,152206.137319469,138880.41888166,127973.122432683,124711.751720093,88800
156743.52863665,152177.12533669,138861.661996225,127939.581484939,124673.451760872,88900
156714.621732778,152157.707263143,138838.036158437,127886.557096161,124629.565520168,89000
156677.949992317,152126.339214132,138800.194088124,127840.367436973,124582.001239187,89100
156662.546272676,152104.977482332,138769.146066999,127795.689383567,124566.985163072,89200
156649.008805423,152084.715418207,138728.967951957,127749.75009032,124536.647660913,89300
156604.980773639,152086.257141367,138698.539642614,127721.177767681,124498.113566393,89400
156560.167289389,152068.352334507,138653.388284629,127675.395720389,124465.163517292,89500
156529.518822294,152048.212163576,138626.550207772,127633.227444039,124428.533568803,89600
156488.969075569,152030.729000676,138588.492375376,127598.619203921,124370.781126671,89700
156472.294133039,152009.994289395,138547.057939059,127552.63083077,124320.68338967,89800
156455.337688891,151981.852999788,138517.431379632,127501.322725145,124297.873061299,89900
156460.349768928,151946.54509901,138476.934704295,127449.908005636,124245.494098582,90000
156425.117386442,151933.675668355,138454.652791204,127406.872270271,124178.695492287,90100
156418.349862816,151875.979845341,138411.335650756,127361.487640813,124126.999721495,90200
156388.918360298,151854.091817894,138373.788791229,127323.395167698,124102.865493553,90300
156370.088036182,151834.260491371,138335.025756172,127287.217521631,124060.262111153,90400
156353.554105284,151815.062831353,138281.864856148,127246.493901841,124025.08564956,90500
156320.656912591,151795.935414517,138244.605446762,127183.884803247,124014.802922645,90600
156290.326418128,151787.487810026,138203.653169909,127141.583524943,123952.498530583,90700
156253.726110863,151785.996307608,138159.012555951,127114.199243852,123910.855399932,90800
156245.652368183,151769.212963494,138124.765186881,127059.103378568,123891.313797414,90900
156241.372544635,151732.09739272,138088.116954566,127009.04086452,123856.432548774,91000
156211.979422109,151697.370160709,138057.652789387,126951.56616746,123801.100111898,91100
156182.178366836,151665.750253167,138029.511346513,126901.003352163,123747.013227864,91200
156205.903096668,151666.547596272,138000.223359066,126846.470485737,123706.549841436,91300
156172.065124452,151652.626679329,137962.494283526,126794.387923587,123671.900362724,91400
156118.779094798,151642.432768736,137920.205150513,126757.035405391,123637.200825419,91500
156069.150507296,151606.834823833,137891.325940733,126715.74780032,123602.657363056,91600
156052.14117821,151559.902819637,137858.980245598,126669.615021861,123556.794753258,91700
156053.792204328,151546.117701817,137833.42652119,126611.938022719,123523.837229059,91800
156023.663930547,151556.027109591,137806.193365654,126556.999663841,123491.179404553,91900
156026.586503547,151528.274816325,137766.032078683,126489.534951974,123454.909431739,92000
155986.07523584,151496.947967426,137716.974205867,126443.929568695,123399.729391587,92100
155934.03952273,151479.26101796,137670.043607099,126413.877148192,123354.759911491,92200
155902.150356053,151446.912151211,137636.79146751,126378.732698908,123276.200442015,92300
155904.239912395,151416.507302267,137613.884370648,126326.63455505,123259.930937512,92400
155873.743587876,151376.098013562,137580.210555701,126273.874381217,123236.441700251,92500
155859.268715732,151354.608937396,137551.949729486,126237.17662407,123194.950899637,92600
155842.999279508,151309.639812973,137516.53378109,126191.027839522,123131.317970567,92700
155813.920455264,151260.987701508,137489.048431827,126134.180118082,123063.24907518,92800
155799.119710306,151230.828711219,137450.140285885,126093.608145677,123030.195253667,92900
155771.524490927,151193.551298138,137402.793351371,126022.64233733,122998.320772677,93000
155691.803596286,151147.633119162,137361.911716565,125989.59440854,122932.145479756,93100
155644.062759473,151115.855582574,137338.018664472,125929.993727736,122862.001525438,93200
155677.878506013,151090.405706216,137311.265874425,125862.406816688,122821.019572351,93300
155651.127483074,151064.192222098,137276.339333478,125807.156192286,122753.696274813,93400
155637.503507495,151039.41459363,137229.254883473,125776.155191255,122710.361457159,93500
155602.268775945,151006.746203942,137190.333870311,125721.272590223,122648.559201372,93600
155538.457204285,150973.689115171,137148.032592768,125664.989718298,122601.819745166,93700
155474.494974174,150941.706865499,137109.229237571,125603.293486818,122542.50164828,93800
155425.974093575,150914.171498263,137074.4855448,125588.213603964,122480.706262486,93900
155377.795775152,150913.133863643,137051.150175508,125538.906354985,122418.15421041,94000
155360.255706823,150863.633465008,137016.721576343,125492.245828448,122358.849050541,94100
155313.855869118,150851.436863879,136971.330000227,125447.367498564,122291.994204075,94200
155288.516434879,150851.467909619,136921.165870372,125395.401945499,122228.534595528,94300
155263.006891279,150817.50633295,136876.128240499,125346.919225146,122166.142913865,94400
155238.843743987,150769.045607826,136844.287903386,125296.377164417,122146.307036297,94500
155210.170205124,150738.542951296,136805.589426543,125248.090726553,122130.672401443,94600
155183.918490691,150714.178583739,136759.00202098,125202.284694964,122085.763670119,94700
155120.571521066,150670.095804923,136706.836234929,125149.718322674,122026.682363799,94800
155103.54555624,150625.31492482,136665.881879421,125103.650810389,121967.494248721,94900
155090.750975804,150597.22552305,136625.319930679,125063.338887542,121907.663710406,95000
155053.492579952,150560.437054965,136588.415200127,125023.19366187,121846.49125996,95100
155014.658514481,150532.935756378,136537.653032448,124958.772947094,121805.223245044,95200
154975.641441382,150498.850351496,136488.993344341,124898.046109833,121758.048519964,95300
154936.088282569,150487.051997944,136451.015888514,124832.503419307,121711.446066724,95400
154902.767466175,150457.206268898,136415.893564724,124790.544583482,121656.611737493,95500
154874.39425436,150436.81917404,136374.453365116,124738.995954226,121609.173436128,95600
154842.083068209,150398.948685745,136326.323286813,124672.524859528,121559.967959057,95700
154856.390580761,150353.70137747,136278.621800549,124617.750234699,121499.312006465,95800
154836.808577407,150312.524320601,136238.99998044,124544.425819968,121455.008187427,95900
154797.280854219,150278.459648437,136196.359875882,124505.757082812,121409.067499757,96000
154743.221368398,150254.634071605,136143.354199452,124460.956726251,121335.747814571,96100
154730.6918808,150224.830811995,136108.014325557,124407.204651821,121266.525986243,96200
154753.682316991,150216.951723566,136059.126366015,124345.827801537,121211.512929086,96300
154733.455949694,150162.094528174,135989.630728847,124275.267339171,121158.286149193,96400
154711.957487499,150136.303541511,135947.342709682,124222.634270438,121105.92068973,96500
154690.295908648,150080.079049254,135895.962075787,124137.567645435,121062.649851886,96600
154668.471626192,150047.669765783,135849.483531532,124093.65596334,121018.443403669,96700
154636.707968058,150019.925315285,135800.236884776,124049.920407259,120952.162939832,96800
154614.048432711,149981.999323152,135743.370987489,123986.487788365,120898.288583611,96900
154586.267267472,149949.448889594,135696.671731395,123942.504532055,120847.539978425,97000
154557.655957856,149915.097871792,135653.193373444,123886.470821732,120799.883061049,97100
154528.737669452,149855.701605003,135607.449696216,123822.95890598,120750.358421174,97200
154514.024080816,149819.915024319,135556.019138678,123776.926345007,120700.646170226,97300
154499.137971861,149771.717320251,135508.155769345,123736.95513701,120665.39235472,97400
154483.285064429,149716.664880623,135459.857920633,123697.086159755,120601.303239405,97500
154467.271309708,149685.818323196,135419.020973301,123645.233891789,120561.18260963,97600
154448.562228891,149664.770727165,135382.221734008,123594.031588487,120501.814910024,97700
154436.246470743,149631.455707418,135329.339938593,123519.617025048,120451.73305927,97800
154398.733921411,149598.736250963,135281.031035547,123454.764342814,120370.935292254,97900
154375.50059539,149572.006443242,135237.09305217,123385.010601381,120329.253115021,98000
154351.045025344,149535.112147403,135191.185788011,123314.70084736,120297.563280826,98100
154303.903584797,149492.747542982,135148.727232161,123262.463665526,120250.908614554,98200
154257.348811456,149455.4937862,135096.983481716,123208.344681665,120206.382146144,98300
154197.172167759,149421.695991011,135054.802580661,123147.14952456,120145.293919718,98400
154172.868007572,149398.050296615,134996.777192646,123071.893244063,120083.492329176,98500
154147.068642909,149386.728864782,134950.429479038,123015.802700218,120032.300930815,98600
154089.960520269,149344.15532033,134913.546011431,122959.878950429,119985.883343513,98700
154054.363120136,149294.459764889,134864.351188909,122910.239883229,119921.7215632,98800
154022.443841721,149276.677963182,134830.832438405,122873.465334105,119876.167895575,98900
153991.754309383,149246.19352622,134798.058120625,122806.773655003,119816.495552293,99000
153959.566362114,149210.46448083,134754.977143879,122747.964979993,119740.288093493,99100
153906.050270105,149171.691668164,134704.754107274,122692.997283788,119699.870379181,99200
153847.787120666,149136.833036737,134650.292797635,122640.315852652,119630.055451905,99300
153812.862967003,149098.499338345,134600.366934313,122578.361102359,119586.970804506,99400
153793.203926018,149038.235295808,134548.098481534,122515.555524364,119510.251698914,99500
153754.640441011,149001.267187448,134475.642803934,122456.125494606,119445.972268074,99600
153704.852733546,148971.805059771,134423.403447908,122403.494534801,119392.136590609,99700
153651.94794001,148942.106445348,134376.874645753,122343.58540172,119333.729070425,99800
153603.604632055,148898.98635346,134338.715431445,122286.018449055,119273.905405122,99900
153581.334149613,148862.502919458,134299.245582209,122218.833798042,119227.460482108,1e+05
153552.778445759,148825.450281217,134257.599984267,122168.487795839,119150.84007488,100100
153541.499832457,148772.430054216,134198.992133261,122108.82437538,119083.534299507,100200
153529.307688992,148759.76303537,134150.826708129,122044.295587429,119011.499208989,100300
153493.846604393,148727.464250718,134096.602091262,121987.942916142,118954.85914464,100400
153449.230161383,148672.931548925,134041.540006335,121923.439565514,118881.865685299,100500
153425.763707421,148624.032340248,133992.367222574,121868.245531213,118817.517175157,100600
153401.912052498,148593.155775055,133943.46244725,121806.586652379,118759.070710259,100700
153369.275119378,148555.470492139,133906.992992033,121756.930939776,118690.411300332,100800
153352.810734433,148519.26290982,133859.289575711,121698.345387905,118622.425684729,100900
153294.890044251,148486.762934504,133816.074135996,121647.568349564,118558.579755014,101000
153262.641242651,148453.830264664,133775.012744733,121582.673071478,118503.121167775,101100
153232.412915569,148422.076885162,133731.259871468,121510.844462015,118426.055250128,101200
153198.269915745,148403.050948225,133677.914750513,121446.676367574,118338.78094303,101300
153144.549018641,148369.818692591,133633.84979329,121383.414289434,118284.683566764,101400
153137.721354485,148344.69042975,133587.525467706,121320.329217817,118198.780618719,101500
153087.69262422,148322.289081253,133526.224062282,121264.113189579,118133.519367545,101600
153032.430012586,148281.860657739,133479.121078079,121220.670475587,118066.678632932,101700
153038.576750299,148233.686606429,133427.94252748,121146.280732601,118008.57255035,101800
153022.315349133,148206.168146957,133371.046155869,121066.848474543,117948.839421535,101900
152987.055551098,148171.616872524,133319.959312166,121002.984709135,117877.387213884,102000
152951.656875141,148122.875945722,133269.653384477,120930.830173332,117812.636179031,102100
152930.211909995,148067.562471424,133224.336122699,120875.23411805,117748.334008862,102200
152895.66413442,148031.489911841,133168.599281685,120806.906756908,117683.494426546,102300
152876.285175808,147991.669837008,133139.925631209,120733.846715578,117617.043367814,102400
152846.723401675,147955.966060537,133098.029149083,120674.613552938,117553.945366005,102500
152815.481973653,147926.526992304,133053.44465309,120619.923620851,117497.186374072,102600
152784.232624648,147904.314253162,132994.783574628,120555.481014934,117436.233590179,102700
152752.35293387,147858.873132014,132932.340833575,120498.822498868,117369.716199495,102800
152721.543574667,147813.929747097,132877.717334431,120426.79896065,117305.573641933,102900
152690.641873064,147778.711191458,132828.706808704,120360.049711281,117245.866413438,103000
152634.776386343,147730.653531024,132793.956062225,120292.845634258,117169.725621134,103100
152615.765695842,147692.979291989,132742.623757124,120216.660313067,117102.917233246,103200
152587.300424707,147655.095025384,132680.847882379,120135.210478541,117036.037048801,103300
152563.278863776,147598.021670793,132624.003791638,120070.1589539,116968.567593356,103400
152518.813293592,147544.494432972,132556.588777742,120018.753885373,116900.969794455,103500
152469.647707444,147485.845660047,132500.062412369,119934.059844366,116835.929594915,103600
152426.001633472,147440.641696321,132444.729909803,119886.87418724,116770.132528588,103700
152382.986268071,147409.892157033,132395.595424763,119838.064038216,116707.058869154,103800
152338.421587226,147384.842777278,132350.720815051,119766.423200677,116638.537311948,103900
152307.552254147,147347.398817853,132295.52694932,119697.077796858,116572.623262538,104000
152296.6903124,147316.375812891,132245.511074237,119636.214956435,116506.233276278,104100
152284.622976166,147285.151857498,132194.172695421,119557.728768968,116440.08256754,104200
152259.199494897,147246.722152793,132138.261531699,119498.199022637,116373.862237598,104300
152238.342063888,147200.228698894,132086.360989133,119441.779159953,116307.811656745,104400
152205.871611026,147163.784449313,132026.078224104,119367.299147322,116261.596144419,104500
152171.716290071,147135.736646561,131976.105311848,119305.219395771,116202.785344628,104600
152138.850722733,147091.116946898,131918.634692771,119245.810334659,116149.534385405,104700
152104.831202124,147045.942786965,131861.198442086,119186.585317381,116071.285831459,104800
152070.680841317,147011.34623649,131809.175478063,119119.112573008,115998.296661055,104900
152036.399995663,146966.929593481,131769.019393675,119056.169673926,115930.485563769,105000
152002.434998223,146922.95353725,131716.126912444,118989.297504269,115846.71835344,105100
151969.013659887,146868.720392778,131660.710906584,118913.414069677,115784.846453442,105200
151935.462464309,146842.212421864,131605.556412599,118851.448007909,115717.508668965,105300
151901.781761329,146813.051437524,131547.193266689,118770.721823265,115655.713400161,105400
151866.840115117,146782.358252019,131489.659931301,118704.30795754,115583.128259103,105500
151847.509478093,146747.486481602,131449.213562572,118641.850562897,115508.04990922,105600
151799.169918594,146692.456632381,131379.466637085,118573.889179664,115432.735457872,105700
151780.364621244,146635.005102523,131324.145841752,118491.161021792,115370.819458226,105800
151737.086559294,146608.350015971,131277.68110349,118419.909091017,115289.26501291,105900
151693.235136582,146547.46440737,131228.971123106,118350.80143344,115230.340246634,106000
151676.546531039,146494.023203765,131173.677613969,118283.026155128,115166.237562227,106100
151654.891624411,146464.813644327,131126.582790404,118224.352441204,115085.905679003,106200
151599.321568746,146434.588168253,131061.700939738,118139.003821262,115017.001234875,106300
151560.136871383,146394.38334256,131011.881111776,118064.801545163,114938.541108748,106400
151523.580007114,146364.679429445,130963.937211449,118004.896838165,114862.066217108,106500
151506.968501639,146331.513238929,130912.130438807,117939.460412484,114788.631251441,106600
151470.865723643,146277.014006431,130853.72846145,117857.550622854,114730.385523629,106700
151428.192192286,146221.403445674,130785.340886085,117794.063716091,114667.17123274,106800
151392.666045762,146189.215065006,130731.669312184,117750.881395168,114600.268117755,106900
151366.889054492,146157.677418857,130675.710677428,117696.64518456,114535.663600759,107000
151340.442252563,146132.604005057,130625.399910383,117641.908059092,114469.533562337,107100
151267.716462484,146096.476728815,130566.353297625,117582.956583607,114394.66325901,107200
151222.041787594,146067.289388628,130517.339302526,117497.44009866,114319.742459783,107300
151183.879842874,146063.227213131,130469.277392892,117415.659611269,114244.771513271,107400
151145.596664176,146024.56648385,130427.55195322,117364.953609493,114169.750767112,107500
151087.315451832,145980.752318167,130380.594419718,117292.251594909,114094.680567965,107600
151027.843848604,145949.165024419,130315.640914165,117218.359126121,114024.459611601,107700
151011.091964243,145931.544092306,130255.239487636,117166.868830938,113954.371672837,107800
150995.266266689,145893.951235408,130200.996697214,117112.907806389,113884.228828557,107900
150956.008485578,145858.239111978,130145.055248717,117046.088404345,113814.599386803,108000
150911.853710017,145814.40154826,130086.12393951,116976.126194902,113750.729111301,108100
150882.347877804,145766.057896863,130030.644798905,116924.634633606,113696.683032004,108200
150836.062415047,145710.366534983,129966.187697474,116852.189192942,113606.533606252,108300
150755.289121869,145664.725314915,129916.139773857,116797.821733875,113533.944880533,108400
150679.127502311,145626.715781986,129864.662250847,116736.757662486,113453.538630127,108500
150622.332112558,145571.419789153,129811.777794133,116663.538494586,113392.751093544,108600
150576.043401291,145535.548792862,129754.000804812,116605.515626292,113310.740839274,108700
150544.24403647,145488.021309679,129702.630450988,116547.423070134,113221.395228335,108800
150515.923649594,145441.305096198,129646.971134463,116466.575191603,113132.163228933,108900
150471.310926662,145392.573092384,129584.769709316,116403.637788383,113060.112991738,109000
150451.767167624,145355.05335431,129525.26688929,116345.862055299,112998.308389279,109100
150431.654476643,145298.232056165,129473.860333696,116270.419896615,112937.32485911,109200
150397.121513977,145253.584157353,129426.369443667,116196.486052292,112857.20545717,109300
150388.641752475,145217.481156471,129370.112512484,116118.244346629,112793.916372451,109400
150347.988006074,145180.527038734,129320.298198881,116058.132309795,112741.388041774,109500
150306.622419139,145144.938478239,129269.185891444,115987.443674456,112686.296531505,109600
150275.998234296,145108.499420174,129222.959569625,115913.320940062,112603.430781837,109700
150217.509580595,145059.123497739,129163.941884185,115844.973425147,112506.208234271,109800
150166.480858513,144987.612305945,129116.043448977,115776.385238698,112437.658111891,109900
150127.522824672,144948.578688302,129060.966897253,115709.82346728,112374.587810489,110000
150101.380495823,144896.173803779,128998.06546713,115639.766185988,112311.460116847,110100
150075.118984223,144845.360471701,128938.152935603,115576.656585759,112255.774660351,110200
150048.738578565,144815.558210783,128876.630817393,115500.743184384,112183.624022036,110300
150013.083308779,144789.589908881,128821.46416178,115418.377141235,112118.656959721,110400
149977.913058673,144752.867897738,128767.1151354,115343.184422026,112036.68302548,110500
149961.94223257,144703.522640615,128696.343392301,115258.460074982,111962.048490753,110600
149945.031648172,144643.959214307,128653.48811934,115198.410621838,111875.035877202,110700
149919.793820952,144608.634590233,128601.571911751,115132.428445031,111786.722553918,110800
149894.438270089,144559.342547646,128544.468071164,115056.860468477,111698.387965102,110900
149868.965276825,144512.286985588,128496.499813535,114986.584028911,111617.581946574,111000
149857.481813034,144476.739497424,128446.02717867,114908.053701593,111558.960245291,111100
149870.393591413,144421.938005141,128385.024140548,114839.799356385,111484.308024802,111200
149840.827970869,144389.39828045,128336.222826258,114770.881129531,111416.900336048,111300
149780.138257057,144357.103118313,128276.235515965,114693.162829943,111339.485464137,111400
149731.617101412,144323.950857032,128211.360662129,114616.078937063,111256.893946162,111500
149705.013628488,144288.262750481,128153.869654768,114540.651346801,111174.9154893,111600
149678.294742947,144256.692311152,128096.673618106,114468.458283102,111092.951246673,111700
149651.444660087,144222.138938682,128046.246344219,114407.605477489,111012.551574909,111800
149633.850402545,144189.713940837,127990.897314632,114334.901478303,110975.402727709,111900
149588.233899117,144155.920567683,127936.284709356,114261.458708079,110878.679102908,112000
149551.622094514,144100.265333413,127870.906898699,114186.026598637,110802.323218532,112100
149521.89739476,144070.112207153,127815.715318265,114114.748864788,110737.53995407,112200
149473.346530685,144043.401012448,127757.616566441,114040.801862669,110672.706668583,112300
149430.519164998,144008.397954891,127705.376207462,113954.781123301,110608.14751458,112400
149412.693708303,143946.183157798,127650.19121438,113885.015299743,110544.047292373,112500
149394.752375408,143881.53410946,127594.384284032,113819.194060125,110479.02851018,112600
149376.557018345,143824.144375817,127542.263101924,113745.352531324,110413.837297127,112700
149352.46832046,143771.574605122,127479.542582399,113671.207563293,110349.558975251,112800
149310.773468399,143719.849148678,127418.211812282,113601.848859815,110287.664763674,112900
149268.448908218,143707.406324952,127360.077958578,113544.420392051,110220.132520772,113000
149224.985895143,143652.738845507,127295.755541864,113458.448513537,110154.505670715,113100
149172.121163199,143625.314775471,127234.772228859,113394.818210467,110088.8319168,113200
149110.608033143,143581.540220657,127166.544732063,113306.404782032,110001.546116429,113300
149083.981031122,143548.05456029,127094.414959437,113228.257501089,109910.758377316,113400
149052.463494622,143516.081754944,127042.677643875,113150.575044252,109841.962224848,113500
149024.067068786,143476.354542053,126992.645673373,113071.717097603,109760.783652805,113600
148993.094312667,143434.816725228,126932.256054537,112986.913399285,109690.702405864,113700
148957.650088606,143410.516303965,126882.627383121,112893.117625417,109613.911191725,113800
148900.151424657,143324.592673668,126830.658153228,112823.368724212,109533.323385178,113900
148856.171031163,143288.088903623,126775.848019068,112739.361782117,109455.557568502,114000
148826.742523225,143220.221141103,126709.952251529,112673.445074648,109380.497504725,114100
148768.545223713,143157.014897639,126646.692646019,112610.9232677,109312.292059484,114200
148709.175561413,143114.913820481,126577.600822591,112543.578089012,109240.88050213,114300
148667.582852769,143075.601323223,126511.821165079,112475.695143549,109170.340574221,114400
148659.899920913,143036.190401493,126449.267208131,112400.750897662,109109.557565285,114500
148625.481608663,142996.681333356,126391.045177003,112318.482042746,109027.633333087,114600
148585.487614184,142952.249093719,126328.582431798,112254.054947813,108949.465410096,114700
148570.524544233,142874.095439838,126267.721373187,112175.117298399,108841.902106547,114800
148552.342042527,142832.139958381,126202.327468957,112107.200790845,108749.830482231,114900
148511.621750233,142801.457872037,126136.025609429,112033.053306821,108667.344012984,115000
148461.087699043,142750.284356371,126066.792600509,111969.531251373,108605.859992601,115100
148444.569024551,142716.805113098,126002.820229268,111906.127572397,108524.308093084,115200
148426.293281117,142682.892378291,125940.487529613,111823.041242502,108442.993130987,115300
148392.180829286,142647.29123233,125883.94908412,111741.475830636,108377.666039642,115400
148350.561136278,142606.775313123,125825.357403174,111657.94747114,108285.167205107,115500
148305.854959869,142556.068796154,125757.329778094,111587.453356468,108199.022225119,115600
148256.615446407,142501.647181495,125694.846088202,111528.176175807,108136.507477561,115700
148228.773070336,142446.732638004,125630.84731146,111468.89070616,108065.096535611,115800
148180.572920271,142391.733158717,125555.420375064,111407.34932038,107981.190155167,115900
148097.246117169,142332.880965067,125496.965296568,111322.269796521,107903.802718233,116000
148063.648294739,142277.858015901,125443.669350444,111225.12700653,107814.103732427,116100
148031.991548293,142232.083363375,125385.394787299,111134.245091124,107741.081258129,116200
147972.888800353,142207.4493024,125310.103319458,111069.219481183,107663.403250404,116300
147918.503057698,142149.909717175,125238.041119521,110983.713874199,107593.926523998,116400
147883.37675075,142089.951910451,125177.035643476,110918.21308818,107522.645169629,116500
147849.64940882,142062.000018383,125115.026173316,110847.52332993,107447.891136335,116600
147814.107550738,142000.167801893,125060.793875812,110763.467094105,107367.29924139,116700
147766.208738826,141964.772293573,124998.143266686,110688.226917306,107286.150639961,116800
147735.106879843,141917.818752265,124941.099894855,110609.256503733,107204.806329534,116900
147709.750087887,141859.268013276,124882.422434358,110540.18037328,107123.445377824,117000
147691.368418662,141830.152877254,124817.913346837,110477.146884041,107042.390735768,117100
147673.981020776,141808.09129498,124754.168596429,110418.253629732,106950.913827512,117200
147653.796001277,141775.360397451,124687.510614771,110359.31142704,106845.597811981,117300
147633.506454144,141733.71790251,124627.909035612,110300.320524752,106761.021357678,117400
147612.368176932,141700.05955027,124560.375465301,110240.361077039,106684.686011656,117500
147567.297114383,141643.405225866,124488.023373964,110175.365825988,106592.290950923,117600
147502.615728121,141599.463581363,124429.1232622,110106.278981141,106516.343764099,117700
147473.968751922,141566.132647036,124372.472207981,110017.993584903,106436.581538882,117800
147413.565467968,141528.269374722,124302.665611484,109943.127106767,106359.960012296,117900
147359.269527185,141495.936788948,124234.009960104,109869.116308885,106283.317281265,118000
147322.982067334,141446.785925501,124169.142602326,109804.597917875,106206.653600594,118100
147284.666654824,141403.106636067,124106.217613745,109722.949773034,106130.567985511,118200
147251.247080511,141362.965008496,124045.266707467,109659.111600756,106054.700864261,118300
147215.615787625,141322.545330312,123985.474712134,109582.295147417,105976.679404256,118400
147175.37690865,141275.688778466,123920.260066524,109510.82217355,105887.525919884,118500
147114.877695157,141226.969484999,123853.929258604,109432.627284584,105794.99590296,118600
147053.857219061,141176.600149235,123786.792841806,109354.730830644,105724.299301559,118700
147026.238257025,141132.748525851,123723.629216815,109277.672763936,105648.590256546,118800
146978.701452629,141098.037603681,123652.107900034,109211.253165273,105566.548205875,118900
146916.916886747,141049.360405113,123597.514863686,109140.742345713,105484.045580724,119000
146842.55665985,141012.003250541,123540.501311009,109071.600652437,105401.371638178,119100
146797.148558238,140976.918447355,123482.038906083,108989.820651374,105319.041199479,119200
146747.172246715,140920.596456547,123416.767403845,108907.393305347,105236.302203025,119300
146698.493779076,140871.807564565,123347.517878125,108825.063667539,105153.554334027,119400
146648.893737875,140808.097006326,123275.542718694,108742.869020733,105070.79783929,119500
146598.976548063,140747.322729377,123207.540158621,108663.315640341,104988.226056907,119600
146548.973912982,140688.721865797,123146.416844359,108589.291823611,104903.053540146,119700
146533.09952706,140624.906599343,123085.481460784,108524.849226799,104823.610092961,119800
146519.734207863,140580.565147714,123025.777938495,108440.048476315,104741.204605567,119900
146490.61648348,140548.853364888,122966.482600056,108371.479919401,104668.345399146,120000
146436.627934369,140502.120729925,122900.414441222,108288.008802228,104594.892226231,120100
146383.87865453,140470.500754568,122828.277333155,108203.184492451,104516.590780815,120200
146319.908605583,140420.921982008,122768.220681049,108128.240522715,104435.369422442,120300
146255.865523154,140367.289808321,122706.085751635,108055.429824729,104357.285895544,120400
146238.154157469,140312.991295202,122639.238453215,107985.408000329,104290.320983985,120500
146192.293150364,140254.840374335,122577.916577939,107909.618163843,104210.1545958,120600
146143.886223483,140201.013242674,122516.838689505,107836.769905312,104128.731443702,120700
146097.871166695,140153.294682633,122460.73289804,107764.103259681,104046.890450345,120800
146058.417885823,140097.688617857,122404.214593225,107689.396341761,103966.029161729,120900
146018.26269659,140031.693694707,122334.084588395,107590.15691884,103884.939588402,121000
145978.018911176,139963.026269979,122270.697215623,107493.498350943,103797.682854473,121100
145939.107935882,139906.650616711,122204.292287002,107405.204068791,103721.726874362,121200
145932.733821888,139870.894913815,122135.283300046,107351.435040983,103640.631391457,121300
145910.317063072,139825.933939831,122066.505120048,107273.19917894,103557.202817671,121400
145862.157221544,139773.37856089,122005.836074569,107189.66227666,103451.695574283,121500
145805.916893648,139719.452251308,121939.682167669,107093.009573701,103353.042140137,121600
145749.546530348,139664.608381195,121880.794473025,107011.556098596,103263.983434819,121700
145693.481411497,139635.107573618,121818.173384298,106931.803285063,103171.228390081,121800
145630.93924174,139590.172540212,121762.977878127,106856.614517917,103087.653706716,121900
145565.652352672,139531.472178144,121701.324282863,106774.624773424,103005.923646795,122000
145525.422001262,139469.240897129,121641.674574773,106697.672779141,102923.132962747,122100
145468.412911875,139422.736970738,121583.003804046,106620.13231509,102840.82704333,122200
145411.815047712,139370.508961669,121521.178963814,106549.99544366,102761.374062655,122300
145356.112165148,139323.247581787,121452.603067027,106477.849426312,102682.866682767,122400
145300.333743393,139282.006291161,121386.401785874,106401.508779423,102591.621365102,122500
145255.152740806,139240.684545228,121328.303640876,106323.937405348,102505.533879734,122600
145232.718692538,139201.220610891,121270.164145275,106254.157588505,102421.128852923,122700
145176.37576295,139160.69559957,121211.82444261,106179.764129121,102330.120774899,122800
145119.958568627,139115.409420464,121152.977493435,106105.352418509,102257.522518657,122900
145063.238764978,139053.842608827,121090.173588373,106017.118791947,102178.435364315,123000
145006.163028998,138991.27174375,121029.005527798,105927.370938622,102096.370107999,123100
144979.428547876,138930.094767959,120972.501889239,105846.654997279,102014.045661988,123200
144954.088409039,138875.965702279,120898.69028665,105767.363841128,101930.369090346,123300
144928.65758008,138832.559201724,120831.880042827,105688.062564667,101848.228434363,123400
144896.266157469,138799.505432977,120771.151380501,105608.75139231,101766.087196542,123500
144846.64392661,138765.739955031,120708.392002279,105529.430547796,101683.068908773,123600
144796.163895324,138723.440826779,120632.428659564,105450.461968365,101599.710073918,123700
144737.80155901,138705.895778152,120571.977620964,105367.006772583,101516.353317559,123800
144679.432419759,138677.0668243,120509.728892118,105292.476626672,101434.378293284,123900
144647.895515647,138635.299469378,120441.252302052,105212.342804363,101352.683891039,124000
144600.502009792,138574.97748164,120374.655172183,105132.689026651,101287.70367955,124100
144569.055780736,138559.229719008,120304.27989561,105053.314810086,101222.134988232,124200
144514.103577646,138480.40850615,120228.99832756,104970.069221492,101135.491256198,124300
144457.297071684,138438.816446737,120154.239345188,104898.213198737,101048.915742385,124400
144400.208257174,138361.900794903,120089.594814176,104824.452885202,100974.946776211,124500
144343.561908387,138284.939023839,120022.371389802,104739.068520462,100903.871143296,124600
144287.256138365,138239.974366348,119951.856576611,104657.824567414,100832.780731425,124700
144253.959191388,138202.158997058,119883.926473029,104584.519008026,100761.675746391,124800
144226.773538904,138164.265525554,119816.200122255,104509.783282701,100690.556393404,124900
144198.203311628,138102.352706325,119750.237038449,104437.796227304,100610.650284034,125000
144154.536005397,138062.07337259,119692.064102877,104367.425195888,100529.979635918,125100
144105.920218332,138004.520785911,119643.631766102,104299.499442359,100449.30948769,125200
144060.581167295,137948.454155098,119576.419910989,104227.620895873,100368.640044407,125300
144023.596240178,137890.169473739,119502.605871994,104140.299523053,100284.778401701,125400
143972.693255853,137837.692104815,119436.638445672,104059.291825175,100181.400796657,125500
143937.724409764,137782.728158789,119356.039466332,103985.054712337,100079.674240078,125600
143897.411308712,137726.673228252,119280.204809658,103914.354641636,100019.137108333,125700
143837.202673766,137687.383003758,119214.626976207,103841.435935096,99966.5662296865,125800
143774.640770016,137630.90098891,119146.295931148,103752.226925291,99886.6422761158,125900
143710.796698971,137572.936814457,119081.039690392,103678.105598494,99806.7193316223,126000
143653.709266197,137512.06773416,119008.787525184,103607.394707476,99726.7975959168,126100
143590.173925493,137465.549064177,118945.225443906,103536.666938302,99646.8772680706,126200
143530.999308054,137416.94092053,118876.475020621,103465.922494488,99560.4714207194,126300
143479.87863282,137367.261443379,118817.638046696,103395.161578991,99481.3262497599,126400
143434.272652712,137306.66423147,118745.572461596,103321.588989812,99389.7645449134,126500
143375.116566066,137254.118001777,118680.3843143,103229.566726864,99295.7519689792,126600
143312.965399128,137198.514935058,118604.453921157,103151.688414269,99202.2617539522,126700
143262.566120735,137154.999375778,118542.757028412,103072.026692473,99109.463541854,126800
143220.113583612,137111.412355808,118482.118284591,102988.134127201,99016.919780003,126900
143177.584742526,137067.007970098,118409.802000828,102910.640092424,98944.3554684271,127000
143134.97981285,137012.457400388,118338.709565821,102846.72001664,98882.8696446281,127100
143092.299009578,136969.983854973,118260.978126069,102772.49975005,98821.471295791,127200
143043.304749455,136935.927915049,118193.173419014,102690.587292495,98758.5750806087,127300
142992.116624382,136888.161356113,118124.118610696,102607.472588855,98677.6729937403,127400
142932.295231059,136838.96726334,118052.776379628,102526.798092712,98596.5166325672,127500
142883.412560591,136784.022074324,117984.439174194,102452.699175711,98515.3664175399,127600
142846.443584913,136724.967598813,117914.831012503,102384.834389892,98434.2225382663,127700
142814.763506744,136673.208646346,117840.973382038,102315.575964132,98353.0851837295,127800
142745.4303506,136617.710071807,117767.076929814,102246.710791838,98271.9545422888,127900
142699.254550107,136562.150555018,117700.581435985,102172.200369107,98190.8308016822,128000
142659.153864162,136521.632656283,117636.713693156,102097.844667236,98109.7141490268,128100
142612.451965536,136468.433325293,117569.36517705,102018.34460946,98024.3742697276,128200
142569.098470076,136414.889782519,117506.743758138,101938.844500223,97922.4589862454,128300
142538.348377329,136362.037280561,117454.094654187,101863.716275494,97820.5905094,128400
142478.916105393,136311.559847129,117387.814262944,101791.482659685,97741.0216627113,128500
142436.077396023,136278.002705432,117328.517057705,101717.355844475,97678.7056783065,128600
142422.568353445,136244.371521545,117266.012419791,101639.282109588,97616.882545489,128700
142382.850144635,136194.247777061,117190.40759152,101567.602303091,97544.1284139389,128800
142329.702421902,136127.747526047,117119.694527115,101493.928076096,97463.1295814722,128900
142255.044297201,136060.507181931,117042.423271455,101409.327357142,97381.4192000354,129000
142180.340186961,135993.218351471,116964.454625165,101322.27312599,97299.7189168896,129100
142134.050097675,135928.380394917,116904.150240102,101248.21187725,97218.0289120677,129200
142093.932080426,135872.253328063,116820.981240361,101160.208434015,97136.9344478063,129300
142053.229097775,135818.092458203,116738.613660942,101072.655544121,97055.9266866513,129400
142012.453077913,135779.181079188,116675.757045911,100993.484072628,96974.9285687891,129500
141971.604221319,135734.672021531,116609.570499523,100910.604151996,96893.9402722104,129600
141928.697724643,135686.482201786,116539.28110828,100822.943288581,96813.2160525033,129700
141888.757436954,135635.983436178,116456.556213722,100742.952258726,96726.9427814013,129800
141848.74419583,135582.005266266,116391.293334603,100663.478013474,96644.2883504387,129900
141808.658198879,135540.166837998,116328.846905327,100582.269516997,96571.2691322424,130000
141768.49964337,135483.930100287,116270.936421977,100497.16054037,96496.5943959555,130100
141728.206268401,135395.060223032,116203.486791468,100416.404898409,96430.3250805651,130200
141666.868109991,135327.510869522,116133.751431786,100349.768256433,96355.7596779893,130300
141632.678957557,135271.486570452,116066.155759752,100271.77691321,96269.7855770373,130400
141586.788561707,135215.406002557,115995.94691047,100179.675820341,96190.1668313299,130500
141531.752200083,135159.269376833,115927.056219226,100112.028160735,96105.5806362189,130600
141487.586179154,135092.347814527,115869.710706193,100032.365379045,96018.3153399508,130700
141444.162616117,135042.384039967,115799.286218385,99948.9933314095,95931.590533688,130800
141397.144981102,134973.848961137,115735.074422756,99867.105302117,95862.1968219052,130900
141350.060568799,134930.257692707,115659.350152381,99793.7492046366,95776.4659373519,131000
141302.909582199,134882.615223556,115590.277973722,99709.4900408284,95685.1810919767,131100
141255.384204139,134820.655905543,115519.363533631,99628.0177819916,95599.9754651067,131200
141207.654059429,134761.564534509,115452.013148739,99550.0003034301,95519.6233662778,131300
141159.858178876,134715.171023906,115384.672176559,99471.9862688928,95438.0543072162,131400
141111.996764696,134660.575024416,115313.004138972,99393.9758537912,95357.2610827262,131500
141064.070018742,134609.740205367,115234.032773029,99315.5668198995,95276.5056816676,131600
141016.078033683,134548.875101462,115167.793083862,99235.1030356634,95197.8829830958,131700
140967.813398539,134493.561683317,115098.918145716,99151.8175022334,95129.3075743673,131800
140919.484163167,134437.699073974,115013.647898747,99061.0370422949,95051.4077269757,131900
140871.090528262,134380.633054584,114943.180817646,98976.6879946921,94970.7204070865,132000
140822.632694156,134322.821749948,114870.78339493,98904.9139675796,94904.1287828532,132100
140774.110860819,134269.14730732,114803.840826041,98833.0942176411,94825.8002455957,132200
140724.959067025,134228.511020963,114732.729251452,98774.0473182558,94745.680240976,132300
140674.849381175,134196.58209723,114662.345987147,98700.4802907757,94665.9298468948,132400
140633.186492712,134133.63652189,114596.36398491,98624.591820004,94585.6340322746,132500
140593.95674075,134061.74342726,114522.454983334,98549.7323379509,94506.0922820031,132600
140531.433106511,134006.094109074,114446.267129951,98469.1389029665,94426.4394381242,132700
140476.971500886,133953.369576913,114373.411621084,98388.2975502674,94346.5253012449,132800
140432.665277235,133900.321318184,114302.727009319,98309.8376844737,94266.5695693346,132900
140389.933521662,133846.44404405,114242.222478502,98236.7579071627,94195.3264390821,133000
140346.234012927,133792.512858277,114183.549546446,98159.2262659868,94125.1638658859,133100
140302.469073922,133738.527957079,114113.076256041,98082.3658748294,94055.0005160714,133200
140259.388143161,133684.489536286,114047.773406734,98005.2826513352,93983.1097216058,133300
140212.850971604,133637.957928212,113981.117207081,97927.1197607218,93898.3753199502,133400
140155.754775138,133582.345662293,113903.717802113,97850.4455597054,93810.0742255044,133500
140114.891808183,133523.371820043,113829.160103715,97777.2663084704,93719.5934015071,133600
140073.163769138,133469.19448171,113758.532750875,97714.1866157764,93629.1474537845,133700
140033.827028413,133415.883751603,113685.574757748,97647.3537180712,93547.2540520479,133800
140002.024653426,133361.957788236,113613.07731882,97568.0982725496,93467.6394231946,133900
139959.592409338,133308.833945749,113541.044000744,97490.6127519042,93390.2743773585,134000
139916.930711268,133275.863837191,113463.525973652,97407.6188748283,93308.0104164727,134100
139873.805257423,133234.405916857,113386.7697914,97324.8505077077,93222.7126420729,134200
139830.031863019,133158.384703282,113310.399434672,97241.3283440341,93143.6583160718,134300
139785.481654428,133095.060483378,113234.852985205,97160.1575499216,93058.1627110873,134400
139723.731191824,133041.733047362,113159.270316424,97080.0131363779,92966.7266738012,134500
139658.007078148,132993.933116565,113093.370137981,97005.5808203477,92881.9922348113,134600
139591.880227456,132941.772269206,113027.099789518,96925.832055004,92798.9209591844,134700
139525.115110476,132883.77099164,112956.131044479,96848.4079833199,92717.5666247086,134800
139458.305179222,132827.928318941,112895.42515961,96770.9925117423,92637.9901955877,134900
139391.450642355,132774.346998234,112834.376516184,96693.5857974177,92565.1796590912,135000
139336.415717005,132720.714486818,112776.779054413,96616.694750965,92485.7575496921,135100
139296.251028485,132667.030971923,112709.534227261,96540.0224008179,92395.8739036144,135200
139256.021734878,132613.296640418,112631.278969459,96461.8737145715,92310.1043799417,135300
139215.728011392,132559.511678812,112579.073963199,96384.0496379532,92228.5736442071,135400
139140.667002841,132505.087085158,112504.052467391,96306.6890494796,92142.2823218591,135500
139079.699427892,132450.158924562,112428.363407134,96226.6627503011,92055.5834073813,135600
139029.36927011,132395.043698628,112361.17500405,96149.2355770126,91975.2240552812,135700
138978.981880833,132342.739337934,112287.368162399,96076.5124751644,91895.1993111989,135800
138928.537446571,132315.458419392,112219.294222157,95998.3525621415,91809.8711596647,135900
138877.274084239,132246.095633319,112154.56166109,95918.2804864876,91728.8966192845,136000
138825.928537754,132199.450547385,112081.800957405,95845.620960237,91648.494801981,136100
138774.527071012,132126.635555208,112006.156578836,95768.661486662,91568.1793595621,136200
138723.069870125,132067.326803441,111929.992575094,95688.0579720663,91487.884999519,136300
138671.557120866,132016.87373464,111853.820155069,95609.7034332233,91407.3930590831,136400
138619.989008664,131964.426552026,111777.639494653,95523.0967754769,91325.842597147,136500
138568.365718607,131918.130664662,111701.450769258,95436.5173490716,91245.5400919617,136600
138516.68743544,131871.804475144,111626.31315507,95349.9652971156,91161.4452725162,136700
138464.954343568,131822.050114958,111550.937806829,95263.4806432261,91084.9589713332,136800
138413.166627058,131774.62101056,111476.36454722,95178.3247599753,91004.18735761,136900
138361.324469633,131716.78993076,111408.751323238,95108.5840289378,90913.7244362882,137000
138313.785382421,131657.783211416,111343.743951966,95040.4610776998,90823.152226121,137100
138260.533314859,131602.337557387,111275.2614217,94972.3364640938,90743.4264477536,137200
138208.675562335,131546.616175638,111195.690974694,94904.3354839841,90665.65972859,137300
138156.76397739,131494.643038345,111121.5331449,94836.4438160422,90586.9727764999,137400
138104.798741903,131442.62081063,111052.310994771,94744.186302165,90508.2200377075,137500
138052.745846902,131390.54966821,110979.829778335,94656.847180729,90429.4880087953,137600
137999.887516724,131338.429786469,110912.389906892,94594.1700413607,90350.7768242926,137700
137946.976803983,131286.26134046,110847.51164794,94534.438024129,90272.0866182465,137800
137894.907732175,131228.637947841,110778.959771646,94460.5514454571,90193.4175242226,137900
137843.737427237,131164.305925799,110713.300239525,94377.7431468614,90114.7696753065,138000
137791.849782297,131098.857545092,110652.686050675,94297.6636895965,90036.143204105,138100
137739.227150647,131035.596243886,110588.162061435,94224.6210589705,89957.5469557811,138200
137686.552556533,130971.070805785,110521.975323369,94151.5858518248,89877.9706241499,138300
137628.714808569,130908.781696202,110461.419479309,94075.9046051251,89791.6374748242,138400
137567.402619016,130861.57830343,110398.293489566,93991.4720863008,89705.340682212,138500
137506.046090427,130815.685201993,110333.939506899,93907.561494676,89624.9479495274,138600
137446.212422712,130755.739601674,110256.095986146,93823.6770517125,89558.6676669499,138700
137420.351776946,130706.339380557,110171.079477675,93739.8188915517,89479.2072306784,138800
137365.423110801,130658.360170547,110100.167516316,93658.9302691871,89391.0674145243,138900
137309.379436231,130609.652274113,110028.894166827,93576.3097354308,89301.680492218,139000
137253.595686381,130558.996145346,109955.53304154,93489.0983635792,89228.561297807,139100
137197.472293408,130509.898949177,109888.102432392,93413.1867077336,89155.4561449417,139200
137141.210314206,130447.4292706,109816.613418695,93328.2002698964,89078.1370357936,139300
137084.900765775,130410.049519348,109733.285945545,93239.9894450578,88997.6052268006,139400
137041.912864702,130356.636246196,109656.760775632,93171.4727149543,88917.3055174506,139500
137003.25006102,130287.417781989,109586.105888804,93092.7831852789,88837.1524360945,139600
136951.241469042,130217.843991248,109515.440343914,93017.5401825698,88757.0260915705,139700
136897.240946398,130146.638443004,109444.764300689,92946.2950292697,88676.9266070248,139800
136844.193607264,130075.405281887,109373.63951129,92876.9926857317,88596.8541051349,139900
136791.436000511,130021.571793676,109297.299811088,92807.8395904364,88516.8087081116,140000
136738.6289817,129975.409363394,109228.473971536,92738.6906789182,88436.7905376995,140100
136685.772723291,129916.338335321,109161.449443052,92665.1339819966,88356.7997151786,140200
136632.867397421,129857.422847861,109091.733482078,92583.9489793976,88276.8363613653,140300
136579.913175911,129805.475817903,109025.818578218,92496.6535763017,88196.9005966134,140400
136526.910230261,129753.483745934,108954.184807162,92409.3936233373,88114.3156176996,140500
136485.500747201,129700.397693692,108879.249418505,92322.854903763,88031.4625488863,140600
136444.170296479,129634.295787326,108809.061885698,92244.6530676469,87948.642905352,140700
136372.318382271,129584.69678464,108741.532953625,92178.4367414632,87865.8568025421,140800
136312.482327455,129524.592439084,108675.854568576,92112.406047609,87783.1043554299,140900
136258.288533157,129492.039710492,108609.32048672,92046.3763043062,87700.3856785176,141000
136200.746851238,129440.5946171,108532.595557043,91968.5252946803,87618.0321552951,141100
136134.833981873,129398.541573021,108465.815861747,91887.7657549749,87535.9041856462,141200
136068.884820572,129353.255045298,108389.524185895,91816.8425281354,87453.8093561573,141300
136021.973214575,129286.302279385,108320.572063905,91745.9282880935,87371.7477800278,141400
135986.73263615,129231.121732546,108252.994665597,91665.1578025193,87289.8964411152,141500
135927.422928649,129178.100099515,108191.71529114,91574.134806337,87201.506649635,141600
135864.755849684,129124.469704284,108122.413688784,91505.1853310804,87110.1293985017,141700
135802.545073606,129070.797356446,108050.137231724,91436.380310352,87018.8049786093,141800
135751.162143631,129013.935000347,107974.95410555,91362.6608518758,86927.5334857739,141900
135699.731264786,128952.539549811,107908.707900305,91291.7938460386,86836.3150153114,142000
135648.252601162,128889.032298877,107841.928540573,91220.9367312673,86763.1677338568,142100
135596.097354855,128810.237301537,107768.28106331,91150.0896334705,86694.9118397927,142200
135531.728674395,128729.625852743,107697.084877294,91080.5351550714,86607.7762402769,142300
135464.548225493,128655.764744888,107629.379665869,90999.8825132561,86521.0919474675,142400
135406.490216399,128601.210006039,107547.570947006,90912.4806827116,86434.4519223182,142500
135371.515409067,128546.615150872,107470.170116374,90845.9095519002,86355.4881622659,142600
135336.48318829,128500.819099606,107400.159727315,90750.676925198,86282.8564940842,142700
135286.056960147,128451.734007627,107324.843887179,90655.2636370996,86210.2437103505,142800
135231.771837497,128395.871729859,107256.323451398,90568.5435354348,86137.9528457053,142900
135177.372864109,128347.580742053,107195.682397298,90497.3275095695,86063.3988091965,143000
135122.744765844,128291.919036424,107129.68558587,90427.1248025213,85982.1277863146,143100
135067.900729956,128225.720586945,107056.428938883,90356.0134490402,85900.8916208999,143200
135011.03714446,128172.091092118,106981.014004938,90280.7348914843,85817.7180491992,143300
134954.131781072,128127.490085274,106912.829843881,90192.2630801632,85731.0342301544,143400
134897.184804399,128083.020331287,106840.666763405,90103.8343902198,85656.3318237084,143500
134840.196378731,128036.784000593,106761.06390571,90015.7871602914,85575.0295382956,143600
134791.31865821,127979.980605882,106689.429728016,89939.8107771789,85494.0130512021,143700
134738.846691909,127918.168518165,106621.946768881,89863.8552413303,85417.0330237423,143800
134677.217178026,127856.393367369,106552.971154843,89787.9206686921,85337.8312476821,143900
134615.550862337,127794.58644143,106477.629415254,89706.2397462398,85262.2623305648,144000
134560.329409904,127732.937818667,106402.014311722,89622.9443589274,85186.7608057001,144100
134513.566302356,127673.695782583,106330.813464081,89539.8099836357,85111.2851725878,144200
134466.023553874,127613.652938311,106264.651873931,89457.1367086361,85035.8355376901,144300
134412.133627283,127552.754347767,106195.10632861,89379.1994974612,84960.4120070688,144400
134358.325051607,127487.788906733,106123.682036533,89309.3194330423,84881.4345457398,144500
134304.672629487,127415.059083726,106050.24362003,89233.288517811,84797.8287363646,144600
134245.19029748,127342.309974021,105977.292394451,89144.4702790369,84714.2647642732,144700
134190.179429053,127269.541742165,105904.853658512,89060.2818965634,84630.7984443499,144800
134135.127135695,127195.427799735,105838.488284607,88986.605533289,84547.5600645477,144900
134080.033575132,127141.763556305,105773.249235338,88913.4799369402,84464.3633544753,145000
134038.88723641,127084.346330945,105700.554155195,88840.3721837603,84381.208407698,145100
133993.853978252,127027.600873801,105627.519116165,88764.1640199672,84298.0953173511,145200
133936.171106951,126975.540098133,105558.410769505,88674.0270976872,84218.7354123359,145300
133878.449671906,126908.79813659,105494.561690426,88598.8210753771,84142.3044276231,145400
133820.043935937,126868.330479313,105431.202239584,88523.636964174,84062.3621972487,145500
133759.736409994,126821.075969598,105356.907776359,88448.4748740679,83989.3177726247,145600
133691.069074874,126761.01256601,105288.480374665,88373.510692812,83912.8251178423,145700
133635.300155061,126700.784941274,105218.767500243,88299.0312033265,83836.422528683,145800
133579.491663114,126645.820384973,105150.977971094,88228.6492864307,83756.3231004369,145900
133523.643754127,126593.226215302,105080.704793455,88148.7120913763,83675.1488617478,146000
133467.756582898,126533.941948214,105005.21703014,88072.9985624385,83594.3337913521,146100
133411.413300499,126477.274115491,104934.78703582,87997.970886965,83513.5577099175,146200
133353.131183518,126426.909380856,104865.78157649,87922.9659916681,83427.9836274143,146300
133294.812253439,126374.363577428,104782.916574009,87847.9839834492,83351.5327946902,146400
133243.788690911,126301.159022052,104710.324132955,87773.0249688272,83270.7807483297,146500
133188.594723086,126227.436614234,104642.51550805,87698.0890539404,83196.8048124795,146600
133130.095844246,126181.35431515,104577.511184894,87623.1763445468,83123.7471536055,146700
133067.674675051,126138.490334484,104512.498696234,87548.2869460251,83050.7150990778,146800
133020.726172551,126095.063608549,104445.154889074,87473.4209633759,82977.7087466777,146900
132965.61140839,126041.21443119,104371.004163285,87398.5785012224,82904.7281938193,147000
132908.977403611,125967.68927035,104298.966697316,87319.5268975758,82831.7735375502,147100
132851.451584888,125894.001611065,104226.705367144,87243.4944702894,82758.8448745522,147200
132796.704518849,125833.496446432,104154.716450732,87167.4882963547,82686.0416043754,147300
132741.418670834,125789.990945421,104084.336031031,87092.7079289371,82604.0433400001,147400
132684.518206965,125738.564289676,104013.418318689,87012.3709746592,82509.4412859729,147500
132627.581225718,125676.686890944,103937.681640812,86928.013050133,82414.9099602611,147600
132570.607877582,125612.958383761,103865.43175721,86844.8043097572,82328.1270810179,147700
132521.71508234,125549.204674918,103791.028439906,86773.7391065784,82253.0491333747,147800
132475.79325238,125485.425913413,103716.808435826,86702.6926484147,82178.4751556864,147900
132429.826811414,125416.635680245,103642.493786494,86620.6502879188,82104.197187707,148000
132383.61571873,125347.33044982,103568.123725168,86532.5566664714,82018.1939950524,148100
132345.314849024,125285.881937792,103496.965100345,86444.5132313643,81930.9830961405,148200
132290.67571617,125233.726373843,103429.799334361,86356.5200648779,81843.8277738185,148300
132243.473256962,125173.792207203,103367.616603012,86268.5772488706,81759.6818326578,148400
132187.420037285,125116.193067489,103305.152203879,86180.6848647799,81684.9433589426,148500
132127.273473266,125058.260663421,103235.228586563,86092.842993624,81610.8559452058,148600
132067.094542191,125000.298485312,103165.20523059,86006.0646175144,81536.7988034642,148700
132016.415227687,124942.306675511,103097.447266713,85924.6230745067,81462.7720228932,148800
131982.787622099,124884.285376087,103034.129634944,85853.2767074514,81388.7756923113,148900
131949.109136534,124828.61457024,102968.633670286,85782.0124877383,81314.8099001807,149000
131915.379894146,124778.908594711,102893.057442322,85710.7688157807,81240.8747346079,149100
131870.412169649,124724.061222126,102822.321347597,85639.5457903928,81166.9702833454,149200
131821.943604091,124672.683459126,102752.46278101,85568.6281657043,81093.0966337919,149300
131759.738776479,124619.055377607,102681.051631381,85497.9064797655,81012.8283306372,149400
131697.362597984,124557.752073087,102609.64430138,85429.0232127688,80928.7493048729,149500
131634.724489277,124497.574142689,102538.240913527,85359.8422936041,80851.8172222025,149600
131572.057409611,124441.483261914,102476.496260146,85284.4211530467,80777.9761366679,149700
131509.361507222,124376.206751106,102405.281326328,85212.6467065296,80710.7926240285,149800
131446.636930047,124303.793142342,102341.333544745,85136.4004765048,80645.6486959682,149900
131383.883825719,124239.666095289,102271.981846809,85059.3802058648,80576.8508024228,150000
131321.102341573,124176.9593831,102200.170419438,84981.0073861968,80503.2266707611,150100
131258.292624646,124126.862878843,102135.672133368,84901.1228630207,80421.9621609832,150200
131219.125313849,124065.57075012,102069.153009388,84821.2758378809,80340.2392703175,150300
131180.938274121,123998.760124697,102008.984438678,84742.4136290047,80260.0449382675,150400
131142.704481464,123934.549748687,101944.962808174,84672.598903702,80186.0054921669,150500
131104.424060224,123883.785519671,101879.539155701,84605.0786188439,80112.3923405146,150600
131065.437063548,123832.987533511,101808.34371401,84530.843830442,80042.0774084866,150700
130986.335178872,123780.774505676,101732.836976894,84458.247360141,79972.4616067876,150800
130917.739087944,123723.031214473,101660.410973865,84375.7132333924,79903.1767558762,150900
130866.991828264,123648.606785509,101591.818039125,84293.2227619755,79833.9562648802,151000
130798.993932794,123587.279883175,101513.48305818,84213.5966833847,79764.7607606901,151100
130746.073079477,123533.046600441,101438.100648402,84140.5642948093,79696.733238698,151200
130691.209347525,123478.515721404,101359.366972272,84056.5070123333,79626.1183091827,151300
130631.185409263,123423.936616499,101277.229472105,83977.4952351696,79556.6753380056,151400
130590.14669922,123364.616264895,101195.364908797,83903.0051037592,79483.8815244436,151500
130548.365342754,123303.415249737,101126.931416476,83828.0825301916,79404.0716834641,151600
130505.398667642,123242.419370052,101059.647761865,83755.8152932166,79330.594591078,151700
130439.173593765,123181.844217588,100991.24760541,83680.6709960545,79257.1510866967,151800
130373.99637942,123120.790521641,100918.148193196,83603.478034393,79183.7412482728,151900
130307.407730966,123059.71375865,100850.608825577,83534.6539243223,79110.4609582363,152000
130241.176704448,123004.161028427,100782.064245159,83454.9606726239,79037.4838328356,152100
130174.827238861,122949.968238056,100712.346526719,83375.9435483017,78964.9057404754,152200
130108.381847055,122883.902673918,100640.635498844,83306.7483344557,78891.6432135244,152300
130057.897436494,122831.503386294,100568.93221302,83239.3466388843,78811.4489216907,152400
129997.020173972,122783.978281747,100495.715124715,83161.5015712848,78745.3082844416,152500
129930.873620866,122729.277901442,100421.414053191,83079.4737578357,78674.3348703089,152600
129876.750993172,122671.414413982,100346.986136129,82998.7864436543,78601.2798244401,152700
129822.595268833,122612.331014456,100271.272247545,82926.2610531848,78528.5246760533,152800
129764.986550908,122553.201357755,100195.915788906,82853.4560857465,78455.177798541,152900
129701.951482651,122494.047830788,100129.536800864,82773.5007617584,78382.5249989999,153000
129638.889083525,122434.870564095,100057.010238865,82701.9725858083,78305.4884470963,153100
129575.359657139,122374.216064546,99984.3602177622,82629.0531982888,78224.3439226056,153200
129522.539871762,122311.523624748,99915.7015022633,82560.3318551256,78145.2981024324,153300
129472.002730486,122246.308100925,99850.7706779014,82482.6726087633,78071.447207463,153400
129410.699196329,122179.844558869,99778.4439070041,82404.0718220705,77988.1374041815,153500
129348.369975945,122113.365339055,99709.4120347039,82325.511002547,77912.5953226189,153600
129286.970690597,122057.505441823,99644.8198233196,82247.5835836717,77839.2721471669,153700
129237.342111119,121999.257815353,99575.8688786019,82176.3203243568,77763.087222799,153800
129184.182693307,121937.816672852,99500.4550400038,82105.1167625436,77684.9040945802,153900
129131.283696997,121878.282234583,99428.4053743189,82031.6746306872,77613.5918935345,154000
129061.756853924,121825.671999295,99347.6287245269,81960.4089036024,77530.0585061774,154100
129000.660707937,121772.602763488,99275.6282154831,81889.0145939333,77457.3001422764,154200
128939.539299913,121706.623574992,99209.7211487212,81816.8843542262,77385.4854586272,154300
128878.392763413,121636.804003773,99140.8477343683,81736.6386156205,77302.8823896455,154400
128817.221231733,121581.810639242,99067.9932439224,81655.0291699691,77229.2218549114,154500
128756.0248379,121526.791240233,98993.0053753248,81576.7001683004,77159.9961135818,154600
128694.803714672,121471.745930415,98922.370161443,81497.6844846605,77090.8001707122,154700
128640.198678083,121416.066229469,98849.576563349,81417.1382196086,77018.1225610848,154800
128588.13104263,121360.17101598,98779.4941718859,81339.0153985434,76949.0003740878,154900
128535.45471688,121304.250988375,98707.0612443266,81266.0709033327,76880.2871874685,155000
128482.433769159,121250.374860678,98622.8991697941,81190.0356833225,76812.0001845393,155100
128429.381407689,121199.084237269,98554.4401078399,81116.6593578339,76725.6432797605,155200
128376.29775819,121148.197500772,98487.8480517801,81045.525848929,76646.373633469,155300
128323.182946152,121088.992479064,98412.4215115655,80976.3730989877,76576.5504836148,155400
128265.563218156,121026.905793678,98342.8849379954,80902.5130202849,76505.5001276554,155500
128197.416750266,120970.092566044,98276.2944035639,80830.5741980159,76428.0839377696,155600
128129.25366938,120906.634358536,98200.3283128896,80758.4559867153,76351.3142075361,155700
128061.074108445,120843.261338309,98126.0365360397,80685.7266160743,76274.5901407293,155800
128001.076249914,120781.273938107,98056.9760043944,80613.029550169,76197.911795037,155900
127949.865569188,120721.702373853,97986.0379834076,80540.3648622863,76121.2792278334,156000
127898.622822123,120651.406389546,97914.9465872045,80468.8159875405,76044.6924961797,156100
127847.348130953,120572.028314117,97841.7662908912,80397.6272634014,75968.1516568255,156200
127796.04161769,120511.296110349,97762.1729390068,80331.0915642174,75891.1530125239,156300
127744.703404128,120436.843742413,97682.0511458143,80259.777472727,75809.9471920283,156400
127693.333611843,120367.511224381,97608.0871459149,80188.4939092129,75731.2981699884,156500
127642.599962263,120300.244681213,97535.3499138428,80117.2409466609,75659.4605019791,156600
127592.545020752,120247.386329123,97467.6147442799,80046.0186577628,75587.5458296912,156700
127542.457769259,120186.577508346,97399.4644075321,79969.9318413148,75515.6162714125,156800
127492.338327459,120139.33302351,97334.3465390948,79893.2668547523,75441.5844598204,156900
127441.869422218,120097.533367771,97263.2037382714,79820.7263299254,75370.3927830215,157000
127390.74152092,120046.129620362,97188.3020550844,79748.2193535288,75299.4087289187,157100
127332.495298138,119988.566002817,97114.2067688451,79675.7459949606,75227.5143697593,157200
127279.579155517,119930.101152269,97038.914070313,79603.3063233241,75155.9291675527,157300
127228.068276419,119872.867325744,96963.5052994353,79530.9004074293,75084.4333084606,157400
127176.52691177,119826.105906974,96893.7149504148,79458.5283157928,75012.975189465,157500
127124.955180657,119768.088783843,96821.0783607994,79386.3158143112,74941.5548706989,157600
127075.424330993,119710.051779784,96746.3121314018,79315.3542818976,74864.6428690196,157700
127039.17146503,119649.585203815,96670.7487680188,79244.6148738977,74788.4278267208,157800
126989.169165988,119592.026434509,96598.9254975994,79173.9068654754,74718.6954083395,157900
126936.40085137,119540.200323263,96526.4124838173,79101.862055356,74649.2405429196,158000
126872.473977983,119484.490390655,96456.9658512248,79026.4193360056,74580.2280703311,158100
126814.893740062,119433.499904846,96388.3381891237,78948.4236563105,74511.249597588,158200
126762.950445088,119382.483479255,96316.5755298731,78870.8539181767,74434.6680645283,158300
126710.633551303,119331.441225944,96244.3417655792,78794.2105297381,74357.1683589083,158400
126658.287797273,119278.608478397,96174.3221918981,78714.7795756642,74279.7197585728,158500
126602.202098057,119213.540128078,96104.3153045173,78639.323704052,74202.3223092618,158600
126541.990324714,119148.069051688,96034.3211981044,78561.2504909438,74124.9760564197,158700
126481.756996524,119082.586651589,95964.3399670465,78483.2237172331,74047.6810451957,158800
126421.50223474,119017.093045483,95893.0974392044,78405.2434377349,73970.437320445,158900
126361.226160375,118951.588350814,95822.1241140276,78327.3097069641,73893.2449267293,159000
126300.928894199,118889.981077056,95748.8090690199,78249.4225791359,73818.9522874428,159100
126240.517862606,118835.005543641,95675.5123384535,78171.9840515254,73746.7299244818,159200
126179.916510563,118762.32614343,95602.2340136054,78092.7918952029,73674.5491715714,159300
126119.751798057,118699.834519364,95528.9741854628,78013.5059987673,73602.4100813275,159400
126066.02702471,118642.717030028,95455.7329447235,77934.2701175273,73530.7510557557,159500
126012.275610151,118578.824901516,95382.8992639339,77855.0843010699,73459.4277619479,159600
125958.497670007,118515.222766278,95309.7618753243,77776.8743522051,73390.4692554281,159700
125904.693319693,118451.60832296,95242.2034090533,77708.0658464954,73327.5501623823,159800
125850.267630914,118388.782276733,95175.8726499835,77639.3769782654,73252.8302113941,159900
125795.399320032,118328.756721915,95106.8894010218,77563.5821565849,73174.7577522404,160000
125733.526117679,118270.06888051,95032.854198468,77489.9226553332,73101.1974230401,160100
125681.146155836,118218.337686039,94954.5659069762,77411.0398405551,73029.3203374593,160200
125628.739064677,118166.583122763,94880.733310697,77333.7471352608,72957.4855271931,160300
125576.304957375,118111.294056013,94806.2574235435,77256.5016182467,72885.6930419727,160400
125519.966266901,118053.517990075,94734.4680751703,77180.8657066803,72813.9429312597,160500
125456.272520496,117999.194409578,94662.5758551326,77105.4591515807,72742.7493553808,160600
125392.55933392,117935.854235232,94598.8732886813,77027.8673148738,72667.4141325533,160700
125329.851617574,117877.765778032,94527.624405482,76950.2520640314,72589.4322748638,160800
125278.697937945,117819.660423795,94455.0647516141,76872.6852922752,72520.1975430111,160900
125227.442737231,117761.538282324,94387.2246553542,76796.2549598039,72454.5321525162,161000
125176.04194091,117703.399463196,94319.5683821387,76723.8746941173,72386.2350271631,161100
125124.614047994,117648.271115481,94246.7447088324,76647.6959706905,72314.7484510942,161200
125073.008341999,117594.669606646,94178.1852858468,76572.0126871067,72243.3047070896,161300
125010.847722018,117541.047528297,94112.5785009677,76495.6257437325,72171.2244194424,161400
124948.981745398,117487.404986773,94046.8218925624,76419.7917723113,72077.4931824263,161500
124894.783330897,117421.994344489,93979.3654868427,76350.2850937296,71983.8562516658,161600
124840.56062649,117355.848950726,93912.9578562027,76286.8131979662,71890.313610088,161700
124786.31374332,117288.607496062,93846.6276379747,76217.3561762769,71806.0131705886,161800
124732.042792321,117227.897876469,93780.308507882,76147.6619345603,71734.9040844865,161900
124676.812036609,117167.628786321,93714.0005528564,76078.002399223,71666.8456393294,162000
124619.005387033,117109.770549861,93642.2718083752,76008.377627429,71600.3813575822,162100
124566.129787832,117050.249438227,93574.8913489375,75938.7876760863,71537.4398515962,162200
124511.832631533,116991.694995537,93507.5238491444,75869.2326018467,71474.5382449164,162300
124452.264152046,116930.777511356,93436.0306980701,75799.7124611068,71411.6648406672,162400
124392.677017957,116870.742159082,93368.6582133344,75730.133116441,71348.8196950959,162500
124333.071341364,116811.914569917,93299.3720917337,75659.5795464759,71283.6660335053,162600
124273.447234147,116753.072444968,93229.1159116769,75589.063117119,71206.9121290087,162700
124213.80480796,116694.215890283,93162.2117663534,75518.5838821739,71141.1095656488,162800
124155.820100671,116634.937719063,93101.5353605395,75448.1418951893,71075.5717991064,162900
124097.832096695,116575.028642667,93034.7489250423,75377.7372094591,71010.3401485325,163000
124039.824496258,116518.445037237,92966.9666430747,75307.3698780235,70945.1416689806,163100
123981.797409374,116456.338995956,92899.1988557517,75237.0399536695,70879.9764117446,163200
123936.686780062,116397.497403418,92829.9875727314,75166.7474889315,70814.8444278836,163300
123898.378389661,116338.327360459,92765.7021081763,75096.4925360924,70749.7457682224,163400
123837.183471027,116277.518532403,92702.2293213672,75026.5247242295,70684.6804833522,163500
123787.780732519,116206.167045004,92631.9491977331,74956.7721400524,70619.6486236314,163600
123725.506873337,116137.660649508,92561.3702108973,74887.0564486538,70550.6296703731,163700
123668.730781253,116080.74977406,92490.810510835,74815.1191364247,70481.0498484919,163800
123618.547052733,116012.433893276,92420.2701775439,74742.1971279501,70406.8256679585,163900
123560.910507882,115944.115266116,92346.8513402395,74671.5279401687,70331.9192123275,164000
123499.385169208,115875.682200498,92276.4141737587,74606.0246570485,70267.636361062,164100
123450.195135407,115818.398881502,92212.6052753729,74540.3767420412,70200.1592696164,164200
123400.57394833,115761.613499058,92145.123081134,74470.5574756752,70129.3342321289,164300
123350.844079698,115702.724081693,92075.0471922233,74398.4579804567,70058.7904180642,164400
123300.589705736,115642.878824148,92000.5200557898,74327.8379029095,69988.291677268,164500
123246.702034373,115573.42593627,91928.0637917393,74249.8341518174,69917.8380479529,164600
123185.862959287,115503.972343809,91856.3977480963,74179.0307005104,69847.429568091,164700
123124.433346389,115439.817718798,91781.3074067987,74103.1971080345,69777.0662754145,164800
123062.989058563,115387.366367625,91715.9194521911,74036.2147457816,69706.748207416,164900
123001.530203278,115334.896437365,91649.8384056936,73969.4428430383,69638.6370117024,165000
122942.595852506,115282.40802642,91582.5356638565,73902.4109267242,69571.408634226,165100
122891.421790026,115229.612353501,91517.4784392956,73829.0836158526,69498.6826890295,165200
122840.22404972,115176.58894144,91447.8662209503,73755.8020582601,69426.007332465,165300
122789.00273336,115123.547836935,91378.9178022529,73682.5662948232,69354.954945729,165400
122737.18660578,115070.489137814,91312.2104342221,73609.3763661711,69284.6168273404,165500
122684.286631109,115017.412941721,91243.0129315506,73536.2323126866,69214.3247787005,165600
122630.168248924,114964.319346107,91175.4561080755,73465.0306743541,69144.0788348401,165700
122569.558712145,114908.978789845,91104.6130920296,73393.9615516928,69073.879030556,165800
122505.342810556,114850.056017338,91034.8583760588,73321.3483205627,69003.7254004116,165900
122440.701755133,114791.121792581,90968.6608443377,73256.0834672434,68933.6179787379,166000
122376.05039946,114732.176214436,90904.89947801,73186.7855879668,68863.5567996339,166100
122311.388849316,114672.929122256,90840.3152608356,73117.1666384493,68793.5418969672,166200
122246.717210252,114612.859007481,90771.3968198582,73047.6961559987,68723.573304375,166300
122182.035587596,114552.778949966,90701.896334935,72978.2787911339,68653.6510552642,166400
122117.344086448,114492.689048091,90635.3750601043,72908.9010843076,68583.7751828127,166500
122052.642811686,114432.589400029,90563.7766368452,72839.5630794537,68510.1560694694,166600
121987.931867962,114372.480103744,90494.0335080271,72770.2648202744,68435.4345870716,166700
121923.211359704,114312.337869796,90424.7170144709,72701.0063502407,68360.7700058016,166800
121859.073510248,114244.340206222,90355.4211474591,72631.7877125934,68286.1623467311,166900
121795.096618055,114179.670389294,90281.1339565696,72562.6891731299,68211.6116306978,167000
121731.109736271,114114.280654793,90207.0673171923,72494.2758561149,68137.1178783065,167100
121675.472228428,114061.493644633,90141.7056485993,72425.901113675,68062.6811099295,167200
121621.465474037,114000.497693803,90078.7943050013,72357.5649893459,67988.3013457081,167300
121567.439260741,113923.532568664,90008.5048935666,72289.2675264376,67913.9786055521,167400
121513.393687632,113843.251689044,89940.7413316219,72221.2206586305,67839.7129091418,167500
121459.055984754,113771.054624587,89877.0350708843,72153.3979095949,67771.0562925126,167600
121404.253785974,113712.110437075,89810.2402351186,72085.6132515982,67710.6659202482,167700
121349.433216224,113656.054116306,89744.5424524819,72017.8667275526,67642.9381448431,167800
121294.594374116,113599.985139056,89677.8352054445,71950.1583801484,67581.7282115058,167900
121239.737358077,113543.903599347,89611.1457815228,71882.4882518551,67520.549943101,168000
121177.66568387,113487.809591013,89540.6628322491,71817.7832877766,67459.7271922537,168100
121112.479799179,113428.294144632,89473.0822832774,71755.7761685253,67398.9524574477,168200
121047.286245505,113364.89830103,89403.6384686011,71693.7973057301,67333.9763548077,168300
120983.330649647,113301.260904162,89332.7202389847,71631.8467487498,67264.9876424285,168400
120932.07076791,113237.619299544,89262.4429043596,71561.4581863471,67196.0459231063,168500
120880.790033553,113173.973581765,89198.0915931561,71489.2063814393,67127.1512253522,168600
120829.488541998,113110.323845202,89133.7554775838,71417.0024275554,67058.3035774621,168700
120778.166388494,113046.670184018,89067.0246403398,71344.8463568367,66989.5030075173,168800
120726.823668119,112983.012692166,88992.8031390147,71273.0585053254,66920.7495433851,168900
120675.460475778,112919.266868632,88926.6956505082,71211.0988106909,66852.0432127193,169000
120624.076906206,112855.686591202,88860.6061990316,71149.8689241561,66783.3840429611,169100
120572.673053963,112792.018168937,88796.9589761098,71087.4375924527,66713.3208319558,169200
120521.249013443,112728.346289695,88733.6592421773,71015.7903728243,66639.3874353875,169300
120469.804878863,112666.030553446,88669.5755408484,70946.5510732517,66565.5236880934,169400
120418.340744274,112603.887568617,88605.0030091809,70881.0055598017,66491.7186863458,169500
120366.856703554,112547.074714154,88536.0876557668,70811.6207130436,66417.972443627,169600
120314.0359222,112492.287282515,88466.5115300383,70737.2804292476,66344.2849732039,169700
120259.593291241,112434.752485316,88400.3109938432,70663.3900686985,66270.6562881286,169800
120205.13360844,112377.2037499,88334.129373204,70591.1376805389,66197.0864012395,169900
120150.321825576,112319.645568966,88267.9667358566,70522.8805064138,66123.5753251617,170000
120088.482444495,112271.286549847,88199.7059499257,70454.6650136095,66050.1230723078,170100
120022.603938021,112215.760214968,88128.9815442147,70386.5428712533,65976.5964501907,170200
119956.720216418,112165.899647755,88061.9642915054,70319.4791976192,65902.2144310462,170300
119898.102181791,112112.368777997,87996.2447812746,70250.6524256733,65829.7897195357,170400
119838.187989804,112056.987085721,87933.3271512236,70180.9824968093,65756.1253589492,170500
119764.869907462,111995.5090713,87866.7925972286,70113.3593026139,65682.671292507,170600
119691.555721427,111928.372618575,87793.9028696216,70049.4886813562,65617.3166399517,170700
119625.681031481,111861.23817853,87721.7132116406,69983.2208691921,65554.2507456446,170800
119564.186540273,111801.211752799,87652.9925696014,69915.712830713,65493.2658750787,170900
119515.577242131,111743.564059937,87582.7536007156,69848.2460091861,65432.315341369,171000
119466.946863102,111685.907906111,87512.5410360994,69780.820438928,65371.3991804372,171100
119418.295492732,111626.989155396,87440.8261164362,69713.4361540501,65302.8371405757,171200
119369.623220408,111567.938440358,87370.5341359528,69646.093188459,65235.3098830297,171300
119320.930135362,111508.881049125,87300.268996541,69578.791575857,65171.3928878966,171400
119272.216326671,111449.81706968,87230.0307590259,69511.5313497433,65107.5164034246,171500
119223.481883253,111388.268244889,87162.015502948,69444.3125434133,65043.6804590866,171600
119174.726893871,111320.904032636,87094.9760709106,69377.1351899604,64979.8850841642,171700
119125.951447133,111253.542909405,87027.9586831776,69306.5361665936,64915.3235256149,171800
119077.023005273,111194.024475362,86961.1404292959,69232.0476143739,64845.8998587553,171900
119012.087934326,111138.178041219,86895.1067739165,69157.6157519423,64775.4185569242,172000
118940.649152228,111082.299520957,86829.0939321264,69083.2405958037,64704.9919904379,172100
118869.006328831,111024.981561652,86763.1019667643,69008.922162253,64634.6201727523,172200
118797.340973278,110956.720697596,86696.8275717553,68935.0853411295,64564.3031171264,172300
118725.519040181,110885.009718056,86626.8981966253,68864.7225086557,64494.0408366224,172400
118653.700692922,110812.574220501,86563.9320844956,68801.8425449966,64423.833344107,172500
118581.886023794,110740.148827152,86498.6803245761,68739.2063396991,64353.6806522514,172600
118510.075124867,110673.035733083,86433.4488137651,68668.7643156777,64283.5827735322,172700
118438.268087988,110620.93450072,86371.0610050116,68596.297988279,64213.5397202319,172800
118366.46500478,110552.327704407,86311.9407102415,68524.764733264,64143.5515044399,172900
118294.554245646,110485.215745135,86247.4660390463,68455.0826289832,64073.6181380525,173000
118222.012038376,110424.959325629,86173.2916973302,68393.6820578967,64003.7396327739,173100
118149.474885484,110364.699160217,86098.2419687205,68332.313961437,63934.4813836721,173200
118076.942877762,110296.248003953,86029.9230406843,68260.8920672407,63858.3475611887,173300
118004.416105778,110237.70665962,85964.5000938891,68187.9899325451,63782.2834333204,173400
117931.894659878,110180.619949573,85899.008249673,68115.6982397878,63718.3390058494,173500
117859.378630185,110123.526221116,85829.0699153569,68043.4607341187,63656.6353540034,173600
117788.233311534,110066.425557919,85762.657312282,67977.9881796605,63586.7598305826,173700
117727.886360195,110012.366957595,85697.6359475569,67914.7959151743,63516.9399973471,173800
117667.53144214,109956.283039585,85632.6355449256,67852.2017837123,63447.596891735,173900
117616.625735721,109911.828040772,85567.6561640569,67789.6429263038,63378.6879362221,174000
117566.204336502,109859.318212015,85502.6978644234,67727.119377515,63309.8329669087,174100
117515.766007826,109792.559236424,85437.7607053013,67664.6311717303,63239.7868655929,174200
117465.310834477,109735.52960257,85372.8447457717,67602.1783431518,63169.4029321514,174300
117414.838901085,109685.095451608,85309.9803126768,67534.4413276853,63103.3153627432,174400
117364.350292125,109634.524226887,85247.2925477942,67462.8994436009,63034.1578240025,174500
117294.827823874,109582.691267723,85184.6228854866,67399.0780288221,62965.3439312561,174600
117223.114708592,109519.850003963,85119.7911798234,67335.2951228451,62900.958698894,174700
117151.407277833,109448.621430684,85051.7356319382,67271.5507558577,62838.7831016184,174800
117079.705618741,109383.663952246,84982.0118669384,67207.8958095305,62776.6484554709,174900
117008.885130583,109326.091351926,84914.5839510602,67145.2156771253,62714.5547839947,175000
116949.613866496,109269.119296472,84848.3495604355,67082.6383160176,62652.5021105599,175100
116890.334545928,109208.882644627,84782.1391826877,67013.4551990821,62590.4904583638,175200
116831.047255067,109148.257644966,84715.9528737824,66943.2957941584,62528.7993056138,175300
116771.752079924,109095.661402206,84647.1277140804,66873.1881458825,62467.2812874563,175400
116712.449106335,109040.374611731,84576.6230552698,66803.1322703048,62405.6598404351,175500
116653.138419959,108983.816821725,84506.0972301028,66733.1281832885,62338.8285963092,175600
116593.820106282,108926.534194774,84440.778732691,66663.1759005099,62272.0487637241,175700
116534.494250611,108868.13323115,84378.9909370862,66593.275437459,62205.3203537797,175800
116475.160938081,108804.925259958,84313.9436639479,66523.42680944,62138.6433774013,175900
116415.82025365,108741.71888022,84245.7552419619,66455.6788838817,62072.0178453401,176000
116360.512373671,108678.514171714,84179.394274141,66388.1334556417,62007.6442339228,176100
116307.710546717,108615.311214036,84115.9710798773,66313.9989489951,61944.3778056496,176200
116254.895239479,108552.110086596,84050.3391597578,66248.7107418684,61877.4622229953,176300
116201.930955027,108490.326841174,83984.7505163459,66183.4726657801,61810.599039584,176400
116148.172613245,108440.637803259,83916.1273035063,66118.2776269034,61743.7882643119,176500
116094.248772552,108392.710791038,83850.5219902089,66053.1256486864,61677.0299059033,176600
116040.312890719,108344.770307137,83788.005865975,65988.4355415712,61610.323972912,176700
115986.365049862,108295.805908681,83725.3072726016,65923.8374944162,61543.6704737212,176800
115932.405331942,108234.472787341,83657.9837323593,65859.2816158966,61477.0694165446,176900
115878.433818761,108172.9137846,83590.6876581872,65794.7679297917,61410.5565935593,177000
115824.450591966,108110.646485104,83525.1662433232,65730.2964597073,61344.1143557266,177100
115770.455733048,108038.371235129,83461.2248383089,65665.8672290752,61280.9187196149,177200
115716.449323341,107960.372139277,83397.3058466401,65601.4802611547,61221.6780727049,177300
115662.431444026,107901.287229813,83331.6973502102,65537.1355790323,61162.4736080546,177400
115608.402176125,107842.2003974,83269.5353168549,65472.8332056225,61094.6985809625,177500
115554.361600508,107783.111719202,83205.6838850428,65402.312504671,61026.9792884024,177600
115500.309797889,107724.021272214,83141.8550791853,65331.3822523091,60959.3157333389,177700
115431.230819535,107664.92913326,83072.0557305185,65260.7360037321,60891.7079185711,177800
115361.167641305,107605.835378996,83002.3231526307,65192.5370636171,60824.155846733,177900
115291.110690529,107546.740085911,82932.8890369408,65130.4339796834,60756.6595202943,178000
115221.060048438,107487.643330326,82863.4870044047,65064.3017564825,60689.218941561,178100
115150.852524493,107428.746127402,82792.9112456423,64994.7064114737,60621.8341126753,178200
115083.748651865,107370.537545837,82723.1860804641,64925.1651024767,60554.505035617,178300
115029.469792459,107312.362621811,82652.7214817693,64859.9972933635,60487.2317122034,178400
114983.878802938,107253.153647944,82586.1747637862,64798.3258198214,60420.0141440902,178500
114938.270108427,107194.756333766,82523.3628131292,64737.1959686802,60356.3891267907,178600
114876.026438056,107135.305430552,82466.6633344105,64676.1035312674,60294.7336386378,178700
114814.446235912,107077.101010786,82408.0506699526,64615.1166695295,60229.7093535996,178800
114761.443431489,107018.894766002,82345.506667704,64554.619402216,60156.6785184804,178900
114708.222348594,106960.105994838,82279.372744585,64489.9697869717,60090.7161276383,179000
114654.212600939,106901.161356909,82205.3840245816,64424.8255862734,60029.4719492435,179100
114600.192602641,106842.215896357,82137.5649217434,64360.7884949802,59965.2336262674,179200
114546.162431999,106783.269687521,82065.5363493421,64295.7201368777,59894.5118061524,179300
114492.122167163,106724.322804573,81992.9573515933,64237.6118955593,59829.1072527499,179400
114436.34348058,106665.402795612,81922.1964726668,64179.5363279567,59763.8720272186,179500
114372.825409001,106609.425361693,81854.3239967316,64121.493462607,59698.6894032128,179600
114309.307201086,106553.444290125,81786.4824664159,64063.7956269863,59633.559384405,179700
114245.788935645,106494.957984657,81718.671926193,64006.3563797526,59571.4248059964,179800
114192.464712361,106435.349758005,81650.8924203537,63944.2081457571,59512.6932580047,179900
114138.678734172,106375.551527052,81583.1439930062,63881.3657725174,59454.0012781936,180000
114087.823807143,106315.754098013,81514.1080007446,63818.5654752526,59395.3488841054,180100
114031.875675404,106257.235321833,81443.3555578301,63755.6323759603,59336.7360931347,180200
113978.952663268,106198.484090544,81380.0856202729,63689.0785609338,59268.286477307,180300
113926.019174421,106139.732712339,81312.4619443454,63622.675348025,59199.981517263,180400
113873.075285104,106078.376890403,81246.4953679405,63557.3346955426,59131.8432961835,180500
113820.121071416,106017.867160319,81181.3353287478,63498.5747322262,59063.7654225129,180600
113767.15660931,105958.64520931,81117.1669473778,63440.0309447926,58999.307258424,180700
113714.036169478,105896.214444144,81052.245373102,63377.52154463,58938.436528773,180800
113660.826960116,105833.853387931,80987.7521776204,63314.7243433501,58877.6106389547,180900
113607.607932504,105772.708443392,80922.0478018968,63253.6461706061,58816.8814944272,181000
113554.379162087,105712.598259064,80857.2200758897,63191.3654267707,58756.3337752019,181100
113501.140724168,105652.490023039,80792.7176595567,63129.1526004239,58695.8305023213,181200
113447.892693907,105592.383806376,80728.4756588895,63066.9818415182,58635.3716865932,181300
113394.50379295,105532.279679975,80663.7628428504,63005.9081794045,58574.9573386798,181400
113340.61028333,105472.177714572,80597.8595988427,62947.2394829732,58514.5874690986,181500
113284.313869431,105412.077980744,80531.9858290627,62888.6063521132,58454.2620882227,181600
113218.721834211,105351.980548907,80466.141576166,62830.0088102268,58393.9812062809,181700
113153.133574295,105290.647629362,80403.3870544265,62771.4468805689,58333.7448333586,181800
113091.035008516,105226.702366594,80342.4672637617,62712.9205862471,58267.8634764719,181900
113037.695530123,105163.152306747,80277.4114302559,62645.6640564144,58200.9088502063,182000
112984.301036797,105105.180586881,80212.3840979173,62578.1809885979,58134.0136179212,182100
112929.835291895,105037.264336092,80146.7932030119,62510.7518119303,58067.1777709477,182200
112864.496705493,104972.645418323,80079.1668875375,62443.6144451767,58000.4034697229,182300
112785.551867964,104914.799826472,80010.0955170902,62380.9104843175,57933.6911740899,182400
112706.124023256,104856.954599393,79940.0621234808,62317.3254572851,57867.038226346,182500
112626.718373398,104799.109806154,79869.5311534687,62248.3241351226,57800.4446172714,182600
112562.283559827,104741.26551567,79806.3154093613,62179.3805692187,57733.1403060261,182700
112508.682085538,104683.421796703,79739.1609954718,62110.4947573171,57665.5021305753,182800
112455.072564005,104625.578717864,79670.2758068533,62041.6666970109,57597.9299094194,182900
112401.455067828,104567.103815253,79602.1001392949,61973.0221998808,57530.6359533519,183000
112347.829669465,104507.165866672,79540.3791908784,61908.7437214853,57467.2079966173,183100
112284.982033922,104447.231126014,79478.0220427406,61846.7756161962,57402.7280390627,183200
112218.887473537,104386.63613451,79413.7976752762,61783.3167555428,57342.2304688979,183300
112152.798519682,104320.114336022,79351.234463502,61715.3839293113,57275.4546627927,183400
112094.262401786,104251.99977687,79291.1774139914,61647.5175617686,57211.3466240422,183500
112043.573528228,104183.898818733,79231.4187572796,61579.7075372098,57149.6204990489,183600
111992.874355038,104115.811526751,79172.4058664538,61511.7129727133,57088.3053105302,183700
111942.164953093,104047.737965891,79109.5238834945,61443.9174600171,57022.9718321002,183800
111891.445393139,103979.678200942,79046.7306846873,61376.4141351541,56957.5223513643,183900
111840.715745792,103911.632296521,78983.2117246141,61308.9668921452,56894.6393305936,184000
111789.976081535,103849.411714663,78919.7205305766,61242.6440832052,56833.6837255339,184100
111739.226470724,103790.123924788,78856.2571429865,61175.0710407758,56772.7766959887,184200
111688.466983582,103730.839410809,78792.8216020964,61107.5545462654,56711.9615575737,184300
111637.697690204,103671.558238939,78729.1308907594,61040.0945965572,56651.2932219987,184400
111586.918660552,103612.280475238,78664.5566974149,60972.6911883915,56590.6731478765,184500
111536.129964462,103553.006185616,78600.0123806778,60905.6987127891,56530.1013372102,184600
111485.331671637,103493.735435832,78535.4979789257,60843.1326698742,56469.5777918711,184700
111434.523851654,103434.468291492,78471.6248641533,60780.6396053576,56409.1025135989,184800
111383.706573958,103375.204818055,78409.2550629903,60712.8574158431,56348.6755040027,184900
111332.879907866,103315.945080827,78343.1872794772,60645.1330786141,56286.508329496,185000
111282.043922568,103256.689144965,78275.1309974114,60577.4665878827,56222.8210839639,185100
111231.198687122,103197.081090795,78208.132057446,60509.8579377216,56159.1895103666,185200
111180.344270461,103137.270269604,78141.1677428683,60442.427982917,56095.6136004909,185300
111123.364407496,103077.464130773,78076.3901757516,60375.3771862033,56032.1019573282,185400
111062.675306399,103017.662738724,78013.6991885628,60313.6077457156,55968.9680911272,185500
111001.724673963,102957.866157729,77951.035938316,60254.2056631251,55905.8891699749,185600
110940.681146439,102898.07445191,77893.4212902634,60196.0460208183,55844.9696908657,185700
110879.639035582,102838.287685238,77836.337255156,60138.5529196112,55789.3019783799,185800
110818.099594761,102778.505921538,77775.4405830512,60077.5653737436,55733.6736683599,185900
110755.263385515,102719.38885177,77713.3354123394,60021.6353094004,55678.084770957,186000
110685.191473613,102661.06465882,77651.2574203126,59964.8341201286,55622.5352961981,186100
110615.131993745,102602.64700925,77586.4918591656,59907.203398059,55567.025253987,186200
110559.912989581,102543.039163466,77521.1656013698,59849.610801047,55508.1887809666,186300
110505.558224921,102483.436441327,77455.8720692933,59786.7787283052,55448.4099650204,186400
110451.198415095,102423.838905818,77390.6112968341,59722.296218216,55388.8404340312,186500
110390.523104785,102365.573658726,77325.3833177342,59663.7558837345,55329.0552743901,186600
110329.808460085,102306.762214051,77260.1881655803,59606.0782846314,55269.3187778653,186700
110269.095594954,102246.710192279,77196.2816619528,59548.7006299529,55209.6309431795,186800
110208.288997593,102181.641265534,77135.750611505,59491.3611616046,55149.9917689324,186900
110147.26924063,102113.905386603,77070.5904114126,59431.7891251744,55090.4012536018,187000
110086.164818433,102046.185309236,77007.0106835146,59371.4524298445,55030.8593955431,187100
110024.858802703,101980.672183942,76945.5277371353,59313.8949818361,54971.3661929904,187200
109963.555559636,101916.911568807,76883.303796369,59257.4650074095,54908.8342386921,187300
109902.255156131,101852.812776526,76818.2390219663,59198.7663877787,54845.9401150938,187400
109840.957658938,101788.725315469,76753.3145836057,59134.591872115,54783.102466658,187500
109779.663134656,101724.649245877,76693.5330514424,59070.4701460519,54720.3212809875,187600
109718.747227934,101660.041861536,76633.7764584151,59007.506856533,54657.5965455676,187700
109658.249457115,101601.434475666,76572.8267535165,58946.6173466605,54600.1054854352,187800
109613.408497534,101536.375453117,76505.1606651442,58885.7739953759,54543.0872230277,187900
109568.971505623,101468.460081595,76443.6359998087,58824.9352361346,54486.1131054474,188000
109510.918297728,101404.441867549,76382.1392322242,58756.9089677496,54429.1831351611,188100
109451.193910129,101340.435403174,76318.9901596552,58688.9448056104,54372.2973145182,188200
109391.471253243,101276.440747632,76255.6956193844,58621.1542630352,54315.455645751,188300
109331.750392573,101212.457959931,76193.9916564849,58562.1408013552,54258.6581309751,188400
109271.841258099,101148.487098926,76132.1737112123,58503.3600822836,54199.9325528688,188500
109211.328545204,101084.528223318,76069.3299853996,58445.1238022318,54140.8272674584,188600
109150.818672179,101020.581391658,76010.8634430747,58386.9290788483,54081.9674292747,188700
109090.311703945,100956.646662342,75952.3640740129,58325.1752314534,54023.1564097545,188800
109029.807705276,100892.724093617,75893.164725794,58263.9306289433,53964.3942048746,188900
108969.306740803,100830.166061788,75831.7022920811,58204.3647292248,53905.6808104972,189000
108908.808875016,100773.367830659,75769.9410747234,58138.6454237251,53847.0162223704,189100
108848.314172259,100717.522860092,75711.4289101528,58074.0897673923,53788.4004361284,189200
108787.512601899,100661.881606659,75649.5162225107,58011.0577318726,53729.8334472921,189300
108721.709833874,100599.246999354,75591.4092953655,57948.0779545939,53671.3152512692,189400
108655.916593875,100535.827959479,75534.3547171766,57885.1504309707,53612.8458433548,189500
108590.132944732,100461.767008632,75473.1973364531,57822.2751562963,53554.4252187318,189600
108535.833307629,100407.443141129,75412.1422182215,57759.4521257434,53496.053372471,189700
108484.77081195,100352.869356614,75352.9771559231,57696.6813343639,53436.6176932121,189800
108427.095830174,100298.297474463,75288.7168548254,57633.9627770901,53376.9994197167,189900
108367.400844301,100241.851372625,75222.7445549681,57571.2964487343,53317.4328797399,190000
108307.708761828,100181.228889077,75159.4790466282,57508.6823439899,53257.9180641003,190100
108254.81469634,100118.079324215,75099.0625971,57446.5391687438,53198.4549635077,190200
108204.338039557,100054.735775716,75041.6323373389,57384.9491303163,53139.0435685625,190300
108153.855053712,99991.4046960254,74983.1368539523,57323.4555443675,53079.6838697568,190400
108103.365800979,99928.0861411896,74923.5951128471,57262.0121251649,53020.3758574746,190500
108052.870343417,99864.7801671077,74861.2088586056,57200.6188692416,52961.1195219921,190600
108002.200749609,99800.202271773,74799.6555099954,57140.0294129205,52901.914853478,190700
107950.517243252,99735.4002462279,74738.9345315635,57076.9131991782,52842.7618419941,190800
107878.591461884,99670.612922488,74677.1289550856,57016.0182802785,52783.6604774957,190900
107808.640897037,99605.8403552378,74613.919804288,56960.2085778791,52724.6107498315,191000
107754.438100195,99541.0825990131,74548.5560089499,56904.4379767754,52665.6126487447,191100
107699.964846933,99476.3397082016,74486.1210375674,56843.8292357824,52606.6661638727,191200
107644.901144676,99411.6077377759,74423.7179998113,56782.3913371056,52547.7712847481,191300
107589.836272445,99346.74909331,74361.3819049826,56721.1582339585,52488.9280007983,191400
107534.770291535,99281.9056633719,74300.0118503022,56659.9757073121,52430.1363013468,191500
107472.853351472,99217.0775016982,74237.6052028028,56598.8437521051,52371.3961756128,191600
107410.635568128,99152.3382468014,74175.0010482562,56537.7623631633,52312.7076127118,191700
107359.593924448,99099.9963841617,74112.4295268395,56476.7315351992,52254.0706016563,191800
107308.54737129,99037.5233347823,74049.9719731045,56416.3878934299,52195.4851313558,191900
107257.495969108,98973.2857832669,73985.9635590251,56357.4889543342,52138.1275795957,192000
107206.439778239,98909.0630685091,73921.2695601316,56298.6362442712,52081.4875551725,192100
107153.704593082,98844.8552436197,73855.5501487446,56238.5310697736,52025.2301472291,192200
107099.463798691,98780.6623615648,73790.6036149016,56177.7947258901,51969.733694213,192300
107045.22151895,98716.4844751663,73726.4737863855,56118.6561356637,51914.2824028987,192400
106990.977814004,98652.3216371025,73667.6127358252,56056.738743831,51858.8762696448,192500
106936.318745979,98588.1738999077,73607.0893718304,55994.8745566291,51803.5152907081,192600
106877.320554367,98524.0413159728,73544.4460931512,55933.0635643821,51748.1994622433,192700
106826.165761718,98459.9239375458,73481.8363397713,55871.3057573055,51692.9287803039,192800
106772.788976191,98395.8218167316,73422.894530346,55809.6011255063,51637.7032408423,192900
106718.53553728,98331.7350054924,73364.4136542241,55747.949658984,51582.6168386898,193000
106664.281035417,98270.1069781652,73299.1092914813,55686.3699743992,51527.624195896,193100
106610.025529897,98217.6653620581,73232.9326357318,55624.8995184855,51472.6763797335,193200
106555.482523804,98165.2255524952,73171.576523751,55565.8617593428,51417.7733861224,193300
106500.841832225,98103.8677750349,73108.1614775719,55507.7301943067,51362.9152108833,193400
106446.20070907,98042.2781185339,73044.5089139409,55449.6993890814,51309.2121633767,193500
106389.506565207,97982.6822442172,72982.1682758892,55391.7144601835,51255.9942662517,193600
106331.054524953,97938.7186978554,72919.8613893892,55333.7754058555,51200.1857903391,193700
106272.606282663,97894.7488464358,72858.7802214007,55275.8822242334,51143.5858470827,193800
106214.161896596,97849.5960740203,72798.263869431,55218.0349133472,51088.7459148287,193900
106155.721424883,97779.981694205,72737.7784625948,55160.2334711211,51032.8714363311,194000
106097.284925523,97709.7998852396,72677.3240272215,55102.9754778117,50976.5740386504,194100
106038.852456392,97639.6425476487,72616.1402935699,55045.8772972788,50920.325230777,194200
105980.424075235,97569.465275009,72556.508175546,54988.0636785379,50864.1250028388,194300
105921.99983967,97505.9870277037,72496.1468112687,54929.9388265922,50807.9733448682,194400
105863.345144849,97449.6885527089,72434.5104665532,54871.9142098835,50751.8702468028,194500
105804.645131749,97385.5580318208,72374.4829729601,54811.2764060213,50695.8156984857,194600
105745.949744072,97317.7212121532,72317.5793367392,54749.4916492846,50633.1348739646,194700
105687.2590389,97249.9059942214,72261.7684287696,54687.9557558648,50573.9006143907,194800
105628.573073191,97182.1124250495,72201.9659529847,54630.0418293045,50517.3431888722,194900
105569.891903776,97120.6125685041,72141.480546973,54574.7832332764,50460.8357297019,195000
105511.215587356,97058.7995183432,72078.3064680808,54519.6747162032,50404.3782243263,195100
105452.544180509,96996.2258818542,72014.4376409176,54464.6075571794,50348.389309717,195200
105393.877739686,96940.2124383413,71950.1272059448,54409.5817579529,50293.1761156578,195300
105335.216321209,96884.6860971003,71885.9882055596,54354.5973201708,50238.0102998931,195400
105276.559981278,96829.1662094055,71824.4600455544,54296.6658991114,50182.8918528247,195500
105217.908775964,96773.6528265451,71762.4187234766,54237.1604138866,50127.8207647629,195600
105159.262761215,96717.9572462974,71703.1508622399,54177.7059869034,50072.7970259264,195700
105100.621992851,96660.9336723272,71639.9740315754,54118.3026076962,50016.1039496685,195800
105041.986526569,96603.9186568901,71576.8342028184,54058.9502657015,49957.9013231626,195900
104983.35641794,96545.6782092097,71514.8126938577,53999.6489502577,49899.7534277038,196000
104924.73172241,96479.0135358341,71453.0537071509,53940.398650606,49841.9417432026,196100
104866.112495301,96412.3699591239,71391.329494192,53881.1993558902,49785.8617512215,196200
104807.498791811,96352.712725279,71330.5631084494,53822.0510551574,49729.831943822,196300
104748.890667014,96293.8913937892,71270.2572151342,53762.9537373583,49673.8523067536,196400
104690.288175858,96234.9053856172,71209.9838974124,53703.9073913473,49617.9228256781,196500
104631.69137317,96175.9306225818,71149.7431776552,53644.9120058831,49562.0434861703,196600
104573.100313651,96116.9671536203,71087.6052370399,53586.1445325804,49506.2142737181,196700
104514.51505188,96058.0150275462,71024.2216256914,53531.5976425728,49450.6319016084,196800
104455.935642313,95999.0742930493,70960.8762307602,53477.2641228522,49395.2067564802,196900
104396.218379867,95939.1894323865,70900.2889718791,53422.7287332824,49339.8310211999,197000
104336.345390412,95876.5236670873,70838.2849302756,53363.1867387291,49284.7523260044,197100
104280.475507851,95813.8741910119,70778.9932045439,53303.6973964813,49232.9945703405,197200
104222.166292265,95757.9530361793,70721.8713787949,53244.2606923241,49176.4377075142,197300
104163.86292765,95706.0193136335,70665.3602577167,53184.8766119499,49118.9770383311,197400
104106.138307878,95648.7901863897,70607.8199148999,53126.6275665482,49062.8444717791,197500
104050.828533719,95590.4004520283,70550.4068996719,53069.3869183558,49011.1362967452,197600
103995.521510454,95531.7378928508,70495.6265490534,53012.1943774797,48960.4629221154,197700
103940.217291866,95473.0869145814,70439.586406791,52955.0499350466,48909.829448127,197800
103884.471547623,95413.0789578233,70379.9661110134,52898.0549321331,48859.2358720001,197900
103823.656324626,95352.2226349998,70318.4056461503,52841.3357521713,48803.7806028774,198000
103760.227249033,95296.7164939024,70256.8814378474,52784.6639253989,48746.6474075372,198100
103697.01390812,95239.9257370139,70199.022613048,52728.0394434988,48689.5686940986,198200
103638.749348368,95182.065615032,70142.0206338128,52671.4622980628,48632.5444403307,198300
103580.491189359,95124.2164732113,70080.728265948,52614.932480591,48575.5746239243,198400
103522.239483644,95066.3783586335,70018.7704257051,52555.7372569251,48518.6592224921,198500
103463.994283654,95008.5513182623,69956.8499164729,52497.5657606605,48461.7982135691,198600
103405.735928107,94950.7353989432,69894.9667539665,52443.4714514215,48404.991574613,198700
103347.13250323,94892.9306474038,69833.1209537848,52389.2863171804,48348.2392830041,198800
103288.536164547,94835.1371102543,69770.5147263781,52332.9930088658,48293.4844634125,198900
103229.946963931,94777.3155563155,69709.0363908404,52274.8014905172,48238.8341328639,199000
103171.364953139,94718.3592330123,69648.668103167,52218.8456259079,48184.3963826073,199100
103112.790183808,94659.415755193,69589.4512821365,52163.327362403,48130.0544598811,199200
103054.222707454,94600.4851684809,69530.2675266073,52108.0246089961,48077.3636542854,199300
102995.662575479,94541.5675183806,69471.8862027366,52052.2457488067,48025.2133564444,199400
102937.109839162,94482.6628502781,69416.5859744771,51997.471323583,47972.280888478,199500
102877.533698505,94419.8382249786,69361.3123393281,51940.6772962792,47916.2966489928,199600
102815.139448308,94355.1261423075,69306.0653213214,51883.8000151434,47859.535519753,199700
102752.716018336,94302.6406422348,69250.8449443818,51827.669035152,47804.3598759332,199800
102690.116392672,94249.9901058414,69195.6512323272,51771.9392597206,47752.5743135427,199900
102627.529221806,94192.4412812736,69140.484208869,51716.2564726392,47700.8329184014,2e+05
102564.954555125,94133.8550600316,69085.3438976123,51661.0990237991,47649.1356804432,200100
102502.392441889,94073.1370797751,69026.7100836872,51606.819475903,47597.482589523,200200
102440.481283988,94010.7007190202,68965.8576010436,51552.5841009785,47545.9810158583,200300
102384.108440735,93948.2824029927,68902.1155982501,51498.6496359378,47494.5695258674,200400
102321.779493822,93885.8821741367,68844.306498202,51444.8323544865,47443.2018140143,200500
102259.463099066,93823.5000747737,68786.1800218983,51391.386230083,47391.877870286,200600
102197.159305104,93760.9662818418,68727.4747820756,51336.8686651356,47337.297600317,200700
102137.599736155,93698.3146477143,68670.0907767544,51281.9187910534,47282.3517274809,200800
102087.289597416,93641.5528880694,68609.4562982364,51227.0150363807,47231.4115172166,200900
102036.790754284,93588.7281580517,68548.8583845347,51172.1573915756,47180.5145428083,201000
101985.741978743,93535.9101552737,68490.8479343954,51117.3458470128,47129.6607943865,201100
101924.071794017,93478.9235204112,68433.1798273015,51062.7178385505,47078.8502620055,201200
101855.013254088,93418.8437487492,68374.0316638568,51008.3375352999,47028.3656754658,201300
101785.721942255,93366.8601021295,68312.2651449145,50954.0025743446,46975.2156894574,201400
101716.302687272,93314.6264241602,68250.337689265,50899.7129466522,46918.1400373229,201500
101650.500567029,93262.399036753,68188.4495787806,50845.4686431081,46861.1222483546,201600
101590.48767069,93205.2135596125,68126.6008248968,50791.2696545156,46804.1622916057,201700
101530.485289373,93147.9742008687,68067.3394953531,50737.1159715961,46750.5310660112,201800
101471.384978503,93090.2863631257,68008.7076060698,50683.0075849896,46700.3992998888,201900
101419.853069811,93033.270158566,67949.9648271538,50629.1142682137,46650.3099037898,202000
101366.898088799,92976.2661579833,67889.8778116268,50576.1922651137,46600.262868018,202100
101303.234126436,92919.2744042823,67830.6396982523,50523.3132143784,46550.2581828035,202200
101252.560660591,92864.8214384952,67772.3121215826,50470.4771091914,46500.4969058402,202300
101201.887813956,92810.6846168761,67715.8835941453,50417.6839426554,46450.7778941007,202400
101151.215635397,92756.5567186491,67658.4709155386,50364.9337077926,46394.9798432864,202500
101100.54417368,92701.2190768801,67601.1107081284,50312.2263975447,46339.1747039105,202600
101049.873477473,92645.5864244918,67543.7827260211,50259.5620047736,46283.4254226059,202700
100999.203595349,92589.9647814046,67484.8544375286,50202.5245471015,46227.7319704049,202800
100948.264504346,92525.5632935526,67426.5551641081,50143.585018519,46172.0943182775,202900
100897.22421663,92459.8000552589,67368.7966762443,50088.8995002866,46116.6434005589,203000
100842.18832907,92399.5859091683,67312.7859284556,50034.7493987084,46061.371832945,203100
100784.518166819,92342.2271605708,67256.8054458859,49981.2414703569,46006.1554252023,203200
100726.856616043,92288.0497360884,67200.5179114954,49927.77867609,45956.3163721785,203300
100669.203723689,92235.8836260836,67142.1081967828,49874.3610053837,45908.5505950331,203400
100610.965925333,92183.7248282592,67082.9254297714,49821.1942061541,45860.8234481256,203500
100552.698035906,92128.8260114443,67023.9486707748,49770.5442215527,45813.1349250819,203600
100494.439662015,92067.2522900018,66966.3670490534,49721.4178771655,45765.5050386443,203700
100436.190850015,92005.6975475826,66911.4076188482,49672.3707618757,45714.744053399,203800
100377.951646148,91944.0626490378,66858.6501185892,49623.4616963265,45660.4806945807,203900
100315.678469453,91882.3878370196,66805.0760601327,49574.5888842777,45606.2707815564,204000
100252.707221098,91820.7323318444,66749.0875477463,49522.8551122978,45552.1142876634,204100
100189.751463714,91760.0315250891,66692.6050945383,49468.5739951892,45498.0111861785,204200
100126.811241311,91698.9814271208,66636.1544809744,49414.3405379762,45443.9614503174,204300
100063.886597778,91637.9500068379,66579.7357227536,49360.1547259624,45389.9650532358,204400
100000.977576891,91582.4213672004,66522.7317375549,49306.0165443779,45336.0219680293,204500
99938.0842223034,91527.5102817785,66466.4544877002,49251.9259783804,45282.1321677338,204600
99875.2065775557,91472.6102766873,66410.2090117133,49197.8830130544,45228.2956253256,204700
99812.3446860696,91417.6069091927,66353.9953250025,49144.4145408506,45174.5123137218,204800
99749.4985911504,91360.4343789561,66296.2473571226,49092.6673993873,45120.7822057806,204900
99686.6683359871,91303.2758653355,66238.1294005907,49040.9630786303,45067.1052743017,205000
99623.8539636523,91246.1314079703,66180.0466501655,48989.3015694497,45013.4814920261,205100
99561.0555171025,91189.001046394,66121.9991179348,48935.2055147622,44959.9108316368,205200
99498.2730391785,91131.8848200347,66063.9868158883,48880.7448863302,44906.3932657592,205300
99438.470802341,91074.7827682154,66006.0097559173,48826.333283771,44852.9287669607,205400
99384.4294149654,91017.6949301538,65948.067949815,48771.9706895802,44799.5173077518,205500
99330.3938834689,90960.5952598129,65889.1399405819,48717.6570861838,44746.1588605856,205600
99276.364253106,90903.1106024147,65831.9835750969,48663.3924559387,44694.1004422623,205700
99222.3405690314,90845.640805538,65774.4541711885,48609.4810899792,44642.7428678645,205800
99168.3228763007,90788.1859077883,65716.6534965426,48556.1196786522,44591.4337843339,205900
99114.3112198704,90730.7459476659,65658.8881332705,48501.2353664292,44540.1731703549,206000
99060.305644598,90673.3209635664,65601.1580925826,48447.1376474481,44488.9610045521,206100
99006.3061952423,90615.9109937812,65543.463385593,48393.4918858545,44437.7972654906,206200
98952.3129164631,90561.6336764197,65485.8040233199,48341.0642535794,44386.6819316761,206300
98898.325852822,90507.7293866012,65429.7284767303,48288.6820790664,44335.6149815551,206400
98844.3450487823,90453.9768570361,65372.9794083023,48236.3453486271,44284.6893813011,206500
98790.3705487091,90398.6118646256,65314.1764965698,48184.0540485045,44233.848126406,206600
98736.4023968691,90337.1515771276,65254.6664261139,48131.8081648728,44183.0548890185,206700
98682.4406374318,90278.7539808676,65195.1618834236,48079.607683838,44132.25454168,206800
98628.4853144682,90220.7205409193,65136.6251039655,48026.6196304613,44080.23728264,206900
98574.5364719525,90162.1205794009,65078.9594412085,47971.6461948833,44028.2710533206,207000
98520.5941537608,90103.5024042321,65021.3869920203,47916.7276010342,43976.3558277417,207100
98466.6584036726,90044.9013458975,64964.7834572109,47861.9034717632,43924.4915798689,207200
98412.6315753091,89987.2626059167,64908.2142193682,47807.1309408302,43872.6782836135,207300
98353.7517255925,89929.9405090252,64850.086865134,47752.4099854014,43820.9159128325,207400
98289.63731488,89872.6340383998,64792.2213049107,47697.7405825813,43769.2044413295,207500
98225.5419081191,89815.3432308331,64734.4097703927,47643.659637624,43717.9382557124,207600
98161.4655446108,89758.0681230156,64676.6348118737,47590.5913496509,43668.0067878727,207700
98097.4082635424,89700.8087515363,64619.9793516004,47537.6905584137,43618.1222409261,207800
98033.3701039879,89643.5651528825,64563.8467443835,47484.8915214799,43568.2845940953,207900
97969.3511049083,89586.3373634403,64507.7480123816,47432.3197799317,43518.4938265469,208000
97905.3513051516,89528.2821320891,64451.6831663733,47379.7952958035,43468.7499173915,208100
97842.4122422767,89469.237014961,64395.6522170461,47328.6197234909,43419.0528456839,208200
97787.1030259608,89410.210217752,64339.6551749972,47277.5115322886,43369.4025904238,208300
97731.8025532658,89351.2017753806,64282.2887215918,47226.4476514221,43319.7991305552,208400
97676.5108663269,89292.2117226624,64227.4701524275,47175.4280669779,43270.2424449675,208500
97621.2280071815,89233.2400943095,64172.6839443591,47124.4527649783,43220.7325124952,208600
97565.9540177695,89174.2869249311,64116.0062883681,47073.5217313811,43171.2693119183,208700
97510.6889399338,89115.3522490337,64059.5174139116,47022.6349520807,43121.8528219624,208800
97455.4328154197,89056.4361010209,64003.8186201455,46969.7689222764,43072.4830212993,208900
97400.1856858759,88997.5385151942,63946.0485145166,46915.7194652867,43023.1598885468,209000
97344.9475928539,88938.6595257526,63884.9406966524,46861.7214838396,42973.883402269,209100
97289.7185778088,88879.7991667932,63827.4581720865,46807.7749536286,42924.6535409769,209200
97234.4986820991,88821.1559132826,63770.5955291247,46753.8798502898,42875.4702831282,209300
97179.2879469869,88763.1679962207,63713.7691747698,46700.9428178279,42826.3336071278,209400
97124.0864136382,88705.1977091336,63656.9791161811,46652.408405837,42777.2434913278,209500
97068.8941231227,88647.2450862328,63600.2253604298,46604.0123615387,42728.199914028,209600
97013.7111164144,88590.6231645605,63546.586488899,46555.6559555771,42679.2028534759,209700
96958.5374343917,88536.7763255845,63490.5823153478,46507.3391788545,42630.1388190731,209800
96903.3731178369,88482.9421954168,63434.6078148663,46459.0620222096,42580.7820176175,209900
96848.2182074374,88429.1208098148,63378.6684161014,46406.1026826208,42531.4727095213,210000
96793.072743785,88371.2956330632,63322.7641269211,46352.9435598578,42482.2108713335,210100
96737.9367673766,88310.3228530116,63266.8949551072,46299.4822322478,42432.996479553,210200
96682.810318614,88249.3722507109,63211.0609083553,46245.3384534399,42383.8295106288,210300
96627.6934378041,88188.4438573048,63155.2619942751,46191.2475621293,42334.70994096,210400
96572.5861651594,88127.5377038344,63099.4982203908,46137.2095307833,42285.6377468964,210500
96517.1236143984,88068.1430549306,63042.7875890093,46083.2286208966,42236.6129047387,210600
96459.9968056324,88009.9102888266,62987.6845353526,46029.597840809,42187.6353907384,210700
96402.8820966979,87951.6962281365,62932.6156628742,45980.5871817722,42138.7051810983,210800
96345.7795267356,87893.4887182966,62877.580979584,45929.4833597046,42089.8222519725,210900
96288.589317126,87835.0194327474,62822.4116129571,45876.7770732386,42040.9865794669,211000
96231.0792250448,87776.5693679752,62763.2790319047,45824.1209816873,41992.1981396393,211100
96172.5969321073,87718.1385560431,62703.420816162,45771.515060807,41943.4569084996,211200
96116.9192599795,87659.7270289163,62647.6301801929,45720.2424992768,41894.76286201,211300
96059.6195013702,87599.7987727122,62592.8573643513,45671.4761432532,41846.115976085,211400
95995.6667003916,87536.3766372667,62538.1186443242,45622.7762512288,41797.5162265923,211500
95930.0789830938,87472.6870718415,62480.5932628817,45574.118113978,41748.9635893523,211600
95864.514706481,87408.5130830608,62421.1133065625,45525.5017182988,41700.4580401387,211700
95798.9739039671,87348.0231051399,62361.6760845359,45476.9270509305,41651.9995546785,211800
95733.4566088571,87286.2683824221,62303.0064449894,45428.3940985549,41603.5881086525,211900
95667.9628543481,87221.3183509684,62245.1419428448,45379.9028477955,41555.2236776952,212000
95602.4926735286,87156.3973090983,62184.506522457,45331.4532852184,41506.9062373952,212100
95544.8912133031,87100.647049276,62126.9574761106,45283.0453973324,41458.6357632956,212200
95492.0510483958,87046.3642648513,62069.5741052988,45231.7135252995,41410.4122308936,212300
95439.2189406116,86992.0960319311,62010.1508429207,45179.8503672327,41362.2356156413,212400
95386.3949288426,86937.8423836465,61950.7707742237,45128.0366762465,41314.105892946,212500
95333.5790518924,86879.9014741862,61893.8023627154,45076.2724279614,41266.0230381696,212600
95280.7713484769,86821.2288738068,61837.1779010483,45024.5575979476,41217.9870266297,212700
95227.971857224,86760.6307145063,61783.2101596802,44972.892161725,41169.9978335994,212800
95175.0561903207,86701.6170277751,61730.2976244569,44921.2760947634,41122.0554343075,212900
95122.1039957679,86645.4972682749,61677.6881465159,44869.7093724829,41074.159803939,213000
95069.1603373814,86584.6489212662,61625.3801680074,44818.1919702539,41026.3109176347,213100
95016.2252533579,86518.5198924967,61574.9114034693,44766.7238633975,40978.5087504921,213200
94960.1965571068,86457.9878232054,61524.470457902,44715.3390658298,40930.7532775653,213300
94900.3186627678,86397.5290243761,61474.057343343,44664.0613421503,40883.044473865,213400
94840.4577288803,86337.0935510309,61422.3131240453,44612.9333587691,40835.3823143592,213500
94780.5875607357,86276.6814311212,61365.0721654286,44561.8541474876,40787.9233103565,213600
94720.5431445942,86216.2926925008,61311.5471631075,44511.4885430843,40740.5611172517,213700
94660.5160447468,86155.927362927,61260.0887257748,44463.0713894496,40693.2450190566,213800
94600.5062958663,86095.5854700602,61208.66023567,44414.7094945916,40645.974991249,213900
94540.5139325282,86035.2670414645,61155.3006911093,44366.5630787063,40598.7510092641,214000
94480.5389892107,85974.9721046073,61100.1478523108,44318.459180812,40551.5730484949,214100
94423.7924981672,85914.7006868602,61045.0314454299,44270.3977848254,40504.4410842925,214200
94382.535667261,85854.4528154987,60988.7508928232,44222.3788746112,40457.3550919662,214300
94341.2764539903,85794.2285177027,60931.3094342704,44174.4024339818,40410.3150467835,214400
94294.4617913787,85734.768286641,60877.5250914277,44126.4684466975,40363.3209239708,214500
94238.5411094374,85680.5099691002,60823.9318585978,44078.5768964669,40316.3726987131,214600
94182.6332736668,85626.2674147696,60769.9960122181,44030.727766947,40269.4703461546,214700
94126.4764584129,85572.0406545003,60715.7894265183,43982.9210417437,40222.6138413986,214800
94069.5722144438,85517.8297190565,60662.2327264772,43935.1746785293,40175.8031595076,214900
94012.6820237981,85463.6346391157,60607.2395965349,43887.5028283341,40129.0382755042,215000
93955.8059215164,85409.4554452687,60550.952522285,43839.8732218755,40082.3191643703,215100
93898.9439425484,85355.2921680201,60493.2882158993,43792.285842708,40035.645801048,215200
93842.0961217532,85301.1448377882,60435.13976659,43744.7406743354,39989.0181604398,215300
93785.2624938987,85247.0134849054,60380.3821443383,43695.1040896337,39942.4362174082,215400
93728.4430936626,85192.8981396178,60326.1771452595,43644.3600434625,39895.8999467766,215500
93671.6379556319,85136.6266557432,60270.8846148814,43593.6655567501,39849.4093233291,215600
93614.8471143035,85079.248534196,60214.6424812139,43543.0206024095,39802.9643218107,215700
93558.070604084,85021.8908269066,60157.0519169768,43492.4251533106,39756.5649169276,215800
93501.3084592901,84964.5535616572,60099.2936630198,43441.8791822809,39710.2110833474,215900
93444.1766413804,84907.2367661401,60041.5779909352,43391.3826621053,39663.9027956993,216000
93383.7114272031,84850.0618217534,59983.9048964798,43340.9355655265,39617.6400285742,216100
93323.2653632705,84796.1084164843,59926.7024044687,43291.07157957,39571.4227565249,216200
93262.838481525,84742.1711890167,59872.0723536262,43242.9577687658,39525.2509540663,216300
93202.4308138149,84688.2501688802,59817.479405741,43195.2031971664,39479.1245956759,216400
93142.042391894,84634.3453855196,59765.6283885223,43147.6238855127,39433.0436557934,216500
93081.673247422,84580.4568682957,59714.955439312,43100.2944077947,39389.0350987082,216600
93025.615079231,84526.5846464853,59661.8420939316,43054.1393623985,39344.9252157345,216700
92971.6478752487,84472.7287492812,59605.821506073,43008.0245904907,39301.4611277754,216800
92917.6922140052,84418.8892057924,59549.8408606143,42961.9500769901,39258.0367111449,216900
92863.7481299635,84365.0660450444,59493.9001555008,42915.352307237,39214.6519481477,217000
92809.8156575023,84311.2592959792,59437.9993886052,42863.3425123214,39171.3068210467,217100
92755.8948309162,84257.4689874553,59382.5763102035,42815.4520813397,39128.001312063,217200
92701.9856844158,84203.5518451407,59327.5357270055,42767.4990775812,39084.7354033763,217300
92648.0882521279,84149.2591103844,59273.989530993,42719.3910462974,39041.509077125,217400
92594.2025680954,84094.983615507,59220.9250930742,42671.6129914586,38998.3223154063,217500
92540.3286662777,84040.5824429257,59167.0156947728,42624.3727560756,38955.1751002766,217600
92485.6413825988,83986.0112042924,59113.05206605,42577.1758267887,38912.0674137513,217700
92429.4893795576,83926.4086586199,59060.0188655236,42530.0221838201,38868.9992378053,217800
92373.3519992504,83864.9758067896,59008.1559769126,42481.3565848086,38824.3465962401,217900
92317.2292743113,83803.3985876061,58954.4618793062,42431.4195692862,38779.1827964096,218000
92260.7133513891,83741.8489717283,58900.8042561572,42387.1684886458,38733.8422581872,218100
92199.4571072927,83680.3269809021,58849.9342140181,42341.8400780275,38684.9807229472,218200
92135.5519535253,83618.8326367824,58799.0672256445,42294.9025684406,38636.1727255492,218300
92071.6718069613,83557.3659609331,58746.4717460936,42248.008225582,38587.4182263211,218400
92007.8166946948,83495.9269748271,58693.911008456,42201.1570293679,38538.7171855693,218500
91943.8654491528,83434.5156998471,58641.3850149261,42154.3489596717,38490.0695635782,218600
91879.7564569216,83377.9058387413,58588.8937676292,42107.5839963238,38441.4753206108,218700
91825.4641055493,83326.0589729557,58536.4372686209,42060.8621191121,38392.934416909,218800
91775.2025315633,83274.2270098474,58484.0155198882,42014.1833077819,38344.4468126935,218900
91724.949407559,83222.4099775972,58431.6285233489,41967.5475420366,38296.012468164,219000
91666.7280901964,83170.6079043076,58379.2762808522,41920.2453050365,38247.6313434996,219100
91605.2415377766,83115.3988456856,58326.9587941786,41872.6626951013,38202.2015670444,219200
91543.7772569201,83057.8135640866,58274.6760650407,41825.0013890721,38157.0767112774,219300
91482.3352755202,82999.5528991264,58222.4280950825,41776.9178278927,38111.9972480148,219400
91420.820332001,82941.0720570364,58169.9430937715,41730.016891535,38066.9631495413,219500
91364.2139210833,82882.6152225097,58116.7436030331,41682.4087488948,38021.9743881109,219600
91310.5950831653,82824.1824185286,58063.5807373053,41634.8462878394,37977.0309359469,219700
91256.4412253502,82768.8170902874,58010.4544960499,41587.3294838041,37932.1327652419,219800
91202.2992080848,82709.3961267254,57957.3648786618,41539.8583121861,37887.2798481582,219900
91148.1705575489,82650.9979225881,57904.3118844687,41492.4247022284,37842.472156828,220000
91094.0553051881,82593.5577991572,57851.2955127313,41444.766372566,37797.7096633534,220100
91028.9840535079,82536.1406083888,57798.3157626439,41397.9970531771,37752.9923398066,220200
90962.8448661096,82478.7463734298,57746.4904125904,41350.9943632749,37708.3201582301,220300
90896.7350981084,82421.3751173436,57695.1177352594,41303.7825323977,37663.6930906372,220400
90830.6547722125,82364.0268631101,57641.2946733075,41256.6161119174,37619.1111090114,220500
90764.6039110351,82306.7016336263,57589.429443364,41209.495077079,37574.6216528646,220600
90698.5825370953,82249.3994517057,57537.5990584488,41162.4194030911,37530.3479055581,220700
90632.5906728173,82192.1203400791,57485.8035191945,41115.3890651258,37486.1186305635,220800
90566.6283405316,82134.4925493907,57434.0428261685,41068.404038319,37441.9338005794,220900
90500.6955624743,82076.791140307,57382.3169798727,41021.4642977706,37397.793388275,221000
90435.0502783419,82019.1134795863,57329.6830416191,40974.5698185447,37353.6973662905,221100
90373.8215893889,81961.4595893199,57277.044429254,40927.7205756698,37309.7261144856,221200
90312.6159346293,81903.8294915164,57224.462787124,40880.9165441388,37265.8128855816,221300
90251.4333400913,81845.5862449418,57171.9076176329,40834.215130116,37221.9437517648,221400
90190.273831715,81789.0532061589,57119.3890843973,40787.5990139827,37178.1186858647,221500
90129.1374353524,81734.0012488724,57066.90718565,40741.0278115428,37134.3376606823,221600
90068.0241767679,81678.9698438304,57014.4619195602,40694.5014979697,37090.6006489907,221700
90006.9340816379,81623.9590144032,56961.9016182543,40648.0200484022,37046.9076235345,221800
89945.8671755515,81568.9687838825,56908.6243845291,40601.5834379442,37003.2585570305,221900
89884.7393031952,81513.9991754813,56857.5409369398,40554.9142640046,36959.6534221677,222000
89826.8131647206,81459.0502123341,56807.184985315,40508.5738924755,36916.0921916074,222100
89778.9093679289,81399.6238969027,56756.8622474574,40462.3204531468,36872.5748379835,222200
89731.0129773098,81336.0699330969,56706.5727244674,40416.235262676,36829.1013339026,222300
89683.1240246088,81272.5492730624,56655.6108247327,40370.9747543748,36785.6716519442,222400
89635.2425415019,81209.0619310744,56601.7962978532,40325.7567814123,36742.2857646606,222500
89587.3600383199,81150.1423956922,56548.0214810461,40280.5813217324,36698.9436445776,222600
89539.0501833545,81093.0217469289,56494.2863685179,40235.2643567493,36655.6452641939,222700
89490.7484851987,81035.357005048,56441.4587660465,40189.7405017369,36612.2579842869,222800
89442.4549749236,80979.757823223,56390.5352974112,40144.2600681295,36568.8442037497,222900
89394.1696835306,80926.3461190983,56340.5859115539,40098.8230323477,36525.474552771,223000
89345.8926419517,80872.9534720771,56290.6695800087,40053.4293707782,36482.1490030405,223100
89297.6238810492,80819.5799054902,56240.4902116731,40008.079059774,36438.8675262229,223200
89249.3634316166,80766.2254425928,56188.6836623816,39962.7720756546,36395.6300939576,223300
89201.1113243778,80707.7276837378,56136.9135868079,39917.5083947062,36352.436677859,223400
89152.8675899878,80647.1953100034,56086.0970357974,39872.2879931816,36309.2872495168,223500
89103.1465812373,80586.6922948085,56035.7607057294,39827.1108473007,36266.181780496,223600
89039.8772237347,80528.5476962423,55985.4583607872,39781.9769332505,36223.1202423369,223700
88976.6351602573,80472.9017688718,55935.1900005638,39737.0327988845,36180.1026065557,223800
88913.4204123741,80417.278252684,55884.9556245919,39692.3674727238,36137.1288446443,223900
88850.2330015675,80361.6771687,55833.8972108641,39647.7444656419,36094.1989280705,224000
88787.0729492332,80306.0985378638,55782.4842206191,39603.1637548568,36051.3213573946,224100
88723.9402766808,80249.9657165875,55731.1075376494,39560.8920419198,36008.587713909,224200
88660.8350051335,80193.8173410899,55679.7671587394,39518.9335587882,35965.8975708628,224300
88597.7571557286,80137.6923291708,55628.4630806144,39476.177545812,35923.2509000282,224400
88534.7067495176,80081.5907009561,55577.1952999405,39431.8669417063,35880.6476731537,224500
88471.6838074661,80025.5124764948,55525.9638133253,39387.6494589317,35838.0878619644,224600
88408.6666864702,79969.4576757596,55474.7686173176,39343.59171504,35795.5714381621,224700
88345.3055534759,79913.4263186465,55423.3119009045,39299.5754724837,35753.0983734253,224800
88281.9724020525,79857.4184249752,55370.409107607,39255.6007091663,35710.6686394096,224900
88218.667252662,79801.4340144894,55317.5458746609,39211.6674029593,35668.2822077477,225000
88155.3901256812,79745.4731068567,55264.3471981735,39167.7755317019,35625.9390500496,225100
88092.1410414016,79689.5357216689,55211.0346294057,39123.9250732014,35583.6391379027,225200
88028.9200200297,79635.5374634524,55157.7626181181,39080.1160052329,35541.3824428719,225300
87965.7270816872,79582.1004512169,55104.531155812,39037.2286590783,35499.1689364999,225400
87902.5622464115,79530.2524568267,55051.9256266036,38994.4684053631,35456.9985903073,225500
87839.425534155,79475.2736167725,55000.4691234996,38951.7473332737,35414.5340958373,225600
87776.316964786,79422.4049210009,54949.050003758,38909.0654234519,35370.3513309994,225700
87713.2365580889,79369.5558180954,54897.6682620249,38866.4226565064,35327.0565456111,225800
87657.5649108716,79316.7263295438,54845.6662897167,38823.8190130128,35282.0386771304,225900
87603.3674557763,79263.916476762,54792.7428208144,38779.6231154247,35237.6316536737,226000
87549.1863694678,79211.1262810946,54739.8597082349,38734.1863300157,35193.4480106993,226100
87495.021678181,79158.3557638146,54687.0169431853,38688.7952229309,35149.3128937769,226200
87440.8734080766,79105.6049461237,54634.2145168174,38644.6714443254,35105.2262653753,226300
87386.7415852414,79052.8738491526,54581.6103335112,38602.7173530405,35061.1880879513,226400
87332.6262356884,79000.1624939611,54528.965254679,38560.8390074121,35017.1983239495,226500
87278.527385357,78947.4709015377,54476.8615122926,38516.8010725022,34973.2569358025,226600
87224.4450601129,78894.7990928005,54425.3969896198,38471.2441170938,34929.3638859311,226700
87170.3792857487,78842.1470885968,54373.9705908959,38426.1083107209,34885.6973924921,226800
87116.3300879833,78789.5149097034,54322.5823092593,38382.5972589138,34842.448559727,226900
87062.2974924627,78736.902576827,54271.5237762209,38339.1280430985,34802.4057616608,227000
87008.2815247598,78684.3101106037,54221.9407859559,38295.7006392917,34762.4022570295,227100
86954.2822103746,78631.7375315998,54171.7660465597,38252.3150234821,34721.4805576598,227200
86900.2995747342,78579.1848603114,54121.6273089273,38208.9711716303,34678.3890121469,227300
86846.3336431932,78526.6521171649,54071.524568264,38165.6690596693,34635.3442425201,227400
86792.3844410338,78474.1393225169,54021.4578197211,38122.4086635045,34592.3462132577,227500
86738.4519934652,78421.6464966546,53971.4270583957,38079.1899590137,34549.3948888254,227600
86684.5363256251,78368.6421601448,53921.4322793316,38034.3701697294,34506.490233676,227700
86630.6374625784,78315.5002786678,53871.4734775184,37989.0476779671,34463.6322122502,227800
86577.0387083241,78262.3793796254,53822.1278387792,37943.8462500103,34420.8207889763,227900
86524.2822423582,78209.2794824353,53774.2425221673,37898.8910404279,34378.0559282703,228000
86471.5412915109,78156.8448416783,53726.3894911028,37854.1535595876,34335.3375945365,228100
86418.8158811806,78105.2171313951,53678.5687442787,37809.4617022279,34292.6657521671,228200
86366.1060366957,78053.6085853423,53630.7802803345,37768.564620398,34250.0403655427,228300
86313.4117833143,78001.018326932,53581.8651111511,37728.5974991937,34207.4613990324,228400
86260.7331462247,77944.4228184292,53532.8826791162,37688.6655270527,34164.9288169936,228500
86208.070150545,77889.0976860824,53483.9348734695,37648.7686882105,34122.4425837726,228600
86155.4228213238,77831.7632615881,53435.0216900748,37608.5618823451,34080.0026637046,228700
86102.79118354,77774.4562053068,53386.1431247433,37566.0673884101,34037.6090211137,228800
86050.1752621027,77717.1765319301,53337.2991732345,37523.6137417734,33995.261620313,228900
85997.575081852,77659.9242560775,53286.9543343632,37481.2009187378,33952.960425605,229000
85944.9906675582,77602.6993922963,53237.0032836251,37438.8288955802,33910.7054012815,229100
85892.422043923,77545.5768640292,53186.5757924232,37396.4976485514,33868.496511624,229200
85839.8692355785,77488.8356027126,53134.4553012906,37354.2071538768,33826.3337209035,229300
85787.3322670881,77432.1211609613,53084.3543519063,37311.957387756,33784.2169933808,229400
85734.8111629464,77375.4335534987,53035.8289494067,37269.7483263632,33742.1886880816,229500
85682.3059475792,77318.7727949776,52987.3379563914,37227.5799458473,33700.2088492344,229600
85629.8166453437,77262.1388999797,52938.8813683533,37185.4729226634,33658.2748543899,229700
85577.3432805287,77205.5318830161,52890.4591807343,37143.546396304,33616.3866679532,229800
85524.8858773545,77148.7473743236,52842.0713889262,37101.6601216913,33574.54425432,229900
85472.4444599733,77093.0737812812,52793.7179882699,37059.8140753803,33532.747577876,230000
85420.0190524691,77039.7245562511,52744.3934038848,37018.008233901,33490.9966029977,230100
85367.6096788578,76986.3977179491,52693.8378507933,36976.2425737584,33449.2912940523,230200
85315.2163630876,76933.0932836249,52643.431869714,36934.517071433,33407.6316153977,230300
85262.8391290388,76879.8112704606,52594.6394627732,36892.8317033805,33366.0175313827,230400
85211.3654040063,76826.5516955713,52545.8824252962,36851.1864460325,33324.4490063473,230500
85163.7374360229,76773.3145760052,52497.1607513512,36809.5812757958,33282.9260046227,230600
85116.1201081245,76720.0999287433,52448.4744349569,36768.0161690534,33241.4484905314,230700
85068.5134461013,76666.9077707002,52399.8234700826,36726.4911021642,33200.0164283872,230800
85020.9174756823,76613.7381187236,52351.2078506486,36685.0060514629,33158.6297824957,230900
84973.3322225346,76560.5909895949,52302.6275705263,36643.5609932609,33117.2885171541,231000
84925.757712264,76507.4664000291,52254.0826235381,36602.1559038454,33075.9925966517,231100
84878.1939704147,76454.3643666748,52206.4921980251,36560.7907594805,33034.7419852694,231200
84830.6410224697,76401.2849061146,52159.4187396367,36519.4655364068,32993.5366472804,231300
84783.0988938506,76348.2280348652,52112.3779859671,36478.1802108415,32952.4451177054,231400
84735.5676099181,76295.1937693774,52065.3699335073,36437.6655637531,32911.4407219823,231500
84688.0471959719,76242.1821260362,52017.9724200196,36397.6364118696,32870.4812264447,231600
84640.5376772504,76189.193121161,51968.1080090628,36357.6444617012,32829.5665957538,231700
84593.0390789316,76136.2267710058,51918.2818777279,36317.6896931072,32788.6967945633,231800
84545.5514261325,76083.2830917593,51871.2648747756,36277.7720859214,32748.9475208129,231900
84498.0747439097,76030.3620995447,51824.9957160484,36237.8916199523,32710.4961482026,232000
84450.6090572588,75977.4638104206,51778.7582186458,36198.0482749832,32672.0838618788,232100
84403.1543911155,75924.58824038,51728.9003016835,36155.6587304289,32633.7106354067,232200
84355.7107703547,75871.7354053517,51680.4874183348,36111.9777017562,32595.376442336,232300
84308.2782197914,75818.9053211993,51634.3974701147,36068.3427827079,32557.0812562002,232400
84260.8567641801,75764.0027894912,51588.1004418934,36025.0800670576,32518.8250505178,232500
84213.4464282155,75709.0316211683,51540.8694649331,35983.8400085566,32480.6077987913,232600
84166.0472365321,75654.086363087,51491.7001671499,35942.6405373133,32442.4294745082,232700
84118.6592137047,75599.1670287419,51442.5684006136,35901.4816277322,32404.2900511407,232800
84071.2823842482,75544.2736315615,51395.0309808429,35860.3632541979,32366.1895021458,232900
84023.916772618,75494.6807966239,51348.6123848385,35819.285391075,32328.1278009656,233000
83976.5624032095,75447.4651387196,51302.2262632597,35778.2480127083,32290.1049210271,233100
83929.2193003591,75399.3651148743,51255.8726119496,35737.2722075728,32252.1208357429,233200
83881.8874883434,75347.5855208977,51209.551426705,35696.6973692604,32214.1755185107,233300
83834.5669913799,75295.8276915198,51163.2627032764,35656.1620495577,32176.2689427138,233400
83787.2578336267,75243.997874911,51115.5049617532,35615.6662240764,32136.1190185473,233500
83739.960039183,75191.1808033953,51066.4527522529,35575.2098684079,32095.6761455552,233600
83688.6459085414,75138.3870705871,51018.0338030797,35534.7929581233,32055.2782951706,233700
83635.4208145785,75085.6166911663,50970.9919980022,35494.4154687738,32014.9254305414,233800
83582.2143054262,75030.1526361709,50923.9620111576,35454.0773758903,31974.6175148117,233900
83529.0264017561,74979.039563166,50876.9661518154,35413.7786549841,31934.354511122,234000
83475.8571241746,74927.9476278693,50828.9511883424,35373.5192815466,31894.1363826094,234100
83422.3640983743,74876.7442519159,50780.841571086,35333.2992310498,31853.9630924077,234200
83368.755752233,74824.7359512824,50732.7682404378,35293.118478946,31813.8346036472,234300
83315.1666836749,74772.7501559046,50684.7311874526,35252.9770006681,31773.8320335099,234400
83261.5969127576,74720.7868806884,50636.730403141,35212.87477163,31733.8982351033,234500
83208.0464594739,74668.846140478,50588.7658784702,35172.8117672264,31694.0088705175,234600
83154.515343752,74616.9279500559,50540.8376043638,35132.7879628327,31654.1639032846,234700
83101.0035854551,74565.0323241433,50492.9455717016,35091.6356116566,31614.3632969339,234800
83047.511204382,74513.1592773999,50445.0897713207,35049.6477264205,31574.6070149913,234900
82994.0382202669,74461.3088244243,50397.2701940144,35010.1276521016,31534.8950209801,235000
82940.5846527797,74409.4809797537,50349.4868305336,34970.7916286608,31495.2272784208,235100
82888.3368303463,74357.6757578648,50301.7396715857,34931.4935081919,31455.6037508313,235200
82834.1630738511,74305.8931731729,50254.0287078357,34892.2046818002,31416.0244017268,235300
82781.1645025716,74254.1256348187,50206.3539299061,34852.1363095645,31376.4891946203,235400
82728.1849257203,74204.5803342159,50158.7153283764,34812.1076806028,31336.9980930223,235500
82675.2243629066,74157.2121097518,50112.9485249273,34772.1187690051,31297.5510604411,235600
82622.2828336769,74105.7523953707,50065.3370323814,34732.221354011,31258.1480603831,235700
82569.3603575142,74052.5946914779,50016.0910878748,34692.547234798,31218.7890563526,235800
82516.4569538384,73999.1397742731,49968.5224963753,34652.9122024385,31179.4740118519,235900
82463.5726420066,73945.9836503719,49920.5280428583,34612.521277983,31141.6576954716,236000
82410.5929728612,73897.3037075633,49872.2574612451,34571.5680076685,31104.4742597006,236100
82357.492451677,73848.642568793,49824.2472335318,34530.6570055232,31067.3296558905,236200
82304.4113929141,73800.0002503327,49777.1275035332,34489.7882414188,31030.2238556809,236300
82251.3498155266,73751.376768397,49729.9618402323,34448.9616852152,30993.1568307014,236400
82198.3077384061,73702.7721391434,49682.1331124573,34408.1773067597,30956.128552572,236500
82145.2851803814,73653.9844043676,49634.341514716,34367.476740038,30919.1389929033,236600
82092.2821602193,73603.4117447295,49586.5870358571,34326.8496078786,30882.2874979279,236700
82039.2986966241,73548.9483728356,49539.6805894203,34286.2643978476,30845.5403588529,236800
81986.3348082376,73494.5122514414,49494.1920960605,34245.7210799862,30808.8314529674,236900
81933.39051364,73439.9726930456,49448.7365603248,34205.4222487365,30772.1607524836,237000
81880.4658313493,73385.3861882028,49403.3139755636,34166.8569785205,30735.5282296043,237100
81827.5607798216,73330.8272395813,49358.2601795194,34128.469543672,30698.9338565223,237200
81774.6564447176,73277.2261409393,49312.567632158,34090.1832431038,30662.377605421,237300
81721.5006845907,73226.2690383091,49267.2438600078,34051.9338463909,30625.8594484743,237400
81668.3650064995,73175.3343882434,49222.3175563716,34013.7213307913,30587.2372086026,237500
81615.2494284014,73124.4222041165,49178.5074908226,33975.5456735454,30548.5166815244,237600
81562.1539681922,73073.5324992446,49134.7277552425,33937.4068518761,30511.8370078464,237700
81509.0786437066,73022.6652868863,49090.9783453766,33899.3048429886,30476.2917747595,237800
81456.0234727176,72971.8205802426,49047.2592569295,33861.259565811,30438.7255622661,237900
81402.9884729373,72920.9983924569,49002.7383402647,33823.4278422109,30400.7474103292,238000
81346.0259004514,72870.1987366152,48957.7276614471,33785.6324290464,30362.8112841023,238100
81287.7627841904,72818.8237064431,48912.7046928257,33747.2431861625,30324.9171490228,238200
81229.5271019288,72767.4261095978,48866.6574697255,33708.6862923993,30287.0649705262,238300
81173.2293679116,72716.0520250418,48820.6450215054,33669.2286914131,30249.2547140469,238400
81124.1825551074,72664.7014649371,48773.4998698742,33630.0507424644,30211.4863450174,238500
81075.1511327344,72613.3744413885,48725.9246736871,33590.9124797896,30173.7598288695,238600
81026.1351206523,72562.0709664436,48681.0283667676,33551.8138758902,30136.0751310334,238700
80977.1345386638,72510.7910520931,48636.1408304549,33512.7549032553,30098.4322169384,238800
80928.1494065153,72455.8313689239,48590.2684873813,33474.5421519158,30060.8310520128,238900
80876.727176037,72401.2866784245,48546.0989581531,33436.4908600449,30023.271601684,239000
80824.3921364083,72350.2999907807,48501.7713821334,33398.7888271259,29985.8752033439,239100
80772.0768421922,72299.3365627002,48457.0338178209,33362.7365192054,29948.5295355856,239200
80719.7813106968,72248.3964061861,48410.9394216826,33326.8836503203,29911.2251573271,239300
80667.5055591712,72197.4795331852,48363.6136106974,33289.2841686666,29873.9620345188,239400
80615.2496048051,72146.585955588,48316.3151439662,33250.5974079046,29836.7401331104,239500
80563.0134647293,72095.7156852293,48269.6466623756,33211.9498193566,29799.5594190505,239600
80510.7971560156,72044.8687338879,48224.1950966465,33173.3413757795,29762.4198582869,239700
80458.6006956769,71993.8989171251,48177.4718449123,33134.7720499187,29725.321416767,239800
80406.4241006673,71943.0242694419,48128.3320423764,33096.8795364138,29689.1913884076,239900
80354.2624346696,71891.916061417,48080.3901668756,33059.2117375246,29653.8122976936,240000
80301.9344296017,71841.4928811441,48033.3185475673,33021.5810786021,29618.4702296376,240100
80249.6265807616,71790.9841707985,47986.284688395,32983.9875351916,29583.1651566438,240200
80197.3389047422,71740.2773777988,47939.2885756164,32946.4310828249,29547.8970511094,240300
80145.0714180778,71689.5939847121,47892.4440499839,32909.2068572731,29512.6658854248,240400
80092.8241372444,71638.9340028737,47845.8761919844,32872.0390670118,29477.4716319735,240500
80040.5970786599,71588.2974435646,47800.0746821343,32835.1323844512,29442.3142631323,240600
79988.3902586842,71537.6843180104,47755.7516018872,32797.4620435668,29407.1937512714,240700
79936.2036936192,71487.0946373825,47711.4615103356,32760.1424649039,29372.1100687546,240800
79884.0373997087,71436.5284127973,47667.3469879076,32722.8597087442,29337.0631879393,240900
79831.891393139,71385.9856553171,47621.432307388,32685.6137507113,29302.0530811763,241000
79779.7656900388,71335.4663759495,47575.2649798092,32648.4045664158,29267.0797208104,241100
79727.6603064789,71284.9705856481,47529.1342335373,32611.2321314554,29232.1430791803,241200
79675.5752584732,71234.4982953122,47483.0400557372,32574.0964214148,29197.2431286185,241300
79623.5105619777,71184.0495157872,47436.9824335396,32536.9974118659,29162.3798414515,241400
79571.4662328915,71133.6242578645,47390.9613540406,32499.9350783681,29127.5531900002,241500
79519.4422870564,71083.2225322815,47344.9768043019,32462.9093964681,29092.7631465795,241600
79472.4054910141,71032.8443497222,47299.0287713512,32425.9203417001,29058.0125010128,241700
79425.3481756993,70982.4897208167,47253.9882279226,32388.9678895859,29023.3988814469,241800
79378.3051990079,70932.1586561419,47209.7622130499,32352.0520156351,28988.8215352876,241900
79331.2765796843,70882.0112230746,47165.5695934882,32315.172695345,28954.2804352344,242000
79278.2717793166,70832.1202091597,47121.4103596087,32278.3299042009,28919.775553981,242100
79222.9411070152,70782.2522881873,47077.9400502034,32241.5236176761,28885.3068642155,242200
79167.6268868108,70729.3592520674,47036.3938363996,32204.753811232,28850.8743386202,242300
79117.2235169885,70679.2174223012,46994.8762966776,32167.4129453164,28816.477949872,242400
79069.8015253023,70628.5193793956,46953.387426437,32128.8982068122,28782.1176706426,242500
79022.3945336073,70574.2138940702,46911.9272210412,32089.8059365033,28747.7934735981,242600
78975.0025600806,70519.6950842536,46870.4956758175,32050.75579912,28713.5053313995,242700
78927.6256228472,70465.206457237,46829.0927860571,32012.2055953344,28679.2532167025,242800
78879.8940206837,70410.7480179931,46787.7185470156,31975.010528227,28645.037102158,242900
78828.2885296882,70356.3197714403,46746.3729539127,31937.8532787935,28610.8569604118,243000
78776.7034730647,70301.921722443,46704.7129643704,31900.7338200916,28576.7127641048,243100
78725.1388658566,70247.5538758119,46661.050431813,31863.7506275764,28542.604485873,243200
78673.594723052,70193.2162363037,46617.4208881902,31827.1026120142,28508.532098348,243300
78622.0710595837,70138.9088086213,46573.8243237765,31790.4913853211,28474.4955741564,243400
78570.5678903294,70084.6315974145,46530.2607288129,31753.9169219281,28440.4948859204,243500
78519.085230112,70030.3846072793,46486.7300935068,31717.3791962563,28406.5300062579,243600
78467.6230936995,69976.1678427584,46443.2324080322,31680.800300592,28372.6009077823,243700
78416.181495805,69921.9813083416,46399.7676625298,31644.1004199435,28338.7075631025,243800
78364.8876659845,69867.8250084653,46356.335847107,31607.5896642158,28304.8499448237,243900
78315.3695974144,69813.6989475133,46312.9369518382,31572.1254723301,28271.0280255464,244000
78265.8696773765,69759.6031298161,46269.9764483906,31536.7684304677,28237.2417778675,244100
78216.3879217796,69705.537559652,46226.3030445268,31501.4457023148,28203.4911743798,244200
78166.9243464797,69651.5022412464,46182.6631851507,31466.1572656011,28169.7761876722,244300
78117.47896728,69598.0722809873,46139.0568594312,31430.9030980442,28136.0967903298,244400
78068.0517999311,69549.3669099997,46095.4840565051,31395.6831773498,28102.452954934,244500
78018.642860131,69500.6839990053,46051.944765477,31360.4974812115,28068.8446540627,244600
77969.2521635254,69452.0235580596,46008.4389754196,31325.3459873112,28035.2718602902,244700
77919.8797257075,69403.3855971681,45964.9666753737,31289.6628982752,28001.7345461871,244800
77870.5255622181,69354.7701262866,45920.4160919609,31252.4219820922,27968.2326843211,244900
77821.1896885461,69306.1771553213,45875.3519186272,31215.2201889071,27934.7662472561,245000
77771.8721201282,69257.6066941286,45830.3243341189,31178.0574887818,27901.3352075532,245100
77722.572872349,69209.0587525155,45784.472168595,31140.9338517741,27867.9395377701,245200
77673.2919605412,69160.5333402397,45739.9998902414,31103.8492479376,27834.5792104616,245300
77624.0293999859,69112.0304670093,45695.5633441972,31066.8036473218,27801.2541981794,245400
77574.7852059123,69063.5501424834,45651.1625164426,31029.7970199723,27767.9644734725,245500
77525.559393498,69015.0923762722,45606.7973929284,30992.8293359309,27734.7100088869,245600
77476.3519778689,68966.6571779363,45561.690407002,30955.9005652353,27701.4907769658,245700
77427.1629740998,68918.2445569878,45516.1544916018,30919.1495887124,27668.3067502501,245800
77377.9923972139,68869.8545228901,45471.4190862094,30883.1738074823,27635.1579012779,245900
77328.8402621831,68821.4870850575,45426.7201363294,30847.2347876146,27602.0442025846,246000
77279.7065839282,68773.1422528558,45382.0166279725,30811.332502344,27568.9656267036,246100
77230.591377319,68724.8200356025,45338.5484764034,30775.4669248982,27535.9221461658,246200
77181.4946571741,68676.5204425663,45295.1147222172,30739.6380284986,27502.9137334996,246300
77132.194395283,68628.2434829677,45251.2017037083,30703.8457863604,27469.9403612316,246400
77082.8688692754,68580.3938352978,45205.6702081467,30668.0901716922,27436.6490533117,246500
77033.5622130285,68534.4735954008,45160.1771200829,30632.4494177765,27402.6623393457,246600
76984.2744409644,68489.0747098141,45114.8469813946,30596.8848574209,27368.7132287504,246700
76935.005567454,68443.6946748473,45069.9482995539,30561.3565663688,27334.8016897323,246800
76885.7556068178,68398.3335019917,45024.838046992,30525.8645182375,27300.9276905012,246900
76836.5245733256,68352.9912026923,44979.7655761092,30490.4086866378,27267.0911992694,247000
76787.3124811969,68307.6677883482,44934.8457741257,30454.9890451743,27233.2921842528,247100
76738.1193446007,68262.3632703128,44890.1134582561,30419.6055674456,27199.5306136701,247200
76688.9451776557,68217.0776598935,44845.4183533578,30384.2582270442,27165.8064557432,247300
76639.7899944303,68171.810968352,44801.0868059542,30348.9469975565,27132.1196786974,247400
76591.3390091685,68126.5632069045,44757.2782245827,30313.6718525633,27098.4702507615,247500
76544.3728588641,68081.3343867216,44714.5578164349,30278.4327656392,27064.8581401675,247600
76497.4230451866,68036.1245189283,44672.233224012,30243.2329808544,27031.2833151511,247700
76450.4895834757,67990.9313560766,44629.9414221833,30208.307109644,26998.2049765476,247800
76403.5724890226,67945.40765864,44587.6823995446,30173.4166768173,26965.9538388866,247900
76356.6717770707,67894.3886888162,44544.7025141684,30139.0677654035,26933.7368480117,248000
76309.7874628153,67840.272745944,44501.5039638938,30103.4196466211,26901.5539771264,248100
76262.9195614039,67786.188937853,44459.7861373008,30068.2205046075,26869.4051994331,248200
76216.0680879364,67732.1372653344,44416.6676972405,30033.0576529968,26837.2904881323,248300
76169.2330574646,67678.1177291311,44373.5838877179,29997.9310646609,26805.2098164233,248400
76122.414484993,67628.2014850751,44330.5346948794,29962.4890981799,26772.1670032368,248500
76075.6123854785,67580.662390356,44287.520104844,29926.9189975854,26737.7422773877,248600
76028.8267738306,67533.1458064285,44244.5401037038,29891.3862897778,26703.3574978361,248700
75982.0576649112,67485.6517415864,44201.5946775237,29855.8909457313,26669.0126277945,248800
75935.3050735352,67438.1802040776,44158.8581507761,29820.4329364174,26634.7076304862,248900
75888.56901447,67389.3149996901,44116.7128381502,29785.0122328059,26600.4424691446,249000
75841.8495024362,67338.7505350981,44074.6006404905,29749.6288058643,26566.2171070139,249100
75791.378730772,67288.2131872302,44032.5215454654,29714.5832426778,26532.0315073488,249200
75740.3471920583,67237.7029606834,43990.4755407158,29679.957128143,26498.0718118223,249300
75689.3378499149,67188.7274147201,43948.4626138552,29645.3665953577,26465.0015415008,249400
75638.3507155412,67141.3163244644,43907.2327630746,29610.8116177924,26431.976037019,249500
75587.3858000864,67093.9279116696,43866.135965385,29574.4794221971,26399.1061983487,249600
75536.4431146505,67046.5621841777,43825.0706182846,29537.610883374,26366.6434561726,249700
75485.5226702838,66999.1532259837,43784.0367111005,29502.1911729547,26335.085584783,249800
75434.6244779874,66951.6147463088,43743.0342331321,29466.8092271666,26303.5612726767,249900
75383.7485487126,66906.1074801757,43702.0631736511,29431.4650157927,26272.0704931401,250000
75332.8948933621,66861.3348097399,43659.8516059714,29396.1585086157,26240.6132194593,250100
75282.063522789,66816.5814478923,43617.2868962975,29360.8896754187,26209.1894249203,250200
75231.2544477976,66769.8898193796,43574.7302410941,29325.658485985,26177.7990828091,250300
75180.4254442954,66721.4426977286,43532.0384549354,29290.4649100979,26146.4421664113,250400
75129.4213474367,66673.0201242347,43488.8431727416,29255.3089175416,26115.1186490129,250500
75079.8705666497,66624.6221049636,43445.6838282012,29220.1904781002,26083.8285038998,250600
75031.2461036533,66575.8739208866,43403.0100264701,29185.1331007141,26052.571704358,250700
74982.6412146493,66527.119430921,43360.7552218025,29150.3655297712,26021.3482236738,250800
74934.0559119072,66479.3461941834,43318.5346807342,29115.63474916,25990.2236927684,250900
74885.4902076497,66432.1195240043,43276.3483887774,29080.9407297652,25959.150776396,251000
74836.944114052,66384.9158678317,43235.5393769715,29046.2834424711,25928.1108942979,251100
74788.4176432428,66337.7352326753,43194.7159492532,29011.6628581613,25897.1040200951,251200
74739.9108073037,66290.5776255015,43153.4045567912,28977.0789477197,25866.1301274088,251300
74691.4236182696,66243.4430532326,43111.9212321768,28942.5316820296,25835.1891898607,251400
74642.9560881285,66196.3315227476,43070.0216701934,28908.0210319745,25804.2811810725,251500
74594.5082288221,66149.2430408816,43028.1560363514,28873.5469684376,25773.4060746665,251600
74546.0800522455,66102.1776144265,42984.7962940175,28839.1094623024,25742.5638442653,251700
74497.6715702472,66055.1352501306,42941.357460561,28804.7084844523,25711.7544634923,251800
74447.0436718248,66008.1159546991,42897.9557823813,28770.3440057711,25680.977905971,251900
74394.5799778522,65961.1197347938,42854.5912409264,28736.0159971427,25650.2341453261,252000
74342.1415621806,65914.1465970336,42811.3181888914,28701.7561136896,25619.5231551826,252100
74289.7284327622,65867.1965479942,42769.6507129605,28667.5627470488,25588.8449091664,252200
74237.3405975013,65820.2695942084,42728.0170825268,28633.4056194242,25558.1993809044,252300
74184.9780642538,65773.3657421661,42686.4172830301,28599.2847019231,25527.5865440241,252400
74132.6408408278,65726.4849983146,42644.8512998867,28564.3590704668,25497.0063721543,252500
74080.3289349834,65679.3170441112,42603.1987589304,28529.2424498387,25466.4588389246,252600
74032.0248341388,65631.6549810878,42560.2130620113,28494.1645543654,25435.9439179657,252700
73983.8178614439,65584.0172364564,42518.3327071507,28460.8458961527,25405.4615829097,252800
73935.6307103214,65536.4038155962,42476.7904444264,28427.7994242122,25375.0118073897,252900
73887.3452409294,65488.8147238439,42434.5727428371,28393.7484015278,25344.59456504,253000
73839.0716650381,65441.2499664933,42392.3903795553,28357.5598708941,25314.2098294967,253100
73790.8181124361,65393.7095487962,42350.2433378514,28322.8389786854,25283.8575743967,253200
73742.5845941852,65346.1934759618,42308.1316009743,28289.2529846661,25253.5377733789,253300
73694.371121302,65298.701753157,42266.0551521512,28255.7024455019,25223.2504000834,253400
73646.177704758,65251.2343855067,42224.0139745878,28222.279008769,25192.9954281521,253500
73598.0043554796,65203.7913780934,42182.0080514683,28189.1770345743,25162.7728312285,253600
73549.8510843484,65156.3727359578,42140.0373659559,28156.1228393262,25132.5825829578,253700
73504.8515416418,65108.9784640987,42098.6470814811,28122.7048833338,25102.4246569869,253800
73461.1446010872,65061.608567473,42058.7019780344,28088.3398446653,25072.2990269648,253900
73415.2196431616,65014.2630509958,42018.7883311637,28054.0124641434,25042.2056665421,254000
73365.3441290144,64966.9419195406,41978.9085849575,28019.7227097698,25012.1445493716,254100
73315.4911741134,64919.6451779394,41939.5590542918,27986.7415067995,24982.1156491081,254200
73265.6607874531,64872.3728309826,41900.239961101,27954.3596337176,24952.1189394083,254300
73215.8529779829,64825.1248834191,41860.9512940381,27922.010927056,24922.1543939312,254400
73167.1843206161,64777.9013399569,41820.9876227427,27888.4738634277,24892.2219863381,254500
73119.2025475508,64730.7022052622,41780.6487830017,27854.9782288095,24861.7704825936,254600
73071.2409711407,64683.5274839606,41740.3424135729,27821.6764704095,24830.5512613348,254700
73023.2800774373,64636.3771806363,41698.7487935877,27788.4834852792,24800.1383471932,254800
72975.3381384136,64589.2512998326,41657.1723739814,27755.3258377236,24770.5458063211,254900
72927.4164557904,64542.149846052,41616.2902113368,27722.203499109,24740.984774384,255000
72879.5150398007,64495.0728237562,41575.4419194301,27690.0388967373,24710.7027178012,255100
72831.6339006336,64448.0202373662,41534.6274822997,27658.4806835987,24679.1547559395,255200
72783.7730484346,64400.9920912621,41493.8468839634,27626.9542065492,24647.64328693,255300
72735.9324933054,64353.988389784,41454.1884937503,27595.4594423827,24616.1682768071,255400
72688.1122453045,64307.0091372311,41414.9600832079,27563.99636789,24584.7296916171,255500
72640.3123144468,64260.0543378623,41375.762478051,27532.5649598581,24553.3274974182,255600
72592.532710704,64214.660920925,41335.4248293305,27500.4338310864,24521.9616602804,255700
72544.37066231,64170.3005036012,41294.905100123,27467.9603594804,24490.6321462855,255800
72494.1058009285,64125.9609355768,41255.4085614278,27435.5624594896,24459.3389215275,255900
72443.8289399077,64081.6422236393,41216.104071207,27403.3125210325,24428.0819521125,256000
72393.4921191571,64037.3443745376,41175.8921373984,27371.1193721781,24396.8612041584,256100
72343.1792444444,63993.0673949811,41135.2607435579,27338.9598795921,24365.6766437955,256200
72292.8903230671,63948.3710412829,41093.1119040191,27306.8340167703,24334.5282371663,256300
72242.6253622784,63903.501579006,41052.4880052725,27274.7417572094,24303.7909861598,256400
72192.3843692878,63857.3251118018,41012.2018912,27242.6830744065,24273.0993745487,256500
72142.1673512607,63805.9857957882,40971.9490884563,27210.6579418593,24242.4428369565,256600
72091.9743153189,63754.6781657059,40931.7295814159,27178.6663330664,24211.8213412656,256700
72042.5324770408,63703.4022190496,40891.5433544338,27146.7082215271,24181.2348553687,256800
71995.8455121634,63652.1579532748,40851.390391845,27114.7835807414,24150.6833471686,256900
71949.1779077391,63604.6223303478,40812.0320571585,27083.0885136621,24120.166784579,257000
71900.8527982055,63558.2154416715,40773.5607806433,27052.1461519824,24089.6851355239,257100
71851.1601498572,63511.8328148913,40736.1978817491,27021.2350583198,24059.2383679381,257200
71801.4216618177,63465.4744537792,40698.8630714936,26990.3552094578,24028.8264497669,257300
71750.774821294,63419.0540595939,40659.9261545466,26959.5065821776,23998.4493489662,257400
71699.8009650693,63372.564626862,40620.6354403414,26928.6891532584,23968.107033503,257500
71648.8525177659,63326.099724147,40580.3860926733,26897.9028994774,23937.7994713547,257600
71597.9294850708,63279.6593548795,40539.8494778745,26865.8453561502,23907.5266305099,257700
71547.031872628,63233.2435224517,40499.3472601403,26833.4906398683,23877.2884789679,257800
71496.1596860386,63186.8522302175,40459.0200888316,26801.1708575002,23847.084984739,257900
71448.3953552089,63140.4854814922,40419.2858699006,26768.8859798089,23816.9161158446,258000
71401.6793512975,63094.1432795528,40379.5846105543,26736.6359775619,23786.7818403171,258100
71354.9831864534,63047.8256276384,40339.9162950301,26704.4208215313,23756.6821262,258200
71306.1451846174,63001.5325289497,40300.2809075465,26672.2404824939,23726.616941548,258300
71256.8818028304,62955.2639866496,40260.6784323035,26640.0949312313,23696.5862544269,258400
71207.6417967757,62909.0200038626,40221.1088534826,26607.9841385298,23666.590032914,258500
71158.4251732804,62862.5200698374,40181.572155247,26575.9080751807,23636.6282450978,258600
71109.2319391296,62815.9245711652,40142.0683217415,26543.8957521541,23606.700859078,258700
71061.6755561887,62769.3542444686,40102.6257370616,26512.425052502,23576.8078429659,258800
71014.7913160741,62722.809092219,40064.1747374278,26480.9877126199,23546.9491648842,258900
70967.9274212518,62677.5130417866,40027.2785664019,26449.5837053797,23517.1247929673,259000
70921.0838804425,62633.7103518608,39990.4104138792,26418.2130036556,23487.3346953607,259100
70874.2607023267,62589.929002195,39953.5702696337,26386.8755803253,23457.5788402221,259200
70827.4578955443,62546.1689980222,39916.7581234181,26355.5714082691,23427.9097865251,259300
70780.675468695,62502.4303445388,39879.9739649645,26324.3004603705,23398.2918976243,259400
70733.9134303381,62458.7130469046,39843.2177839836,26293.062709516,23368.7079811004,259500
70687.1717889928,62415.0171102433,39806.4895701654,26261.8581285955,23339.1580054553,259600
70640.4505531381,62371.3425396422,39769.7893131792,26230.6866905018,23309.6419392028,259700
70593.749731213,62324.0683012448,39733.1170026732,26199.5483681312,23280.1597508678,259800
70547.0693316166,62275.6673421832,39696.4726282753,26168.4431343832,23250.7114089871,259900
70500.409362708,62227.2948104444,39659.8561795924,26137.3709621609,23221.2968821091,260000
70453.7698328066,62178.950705268,39623.2676462113,26106.3318243706,23191.9161387937,260100
70407.1507501919,62135.7472610242,39586.3116025378,26075.3256939222,23162.5691476126,260200
70360.5521231039,62093.027670009,39548.7302684336,26044.3525437293,23133.2558771495,260300
70313.9739597428,62050.3282917707,39511.1787978226,26013.4123467087,23103.9762959995,260400
70267.4162682696,62007.6491320363,39473.642003108,25982.5050757814,23075.1404443017,260500
70220.8790568055,61964.9901964976,39435.3125536881,25951.6307038718,23046.7973150205,260600
70174.3623334325,61922.3514908111,39397.0145215451,25920.8300867187,23018.4856120061,260700
70127.8661061933,61879.7330205978,39358.7478918863,25890.0844594838,22990.2053075774,260800
70081.3903830913,61837.1347914434,39320.5126499014,25859.3714988241,22962.005137582,260900
70034.9351720909,61794.5568088984,39282.3087807626,25828.0997423247,22933.8373442643,261000
69988.5004811172,61751.9990784784,39244.1362696245,25796.371957352,22904.5273133487,261100
69942.0863180564,61709.4616056636,39205.9951016246,25764.679372996,22874.8174554622,261200
69895.6926907559,61666.9443958995,39167.885261883,25733.0219581803,22846.4373994129,261300
69849.319607024,61624.4474545965,39129.8067355028,25701.3996818373,22818.3456907944,261400
69802.9670746303,61581.9707871303,39091.7595075697,25669.8125129082,22790.2851942411,261500
69756.6351013058,61539.5143988415,39054.0159993871,25638.260420343,22762.2558821105,261600
69710.3236947427,61497.0782950363,39017.5595142176,25606.7433731007,22734.2577267678,261700
69664.0328625946,61454.4743449812,38981.1314304029,25575.2613401493,22706.2979158227,261800
69617.7626124768,61411.8179574928,38944.5046005453,25543.8142904658,22678.3982103244,261900
69571.512951966,61369.1822432505,38906.5486376752,25512.4021930363,22649.7449934611,262000
69525.2838886006,61326.5672071359,38868.6362714237,25481.715267595,22619.6480071516,262100
69479.0754298807,61283.9728539962,38830.7629403055,25451.3016083117,22589.5877294838,262200
69432.8875832682,61241.3991886442,38792.920870091,25420.9205563177,22559.5641229133,262300
69386.7203561869,61198.4615513193,38755.1100456161,25389.2458738325,22529.5771499173,262400
69340.5737560224,61153.6581686397,38717.3304517001,25357.1066269251,22499.6267729935,262500
69294.4477901225,61108.8787299534,38679.5820731462,25325.0043912235,22469.7348616291,262600
69248.342465797,61064.1232374513,38641.8648947414,25292.9391319715,22440.4057994771,262700
69202.2577903176,61019.3916932896,38604.1789012567,25261.40523873,22413.0336682183,262800
69156.1937709186,60974.68409959,38566.042328662,25230.338961909,22385.7505485653,262900
69110.1504147964,60929.7980484109,38527.728054093,25200.5475323072,22358.497408883,263000
69064.1277291097,60884.9195738746,38489.4462937436,25170.7876492123,22331.2742230021,263100
69018.1257209798,60840.0653664718,38451.1970305665,25141.0592867122,22304.0809647604,263200
68972.1443974903,60795.2354279514,38412.9802475,25111.3624188989,22276.9176080029,263300
68926.1132209861,60750.4297600278,38374.795927468,25081.6970198686,22249.7841265818,263400
68879.8909948342,60705.2292433131,38337.1299181552,25052.0630637214,22222.6804943564,263500
68833.6898700757,60661.6480892033,38299.6961109711,25022.6415560735,22195.6066851935,263600
68787.5098533502,60619.2259395756,38262.6086022595,24993.3031891373,22168.5626729671,263700
68741.3509512601,60572.8312871051,38225.2770840353,24963.9956329596,22141.5484315586,263800
68695.2131703705,60525.2343865275,38187.9765013737,24934.718862548,22114.5639348568,263900
68649.0965172098,60480.194713157,38150.7068389562,24905.4728529138,22087.6091567581,264000
68602.7872267259,60434.6786721338,38113.7530188282,24875.8272106741,22060.6840711661,264100
68552.0966477259,60387.153911134,38077.2350011642,24844.5940379478,22033.8113998677,264200
68501.4337284663,60339.6578932718,38040.7465345519,24814.744299845,22006.9774671399,264300
68450.7984704098,60292.1906160554,38003.5278542676,24786.0344732573,21980.1730684408,264400
68400.1908749815,60244.7520769602,37966.3265006693,24757.3543556401,21953.4070789464,264500
68349.6109435684,60197.3422734282,37929.2726183838,24728.7039234092,21926.6995070612,264600
68299.0586775202,60149.9612028684,37892.9563788648,24700.0831529828,21900.0212985174,264700
68248.5340781489,60102.6088626569,37856.6695217989,24670.9238756667,21873.3724275649,264800
68198.0371467291,60055.2852501371,37819.949616478,24641.9695940598,21846.752868461,264900
68147.5678844979,60007.9903626191,37782.9458065664,24613.0457894047,21819.7054236049,265000
68097.126292655,59960.7241973809,37745.9728270225,24584.1524368038,21791.4176461736,265100
68046.7123723632,59913.4867516674,37709.0306622517,24555.2895113634,21763.1634535651,265200
67996.3261247479,59866.278022691,37671.8392471094,24526.4569881938,21734.9428125807,265300
67945.9675508973,59819.098007632,37634.5682035285,24497.6548424094,21706.7556900385,265400
67895.6366518629,59771.9467036377,37597.3287021039,24468.716460429,21678.602052774,265500
67845.3334286592,59724.8241078237,37560.1207261987,24439.6343391413,21650.4818676397,265600
67798.0629682598,59677.7302172729,37522.9442591624,24410.5833290836,21622.3951015052,265700
67754.7480076772,59630.6650290363,37485.073070147,24381.5634040924,21594.3417212573,265800
67711.451139615,59583.6285401326,37447.3897972822,24352.5745380101,21566.3216938003,265900
67668.1723719626,59536.5437749999,37409.6637333687,24323.2995317891,21538.3349860554,266000
67624.9117125751,59489.4201616787,37372.821768037,24293.4390645521,21511.456280984,266100
67581.6691692729,59442.3254565841,37336.0108242176,24265.3244125296,21485.2732831955,266200
67538.4447498418,59397.3099769605,37299.2308856819,24236.4825615843,21457.9683994273,266300
67495.2384620331,59353.6698992851,37262.481936188,24207.4166436532,21429.8588266655,266400
67452.0503135638,59310.0535341398,37228.0683655,24178.382180478,21401.7830613692,266500
67408.8803121166,59266.4608826424,37191.526375253,24148.7990168294,21373.7410694131,266600
67365.7284653398,59222.891945879,37154.7218130335,24118.9923274802,21345.7328166908,266700
67322.5947808474,59179.3467249043,37117.9484572443,24089.2190416522,21317.7582691148,266800
67279.4792662196,59135.8252207411,37081.2062912352,24059.4791290125,21289.8173926171,266900
67236.3819290021,59092.3274343809,37044.4952983428,24029.7725592393,21261.9101531485,267000
67193.3027767069,59048.8533667838,37007.8154618916,24000.0993020222,21234.087588346,267100
67150.2418168117,59005.4030188784,36971.1055058235,23970.4593270617,21206.3061500267,267200
67107.1990567605,58961.9763915623,36934.0071157011,23940.8526040698,21179.6271887112,267300
67064.1745039634,58918.5734857016,36896.5159193147,23911.2791027698,21153.1750171107,267400
67021.1681657968,58875.1943021314,36859.0037445883,23881.7387928963,21126.7614706499,267500
66978.1800496032,58831.8388416556,36822.0515582754,23852.2316441952,21100.377957518,267600
66935.2101626915,58788.5071050473,36784.2357378518,23822.757626424,21074.024449779,267700
66892.2585123371,58745.1990930484,36746.6651586193,23793.3167093517,21047.7009195084,267800
66849.3251057816,58701.91480637,36710.2430123849,23763.9088627587,21021.4073387936,267900
66806.4099502335,58658.6542456927,36674.1520682205,23734.534056437,20995.1436797335,268000
66763.5130528675,58615.4174116659,36638.0915163992,23705.1922601902,20968.9099144387,268100
66720.6344208251,58572.2043049085,36601.8673163107,23675.8834438336,20942.7060150315,268200
66677.7740612145,58529.014926009,36565.9384032371,23646.6497615383,20916.489282924,268300
66634.9319811107,58485.849275525,36530.9656945301,23617.5965884761,20890.2923630345,268400
66592.1081875553,58442.7073539839,36495.979922616,23588.5758491259,20864.1253592156,268500
66549.2515770433,58399.5891618826,36460.5764057324,23559.587514092,20837.9882434042,268600
66506.2601558489,58356.4946996877,36425.2021842776,23530.7579897359,20811.8809875496,268700
66462.9729938159,58313.4239678354,36389.8572433832,23503.2664712441,20785.8035636132,268800
66414.3789915758,58270.376966732,36354.5415681681,23475.8038348843,20759.7559435687,268900
66370.0979626084,58227.3536967532,36318.772067911,23448.3700568903,20733.7380994021,269000
66328.9214409348,58184.3541582451,36282.8530346917,23420.9651135003,20707.7500031119,269100
66287.7613132023,58141.3783515235,36246.9645273947,23393.5889809572,20681.7916267089,269200
66246.5124550061,58097.39511258,36211.1065294319,23366.241635509,20655.8629422163,269300
66203.546509414,58052.822023265,36175.2790242042,23338.9230534081,20629.9639216698,269400
66159.0221291985,58008.2751448432,36139.4819951008,23311.633210912,20604.0945371176,269500
66114.4871273937,57963.7544753885,36103.7154254999,23284.3720842833,20578.2547606205,269600
66069.9298620494,57919.2600129458,36067.9792987685,23256.7209381466,20552.4445642517,269700
66025.3935519338,57874.79175553,36032.2735982625,23227.9173112698,20526.663920097,269800
65980.8782018817,57831.8791427083,35996.5983073266,23199.1461708608,20500.9128002551,269900
65936.3838166947,57790.2947955522,35960.9534092946,23170.4074869388,20475.191176837,270000
65891.9104011415,57748.7324301069,35925.3388874895,23141.7012295354,20449.4990219667,270100
65847.4579599579,57707.1920478194,35889.7547252232,23113.0273686947,20423.8363077806,270200
65803.0264978472,57665.6736501076,35854.200905797,23084.3858744731,20398.2030064282,270300
65758.6160194796,57624.1772383601,35818.6774125011,23055.7767169397,20372.5990900716,270400
65714.2265294931,57582.7028139364,35783.1842286154,23027.1998661759,20347.0245308856,270500
65669.8580324927,57541.250378167,35747.7213374091,22998.655292276,20321.4793010581,270600
65625.5105330511,57499.8199323535,35712.2887221405,22969.9901820443,20295.9633727899,270700
65581.1840357085,57458.4114777685,35676.8863660578,22941.2118342833,20270.4767182944,270800
65536.8785449727,57417.0250156556,35642.2301524651,22912.5493329167,20245.0193097982,270900
65492.5940653192,57375.4771095151,35608.394680389,22883.9479809052,20219.5911195409,271000
65448.3306011911,57333.2617064889,35574.5865120752,22855.3792276917,20194.192119775,271100
65404.0881569995,57291.0695711282,35540.8056343202,22826.8430426269,20168.822282766,271200
65359.8667371233,57248.9007035282,35507.006005833,22798.3393950751,20143.4815807926,271300
65315.6663459091,57206.7551037554,35472.3836474842,22769.8682544148,20118.1699861466,271400
65271.4869876718,57164.6327718478,35437.7903374035,22741.4295900382,20092.8874711328,271500
65227.3286666941,57122.5337078149,35401.8007378871,22713.0233713518,20067.6340080693,271600
65183.1913872269,57080.457911638,35365.4953164463,22684.6495677758,20042.4095692872,271700
65139.0311895006,57038.4053832698,35329.2223416141,22656.3081487445,20017.2141271312,271800
65094.8270248948,56996.3761226349,35292.9817934504,22627.9990837066,19992.0476539588,271900
65050.6440587925,56954.3701296295,35256.7736520073,22600.2041904686,19966.9101221411,272000
65007.5299818267,56912.3874041219,35220.59789733,22573.1053090528,19941.8015040623,272100
64964.5533755013,56870.4279459521,35184.454509456,22546.0358836711,19916.7217721203,272200
64921.5964200599,56828.4917549321,35149.8544195108,22519.135677144,19891.6708987258,272300
64878.659120529,56786.5788308462,35115.6782791632,22491.712964014,19866.6488563035,272400
64835.7414819039,56744.6891734503,35081.5307326257,22463.8846051487,19841.6556172911,272500
64792.8435091488,56702.822782473,35047.2573201598,22436.0876610263,19816.69115414,272600
64749.9652071969,56660.9796576147,35011.6381425864,22408.7057555238,19791.755439315,272700
64707.9281649323,56619.1597985483,34976.0504642001,22381.8571413618,19766.5399675058,272800
64669.4447621645,56577.363204919,34940.4942659897,22355.0376964337,19741.0181599611,272900
64630.9755931981,56535.5596539541,34904.9695289362,22328.4101639601,19715.5266580027,273000
64592.5206662145,56493.6390204643,34869.4762340128,22301.8211078607,19690.0654312748,273100
64554.0799893665,56452.3978065251,34834.0143621855,22274.438676069,19664.6344494389,273200
64515.6535707779,56411.5631702127,34798.5838944125,22248.2999934664,19639.2336821738,273300
64477.2414185437,56370.7505295569,34763.184811645,22221.9111392293,19613.8630991761,273400
64438.8435407303,56329.9598850766,34727.8170948265,22195.2794256234,19588.5226701594,273500
64397.6435125706,56289.1912372639,34692.4807248932,22168.6766687195,19563.2123648551,273600
64354.002210907,56248.4445865835,34657.1756827743,22142.1028430736,19537.932153012,273700
64310.0137184955,56207.719933473,34622.6536853275,22115.5579232507,19512.6820043966,273800
64266.0467255918,56167.017278343,34588.4335460222,22089.0418838242,19487.4618887926,273900
64222.1012354715,56126.336621577,34554.2426397554,22062.5546993768,19462.2717760017,274000
64176.7760142664,56085.6779635319,34520.0809500657,22036.0963444997,19437.111635843,274100
64130.7118441208,56045.0413045373,34485.9484604827,22009.6667937931,19412.0222184251,274200
64084.6722182058,56004.2585291432,34451.8451545269,21983.2660218664,19386.9666413924,274300
64038.6571373466,55962.2500883037,34417.77101571,21957.0037973383,19361.9408321123,274400
63992.6666023381,55920.2657359758,34383.726027535,21930.8574571057,19336.9447606764,274500
63946.7006139446,55878.305470634,34349.7101734958,21904.739349104,19311.8852489458,274600
63900.7591729,55835.9513986885,34315.723437078,21878.6494487432,19286.3994552067,274700
63854.8422799077,55792.5121772685,34282.0015387814,21852.5877314416,19260.9465848144,274800
63811.6288740948,55749.4524309992,34247.8372510045,21826.5541726257,19235.5247669293,274900
63769.2042917706,55708.3890028928,34214.1716705673,21800.5487477302,19210.1339691227,275000
63726.7994894994,55667.348461835,34181.3119985409,21774.5714321984,19184.7741589873,275100
63684.4144714582,55625.5436266804,34148.4793750722,21748.6222014817,19159.4453041368,275200
63642.0492417947,55583.6852460103,34115.673786124,21722.7010310398,19134.1473722063,275300
63599.7038046269,55541.8510373995,34082.895217649,21696.8078963412,19108.8803308518,275400
63557.3781640438,55500.0409990046,34050.1436555896,21671.0131692412,19083.644147751,275500
63515.0723241046,55458.2551289566,34017.4190858783,21645.9845075595,19058.4387906027,275600
63472.7862888397,55416.3488109791,33984.7214944374,21620.9819101171,19033.264227127,275700
63430.5200622498,55376.9061813652,33952.050867179,21595.8979127554,19008.1204250652,275800
63388.2736483067,55334.5741494075,33919.4071900055,21570.0319363985,18983.0073521802,275900
63346.0470509532,55291.6454570652,33886.7904488093,21544.1941101402,18957.924976256,276000
63303.8402741027,55249.6882366884,33854.2006294729,21518.3844090933,18932.8732650982,276100
63261.6533216399,55208.0473360226,33821.637717869,21492.6028083797,18907.8521865338,276200
63219.4861974204,55166.4305898974,33789.1016998605,21466.8492831308,18882.861708411,276300
63176.7013414693,55124.8379962384,33756.5435905065,21441.1238084869,18857.9017985997,276400
63135.3677767567,55083.6124925978,33723.3286172575,21415.4263595977,18832.9724249911,276500
63093.4165282825,55042.3075301899,33689.9605699018,21389.756911622,18808.5546550438,276600
63051.4849164692,55001.0263633911,33656.6211527169,21364.1154397281,18785.3455883714,276700
63009.5729451725,54959.7689903159,33623.3103492324,21338.5019190937,18762.162718871,276800
62967.6806182192,54918.5354090534,33589.8950108808,21312.9163249055,18739.0060220113,276900
62925.8079394078,54874.6582199693,33556.0383915411,21287.3586323601,18715.8754732723,277000
62883.9549125083,54832.2969648187,33522.2115288294,21261.8288166631,18692.7710481458,277100
62842.1215412623,54789.3737119028,33488.9400330426,21236.3891268726,18669.6927221354,277200
62800.307829383,54746.052559867,33455.8020482194,21209.5501835825,18646.6404707561,277300
62758.5137805552,54702.7585541816,33422.6925175993,21184.6018994315,18623.6142695349,277400
62716.7393984357,54659.2748060715,33389.2293386677,21159.7608060914,18600.6556510304,277500
62674.9846866529,54615.7951859174,33355.5763636506,21134.5970237726,18576.6541537939,277600
62633.2496488071,54572.3430709164,33321.952983395,21109.2339490204,18552.5940073954,277700
62591.3125576169,54528.9184555531,33288.3837106009,21083.8985778239,18528.5626218046,277800
62549.3148854477,54485.5213342883,33255.237608849,21058.2293627857,18504.55996772,277900
62507.3373122371,54442.9501938296,33221.914160368,21032.2962987897,18480.586015858,278000
62465.3798411634,54401.9183556366,33188.0639957927,21006.3924554191,18456.6407369536,278100
62423.4424753772,54358.6604620153,33155.0411174992,20980.5178053307,18432.7241017597,278200
62381.5252180008,54315.0186404205,33122.2848402685,20955.1792050215,18408.8360810477,278300
62336.3954909458,54271.4048495979,33089.6065926522,20929.9480692383,18384.9766456073,278400
62290.7992053204,54227.8190833261,33056.1755973576,20904.7446182117,18361.1457662465,278500
62245.2282591705,54184.2613353599,33022.7741203957,20879.5688270326,18337.3434137914,278600
62199.6826514421,54140.7315994312,32989.402143601,20854.4206708019,18313.5695590869,278700
62154.1623810536,54097.2298692482,32956.0596488025,20829.3001246309,18289.8241729959,278800
62108.6674468953,54053.7561384962,32922.7466178234,20804.2071636413,18266.1072263998,278900
62063.1978478301,54010.3104008374,32889.4630324819,20779.1417629651,18242.4186901985,279000
62017.7535826931,53967.1266858933,32856.2088745904,20754.1038977444,18218.7585353101,279100
61974.3468003788,53925.4947501931,32822.984125956,20729.093543132,18195.1267326716,279200
61931.7154624397,53882.4813317572,32789.7887683804,20704.110674291,18171.523253238,279300
61889.1055175063,53839.4953871445,32756.7194005437,20679.1552663948,18147.9480679829,279400
61846.516967453,53797.108868306,32724.025526094,20654.2272946274,18124.4011478986,279500
61803.9498141273,53754.6111369356,32691.3601045386,20629.3267341834,18100.8824639958,279600
61761.4040593491,53711.7927941819,32658.7231188112,20604.4535602677,18077.3919873037,279700
61718.8797049112,53669.0016986828,32625.9116353419,20579.6077480958,18053.92968887,279800
61676.3767525793,53626.2378445642,32592.6873859871,20554.852489998,18030.6579109696,279900
61633.895204092,53583.5012259295,32559.4928152754,20530.1356526883,18007.8475027546,280000
61591.4350611609,53540.7918368593,32526.8729250729,20505.4459214392,17985.063658904,280100
61548.9963254704,53498.1096714116,32494.5532860161,20480.7832718124,17962.3063532495,280200
61506.5789986783,53455.6650878756,32462.3944651281,20456.1485934718,17939.5755596374,280300
61464.1830824152,53413.5060757833,32430.3146701793,20431.6000819052,17916.8712519294,280400
61421.8085782851,53371.3735251784,32398.262476724,20407.0784361173,17894.1934040019,280500
61379.2482612587,53329.2674307367,32367.1502838786,20382.5836319419,17871.5419897468,280600
61336.6993832074,53287.1877871115,32335.9176364828,20358.1156452235,17848.9169830706,280700
61294.1722290925,53245.1345889336,32304.6819237617,20333.6744518164,17826.3183578954,280800
61251.6668001676,53203.1078308114,32273.3447705286,20309.2600275852,17803.746088158,280900
61209.1830976601,53161.1075073312,32241.9106321426,20284.8723484048,17781.2001478106,281000
61166.7211227706,53119.1336130567,32210.503055538,20260.5113901602,17758.6805108204,281100
61124.2808766735,53077.1861425297,32179.020209442,20236.1771287469,17736.1871511701,281200
61081.8623605166,53035.2650902696,32147.0324042819,20211.8695400705,17713.7200428572,281300
61039.4655754215,52993.3704507739,32115.0723402533,20187.5886000471,17691.2797144608,281400
60997.0905224835,52951.5022185179,32083.1400007274,20163.3342846031,17668.9147966292,281500
60954.7372027715,52911.1354712315,32051.23536907,20139.1065696751,17646.5759254301,281600
60913.5797628557,52871.8344198236,32019.3584286413,20114.9054312105,17624.2630751456,281700
60872.5034252706,52832.5559158439,31987.5091627958,20090.7308451668,17601.9762200732,281800
60831.4471420091,52793.2999571379,31955.6875548829,20066.5827875121,17579.7153345249,281900
60787.9201607666,52754.066541529,31923.893588246,20042.461234225,17557.4803928281,282000
60743.655913456,52714.8556668179,31891.9632910198,20018.3661612946,17535.2713693252,282100
60701.6536014164,52675.6673307832,31860.0100867112,19994.7631880657,17513.0882383736,282200
60659.6727169191,52636.5015311811,31828.084900346,19971.210555702,17490.9309743458,282300
60617.7132610743,52597.3582657456,31796.726484267,19947.6831655595,17468.7995516294,282400
60575.7752349665,52558.2375321884,31765.4670666464,19923.9324574264,17446.6939446274,282500
60533.8586396543,52517.1951502181,31734.2344142869,19899.8979739666,17424.6141277574,282600
60491.9634761711,52475.8959852471,31702.9238586034,19875.8899948425,17402.5600754528,282700
60450.0897455243,52434.6227499666,31671.3651419319,19851.9084958453,17380.5317621617,282800
60408.2374486959,52393.3754389223,31639.4359389663,19827.9534527772,17358.5291623476,282900
60366.4065866424,52352.1540466386,31607.0864146142,19804.0248414515,17336.5522504893,283000
60324.5971602949,52310.9585676189,31574.581070587,19780.1226376924,17314.6010010807,283100
60282.8091705591,52269.7889963452,31542.5507140598,19756.2468173354,17292.675388631,283200
60241.0426183154,52228.6453272784,31510.7582011178,19732.3973562271,17270.7753876646,283300
60199.2975044188,52187.5275548585,31478.9938274366,19708.5742302251,17248.9009727214,283400
60157.5738296992,52146.4356735044,31447.2575752922,19684.7774151985,17227.0521183564,283500
60115.8715949612,52105.3696776141,31415.549426957,19661.0068870272,17205.2287991401,283600
60074.1908009846,52064.3295615648,31383.9005678684,19637.2626216028,17183.4309896581,283700
60032.5314485237,52023.3153197126,31352.5575282054,19613.5445948278,17161.6586645116,283800
59990.8935383081,51982.3269463932,31321.0782820364,19589.8527826161,17139.9117983171,283900
59949.2770710421,51941.1316910446,31289.6267602217,19566.1871608929,17118.1903657065,284000
59907.6820474055,51899.5813456488,31258.2029454526,19542.5477055947,17096.494341327,284100
59866.108468053,51858.0578333239,31226.8068204164,19518.9343926695,17074.8236998414,284200
59824.5563336144,51816.5611473707,31195.6787413301,19495.3471980763,17053.2937373686,284300
59783.025644695,51775.0912810698,31165.0990059974,19471.786097786,17031.9740580461,284400
59741.5164018751,51733.6482276819,31134.5454143381,19448.2510677805,17010.6789293488,284500
59700.0286057106,51692.2319804474,31104.0179509424,19424.7420840533,16989.4083273189,284600
59658.9277473956,51650.8425325869,31073.5166003949,19401.2591226095,16968.1622280124,284700
59621.2238299314,51609.4798773009,31043.0413472752,19377.8021594654,16946.9406074989,284800
59583.5364007496,51568.14400777,31012.5921761573,19354.371170649,16925.7434418622,284900
59545.8654638631,51526.834917155,30981.7338801304,19330.9661321999,16904.5707071995,285000
59508.2110232607,51485.552598597,30949.7031077639,19306.8433520047,16883.4223796222,285100
59470.5730829074,51442.6935885243,30918.4131779238,19282.5763815273,16862.2984352552,285200
59432.9516467446,51398.7849554023,30887.7498486935,19259.1437127878,16841.1988502377,285300
59395.3467186899,51354.9075106474,30857.1131440391,19235.7371630075,16820.1236007224,285400
59357.7583026373,51311.0612427959,30825.8006152747,19212.3567078289,16799.0726628761,285500
59320.1864024571,51273.1389848103,30793.7776963744,19189.0408923764,16778.0460128795,285600
59282.6310219963,51235.6894650528,30761.7843077511,19165.8445068684,16757.0436269274,285700
59245.092165078,51198.2610498123,30731.0718819341,19142.6738168902,16736.0654812282,285800
59207.5698355021,51159.0199064606,30700.3938219139,19119.5287986892,16715.1115520046,285900
59170.0640370449,51118.6787071838,30669.0461333929,19096.4094285249,16694.1818154931,286000
59132.5747734595,51078.3630981859,30637.3241595576,19073.3156826682,16673.2762479443,286100
59094.2246164986,51038.073073463,30606.6140793618,19050.2475374018,16652.3948256228,286200
59054.3925375287,50997.8086269917,30575.7593387238,19027.2049690201,16631.5375248073,286300
59014.58011298,50957.5697527291,30544.9319982844,19004.187953829,16610.7043217904,286400
58974.7873443292,50917.3564446131,30514.1320404913,18981.1964681463,16589.8951928789,286500
58935.0142330295,50877.1686965621,30483.0886614973,18958.2304883017,16569.1101143937,286600
58895.2607805104,50837.0065024751,30451.8042965162,18935.2899906363,16548.3490626698,286700
58855.526988178,50796.8698562321,30421.2889005362,18912.3749515034,16527.6120140562,286800
58815.7923845873,50756.7587516938,30390.9797737467,18889.4853472677,16506.8989449161,286900
58775.9262331695,50716.6731827018,30360.6971695452,18866.6211543061,16486.2098316269,287000
58736.0799732509,50676.6131430785,30330.4410713978,18843.7823490072,16465.5446505801,287100
58696.2536059808,50636.5786266275,30300.8352571041,18820.9689077715,16444.9033781815,287200
58656.4471324851,50596.5696271331,30271.3902348769,18798.1808070113,16424.2859908508,287300
58616.6605538663,50556.586138361,30241.6970434629,18775.4180231509,16403.6924650223,287400
58576.8938712041,50516.6281540577,30211.7949494129,18752.6805326266,16383.1227771443,287500
58537.1470855546,50476.6956679512,30181.8330870272,18729.9683118866,16362.5769036793,287600
58497.4201979509,50437.788991012,30151.8973008527,18706.5990471744,16342.0548211043,287700
58457.7132094033,50398.9259429249,30120.4138893461,18683.966025421,16321.5565059102,287800
58418.0261208987,50360.0867706204,30088.8824901485,18661.3581414635,16301.0819346025,287900
58378.3589334013,50321.2714692764,30057.3805187962,18638.7753718856,16279.8585490812,288000
58338.7116478522,50282.4800340517,30025.9079544959,18615.9644334302,16258.5430334022,288100
58299.0842651698,50243.7124600861,29994.8937230117,18593.104779835,16237.2534713705,288200
58259.4767862494,50204.9687425005,29963.8517910529,18570.2709647208,16215.9898354804,288300
58219.8892119639,50166.2488763966,29932.7365068544,18547.4629633909,16194.7520982466,288400
58180.3215431631,50127.5528568575,29901.6499494644,18524.7765583095,16173.5402322032,288500
58140.7737806741,50089.7384794246,29870.5920989866,18502.1270489148,16152.3542099048,288600
58101.2459253017,50052.8022920641,29839.5629355245,18479.5030137164,16131.1940039255,288700
58061.7379778278,50015.490087347,29808.5624391818,18456.9044285284,16110.0595868597,288800
58022.2499390117,49978.1234967616,29777.7521907914,18434.3312691784,16088.9509313215,288900
57982.7818095904,49940.7788700162,29747.5073785503,18411.7835115069,16067.8680099452,289000
57943.3335902783,49903.4562037334,29717.2897280195,18389.2611313678,16046.8107953849,289100
57903.9052817674,49866.1554945168,29687.0992212977,18366.7641046282,16025.7792603149,289200
57864.1786378677,49828.8767389514,29656.935840482,18344.2924071685,16004.7733774293,289300
57824.0777536878,49791.619933603,29626.7995676678,18321.8460148824,15983.7931194423,289400
57783.9977612459,49754.3850750192,29596.6903849491,18299.4249036768,15962.8384590883,289500
57743.9386603905,49717.1721597283,29566.6082744184,18277.029049472,15941.9093691213,289600
57703.9004509478,49679.9811842404,29536.5532181669,18254.6584282016,15921.0058223158,289700
57663.8722490172,49642.8121450468,29506.525198284,18232.3130158126,15900.1400969259,289800
57623.8242617893,49605.6650386202,29476.524196858,18209.9927882652,15879.8302786885,289900
57583.797236446,49568.5398614149,29446.5501959759,18187.6977215333,15859.5445168981,290000
57543.79117267,49531.4366098666,29416.6031777232,18165.4277916038,15839.2827869448,290100
57503.806070122,49494.3552803925,29386.6831241844,18143.1829744774,15819.0450642353,290200
57463.8419284409,49457.2958693917,29356.7900174425,18120.9632461681,15798.831324193,290300
57423.8987472435,49420.2583732446,29327.1054337477,18098.7685827032,15778.6415422577,290400
57383.9765261249,49383.2427883136,29297.5458499406,18076.5989601236,15758.1096346059,290500
57344.0752646584,49346.2491109426,29268.0125926414,18054.4543544838,15737.4615101494,290600
57304.1949623954,49309.2773374575,29238.50564469,18032.3347418517,15716.8385801825,290700
57264.3356188659,49272.3274641658,29209.0249889245,18010.2400983086,15696.2408178491,290800
57224.4972335779,49233.8173631457,29179.5706081815,17988.1703999495,15675.6681963127,290900
57184.679806018,49193.6558368315,29150.1424852958,17966.1256228829,15655.1206887568,291000
57144.8833356512,49153.5212972406,29120.7406031007,17944.105743231,15634.598268385,291100
57105.1078219209,49113.4137357676,29091.3649444278,17922.1107371293,15614.1009084207,291200
57065.3532642492,49073.333143791,29062.0154921072,17900.1405807271,15593.6285821072,291300
57025.6196620365,49033.2795126727,29032.6922289677,17878.1952501873,15573.1812627078,291400
56985.87323183,48993.2528337587,29003.3951378363,17856.2747216865,15552.7589235058,291500
56945.96612354,48953.2530983785,28974.1242015388,17834.3789714147,15532.3615378044,291600
56906.080269749,48913.2802978456,28944.8794028995,17812.5079755759,15511.989078927,291700
56866.2156695326,48873.3344234574,28915.6607247414,17790.7156984384,15491.6415202166,291800
56826.3723219455,48833.4154664954,28886.4925815562,17769.063093522,15471.3188350364,291900
56786.5502260211,48793.5234182247,28858.1434802019,17747.4347587431,15451.0209967696,292000
56746.7493807716,48753.6582698948,28829.8188347913,17725.8306710583,15430.7479788195,292100
56706.9697851884,48713.8200127392,28801.5186302435,17704.2508074366,15410.4997546092,292200
56667.2114382417,48678.2956116487,28773.2428514745,17682.1830387548,15390.2762975818,292300
56627.4743388808,48642.9593282917,28744.9914833973,17659.9604855294,15370.0775812007,292400
56587.758486034,48607.6430123765,28716.7645109223,17638.202133882,15349.9035789492,292500
56548.0638786089,48572.346661546,28688.5619189568,17616.4685331204,15329.7542643303,292600
56508.390515492,48537.0702734254,28659.6643246447,17594.7596592243,15309.6296108676,292700
56468.7383955492,48501.8138456223,28630.7297942479,17573.0754881881,15289.5295921045,292800
56429.1075176256,48466.5773757263,28601.821140172,17551.4159960203,15269.4541816042,292900
56389.4978805456,48431.3608613098,28572.1379943199,17529.8252506124,15249.4033529503,293000
56349.9094831131,48396.1642999275,28542.4587641388,17508.3018868813,15229.3770797465,293100
56310.342324111,48360.9876891164,28512.8756241532,17486.8029145869,15209.3753356162,293200
56270.7964023021,48325.8310263963,28484.4740613786,17465.3283101663,15189.3980942033,293300
56231.2717164283,48290.6943092692,28456.097484228,17443.8780500702,15169.4453291714,293400
56191.7682652113,48255.5775352202,28427.7458766509,17422.4521107635,15149.5170142045,293500
56152.2860473521,48220.4807017165,28399.4192225952,17401.0504687248,15129.6131230066,293600
56112.8250615315,48185.2620503188,28371.1175060072,17379.6731004467,15109.7844607646,293700
56073.38530641,48149.900734334,28342.269493427,17358.0651869303,15089.9821439197,293800
56033.9667806276,48114.5598238231,28312.4902977813,17335.9829525987,15070.2040364819,293900
55994.5694828042,48079.2393157391,28282.7391715002,17314.6365966282,15050.4501124783,294000
55955.1934115393,48043.9392070183,28253.0160940827,17293.4607066849,15030.7203459559,294100
55915.8385654125,48008.6594945799,28223.3210450307,17272.3087239837,15011.3424207072,294200
55876.5049429831,47973.4001753263,28193.6540038484,17251.1806255119,14992.5510762051,294300
55837.1925427903,47938.1612461429,28165.0870822888,17230.0763882704,14973.7815291645,294400
55797.9013633533,47902.9427038981,28136.5671601919,17208.905266844,14955.033757793,294500
55758.6314031714,47867.7445454438,28108.0728772076,17187.639862358,14936.3077403121,294600
55719.3826607237,47831.9744838591,28079.6042161344,17166.398761638,14917.6034549577,294700
55680.1551344697,47793.6765923215,28051.1611597705,17145.1819408718,14898.9208799799,294800
55640.9488228487,47755.4038989741,28022.7436909136,17123.989376262,14880.2599936427,294900
55601.7637242805,47717.156396121,27994.3517923611,17102.8210440258,14861.6207742248,295000
55562.5998371649,47678.9340760514,27965.9854469103,17081.6769203951,14843.0032000186,295100
55523.457159882,47640.7295961975,27937.6446373583,17060.5569816169,14824.0278061498,295200
55484.3356907923,47602.2272047367,27909.329346502,17039.4612039526,14804.0219454025,295300
55445.2354282365,47563.7504764939,27881.0395571378,17018.3895636785,14784.0413892141,295400
55406.1563705358,47525.2994032349,27852.7752520626,16997.3420370857,14764.086109155,295500
55367.0985159919,47486.8739767107,27824.5364140727,16976.3186004803,14744.1560768194,295600
55328.0618628867,47448.4741886575,27796.3230259645,16955.319230183,14724.2512638256,295700
55290.2973625702,47410.1000307966,27768.1135303889,16934.3439025293,14704.3716418155,295800
55253.0075832496,47371.7514948348,27739.8368210939,16913.1440752211,14684.5171824551,295900
55215.7366493294,47333.4285724641,27711.5857414655,16891.683905574,14664.6878574341,296000
55178.4845608627,47295.1312553619,27683.3602739874,16870.2490403599,14644.8836384663,296100
55141.251317883,47256.8595351909,27655.1604011438,16848.8394536565,14625.1044972892,296200
55104.0369204045,47218.6134035995,27626.9861054193,16827.4551195592,14605.3504056642,296300
55066.2406206038,47180.3928522213,27598.837369299,16806.0960121815,14585.6213353767,296400
55027.6634323288,47142.1978726757,27570.8592351986,16784.7621056549,14565.917258236,296500
54989.1070167665,47104.0284565675,27542.9474070975,16763.453374129,14546.2381460751,296600
54950.5713723419,47065.8845954874,27515.060709186,16742.1697917713,14526.583970751,296700
54912.0564974607,47027.7662810114,27487.199124461,16720.9113327673,14506.9547041446,296800
54873.5623905097,46989.6735047016,27459.3626359196,16699.6779713208,14487.3503181607,296900
54835.0890498564,46951.6062581055,27431.551226559,16678.4696816533,14467.7707847279,297000
54796.6364738497,46914.8628906593,27403.7648793766,16657.2864380046,14448.5143560426,297100
54758.2046608194,46879.1797405598,27376.0035773701,16636.1282146326,14429.4490280355,297200
54719.7936090763,46844.3612497491,27348.2673035373,16614.9949858131,14410.407226815,297300
54681.4033169125,46809.6081885778,27320.5560408766,16593.88672584,14391.3889267364,297400
54643.0337826013,46774.8756386983,27292.8697723863,16572.9029651809,14372.3941021754,297500
54604.6850043971,46740.1635962681,27265.2084810654,16551.9924378804,14353.422727528,297600
54566.3569805356,46705.4720574293,27237.5721499131,16531.1064361299,14334.4747772108,297700
54528.049709234,46670.8010183081,27209.9607619291,16510.2449349264,14315.5502256607,297800
54489.7631886907,46636.1504750158,27182.3743001133,16489.4079092842,14296.6490473352,297900
54451.4974170854,46601.5204236477,27154.8127474665,16468.595334235,14277.771216712,298000
54413.2523925794,46566.9108602839,27127.2760869896,16447.8071848277,14258.9167082894,298100
54375.0281133154,46530.7839973052,27099.7643016843,16427.0434361285,14240.0854965862,298200
54336.8245774177,46493.8500815218,27072.2773745526,16406.3040632209,14221.2775561415,298300
54298.641782992,46456.9402781581,27044.8152885972,16385.589041206,14202.492861515,298400
54260.4797281258,46420.0545798347,27017.3780268216,16364.8983452018,14183.7313872867,298500
54222.338410888,46383.2791906115,26989.9655722297,16344.2319503441,14164.9931080572,298600
54184.2178293293,46348.2170280651,26962.5779078261,16323.5898317858,14146.2909505248,298700
54146.1179814823,46313.176180845,26935.2150166161,16302.9719646971,14127.6213594231,298800
54108.038865361,46278.1566441564,26907.876881606,16282.3783242659,14108.9748272756,298900
54069.9804789614,46242.8561047934,26880.5634858025,16261.8088856972,14090.3513288776,299000
54031.9428202614,46207.4240592938,26853.2748122132,16241.9697247453,14071.750839045,299100
53993.9258872206,46172.0140262096,26826.0108438467,16222.4375285324,14053.1733326136,299200
53955.9296777806,46136.6259999925,26798.7269061515,16202.9270197782,14034.6187844398,299300
53917.954189865,46101.2599750794,26771.3388598167,16183.4381779426,14016.0871694002,299400
53879.9994213794,46063.1633035837,26743.9758243088,16163.9709824974,13997.5784623915,299500
53842.0653702112,46024.9912182437,26716.6377821477,16144.5254129264,13979.092638331,299600
53804.1520342303,45986.845667264,26689.3247158552,16125.1014487253,13960.6296721562,299700
53766.2594112884,45948.7266405248,26662.0366079541,16105.6990694018,13942.1895388249,299800
53728.3874992193,45910.634127894,26634.773440969,16086.3182544755,13923.7722133151,299900
53690.5362958393,45872.5681192268,26606.8256160825,16066.958983478,13905.3776706254,3e+05
53652.7057989467,45834.5286043667,26579.5975360686,16047.6212359529,13887.0058857743,300100
53614.8960063222,45796.5155731445,26552.647146867,16028.3049914557,13868.656833801,300200
53577.1069157286,45758.5290153791,26525.7211524874,16009.0102295542,13850.3304897648,300300
53539.3385249112,45720.7173197737,26498.8195360985,15989.7369298278,13832.0268287453,300400
53501.5908315979,45684.2181591374,26471.7172198602,15970.4850718683,13813.7458258425,300500
53463.8638334986,45647.7430883704,26444.6281501035,15950.1469609955,13795.4874561767,300600
53426.1575283059,45611.2920996629,26417.4744003477,15929.5643284778,13777.2516948885,300700
53388.471913695,45574.8651851919,26390.2841870628,15909.0064976187,13759.0385171388,300800
53350.8069873234,45538.462337121,26363.1190467649,15888.4734421214,13740.8478981089,300900
53313.1627468314,45502.0835476011,26335.9789615785,15867.9651357095,13722.6798130003,301000
53276.9351452048,45465.7288087699,26308.8639136302,15847.4815521261,13704.5342370348,301100
53241.3776279708,45430.6630025431,26281.7475485752,15827.0226651348,13686.4111454548,301200
53205.8379777777,45396.0442144214,26254.1354021732,15806.5884485189,13668.3105135227,301300
53170.3161944206,45361.4468095349,26226.5493820994,15786.178876082,13650.2323165213,301400
53134.8122776768,45326.8707825187,26198.9894688796,15765.7939216478,13632.1765297538,301500
53099.3262273065,45292.316127994,26171.4556430435,15745.4335590598,13614.1431285437,301600
53063.8580430523,45257.7828405684,26143.9478851249,15725.0977621817,13596.1320882348,301700
53028.4077246397,45223.2709148356,26116.4661756615,15704.7865048974,13578.1433841912,301800
52992.9752717767,45188.7803453756,26089.0104951948,15684.4997611107,13560.1769917974,301900
52957.5606841542,45154.3111267547,26061.5808242707,15664.2375047456,13542.2328864581,302000
52922.1639614459,45119.8632535255,26034.4063498039,15643.9997097461,13524.3110435984,302100
52886.7851033082,45085.4367202272,26007.6342410711,15623.7863500763,13506.4114386638,302200
52851.4241093803,45051.0315213851,25980.8868202404,15603.5973997203,13488.53404712,302300
52816.0809792845,45016.6476515111,25954.1640696519,15583.4328326826,13470.678844453,302400
52780.7557126258,44982.2851051037,25927.4659716482,15563.2926229875,13452.8458061693,302500
52745.4483089924,44947.9438766476,25900.7925085742,15543.1767446794,13435.0349077956,302600
52710.1587679552,44913.6239606144,25874.1436627774,15523.085171823,13417.2461248788,302700
52674.8870890684,44879.3253514621,25847.5194166076,15503.017878503,13399.4794329864,302800
52639.6332718689,44845.0480436354,25820.9197524173,15482.9748388242,13381.7348077061,302900
52604.3973158772,44810.7920315656,25794.3446525613,15462.9560269115,13364.0122246457,303000
52569.1488657984,44776.5573096709,25767.7940993973,15442.96141691,13346.3116594337,303100
52533.910281949,44742.3438723559,25740.9358606495,15422.9909829847,13328.6664452762,303200
52498.6896105952,44708.1517140123,25714.0741003925,15403.044699321,13311.044622268,303300
52463.4868511477,44673.9808290185,25687.2375798199,15383.1225401243,13293.4446534504,303400
52428.3020030006,44639.8312117395,25660.4262802589,15363.2244796201,13275.8665146988,303500
52393.1350655313,44605.7028565277,25633.6401830403,15343.350492054,13258.3101819087,303600
52357.9860381006,44571.5957577218,25606.8792694989,15323.5005516919,13240.7756309958,303700
52322.8549200527,44537.5099096481,25580.143520973,15303.6746328196,13223.2628378959,303800
52287.7417107149,44503.4453066193,25553.7406120649,15283.907971461,13205.7717785647,303900
52252.6464093983,44469.4019429354,25527.8123244409,15264.1874680379,13188.3024289782,304000
52217.5690153973,44435.319198506,25501.9076164837,15244.4907645153,13170.8547651322,304100
52182.5095279898,44401.1290877204,25475.7290877914,15224.8178355138,13153.4287630429,304200
52147.4679464373,44366.9604963776,25449.0774894195,15205.1686556738,13136.0243987464,304300
52112.4442699848,44332.8134184369,25422.4510276595,15185.5431996557,13118.6416482987,304400
52077.4384978609,44298.6878478451,25395.849683761,15165.9414421395,13101.2804877763,304500
52042.3479249494,44264.5837785359,25369.3087139902,15146.3633578251,13083.9408932754,304600
52007.2621982674,44230.5012044307,25343.0242066207,15126.9006267819,13066.7712402142,304700
51972.1945401956,44196.4401194383,25316.764206341,15108.0622027873,13050.0414176033,304800
51937.1449497549,44162.4005174548,25290.5286951958,15089.2456196613,13033.3316132877,304900
51902.1134259495,44128.3823923641,25264.3784673464,15070.4508553028,13016.6418061454,305000
51867.099967768,44094.3857380373,25238.3051669258,15051.6778876261,12999.9719750704,305100
51832.1045741824,44060.4105483332,25212.256069451,15032.9266945609,12983.3220989727,305200
51797.127244149,44026.4568170983,25186.2311573014,15014.2181398807,12966.6921567789,305300
51762.1679766077,43992.5245381664,25160.2304128594,14995.6224271469,12950.0821274315,305400
51726.1265592099,43958.6137053595,25134.2538185107,14977.0481405723,12933.4919898891,305500
51687.8877438229,43924.7243124867,25108.4381736058,14958.4952586468,12916.9217231267,305600
51649.6716786983,43890.8563533454,25082.6845842499,14939.9637598749,12900.3713061354,305700
51611.4783587937,43857.0098217202,25056.9547294661,14921.4536227762,12883.8407179224,305800
51573.3077790515,43823.1847113841,25031.2485921614,14902.9648258849,12867.3299375113,305900
51535.1599343994,43789.3810160975,25005.5661552459,14884.4973477502,12850.8389439415,306000
51497.0348197497,43755.5987296089,24979.9074016324,14866.0511669362,12834.3677162691,306100
51458.9324299998,43721.8378456545,24954.2723142367,14847.6262620217,12817.916233566,306200
51420.8527600321,43688.0983579586,24928.6608759774,14829.2226116005,12801.4844749204,306300
51382.7958047142,43654.3802602335,24903.0730697761,14810.8401942813,12785.0724194368,306400
51344.7615588987,43620.6835461795,24877.5088785571,14792.4789886875,12768.6800462358,306500
51306.7500174232,43587.0082094848,24851.968285248,14774.1389734577,12752.3073344543,306600
51268.7611751108,43553.3542438257,24826.4512727792,14755.8201272452,12735.9542632452,306700
51230.7950267695,43519.1257566006,24800.9578240841,14737.522428718,12719.6208117778,306800
51192.8515671927,43484.0761359244,24775.4879220991,14719.2458565595,12703.3069592375,306900
51154.9307911592,43449.0501373192,24750.0415497637,14700.9903894675,12687.012684826,307000
51117.002505446,43414.0477521841,24724.6186900206,14682.7560061551,12670.553479975,307100
51079.0586568566,43379.0689719071,24699.0912265885,14664.5426853502,12653.5790559022,307200
51041.1375700582,43344.1137878657,24673.1994162611,14646.4814142983,12636.6260330965,307300
51003.2392396957,43309.1821914266,24647.3321446806,14628.5139879145,12619.6943873453,307400
50965.3636603998,43274.2741739459,24621.4893932785,14610.5670571153,12602.7840944574,307500
50927.5108267865,43239.3897267689,24595.6711434907,14591.9634350928,12585.8951302626,307600
50889.6807334574,43204.4957790955,24569.8773767581,14573.6036698728,12569.0274706122,307700
50851.8733749998,43169.2928174273,24544.1080745264,14555.4041975434,12552.1810913788,307800
50814.0887459866,43134.1139935132,24518.3632182457,14537.2259229078,12535.3559684561,307900
50776.3268409764,43098.9592980488,24492.6427893714,14519.0688243105,12518.5520777594,308000
50738.5876545133,43063.8287217196,24466.9467693633,14500.932880112,12501.769395225,308100
50700.8711811275,43028.7222552012,24441.2751396863,14482.8180686882,12485.0078968106,308200
50663.1774153346,42993.6398891589,24415.6278818102,14464.7243684307,12468.2675584952,308300
50625.5063516363,42958.581614248,24390.0049772094,14446.6517577469,12451.5483562789,308400
50587.8579845201,42923.547421114,24364.4064073635,14428.6002150598,12434.8502661833,308500
50550.216322507,42888.2592084922,24338.832153757,14410.0118873976,12418.173264251,308600
50512.589321341,42851.7885307194,24313.2821978791,14391.3748127767,12401.5173265462,308700
50474.9850340699,42815.3443806718,24287.7565212244,14372.7603342036,12384.882429154,308800
50437.4034550963,42778.9267463287,24262.255105292,14354.1684273306,12368.2685481809,308900
50399.8445788093,42742.5356156611,24236.906340629,14335.5990678299,12351.6756597547,309000
50362.3083995837,42706.1709766317,24211.8785912791,14317.052231393,12335.1037400244,309100
50324.7949117806,42669.8328171946,24186.874154836,14298.5278937312,12318.5527651601,309200
50287.3041097473,42633.5211252962,24161.8930140906,14280.0260305757,12302.0227113534,309300
50249.835987817,42597.2358888741,24136.9351518376,14261.6263090782,12285.5135548168,309400
50212.3905403095,42560.9770958583,24112.0005508756,14243.2635233538,12269.0252717842,309500
50174.9191576004,42524.7447341703,24087.0891940069,14224.9228997944,12252.5578385108,309600
50137.4395729425,42488.5387917237,24062.2010640377,14206.6044146374,12236.1112312728,309700
50099.9827613317,42452.3592564238,24037.3361437783,14188.3080441392,12219.6854263678,309800
50062.5487169312,42416.2061161681,24012.4944160427,14170.0337645754,12203.2804001144,309900
50025.1374338907,42380.0793588461,23987.6758636489,14151.7815522406,12186.8961288526,310000
49987.7489063464,42343.9789723393,23962.8804694188,14133.5513834484,12170.5325889435,310100
49950.3831284208,42307.9049445212,23938.1082161784,14115.3432345316,12154.1897567693,310200
49913.0400942232,42271.8572632576,23913.3590867577,14097.1570818419,12137.8676087335,310300
49875.7197978493,42235.8359164063,23888.6330639906,14078.9929017503,12121.5661212608,310400
49838.4222333815,42199.8408918173,23863.1235997013,14061.1749150666,12105.2852707969,310500
49801.1473948889,42163.8721773329,23837.4095859686,14043.672264699,12089.0250338089,310600
49763.895276427,42127.9297607877,23811.7208597397,14026.3080359588,12072.7853867848,310700
49726.6658720384,42091.957533272,23786.0574005711,14008.9745548291,12056.5663062339,310800
49689.4591757522,42055.9981009992,23760.4191880265,13991.8739537699,12040.3677686868,310900
49652.2751815843,42021.3020861218,23734.8062016774,13974.9919945924,12024.1897506948,311000
49615.1138835376,41988.7025875034,23709.2184211032,13958.1289629909,12008.0322288309,311100
49577.9752756015,41956.1240579871,23683.6558258908,13941.2848405336,11991.8951796887,311200
49541.0350884832,41923.5664907941,23658.118395635,13924.4596088006,11975.7785798834,311300
49505.3913527956,41891.029879135,23633.4478067438,13907.6532493843,11959.682406051,311400
49469.7681622458,41858.5142162101,23608.8559529427,13890.8657438892,11943.6066348486,311500
49434.1655126645,41826.0194952095,23584.2872587293,13874.0970739319,11927.5512429548,311600
49398.5833998689,41793.545709313,23559.7417066199,13857.3472211413,11911.5162070688,311700
49363.0218196626,41761.0928516899,23535.2192791356,13840.6161671584,11895.5015039112,311800
49327.4807678357,41728.6609154997,23510.719958802,13823.9038936363,11879.5071102237,311900
49291.9602401648,41696.2498938913,23486.2437281494,13807.2103822404,11863.5330027689,312000
49256.4602324132,41663.8597800038,23461.7078951843,13790.5356146483,11847.5791583306,312100
49220.9807403306,41631.4905669659,23436.8949227777,13773.8795725497,11831.6455537138,312200
49185.5217596536,41599.1422478964,23412.0667676951,13757.2422376464,11815.7321657444,312300
49150.0832861051,41566.8148159038,23387.2625197379,13739.8963310016,11799.8389712694,312400
49114.6653153951,41534.5082640869,23362.4821601879,13722.332693312,11783.9659471569,312500
49079.2678432199,41502.0893080685,23337.7256703331,13704.7901058564,11768.1130702959,312600
49043.8908652631,41467.8081453277,23312.9930314676,13687.2685462059,11752.2803175967,312700
49008.5343771945,41433.5510755953,23288.2842248918,13669.7679919495,11736.4676659905,312800
48973.1983746712,41399.3180886563,23263.5992319122,13652.2884206944,11720.6750924295,312900
48937.8828533368,41365.1091742874,23238.9380338415,13634.8298100655,11704.902573887,313000
48902.5878088221,41330.869901485,23214.3006119987,13617.3921377055,11689.1500873573,313100
48867.3132367447,41296.3554016386,23189.6869477092,13599.9753812754,11673.4176098558,313200
48832.0591327089,41263.6355875489,23165.0970223045,13582.5795184539,11657.7051184187,313300
48796.8254923065,41232.1977209551,23140.5308171225,13565.2045269375,11642.0125901034,313400
48761.6123111159,41200.2666483006,23115.9883135072,13547.8503844409,11626.3400019882,313500
48726.4195847026,41165.3620517885,23091.4694928093,13530.5170686967,11610.6873311725,313600
48691.2473086195,41130.4828859284,23066.9743363855,13513.4585165542,11595.0545547765,313700
48656.0954784061,41095.6291388592,23042.5028255992,13496.6118815406,11579.4416499416,313800
48620.9640895895,41060.7540850617,23018.05494182,13479.7848816343,11563.84859383,313900
48585.8531376837,41025.6840345476,22993.6306664239,13463.0480238474,11548.275363625,314000
48550.7626181901,40990.6397863036,22969.2299807933,13446.3350669923,11532.7219365306,314100
48515.6925265972,40955.6213280289,22944.8528663172,13429.641496546,11517.1882897721,314200
48480.6428583807,40924.5444793194,22920.499304391,13412.967292687,11501.6744005956,314300
48445.6136090039,40893.9198543722,22896.1692764165,13396.3124356086,11486.180246268,314400
48410.6047739171,40863.3140340789,22871.862763802,13379.6769055185,11470.7058040774,314500
48375.6163485582,40832.7270131489,22847.5797479624,13363.0606826392,11455.2510513326,314600
48340.6483283524,40802.1587862812,22823.0944718077,13346.532605513,11439.8159653635,314700
48305.7007087122,40771.6093481649,22798.6613034668,13330.109190563,11424.4005235206,314800
48270.7734850379,40741.078693479,22774.7241214072,13313.7046420247,11409.0047031758,314900
48235.8666527168,40709.0196012799,22750.8097991489,13297.3189408405,11393.6284817214,315000
48200.9802071243,40676.0319126025,22726.6491455783,13280.9520679667,11378.271836571,315100
48166.1141436228,40643.0668828627,22702.5227598964,13264.6040043732,11362.9347451588,315200
48131.2684575627,40610.1245028959,22678.4327473691,13248.2747310438,11347.6171849399,315300
48096.4431442818,40577.2047635293,22654.3660194817,13231.9642289763,11332.3191333906,315400
48061.6381991054,40544.307655582,22630.3225578043,13215.672479182,11317.0405680076,315500
48026.8536173469,40511.4331698652,22606.3023439134,13199.3994626862,11301.7814663087,315600
47992.0893943071,40480.5648634586,22582.3053593922,13183.145160528,11286.5418058326,315700
47957.3455252745,40449.8292155784,22558.3315858304,13166.9095537602,11271.3215641387,315800
47922.6220055256,40419.1128527938,22534.3810048243,13150.6926234495,11256.1207188074,315900
47887.9188303244,40388.4157691794,22510.7059048951,13134.4943506765,11240.9392474398,316000
47853.235994923,40357.7379588003,22487.5285123195,13118.3147165355,11225.7771276578,316100
47818.5734945613,40327.0794157119,22465.1086585162,13102.1537021347,11210.6343371042,316200
47783.9313244668,40296.4401339605,22442.7156635222,13086.0112885961,11195.5108534425,316300
47749.3094798554,40265.8201075823,22419.9224789614,13069.8874570554,11180.4066543573,316400
47714.7079559305,40235.2193306046,22397.1502361301,13053.7821886624,11165.3217175536,316500
47680.1267478838,40204.6377970449,22374.3989196561,13037.6954645805,11150.2560207573,316600
47645.5658508949,40174.0755009115,22351.6685141709,13021.2177038166,11135.2095417153,316700
47611.0252601313,40143.5324362033,22328.9590043099,13004.5154173096,11120.182258195,316800
47576.5049707488,40113.0085969097,22306.1780220087,12987.8332626879,11105.1741479847,316900
47542.0049778911,40082.503977011,22283.382756759,12971.1712182592,11090.1851888935,317000
47507.5252766903,40052.0185704779,22260.6085924759,12954.5292623489,11075.2360970768,317100
47473.0658622663,40021.5258644927,22237.8555134764,12937.9073733005,11060.4005994948,317200
47438.6267297274,39990.9490171435,22215.4823080405,12921.3055294755,11045.5838766274,317300
47404.2078741701,39960.3915623725,22193.3106783294,12905.0160796819,11030.7859069576,317400
47369.8092906792,39929.8534939275,22171.1589766418,12888.8799901654,11016.0066689884,317500
47335.4309743276,39899.334805547,22148.8579694868,12872.7628017845,11001.2461412422,317600
47301.0729201768,39868.8354909603,22126.41244065,12856.6644948976,10986.5043022616,317700
47266.7351232763,39838.3555438879,22103.9874696637,12840.5850498781,10971.7811306086,317800
47232.4175786642,39807.8949580412,22081.9609531721,12824.5244471148,10957.0766048653,317900
47198.1202813669,39777.4537271228,22060.1419022009,12808.4826670115,10942.3907036335,318000
47163.8432263993,39747.031844826,22038.3422569932,12792.4596899872,10927.7234055347,318100
47129.5864087646,39716.6293048354,22016.5620039993,12776.4554964763,10913.0746892102,318200
47095.3498234547,39686.2461008268,21994.8011296717,12760.470066928,10898.444533321,318300
47061.1334654499,39655.8822264669,21973.0596204657,12744.5033818071,10883.8329165478,318400
47026.937329719,39625.5376754138,21951.3374628385,12728.5554215933,10869.2398175914,318500
46992.7614112195,39595.2124413165,21929.63464325,12712.6261667817,10854.6652151719,318600
46958.6057048973,39564.9065178154,21907.9511481626,12696.7155978824,10840.1090880292,318700
46924.4702056873,39534.4369938601,21886.286964041,12680.8236954207,10825.5714149233,318800
46890.3549085126,39503.9175621611,21864.4762253413,12664.9504399373,10811.0521746333,318900
46856.2598082852,39473.4178302565,21841.4046903081,12649.095811988,10796.5513459586,319000
46822.184899906,39442.9377913297,21818.3553787228,12633.2597921435,10782.0689077179,319100
46788.1301782644,39412.4774385558,21795.3282729557,12617.4423609902,10767.6048387498,319200
46754.0956382387,39382.0367651016,21772.3233553839,12601.6434991292,10753.1591179124,319300
46719.0330305718,39351.6157641254,21748.7081717035,12585.8631871772,10738.7317240837,319400
46683.8862416561,39321.2144287772,21725.1037781009,12570.1014057658,10724.3226361613,319500
46648.7613255718,39288.7543597852,21701.9176000459,12554.3581355419,10709.9318330622,319600
46613.6582755958,39255.9712383937,21679.2392914531,12538.6333571676,10695.5592937235,319700
46578.5770849941,39223.211655152,21656.5825943309,12522.9270513202,10681.2049971016,319800
46543.5177470228,39190.4755991886,21633.9474917816,12507.2391986921,10666.8689221728,319900
46508.4802549272,39157.7630596264,21611.3339669138,12491.5697799911,10652.5510479327,320000
46473.4646019422,39125.0740255817,21588.7420028421,12475.9187759399,10638.2513533969,320100
46438.4707812925,39092.4084861653,21566.171582687,12460.2861672765,10623.9698176003,320200
46403.4987861923,39059.7664304816,21543.6226895752,12444.7258231945,10609.7064195977,320300
46368.5486098457,39027.1478476296,21521.0953066394,12429.2290578214,10595.4611384633,320400
46333.6202454462,38994.552726702,21499.1001398811,12413.7503821626,10581.2339532909,320500
46298.7136861774,38961.9810567856,21477.0566234213,12398.2897774534,10567.024843194,320600
46263.8289252123,38929.4328269616,21454.6901417762,12382.8472249436,10552.8337873056,320700
46228.9659557141,38896.9080263052,21432.3448768234,12367.4227058977,10538.6607647783,320800
46194.1247708355,38864.4066438859,21410.0208120898,12351.6078048838,10524.5057547843,320900
46159.3053637193,38831.9286687674,21387.7179311081,12335.6417035566,10510.3687365153,321000
46124.507727498,38799.4740900077,21365.4362174167,12319.6950540344,10496.2496891825,321100
46089.7318552942,38767.0428966589,21343.1756545598,12303.7678349852,10482.1485920168,321200
46054.9777402204,38734.6350777677,21320.9362260873,12287.8600250954,10468.0654242685,321300
46020.245375379,38702.250622375,21298.717915555,12271.9716030697,10454.0001652076,321400
45985.5347538624,38669.889519516,21276.5207065245,12256.1025476314,10439.9527941233,321500
45950.8458687533,38637.5517582204,21254.344582563,12240.252837522,10425.9232903246,321600
45916.1787131241,38605.1219340581,21232.1895272439,12224.4224515014,10411.9116331399,321700
45881.5332800376,38572.6769331716,21210.0555241461,12208.6113683478,10397.9178019171,321800
45846.9095625466,38540.255483238,21187.9425568547,12192.819566858,10383.9417760236,321900
45812.3075536939,38507.8575730231,21165.8506089603,12177.8409649055,10369.9835348463,322000
45777.7272465128,38475.4831912875,21143.7796640597,12162.9683862825,10356.0430577915,322100
45743.1686340266,38443.1323267863,21121.7297057555,12148.1128093298,10342.120324285,322200
45708.6317092489,38410.8049682694,21099.7007176562,12133.2742168473,10328.2153137721,322300
45674.1164651837,38378.5011044815,21077.6926833762,12118.4525916475,10314.3280057175,322400
45639.6228948249,38346.220724162,21055.705586536,12103.6479165559,10300.4583796053,322500
45605.1509911573,38313.9638160451,21033.7394107619,12088.8601744107,10286.6064149391,322600
45570.7007471555,38281.7303688598,21011.7941396863,12074.0893480629,10272.772091242,322700
45536.272155785,38249.5203713301,20989.8697569474,12059.0017391189,10258.9553880563,322800
45502.6596911923,38217.3338121746,20967.9662461897,12043.3933996471,10245.1562849438,322900
45469.9985648815,38185.170680107,20946.0835910634,12027.8041090585,10231.3747614859,323000
45437.3565273741,38153.0309638358,20924.2217752249,12012.2338463971,10217.3043797978,323100
45404.7335739148,38120.9146520647,20902.3807823367,11996.6825907249,10203.2343885398,323200
45372.1296997382,38088.8217334921,20880.5605960672,11981.1503211225,10189.1827975101,323300
45339.5449000683,38056.7521968116,20858.5493578755,11965.6370166886,10175.1495846589,323400
45306.979170119,38024.7060307117,20836.5533542142,11950.1426565399,10161.1347279584,323500
45274.4325050937,37993.8293578156,20814.5785586751,11934.6672198116,10147.1382054027,323600
45241.9049001857,37963.5798331443,20792.6249543134,11919.2106856568,10133.1599950082,323700
45209.396350578,37933.3507726596,20770.6925241909,11903.8693180385,10119.200074813,323800
45176.9068514434,37903.1421680671,20748.8985176649,11888.5490435232,10105.2584228776,323900
45144.4363979444,37872.9540110659,20727.039651825,11873.247360115,10091.335017284,324000
45111.9849852336,37842.7862933482,20705.2018607674,11857.9642474842,10077.4298361365,324100
45079.5526084531,37812.6390065997,20683.3851276219,11842.6996853182,10063.5428575613,324200
45047.1392627352,37782.5121424996,20661.5894355252,11827.4536533222,10049.6740597066,324300
45014.7449432021,37752.4056927205,20639.8147676211,11812.2261312189,10035.8234207424,324400
44982.3696449656,37722.3196489283,20618.0611070598,11797.0170987484,10021.9909188607,324500
44950.0133631279,37692.4109758478,20596.3284369989,11781.8265356684,10008.1765322754,324600
44917.676092781,37662.5387472105,20574.6167406025,11766.6544217543,9994.3802392225,324700
44885.3578290068,37632.6866248918,20552.926001042,11751.5007367987,9980.60201795956,324800
44853.0585668775,37602.8546008098,20531.2562014954,11736.4045149563,9966.84184676624,324900
44820.7783014552,37573.0426668756,20509.6073251478,11721.9704425999,9953.09970394402,325000
44788.517027792,37543.2508149941,20487.8609054995,11707.5530192351,9939.37556781622,325100
44756.2747409305,37513.4790370636,20465.5891963444,11693.1522277795,9925.66941672802,325200
44724.051435903,37483.7273249758,20443.3397650809,11678.7680511642,9911.98122904644,325300
44691.8471077323,37453.995670616,20421.1125928815,11664.400472333,9898.31098316031,325400
44659.6617514312,37424.2840658632,20398.907660928,11650.0494742434,9884.65865748026,325500
44627.4953620028,37394.5925025898,20376.7249504112,11635.7150398656,9871.02423043874,325600
44595.3479344405,37364.9209726618,20354.5644425314,11621.3971521832,9857.40768048997,325700
44563.2194637279,37335.2694679391,20332.8919724703,11607.0957941931,9843.80898610994,325800
44531.1099448389,37305.637980275,20311.5241549606,11592.8109489051,9830.22812579641,325900
44499.0193727377,37276.0265015165,20290.1769135184,11578.5425993424,9816.6650780689,326000
44466.947742379,37246.4350235045,20268.8502316415,11564.2907285411,9803.11982146863,326100
44434.8950487077,37216.8635380734,20247.5440928345,11550.0553195508,9789.69758672751,326200
44402.8612866591,37187.3120370516,20226.5718844758,11535.8363554341,9776.37989848651,326300
44370.8464511591,37157.780512261,20206.1332067745,11521.6338192667,9763.07941059063,326400
44338.8505371239,37128.2689555175,20185.3252570473,11507.4476941377,9749.79610269641,326500
44306.8735394603,37098.7773586307,20164.2435514369,11493.2779631492,9736.52995448041,326600
44274.9154530653,37069.3057134043,20143.1820008267,11479.1246094164,9723.28094563924,326700
44242.9762728269,37039.8540116355,20122.1405892132,11464.2393943507,9710.0490558895,326800
44211.0559936232,37010.4222451157,20101.1193005991,11449.360152331,9696.83426496783,326900
44179.1546103231,36981.01040563,20080.1181189938,11434.4991518194,9683.63655263083,327000
44147.2721177861,36951.6184849577,20059.1370284131,11419.6563725718,9670.45589865511,327100
44115.4085108623,36922.2464748718,20038.1760128792,11404.831794362,9657.29228283724,327200
44083.5637843924,36892.8943671394,20017.2350564209,11390.0253969822,9644.14568499377,327300
44051.7379332078,36863.5621535217,19996.3141430736,11375.2371602424,9631.01608496118,327400
44019.9252281444,36834.2498257738,19974.9874837116,11360.4670639703,9617.90346259591,327500
43988.0970011418,36804.9573756449,19953.4396913085,11345.7150880122,9604.80779777433,327600
43956.2876934858,36775.6847948783,19932.1874858317,11330.9812122319,9591.72907039275,327700
43924.4972999157,36746.4320752114,19911.057316934,11316.2654165115,9578.66726036735,327800
43892.7258151613,36717.1992083757,19889.9477026903,11301.5676807508,9565.424223131,327900
43860.9732339433,36687.986186097,19868.8586263514,11286.8879848678,9552.13093943597,328000
43829.2395509733,36658.793000095,19847.7900711758,11272.2263087985,9538.85524309649,328100
43797.5247609538,36629.6196420839,19826.7420204293,11257.5826324965,9525.59711267519,328200
43765.8288585782,36600.4661037718,19805.7144573852,11242.9569359339,9512.35652675688,328300
43734.1518385309,36571.3323768613,19784.7073653242,11228.3773408131,9499.13872612125,328400
43702.4936954871,36542.2184530491,19763.7207275346,11213.8271643426,9485.94706664313,328500
43670.8544241132,36513.1243240264,19742.7545273119,11199.2948060777,9472.77284949353,328600
43639.2340190665,36484.0499814784,19721.8087479595,11184.7802462462,9459.61605342004,328700
43607.2915737654,36454.995417085,19700.8833727879,11170.2834650936,9446.47665719223,328800
43574.5046172903,36425.9606225201,19679.9783851153,11155.8044428829,9433.35463960163,328900
43541.738289139,36396.9455894522,19659.0937682676,11141.3431598949,9420.2499794617,329000
43508.9925822972,36367.9503095441,19637.8222489546,11126.899596428,9407.16265560783,329100
43476.2674897427,36338.9747744531,19616.4079420864,11112.4737327982,9394.09264689735,329200
43443.5630044448,36310.0189758308,19595.0151816161,11098.0655493391,9381.18688311773,329300
43410.8791193651,36281.0829053236,19573.6439490822,11083.6750264019,9368.46107993906,329400
43378.2158274566,36252.1665545719,19552.294226033,11069.3021443557,9355.75167796855,329500
43345.5731216646,36223.269915211,19530.9659940261,11054.9468835869,9343.05865781805,329600
43312.9509949262,36194.3929788706,19509.6592346289,11040.6092244995,9330.38200011861,329700
43280.3494401704,36165.535737175,19488.8862406569,11026.2891475153,9317.73625858067,329800
43247.7684503183,36136.6476650217,19468.355011819,11011.9866330735,9305.12544249551,329900
43215.208018283,36107.7104669339,19447.9253609989,10997.701661631,9292.53084085108,330000
43182.6681369697,36078.7931367333,19427.5153814748,10983.4342136624,9279.95243452911,330100
43150.1487992754,36049.895665808,19407.443689507,10969.1842696595,9267.39020443018,330200
43117.6499980896,36021.0180455408,19387.4567130961,10954.9518101321,9254.87074386835,330300
43085.1717262937,35992.1602673096,19367.4885470668,10940.7569787298,9242.62867709173,330400
43052.713976761,35963.3223224868,19347.5391767737,10926.5870250822,9230.40195872834,330500
43020.2767423574,35934.5042024399,19327.6085875769,10912.4344283827,9218.19057122247,330600
42987.8466804449,35905.7058985313,19307.2053280608,10898.2991693335,9205.99449703491,330700
42955.4236426581,35876.9274021181,19286.1762927048,10884.1812286542,9193.81371864297,330800
42923.021137747,35848.1687045527,19265.1684480175,10870.0805870817,9181.64821854049,330900
42890.6391585106,35819.4297971819,19244.1817757149,10855.9972253703,9169.49797923781,331000
42858.2776977402,35790.7106713482,19223.2162575225,10841.9311242917,9157.35534690659,331100
42825.9367482194,35762.0113183884,19202.2718751762,10827.8822646347,9144.86981825885,331200
42793.6163027241,35733.3317296349,19181.4275008125,10814.0402986405,9132.40048039894,331300
42761.3163540227,35704.6718964147,19161.0896215815,10800.5575781312,9119.94731402384,331400
42729.036894876,35676.0318100502,19140.7715710884,10787.0906890785,9107.51029985001,331500
42696.777918037,35647.4114618586,19120.4733330394,10773.6396147758,9095.08941861321,331600
42664.5394162515,35618.8108431524,19100.1948911485,10760.2366766318,9082.68465106861,331700
42632.3213822574,35590.2299452392,19080.3926526187,10746.7973840111,9070.29597799076,331800
42600.1238087853,35561.6687594217,19060.6584846783,10732.6704557522,9057.92338017351,331900
42567.9466885584,35533.1272769979,19040.9429994197,10718.5611288049,9045.56683843011,332000
42535.7900142923,35504.6054892608,19021.2461821344,10704.4693831646,9033.22633359309,332100
42503.6537786952,35475.05181363,19001.5680181197,10690.5370095035,9020.90184651431,332200
42471.5379744679,35445.0926593405,18981.908492679,10677.0397065875,9008.59335806496,332300
42439.4425943037,35415.1556073928,18962.2675911216,10663.5584830674,8996.30084913549,332400
42407.3676308888,35385.2406464525,18942.6452987629,10650.1128360397,8984.02430063564,332500
42375.3130769018,35355.3477651826,18923.0416009242,10636.7219639518,8971.76369349446,332600
42343.2789250142,35325.4769522426,18903.4564829329,10623.3469686051,8959.5190086602,332700
42311.26516789,35295.6281962893,18883.8899301224,10609.9878330285,8947.29022710041,332800
42279.2717981861,35265.8014859765,18864.3419278321,10596.6445402651,8935.07732980187,332900
42247.2988085522,35236.633740765,18844.8124614075,10583.3170733724,8922.88029777054,333000
42215.3461916305,35208.3396735149,18825.3015162003,10570.0054154223,8910.69911203168,333100
42183.4139400562,35180.0651550773,18805.8090775679,10556.7095495009,8898.53375362967,333200
42151.5020464573,35151.8101767492,18786.3351308742,10543.4294587089,8886.38420362814,333300
42119.6105034549,35123.5747298228,18766.8796614889,10530.1651261611,8874.25044310988,333400
42087.7393036624,35095.3588055855,18747.4426547879,10516.9165349866,8862.13245317685,333500
42055.8884396866,35067.1623953206,18728.0240961532,10503.6836683291,8850.03021495017,333600
42024.0579041269,35038.9512074628,18708.6239709729,10490.4665093463,8837.94370957012,333700
41992.247689576,35010.5287362944,18689.2422646414,10477.2650412104,8825.87291819608,333800
41960.4577886193,34982.1261966146,18669.878962559,10464.0792471078,8813.81782200662,333900
41928.6881938351,34953.7435792024,18650.5340501322,10450.9091102394,8801.77840219935,334000
41896.938897795,34925.3808748325,18631.2075127738,10437.7546138202,8789.75463999102,334100
41865.2098930635,34897.0380742757,18611.8993359026,10424.6157410796,8777.74651661749,334200
41833.5011721981,34868.7151682987,18592.6095049437,10411.4924752613,8765.75401333365,334300
41801.8127277495,34839.4577734308,18573.3380053283,10398.1761933029,8753.77711141349,334400
41770.1445522613,34809.2099250241,18554.0848224938,10384.7342032153,8741.81579215005,334500
41738.4966382705,34778.9852452808,18534.8499418839,10371.3086636839,8729.8700368554,334600
41706.8689783071,34748.7837213136,18515.4101089744,10357.899556391,8717.93982686067,334700
41675.2615648943,34718.605340234,18495.7121472433,10344.5068630354,8706.025143516,334800
41643.6743905484,34688.4500891516,18476.0335142654,10331.1305653327,8694.16820454908,334900
41613.018361906,34658.3179551749,18456.3741939234,10317.770645015,8682.34298521342,335000
41583.3747731765,34628.2089254109,18436.7341701082,10304.427083831,8670.5330771614,335100
41553.7486027189,34598.1229869652,18417.1134267187,10291.0998635461,8658.73846212988,335200
41524.1398456016,34568.060126942,18397.5119476616,10277.7889659423,8646.95912187422,335300
41494.5484968853,34538.0203324441,18377.929716852,10264.4943728181,8635.19503816821,335400
41464.9745516231,34508.0035905731,18358.3667182128,10251.2160659888,8623.44619280409,335500
41435.4180048599,34478.009888429,18338.8229356753,10237.954027286,8611.71256759256,335600
41405.8788516331,34448.0392131109,18319.2983531784,10224.7082385582,8599.9941443627,335700
41376.3570869723,34418.0915517164,18299.7929546696,10211.4786816702,8588.29090496202,335800
41346.8527058995,34388.1668913417,18280.3067241041,10198.470771409,8576.60283125646,335900
41317.3657034288,34358.2652190821,18260.8396454453,10185.4913130194,8564.9299051303,336000
41287.8960745669,34328.3865220314,18241.3917026649,10172.5274730163,8553.27210848623,336100
41258.4438143124,34298.5307872823,18221.9628797424,10159.5792343497,8541.6294232453,336200
41229.0089176568,34268.6980019265,18202.6590582939,10146.646579985,8530.00183134691,336300
41199.5913795835,34238.8881530544,18183.6311404831,10133.7294929023,8518.38931474881,336400
41170.1911950687,34209.101227755,18164.5640882553,10120.8279560969,8506.79185542709,336500
41140.8083590807,34179.3372131168,18145.5119688103,10107.9419525792,8495.20943537616,336600
41111.4428665805,34149.5960962266,18126.4018689445,10095.0714653744,8483.64203660873,336700
41082.0947125214,34119.8778641704,18107.3102987317,10082.216477523,8472.08964115582,336800
41052.7638918492,34090.1825040333,18088.2372429674,10069.3769720802,8460.55223106673,336900
41023.4503995024,34060.5100028991,18069.1826864543,10056.5529321164,8449.02978840906,337000
40994.1542304118,34030.8603478508,18050.1466140023,10043.744340717,8437.52229526865,337100
40964.8753795008,34001.7372536146,18031.1290104288,10030.9964163574,8426.0297337496,337200
40935.6138416854,33972.8536594707,18012.1298605585,10018.2693815595,8414.55208597428,337300
40906.3696118741,33943.9916244207,17993.1491492231,10005.5576155221,8403.08933408326,337400
40877.1426849684,33915.151136976,17974.1868612621,9992.86110162396,8391.65039662358,337500
40847.9330558618,33886.3321856458,17955.242981522,9980.17982325812,8380.23795861648,337600
40818.7407194409,33857.5347589375,17936.3174948567,9967.51376383248,8368.84030765589,337700
40789.5656705848,33828.7588453565,17917.4103861274,9954.86290676947,8357.45742606155,337800
40760.4079041654,33800.302978403,17898.5216402029,9942.22723550615,8346.08929617121,337900
40731.2674150471,33772.8267230629,17879.6512419592,9929.60673349419,8334.95671392856,338000
40702.1441980872,33745.3698494602,17860.7991762796,9917.00138419987,8323.9297681948,338100
40673.0382481359,33717.932348388,17841.9654280548,9904.41117110408,8312.91668431252,338200
40643.9495600357,33690.5142106361,17822.8891510264,9891.83607770226,8301.91744629478,338300
40614.8781286224,33663.1154269907,17803.7246569574,9879.27608750448,8290.93203817006,338400
40585.8239487242,33635.7359882348,17784.579230651,9866.73118403539,8279.9604439823,338500
40556.7870151625,33608.375885148,17765.4528558315,9854.25969316313,8269.00264779084,338600
40527.7673227511,33581.0351085065,17746.3455162318,9841.73469858115,8258.05863367045,338700
40498.7648662971,33553.7136490834,17727.2571955938,9829.1004277402,8247.1283857113,338800
40469.7796406002,33526.4114976482,17708.1878776679,9816.55154267362,8236.21188801895,338900
40440.8116404532,33499.1286449675,17689.1375462137,9804.01782677021,8225.30912471437,339000
40411.8608606418,33471.7888485201,17670.1061849993,9791.49926334218,8214.42007993391,339100
40382.9272959444,33444.2751228341,17651.0937778017,9778.99583571677,8203.54473782928,339200
40354.0109411326,33416.7811258328,17632.1003084069,9766.50752723614,8192.68308256756,339300
40325.111790971,33389.3068477566,17613.1257606095,9754.03432125746,8181.83509833121,339400
40296.1790098165,33361.8522788428,17594.170118213,9741.5762011529,8171.00076931802,339500
40266.2283708227,33334.417409326,17575.23336503,9729.13315030952,8160.18007974111,339600
40236.296505879,33307.0022294381,17556.3154848815,9716.70515212943,8149.37301382896,339700
40206.3834082682,33279.6067294082,17537.4164615978,9704.29219002961,8138.57955582537,339800
40176.4890712669,33252.2308994626,17518.5362790178,9691.90753998129,8127.79968998943,339900
40146.6134881455,33224.8747298248,17499.6749209893,9679.56641882335,8117.03340059557,340000
40116.7566521681,33197.5382107159,17480.8323713691,9667.24017587978,8106.28067193352,340100
40086.9185565926,33170.2213323541,17462.0495041444,9654.92879482654,8095.54148830827,340200
40057.0991946707,33142.9240849548,17443.9057668193,9642.63225935416,8084.81583404013,340300
40027.298559648,33115.6464587311,17425.779378562,9630.35055316782,8074.10369346467,340400
39997.5166447638,33088.3884438933,17407.6703253528,9618.08365998732,8063.4050509327,340500
39967.7534432514,33061.1500306489,17389.5785931787,9605.83156354704,8052.71989081035,340600
39938.0089483379,33033.9312092032,17371.5041680333,9593.59424759598,8042.04819747894,340700
39908.2831532445,33006.7319697585,17353.4132445664,9581.37169589774,8031.38995533508,340800
39878.576051186,32979.5523025149,17335.0684519458,9569.16389223049,8020.74514879056,340900
39848.8876353715,32952.3921976698,17316.7415753681,9556.97082038701,8010.11376227244,341000
39819.2178990038,32925.2516454181,17298.4325998893,9544.79246417465,7999.49578022298,341100
39789.5668352799,32898.1306359521,17280.1415105729,9532.62880741531,7988.89118709965,341200
39759.9344373905,32871.0291594618,17261.8682924905,9520.47983394549,7978.29996737511,341300
39730.3206985208,32843.9472061346,17243.6129307209,9508.35535879084,7967.72210553723,341400
39700.7256118495,32816.8847661555,17225.3754103511,9496.26933880502,7957.15758608903,341500
39671.1491705498,32789.841829707,17207.1557164755,9484.20064098989,7946.60639354874,341600
39641.5913677889,32762.8183869693,17188.9538341962,9472.14647077868,7936.06851244974,341700
39612.0521967278,32735.8144281201,17170.7697486231,9460.10681224288,7925.54392734057,341800
39582.5316505221,32708.8299433349,17152.603444874,9448.08164946828,7915.03262278489,341900
39553.0297223213,32681.8649227865,17134.0380308114,9436.07096655497,7904.53767398206,342000
39523.5464052689,32654.9193566457,17115.4776304073,9424.07474761732,7894.05743658585,342100
39494.0816925028,32627.9932350808,17096.9358747517,9412.04523145476,7883.5904211344,342200
39464.6355771552,32600.1756466831,17078.4127476656,9399.73541149498,7873.13661227603,342300
39435.2080523523,32571.3405349486,17059.9082329794,9387.77644870824,7862.69599467413,342400
39405.7991112147,32542.5281687046,17041.4223145324,9376.10108734839,7852.26855300713,342500
39376.408746857,32513.7385343348,17022.9549761734,9364.11733913666,7841.85427196853,342600
39347.0369523885,32484.9716182234,17004.7467332864,9352.13247280604,7831.45313626684,342700
39317.6837209125,32456.2274067554,16986.8071696506,9340.20271377975,7821.06513062564,342800
39288.3490455266,32427.5058863161,16968.8850994975,9328.30026264942,7810.6902397835,342900
39259.032919323,32398.8070432917,16950.9805082357,9316.41218699823,7800.32844849403,343000
39229.735335388,32372.3841314069,16932.9237075569,9304.53847098752,7789.97974152584,343100
39200.4562868024,32346.1398352717,16914.8420090176,9292.67909879296,7779.64410366253,343200
39171.1957666414,32319.9140716329,16896.4791463651,9280.83405460462,7769.32151970268,343300
39141.9537679745,32293.7068315128,16877.989812887,9269.00332262688,7759.0119744599,343400
39112.7302838657,32267.5181059309,16859.5192847116,9257.18688707849,7748.71545276269,343500
39083.5253073737,32241.3478859039,16841.6272334035,9245.38473219249,7738.43193945459,343600
39054.3388315512,32215.1961624458,16823.9328943427,9233.59684221628,7728.16141939405,343700
39025.1708494457,32189.0629265681,16806.2557393784,9221.8232014116,7717.72963612605,343800
38996.0213540992,32162.9481692795,16788.595754238,9210.06379405444,7707.2102175298,343900
38966.8903385482,32136.8518815863,16770.9529246564,9198.31860443517,7696.70448634071,344000
38937.7777958237,32110.7740544918,16753.3272363758,9186.68131900702,7686.21242605457,344100
38908.6837189513,32084.7146789971,16735.7186751458,9175.08742185698,7675.73402018431,344200
38879.6081009512,32058.6737461003,16717.5508408646,9163.50738335826,7665.26925226001,344300
38850.5509348381,32032.6512467975,16699.395569059,9151.94118842135,7654.8181058289,344400
38821.5122136215,32006.6471720816,16681.2949656603,9140.30537743704,7644.38056445529,344500
38792.4919303055,31980.6615129436,16663.3672569817,9128.42931692717,7633.95661172065,344600
38763.4900778887,31954.6942603714,16645.4574175107,9116.56791983223,7623.54623122352,344700
38734.5066493645,31928.7454053509,16627.5654318606,9104.74555966522,7613.14940657956,344800
38705.5416377211,31902.8149388652,16609.6912846533,9093.09041209999,7602.76612142146,344900
38676.5950359412,31876.902851895,16591.8349605197,9081.44942155214,7592.39635939902,345000
38647.6668370024,31851.0091354186,16573.9964440991,9069.82257229446,7582.04010417907,345100
38618.757033877,31825.133780412,16556.1757200399,9058.20984861425,7571.69733944548,345200
38589.8656195321,31799.2767778484,16538.3727729988,9046.61123481326,7561.36804889917,345300
38560.9925869295,31773.438118699,16520.5875876416,9035.02671520773,7551.05221625806,345400
38532.1379290259,31747.6177939325,16502.8201486427,9023.45627412838,7540.74982525707,345500
38503.3016387727,31721.815794515,16485.0704406853,9011.8998959204,7530.46085964814,345600
38474.4837091165,31696.0321114105,16467.3384484612,9000.35756494341,7520.18530320018,345700
38445.6841329983,31670.2667355806,16449.6241566712,8988.82926557152,7509.92313969907,345800
38416.8724548747,31644.5196579847,16431.9275500247,8977.31498219325,7499.67435294765,345900
38388.0759670938,31618.7908695796,16414.5656410117,8965.81469921156,7489.43892676571,346000
38359.2978606534,31593.0803613201,16397.3794697903,8954.32840104388,7479.21684498998,346100
38330.5381284289,31567.3881241585,16380.2099284154,8942.856072122,7469.0080914741,346200
38301.796763291,31541.7141490451,16363.0077630614,8931.39938729999,7458.81265008864,346300
38273.0737581055,31516.0584269277,16345.6806997273,8919.97816809265,7448.63050472106,346400
38244.3691057327,31490.4209487521,16328.3146069113,8908.57081159302,7438.46163927572,346500
38215.6827990285,31464.8017054618,16310.7913338853,8896.83660331964,7428.30603767384,346600
38187.0148308435,31439.200687998,16293.2855124744,8885.02424881272,7418.16368385352,346700
38158.3651940235,31413.6178872998,16275.797127638,8873.22684189368,7408.03456176971,346800
38129.7022067651,31388.0532943043,16258.3261643441,8861.44436509557,7397.91865539421,346900
38101.0422256043,31362.5068999463,16240.8726075692,8849.67680096884,7387.81594871562,347000
38072.4006249048,31336.9786951583,16223.4364422985,8837.92413208137,7377.72642573939,347100
38043.7773974249,31311.4686708711,16206.0176535256,8826.3023874265,7367.65007048777,347200
38015.1725359183,31285.9768180132,16188.6162262532,8814.97327190696,7357.58686699979,347300
37986.5860331336,31260.5031275108,16171.2321454921,8803.6579706106,7347.53679933128,347400
37958.017881815,31235.0475902883,16153.9330033324,8792.35646809302,7337.49985155483,347500
37929.4680747016,31209.6101972681,16136.8851129252,8781.06874892426,7327.4760077598,347600
37900.936604528,31184.1909393704,16119.8538804916,8769.79479768876,7317.46525205228,347700
37872.4234640239,31158.7898075133,16102.7761008452,8758.54722102242,7307.4675685551,347800
37843.9286459144,31133.4067926132,16085.4910491972,8747.37610489218,7297.48294140783,347900
37815.4521429199,31108.0418855842,16068.2232340449,8736.21851592257,7287.51135476672,348000
37786.9939477562,31082.6950773387,16050.9726404774,8725.07443911414,7277.55279280476,348100
37758.5540531343,31057.3663587869,16033.7392535923,8713.94385948132,7267.6072397116,348200
37730.1324517606,31032.0557208372,16016.5230584961,8702.82676205235,7257.37149889181,348300
37701.7291363372,31006.763154396,15999.3240403041,8691.72313186932,7247.0464927738,348400
37673.344099561,30981.488650368,15982.1421841398,8680.63295398816,7236.73558128332,348500
37644.9773341249,30956.2321996556,15964.9774751359,8669.55621347859,7226.43874640199,348600
37616.6288327169,30930.9937931596,15947.8298984334,8658.49289542415,7216.15597013185,348700
37588.2985880206,30905.773421779,15930.6994391823,8647.44298492223,7205.88723449534,348800
37559.9556609698,30880.5710764108,15913.5860825409,8636.40646708397,7195.63252153527,348900
37531.607700972,30855.3867479501,15896.4898136766,8625.5664730933,7185.39181331483,349000
37503.2780602198,30830.2204272903,15879.10891718,8614.76537754619,7175.16509191756,349100
37474.9667312933,30805.0721053231,15861.5448080823,8603.97710205267,7164.95233944731,349200
37446.6737067681,30779.9417729381,15844.0033801577,8593.20163272949,7154.75353802828,349300
37418.3989792155,30754.8294210235,15826.9491533152,8582.43895570579,7144.56866980493,349400
37390.1425412023,30729.7350404654,15809.9120096402,8571.68905712308,7134.39771694203,349500
37361.9043852912,30704.6586221483,15792.8919342272,8560.95192313522,7124.24066162458,349600
37333.6845040403,30679.600156955,15775.8889121795,8550.22753990844,7114.09748605785,349700
37305.4828900035,30654.5596357666,15758.9029286095,8539.51589362133,7103.96817246733,349800
37277.2995357303,30629.5370494624,15741.9339686383,8528.81697046484,7093.85270309873,349900
37249.1344337661,30604.5313142587,15725.5257704252,8517.92811564038,7083.75106021795,350000
37220.9875766519,30579.3474931337,15709.1767765335,8507.00967004884,7073.66322611105,350100
37192.8589569244,30554.1819026261,15692.8434995117,8496.10452677157,7063.58918308426,350200
37164.7485671161,30529.0345332594,15676.5259264124,8485.21267092987,7053.52891346397,350300
37136.6563997554,30503.9053755558,15660.0115998321,8474.33408765904,7043.48239959668,350400
37108.5824473664,30479.2863954196,15643.4027702142,8463.46876210831,7033.44962384898,350500
37080.526702469,30455.0429116777,15626.8102907732,8452.61667944091,7023.43056860759,350600
37052.4891575788,30430.2711939822,15610.2341475767,8441.77782483395,7013.42521627928,350700
37024.4698052076,30405.5171551327,15593.6743266998,8430.95218347852,7003.43354929087,350800
36996.4686378629,30380.7395786171,15577.130814226,8420.13974057962,6993.45555008925,350900
36968.4856480478,30355.8481236722,15560.6035962462,8409.34048135618,6983.49120114129,351000
36940.5208282617,30330.9746031886,15544.0926588595,8398.55439104103,6973.75643572531,351100
36912.5741709998,30305.7555254986,15527.5979881728,8387.78145488094,6964.23529352447,351200
36884.645668753,30280.175411884,15511.1195703011,8377.02165813653,6954.72658796235,351300
36856.7353140085,30254.550380994,15494.6345397946,8366.27498608235,6945.23030391571,351400
36828.8430992493,30228.944587608,15477.7812723226,8355.54142400683,6935.74642627734,351500
36800.9690169543,30203.4712433378,15460.9450849071,8344.82095721227,6926.27493995605,351600
36773.1130595985,30178.4869883264,15444.1259624029,8334.11357101483,6916.81582987672,351700
36745.2752196529,30153.1553355394,15427.5191661512,8323.41925074456,6907.36908098022,351800
36717.4554895846,30127.6733848234,15410.9304392768,8312.73798174534,6897.93467822343,351900
36689.6538618565,30102.2105389701,15394.3583114719,8302.06974937491,6888.51260657923,352000
36661.8703289279,30076.7667873209,15377.8027682567,8291.41453900486,6879.10285103647,352100
36634.1048832539,30051.3421192171,15361.2637951601,8280.77233602059,6869.70539659999,352200
36606.3575172858,30025.9365239996,15344.7413777199,8270.14312582133,6860.32022829055,352300
36578.6282234712,30000.5499910092,15328.2355014823,8259.52689382016,6850.94733114488,352400
36550.9169942534,29975.1825095862,15311.7461520024,8248.92362544392,6841.58669021566,352500
36523.2238220723,29949.834069071,15295.273314844,8238.33330613329,6832.2539166955,352600
36495.5486993637,29924.5046588035,15278.8169755796,8227.75592134275,6822.94741545007,352700
36467.8916185596,29899.1942681235,15262.3771197903,8217.19145654054,6813.65304338796,352800
36440.2525720882,29873.9028863706,15245.5788730188,8206.63989720869,6804.37078578948,352900
36412.631552374,29848.6305028844,15228.7846432724,8196.10122884303,6795.10062795053,353000
36385.0285518377,29823.377107004,15212.0076938301,8185.5754369531,6785.8425551826,353100
36357.0895510904,29798.1426880687,15195.2480090347,8175.06250706227,6776.59655281279,353200
36328.1823320278,29772.9272354174,15178.5055732395,8164.56242470761,6767.36260618374,353300
36299.2951916419,29747.730738389,15161.7803708076,8154.07245816654,6758.14070065365,353400
36270.4281202332,29722.5531863224,15145.0723861127,8143.06014505232,6748.93082159628,353500
36241.5811080997,29697.3945685562,15128.3816035386,8132.06205775424,6739.73295440091,353600
36212.754145537,29672.254874429,15111.7080074792,8121.07817917445,6730.54708447233,353700
36183.9472228385,29647.1340932794,15095.0515823389,8110.46913023108,6721.37319723088,353800
36155.1603302951,29621.9687933066,15078.4123125321,8099.99975060753,6712.21127811236,353900
36126.3934581953,29596.7888768327,15061.9613673794,8089.54324356669,6703.06131256809,354000
36097.6465968252,29571.6280048775,15045.5472837104,8079.09959451322,6693.92328606484,354100
36068.9197364689,29546.8632811923,15029.149889389,8068.66878886586,6684.79718408486,354200
36040.2128674078,29522.5481251624,15012.7691695155,8058.25081205738,6675.68299212585,354300
36011.5259799212,29498.2506334691,14996.4051091996,8047.84564953461,6666.58069570094,354400
35982.8590642863,29473.9707967615,14980.1226414364,8037.45328675845,6657.49028033871,354500
35954.2121107776,29449.7086056876,14963.8864655948,8027.07370920378,6648.41173158314,354600
35925.5851096677,29425.4640508948,14947.6667004707,8016.70690235954,6639.34503499363,354700
35896.978051227,29401.2371230293,14931.4633315196,8006.35285172869,6630.29017614497,354800
35868.3909257235,29377.0278127365,14915.2763442066,7996.01154282818,6621.24714062735,354900
35839.8237234231,29352.8361106611,14899.1146870911,7985.70311421073,6612.2159140463,355000
35811.2764345895,29328.6620074469,14883.0356034057,7975.44769259133,6603.19648202272,355100
35782.7490494842,29304.5054937368,14866.9726937983,7965.20480954031,6594.18883019288,355200
35754.2415583667,29279.4904385978,14850.9259440207,7954.9744509331,6585.19294420838,355300
35725.7539514943,29254.4104606527,14834.8953398337,7944.75660265863,6576.20880973612,355400
35697.286219122,29229.3496558112,14818.8899662735,7934.55125061931,6567.23641245835,355500
35668.8383515029,29205.7642590786,14802.9983685359,7924.35838073104,6558.27573807261,355600
35640.4103388882,29182.3105315772,14787.1226433742,7914.17797892318,6549.32677229172,355700
35612.0021715266,29158.8733349095,14771.2627769319,7904.01003113857,6540.38950084378,355800
35583.613839665,29135.4526607952,14755.4187553609,7893.85452333348,6531.46390947218,355900
35555.2453335483,29112.0485009523,14739.5905648217,7883.71144147766,6522.54998393555,356000
35526.8966434193,29088.6608470978,14723.7781914829,7873.58077155428,6513.64771000776,356100
35498.5677595188,29065.1090269039,14707.9816215219,7863.46249955995,6504.75707347792,356200
35470.2586720855,29041.3179527475,14692.2008411243,7853.35661150471,6495.87806015037,356300
35441.9693713565,29017.5440678054,14676.4358364844,7843.26309341201,6487.01065584463,356400
35413.6998475666,28993.7873630301,14660.6865938046,7833.18193131872,6478.15484639547,356500
35385.4500909487,28970.0478293729,14644.9530992961,7823.11311127511,6469.31061765279,356600
35357.220091734,28946.3254577845,14629.2353391783,7813.05661934484,6460.4779554817,356700
35329.0098401514,28922.6202392146,14613.5332996792,7803.01244160495,6451.65684576247,356800
35300.8193264282,28898.9321646121,14597.8469670351,7792.98056414589,6442.84727439051,356900
35272.6485407899,28875.2612249253,14582.1763274911,7782.96097307145,6434.04922727638,357000
35244.4974734598,28851.6074111013,14566.5213673004,7772.95365449878,6425.26269034576,357100
35216.3661146597,28827.9707140867,14550.8820727248,7762.95859455842,6416.48764953945,357200
35188.2544546093,28804.3511248271,14535.2584300345,7752.97577939424,6407.72409081336,357300
35160.1624835267,28780.7486342676,14519.6504255085,7743.00519516344,6399.02538065872,357400
35132.090191628,28757.1632333522,14504.0580454338,7733.04682803656,6390.40378558772,357500
35104.0375691276,28733.543989974,14488.4812761061,7723.10066419749,6381.79330744184,357600
35076.0046062383,28709.9151708307,14472.9201038296,7713.16668984338,6373.19393286708,357700
35047.9912931708,28686.3035408428,14457.374514917,7703.24489118475,6364.60564852347,357800
35019.9976201343,28662.7090908146,14441.8444956894,7693.33525444539,6356.02844108504,357900
34992.0235773362,28639.1318115498,14426.3300324765,7683.43776586238,6347.46229723982,358000
34964.0691549822,28615.5716938515,14410.8311116162,7673.55241168611,6338.90720368989,358100
34936.1343432764,28592.0287285221,14395.3477194552,7663.67917818021,6330.36314715126,358200
34908.2191324211,28568.5029063635,14380.0003634421,7653.81805162162,6321.83011435395,358300
34880.3235126169,28544.9942181773,14364.6745468877,7643.96901830051,6313.30809204193,358400
34852.4474740628,28521.5026547641,14349.3639484149,7634.13206452033,6304.79706697316,358500
34824.5910069563,28498.0282069243,14333.9398788145,7624.30717659776,6296.29702591949,358600
34796.754101493,28474.5708654578,14318.4239167354,7614.49434086273,6287.80795566676,358700
34768.9367478672,28451.1306211639,14302.8564694525,7604.69354365837,6279.3298430147,358800
34741.1389362713,28427.7074648413,14287.3976328052,7594.90477134108,6270.86267477698,358900
34713.3606568965,28404.3013872883,14272.1313973703,7585.12801028044,6262.40643778116,359000
34685.601899932,28380.912379303,14256.9698506223,7575.365190476,6253.96111886871,359100
34657.8626555659,28357.5404316826,14241.823308518,7565.42981950139,6245.52670489494,359200
34630.1429139844,28334.1855352242,14226.6917580729,7555.50689742992,6237.10318272912,359300
34602.4426653723,28310.8476807243,14211.5751863106,7545.5964097861,6228.69053925429,359400
34574.7618999131,28287.526858979,14196.4735802621,7535.69834210899,6220.28876136741,359500
34547.1006077885,28264.2230607841,14181.3869269667,7525.81267995223,6211.89783597924,359600
34519.4587791789,28240.936276935,14166.3152134712,7515.93940888397,6203.51775001441,359700
34491.8364042632,28217.6664982264,14151.2584268306,7506.07851448693,6195.14849041134,359800
34464.2334732188,28194.4137154532,14136.2165541073,7496.22998235834,6186.79004412229,359900
34436.6499762219,28171.1779194094,14121.1895823721,7486.39379810994,6178.44239811329,360000
34409.0859034471,28147.959100889,14106.1774987032,7476.56994736798,6170.10553936417,360100
34381.5412450675,28124.7572506855,14091.180290187,7466.75841577321,6161.77945486859,360200
34354.9636524995,28101.5723595922,14076.1979439176,7457.14411078767,6153.46413163391,360300
34328.6568183076,28078.4044184019,14061.2304469969,7447.80735943172,6145.15955668128,360400
34302.3674873201,28055.2534179074,14046.2777865349,7438.09812969708,6136.8657170456,360500
34276.095651643,28032.1193489009,14031.3334194836,7427.98532964871,6128.58259977553,360600
34249.8413033797,28008.952413349,14016.3542888998,7417.88570973176,6120.31019193341,360700
34223.6044346311,27985.6678154757,14001.3900744199,7407.83910477997,6112.04848059535,360800
34197.3850374956,27962.4004268522,13986.4407630112,7398.02540181019,6103.79745285112,360900
34171.1831040691,27939.150237933,13971.5063416492,7388.22413380671,6095.55709580423,361000
34144.9986264447,27915.8976532249,13956.5867973172,7378.43528610944,6087.32739657186,361100
34118.8315967133,27891.7707454865,13941.6821170068,7368.65884407338,6079.10834228486,361200
34092.6820069633,27867.0349364173,13926.7922877178,7358.92574089447,6070.89992008774,361300
34066.5498492804,27842.3189405417,13911.9172964577,7349.23007239292,6062.70211713871,361400
34040.4351157481,27817.6227452354,13897.0571302425,7339.54661705818,6054.51492060957,361500
34014.3377984472,27792.9463378764,13882.211776096,7329.89536639505,6046.31516353832,361600
33988.2578894562,27768.2897058457,13867.3812210502,7320.26948736919,6037.98749020341,361700
33962.1953808513,27743.6528365265,13852.4592061686,7311.00383098636,6029.67082581463,361800
33936.1502647059,27718.9458185541,13837.6168182717,7301.75693414376,6021.36515673324,361900
33910.1225330915,27694.2038890651,13822.7892803745,7292.53722782446,6013.07046933549,362000
33884.1121780769,27669.4819329235,13807.976579405,7283.32860771207,6004.78675001265,362100
33858.1191917286,27644.7799372357,13793.1787022996,7274.1310615172,5996.51398517094,362200
33832.1435661108,27620.097889111,13778.3956360028,7264.94457696203,5988.25216123156,362300
33806.1852932852,27595.4357756614,13763.6273674675,7255.76914178031,5980.0012646307,362400
33780.2443653114,27570.793584002,13748.8738836547,7246.60474371735,5971.76128181942,362500
33754.3207742466,27546.9227414101,13734.135171534,7237.45137053002,5963.53219926377,362600
33728.4145121456,27524.4334834552,13719.4112180828,7228.30900998671,5955.3140034447,362700
33702.5255710611,27501.9605098317,13704.7020102872,7219.17764986737,5947.10668085807,362800
33676.6539430433,27479.5038117855,13690.0075351413,7210.05727796351,5938.91021801464,362900
33650.7996201403,27457.0633805622,13675.3277796476,7200.94788207811,5930.72460144002,363000
33624.9625943979,27434.639207407,13660.5739053421,7191.84945002571,5922.54981767473,363100
33599.1428578597,27411.9457625192,13645.7147282341,7182.76196963236,5914.38585327412,363200
33573.3404025671,27387.8642566051,13630.8706917016,7173.6854287356,5906.23269480841,363300
33547.5552205592,27363.8018478236,13616.0417820682,7164.61981518449,5898.09032886263,363400
33521.7788945558,27339.7585241561,13601.2279856664,7155.56511683958,5889.95874203662,363500
33496.0078379812,27315.7342735861,13586.4292888381,7146.52132157289,5881.83792094506,363600
33470.2540622266,27291.7290840993,13571.6456779343,7137.48841726795,5873.72785221741,363700
33444.5175592907,27267.7429436841,13556.8347746518,7128.46639181975,5865.62852249791,363800
33418.7983211703,27243.775840331,13541.6928144801,7119.45523313473,5857.53991844558,363900
33393.0963398598,27219.8277620327,13526.5667452705,7110.45492913083,5849.46202673418,364000
33367.4116073517,27195.8986967846,13511.4565521167,7101.46546773741,5841.39483405223,364100
33341.7441156363,27171.9886325843,13496.3622201229,7092.48683689529,5833.33832710299,364200
33316.093856702,27148.0975574317,13481.2837344041,7083.51902455674,5825.29249260442,364300
33290.4608225349,27124.2254593293,13466.3008316538,7074.56201868545,5817.25731728923,364400
33264.8450051193,27100.3723262819,13451.5141619946,7065.51022787566,5809.23516764475,364500
33239.2463964373,27076.4801058815,13436.7427227096,7056.38474715357,5801.22442399965,364600
33213.6649884691,27052.3847305622,13421.9864998388,7047.2705223372,5793.22429119866,364700
33188.1007731928,27028.3087673091,13407.2454794323,7038.16754054875,5785.23475605017,364800
33162.5537425846,27004.2522035744,13392.6272707346,7029.0757889232,5777.25580537718,364900
33137.0238886186,26980.2150268134,13378.1682655557,7019.99525460823,5769.28742601727,365000
33111.5112032671,26956.1972244843,13363.7238675854,7010.92592476426,5761.32960482265,365100
33086.0156785003,26932.1987840481,13349.2988982669,7001.86778656439,5753.3823286601,365200
33060.5373062866,26908.2196929688,13334.930704586,6992.82082719445,5745.44558441096,365300
33035.0760785924,26884.2599387134,13320.5769776402,6983.78503385296,5737.51935897117,365400
33009.631987382,26860.3195087518,13306.2377045532,6974.76039375109,5729.60363925115,365500
32984.2050246182,26836.398390557,13291.9128724569,6965.74689411273,5721.6984121759,365600
32958.7951822616,26812.4965716048,13277.6024684918,6956.74452217442,5713.80366468493,365700
32933.402452271,26788.6140393741,13263.3064798068,6947.75326518536,5705.91938373225,365800
32908.0268266034,26764.7507813469,13249.0248935589,6938.77311040739,5698.0455562864,365900
32882.6682972139,26740.9067850079,13234.757696914,6929.80404511503,5690.18216933035,366000
32857.3268560557,26717.0820378452,13220.504877046,6920.84605659538,5682.32920986159,366100
32832.0024950804,26693.2765273497,13206.2664211374,6911.89913214821,5674.48666489204,366200
32806.6952062376,26669.4902410153,13192.0423163791,6902.9632590859,5666.65452144808,366300
32781.404981475,26645.7231663391,13177.8325499703,6894.03842473342,5658.83276657054,366400
32756.1318127387,26621.9752908213,13163.6371091188,6885.12461642836,5651.02138731464,366500
32730.8756919731,26598.246601965,13149.4559810405,6876.2218215209,5643.22037075003,366600
32705.6366111206,26574.5370872765,13135.2891529601,6867.33002737379,5635.42970396075,366700
32680.4145621219,26550.8467342652,13120.9274528403,6858.44922136238,5627.64937404525,366800
32655.2095369162,26527.1755304434,13106.3841490895,6849.57939087457,5619.87936811634,366900
32630.0215274407,26503.5234633268,13092.0383635909,6840.72052331082,5612.11967330116,367000
32604.850525631,26479.890520434,13077.8833795934,6831.87260608414,5604.37027674124,367100
32579.6965234209,26456.276689287,13063.7427304459,6823.0356266201,5596.63116559245,367200
32554.5595127428,26432.6819574105,13049.6164032732,6814.20957235678,5588.90232702495,367300
32529.439485527,26409.1063123328,13035.5043852092,6805.39443074481,5581.18374822325,367400
32504.3364337026,26385.5497415851,13021.4066633959,6796.43124538649,5573.47541638612,367500
32479.2503491966,26362.0122327019,13007.3232249842,6787.39427169851,5565.77731872665,367600
32454.1784558748,26338.4937732207,12993.2540571336,6778.36881354499,5558.08944247221,367700
32429.0674183512,26314.9943506823,12979.199147012,6769.354857218,5550.4117748644,367800
32403.9734178224,26291.5139526309,12965.158481796,6760.35238902398,5542.74430315911,367900
32378.8964461099,26268.0525666135,12950.8811160939,6751.36139528375,5535.08701462643,368000
32353.8364950334,26244.6101801806,12936.4528997002,6742.38186233245,5527.49419424616,368100
32328.7935564114,26221.1867808858,12922.039816361,6733.41377651959,5519.94838246764,368200
32303.7676220607,26197.782356286,12907.6418518314,6724.45712420899,5512.41246527192,368300
32278.7586837966,26174.3968939414,12893.2589918766,6715.5118917788,5504.88643048199,368400
32253.766733433,26151.0303814153,12878.8912222726,6706.57806562148,5497.37026593416,368500
32228.7917627825,26127.6828062743,12864.5385288056,6697.65563214376,5489.8639594781,368600
32203.8337636559,26104.1813689956,12850.4285968562,6688.7445777667,5482.36749897681,368700
32178.8927278629,26080.3223175141,12836.6830846001,6679.84488892559,5474.88087230662,368800
32153.9686472116,26057.1512173969,12822.9513349193,6670.95655207002,5467.40406735715,368900
32129.0615135087,26034.66833209,12809.233335615,6662.0795536638,5459.93707203137,369000
32104.1713185594,26011.599497688,12795.5290744966,6653.21388018502,5452.47987424549,369100
32079.2980541679,25988.5132467221,12781.8385393811,6644.35951812596,5445.03246192904,369200
32054.4417121365,25966.2073741353,12768.1617180938,6635.51645399316,5437.59482302477,369300
32029.6022842664,25945.1770856018,12754.4985984678,6626.68467430734,5430.16694548876,369400
32004.7797623576,25923.0489363702,12740.8491683443,6617.90598214646,5422.74881729026,369500
31979.9741382084,25900.8943848172,12727.2134155723,6609.31189940915,5415.3404264118,369600
31955.1854036161,25878.7568799624,12713.591328009,6600.72849482174,5407.94176084913,369700
31930.4135503765,25856.6364114874,12699.9828935193,6592.15575603099,5400.55280861121,369800
31905.6585702841,25834.5329690757,12686.3880999763,6583.59367069616,5393.17355772018,369900
31880.9204551321,25812.4465424123,12672.8069352611,6575.04222648895,5385.80399621142,370000
31856.1991967126,25790.3771211836,12659.2393872627,6566.50141109354,5378.44411213343,370100
31831.4947868162,25768.324695078,12645.5647872759,6557.97121220656,5371.09389354793,370200
31806.8072172323,25746.2892537855,12631.7968990435,6549.45161753709,5363.75332852977,370300
31782.1364797491,25724.2707869978,12618.0430806631,6540.94261480663,5356.42240516695,370400
31757.4825661535,25702.2692844081,12604.3033193158,6532.44419174912,5349.10111156062,370500
31732.8454682313,25680.2847357116,12590.5776021916,6523.9563361109,5341.78943582503,370600
31708.2251777669,25658.3171306049,12576.8659164893,6515.47903565075,5334.48736608756,370700
31683.6216865436,25636.3664587866,12563.1682494167,6507.01227813982,5327.1948904887,370800
31659.0349863437,25614.4327099569,12549.4845881903,6498.55605136167,5319.911997182,370900
31634.4650689478,25592.5158738177,12535.8149200356,6490.11034311222,5312.63867433414,371000
31609.911926136,25570.6159400728,12522.1592321867,6481.6751411998,5305.3749101248,371100
31585.3755496867,25548.7328984275,12508.4787276096,6473.25043344506,5298.1206927468,371200
31560.8559313774,25526.8667385892,12494.8115842154,6464.83620768105,5290.87601040593,371300
31536.3530629844,25504.8548986716,12481.158468648,6456.43245175314,5283.64085132106,371400
31511.866936283,25482.771321512,12467.5193680455,6447.99106608869,5276.41520372408,371500
31487.3975430472,25460.7050249663,12453.8942695552,6439.41550665474,5269.19905585989,371600
31462.94487505,25438.6559982517,12440.2831603333,6430.85088667798,5261.99239598637,371700
31438.5089240634,25416.6242305872,12426.6860275452,6422.29719309836,5254.79521237444,371800
31414.0896818581,25394.6097111945,12413.1028583651,6413.75441286965,5247.60749330794,371900
31389.6871402039,25372.6124292973,12399.7659561966,6405.22253295939,5240.42922708375,372000
31365.3012908696,25350.6323741216,12386.4942160564,6396.70154034891,5233.26040201163,372100
31340.9321256228,25328.6695348954,12373.2357931528,6388.19142203332,5226.10100641436,372200
31316.5796362301,25306.7239008495,12359.8000135051,6379.69216502146,5218.95102862759,372300
31292.2438144571,25284.7954612164,12346.3389547303,6371.20375633593,5211.81045699997,372400
31267.9246520685,25262.8842052313,12332.8916672235,6362.74769838766,5204.67927989298,372500
31243.6221408278,25240.9901221314,12319.4581384002,6354.3179044569,5197.55748568106,372600
31219.3362724977,25219.1132011564,12306.0383556849,6345.89882325827,5190.44506275153,372700
31195.0670388398,25197.2534315482,12292.6323065107,6337.49044205122,5183.34199950459,372800
31170.8144316148,25175.410802551,12279.2399783197,6329.09274810858,5176.2482843533,372900
31146.5784425824,25153.5853034114,12265.8613585624,6320.70572871656,5169.16390572359,373000
31122.3590635014,25131.7769233782,12252.4964346985,6312.32937117479,5162.08885205422,373100
31098.1562861296,25109.9856517028,12239.1451941964,6303.96366279626,5155.02311179681,373200
31073.9701022239,25088.2114776387,12225.807624533,6295.60859090731,5147.96667341579,373300
31049.8005035404,25066.4543904418,12212.4837131943,6287.26414284767,5140.92129435825,373400
31025.6474818342,25044.7143793704,12199.173447675,6278.93030597038,5133.88533955602,373500
31001.5110288594,25022.9914336851,12185.8768154785,6270.60706764183,5126.85864680261,373600
30977.3911363696,25001.2855426491,12172.5938041171,6262.29441524175,5119.8412046242,373700
30953.1009427999,24979.5966955278,12159.3244011118,6253.99233616315,5112.83300155977,373800
30927.7851623349,24957.5382310042,12146.0685939924,6245.70081781238,5105.834026161,373900
30902.4878794273,24935.030924122,12132.8263702976,6237.41984760905,5098.84426699233,374000
30877.2090837411,24912.5421379227,12119.5977175746,6229.14941298606,5091.8637126309,374100
30851.9487649407,24890.5721179104,12106.3826233797,6220.93580032262,5084.89235166659,374200
30826.7069126913,24869.7561914018,12093.1810752777,6212.93884072643,5077.93017270193,374300
30801.483516659,24849.6512888929,12079.9930608424,6204.95171970145,5070.97716435219,374400
30776.2785665102,24829.0054193544,12066.8185676563,6196.97442597156,5064.03331524525,374500
30751.0920519123,24807.7103641307,12053.6575833106,6188.92010750517,5057.09861402174,374600
30725.923962533,24786.4318150717,12040.5100954053,6180.71134625203,5050.17304933485,374700
30700.7742880413,24765.1697619788,12027.3760915493,6172.51303318514,5043.25660985048,374800
30675.6430181064,24743.9241946551,12014.2555593601,6164.32515584695,5036.34928424714,374900
30650.5301423985,24722.6951029063,12001.1484864641,6156.14770179306,5029.45106121596,375000
30626.9118661824,24701.4824765397,11988.0548604964,6147.98065859228,5022.56192946067,375100
30603.4328725365,24680.2863053651,11974.974669101,6139.82401382654,5015.68187769762,375200
30579.9697061083,24659.106579194,11961.9078999304,6131.67775509093,5008.81089465572,375300
30556.5223592516,24637.9432878402,11948.8545406461,6123.54186999367,5001.94896907648,375400
30533.0908243194,24616.7964211197,11935.8145789182,6115.41634615611,4995.09608971397,375500
30509.6750936634,24595.6659688505,11922.7880024259,6107.30117121272,4988.25224533481,375600
30486.2751596345,24574.5519208527,11909.7747988567,6099.19633281105,4981.41742471816,375700
30462.8910145822,24553.4542669485,11896.7749559071,6091.10181861177,4974.59161665573,375800
30439.5226508553,24532.3729969626,11883.7884612825,6083.01761628863,4967.77480995172,375900
30416.1700608013,24511.3081007213,11870.8153026968,6074.94371352844,4960.96699342288,376000
30392.8332367668,24490.2595680534,11857.8554678727,6066.88009803109,4954.16815589842,376100
30369.5121710972,24469.2273887899,11844.9089445419,6058.8267575095,4947.37828622007,376200
30346.2068561372,24448.2115527638,11831.8987103017,6050.78367968965,4940.59737324203,376300
30322.9172842303,24427.2120498103,11818.6172540479,6042.75085231055,4933.82540583095,376400
30299.6434477189,24406.2288697671,11805.374547038,6034.72826312422,4927.06237286596,376500
30276.3853389448,24385.2620024735,11792.2629385383,6026.71589989571,4920.30826323862,376600
30253.1429502484,24364.3114377717,11779.165080222,6018.71375040305,4913.56306585292,376700
30229.9162739695,24344.014235835,11766.0809590622,6010.72180243728,4906.82676962529,376800
30206.7053024466,24323.856471064,11753.09434168,6002.74004380239,4900.09936348455,376900
30183.5100280176,24303.7136883617,11740.3596426608,5994.76846231537,4893.38083637195,377000
30160.3304430194,24283.5858790602,11727.6379184814,5986.80704580617,4886.67117724111,377100
30137.1665397877,24263.473034493,11714.929157305,5978.85578211766,4879.97037505801,377200
30114.0183106577,24243.3751459942,11702.2333473033,5970.91465910566,4873.27841880104,377300
30090.8857479634,24223.2922048992,11689.550476656,5962.98366463894,4866.59529746093,377400
30067.768844038,24203.062290032,11676.8805335514,5955.06278659916,4859.92100004075,377500
30044.6675912139,24182.8294464661,11664.223506186,5947.1520128809,4853.2555155559,377600
30021.5819818227,24162.6118270743,11651.5793827647,5939.25133139163,4846.59883303413,377700
29998.5120081948,24142.4094228513,11638.9481515007,5931.36073005172,4839.95094151547,377800
29975.45766266,24122.2222247936,11626.3298006154,5923.48019679439,4833.31183005229,377900
29952.4189375474,24102.0502238987,11613.7243183387,5915.60971956576,4826.68148770922,378000
29929.395825185,24081.8934111657,11601.1316929088,5907.74928632478,4820.05990356318,378100
29906.3883179001,24061.7517775952,11588.05608948,5899.89888504325,4813.44706670337,378200
29883.3964080192,24041.6253141888,11574.9398984337,5892.05850370581,4806.84296623124,378300
29860.420087868,24021.51401195,11561.8377598834,5884.22813030993,4800.24759126049,378400
29837.4593497714,24001.4178618835,11548.7496601459,5876.40775286587,4793.66093091705,378500
29814.5141860534,23981.3368549953,11535.6755855489,5868.59735939672,4787.08297433909,378600
29791.5845890376,23961.2709822931,11522.6155224312,5860.79693793834,4780.51371067699,378700
29768.6705510464,23941.2202347859,11509.6359929137,5853.0064765394,4773.95312909332,378800
29745.7720644017,23921.1846034842,11497.086332621,5845.22596326132,4767.40121876287,378900
29722.8891214246,23901.1640794,11484.5495565224,5837.45538617829,4760.85796887259,379000
29700.0217144355,23881.1586535467,11472.0256527348,5829.69473337725,4754.32336862163,379100
29677.169835754,23861.1683169391,11459.5146093834,5821.94399295788,4747.79740722125,379200
29654.3334776992,23841.1930605937,11447.0164146021,5814.20315303259,4741.28007389492,379300
29631.5126325892,23821.2328755285,11434.5310565335,5806.47220172653,4734.7713578782,379400
29608.7072927417,23801.2877527627,11422.0585233285,5798.75112717752,4728.27124841882,379500
29585.9174504734,23781.3576833172,11409.5988031467,5791.03991753612,4721.77973477658,379600
29563.1430981007,23761.4426582146,11397.1518841562,5783.33856096556,4715.29680622344,379700
29540.384227939,23741.5426684787,11384.7177545336,5775.64704564175,4708.82245204341,379800
29517.6408323032,23721.657705135,11372.2964024643,5767.96535975327,4702.35666153262,379900
29494.9053109949,23701.7877592106,11359.8878161419,5760.29349150137,4695.89942399923,380000
29471.9057874599,23681.932821734,11347.4919837687,5752.63142909992,4689.45072876352,380100
29448.9221603203,23662.0928837353,11335.1088935557,5744.97916077546,4683.01056515777,380200
29425.9544214307,23642.2679362462,11322.7385337222,5737.33667476713,4676.57892252635,380300
29403.0025626454,23622.4579703,11310.3808924961,5729.70395932671,4670.1557902256,380400
29380.0665758184,23602.6629769314,11298.0359581139,5722.08100271857,4663.74115762395,380500
29357.1464528037,23582.882947177,11285.7037188206,5714.46779321969,4657.33501410177,380600
29334.2421854546,23563.1178720747,11273.3841628698,5706.86431911962,4650.93734905149,380700
29311.3537656245,23542.6432158987,11261.0772785236,5699.27056872049,4644.54815187747,380800
29288.4811851662,23522.0129305133,11248.7830540526,5691.68653033701,4638.16741199611,380900
29265.6244359327,23501.399108284,11236.5014777359,5684.11219229643,4631.7951188357,381000
29242.7835097764,23480.8017384648,11224.2325378613,5676.54754293854,4625.43126183655,381100
29219.9583985496,23460.2208103127,11211.9762227248,5668.99257061568,4619.07583045088,381200
29197.1490941045,23439.6563130879,11199.7325206314,5661.44726369272,4612.72881414286,381300
29174.3555882929,23419.1082360536,11187.5014198941,5653.91365833147,4606.39020238856,381400
29151.5778729665,23398.5765684764,11175.1512880124,5646.41172347775,4600.05998467599,381500
29128.8159399769,23378.0612996257,11162.6888258617,5638.91935587182,4593.73815050503,381600
29106.0697811754,23357.5624187745,11150.2394990911,5631.43654404848,4587.42468938748,381700
29083.3393884131,23337.0799151986,11137.803295154,5623.96327655484,4581.11959084699,381800
29060.6247535413,23316.6137781771,11125.3802015134,5616.49954195026,4574.82284441911,381900
29037.9258684106,23296.1639969923,11112.9702056422,5609.04532880637,4568.53443965121,382000
29015.2427248718,23275.7305609297,11100.5732950228,5601.60062570705,4562.25436610255,382100
28992.5753147756,23255.3134592779,11088.1894571471,5594.16542124843,4555.98261334418,382200
28969.9236299724,23234.9126813288,11075.8186795167,5586.73970403886,4549.71917095902,382300
28947.2876623126,23214.5282163775,11063.4609496431,5579.32346269892,4543.46402854176,382400
28924.6674036466,23194.1600537222,11051.1162550471,5571.9166858614,4537.21717569893,382500
28902.0628458245,23173.8081826644,11038.7845832593,5564.5193621713,4530.97860204883,382600
28879.4739806963,23153.4725925089,11026.4659218198,5557.13148028579,4524.74829722156,382700
28856.9008001122,23133.1532725636,11014.1602582784,5549.75302887424,4518.52625085897,382800
28834.3432959222,23112.8502121397,11001.8675801945,5542.38399661819,4512.31245261469,382900
28811.801459976,23092.5634005516,10989.5878751372,5535.09103980607,4506.10689215408,383000
28789.2752841236,23072.2928271171,10977.3211306851,5527.90443420063,4499.90955915427,383100
28766.7647602149,23052.038481157,10965.0673344264,5520.72678400205,4493.72044330408,383200
28744.2698800995,23031.8003519957,10952.9688768929,5513.55807875399,4487.53953430408,383300
28721.7906356273,23011.5784289605,10940.9083120864,5506.39830801095,4481.36682186652,383400
28699.3270186481,22991.3727013822,10928.949446305,5499.24746133829,4475.20229571537,383500
28676.8790210116,22971.183158595,10917.0216150808,5492.10552831216,4469.04594558626,383600
28654.4466345676,22951.0386503648,10905.1060615973,5484.97249851954,4462.89776122653,383700
28632.0298511659,22931.6436839773,10893.2027744564,5477.8483615582,4456.75773239514,383800
28609.6286626562,22912.2635522448,10881.3117422683,5470.73310703671,4450.62584886274,383900
28587.2430608885,22892.8982460698,10869.4329536518,5463.62672457442,4444.50210041159,384000
28564.8730377126,22873.5477563563,10857.5663972339,5456.52920380147,4438.38647683562,384100
28542.5185849784,22854.2120740107,10845.7120616501,5449.44053435875,4432.27896794035,384200
28520.179694536,22834.8911899411,10833.8699355441,5442.36070589795,4426.17956354292,384300
28497.8563582354,22815.5850950576,10822.0400075681,5435.28970808146,4420.08825347206,384400
28475.5485679267,22796.2937802727,10810.2222663826,5428.22753058246,4414.00502756813,384500
28453.2563154602,22777.0172365005,10798.4167006566,5421.17416308483,4407.929875683,384600
28430.9795926862,22757.7554546573,10786.6232990674,5414.1295952832,4401.86278768016,384700
28408.718391455,22738.5084256614,10774.8420503005,5407.09381688293,4395.80375343464,384800
28386.4727036173,22719.1835198067,10763.07294305,5400.06681760005,4389.75276283302,384900
28364.2425210237,22699.8495300533,10751.3159660181,5393.04858716133,4383.70980577341,385000
28342.027835525,22680.530466722,10739.5711079158,5386.03911530423,4377.67487216544,385100
28319.8286389721,22661.2263205029,10727.8383574619,5379.03839177687,4371.64795193027,385200
28297.644923216,22641.9370820888,10716.1177033839,5372.04640633807,4365.62903500055,385300
28275.476680108,22622.6627421744,10704.4091344176,5365.06314875732,4359.61811132042,385400
28253.3239014994,22603.4032914567,10692.7512637949,5358.08860881476,4353.61517084552,385500
28231.1865792419,22584.1587206354,10681.1874204307,5351.12277630118,4347.62020354294,385600
28209.064705187,22564.929020412,10669.6353654493,5344.16564101804,4341.63319939126,385700
28186.9582711869,22545.7141814905,10658.0950880257,5337.21719277739,4335.65414838046,385800
28164.8672690935,22526.5141945772,10646.5665773428,5330.27742140195,4329.68304051202,385900
28142.7916907593,22507.3290503808,10635.0498225911,5323.34631672504,4323.7198657988,386000
28120.7315280367,22488.1587396121,10623.5448129693,5316.42386859058,4317.76461426511,386100
28098.6480266518,22469.0032529845,10612.0515376837,5309.51006685312,4311.81727594663,386200
28076.5731996064,22449.8625812135,10600.5699859484,5302.60490137779,4305.8778408905,386300
28054.4887233796,22430.736715017,10589.1001469855,5295.70836204028,4299.94629915517,386400
28032.4116472367,22411.6256451154,10577.6420100248,5288.8204387269,4294.02264081054,386500
28010.3500719758,22392.5293622312,10566.1955643039,5281.9411213345,4288.1068559378,386600
27988.3039893152,22373.4478570894,10554.7607990684,5275.02069340951,4282.19893462957,386700
27966.2733909733,22354.3811204174,10543.3377035715,5268.000233193,4276.29886698974,386800
27944.2582686689,22335.3291429449,10531.9262670745,5260.98876478998,4270.40664313361,386900
27922.2586141212,22316.2919154039,10520.5264788461,5253.98627735091,4264.52225318773,387000
27900.2744190498,22297.2694285289,10509.1383281633,5246.99276003799,4258.64568729001,387100
27878.3056751747,22278.2616730568,10497.7618043107,5240.00820202522,4252.77693558964,387200
27856.3523742164,22259.2686397268,10486.4076105536,5233.03259249833,4246.91598824711,387300
27834.4145078956,22240.2903192805,10475.1368860957,5226.06592065483,4241.06283543419,387400
27812.4920679337,22221.3267024621,10463.877578408,5219.10817570391,4235.21746733391,387500
27790.5850460523,22202.377780018,10452.6296770775,5212.15934686655,4229.37987414058,387600
27768.5587881733,22183.443542697,10441.3931716986,5205.21942337539,4223.55004605972,387700
27745.5530843441,22164.5239812504,10430.1680518732,5198.28839447481,4217.72797330814,387800
27722.5645995893,22145.6190864321,10418.954307211,5191.36624942088,4211.91364611383,387900
27699.5933236434,22126.7288489981,10407.7519273287,5184.45297748135,4206.10705471603,388000
27676.6392462425,22107.853259707,10396.5609018507,5177.54856793564,4200.30818936517,388100
27653.702357125,22088.9923093201,10385.3812204089,5170.65301007484,4194.51704032288,388200
27630.7826460312,22070.1459886006,10374.2128726427,5163.7662932017,4188.73359786196,388300
27607.8801027034,22051.3142883147,10363.0558481988,5156.88840663063,4182.95785226643,388400
27584.9947168859,22032.4971992307,10351.9101367315,5150.01933968763,4177.18979383141,388500
27562.126478325,22013.6947121196,10340.7757279025,5143.15908171038,4171.42941286324,388600
27539.2753767691,21994.2331226519,10329.6526113809,5136.30762204813,4165.67669967934,388700
27516.4414019687,21974.7465943273,10318.5407768435,5129.40811715046,4159.93164460832,388800
27493.6245436761,21955.275881603,10307.4402139744,5122.46920774305,4154.19423798986,388900
27470.8247916459,21935.8209737809,10296.3509124651,5115.53934702048,4148.4644701748,389000
27448.0421356347,21916.3818601671,10285.2728620147,5108.61852383033,4142.74233152504,389100
27425.2719030296,21896.958530071,10274.2060523296,5101.70672703261,4137.0278124136,389200
27402.4938380932,21877.5509728061,10263.1504731237,5094.80394549979,4131.32090322457,389300
27379.7328856184,21858.1591776896,10252.1061141185,5087.91016811678,4125.6215943531,389400
27356.9890353197,21838.7831340426,10241.0729650428,5081.02538378092,4119.92987620541,389500
27334.2622769134,21819.42283119,10229.9353804579,5074.14958140196,4114.24573919877,389600
27311.5526001182,21800.0782584604,10218.7733052981,5067.28274990204,4108.56917376149,389700
27288.8599946549,21780.7494051864,10207.6227380694,5060.42487821571,4102.90017033289,389800
27266.1844502464,21761.4362607043,10196.4836680246,5053.57595528989,4097.23871936332,389900
27243.5259566177,21742.1388143543,10185.3560844246,5046.73597008386,4091.58481131415,390000
27220.8845034962,21722.8570554804,10174.2399765383,5039.93261465527,4085.93843665772,390100
27198.2600806114,21703.5909734307,10163.1353336428,5033.13964658532,4080.29958587739,390200
27175.6526776947,21684.3405575566,10152.0421450231,5026.35550684912,4074.66824946744,390300
27153.0622844801,21665.105797214,10140.9603999724,5019.58018459939,4069.04441793318,390400
27130.4888907037,21645.8866817622,10129.7642443202,5012.81366900087,4063.42808179083,390500
27107.9324861037,21626.6832005646,10118.43418579,5006.05594923044,4057.81923156757,390600
27085.3930604205,21607.4953429884,10107.116140392,4999.30701447701,4052.21785780151,390700
27062.8706033969,21588.3230984047,10095.8100965035,4992.56685394155,4046.6239510417,390800
27040.3651047778,21569.1581994975,10084.5160425113,4985.83545683705,4041.03750184807,390900
27017.8765543104,21549.9490008145,10073.3991229659,4979.11281238859,4035.45850079148,391000
26995.4049417441,21530.755501405,10062.3724849683,4972.39890983321,4029.88693845367,391100
26972.9502568306,21511.5776905157,10051.3572604084,4965.69373841999,4024.32280542726,391200
26950.5124893239,21492.4155573967,10040.3534385661,4958.99728741001,4018.76609231576,391300
26928.09162898,21473.2690913027,10029.3610087291,4952.30954607632,4013.21678973352,391400
26905.6876655576,21454.138281492,10018.3799601937,4945.63050370397,4007.67488830574,391500
26883.3005888174,21435.0231172272,10007.4102822639,4939.06025968494,4002.14037866847,391600
26860.9303885225,21415.9235877749,9996.45196425197,4932.70335622179,3996.6132514686,391700
26838.5770544383,21396.8396824056,9985.50499547846,4926.35431608495,3991.09349736382,391800
26816.2405763323,21377.7713903941,9974.56936527191,4920.01313013704,3985.58110702262,391900
26793.9209439747,21358.7187010191,9963.64506296902,4913.70474511975,3980.07607112433,392000
26771.6181471376,21339.6816035634,9952.73207791461,4907.41265919012,3974.57838035902,392100
26749.3321755958,21320.6600873139,9941.83039946164,4901.12831163598,3969.08802542758,392200
26727.0630191262,21301.6541415615,9930.94001697117,4894.85169352691,3963.60499704164,392300
26704.8106675081,21282.6637556013,9920.06091981241,4888.58279594172,3958.12928592359,392400
26682.5751105232,21263.6889187323,9909.19309736265,4882.32160996836,3952.66088280658,392500
26660.3563379554,21244.7296202578,9898.33653900731,4876.06812670396,3947.19977843449,392600
26638.1543395912,21225.7858494851,9887.49123413993,4869.8223372548,3941.74596356191,392700
26615.9691052192,21206.8575957257,9876.78125495424,4863.45904832678,3936.29942895419,392800
26593.8006246306,21187.9448482948,9866.10168503905,4856.99062839718,3930.86016538733,392900
26571.6488876189,21169.0475965123,9855.43302487519,4850.53049817758,3925.42816364806,393000
26549.51388398,21150.1658297018,9844.77526437019,4844.07864763582,3920.00341453379,393100
26527.3956035122,21131.2995371912,9834.12839343909,4837.63506675071,3914.58590885261,393200
26505.2940360161,21112.4487083124,9823.27081522303,4831.19974551204,3909.17563742325,393300
26483.2091712948,21093.6133324016,9812.29021304738,4824.77267392057,3903.77259107512,393400
26461.1409991539,21074.7933987989,9801.26462735891,4818.353841988,3898.37676064826,393500
26439.0895094013,21055.9888968487,9790.52262597085,4812.07995033688,3892.98813699336,393600
26417.0546918473,21037.1998158995,9779.81488552875,4805.85191894237,3887.6067109717,393700
26395.0365363048,21018.426145304,9769.11822615695,4799.63163940937,3882.23247345521,393800
26373.035032589,20999.667874419,9758.43263743373,4793.41910266136,3876.8654153264,393900
26351.0501705176,20980.9249926053,9747.75810894532,4787.21429963133,3871.50552747838,394000
26329.0819399108,20962.1974892281,9737.09463028595,4781.01722126176,3866.15280081484,394100
26307.1303305912,20943.4853536568,9726.44219105777,4774.82785850469,3860.80722625006,394200
26285.1953323839,20924.7885752646,9715.8007808709,4768.64620232163,3855.46879470884,394300
26263.2769351164,20906.1071434293,9705.17038934344,4762.47224368359,3850.13749712657,394400
26241.3751286188,20887.4410475325,9694.55100610142,4756.30597357108,3844.81332444916,394500
26219.4899027236,20868.7902769603,9683.94262077884,4750.14738297408,3839.49626763307,394600
26197.621247266,20850.1548211029,9673.34522301762,4743.99646289203,3834.18631764526,394700
26175.7691520833,20831.5346693545,9662.75880246765,4737.85320433385,3828.88346546322,394800
26153.9336070158,20812.9298111137,9652.18334878677,4731.71759831791,3823.58770207492,394900
26132.1146019059,20794.3402357833,9641.61885164072,4725.58963587203,3818.29901847885,395000
26110.3121265988,20775.7659327701,9631.06530070324,4719.46930803348,3813.01740568393,395100
26088.5261709421,20757.2068914853,9620.52268565594,4713.35660584894,3807.74285470961,395200
26067.0714861248,20738.6631013442,9609.99099618843,4707.25152037453,3802.47535658574,395300
26046.8355987119,20720.1345517664,9599.47022199819,4701.1540426758,3797.21490235268,395400
26026.6137574585,20701.6212321758,9588.96035279065,4695.06416382767,3791.96148306118,395500
26006.4059548838,20683.1231320002,9578.4613782792,4688.9818749145,3786.71508977245,395600
25986.2121835077,20664.640240672,9567.83778383496,4682.90716703004,3781.47571355808,395700
25966.0324358503,20646.1725476275,9557.17411470112,4676.84003127741,3776.24334550013,395800
25945.8667044324,20627.7200423076,9546.5217227371,4670.78045876912,3771.017976691,395900
25925.7149817756,20609.2827141571,9535.8805970366,4664.72844062704,3765.79959823352,396000
25905.5772604015,20590.8605526252,9525.25072670211,4658.68396798243,3760.58820124086,396100
25885.4535328328,20572.4535471654,9514.63210084482,4652.64703197586,3755.38377683659,396200
25865.3437915925,20554.0616872354,9504.02470858469,4646.6176237573,3750.18631615462,396300
25845.2480292041,20535.6849622971,9493.42853905039,4640.59573448602,3744.99581033923,396400
25825.1662381917,20517.3233618166,9482.84358137933,4634.58135533065,3739.812250545,396500
25805.0984110803,20498.9768752646,9472.26982471764,4628.57447746912,3734.63562793687,396600
25785.044540395,20480.6454921156,9461.7072582202,4622.5750920887,3729.46593369008,396700
25765.0046186619,20462.3292018488,9451.15587105057,4616.58319038596,3724.09393717165,396800
25744.9786384074,20444.0279939474,9440.61565238107,4610.59876356676,3718.72153146942,396900
25724.9665921588,20425.741857899,9430.08659139268,4604.58539378635,3713.35664076341,397000
25704.9684724438,20407.4707831954,9419.56867727514,4598.4187969316,3707.99925500985,397100
25684.9842717908,20389.2147593327,9409.06189922688,4592.26016734395,3702.6493641775,397200
25665.0139827288,20370.9737758116,9398.566246455,4586.10949527991,3697.30695824751,397300
25645.0575977875,20352.7478221365,9388.17990739331,4579.96677100682,3691.97202721351,397400
25625.1151094971,20334.5368878167,9377.81273435124,4573.83198480286,3686.64456108151,397500
25605.1865103887,20316.3409623653,9367.45641672864,4567.70512695702,3681.32454986998,397600
25585.2717929939,20298.1600353002,9357.11094414536,4561.58618776909,3676.01198360973,397700
25565.3709498448,20279.9940961431,9346.77630622944,4555.47515754966,3670.70685234398,397800
25545.4839734744,20261.8431344205,9336.46083819033,4549.37202662014,3665.40914612833,397900
25525.6108564164,20243.7071396629,9326.23366018524,4543.27678531267,3660.11885503071,398000
25505.7515912051,20225.5861014052,9316.01709750281,4537.1894239702,3654.8359691314,398100
25485.9061703753,20207.4800091868,9305.81114009743,4531.10993294641,3649.56047852302,398200
25466.0745864629,20189.388852551,9295.61577793126,4525.03830260575,3644.29237331049,398300
25446.2568320042,20171.312621046,9285.4310009743,4518.97452332341,3639.03164361103,398400
25426.4528995363,20153.2513042238,9275.25679920432,4512.9185854853,3633.77827955417,398500
25406.6627815969,20135.2048916412,9265.09316260691,4506.87047948805,3628.5322712817,398600
25386.8864707247,20117.1733728591,9254.94008117546,4500.83019573901,3623.29360894766,398700
25367.1239594588,20099.1567374428,9244.79754491113,4494.80037860525,3618.06228271837,398800
25347.3752403392,20081.1549749619,9234.66554382289,4488.78463549888,3612.83828277235,398900
25327.6403059068,20063.1680749904,9224.54406792749,4482.77666220906,3607.62159930037,399000
25307.9191487028,20045.1960271068,9214.40738322317,4476.77644923146,3602.41222250539,399100
25288.2117612697,20027.2388208937,9204.20734096299,4470.78398707236,3597.21014260258,399200
25268.5181361503,20009.2964459382,9194.01801607176,4464.79926624859,3592.01534981929,399300
25248.8382658884,19991.3688918319,9183.83939824466,4458.82227728757,3586.82783439503,399400
25229.1721430285,19973.4561481706,9173.76878052507,4452.85301072728,3581.64758658148,399500
25209.519760116,19955.5582045545,9163.64615006991,4446.89145711623,3576.47459664245,399600
25189.8811096968,19937.6750505883,9153.50529968013,4440.93760701349,3571.30885485388,399700
25170.256184318,19919.806675881,9143.37510219551,4434.99145098866,3566.15035150385,399800
25150.6449765271,19901.9530700459,9133.23563423057,4429.05297962184,3560.99907689251,399900
25131.0474788727,19884.1142227008,9122.96487535946,4423.12218350367,3555.85502133213,4e+05
25111.4636839039,19866.290123468,9112.66941807586,4417.19905323526,3550.71817514703,400100
