"q95","q90","Median","q10","q5","Escapement"
0,0,0,0,0,0
1050.86524852012,956.428609759694,721.779817760068,539.065001427494,493.386377365287,100
2096.48651761018,1908.44733863352,1440.72966695934,1076.36256288554,985.157095071002,200
3136.88343614245,2856.03339784415,2156.76700587513,1611.90988437452,1475.33304099646,300
4172.07556767111,3799.21490434637,2869.85256515428,2145.72554680387,1964.11536210502,400
5202.08241063607,4737.98333951946,3580.22729434772,2677.8044696722,2451.75167708583,500
6226.87463336403,5672.33371416983,4288.03126423869,3208.15088516297,2938.04161445652,600
7246.49522315426,6601.99491540195,4992.78027479185,3736.76901629334,3423.03449724682,700
8260.97020561675,7526.80589126937,5694.8484823061,4263.77144666672,3906.69733723182,800
9270.31895801564,8447.08419343515,6394.22540966944,4789.32364167199,4389.03286280738,900
10274.5607928332,9363.1423760883,7090.84983369695,5313.29894329653,4869.91224947257,1000
11273.7149579727,10275.2134075181,7785.00215874756,5836.31409866182,5348.81073149517,1100
12267.8006369607,11184.1217682993,8475.51412118571,6358.39466947838,5826.95951229638,1200
13256.836949149,12088.8911940829,9162.97277746649,6879.07197336355,6304.24090967988,1300
14241.3640123635,12989.5357030822,9847.78804135384,7397.34289861923,6778.47539628134,1400
15221.204138593,13886.0692713913,10530.5545369417,7913.19991718657,7251.21919927491,1500
16194.7174555207,14778.5058331031,11209.6206217378,8427.40810447421,7724.64563177297,1600
17163.2940250907,15666.5804024547,11886.2172538438,8939.97138456628,8196.86206582534,1700
18127.5715440664,16549.7776472273,12560.3645116404,9450.89367325873,8667.84893417943,1800
19086.8048113096,17428.7042842817,13231.7870019763,9960.1788780758,9136.60220723244,1900
20041.0524509112,18303.4660517586,13899.9859318851,10467.8308982863,9604.37443610495,2000
20990.4003265428,19174.0775383355,14566.3139805843,10973.8536249202,10071.2259019277,2100
21934.8669965871,20040.5532874283,15229.7603166267,11478.9987562774,10536.8228586046,2200
22874.4709571983,20902.9044455573,15890.3471972866,11982.672826718,11000.4410877198,2300
23809.2306424968,21760.9181725697,16548.5504651191,12483.3657153183,11460.6017895307,2400
24739.1644247646,22612.8380098189,17202.649765192,12982.1813077535,11921.6229055067,2500
25664.2906146389,23463.3358153008,17854.3765825231,13479.0439770605,12381.4871352267,2600
26584.6274613058,24309.8074063992,18503.5971994012,13975.1979721246,12840.0678600382,2700
27500.4366048571,25149.0628937471,19150.0082195288,14469.7815333672,13297.3677387295,2800
28413.2786193235,25983.0020696229,19793.7957012615,14964.5692752712,13753.3894251995,2900
29318.0493574002,26814.4934414271,20434.6179761696,15455.3854809836,14208.1355684669,3000
30218.8421887487,27645.5076333188,21074.228269655,15944.5638616809,14661.6088126781,3100
31115.7211414458,28471.6008847358,21708.7548142401,16432.1084496355,15113.8117971157,3200
32007.9306869196,29290.6175853268,22343.7583356044,16918.5603131949,15564.747156207,3300
32895.4017725404,30105.5237637777,22974.71567765,17403.5768777141,16014.4175195324,3400
33778.0781629149,30919.2492059621,23603.0800621307,17888.4581796086,16461.9619417987,3500
34658.5442762013,31732.0254196242,24230.2695950132,18370.7817184977,16907.7441191101,3600
35535.2703845121,32537.4914997562,24854.9321341713,18850.3814702463,17351.3543914317,3700
36402.9822435662,33342.3769633154,25476.4444215985,19328.3730448748,17792.7255367389,3800
37272.3705539734,34143.1064304093,26096.3855031719,19804.8280462111,18232.6888238631,3900
38139.7227244261,34939.1416821103,26711.6487902885,20280.2792820913,18671.2475635265,4000
38996.6645536166,35731.6798867407,27324.2020898853,20754.1651350058,19108.4050595488,4100
39846.3623628372,36520.9892197873,27934.1750207464,21226.4893865016,19544.1646088614,4200
40691.4934400923,37306.3850103415,28543.3977625778,21697.2558100489,19978.5295015205,4300
41532.0755017634,38088.2858826299,29150.6000695092,22165.8808315789,20411.1824687698,4400
42368.1262036912,38864.4189045605,29755.3421708675,22631.0573766301,20842.2730101312,4500
43199.6631413687,39634.2131284182,30354.9344140217,23098.9042866505,21270.787953091,4600
44026.7038501337,40402.2689035759,30951.6041143425,23558.0399582308,21696.3565506064,4700
44848.8791298073,41166.5642696319,31545.781547051,24019.3846092404,22120.4212737264,4800
45666.4861703724,41927.1086254807,32139.3643789224,24479.6017683538,22542.9859982184,4900
46479.6319039095,42682.6814565828,32730.4788657328,24938.3762800494,22965.3220067928,5000
47289.2807718459,43433.1506060574,33319.1324536925,25395.9095824317,23392.4116279716,5100
48100.012094709,44183.6472847977,33906.638756892,25851.894027677,23818.2831162349,5200
48906.5493350823,44929.2355683471,34491.4232301567,26306.3334360469,24240.6948408744,5300
49710.3575308722,45671.0474002211,35072.9904956286,26760.4301703766,24659.4920169923,5400
50511.8603931831,46409.1862305348,35653.105310791,27213.7751921868,25077.0132907493,5500
51309.3188871503,47143.6650845791,36232.0241309648,27665.6515999348,25493.1735673999,5600
52102.5812529036,47874.4969470335,36805.9336028734,28116.0628566233,25907.976076661,5700
52879.7590007528,48601.6947620842,37377.7453582681,28565.012418047,26321.7556193175,5800
53662.2141203495,49325.2714335421,37948.1404070104,29012.5037328069,26738.1876187601,5900
54440.6032853963,50044.5163947537,38513.0781837478,29458.5402423239,27153.4052568454,6000
55214.941519323,50759.9430466643,39074.5491337667,29903.4963112022,27567.4111151396,6100
55985.2437968328,51465.9410236342,39638.052501098,30347.3702246701,27980.2077703609,6200
56751.5250440496,52171.6822107902,40197.8882311174,30786.8913433992,28391.7977943876,6300
57513.4539930871,52879.58519656,40754.0849467569,31227.2708166431,28802.1974164464,6400
58271.1453746227,53584.0083067254,41305.775367521,31669.0258627493,29211.8064441366,6500
59028.4985085324,54284.9636863922,41858.2686321484,32105.3089416525,29620.2283590057,6600
59775.322799178,54982.0370753013,42409.587958711,32539.6143442804,30027.4656606202,6700
60522.0914424029,55673.6550425757,42958.8931617147,32967.4982417124,30433.5208439026,6800
61264.9373027166,56361.7812707198,43506.0173440404,33391.6899073409,30837.252411485,6900
62002.8756734945,57046.4282087937,44050.8553185633,33814.2358539972,31235.2255030699,7000
62736.7468387369,57726.6316193877,44593.4139000393,34235.1406556226,31635.1807258905,7100
63466.7116693592,58390.8464281161,45133.6998853805,34654.4088749777,32039.3024430349,7200
64187.2009160767,59048.5229769232,45671.7200536986,35074.1749357077,32442.3273581136,7300
64898.3272113797,59711.2894442235,46209.0394600639,35499.1626437004,32843.5601882522,7400
65605.3494323434,60377.2278021648,46740.9899669728,35928.4595589192,33241.3945054216,7500
66321.5771159585,61039.7396913349,47272.2531815425,36348.281004164,33638.0666494528,7600
67034.9095036579,61698.2843875257,47801.2775184027,36763.3588881922,34033.5790733359,7700
67744.4865135845,62353.4033698095,48328.0696683145,37176.9053618828,34427.9342254991,7800
68437.5296430208,63005.1209364074,48851.6927013919,37589.2492353191,34816.5433243288,7900
69126.3755095832,63653.4494145291,49371.3133192781,38007.2204726847,35204.0229703436,8000
69811.2452685908,64298.3404677176,49891.2683274043,38426.3361519001,35598.198900041,8100
70492.1547705843,64939.465919324,50412.3352703077,38833.9629612565,35983.320057084,8200
71169.1198109757,65578.6954179552,50933.7341248981,39250.4426508265,36365.7665780662,8300
71842.1561302275,66218.9906049791,51448.6132629375,39665.5397320878,36746.9429871674,8400
72510.709266899,66848.1198638809,51959.4505258909,40071.649095,37126.8522999569,8500
73175.2988955106,67478.4988854293,52466.4368418774,40478.0966827657,37505.4975257114,8600
73835.9951754357,68104.4496833023,52970.1391215969,40880.626486248,37883.1476731399,8700
74492.8137250932,68722.0125404514,53470.4752088729,41281.7044306754,38265.993118173,8800
75145.7701083481,69341.2010216222,53974.3893953327,41681.334233539,38649.3995632432,8900
75794.8798346884,69957.1354558917,54473.8354654585,42079.5196039775,39031.7194045234,9000
76440.0430306566,70568.5119784151,54969.9145521243,42476.3142951882,39411.1481332307,9100
77081.2890480954,71166.7128572485,55465.8924724886,42874.4071331407,39783.0883589201,9200
77718.7310450004,71770.2959419675,55953.9890224303,43273.3566589705,40153.794118589,9300
78352.3843467773,72374.4286782301,56446.8265615671,43664.6764520972,40523.2683252999,9400
78982.2642251634,72968.0783293094,56935.6941333617,44058.9618296111,40891.5138860816,9500
79608.3858984023,73568.0408277324,57421.5438776823,44453.2016218473,41256.7257457607,9600
80230.7645314181,74164.6784354208,57903.4316692848,44845.2314159255,41620.1472576016,9700
80849.415235989,74740.3927173122,58382.3356068602,45235.3078172066,41982.3394689281,9800
81464.3530709202,75329.9603309592,58859.8151342989,45624.5778760215,42343.3150417569,9900
82097.3777299137,75924.6518142756,59337.0929961282,46013.4968462614,42703.3455814711,10000
82730.0980569421,76505.1451971181,59816.7302100902,46405.1200253937,43062.1307989568,10100
83359.5226705658,77090.03171656,60293.2800083689,46791.0270516452,43420.6163126502,10200
83985.6632861913,77656.9397389073,60766.9305755489,47170.3794889488,43785.9224323831,10300
84589.1810854537,78228.8791078609,61238.5009733713,47552.4365969993,44150.3153528679,10400
85182.9421396322,78796.999575246,61706.7905110317,47933.3548634267,44508.8714259286,10500
85772.8501936024,79368.8370628857,62168.0782106864,48313.2437334042,44865.4805491403,10600
86381.5355448979,79931.6593023624,62631.0400160456,48693.1040265895,45227.8548462301,10700
86987.3186753743,80493.0322416826,63092.2747665931,49077.8724115859,45577.2918383869,10800
87589.4528206778,81049.0653905325,63547.1212162826,49463.6962764986,45939.6439817921,10900
88165.0122077699,81603.2531187602,64005.7097632308,49848.3574992382,46301.1881419316,11000
88729.4499462219,82149.8204694288,64466.5355957518,50226.2354376434,46661.7211322487,11100
89290.2537464414,82689.4774526264,64922.217205757,50600.168801751,47021.2449662636,11200
89847.4389689579,83239.3434204104,65374.0214930876,50972.8222509956,47379.7616539699,11300
90401.0209182319,83781.9051114855,65823.8146447403,51344.1988549404,47728.5775663175,11400
90951.0148428443,84314.6624423226,66269.2226956636,51711.0718904281,48075.4324321819,11500
91506.656979889,84844.3915975444,66705.0692616768,52074.2823832437,48421.146367814,11600
92070.6532944819,85371.1040168279,67148.2265124515,52436.6843395745,48765.7220052523,11700
92631.3584743669,85894.8111024442,67587.2111664735,52798.2352353117,49109.1619712211,11800
93188.7852091039,86415.5242193717,68028.3541975372,53157.3757879556,49448.0610564243,11900
93742.9461459521,86933.1504311741,68462.2616302543,53514.3316120073,49781.406064035,12000
94293.8538899996,87449.6360971166,68893.6931371688,53870.0414616166,50113.517943065,12100
94841.5210042947,87968.5010076982,69323.3576357055,54224.4118672208,50444.5691473295,12200
95385.9600099757,88475.0779279428,69756.9866435818,54578.1111906626,50774.5249229323,12300
95927.1833864004,88973.1664845326,70185.5798855941,54934.2782564699,51103.2610052187,12400
96465.2035712756,89475.73765799,70615.5908794477,55300.6841347202,51430.7805135928,12500
96995.1408997599,89989.6084699967,71040.2443830699,55658.5740857091,51757.0865604929,12600
97517.8844624566,90499.8986037416,71456.014053512,55998.3712796889,52082.1822514055,12700
98036.8197328984,91006.7194436694,71874.4991517433,56351.8097914176,52416.692856155,12800
98552.3555291137,91495.8414343338,72291.0226239482,56704.1667758933,52748.3328674007,12900
99064.648920497,91978.0711515755,72705.5906478546,57056.6418074668,53068.4234999515,13000
99573.7380034287,92463.1362369733,73123.2628196134,57409.9794227508,53387.0764022058,13100
100080.153395569,92950.1249556639,73540.6392814966,57753.8086708837,53704.5130447309,13200
100583.371337442,93449.6912696429,73953.0724654802,58100.5010909322,54021.0802172297,13300
101083.404761268,93939.409574918,74362.4009972416,58439.8533744362,54336.2170373923,13400
101580.266554311,94416.1131168348,74772.8023199118,58789.7555725683,54650.524859258,13500
102073.614294596,94887.6633115848,75180.9101820247,59130.0110569622,54968.0311041503,13600
102563.259613738,95353.4104953412,75579.8781354491,59466.040550577,55280.3420510399,13700
103049.763086055,95815.5103534927,75978.3141244028,59803.6966969726,55604.5390506457,13800
103533.137503833,96297.0193458871,76380.0515556331,60138.65186907,55924.136538846,13900
104005.179838815,96777.4554981158,76781.7202057572,60479.2020105493,56239.7069262127,14000
104472.838924647,97248.587863765,77181.5634020883,60813.5529340326,56554.1725030645,14100
104937.322351732,97706.6148075411,77579.5866824541,61144.3902838251,56867.817368705,14200
105398.64358084,98161.3302090985,77975.7955701179,61476.7119151257,57180.9656301406,14300
105874.931768053,98616.4932982503,78362.3280677641,61808.5701087638,57493.0602188075,14400
106362.60722032,99077.8451988905,78743.5127684122,62140.4058913317,57804.0705733327,14500
106834.614267051,99539.3303616329,79123.1449151463,62471.4640180595,58116.4821793957,14600
107295.159264167,99998.8724918428,79508.9907198725,62804.4928456966,58435.5011289959,14700
107758.64273232,100455.741553637,79888.22245856,63128.0266863798,58753.5523093765,14800
108234.564719714,100909.04341183,80271.5618879922,63453.8154837918,59070.6377548672,14900
108685.014668864,101350.271904139,80651.257932667,63776.3927069535,59386.759496062,15000
109124.952189239,101800.690680957,81028.6914301738,64093.9121268352,59702.5305402812,15100
109561.86564884,102246.734631913,81405.263115839,64422.4164290214,60017.3613755853,15200
109995.767813061,102685.04881084,81782.4574979099,64744.1598948941,60331.2410139932,15300
110444.879446444,103113.521076891,82151.734713417,65068.0771893216,60644.1714397498,15400
110900.551961685,103531.134578398,82525.8884490771,65390.9843325344,60939.4581255431,15500
111353.469747862,103952.305330425,82894.4734198748,65712.4175108037,61227.6031797941,15600
111803.643249841,104375.630442053,83260.0074091595,66026.9660353634,61535.640274009,15700
112251.08287856,104799.702377393,83622.9706039935,66336.9066000119,61844.4823681648,15800
112687.520194756,105221.274872163,83996.3233595088,66651.2413127302,62152.3850731039,15900
113103.162250137,105640.364609327,84356.0931979545,66964.8165794377,62459.3503597274,16000
113515.903352178,106050.674951,84710.1980931333,67277.2424921511,62765.1119060473,16100
113943.546040735,106473.590477315,85063.1954309732,67591.7725466773,63056.4945843812,16200
114373.496805779,106887.983112062,85413.0525803434,67904.1440672382,63347.3721963977,16300
114800.749064522,107284.043432069,85769.3802063548,68213.0559837219,63637.4491799852,16400
115225.313244676,107693.286166466,86123.9921747569,68522.906399053,63926.477642177,16500
115635.279843851,108080.319515639,86476.893824728,68831.8870792349,64214.4601331563,16600
116034.388674664,108464.42577262,86830.3333657077,69139.8890461634,64500.7330629565,16700
116435.350386866,108860.18478578,87183.4202047959,69446.7790287491,64784.0816429279,16800
116830.484486602,109253.516770297,87534.44116648,69752.9125972937,65066.4438667109,16900
117222.594678533,109644.430874042,87880.2833772321,70060.2730371509,65353.6033626455,17000
117602.016378332,110032.93621546,88213.6762655006,70360.8039886291,65635.4863860768,17100
117977.584046377,110431.99350881,88554.1220876042,70663.2729237537,65915.6768043784,17200
118350.350547934,110836.043595733,88898.0686225226,70964.9318012312,66200.7756291135,17300
118720.328052778,111237.480153904,89246.4075613516,71266.3535799151,66479.9221156568,17400
119087.528685958,111635.838389417,89582.2952853476,71566.6917552688,66758.040615966,17500
119451.964527945,112013.445910583,89917.8995529727,71865.9489301581,67035.1336517577,17600
119821.80782308,112376.883425803,90255.6548390176,72157.7546871438,67311.2037393925,17700
120213.675642045,112737.24086389,90582.2418722477,72453.4477552798,67586.2533898849,17800
120603.018675874,113110.368717564,90903.3169626711,72748.4014634968,67860.2851089141,17900
120989.846680731,113476.048355002,91223.4546263882,73039.803386961,68133.3013968347,18000
121363.994387643,113839.81638463,91544.6941335763,73327.7639546134,68397.3854830117,18100
121725.584392193,114192.472940782,91870.4672764329,73614.3020838672,68657.2498152433,18200
122084.566115331,114540.486082998,92193.5980201499,73899.7288479444,68925.0353810691,18300
122440.950448269,114889.615915555,92509.0532424031,74184.047080818,69204.0608334481,18400
122794.748243776,115236.957850196,92826.9774035356,74465.3795778296,69483.3762582433,18500
123161.225280481,115568.282494385,93150.8851598156,74732.5509790519,69760.5400900275,18600
123529.988397684,115910.700623871,93461.60537693,75009.8144156702,70036.9992712078,18700
123895.387013053,116243.059660162,93772.7628760107,75292.2630094992,70312.5433656278,18800
124258.350903105,116584.757042277,94082.8736990409,75562.3146251692,70587.1744009651,18900
124618.88958059,116946.286446928,94393.3774989514,75849.3728811578,70861.2582057316,19000
124977.012526776,117281.930403107,94703.7135985634,76134.8931137697,71134.4933821827,19100
125319.160838795,117629.601713276,95014.9978524512,76413.6561852764,71399.168429762,19200
125650.682256437,117969.629633695,95313.900146483,76691.3594886438,71661.8565229711,19300
125979.698721084,118307.464924332,95622.9068848374,76968.0056594163,71923.5801748375,19400
126305.730157658,118647.577405758,95935.3329862008,77243.3241411039,72184.3337465466,19500
126642.685288762,118984.411173393,96246.5615890254,77515.1725897051,72428.9675037779,19600
126979.616370883,119316.968344706,96552.0475447848,77785.9528951612,72690.8854064359,19700
127314.852055698,119647.37259504,96847.1159377617,78055.6677804408,72955.2092955359,19800
127648.422391373,119972.393858839,97140.6085379581,78324.3199625319,73217.1521560429,19900
127980.266169432,120274.813512123,97439.9889737508,78591.9121524541,73473.3416827979,20000
128309.764875828,120592.177025374,97736.7737325631,78853.6306533542,73737.6017635267,20100
128636.927897568,120914.497033136,98034.5659236643,79116.2965602712,73990.5289962027,20200
128967.272376102,121232.506147317,98325.9620681533,79382.1525150944,74246.7210713404,20300
129304.364117596,121548.402314179,98615.0657362427,79647.8824112824,74490.5151207824,20400
129638.923427066,121864.418423882,98901.0034236889,79915.5131645077,74739.0314287131,20500
129943.977729059,122178.953833748,99190.5183453381,80183.5720570342,74987.363726509,20600
130246.390485365,122491.414547517,99476.7727069011,80442.1676740543,75236.282125105,20700
130546.460299945,122801.052162028,99753.6142582913,80697.9253966948,75484.2651298473,20800
130846.148122128,123111.051211055,100037.942464949,80957.7169342332,75731.4359706682,20900
131158.43568117,123421.116888577,100320.496383293,81216.7648632345,75983.2609444034,21000
131468.487364594,123724.121203195,100596.984083104,81492.2025000176,76239.6386716356,21100
131772.480870906,124038.355800278,100884.371889846,81758.0790394964,76495.3635779698,21200
132074.062712415,124327.243814102,101159.276513838,82005.6056531884,76750.3087825992,21300
132373.417007497,124616.568273219,101447.304446652,82248.1738674652,77004.5458696429,21400
132670.552762162,124912.463061565,101727.67142346,82504.560963481,77258.0359557596,21500
132965.478951898,125206.351770535,101999.999634039,82760.7861748209,77510.6836541741,21600
133258.204521765,125506.451234254,102267.508522486,83013.3226752752,77762.8063998036,21700
133547.620513396,125815.344146349,102538.452915994,83267.8751028798,78014.1565268225,21800
133826.222016894,126085.665682588,102806.317988219,83521.7593551372,78264.6722269041,21900
134094.447576914,126367.90809255,103075.874161356,83769.4288245073,78501.0382652423,22000
134360.112007741,126663.035942313,103344.15205511,84015.9186945999,78753.0008643754,22100
134623.231382717,126935.341525688,103604.590001474,84266.9587022108,79005.668388958,22200
134897.452277928,127205.651413961,103862.806927998,84520.1618108781,79255.7845540636,22300
135175.502548212,127477.533563675,104122.503015975,84770.2427181308,79501.758990392,22400
135442.493206857,127743.276176486,104378.993967021,85020.2560494523,79719.1459650062,22500
135694.970074545,128003.629481275,104631.16125528,85269.9370994092,79938.1372667594,22600
135944.812255878,128254.038796648,104886.538956107,85518.1595945427,80180.18803364,22700
136192.47139584,128518.047430509,105150.219874045,85762.3874069023,80420.0029231051,22800
136437.957072105,128769.87675997,105402.647112725,86005.4553427023,80658.7253049167,22900
136681.278827517,129025.557661164,105668.27804255,86248.3742109552,80897.8318091199,23000
136922.446170205,129287.750108696,105929.003221756,86487.4475971781,81136.2417366859,23100
137161.468573704,129552.155872086,106183.981984392,86720.8767718669,81373.8313907779,23200
137398.355477061,129802.992828561,106437.597092419,86966.0166602249,81610.8633351113,23300
137633.116284958,130062.301118323,106685.083774751,87203.4782896524,81847.0780863789,23400
137870.277005661,130331.413987737,106934.030630467,87439.1941431171,82082.4774599328,23500
138163.29163831,130586.80516711,107176.179162851,87665.5246449604,82317.0632676548,23600
138441.880208495,130830.903748849,107421.049594687,87902.2069594054,82550.8373179629,23700
138677.371406545,131087.346413037,107661.601008486,88139.8208923647,82778.4716048465,23800
138909.642422949,131345.442807851,107895.145808808,88372.2071335525,82994.6567681542,23900
139139.866572734,131601.743438357,108135.750241597,88606.4113340331,83216.6202760308,24000
139373.669400698,131856.255014432,108373.96731321,88846.9648146197,83434.7210538886,24100
139598.934382823,132107.293679969,108615.970895868,89081.6296020461,83650.1152147891,24200
139825.129576853,132353.408049075,108854.417503765,89309.7250055117,83865.1216277881,24300
140058.916367799,132597.231345992,109088.02507321,89535.6258526691,84082.6755356071,24400
140303.037394655,132814.405930864,109318.841899812,89765.1443642705,84307.3247895889,24500
140545.242820601,133044.780063506,109536.846543793,89999.0525394611,84531.1660502732,24600
140785.540293097,133299.994877231,109767.301892367,90212.8514467482,84754.2011610448,24700
140994.822159688,133553.444381874,109997.186155563,90434.9450875557,84976.8486828905,24800
141220.382299662,133796.714306739,110213.654887672,90659.2389472671,85198.9682273573,24900
141473.911989747,134021.823700406,110436.530671312,90881.534453197,85420.2906207347,25000
141725.629300847,134224.24655278,110669.704967763,91107.4237928461,85640.817671995,25100
141934.534982653,134420.772278517,110889.779828401,91333.7912122227,85860.5511865901,25200
142140.643113648,134615.466074547,111112.166383716,91559.3237499267,86080.3034767793,25300
142358.355239014,134809.849384869,111334.882212773,91768.0520375509,86299.4797413765,25400
142536.696102884,135042.527558926,111547.754680792,91972.9414359936,86530.8924022697,25500
142740.557840025,135270.63473129,111769.338933373,92176.8708880125,86741.1758879431,25600
142992.459304427,135498.203757143,111976.486938845,92378.8883966724,86950.6436371855,25700
143254.476694142,135727.749743468,112195.739716991,92580.9630726731,87163.7520217781,25800
143466.850055366,135916.51057873,112404.63851989,92788.9721873313,87377.5829875962,25900
143648.405561029,136131.525195356,112610.541513851,92997.1926102102,87590.6327859099,26000
143848.96855817,136350.56608895,112829.58037603,93204.7785610245,87802.9032016946,26100
144065.115904314,136567.954650258,113044.789419315,93412.2810369431,88001.7456196046,26200
144279.486157123,136781.579055939,113250.354310439,93626.5027960202,88201.2001191604,26300
144490.869344898,136991.789894742,113456.630311229,93836.3318025258,88411.9991024318,26400
144676.687709941,137200.355858459,113658.77126962,94039.3565866818,88622.4510195888,26500
144843.731793908,137409.665694181,113858.781752665,94245.4478555601,88832.1389399613,26600
145007.610853136,137613.917599735,114069.684142892,94452.2429200628,89041.0645926787,26700
145169.388849151,137792.350094576,114261.426885774,94657.1956220972,89249.2297035224,26800
145329.323954217,137969.794394036,114474.401856872,94863.2947988955,89456.6359949318,26900
145487.424714664,138166.38750126,114666.767663822,95061.6417680873,89663.28518601,27000
145673.476190918,138367.755981842,114867.382375539,95255.3592237562,89836.814425605,27100
145881.821091011,138551.473210088,115066.467978817,95437.7296363689,90003.6499930615,27200
146088.489959167,138721.453988419,115261.203882345,95626.6733999711,90186.436346409,27300
146276.547613856,138919.122924807,115458.420839785,95833.0734250552,90381.9570479249,27400
146438.608604466,139081.261839896,115648.155496945,96045.9177959848,90577.213154928,27500
146598.352201717,139241.749843788,115833.91314123,96254.6103907067,90772.4135953715,27600
146755.997500711,139406.718476243,116023.693698664,96436.9846223217,90966.5760292534,27700
146913.924534104,139593.03311342,116213.963509836,96618.5004145834,91156.834033457,27800
147069.947529998,139777.350960057,116402.828395526,96802.1401173021,91343.0108717018,27900
147224.244982724,139956.215625461,116578.996718893,96997.5674165775,91525.9064258599,28000
147376.824615359,140142.737167261,116770.332064623,97204.7690190865,91720.4577081492,28100
147527.694122967,140332.269366859,116970.766147695,97400.5977952765,91914.6535174262,28200
147676.861172691,140506.656983215,117155.299266794,97587.6767377261,92106.4357990011,28300
147824.333403846,140691.918483317,117332.645403495,97773.8943700347,92294.7001760532,28400
147970.118428008,140872.752104008,117513.825074041,97970.0284386572,92478.7142114049,28500
148113.279124535,141039.360009578,117685.90222108,98152.5587222515,92668.4695285295,28600
148254.014254649,141218.299588092,117853.339739767,98356.1388394444,92853.6679597154,28700
148413.271171215,141394.763111247,118029.132505571,98509.3569330842,93039.1424670295,28800
148581.823714529,141552.368619552,118200.247443666,98682.3823580336,93237.5895302399,28900
148748.787378607,141699.817499868,118386.107095954,98860.1673832402,93436.0597737353,29000
148888.230780954,141852.6314853,118557.184434181,99027.4066787602,93628.4321759831,29100
149009.747383059,142005.421560397,118731.920504938,99210.6353068999,93807.3210245873,29200
149127.168104959,142144.277044147,118915.132413078,99393.8087042915,93991.9752071843,29300
149246.87140651,142281.611378581,119080.360018635,99573.5347020416,94172.3826984328,29400
149402.437065717,142442.44395966,119242.289039394,99749.2346278078,94335.8793582382,29500
149511.718468185,142604.518078423,119400.82066187,99924.0963535992,94510.9738730563,29600
149661.082628764,142765.147295409,119569.550952972,100099.653270176,94685.3126866758,29700
149818.66724703,142922.047833308,119727.798613729,100280.118070503,94858.8977003374,29800
149974.729416307,143045.066063414,119883.408573617,100458.564738581,95031.730811235,29900
150129.275324358,143174.736032505,120048.590775474,100643.924739374,95200.0431228348,30000
150249.797576431,143294.867851635,120220.585167468,100818.821203017,95375.1488933267,30100
150364.538406542,143435.524754518,120387.100069764,100997.363770814,95547.1349641225,30200
150477.716939917,143591.050363168,120550.350372198,101172.005932477,95725.1735349933,30300
150597.959126841,143743.178229415,120720.018798807,101343.819554817,95893.4971135338,30400
150708.806099881,143875.657405646,120878.231782749,101508.192097885,96065.2327003241,30500
150842.79839694,144020.527996728,121057.198875237,101688.221836222,96236.3745385416,30600
150988.090932476,144181.326536935,121224.277184085,101862.220624367,96406.872177446,30700
151132.784827743,144315.590677971,121377.399815631,102025.24054093,96561.6588090104,30800
151273.934282841,144447.007365622,121516.480343927,102174.77894227,96717.3720281769,30900
151368.678483811,144572.861365784,121669.802631909,102329.929143238,96881.1345947481,31000
151458.12612145,144688.984331407,121831.224392441,102515.147881376,97044.784383802,31100
151571.098650068,144823.766396527,121973.643380958,102699.640462096,97208.4748757941,31200
151694.251347411,144974.875320973,122129.887510824,102870.755744425,97375.6774462326,31300
151815.95453435,145112.782662001,122278.091203842,103030.8941617,97549.9814856887,31400
151936.214425007,145222.579854231,122419.12165389,103184.39231517,97723.6064577911,31500
152051.129358413,145338.393865072,122557.997097385,103337.37255537,97860.6922707394,31600
152152.797487636,145470.604571759,122694.424577616,103503.834456055,98011.8846178661,31700
152261.483147753,145592.125160544,122850.987150101,103675.072398769,98171.1211342224,31800
152361.152393377,145722.695085667,122998.530895016,103839.290955773,98329.8263238751,31900
152459.121483006,145830.242776631,123133.145905178,103996.482180264,98500.5858297252,32000
152555.663764117,145905.939406176,123293.29277739,104158.349877553,98671.0351365361,32100
152660.139881025,145983.18008388,123430.655470287,104315.486201987,98824.4750517659,32200
152747.95249708,146116.357768447,123560.37987309,104486.860803609,98964.3495695694,32300
152837.060107391,146227.389907037,123713.48448651,104633.807158862,99108.5079660688,32400
152923.315426099,146334.592172975,123858.081443908,104794.600494918,99261.208656147,32500
153018.636474547,146463.813913029,123990.463245104,104931.760540212,99405.0063697333,32600
153136.229719648,146558.018896931,124130.190694779,105080.539372428,99547.9438473437,32700
153220.660233552,146648.374355351,124263.320656051,105230.54461591,99690.1546138276,32800
153287.268983429,146750.154819335,124394.525455712,105386.702214416,99832.1170500224,32900
153384.730622617,146844.193359728,124524.821920888,105523.256683909,99974.1271849858,33000
153518.899130437,146934.687933187,124656.582945359,105668.46112794,100115.928127072,33100
153604.578316007,147026.225275323,124791.856975551,105806.81117138,100257.015367237,33200
153752.082268915,147100.339307953,124906.743114263,105944.381223022,100409.476363395,33300
153855.582791656,147209.371979028,125029.151169541,106087.549171051,100564.770422775,33400
153931.788896774,147316.483046761,125147.984791108,106230.657822632,100703.404538428,33500
154006.660508734,147416.882449405,125280.432233653,106386.647611257,100841.331197363,33600
154072.301813991,147526.536314858,125431.042555885,106533.55537908,100979.545636399,33700
154130.372336871,147620.007136832,125561.381142668,106679.726664646,101130.695290741,33800
154215.464564264,147711.54550628,125676.901079626,106825.163439159,101293.777073753,33900
154297.44416702,147800.12985068,125805.357337802,106969.867669413,101456.239382625,34000
154374.972075959,147887.210476313,125923.960023875,107112.619016306,101618.083589118,34100
154479.387692113,147972.740566394,126036.224629863,107250.52845161,101764.330591979,34200
154529.086456745,148057.713309301,126147.022420576,107380.484868747,101891.314462494,34300
154618.408091152,148135.557904724,126266.641710809,107516.895282979,102011.725601559,34400
154713.127433127,148225.768961038,126376.368277974,107643.618627552,102150.316699198,34500
154808.913267662,148307.272791579,126485.638624417,107769.585898235,102310.684914513,34600
154909.098104884,148387.732962308,126591.232956422,107894.799324672,102429.659321756,34700
155007.058745748,148456.205742243,126724.278866857,108022.152385391,102549.084807041,34800
155103.800946395,148527.917136942,126842.871873711,108158.53396217,102677.928091453,34900
155199.32968219,148623.54451891,126949.707031289,108295.657967918,102803.687674076,35000
155293.649912296,148721.823368216,127055.688960368,108424.312316121,102956.735507534,35100
155386.766579722,148779.557205774,127146.008059637,108565.357992223,103110.028982571,35200
155462.925681789,148852.955352068,127250.777590234,108677.542140918,103256.402502637,35300
155507.737782179,148928.130788679,127363.709607588,108806.568983137,103365.809120756,35400
155567.408825655,149008.930212025,127463.366562333,108945.76885731,103490.87472661,35500
155623.845038688,149084.956263453,127565.890028801,109080.788333996,103647.842248764,35600
155678.993035796,149154.086804609,127663.394239696,109234.007878276,103804.228950958,35700
155731.208908731,149205.553445581,127763.870761005,109363.377423846,103903.671333193,35800
155781.987314327,149285.018654836,127873.76181148,109478.059670721,104040.814581547,35900
155852.732631104,149386.168641481,127980.38953452,109605.183297495,104190.489480052,36000
155908.598566183,149428.119991963,128084.592898317,109725.019741324,104334.233262904,36100
155984.884547411,149488.790780651,128179.42748935,109853.410088529,104452.529816427,36200
156031.776970097,149579.215642862,128267.239197063,109966.128731513,104581.619603391,36300
156087.924238905,149667.648675822,128379.079758467,110091.024639983,104685.158753467,36400
156157.365713471,149722.888486395,128462.293720706,110208.201831376,104790.457136246,36500
156219.410255613,149781.431791103,128569.316915209,110317.827597484,104904.100813299,36600
156277.621349012,149844.850080914,128671.399531436,110427.360075943,105034.57976828,36700
156326.294622988,149921.306796098,128761.428393752,110538.428130962,105165.856902539,36800
156392.457312202,149971.084090866,128856.356085065,110657.881054091,105295.943998012,36900
156489.575140784,150021.781862733,128939.662515685,110775.803670149,105425.417741289,37000
156567.877243042,150076.566730711,129016.207629379,110891.054999637,105557.982517838,37100
156561.424201959,150123.460269724,129092.445529272,110989.404012458,105695.806571946,37200
156623.602341692,150160.626660131,129198.878485533,111087.237190418,105841.53908164,37300
156652.958461236,150214.533569904,129293.303444262,111175.597837871,105967.89884558,37400
156673.722130497,150271.753499358,129377.736776475,111280.430094379,106084.710420657,37500
156753.516520995,150334.973214956,129456.668361522,111377.157645356,106208.330396959,37600
156800.713001648,150401.163714443,129555.34220561,111473.449338101,106343.039249707,37700
156829.042693385,150490.332079462,129652.908937183,111579.254491381,106460.419670209,37800
156870.718959783,150519.190625909,129724.6566453,111682.488608451,106575.748520134,37900
156886.822047261,150552.836997095,129810.372241874,111783.299849546,106713.022629094,38000
156911.532436768,150611.254592356,129901.078494137,111882.400247617,106855.964939966,38100
156916.032258717,150663.643508038,130010.164291973,111987.673656359,106982.519177347,38200
156928.271925866,150703.557659988,130095.166078772,112096.704357393,107092.326747251,38300
156978.116956618,150754.565246016,130176.517035613,112191.940707516,107196.396561518,38400
157024.785666909,150804.954837498,130236.510566853,112306.089278678,107299.839968204,38500
157064.364798187,150859.299448461,130316.86400282,112398.027552206,107420.062064678,38600
157117.536799049,150898.062271428,130411.62338971,112496.278464996,107555.693526474,38700
157140.224156962,150956.856062554,130488.343653402,112616.500482263,107678.587570672,38800
157156.776479066,151003.983085347,130554.952620764,112746.044543671,107769.122011409,38900
157173.718811966,151034.096586397,130621.656778765,112862.781892347,107898.883378983,39000
157212.395621374,151093.157100617,130687.992668292,112981.525527215,108028.090815615,39100
157204.313726489,151135.756012058,130766.199991101,113088.332241476,108116.712069544,39200
157207.109053544,151176.131616212,130840.607179948,113196.143827127,108231.07992591,39300
157217.136862174,151207.959711492,130912.981045702,113287.192375365,108346.449390576,39400
157239.732147886,151244.660849741,130985.172453635,113406.915136079,108461.243173114,39500
157240.445603801,151295.854690707,131060.766162089,113508.2886562,108580.99707633,39600
157241.167016803,151337.711719348,131143.49492785,113583.624147811,108702.097917913,39700
157242.096617545,151372.055485612,131208.894475557,113671.812632356,108815.128682361,39800
157241.204229341,151414.027334952,131287.833888139,113760.874199874,108912.886501972,39900
157238.42111574,151442.533934646,131352.56209897,113870.696709666,109023.412421676,40000
157235.722428084,151451.898986616,131420.954360791,113976.500935614,109135.478490111,40100
157231.448890992,151472.057045961,131475.801253293,114083.4776441,109245.453542366,40200
157226.819439981,151473.9221192,131543.066240937,114191.620401264,109355.776917227,40300
157228.785555756,151479.610600184,131597.365885507,114294.453118199,109496.394577999,40400
157264.585808286,151483.101183839,131666.906325727,114391.829754657,109587.11672573,40500
157265.155996215,151497.563246311,131726.060687586,114490.192671057,109687.490796107,40600
157263.839022053,151525.608195106,131770.586266863,114581.658188765,109775.370523032,40700
157265.847145576,151547.321789319,131831.326699785,114675.376211075,109861.832468622,40800
157254.732472942,151570.284740185,131901.859622076,114767.531987349,109947.013544877,40900
157254.607258944,151577.512677459,131975.587423483,114841.669385685,110029.891408809,41000
157280.352496569,151580.21051953,132037.78163768,114928.807183614,110110.461345403,41100
157319.540128217,151602.888021827,132103.06714923,115037.370268319,110195.255329694,41200
157354.99922042,151617.683555881,132165.995891492,115128.86386688,110283.87802636,41300
157391.668055559,151645.121479891,132223.634309925,115207.144084011,110376.859775074,41400
157403.312171159,151670.213188908,132284.385381546,115311.081578029,110480.721049022,41500
157406.97404791,151666.183236653,132339.766648711,115403.850076514,110585.098799773,41600
157409.164837932,151698.645247654,132393.017998413,115476.985584122,110670.356034964,41700
157406.858232433,151706.826724242,132454.882422983,115571.513844016,110756.570506466,41800
157394.993090727,151719.219570297,132521.724359439,115653.056008531,110836.315699363,41900
157382.232440932,151715.557729048,132586.251758891,115743.511451396,110937.740181886,42000
157367.751033534,151707.656558309,132631.069742966,115825.28079234,111027.76723514,42100
157361.872929122,151729.36374354,132675.154403196,115918.759103647,111100.691170512,42200
157364.05756073,151719.467519837,132720.300381337,116008.223061331,111180.281964222,42300
157323.293374615,151706.826893856,132764.053797684,116093.882929073,111255.574673039,42400
157312.685898256,151728.354496555,132834.509276422,116138.607344953,111332.431632661,42500
157297.82560867,151741.909390443,132874.162391826,116221.45838047,111441.227255997,42600
157293.553526743,151754.270312415,132933.530218614,116285.056698199,111535.255075461,42700
157332.164260221,151752.78650669,132974.186965289,116361.14686237,111608.518550987,42800
157343.384246024,151760.129748576,133022.370694042,116459.483336648,111681.816215751,42900
157347.965866655,151778.547357161,133061.059606034,116552.660610872,111764.995575885,43000
157351.696664192,151798.650690786,133092.589154671,116615.954306055,111888.610841832,43100
157355.176209049,151835.638439651,133142.125051153,116681.41877422,111945.514272966,43200
157360.314641497,151832.241237691,133191.194699399,116745.329555396,111989.55483845,43300
157375.878005267,151837.869874241,133246.778333136,116825.821421502,112047.455114241,43400
157356.08992647,151844.888057309,133285.326743944,116906.76153202,112144.253452518,43500
157364.34483102,151844.415117084,133321.69184237,116972.576532352,112208.518243841,43600
157363.016211588,151822.166217739,133360.613498823,117040.164911417,112300.478779323,43700
157351.988002769,151795.117308201,133404.202546003,117108.422987383,112395.259831416,43800
157286.954388209,151792.192301223,133439.606693045,117184.083085921,112512.262816209,43900
157276.44903529,151806.859405165,133475.81765056,117239.614992269,112617.772480373,44000
157232.531358801,151808.710115379,133514.752665841,117324.001725874,112666.937797341,44100
157200.137529603,151795.013162119,133552.794625342,117393.700635981,112723.84132097,44200
157199.043542126,151828.516844819,133602.610096512,117474.654822067,112847.161697732,44300
157160.001269698,151835.371526465,133638.98052956,117557.285924436,112925.137907589,44400
157138.150416356,151839.595411968,133681.005907573,117636.849105082,113015.938912783,44500
157101.088926066,151843.052647791,133716.027514245,117688.619498202,113069.545501082,44600
157042.214801743,151831.186591199,133763.347677619,117738.272076255,113122.703368538,44700
157052.551705819,151824.215177546,133798.215221302,117807.084030595,113205.25866777,44800
157019.824019865,151800.412375808,133834.827506567,117865.121344858,113307.006433065,44900
157009.618153178,151776.208752998,133872.203216587,117931.7924955,113400.628788298,45000
156995.548297496,151793.294828765,133907.27750318,117980.636052693,113500.373514802,45100
156985.454132755,151755.471380347,133953.296302144,118047.69322984,113542.855490141,45200
157012.724431508,151711.545507,133975.118663438,118099.008719132,113648.830346228,45300
157014.990679028,151717.110550133,133990.11110704,118167.866282223,113736.416139077,45400
157017.593225895,151722.052240789,134018.156878271,118246.143815306,113797.156330152,45500
156982.087157105,151699.263926061,134035.908063388,118319.963572869,113857.379872594,45600
156967.994140537,151651.044300856,134054.214967413,118393.260354716,113914.89730015,45700
156924.004378017,151630.958411783,134096.320276541,118421.15887149,113975.664511132,45800
156906.569111602,151609.463053216,134132.930263626,118500.576119906,114061.485325235,45900
156839.014637293,151603.960143462,134170.868051054,118549.567846353,114116.594055405,46000
156808.215016463,151597.489847676,134193.249785124,118622.44817098,114140.53454217,46100
156754.461159338,151572.022454918,134212.902750659,118639.748855179,114195.054322389,46200
156772.026644633,151558.25282389,134228.811407059,118717.472417086,114249.252643237,46300
156721.040826456,151544.571178862,134241.570405421,118763.890581382,114301.905296308,46400
156658.238983198,151528.709065043,134254.00101091,118804.993645074,114339.355506353,46500
156608.952187057,151486.081282287,134272.102552026,118889.813458761,114407.604969323,46600
156582.333892369,151421.511182798,134279.33549786,118958.210141183,114486.28963486,46700
156543.531934158,151380.319952974,134306.384462103,118998.52750059,114533.264019681,46800
156469.927706899,151376.855254179,134320.622892547,119086.081817299,114609.809970111,46900
156454.57386656,151359.666800095,134359.835333168,119142.705122328,114732.528167564,47000
156424.134152891,151301.934252807,134380.190196683,119190.502282398,114805.303199178,47100
156382.573301512,151240.157094566,134395.366111305,119211.840112753,114862.046968933,47200
156370.886719523,151206.689908214,134413.667754708,119254.845439296,114912.109903534,47300
156334.487566692,151183.741303431,134428.784246762,119320.119706331,114989.982114073,47400
156251.139012455,151157.658918871,134452.140995331,119393.527087262,115066.640998699,47500
156167.572112352,151097.998725818,134476.911836199,119450.477898873,115080.37766339,47600
156107.796456805,151093.091193618,134496.589339241,119501.823259595,115131.955412365,47700
156044.825854697,151085.724647088,134520.234879631,119534.619964459,115186.468340826,47800
156022.209515907,151067.753638179,134522.830482013,119598.766070884,115272.061821019,47900
155998.822376004,151035.59907489,134537.445085223,119643.085068061,115331.91507841,48000
155942.904400275,150988.547446511,134544.134742331,119694.753511058,115373.190000148,48100
155915.506284122,150951.148639874,134555.617533839,119741.491441305,115440.738059441,48200
155887.628909549,150912.285554173,134584.76626345,119787.364709933,115471.089507868,48300
155878.324994346,150874.473123871,134577.431883292,119821.357108695,115549.641306178,48400
155833.856587214,150848.731190054,134583.402365617,119867.189260837,115629.899681572,48500
155784.273877468,150816.397094061,134599.702111975,119914.705855686,115697.790620101,48600
155709.844934975,150790.368365199,134613.992937831,119957.258204292,115767.442719515,48700
155699.233655058,150751.389097407,134629.970647391,119993.250111849,115841.543592962,48800
155614.607447314,150703.733383588,134653.503139628,120050.410459236,115896.197108581,48900
155540.272427728,150701.626005867,134650.121247872,120101.342765126,115935.862814646,49000
155495.750383968,150667.150689453,134652.933175712,120147.796863814,115974.423216759,49100
155446.996044604,150630.60379929,134653.699867211,120192.647589448,115999.956765041,49200
155397.501238571,150582.076263498,134682.808768213,120227.542369275,116059.597476518,49300
155343.661919157,150535.060464927,134701.607348766,120279.749678302,116128.481206779,49400
155308.337744935,150491.083941199,134700.831207429,120318.086081023,116198.20010976,49500
155272.799504329,150446.116429541,134703.469022462,120379.435259043,116219.403509563,49600
155235.751932145,150410.151423883,134714.306165402,120404.847079703,116254.68163649,49700
155203.905758049,150392.989332313,134729.283916239,120442.396816556,116341.444787919,49800
155175.411588258,150361.206094718,134739.337606739,120489.007388741,116381.745644592,49900
155121.335942136,150339.671585479,134750.221201274,120540.218406345,116393.133768303,50000
155050.928426355,150308.346569512,134758.07053029,120571.404249297,116406.856174268,50100
154994.473261912,150261.172839762,134768.534641217,120623.69651372,116479.225444436,50200
154910.91195586,150222.309243996,134766.908389866,120652.269685052,116511.452439914,50300
154849.0053798,150193.843985979,134783.609551987,120669.736117278,116543.22772199,50400
154816.129259746,150150.931322606,134780.348368292,120730.16363145,116575.899038507,50500
154772.444861734,150134.860330765,134781.794283716,120799.519695104,116617.168726133,50600
154711.082092335,150107.721115084,134780.808644865,120844.213357539,116677.502105257,50700
154633.684897795,150025.784197312,134773.34848804,120889.454321821,116731.80412813,50800
154557.513780901,149964.555078346,134771.857396143,120928.076410175,116787.950448365,50900
154502.48564094,149931.197295539,134772.126478705,120953.395368388,116827.717833785,51000
154443.269291939,149892.39598791,134770.390007994,120983.217810313,116900.659657945,51100
154388.259159305,149864.154625773,134769.180516231,121015.97891942,116936.416409233,51200
154335.373400542,149822.11013082,134760.879669602,121025.827159167,116991.34257268,51300
154286.299373565,149794.794263843,134758.588490069,121058.400159593,117002.225014294,51400
154235.606145829,149731.981498846,134768.516503965,121105.795683744,117042.88552773,51500
154184.23977519,149680.412390564,134774.836036313,121142.85872005,117124.258930215,51600
154126.100549616,149610.425361414,134777.442404129,121180.215956587,117141.830722418,51700
154082.677347447,149573.880637424,134775.836023969,121230.312610646,117141.044045863,51800
154050.120954749,149539.23073988,134767.509379916,121276.829327164,117209.738797046,51900
154030.100984515,149474.871020437,134756.680960599,121328.555019448,117263.056966897,52000
153998.15196408,149403.18158022,134754.983962447,121342.524241558,117295.374581662,52100
153916.114837443,149368.268863749,134747.714897042,121367.241497585,117317.230378276,52200
153901.613706311,149311.750712371,134748.400473305,121411.702519025,117351.538548102,52300
153816.908094223,149260.385448516,134751.601561843,121446.607805569,117372.638438393,52400
153813.440391422,149204.095209962,134746.576752469,121466.908089983,117415.635258739,52500
153732.711517026,149146.702260387,134737.943031704,121490.976500913,117445.952887715,52600
153639.649157858,149098.401549396,134721.353566354,121488.544338927,117482.666718436,52700
153571.788595571,149062.575151227,134726.310694349,121531.082087088,117495.816094289,52800
153509.402626603,149020.38729858,134717.534648753,121544.147041818,117503.908987075,52900
153456.244879539,148981.356416145,134697.062708605,121575.395105789,117513.245826734,53000
153390.791982047,148931.379050239,134691.978851415,121593.694539905,117531.227685733,53100
153305.428763773,148894.601274613,134672.362153547,121612.301337833,117568.344787099,53200
153233.411753348,148830.296214469,134665.675395515,121617.454308263,117613.069271813,53300
153180.405717567,148771.289335287,134663.121045791,121636.966425595,117656.059215167,53400
153101.148515827,148710.07150674,134647.833573604,121656.113100658,117665.698147104,53500
153003.821053701,148669.175438246,134623.581102038,121672.208421912,117679.235371473,53600
152941.544666316,148611.864560861,134615.349992794,121686.15705243,117691.682247836,53700
152887.783075944,148554.382397349,134595.019348639,121711.575528842,117691.14833108,53800
152833.7506024,148497.90997128,134582.175816053,121736.181190769,117721.669936317,53900
152729.270173433,148460.720023404,134557.497837644,121763.688187543,117744.310785862,54000
152635.175262008,148383.786811822,134523.364004727,121778.381711351,117749.501171036,54100
152555.40760416,148332.961301825,134501.950802453,121761.594418807,117748.921254458,54200
152472.995706835,148284.79453936,134484.323258477,121789.654768576,117766.309025734,54300
152416.868272416,148242.588884291,134455.721133835,121775.086068842,117807.422236156,54400
152356.498546378,148199.364759508,134438.33319932,121779.893147833,117828.608921769,54500
152287.097107233,148166.488615629,134410.231512517,121787.135695101,117863.591226992,54600
152211.025353082,148096.747688271,134384.784377958,121804.599240738,117873.889910423,54700
152119.805650955,148038.799886095,134385.185521372,121822.042050783,117873.301553659,54800
152028.455211093,147989.495126493,134353.201392076,121839.006407905,117886.553289738,54900
152004.93009152,147938.974803284,134337.408154732,121855.441457651,117906.10164685,55000
151943.386962356,147888.96269415,134324.196007643,121867.212009501,117944.897715308,55100
151861.540824281,147855.666111644,134312.487533038,121887.4881283,117943.654838353,55200
151787.379832843,147791.167143058,134303.730910611,121910.83529796,117998.920908556,55300
151701.171521106,147730.935807902,134295.736600817,121927.011984088,118007.548872256,55400
151640.300819025,147674.623994006,134291.702804349,121921.933173163,118032.251955712,55500
151561.005338275,147586.745350099,134279.176344836,121911.14578018,118056.387482462,55600
151471.918928608,147537.859782158,134266.388181906,121921.724922998,118100.390865737,55700
151435.242111863,147468.604599113,134241.095304496,121942.394196846,118130.904825101,55800
151399.807885252,147418.920581375,134201.031536425,121932.651960851,118128.996755434,55900
151358.017329652,147350.015935333,134159.825297896,121939.672564868,118142.571899971,56000
151322.463530324,147256.753333584,134128.442998261,121964.15980649,118129.648921295,56100
151277.570387877,147188.437935128,134105.16399299,121975.112643742,118133.037033403,56200
151228.168972377,147145.907652465,134080.832365015,121969.605211036,118145.018100375,56300
151154.732906384,147075.73380673,134053.66469941,121953.042370151,118173.006681473,56400
151077.269620498,147005.332686029,134042.890851956,121930.826688843,118201.011256862,56500
150941.529609852,146939.078757366,134016.401575604,121931.354531393,118228.652106953,56600
150852.237024428,146879.354356539,133979.899673344,121960.507706969,118235.165218963,56700
150746.295881973,146850.051277667,133965.874237736,121972.642455428,118212.006147999,56800
150682.843775241,146738.630798679,133956.667014732,121967.983075685,118226.828743979,56900
150577.965333807,146681.461853154,133920.221603368,121970.842644108,118256.885310454,57000
150503.680686238,146612.029368449,133903.017961721,121970.735300441,118258.671397929,57100
150432.065088013,146549.574072316,133872.382481899,121984.629963641,118267.173285107,57200
150378.231564107,146482.538899855,133842.285467538,121994.416045186,118316.175934819,57300
150322.521281806,146389.315431095,133814.094195549,122009.111898875,118316.608876796,57400
150246.525642735,146311.376681123,133777.747913579,121996.358573528,118329.417239641,57500
150131.12508503,146248.510856469,133780.007506593,121996.184335332,118311.511896558,57600
150057.712075649,146164.861793598,133743.996537613,122009.725555486,118297.61379631,57700
149947.64172918,146104.078525708,133716.378382048,122000.604005757,118274.002634095,57800
149835.37873304,146057.418338975,133672.675674272,121996.136134747,118270.052259601,57900
149766.301749564,145983.544079788,133638.90894874,122000.449524943,118291.001416922,58000
149688.416847112,145928.71533853,133602.681543171,121997.000997545,118310.237590568,58100
149626.969265189,145881.438784139,133562.76276957,121973.073292431,118292.193515696,58200
149518.290243987,145828.09037283,133527.551636909,121973.190025885,118275.303419386,58300
149418.714129263,145743.810647742,133479.636001593,121958.215034207,118300.11426118,58400
149414.038599348,145681.305572787,133447.932080805,121935.392707347,118264.472093181,58500
149284.942536499,145626.795077701,133405.447036568,121916.662667611,118273.439957535,58600
149190.440228293,145559.918254794,133360.185647515,121920.053892511,118284.856336467,58700
149114.538336135,145506.895793863,133328.881521395,121891.041879549,118262.809465099,58800
149058.65288359,145431.124978941,133290.921166665,121879.32801404,118271.941246426,58900
148977.628865417,145359.36557004,133269.992781082,121858.070659688,118284.282882308,59000
148938.991030815,145312.991749015,133238.186644011,121846.92441144,118263.4497258,59100
148880.822627477,145266.556026063,133211.607875461,121824.284498334,118248.953638703,59200
148773.891510738,145212.694899146,133166.57254454,121806.73823838,118224.913208791,59300
148666.975905226,145151.070924178,133119.483295737,121784.299012531,118203.277587551,59400
148580.712763142,145122.503424484,133092.886190669,121777.806656898,118250.736708043,59500
148504.660376076,145047.63385592,133039.169245935,121760.339742477,118236.104441212,59600
148431.072731465,144982.319306701,132996.124848917,121749.575418228,118235.679182727,59700
148345.652773013,144863.028300189,132948.174239567,121730.937152528,118227.762992024,59800
148278.700588703,144812.657046867,132912.198432909,121741.888184689,118255.537023073,59900
148203.524465743,144719.168652871,132876.031694639,121736.086391704,118261.670697297,60000
148133.265213261,144656.041442359,132835.201048378,121688.214704747,118255.523409934,60100
148073.144477811,144578.552539066,132791.047309345,121677.98053611,118221.710635086,60200
148034.957287078,144526.591002845,132760.580352098,121675.372326233,118194.158558599,60300
147978.820314043,144471.079213606,132722.521408972,121652.946298268,118149.970174199,60400
147880.061153917,144395.587428015,132691.551766153,121609.315131545,118157.983164263,60500
147832.963138267,144300.56729075,132649.401780596,121593.356074636,118169.724028718,60600
147700.797979949,144218.740664987,132608.179120611,121622.381732876,118146.226860162,60700
147659.807067541,144132.070417144,132572.180431787,121620.252274973,118178.740007485,60800
147641.827004356,144041.711843864,132507.527835373,121596.781308511,118164.019859474,60900
147586.255766945,143967.97481347,132459.78504988,121556.758102211,118165.242030805,61000
147510.340391081,143903.862994813,132420.169175461,121544.858118641,118133.6087815,61100
147462.612260977,143848.080132296,132367.338797582,121555.312493636,118126.107220899,61200
147391.673840924,143780.31359404,132316.145165266,121540.362228356,118106.102003745,61300
147293.406352865,143705.584315387,132266.323469246,121516.119190806,118070.938765917,61400
147194.268693604,143660.007212825,132228.856170339,121501.537071926,118036.541303815,61500
147096.255765773,143603.471538018,132185.10643178,121488.716065504,118033.776728681,61600
147022.847125396,143501.302064526,132134.791558617,121445.422349624,118032.209068636,61700
146923.628589704,143452.032955685,132086.998730759,121427.220075318,118020.616444395,61800
146823.159537909,143365.383141867,132040.953468861,121418.885690973,118033.781308218,61900
146757.108880216,143290.851766925,132006.025222553,121383.088313127,118005.075163013,62000
146673.681614329,143218.342300607,131953.236132545,121375.997217479,117983.04726043,62100
146600.253949095,143171.123549986,131925.795161691,121341.724426759,117989.038098649,62200
146530.94048116,143081.318047212,131880.710601305,121339.743049931,117973.840583302,62300
146462.990953776,143003.351209135,131839.92031009,121294.001346874,117940.203910455,62400
146386.955519766,142915.618102887,131785.065128429,121257.148456648,117908.125105421,62500
146329.599931121,142840.926725751,131721.952693993,121214.711991424,117870.078878669,62600
146231.206784067,142771.002393037,131662.387162928,121201.341108948,117859.528250419,62700
146148.323204827,142679.173607842,131611.811670689,121197.433745722,117785.691545873,62800
146126.62783495,142587.870268822,131560.102156556,121153.750278295,117774.010578725,62900
146051.108031167,142512.844794642,131519.058762864,121138.553761614,117762.233791545,63000
145984.013267453,142468.387875718,131463.677853535,121126.118404055,117725.991046162,63100
145909.032175893,142405.226923683,131406.27740869,121080.906375316,117686.695193833,63200
145817.810031596,142350.48107048,131347.248257517,121021.417271495,117669.585254812,63300
145770.622740995,142258.230701227,131290.548659343,120976.2539877,117600.965037637,63400
145710.096273839,142164.125564547,131235.634126061,120942.096560137,117577.366882457,63500
145623.427526154,142073.923412855,131168.996806624,120898.686846329,117527.309771875,63600
145516.036262506,141997.235085629,131133.699623325,120874.456126839,117522.424024482,63700
145454.405808113,141922.73270946,131093.284463019,120834.443783581,117493.701476342,63800
145369.659116235,141821.616218682,131024.356856217,120781.296357647,117457.760265561,63900
145305.805199722,141738.778106622,130969.752234405,120732.079668574,117453.726839397,64000
145200.554778756,141654.762931899,130921.469030105,120729.430432726,117401.312218763,64100
145111.587607977,141580.372070076,130853.49231037,120692.702072271,117399.616711336,64200
144976.952270001,141482.061761058,130809.191266466,120650.043424459,117395.903086315,64300
144901.638161148,141410.142390802,130749.526993792,120605.916977714,117342.524660696,64400
144779.438064201,141307.37835664,130707.845710637,120561.565880655,117338.372631449,64500
144681.95086654,141213.825693253,130649.085960879,120499.195571406,117333.956025839,64600
144624.162827565,141129.054655886,130577.577877843,120468.263573465,117320.486865108,64700
144588.31958524,141054.947935703,130529.437002355,120425.364382533,117289.174227595,64800
144499.94387021,140976.055337472,130449.767136841,120374.918992487,117268.841260856,64900
144454.726444975,140955.134606612,130395.295538651,120308.767926711,117246.103958057,65000
144333.814250922,140844.712450506,130336.014798679,120282.412837355,117203.795702826,65100
144201.937524904,140792.440741231,130284.483706206,120246.083061018,117161.916788376,65200
144141.461737605,140743.935326394,130225.771992386,120208.913382781,117128.242692563,65300
144026.612570676,140680.14062896,130174.071391699,120158.684553756,117103.483985521,65400
143967.029959548,140626.927581019,130123.930460555,120094.490773152,117080.229831748,65500
143877.709015472,140544.655528096,130060.826827881,120071.82313066,117026.66551958,65600
143788.069069833,140469.821859652,130000.894456888,120027.400966574,116971.701007782,65700
143712.613187735,140402.306844707,129933.363154943,119970.301582272,116907.690611375,65800
143672.958484116,140328.421608514,129897.75343408,119931.702920536,116864.390837535,65900
143614.810472396,140260.011556942,129836.958351254,119912.358131879,116835.09626143,66000
143521.329738359,140190.637361396,129759.334711476,119848.092692118,116824.215907001,66100
143491.691206904,140130.785333686,129676.320175887,119787.503421312,116818.20295003,66200
143381.472108084,140057.99995407,129617.008823193,119777.097404287,116782.192057516,66300
143309.059076092,139960.896238985,129556.234593119,119744.595030306,116746.734332644,66400
143286.547034626,139904.760913012,129485.298218809,119697.510763218,116706.421885503,66500
143181.148867736,139859.055734154,129407.43601809,119653.544148061,116671.943006739,66600
143096.0405228,139774.659408202,129346.517844572,119588.272958328,116654.480897703,66700
143007.063018129,139710.63517897,129288.35782834,119534.232093083,116603.927506521,66800
142937.658915304,139620.549733972,129227.228213495,119483.321054524,116577.220328309,66900
142823.061928912,139543.676004992,129165.777989071,119412.473991686,116526.326269404,67000
142781.152044299,139446.562660864,129103.94203617,119350.378331641,116489.986458107,67100
142695.821580521,139398.634723771,129043.002863967,119296.333329201,116450.628513966,67200
142648.004278207,139296.690344459,128980.194756629,119282.690339144,116415.295015664,67300
142598.598738916,139231.627649415,128907.966212046,119210.636865903,116361.229033591,67400
142526.604775016,139142.770297805,128852.983148946,119176.064953849,116301.762103974,67500
142457.199809028,139105.233797407,128793.879266204,119105.132896846,116232.234262772,67600
142403.058508861,139055.227440595,128724.562080169,119055.611392623,116155.792287069,67700
142340.846612032,138982.012583127,128656.945688487,118988.214766642,116115.025256381,67800
142275.258127881,138902.302376428,128581.208907984,118942.79336046,116053.884676694,67900
142198.452441085,138812.754567243,128516.828429587,118881.167208244,115997.822649026,68000
142134.57109249,138744.142553982,128433.863139074,118823.660150225,115956.75018811,68100
142024.917520591,138684.824271082,128365.430066158,118761.83008516,115872.509703497,68200
141959.116209717,138621.980518895,128319.710133185,118717.177683133,115807.007816688,68300
141859.313439259,138584.838594657,128242.585642506,118666.029134208,115756.757672262,68400
141767.698893025,138503.728735532,128180.722889322,118589.988806117,115687.776180467,68500
141709.81395046,138438.915217627,128108.49413197,118529.885619447,115604.159222831,68600
141662.175705908,138378.305623331,128044.062032844,118480.066889438,115564.033290929,68700
141579.057748566,138284.27020757,127970.887081508,118420.246728596,115508.649158901,68800
141535.347884849,138195.665320753,127915.625932985,118390.295502547,115446.137550962,68900
141439.006886702,138107.196299996,127855.844598286,118343.216946439,115375.335928118,69000
141343.66364452,138038.752063934,127784.742387501,118269.538541523,115320.48774052,69100
141267.675954218,137946.753239851,127703.18801543,118205.390747392,115274.535427252,69200
141176.513003428,137879.212482775,127629.204396685,118153.230808544,115240.893006252,69300
141119.894264152,137808.092190331,127557.599431868,118096.876423626,115162.411460361,69400
141043.90412154,137758.926205086,127502.58263743,118044.06239063,115122.53503486,69500
140984.552284,137712.76263263,127424.015730819,117993.998235072,115070.807425913,69600
140948.052632534,137640.43647361,127354.833479633,117927.942444938,115006.332907664,69700
140890.609717998,137574.811878545,127283.186825146,117871.709736426,114961.833572193,69800
140791.733454428,137483.651853849,127214.044050911,117813.781042444,114857.35783477,69900
140710.477302876,137407.767955053,127136.857420749,117759.294240489,114799.424705902,70000
140589.222221168,137341.715762076,127073.475354445,117710.869116556,114748.0296518,70100
140453.308587346,137268.491579196,127010.175581709,117636.418056347,114676.355519068,70200
140375.718049338,137174.567593013,126934.377749446,117562.406211777,114612.281271169,70300
140273.932135003,137104.212669978,126866.476474084,117483.826322189,114544.788336919,70400
140201.241144257,137056.573685137,126798.112619269,117407.312596823,114476.588916243,70500
140140.990023716,136988.03931104,126717.828397001,117322.222420823,114399.386278086,70600
140111.867414309,136918.739565437,126648.11247141,117237.465538474,114357.337412861,70700
140061.091039552,136855.660643415,126564.515095939,117173.661130749,114304.59443818,70800
139963.153092712,136787.28789145,126479.701427463,117098.569795354,114262.4999285,70900
139921.45494699,136713.290692775,126396.517955895,117022.250912489,114193.877000744,71000
139903.552604873,136624.873595049,126331.415119301,116924.857005517,114141.377954077,71100
139877.942282719,136568.209841563,126258.416233815,116852.245171292,114051.307916294,71200
139815.190190804,136496.941844345,126185.279069233,116771.154784321,113971.02110547,71300
139734.272902002,136426.032993934,126098.346134616,116701.781517029,113901.831077855,71400
139672.547268762,136349.665019343,126016.862554859,116631.133866835,113831.645647503,71500
139634.710704923,136262.539268299,125958.562793932,116552.782513537,113723.849665776,71600
139547.431625247,136171.850635041,125880.418544597,116476.091178278,113655.083314743,71700
139485.142973753,136136.636824515,125802.853724348,116401.921555013,113596.696178994,71800
139468.12538532,136063.530983521,125723.614338889,116312.058526252,113534.757897047,71900
139378.562545747,135980.49625514,125636.674043236,116259.548861561,113449.218680175,72000
139307.043585542,135917.030239892,125566.256444063,116167.572504551,113375.112317255,72100
139241.345665391,135845.761102132,125477.078250596,116110.558002134,113310.672499353,72200
139182.884832035,135792.649536485,125381.209749656,116051.384980618,113247.927101382,72300
139105.544495639,135718.144067425,125315.976660835,115943.645656625,113190.56889219,72400
139065.16188109,135636.931008385,125241.287648392,115869.317466788,113120.254582608,72500
138963.736507625,135576.002588131,125178.606990453,115791.601553175,113039.266670251,72600
138883.728577003,135499.838472734,125086.300199205,115698.048501835,112975.372504763,72700
138815.348424147,135437.389996156,125008.155727787,115616.291275874,112899.342992203,72800
138737.041439224,135368.821218648,124939.903822286,115515.174409771,112811.725827853,72900
138722.898235813,135280.927287969,124860.172449274,115456.926337695,112751.165026673,73000
138690.784755134,135190.911292966,124767.274705665,115386.079303435,112648.646042991,73100
138591.199605612,135124.115272129,124689.799065705,115321.98273699,112574.545048144,73200
138525.343253901,135060.249099776,124616.3801804,115251.948706616,112496.506826418,73300
138486.303817426,134994.859939626,124532.676319256,115172.419733814,112415.585401717,73400
138414.185313162,134925.470333011,124468.43693182,115103.23682193,112345.016609725,73500
138385.878305827,134827.833422143,124382.72310663,115033.026500377,112273.526164655,73600
138333.035256495,134734.291745651,124321.061355285,114955.170651184,112188.748679082,73700
138308.600127808,134656.920836831,124244.792410155,114871.647625184,112066.385327437,73800
138241.142443055,134568.705317685,124152.903150517,114791.926782989,112018.980613134,73900
138161.01203823,134503.648586914,124071.229877575,114711.241628602,111957.026860424,74000
138092.077645637,134414.900072874,123998.794629481,114655.432088483,111873.050855461,74100
138021.097586146,134353.872669862,123921.615623811,114576.625268163,111776.54964915,74200
137931.653065632,134296.353134506,123847.764653193,114475.773413457,111686.106926511,74300
137846.604745602,134223.806928076,123770.338890891,114395.212533813,111605.659017915,74400
137776.867536412,134112.86511169,123691.584629811,114311.724332902,111521.898679171,74500
137715.997370687,134020.400597033,123614.320222512,114228.641131153,111429.237295669,74600
137666.457552194,133938.341260152,123538.367411768,114153.223019965,111324.940067982,74700
137587.999970331,133857.691508524,123461.666050193,114086.390586811,111242.32201322,74800
137555.825508011,133781.364168365,123400.565219013,114000.185380951,111160.55178342,74900
137524.539947841,133717.038118998,123323.318265452,113936.81700297,111066.984563658,75000
137480.40831839,133631.960574581,123257.016191307,113859.395276438,110978.355234907,75100
137409.013510867,133542.603398752,123194.290443988,113756.742463916,110872.018781007,75200
137339.289153876,133463.486924822,123119.250031907,113666.635088832,110823.852640088,75300
137267.274710842,133390.891065669,123043.055989265,113592.7492263,110733.327836281,75400
137192.855365934,133345.603306945,122958.496729632,113520.184223433,110646.82387661,75500
137125.509512035,133272.179005364,122869.69990623,113417.740088465,110562.588707862,75600
137050.888932377,133206.61508799,122782.03616504,113330.537843718,110485.921466165,75700
136951.141713456,133118.418618147,122702.547673261,113233.445595815,110360.456700831,75800
136859.179715186,133038.011161534,122610.744144143,113149.621622761,110239.231639294,75900
136794.548848756,132982.026662748,122516.05809075,113055.409625007,110138.795517048,76000
136745.410826754,132899.354862597,122433.61888571,112971.042753782,110043.041492575,76100
136693.670380135,132843.666775367,122356.186417482,112879.829263243,109946.762841463,76200
136620.392802575,132773.802532754,122285.001187687,112781.69563817,109844.602567054,76300
136547.963581305,132707.828688612,122217.398308333,112667.483201771,109726.46840276,76400
136471.832117043,132652.516571735,122132.392632206,112587.770157076,109627.0432937,76500
136392.235810854,132572.858488304,122045.268754274,112494.216417152,109560.696539013,76600
136328.405979806,132484.922217008,121943.23152262,112386.28392709,109494.10224884,76700
136259.887528594,132417.737504992,121863.537418939,112281.9058552,109379.687116756,76800
136231.573201471,132354.822281553,121778.017265602,112192.593035492,109238.441840112,76900
136189.513286555,132310.930263062,121693.598542056,112078.347262581,109120.060920069,77000
136123.237399306,132257.126802805,121619.735745167,111992.457484663,109079.903889452,77100
136068.384034577,132199.177456791,121526.234083557,111909.023158036,108979.720944594,77200
135999.46578147,132132.781112453,121441.15422998,111787.671961663,108873.871474728,77300
135929.693094931,132072.865013565,121353.04023949,111701.308880242,108750.609641553,77400
135863.03215304,131979.579889726,121277.088866086,111614.713804171,108663.133110544,77500
135807.038507874,131884.902587754,121185.277273174,111520.987902881,108565.776356689,77600
135747.892704499,131804.00529009,121097.516316366,111440.368580132,108504.071249236,77700
135681.623122707,131749.567459438,121008.981331143,111342.863465728,108436.437252223,77800
135627.500161154,131682.974177964,120920.187626655,111251.959162771,108311.842720043,77900
135550.018441754,131626.48604729,120838.410797606,111137.4972742,108226.161282096,78000
135470.309159963,131541.24730017,120745.545706851,111035.023085896,108102.812165736,78100
135413.728519693,131481.293482959,120659.752933576,110923.263902678,107999.455578223,78200
135379.812503799,131407.960297658,120577.139098118,110809.57683164,107911.279767244,78300
135337.397297586,131342.705329289,120497.811628124,110708.108722919,107822.028340664,78400
135279.789905634,131288.498662586,120412.509387366,110599.695324707,107733.528384536,78500
135171.847186283,131201.867894661,120327.581000911,110513.209125824,107626.405487798,78600
135125.721642307,131131.501802999,120239.229751352,110403.714987251,107522.573810079,78700
135076.622462328,131082.065139824,120158.19219504,110304.39266388,107424.193738579,78800
134988.283259631,131002.826376939,120085.855621403,110197.297571264,107317.445159083,78900
134885.181228003,130974.448836425,119998.146571005,110111.94032653,107220.188023432,79000
134820.892210344,130894.524300839,119920.108012923,110007.896256193,107099.429326801,79100
134759.357870864,130825.892275555,119846.164858376,109899.364886215,107018.243967322,79200
134663.027030971,130749.750658666,119755.691499476,109815.26379389,106908.000157902,79300
134602.355552644,130666.704140472,119671.404829958,109744.094884152,106824.686200089,79400
134526.888319429,130577.374955703,119593.213381997,109649.679256745,106743.016837643,79500
134423.310079401,130544.911895133,119497.959311695,109545.416000437,106633.674134048,79600
134327.77220064,130490.297016799,119409.240492117,109430.218956178,106512.045038945,79700
134258.060225092,130417.969955337,119336.836600264,109341.300964793,106406.88857596,79800
134252.581991007,130318.306982087,119250.10679352,109253.93250239,106295.831829348,79900
134279.151383765,130285.355040972,119155.330514169,109151.40208059,106184.767403832,80000
134209.705089461,130220.698549683,119074.838497768,109066.353971709,106072.077019006,80100
134127.988628325,130149.401162798,118976.953624374,108959.697240315,105989.546573914,80200
134068.120514841,130067.446895507,118895.276210496,108847.772800447,105879.219447239,80300
133999.134403994,129996.360238858,118804.972962395,108730.56837421,105769.514600524,80400
133944.815127887,129913.875452038,118711.056841735,108615.278917451,105673.354261076,80500
133892.729772382,129861.679041839,118629.149699164,108490.137333885,105547.793173415,80600
133854.480850447,129808.567218892,118549.803229639,108365.921345241,105453.813830808,80700
133780.399132355,129749.856096352,118462.504432798,108281.15592511,105329.573539031,80800
133729.213619547,129682.029625719,118362.607981,108179.59615086,105220.404317468,80900
133610.832406091,129608.437740772,118275.185021664,108084.065739268,105133.757296763,81000
133554.180408394,129581.447656126,118188.160174219,107965.001490486,105044.235370806,81100
133529.979831705,129506.260545051,118101.643917372,107857.083056881,104959.59897642,81200
133444.470953316,129415.206254914,117995.640761908,107759.614891038,104850.237166289,81300
133366.867913148,129366.723217315,117913.961844074,107647.276115459,104729.601356104,81400
133306.140030821,129305.106420789,117829.991677722,107525.134948449,104624.531917629,81500
133247.167149399,129243.143598294,117751.391814937,107404.013081414,104527.661107429,81600
133205.915849078,129190.43448493,117657.541436828,107307.769749328,104438.92584301,81700
133160.474444811,129120.525784771,117583.089272113,107207.642874703,104308.063418543,81800
133072.226219809,129051.909013191,117486.500365943,107095.217305641,104194.392808566,81900
133015.480517528,128996.794106227,117376.917648376,106988.515524918,104092.634466434,82000
132945.838516368,128915.804989798,117298.521569011,106893.553229331,103979.471204923,82100
132895.179759023,128858.446051806,117216.349747925,106782.437722447,103864.958475887,82200
132815.380064519,128823.467448367,117141.540939755,106683.780560558,103753.808490986,82300
132778.712266196,128756.83994859,117058.311924053,106585.271977848,103645.613818097,82400
132724.459519141,128687.925048424,116955.690546591,106477.242815674,103543.274072173,82500
132669.870642385,128615.620380066,116861.66904224,106364.456776062,103424.39567942,82600
132634.707234363,128523.109584784,116790.161096109,106244.18147011,103299.336632342,82700
132594.977608745,128451.680456392,116702.27382253,106136.23490675,103202.411590115,82800
132506.198210804,128375.132683497,116596.903212866,106043.37909795,103109.263533978,82900
132450.401214179,128278.807210943,116509.71343356,105934.375485304,103009.833130489,83000
132397.660062329,128192.383758206,116411.782969475,105832.096386058,102907.990317996,83100
132339.837814717,128132.326017557,116314.456615857,105713.415789775,102775.406183931,83200
132274.191996679,128070.786108628,116231.3238245,105598.649588726,102673.888956271,83300
132185.190602047,127998.084695714,116149.311578151,105472.528495773,102559.025134643,83400
132081.251215667,127942.527635805,116058.021836062,105353.688953224,102446.0667436,83500
132015.114488817,127876.566253246,115964.072831555,105233.866231456,102347.36882113,83600
131951.172823009,127814.222154749,115876.275880768,105139.161430535,102243.55799635,83700
131903.805178625,127742.585876982,115779.1803609,105027.796211212,102114.383499298,83800
131861.515373961,127659.628181506,115692.122265368,104917.663277463,101995.492582813,83900
131816.295918923,127598.928251977,115589.48377223,104802.019880949,101884.663970829,84000
131768.646263224,127515.124671618,115483.918213348,104707.513038088,101775.947051515,84100
131719.287391919,127438.565616662,115402.459602576,104595.776151458,101672.617490934,84200
131671.668328853,127378.10741626,115320.332337264,104475.276928915,101550.744172142,84300
131607.598074236,127310.124883593,115245.324115155,104356.969187116,101429.007098992,84400
131541.673293335,127222.884853527,115156.427293159,104253.376160172,101333.055939111,84500
131490.902683567,127141.585107486,115052.280657678,104162.926047258,101255.310448529,84600
131429.916238362,127081.870051406,114952.852095146,104054.227673117,101159.434068227,84700
131375.96271486,127007.727923965,114855.836717282,103930.020686364,101047.093840338,84800
131324.771993197,126932.116340578,114756.832769127,103843.841901706,100921.526660586,84900
131253.585263776,126843.348640583,114668.576509333,103733.816325081,100803.001101396,85000
131176.392450381,126788.159996986,114584.370604705,103649.179226971,100674.116497547,85100
131117.527425148,126730.182585816,114497.645129447,103537.967964161,100561.74006946,85200
131063.668410349,126653.933326041,114401.310291218,103429.033514493,100449.902063678,85300
131023.748106465,126609.490082379,114319.933894124,103335.305010551,100340.332641582,85400
130994.751331096,126554.639225776,114221.788275971,103228.205077585,100229.395511152,85500
130930.468324368,126460.762523327,114119.696442076,103116.286174343,100119.406911491,85600
130874.14500342,126409.862523257,114026.358116388,103017.779817835,100009.243954426,85700
130837.323338016,126347.152047904,113925.968010177,102912.699299409,99898.3064023722,85800
130800.554373873,126276.408532994,113847.24552109,102790.290319316,99788.0354551547,85900
130744.113303783,126206.443888712,113754.194312543,102673.206308646,99677.0144766934,86000
130710.181140977,126149.915289534,113650.647246079,102555.443751677,99543.7301822889,86100
130640.324851235,126065.398844799,113566.762519997,102435.209315072,99458.2663498332,86200
130629.255995069,125976.407830325,113473.6108593,102320.972501996,99336.5500890237,86300
130576.400692729,125919.842386526,113376.868588346,102182.862432833,99201.7525827695,86400
130523.39247494,125848.596025284,113291.087208159,102067.812714462,99067.6871909576,86500
130462.315576645,125768.020133924,113209.530065307,101983.679520073,98945.4465434533,86600
130367.35610303,125688.46294759,113113.200427379,101875.870289778,98831.4834181698,86700
130291.357736416,125623.304360745,113024.782674641,101772.080500893,98720.8661490833,86800
130204.042321282,125559.40001419,112922.768853365,101680.818811815,98609.8676689302,86900
130141.778626266,125497.877254907,112835.362566497,101569.157177215,98491.4060358521,87000
130068.155367404,125429.411421178,112741.362077187,101451.965726768,98367.9768100778,87100
130014.196545702,125374.582963289,112640.654419352,101335.013556241,98239.9919347118,87200
129930.29112077,125303.518470145,112532.749706799,101231.665499512,98119.7441681607,87300
129875.980493283,125246.163512434,112451.730565335,101136.714049893,98001.2176733205,87400
129830.014307235,125190.216661209,112360.945287931,101033.869904236,97882.6675571119,87500
129753.00514231,125153.104032875,112282.829967647,100921.479887802,97730.039716431,87600
129663.929814806,125086.8964421,112180.787339294,100841.65092311,97621.9456742425,87700
129574.422834623,125017.293149218,112077.925726218,100739.275658124,97507.0229634177,87800
129498.357386127,124956.032124252,111999.964495882,100619.95590714,97386.5598918678,87900
129409.366148662,124917.343326146,111912.140145963,100488.692643195,97290.4664840738,88000
129358.071908735,124844.853682968,111827.04524491,100371.572272136,97175.2222780316,88100
129317.80082413,124782.702034695,111734.347286196,100240.479954667,97022.958418619,88200
129277.37620973,124694.968010415,111646.824182684,100097.280249685,96902.1166641825,88300
129231.17849816,124648.141544086,111552.768130376,99997.5089364824,96798.82356181,88400
129168.516849362,124572.852348596,111461.798340375,99883.0092489398,96695.752362713,88500
129112.861135353,124479.221161061,111378.726611931,99763.5465045461,96574.92218138,88600
129049.437040563,124392.065994088,111284.824834677,99658.6507380803,96457.9860051264,88700
128995.78329644,124324.44132451,111189.872858979,99541.5231280729,96330.5836179682,88800
128922.191119978,124243.729281256,111090.157773596,99415.3657190997,96235.8413554616,88900
128877.47273458,124162.589212742,110985.114921339,99303.1285972091,96113.6822862122,89000
128825.724570932,124081.926617577,110874.993159423,99188.2864092664,95999.6354988859,89100
128766.943875626,124021.050178996,110787.318151095,99065.1226002167,95883.8180419407,89200
128690.614101551,123954.957855692,110692.075718698,98956.0859961063,95767.6820896613,89300
128648.984307663,123894.294863966,110595.703708253,98850.6745350944,95656.877785094,89400
128606.826739153,123829.759883923,110511.714958122,98738.503139435,95551.9562669373,89500
128532.646684484,123755.268529349,110410.760574365,98616.763505686,95422.0723955556,89600
128472.651192082,123703.857878378,110321.209165349,98498.2552520085,95296.2555769849,89700
128400.180476853,123618.829144648,110218.934029531,98375.4798828397,95178.7494709342,89800
128353.419723507,123563.539106796,110121.586270652,98240.5387706668,95066.314958981,89900
128290.100667754,123491.6095132,110028.303063823,98158.2491041537,94944.7080554801,90000
128233.597322538,123453.865945864,109932.838007984,98034.7885854132,94818.7242664392,90100
128173.641088565,123389.575527403,109833.886030276,97911.2827867757,94673.6460259124,90200
128114.183207108,123320.199796684,109731.628843555,97783.7874993185,94567.7618260514,90300
128054.282129726,123263.220370341,109636.441173374,97666.1638322718,94444.0966640684,90400
127994.252445518,123198.574666314,109536.845626357,97545.7109175841,94305.5820897895,90500
127933.726321221,123143.507840896,109446.513337653,97442.0733001018,94187.6960346611,90600
127859.828586565,123052.291281955,109352.222008656,97343.4250623124,94063.5122564314,90700
127792.100163634,122979.076996769,109253.864422869,97225.1369472337,93954.9946759559,90800
127731.705695195,122908.171263641,109162.940025373,97106.5426510712,93846.8000983328,90900
127660.454180676,122840.301107142,109058.712110176,96999.9229269421,93728.2624721836,91000
127585.739173382,122761.892035177,108956.453207452,96913.9998032255,93605.3761074279,91100
127536.260518056,122673.909052436,108864.38632762,96815.7173487401,93505.6000032436,91200
127497.42124696,122624.202354429,108768.816995825,96673.8671761353,93380.4821721879,91300
127445.853844357,122553.769898481,108678.152907176,96568.0360754068,93264.2254860707,91400
127384.937791145,122494.816542073,108578.295059533,96453.1301084464,93156.3014560655,91500
127331.768634266,122446.017012113,108481.121477762,96327.9522632046,93034.9983324074,91600
127282.105513582,122387.269284771,108395.081803642,96219.9914708074,92935.0834849228,91700
127217.328597526,122322.680827757,108295.215455982,96083.1619994722,92837.1821228785,91800
127171.008635373,122259.660222401,108199.872250552,95974.1403828205,92725.3198575986,91900
127126.972336994,122177.218823475,108098.937248476,95858.9169747702,92623.767782384,92000
127070.217727251,122128.251631129,108013.735060195,95749.839780206,92500.9951678133,92100
127013.426035367,122037.523904254,107923.221470569,95631.2267614245,92380.6686299822,92200
126934.315657591,121940.70636348,107839.060727734,95499.9766622739,92254.5388624036,92300
126903.400220247,121867.665364515,107749.167057196,95375.2662911176,92125.5587484222,92400
126870.706833829,121799.016284707,107647.524437572,95262.3077994189,91990.2203705761,92500
126811.433422535,121729.803160058,107552.745368698,95147.8265070799,91876.7672332455,92600
126719.949024497,121668.850248832,107456.711282914,95025.6018376099,91751.8415890486,92700
126648.661479214,121621.263998546,107361.234863485,94923.8208426556,91624.2105225275,92800
126580.159891432,121562.2354317,107263.986282801,94793.3353311558,91494.6840814659,92900
126545.814143355,121503.370793823,107173.883060621,94678.8124677123,91396.567815494,93000
126474.027588602,121450.436696171,107080.48065436,94577.00456993,91290.2646733469,93100
126442.416774026,121381.51574832,106995.480660367,94460.395637398,91171.393079164,93200
126370.966951102,121303.935169861,106904.157379489,94344.5849705953,91029.4020694081,93300
126342.731182977,121215.155251851,106805.741072902,94243.7591633693,90894.7336878683,93400
126301.746586564,121145.285253757,106713.568284115,94119.7423671722,90767.0042758138,93500
126226.094092422,121066.774735152,106615.325973396,93991.2138504315,90635.855430035,93600
126152.527071782,120998.0182036,106522.509201537,93868.2538634982,90533.394413487,93700
126083.264958921,120930.962460518,106417.973339056,93750.4365046004,90417.4257059072,93800
126001.61180427,120858.785284097,106319.434460988,93635.0015146377,90300.5854195789,93900
125918.668022861,120787.571687175,106223.337448541,93516.1622238563,90167.8428096961,94000
125839.423798794,120728.788407038,106127.606835395,93389.6689909101,90028.9162969241,94100
125758.958480806,120662.01835398,106032.624624778,93271.9741209533,89923.8757820876,94200
125678.237613802,120582.712106999,105941.786144356,93131.9718285971,89820.8476498847,94300
125626.07312706,120491.638919668,105846.889494383,93024.3014862121,89700.3475811849,94400
125573.655715939,120435.490180339,105747.398415553,92904.8095295743,89583.9142329104,94500
125467.556501415,120386.970670279,105647.616493057,92782.158143079,89486.3206294197,94600
125423.647200468,120290.11972217,105546.65776608,92669.4879522887,89395.7559328989,94700
125379.613471263,120176.454159712,105445.240192179,92549.0639688417,89271.1003344249,94800
125335.45575035,120081.793079405,105348.848435359,92441.4530315129,89139.5329548552,94900
125289.932319123,120018.308835392,105253.304489855,92337.3404344472,89037.5697051337,95000
125204.514370737,119948.845210145,105161.722271124,92201.8977059066,88948.021673921,95100
125171.259919038,119864.846052063,105062.522656198,92084.6507304256,88829.8380520059,95200
125101.864979351,119806.404808323,104963.944338429,91987.3122103925,88727.0392064077,95300
125031.835101901,119760.904861717,104869.780601964,91871.0103488747,88602.6852278152,95400
124961.288578919,119684.927222725,104776.590948544,91754.7868071347,88494.1689910833,95500
124942.855038414,119633.999636749,104683.712395313,91634.0866123832,88387.5529548522,95600
124931.079996939,119564.505856886,104583.427867989,91505.0412099831,88263.2241228556,95700
124868.467249216,119519.402086105,104482.079144408,91385.3590759545,88137.5600611782,95800
124797.7516285,119447.86404925,104381.878106198,91279.1132572807,88008.5731845644,95900
124726.050170201,119364.631977835,104290.586514358,91160.9187223575,87868.1453778649,96000
124648.540313216,119313.761872875,104204.660743993,91049.0670596558,87749.073229766,96100
124556.668198985,119265.47128399,104106.924735936,90938.188204098,87621.258125748,96200
124502.161960316,119183.894254363,104010.29014464,90814.1419281813,87500.0788994721,96300
124432.563001561,119107.382446107,103914.331784475,90686.8320228127,87390.0975767412,96400
124377.384919031,119049.755532584,103817.892797734,90586.5382003321,87266.7220884331,96500
124305.505210306,118978.438395579,103702.193244689,90464.1283654971,87142.4890344925,96600
124254.119722527,118897.777795755,103621.24445286,90354.5663329232,87017.9435732723,96700
124211.133150474,118796.752268979,103520.569664948,90245.9133271454,86894.2481967078,96800
124143.344245144,118722.9186824,103433.035839873,90115.7959009301,86769.0301961862,96900
124083.528686714,118647.757692574,103324.573244884,90000.5707282024,86644.7335383117,97000
124015.720101164,118582.02449614,103235.169396015,89889.9220295462,86517.5719776431,97100
123947.364523006,118505.595227744,103138.445403609,89772.7970625628,86395.3394612671,97200
123878.91550716,118416.118371895,103037.598466654,89657.0091475568,86283.0727228943,97300
123809.046085313,118341.838009286,102947.815655775,89540.684956015,86152.6682122141,97400
123737.067768176,118257.870736024,102852.178435384,89431.7417916354,86030.96029163,97500
123665.023544371,118181.967705207,102754.643437837,89313.0379266585,85906.8268593244,97600
123593.472322928,118091.992730926,102655.279391589,89195.8348799962,85784.0501885232,97700
123521.43868971,117993.406565599,102557.924996917,89077.080766681,85676.1844169547,97800
123449.317978423,117890.634999966,102454.578518233,88961.2277785096,85549.3693041735,97900
123377.110654042,117829.081043217,102357.817685623,88847.5870622043,85422.6527805682,98000
123304.817180278,117765.334068577,102280.974553219,88739.8854164031,85296.0351458388,98100
123232.438019574,117713.578851604,102189.477711057,88615.2462422564,85166.4796731487,98200
123176.072982541,117646.155102088,102079.808504826,88500.7565959127,85043.741885624,98300
123127.911708884,117569.510315224,101989.413238892,88387.1995839105,84921.402225509,98400
123053.750718898,117492.447830882,101898.439653669,88274.0323799633,84821.0246399634,98500
122983.963243243,117415.314841745,101810.535590316,88160.6978845361,84675.7847528865,98600
122913.677133871,117323.209998374,101718.500731654,88050.3701377034,84552.8421634793,98700
122844.128240766,117228.716596738,101620.127744595,87929.4594582274,84425.5535257131,98800
122774.081610607,117155.307962582,101519.316501653,87806.4736236194,84307.9360206621,98900
122698.175854946,117086.724381952,101420.239327913,87691.2910133291,84186.1536851097,99000
122603.598497289,117011.877387279,101322.342103565,87586.1467060559,84056.1812980575,99100
122544.843926494,116928.333813163,101231.816954148,87481.6284110486,83943.095219638,99200
122475.953426607,116858.971539486,101133.585410899,87375.4881486484,83829.1885082304,99300
122415.681685636,116791.051237989,101040.333166918,87255.8800328886,83715.3515024264,99400
122331.077958837,116719.624560344,100947.21433878,87142.2047505148,83588.4704432296,99500
122253.43504645,116653.397659399,100853.687995939,87028.8652555046,83487.8878316969,99600
122182.481401919,116573.035441444,100761.00850566,86916.3558721179,83374.3143013085,99700
122138.507679246,116487.37585218,100665.364827923,86803.9046161297,83261.2740105507,99800
122067.368189206,116409.718376673,100563.144229188,86687.43055173,83145.8136629886,99900
122002.155287514,116332.878777767,100464.76235858,86572.087137519,83021.0811038691,1e+05
121923.502546268,116266.259764612,100362.672181869,86460.4979146563,82896.4528870214,100100
121835.995915835,116210.498738745,100248.654428834,86354.6873509176,82782.0686660955,100200
121738.893555749,116140.072717431,100152.974487544,86239.6239326078,82678.6187504053,100300
121668.820905153,116069.219086695,100054.008829289,86128.3241912689,82558.5899084619,100400
121608.087031626,115994.944202077,99962.7594699169,86017.5550715106,82448.6415846057,100500
121550.503942521,115908.18311933,99858.308789836,85905.7276678781,82341.092990242,100600
121495.911368634,115816.092998001,99762.7466373445,85799.1906280356,82227.0652625439,100700
121437.694174954,115734.507420682,99660.8060492897,85695.3598910829,82090.765752002,100800
121381.036497593,115662.408167849,99560.2156628565,85580.6533895239,81960.8393580127,100900
121299.569924425,115569.490818622,99462.6388380648,85471.707241336,81833.8498867644,101000
121251.295993632,115467.806068606,99363.7546008213,85360.7321809655,81708.2064634061,101100
121208.32744068,115393.702828012,99268.9134222626,85240.0428667922,81583.3933714064,101200
121150.688330139,115312.884596907,99163.8528984244,85139.8138940304,81457.2411417262,101300
121092.458583919,115238.316888656,99061.3177191834,85029.9334173106,81329.8020400563,101400
121035.663731869,115175.190021857,98967.7888117401,84921.209876822,81203.5056125213,101500
120977.784884411,115105.704941142,98862.7382043038,84810.9433718488,81077.3266547937,101600
120919.401820384,115079.839543186,98776.8836965436,84691.5026376451,80951.533745207,101700
120840.196163712,115029.449326951,98671.3780600793,84564.6390017681,80826.320695972,101800
120738.30869507,114941.358349229,98577.6766003959,84451.4576993884,80701.5424470387,101900
120641.271431355,114850.56561069,98469.3315151522,84343.2894166946,80585.6500005787,102000
120583.673520659,114737.066026845,98368.5222111348,84240.8945848894,80478.4426928676,102100
120527.966193882,114653.632654868,98272.5500174719,84117.8362757003,80372.1164579576,102200
120482.521355299,114577.576931738,98174.9005073804,83991.4201387786,80256.4665755191,102300
120439.074106265,114496.974825601,98076.0900056732,83873.0842244698,80143.832074399,102400
120394.385691094,114430.812957919,97976.4298208981,83752.480489129,80048.4977073507,102500
120339.138485039,114365.242722989,97887.6677521102,83641.5023281615,79968.2466608136,102600
120306.992140861,114291.262414644,97796.1936220015,83531.7183001035,79878.5761180316,102700
120264.957317812,114220.496286649,97695.7852022634,83428.4960431538,79759.737446427,102800
120213.839645362,114142.177575266,97598.1682236802,83318.0215901085,79648.5062003421,102900
120154.395196024,114057.351968172,97484.4985641873,83211.812847968,79555.8247669444,103000
120095.123624826,113973.42073992,97395.3711740059,83105.6611741116,79450.7800096242,103100
120035.9700015,113904.743727029,97299.6213956436,82996.9658941318,79351.1112269649,103200
119975.915793762,113814.553027574,97201.3307321335,82878.3733193764,79251.493225429,103300
119908.520856052,113719.89023543,97089.3698196626,82757.7366854171,79150.9245882444,103400
119832.905604257,113628.169434655,96983.9965943856,82650.9627053825,79028.8591064061,103500
119737.382882296,113565.391654009,96881.8165463418,82543.0475706611,78913.7547434153,103600
119679.852178643,113501.037072841,96790.9284923929,82441.4546488238,78789.5410914252,103700
119621.976111009,113434.829196334,96690.2982293037,82339.9102524614,78665.1798490917,103800
119499.261657553,113347.092240358,96596.2362390702,82237.6872486535,78540.8541652422,103900
119395.733166613,113272.883374069,96492.4221859817,82127.9761510092,78437.4503508976,104000
119344.107494812,113216.995985703,96384.3131439001,82009.0487091046,78349.0239069914,104100
119297.350854318,113152.254644708,96288.2809888032,81910.409983413,78220.6026992317,104200
119250.502950491,113075.929750951,96186.462767628,81807.0229086922,78091.7788093412,104300
119203.552785875,112994.284079845,96079.3089674301,81691.0855876732,77962.1930309721,104400
119134.071532952,112888.205218928,95975.7283358938,81595.1421501755,77838.7492218723,104500
119062.659347632,112782.619395792,95884.8460369099,81501.4234518449,77724.8869081032,104600
118988.860047601,112704.973568498,95784.764094716,81398.9968275182,77614.7295532272,104700
118920.730164185,112627.278522274,95679.259121361,81280.6587527827,77507.6475730346,104800
118864.304622987,112548.417295804,95580.941585854,81153.8559602374,77400.8198750126,104900
118806.238753875,112471.742257467,95487.642572588,81059.3776413045,77294.1089046142,105000
118746.191858656,112391.805912286,95384.8849532748,80947.3071783727,77184.6500767968,105100
118684.93224968,112314.083389665,95290.7655610893,80841.8882606838,77072.6344606342,105200
118628.979057355,112236.937740574,95195.8530716235,80739.8279668927,76964.8175912562,105300
118568.523818611,112159.743927417,95099.0498320167,80632.0571826389,76853.5228215903,105400
118496.812751939,112086.271498456,94990.7305658234,80507.3365169686,76738.1428482751,105500
118420.932716071,112009.751092711,94878.9076729603,80389.8995928517,76622.2886380726,105600
118343.334277739,111932.063078722,94776.2740634818,80272.618649582,76507.5912771539,105700
118265.680979226,111850.494298902,94674.6002583784,80163.4252813653,76393.0524610147,105800
118229.995317288,111773.065104727,94575.6972109476,80054.7444801758,76278.6169771322,105900
118195.078100867,111695.58991481,94479.4551776385,79947.4573220288,76164.2850034655,106000
118127.263547737,111617.840692491,94378.0921568713,79847.1674269619,76050.0567164892,106100
118048.403328666,111540.502977499,94284.7362724354,79741.5465081615,75926.7177319409,106200
118005.166522946,111462.835835357,94182.7197475639,79630.6546211479,75801.6173536439,106300
117939.651467066,111390.378639366,94085.4709281453,79516.0681775802,75691.6924648707,106400
117873.841703389,111323.675412813,93993.3097292248,79405.5458550976,75577.3707989758,106500
117826.522534739,111254.143110241,93893.5379715003,79304.2829859606,75462.3513334635,106600
117753.80042197,111181.812766466,93783.4640876398,79212.8445392737,75345.2645528205,106700
117692.954186197,111107.706271738,93675.1100617851,79098.994593672,75235.3594724764,106800
117622.528155471,111035.717172131,93566.9749721442,78993.8736849616,75128.6745752954,106900
117525.769092341,110966.176433796,93466.7751352331,78883.2026104535,75013.6614822284,107000
117429.204538816,110898.475145465,93369.7677737709,78771.4385618091,74906.0188514365,107100
117337.985374066,110811.239567393,93274.788000888,78655.0508776979,74795.1820960634,107200
117272.104536065,110713.376067193,93173.9795962712,78544.8050128062,74687.4670720846,107300
117242.272497467,110638.060229878,93075.0434063683,78433.777126982,74574.6021070516,107400
117212.347353418,110554.20597641,92975.7180823654,78319.1044713686,74461.8431469198,107500
117152.163673256,110477.180335971,92876.6102339183,78204.7714670663,74350.6373765454,107600
117077.439312509,110401.316540739,92783.6995914503,78086.1457696177,74239.6216050208,107700
117000.974272626,110317.930111801,92689.0533074832,77977.0824855392,74128.7076892056,107800
116921.32035167,110238.642011818,92592.3209672306,77864.7904974926,74017.8957863575,107900
116818.478462886,110148.397836677,92497.9076776339,77778.0623559015,73905.4019468554,108000
116738.909326086,110062.947574943,92400.4784721278,77657.5287645211,73786.4932511404,108100
116690.984705924,109983.428546937,92294.9656805711,77529.8296644459,73673.5467106004,108200
116622.171089774,109910.626351625,92186.0018579212,77409.8605019537,73560.7104126075,108300
116546.470869423,109838.986166676,92074.7378491661,77296.9550200133,73447.9844961275,108400
116470.387649401,109769.519063891,91975.5312338763,77203.8784873154,73335.3690987792,108500
116391.62295083,109705.247743881,91876.6870131384,77114.0358088975,73223.1823296899,108600
116310.553401757,109632.496363741,91782.3090195276,76993.8506138586,73111.9711860063,108700
116229.441962926,109566.792086448,91689.1011540013,76874.9823057007,72995.0411814538,108800
116148.288981396,109505.864288501,91597.963698363,76778.0223812723,72875.6099094159,108900
116067.094803212,109445.418172877,91502.8481164427,76685.6157838878,72756.3128551186,109000
115992.489603373,109379.624865811,91407.9472707016,76578.4128262506,72637.1501117132,109100
115933.477747085,109292.771457692,91309.8848619954,76482.7908443783,72518.1217709992,109200
115862.876325639,109222.989490194,91216.192276423,76389.9487027773,72408.4158505847,109300
115787.557146362,109150.239528798,91115.3016241288,76292.586154727,72304.18534009,109400
115712.190380636,109077.167886653,91009.4094468606,76193.9949106785,72205.9898464777,109500
115636.776361575,109001.023325391,90903.0238687791,76094.1096875414,72096.3647561206,109600
115560.56003174,108924.277856652,90814.6340760357,75988.8828784753,72005.1224405377,109700
115484.115402577,108847.345837701,90725.2155706054,75893.6066457929,71889.2655341128,109800
115407.625616617,108802.122292771,90631.3500728218,75799.0197982594,71785.0461700683,109900
115357.309006794,108742.619616721,90539.9328939727,75703.5088072354,71675.5375752522,110000
115310.203390754,108674.175195563,90444.1298564816,75596.6914568199,71567.2866763113,110100
115241.037948198,108618.536286992,90350.6605194921,75486.6052720628,71455.2937735949,110200
115170.635807651,108552.442994829,90260.4419390467,75376.702282184,71344.9468829918,110300
115122.138069804,108486.590625132,90168.4971347412,75266.8974487824,71232.9518423522,110400
115048.890250081,108406.137263322,90074.9909767226,75158.166593779,71123.0188418348,110500
114977.786877423,108328.917352694,89982.8772953291,75057.116606063,71016.8532646402,110600
114939.492492924,108257.741418044,89870.1682867929,74950.930670629,70900.9590772339,110700
114900.205321816,108191.577831338,89758.7587506162,74837.0702382855,70791.5617771346,110800
114830.636078319,108121.60648435,89662.9872167564,74733.1505228491,70684.5189779566,110900
114745.433849544,108037.391809889,89573.278323298,74631.426524047,70563.9276997136,111000
114639.152568624,107963.866228733,89474.1639282591,74520.1854906513,70467.2337510417,111100
114548.092418459,107890.303296534,89373.2171239958,74414.7163314097,70359.8931068129,111200
114491.022093179,107821.193849242,89277.8609752519,74310.5410282155,70246.7017040809,111300
114406.357557324,107765.715335625,89176.4744985742,74207.1856824169,70142.5050841714,111400
114321.413131116,107688.309601893,89083.2285012128,74104.2824496007,70035.9618750156,111500
114239.423913926,107605.047187531,88991.7550118247,74000.3164350375,69916.8718152867,111600
114170.82947098,107526.381083242,88905.1579000005,73905.4283281351,69818.9126628926,111700
114108.026858061,107462.662831529,88818.4450811378,73804.8077995089,69710.4399039178,111800
114046.919868854,107394.620761084,88731.8992101137,73702.1295368847,69591.1739028062,111900
113984.96210659,107326.49337338,88631.8286140037,73606.4108715326,69481.4805476251,112000
113922.947452743,107261.070840477,88532.8691033465,73512.6212718671,69385.9829041934,112100
113844.851417995,107187.321908809,88440.9050843576,73408.8353958114,69278.077547423,112200
113787.818392419,107104.512174512,88343.5356498249,73309.0127792548,69170.7120155631,112300
113731.416803515,107028.295865634,88253.923115636,73197.8919187168,69058.0354315777,112400
113674.953203587,106950.021311239,88161.0461339702,73084.8192049229,68941.6684760063,112500
113617.993438952,106871.120277473,88064.2855859465,72966.3617357425,68825.4433608531,112600
113557.138562301,106793.390961552,87970.479418476,72859.4658852287,68715.2791777541,112700
113492.413048859,106713.508786916,87876.1427372701,72759.6240531722,68611.910208984,112800
113396.581831439,106631.421326202,87783.4082073759,72656.8574439134,68508.4151539505,112900
113339.233687885,106550.019961439,87687.5859700448,72545.4900734397,68385.1981002539,113000
113281.825837731,106475.007340181,87588.1946090226,72434.6302858639,68279.015818521,113100
113224.358557838,106399.964358328,87483.9891383391,72324.4477983046,68176.1551322214,113200
113166.832124415,106325.929974397,87388.4073979319,72215.7612401391,68063.6210682956,113300
113108.618874513,106251.317628387,87298.8234842391,72119.4732628744,67947.629343176,113400
113050.343377802,106183.081663288,87213.1614831375,72025.2752865881,67857.2800418399,113500
112993.900655246,106117.947197905,87124.6088002236,71913.0878379332,67768.8961020087,113600
112933.265871344,106052.770518437,87040.1229621427,71798.1538189213,67671.0549140859,113700
112857.598384701,105987.551896178,86949.0705362564,71686.7011724486,67572.5797510561,113800
112781.842031392,105896.330084955,86864.6810990496,71572.6370228656,67468.6395288436,113900
112705.898588739,105803.843693282,86774.7623531038,71458.6992930633,67363.273991892,114000
112655.066273401,105726.084275553,86691.416879478,71345.3178960017,67255.4106117616,114100
112610.452881045,105651.780273937,86596.9787351795,71232.7396744989,67149.5492368957,114200
112565.770983186,105576.865823729,86496.8339827769,71134.6127270035,67043.8031332394,114300
112489.785586418,105501.718872858,86402.8448532253,71037.5728614018,66928.2872501424,114400
112412.025426988,105430.607087308,86308.6463095634,70927.3139276852,66811.2986095408,114500
112352.432523693,105359.401370745,86212.7121514393,70829.0585217862,66694.8828377107,114600
112291.962063305,105283.35667928,86110.3812452055,70732.71141423,66592.921540467,114700
112214.988993343,105205.510093101,86017.0060590753,70625.7506835818,66489.704695936,114800
112137.983753942,105127.641907312,85932.7402124446,70526.241719396,66377.7171537625,114900
112060.94663175,105049.629640208,85830.1192343106,70420.81369653,66266.0107295383,115000
111983.877912598,104950.412332245,85733.609981504,70319.8627892031,66154.9565058999,115100
111907.794002377,104851.210195866,85641.0158567344,70220.6624962388,66044.038593609,115200
111852.993622884,104779.110571735,85545.5315142154,70125.9114712363,65933.2570176348,115300
111798.135990683,104728.478183916,85450.9320151724,70034.6076028837,65822.611801938,115400
111740.783070217,104641.148369795,85352.5784785571,69943.4381794717,65717.0513269601,115500
111653.347891326,104571.181309993,85255.2945319996,69849.9755789257,65616.1332685918,115600
111564.780665925,104502.852439519,85155.5621156312,69757.0305995711,65514.0442639578,115700
111512.527236956,104439.636236543,85066.834052648,69661.4473233628,65409.2608347162,115800
111432.071435402,104372.033035403,84978.4628392133,69559.8232358289,65306.551395618,115900
111372.831784501,104292.805747228,84879.9194581851,69459.6770265882,65201.9796346266,116000
111313.394923186,104210.217819962,84782.9064844323,69356.2098117777,65087.7594730325,116100
111252.744795621,104127.776303684,84682.7698076313,69252.2782498887,64973.6912040194,116200
111192.04546615,104046.692760933,84587.7285872588,69150.8629740999,64859.7748132575,116300
111131.297192855,103963.280568437,84504.2156607744,69048.1033677546,64746.0102854559,116400
111061.143824603,103866.370003271,84407.8052837897,68946.9212744137,64632.3976043677,116500
110986.425578145,103758.673925502,84308.0438750813,68844.6195090362,64518.936752795,116600
110911.676121947,103662.488568707,84218.7677486622,68743.3091972,64409.2365913697,116700
110836.033862635,103580.817247804,84127.2235204554,68641.6803408461,64309.1509133771,116800
110783.064019953,103502.970123855,84041.9887065968,68545.576645189,64209.8106341224,116900
110692.447089804,103425.105897717,83947.0433843258,68444.6607541933,64110.5769048651,117000
110608.137072295,103360.940385488,83853.0214981799,68352.2066529396,64011.4497860616,117100
110531.610081554,103273.512032313,83764.5724541875,68251.8822571186,63914.2543558785,117200
110440.21939648,103189.497085449,83664.1351246787,68145.2794227565,63818.6162057857,117300
110348.196554233,103110.252972572,83568.0770043969,68042.4037909506,63723.0748609854,117400
110256.170519815,103030.371440457,83477.1558694643,67943.5293225723,63627.6303940398,117500
110164.14156517,102948.470937603,83389.3728188513,67845.9185223286,63532.2828766369,117600
110108.770479959,102869.295136636,83299.5549451286,67749.0142091697,63433.7625172769,117700
110055.820634506,102786.490020988,83205.2095919485,67650.4814173001,63327.1978352148,117800
110001.211452618,102713.547347898,83110.9112081476,67551.8511275189,63234.753993349,117900
109926.524823593,102623.497658111,83016.4498924904,67437.3025906373,63144.085873522,118000
109857.621680606,102554.272920602,82922.3822346316,67325.6895477351,63053.5025219154,118100
109798.48834222,102471.784616458,82826.9327445995,67234.0230709195,62951.6074102141,118200
109737.82479772,102393.109525113,82729.8198616765,67146.8203868483,62843.6072165479,118300
109675.326702367,102309.399839148,82634.4387191847,67048.9793709316,62735.8214522821,118400
109592.012943408,102225.685691157,82549.8647737663,66943.4990543817,62642.9744770523,118500
109507.06206163,102143.274661662,82459.8953121399,66836.6337559175,62554.3500500198,118600
109422.036568918,102069.69449174,82362.8110539944,66741.6090423622,62465.8066649374,118700
109336.999524914,101996.094967537,82262.3330785912,66647.2674879212,62377.3444073839,118800
109246.279424396,101922.476329127,82172.698421645,66548.4881312925,62288.9633621389,118900
109165.069435215,101844.779224331,82084.2029591117,66452.1341414193,62191.2321337677,119000
109088.878059692,101772.590355984,81987.337802258,66355.7508834718,62092.6605299125,119100
109023.166936939,101703.751361492,81891.8515682446,66259.5216227872,61994.2014565294,119200
108962.473469923,101630.602550556,81803.8807881902,66163.3853764718,61895.8549470725,119300
108901.807559595,101533.594759851,81720.0484091,66063.2962561159,61797.6210341729,119400
108842.24522734,101452.379665312,81628.0887244841,65959.1009975527,61699.4997496425,119500
108783.998961892,101373.868017957,81531.3730204686,65858.071307823,61600.9405550762,119600
108725.664072843,101294.355851505,81434.7151617001,65770.7823863238,61495.4617125055,119700
108666.042243564,101214.073374986,81338.9173257681,65666.8381035676,61390.1207024276,119800
108606.363394725,101145.885631752,81255.3760646696,65563.7763566193,61284.9175068058,119900
108547.61740441,101054.334453734,81169.2116786595,65470.5558319908,61179.8521068013,120000
108487.837177177,100965.850363992,81078.0679601659,65379.7140337741,61081.9280599722,120100
108430.816006749,100876.225849898,80985.1198112128,65289.15246579,60985.5002715665,120200
108371.075160948,100792.73212061,80898.3996386335,65192.9357875733,60881.9695698776,120300
108294.10172091,100701.120582153,80812.8294792028,65093.2515539289,60785.0195797319,120400
108227.140749286,100615.49756127,80727.2942012195,64992.3895905235,60694.405310392,120500
108164.627175572,100548.799724816,80639.3483217904,64889.7139433329,60581.6981985998,120600
108090.380478773,100458.285870009,80550.2966508947,64788.6212244517,60469.1588774388,120700
108008.398304863,100369.306308021,80454.8407668737,64698.7708589026,60365.040036687,120800
107925.101858742,100304.677907339,80359.1058347411,64592.7306511758,60262.3131001128,120900
107840.876881995,100242.930123117,80262.1792387288,64496.6307139012,60164.5245258775,121000
107744.573708078,100178.812404384,80162.3790796817,64403.0690927109,60065.6927624767,121100
107675.191363661,100103.295825669,80062.8257943607,64309.8153451832,59966.5896194598,121200
107613.62226485,100023.541537392,79969.9307709076,64214.6641585869,59863.0828193527,121300
107567.983808749,99941.1971581719,79876.6120717143,64115.210355534,59759.9996948058,121400
107522.291780497,99866.3026410326,79789.8255375332,64020.306251052,59657.8520005568,121500
107476.546384807,99789.3047699474,79704.5928201429,63918.5439101171,59562.0253033965,121600
107424.142719281,99710.2074343457,79613.391610267,63814.7481144939,59495.0032990873,121700
107352.074634154,99630.3535292747,79522.7915951973,63713.9491242578,59407.0294529333,121800
107265.660889925,99550.4965039708,79424.8637244008,63609.6285869097,59307.5367639432,121900
107179.245106593,99480.7651830736,79327.4843548731,63501.7973212778,59205.508543482,122000
107092.046846282,99409.2238623285,79230.4773436349,63408.0386079173,59103.6161739137,122100
107023.861170347,99349.4408067629,79141.4573641272,63317.5505535531,59001.8596230134,122200
106987.145117593,99285.6974805374,79053.4761513814,63224.8317175669,58900.2388578441,122300
106951.85366987,99221.216418229,78956.8570972136,63129.0749309821,58799.5488351268,122400
106893.737618471,99155.0836510594,78860.7476184072,63028.8969991382,58704.5773330081,122500
106819.452080482,99062.221762675,78767.0780754308,62935.3994275585,58609.8996706211,122600
106743.881413201,98967.472995748,78679.6878796006,62842.4865862126,58515.3357722213,122700
106668.293363108,98882.473523539,78592.3306614699,62747.8075821682,58419.5519451235,122800
106592.688158147,98813.588588102,78493.8466428175,62651.2349594796,58322.6165157649,122900
106525.680046268,98744.6864962051,78408.183217094,62552.7358165466,58228.1133318639,123000
106462.875538046,98657.6826345437,78318.9883214069,62452.5029065302,58133.7249031383,123100
106392.039458607,98584.3315699573,78234.5948689718,62350.8546439049,58039.4512303733,123200
106314.042237846,98502.0397825984,78143.9077747619,62250.4853009009,57945.2923136709,123300
106236.032445065,98421.9012697019,78047.7590705576,62150.2366644277,57851.2885150502,123400
106158.010305034,98361.4650108813,77956.9667698618,62050.8684372656,57752.7776572865,123500
106085.119591363,98296.2146812629,77868.3982987862,61953.1304454019,57653.8923164243,123600
106025.636512278,98225.3337637079,77777.6774713195,61858.2913380475,57555.1386471869,123700
105966.117538168,98154.3769671992,77689.1490571714,61768.563596024,57456.516613886,123800
105906.562878722,98081.4242947738,77594.6115949872,61680.8572493597,57358.0261801767,123900
105846.972743117,98008.462051193,77500.7835579067,61592.7938402562,57259.667309061,124000
105787.347340028,97935.3730988096,77405.2165030174,61502.1758377775,57161.4399628919,124100
105727.686877625,97851.4143525659,77311.4918861118,61411.3341849174,57068.5776124025,124200
105667.991563572,97770.1001738496,77219.0171342576,61321.171463667,56976.2278921741,124300
105619.123754949,97673.9021962564,77131.378039425,61227.4327807132,56883.9908299657,124400
105578.672219686,97601.2707796979,77043.7980605813,61128.8590627927,56791.8664216621,124500
105497.751792956,97531.7756844322,76955.5067896418,61034.3135224441,56699.8546625075,124600
105427.08678421,97462.2674129298,76862.7083968748,60936.1434332467,56607.9555471083,124700
105351.383688448,97386.3200202013,76772.5965382172,60838.0921233524,56516.1690694361,124800
105275.373041632,97308.0587814886,76685.7785157773,60741.0696343611,56424.4952228314,124900
105223.954502285,97226.6904980521,76595.1028005851,60643.4347790773,56332.9340000063,125000
105142.26101866,97148.2141263481,76501.1288064762,60545.2324841024,56241.4853930475,125100
105054.546798718,97069.7052489059,76408.7825554044,60446.6872754741,56150.2643098618,125200
104966.582513023,96989.5494850469,76317.4951270507,60353.0492799945,56059.7267689275,125300
104878.39805293,96918.3786844926,76223.7630539874,60259.6362528374,55969.2996117099,125400
104795.292044959,96845.4979073878,76130.7977800717,60166.5390519241,55873.4823712385,125500
104715.824338084,96760.8778223235,76039.4768781149,60073.1719395795,55775.1351882787,125600
104636.350756154,96676.164270451,75944.6288536027,59974.9299932252,55676.9260411187,125700
104556.8715095,96591.4637623802,75851.5782167394,59877.4076156082,55589.8330252443,125800
104476.446841707,96510.1329357225,75763.2302073651,59784.1329474681,55501.7674780623,125900
104395.552512052,96429.691163287,75678.8289266506,59694.2003099394,55406.5673669418,126000
104314.655137261,96350.2924928604,75589.713251722,59591.5453586068,55311.4957204806,126100
104233.754925617,96272.4990926961,75498.8806150491,59489.1856846283,55216.5524930138,126200
104152.852084753,96194.7084222051,75408.0131979544,59394.2727402383,55121.7376382979,126300
104071.94682166,96116.9206718926,75317.2561662869,59301.144095409,55027.0511095135,126400
104014.757608537,96038.2240015893,75228.8969534001,59208.1244518985,54933.0503541438,126500
103963.126064416,95959.1902482339,75136.3006192746,59115.2476364603,54839.219238116,126600
103911.455987833,95888.6471046656,75047.1601282181,59022.5954373653,54745.5142992215,126700
103859.747563756,95818.0962257578,74969.0214340804,58930.0517609865,54650.6156898222,126800
103807.536465726,95747.5377989603,74891.1772219513,58837.616610108,54558.1352488697,126900
103721.335905499,95676.9720111693,74807.5367231592,58745.2899868989,54464.1244119855,127000
103635.143340376,95606.3990487282,74725.2042997968,58650.0826748566,54370.2418831777,127100
103548.958970639,95535.8190974292,74633.2160376998,58554.2679542788,54276.4876104341,127200
103462.782995901,95463.9871492607,74537.5380634562,58458.5738956605,54182.8615411954,127300
103376.615615103,95386.1515968001,74448.3828623099,58373.0090983025,54089.0905802223,127400
103290.234437882,95324.5845642929,74368.3688800342,58287.8130150005,53990.5571330453,127500
103202.769577425,95237.8967114453,74275.0792043847,58195.9357917729,53892.4457454723,127600
103122.269565031,95160.2034722072,74182.5772625098,58104.3157201482,53794.4796831641,127700
103051.514630646,95082.2087557252,74093.0584726716,58014.5796029733,53696.6588535382,127800
102980.745207241,94998.2547089552,74007.2135608539,57923.3203363612,53608.2127871973,127900
102909.961489862,94913.1545359026,73915.1213929814,57833.97236138,53521.4238642674,128000
102845.680819048,94833.0467221219,73818.528703382,57743.070932173,53429.7022819097,128100
102785.317869632,94763.1984808218,73726.9368048496,57654.0533560099,53340.7522681133,128200
102724.927976385,94698.6636448006,73636.6705646239,57572.0756401124,53250.1450531023,128300
102664.511325769,94634.1155255662,73551.2069499712,57472.7492875632,53154.7713777393,128400
102604.068103787,94564.875789094,73462.3499152262,57381.0756742421,53059.6724710375,128500
102543.598495982,94479.4484402826,73372.6242505123,57293.408866894,52965.2451319433,128600
102483.102687438,94405.6513559169,73287.4677989102,57210.8186194177,52867.811204316,128700
102422.580862784,94309.8688367062,73202.1615392737,57124.8643326771,52775.7374230712,128800
102362.033206191,94224.9382671965,73118.1386722912,57030.7978294438,52680.8265968518,128900
102301.459901374,94165.3783163928,73033.5549117934,56942.6447803112,52586.0548535629,129000
102240.861131597,94092.5864779488,72948.3148745655,56855.8313773851,52491.5571051183,129100
102180.237079667,94013.2438072715,72861.8415907109,56768.2929897945,52397.9317057727,129200
102119.587927939,93933.6296259185,72773.2547962288,56666.2065508236,52304.4420600609,129300
102051.223504351,93854.2383002177,72679.4446852998,56572.8032991534,52211.0880857215,129400
101975.538241215,93782.2916770894,72590.9921050571,56485.720798498,52125.5484101195,129500
101899.848476133,93702.3829110151,72499.483279467,56401.106585341,52036.0931606938,129600
101824.154396169,93619.7785810611,72411.3094917113,56312.6937345543,51940.3662190404,129700
101748.456187833,93539.1419875066,72318.7241093271,56217.7910750767,51844.7845647861,129800
101677.070789662,93459.318878098,72230.3546690965,56129.4305149992,51749.3480914673,129900
101616.245471332,93379.5085802691,72147.8261396215,56042.1210318515,51655.8866307556,130000
101555.396448376,93299.7112626093,72064.7170981637,55950.2200491834,51572.2526283495,130100
101494.523899266,93219.9270931268,71977.7904221434,55861.123138515,51490.4296303106,130200
101433.628002028,93143.0520094119,71895.5389501534,55772.7250965935,51409.1152760722,130300
101372.708934246,93070.2678902993,71807.3871278329,55687.6407706502,51327.9965251503,130400
101311.741833555,92997.4859558099,71719.2506176941,55606.2830653376,51247.0507022302,130500
101249.876485108,92924.7063735258,71635.1705378164,55521.5126363077,51165.1012873079,130600
101187.989725354,92851.4146258711,71549.9696729506,55434.9396259508,51084.9172939797,130700
101126.081730428,92778.0112205872,71462.9409626802,55341.4697041097,50997.460888463,130800
101064.152676022,92687.9497908541,71375.2556917714,55247.6288677955,50915.7919476237,130900
101002.202737383,92597.3126578696,71284.4173629208,55156.6891846796,50831.5852090589,131000
100930.59282248,92511.9027820365,71191.0738848515,55068.8091751845,50740.9568801182,131100
100875.457438687,92433.3977100242,71097.8115586258,54981.8615880181,50657.8958660579,131200
100797.515115259,92357.6060350471,71004.6304485791,54898.5232749302,50574.9469211504,131300
100726.35834992,92288.0641678357,70917.5725251483,54809.5870433909,50492.3198820469,131400
100671.62360446,92218.7446046372,70833.466088203,54720.088586334,50404.911179229,131500
100616.860437506,92147.6179386821,70742.9110709045,54632.7214987525,50316.2750705698,131600
100561.95469541,92079.3684724263,70654.8039308822,54545.4624235189,50227.7659790323,131700
100498.069582736,92011.1165088017,70558.3893093576,54458.3113364884,50149.3459766542,131800
100425.241095041,91942.8622087353,70465.3330168509,54368.6530121089,50072.8822658007,131900
100352.140624095,91874.6057326774,70365.8254348091,54276.2376283087,49996.8287465477,132000
100279.035884471,91806.3472406022,70272.7648905493,54187.1142987389,49919.6194304658,132100
100205.9270501,91738.0868920092,70189.1597424642,54110.886114846,49838.4324353639,132200
100132.814294406,91675.0846793284,70098.2852851851,54024.1748454669,49757.3490447473,132300
100058.835343057,91600.6340609583,70013.7719008586,53938.0980884513,49676.0444384501,132400
99984.8350709035,91530.7261241261,69927.8980042725,53851.1786094385,49594.5432773521,132500
99910.8326308751,91457.8987535642,69846.4265373456,53760.8581809605,49513.6363971286,132600
99838.0560278207,91386.3874604222,69770.4086192217,53665.3613445704,49432.8334024322,132700
99771.4640540856,91322.4886597053,69687.656020646,53578.905014766,49353.4317050103,132800
99704.8601901282,91253.9015221514,69599.0821772589,53484.0913214707,49275.8889041355,132900
99625.053581031,91173.2528330185,69515.646798183,53397.6542874375,49198.4400926354,133000
99539.1946985993,91092.5187038747,69429.1501862818,53310.4610128322,49121.0852521834,133100
99452.554629739,91019.2817409498,69337.8109666647,53225.3760675803,49043.8243640309,133200
99362.5835616967,90945.0858016051,69255.5516104054,53140.3970241849,48963.2004291009,133300
99272.9794541929,90870.3747527435,69171.7481291573,53055.523853949,48876.1875126354,133400
99183.4004185297,90788.8189129268,69086.809171002,52971.1494466829,48789.3018598927,133500
99093.8466161003,90706.6535722122,69007.1662873459,52887.3370594799,48708.5291774059,133600
99013.476952114,90621.2771125248,68926.9403231096,52801.7257857892,48628.2451266449,133700
98938.455394839,90525.7363451243,68843.3590107524,52712.3708451541,48548.0662943669,133800
98870.3660697121,90430.2460037968,68759.8408479061,52628.334416037,48467.8383475969,133900
98802.2685073371,90334.8062168945,68676.3859079834,52544.5992633529,48376.6219487253,134000
98734.1628714713,90261.3286193267,68594.9638625988,52462.4805247715,48287.949438716,134100
98666.0493254195,90196.6475486511,68515.3826888886,52380.8859619159,48209.0399813733,134200
98597.0128753718,90115.8884568446,68431.7050343933,52299.6576264338,48130.2329242181,134300
98527.9309177472,90041.088901672,68352.4046789015,52210.3413594948,48046.7328339489,134400
98448.6380702892,89964.7583244842,68274.1716602547,52120.9264790367,47962.1517742937,134500
98366.5980600278,89883.5321319588,68187.2417193273,52037.1873717227,47877.7505486146,134600
98284.0850945844,89808.9240399291,68104.9371085878,51959.3074245148,47793.4714699235,134700
98212.9233643934,89721.9435772258,68022.9328583854,51875.2270389602,47709.3144552379,134800
98154.2716837956,89651.7852869871,67935.6813409513,51788.8047622883,47625.2794212263,134900
98092.5963693947,89585.0500875162,67848.5044565205,51706.0563021599,47541.4257298557,135000
98039.2687333048,89517.2765811273,67766.0507179488,51623.9400749488,47458.0049309022,135100
97980.9060280075,89440.7263430094,67684.2156104174,51542.3297777027,47374.7045884873,135200
97901.5005092699,89368.8332293448,67602.44278183,51464.1575271093,47291.5246205766,135300
97817.2148483236,89294.5244058858,67518.6006974129,51386.3180309417,47208.4649447959,135400
97732.3851353118,89217.8004243047,67434.7644513413,51301.0780119527,47125.5254784327,135500
97647.3658830568,89148.6094562465,67352.1799991084,51214.8476162321,47040.9633825571,135600
97562.3675311588,89079.4237070053,67267.9386278831,51132.5280743239,46955.9070767877,135700
97499.6879760756,89006.3418115453,67181.2884302342,51050.3132294948,46874.560042943,135800
97423.0335337327,88937.1581245535,67093.0634516061,50968.5477166918,46790.6025192181,135900
97339.3452456412,88864.3101953941,67004.9181363282,50884.5166198477,46709.4404545521,136000
97267.6294898128,88785.2784531425,66922.5150281115,50796.3580296896,46626.5060447233,136100
97200.7233374813,88706.1433245718,66840.6206246278,50716.0867666694,46546.6421236497,136200
97133.1112843533,88627.0309548377,66759.1886255964,50639.5945888669,46464.1849270103,136300
97065.4941211392,88551.3679918418,66680.3219125743,50563.1905905838,46381.8488516866,136400
96997.8720005288,88478.7518514508,66602.1925048659,50486.4261803464,46299.6338080834,136500
96930.9483332349,88401.5082322401,66525.0972643963,50409.4032979067,46217.5397062948,136600
96864.3855951653,88324.2847811976,66447.5191923878,50327.1576047567,46135.5842044906,136700
96797.6246711067,88247.0816324944,66358.7119868732,50251.3975487041,46053.8007766249,136800
96730.3828970401,88169.8989198187,66269.8204484113,50170.6651061817,45972.3150407485,136900
96663.1362791662,88091.1321439108,66181.0126860544,50089.4535251433,45891.1401891666,137000
96589.8818026526,88012.4073740301,66097.5467772606,50008.3467597942,45810.0842886038,137100
96516.5402479112,87934.4841153147,66015.8541546319,49925.4779949021,45729.1472506994,137200
96443.2031699475,87866.2216457439,65936.0448003098,49842.5629410473,45648.3289867935,137300
96369.8707177645,87797.9655947193,65852.173444761,49765.6549102341,45567.6294079289,137400
96296.5430399121,87729.7160973559,65767.2382189913,49686.0450270762,45487.0484248528,137500
96223.2202844874,87660.6269062612,65688.1972258183,49609.5237919893,45410.8309612932,137600
96149.9025991368,87581.5754267205,65604.3724929796,49527.643517948,45334.8709633495,137700
96076.5901310562,87502.8225782522,65519.9468509256,49444.5287385465,45259.0141815968,137800
96002.6975934895,87431.4039816818,65437.0206030817,49370.2557270613,45183.2605577603,137900
95928.6803964721,87351.4833864508,65354.4834377247,49290.7353192913,45107.6100332511,138000
95853.9605426489,87261.0114507437,65270.431177689,49211.3171539615,45032.0625491682,138100
95777.0706522661,87179.4438908953,65185.0216255047,49132.0011870236,44956.6180463001,138200
95682.8118310734,87105.5465351321,65099.2847960769,49052.7873740776,44881.2764651269,138300
95626.3196343493,87036.9869388663,65014.9524137605,48970.2731964683,44806.0377458218,138400
95559.4497343275,86962.2075208111,64927.6004819644,48891.1791999694,44730.9018282533,138500
95485.5997114699,86891.335187663,64841.1419938783,48812.8601340043,44655.8686519864,138600
95411.7571060126,86820.4754611639,64759.0310952916,48735.9398645895,44580.7730499389,138700
95341.6094579637,86749.4947043343,64679.0292532824,48658.2490408748,44500.376485783,138800
95279.016213321,86677.4354065479,64596.1703751405,48579.6472000431,44420.1018523916,138900
95218.2397845823,86605.3911117605,64512.6377194343,48501.1471927226,44339.9490461958,139000
95133.334489382,86537.867088377,64429.179737594,48422.7489717694,44259.9179633735,139100
95060.6350221714,86466.3261765277,64345.7964672182,48344.4524897046,44180.0084998511,139200
94972.210700574,86392.2383060666,64262.4879454518,48262.969526916,44100.2205513057,139300
94898.2494672872,86319.7221961118,64181.008232533,48179.6868304463,44020.5540131666,139400
94825.0762664343,86249.3383760042,64099.4397447695,48096.6518634275,43941.0087806174,139500
94751.9108227042,86178.9677664671,64019.9293989318,48014.1375152403,43861.5847485982,139600
94678.7532749174,86108.6104922234,63941.1165801346,47933.8762452194,43782.281811807,139700
94605.4331571858,86038.2666775824,63856.4583136308,47855.0721294756,43703.0998647018,139800
94531.8199232241,85967.5450231409,63770.5783738395,47777.1461232985,43624.0388015027,139900
94458.2157091058,85895.2603216791,63688.6609067364,47698.802646361,43545.0985161935,140000
94384.6206518551,85822.9927104533,63604.6268471115,47620.0618440272,43466.2789025234,140100
94311.0348880675,85750.7423110563,63525.4535053019,47541.4268867695,43387.5798540096,140200
94237.4585539103,85678.5092446612,63446.3467836336,47462.8977140693,43309.0012639381,140300
94163.8917851234,85607.653897485,63367.7915094768,47385.7790999065,43230.5430253665,140400
94090.334717021,85538.0328363573,63289.4790343564,47308.7650369763,43152.2050311252,140500
94016.7874844917,85463.1028504804,63211.9817389312,47231.8522959782,43073.9871738195,140600
93943.2502220002,85397.5299976503,63136.7342150719,47156.7224618297,42995.8893458315,140700
93869.7230635878,85333.5914945412,63060.8724860327,47085.2088277541,42917.9114393214,140800
93796.2061428735,85260.0119060016,62983.9712568694,47013.780010588,42840.0533462302,140900
93729.5050712955,85179.5306273531,62911.0038902577,46942.4359870144,42762.3149582805,141000
93669.733985822,85108.6775577297,62838.0905876512,46871.1767333997,42684.7022629619,141100
93603.032928277,85037.8407200505,62761.510895731,46796.2530002605,42607.438531905,141200
93528.1874438851,84967.0202323498,62677.3147479728,46719.9861713014,42530.2933609676,141300
93453.3551414726,84896.2162122595,62596.437627104,46643.8202781621,42453.2666428015,141400
93377.5075062006,84825.4287770107,62518.9473665596,46567.7552655004,42376.3582698476,141500
93301.33911865,84754.6580434343,62441.2389858338,46492.3655647454,42299.5681343377,141600
93225.1864236639,84683.9041279618,62369.4933028478,46417.3289396035,42226.8873998996,141700
93149.0495498131,84613.1671466267,62297.096676861,46342.3904517037,42150.4505719293,141800
93068.3826584432,84542.4472150652,62220.7513487178,46265.0780467344,42073.410514535,141900
92988.2334983007,84471.7444485171,62140.8170651023,46186.8209657951,41996.4904096087,142000
92914.849699842,84401.0589618266,62060.8363225729,46108.3741829317,41919.6901434925,142100
92841.4778381356,84330.1152444473,61980.5156301418,46030.0378499042,41843.0096023355,142200
92768.1180409887,84258.5060644282,61901.4458270657,45951.8118885609,41766.4486720953,142300
92694.7704358003,84186.9161651149,61819.5902891849,45873.4751820134,41690.0072385398,142400
92620.0202979447,84115.3456590399,61739.0605499216,45794.9791191218,41613.6851872487,142500
92544.6491675391,84043.7946583404,61658.6053534615,45716.5948636464,41537.4824036156,142600
92472.6175258955,83972.2632747585,61578.2247243589,45638.42739638,41461.3987728492,142700
92401.7097259485,83900.7516196427,61493.1400539635,45561.0398144455,41385.4341799754,142800
92328.8607495083,83829.2598039483,61413.7188763321,45483.5855082645,41309.5885098384,142900
92255.8214459493,83752.661563387,61335.9756633875,45405.7210389353,41234.4787244636,143000
92182.794845707,83672.6412920877,61262.9662488197,45331.7041998446,41158.253476256,143100
92109.7810730484,83598.8345441501,61186.3142654551,45255.2871979486,41082.7638816074,143200
92036.780251842,83523.7845816054,61108.2262041483,45183.8919440566,41007.4757797421,143300
91963.7925055585,83447.0531791644,61029.3013208257,45106.1706763292,40932.5113491286,143400
91892.1763330421,83370.3517736701,60949.3809749629,45028.6835129581,40857.6640896936,143500
91817.2760859274,83293.6804684636,60870.6487095943,44952.8813412789,40782.9338875442,143600
91744.4980699854,83217.0393664737,60792.8433380157,44878.1706425621,40708.3206286158,143700
91671.7333641919,83140.4285702179,60715.0902296857,44803.5624348515,40633.8241986739,143800
91598.9820900847,83063.8481818037,60638.3849416079,44729.0566500073,40559.4793174425,143900
91526.1474657442,82987.2225944698,60561.0022551895,44654.7536256369,40485.2807252684,144000
91453.2546679008,82910.3609239842,60482.6676339057,44580.5574874523,40411.7835413753,144100
91380.3759185435,82833.5305617751,60405.1916457661,44506.7361153194,40338.6903144693,144200
91307.5113376061,82756.731608033,60334.738417092,44433.3641153215,40265.7099287318,144300
91234.6610446332,82679.7121979755,60260.7309471645,44360.0918034016,40192.84227692,144400
91161.8251587822,82602.6547213058,60178.9505675325,44286.9191148289,40120.1396712652,144500
91089.0037988235,82525.6295388757,60096.827366006,44214.8617199755,40047.6306468069,144600
91016.1970831419,82448.6367489109,60024.0734818108,44140.457715311,39975.2335526368,144700
90943.4051297368,82371.6764492332,59947.7975104197,44066.7971193833,39904.4444103639,144800
90870.6280562238,82294.7487372614,59871.115134355,43993.7741887396,39833.7967453653,144900
90797.8659798351,82217.8537100123,59792.6608412031,43923.3483589816,39763.1533336449,145000
90725.1190174207,82140.9914641019,59713.8321625267,43853.85940079,39686.3665188621,145100
90652.3872854489,82063.083037402,59634.3195150386,43784.4596122411,39614.1384705826,145200
90579.6709000076,81985.0319653084,59555.8204703488,43715.148946585,39542.0886596128,145300
90507.0115013577,81907.016504819,59479.6573618878,43641.0474010439,39470.3424122033,145400
90451.8080303877,81829.0367488629,59406.9690445455,43566.9091743871,39398.7077082036,145500
90396.0770768386,81751.0927899689,59334.416940067,43492.8887433621,39327.1844384374,145600
90329.477938517,81673.1847202652,59261.4369848183,43421.884215756,39255.7724935769,145700
90246.3884879022,81590.3456590594,59184.8153874819,43353.0114406734,39184.4717641441,145800
90162.7106991543,81511.6687384419,59105.7812990819,43284.2275450998,39113.2821405121,145900
90094.3786833418,81443.1092703675,59028.8855115767,43215.5324805399,39042.2035129069,146000
90028.420663845,81367.7590047426,58957.7141179486,43146.9261982606,38971.2357714088,146100
89962.4687971901,81292.4405195282,58885.4698431974,43078.4086492919,38900.4783838583,146200
89896.5231982189,81217.1539076153,58811.007995189,43009.9797844285,38829.9849626867,146300
89830.5839814361,81141.8992615131,58733.5636263242,42940.8418657847,38759.601197978,146400
89764.6512610089,81066.67667335,58656.1938863414,42871.0375749518,38689.2021752487,146500
89698.7251507689,80991.4862348746,58578.8987863421,42802.1840603962,38617.4527934432,146600
89632.8057642116,80915.7310925744,58501.678337085,42731.3949088582,38548.7170341226,146700
89566.8932144984,80846.3111300485,58425.1733112877,42658.9587416279,38478.4345396725,146800
89500.9876144564,80777.3830905772,58349.813817096,42586.6256488487,38408.2623711016,146900
89435.0890765793,80708.4766417463,58274.9401164533,42514.3955495177,38338.424691891,147000
89367.9294000683,80639.5918793832,58200.1355841877,42442.268362435,38271.7193769996,147100
89297.8789623921,80570.72889897,58125.4002371975,42373.3366278805,38213.0394120254,147200
89227.8422647961,80499.9786525852,58050.7340920481,42304.5111526719,38154.4319765907,147300
89157.819416957,80419.8591719631,57976.1371649735,42231.8474966908,38089.3702561675,147400
89087.8105282013,80339.7826779079,57901.3675377035,42161.3039202159,38023.7736534395,147500
89017.8157075059,80259.7492509509,57824.7366869543,42094.0736339428,37958.2725929035,147600
88947.8350634992,80178.9683081194,57748.1807642792,42026.9313445665,37892.8669936571,147700
88877.4980562521,80107.6659133709,57671.4161339344,41959.8769991143,37827.5567746361,147800
88807.0279863111,80038.6909859039,57594.1470164949,41893.3689941449,37762.3418546156,147900
88736.5732427075,79969.7389563255,57520.1743318775,41827.0643233274,37695.8889707353,148000
88666.1339324028,79900.3573484478,57445.7332655683,41761.1168208912,37627.0194392462,148100
88598.8803598567,79830.6448503552,57370.3310686864,41689.5380317028,37556.7858075092,148200
88526.0678232493,79752.7776909643,57292.7252583387,41618.0152292572,37486.6662073745,148300
88456.2928861702,79684.9448681345,57216.4033996699,41552.7264990557,37416.6605126895,148400
88386.5328336457,79616.4472179446,57143.5786790507,41481.832810939,37346.7685972066,148500
88316.7877712226,79542.3021774232,57072.7273025691,41410.6702393739,37276.9903345847,148600
88247.057804107,79467.459732423,57001.9379612767,41340.9881010129,37207.3255983904,148700
88176.4927160298,79392.8847050564,56931.2106769651,41270.3029408118,37137.7742620994,148800
88105.8653622051,79317.5903719507,56860.5454711157,41199.7200341355,37068.3361990976,148900
88035.2549494156,79245.9027946701,56789.9423649011,41129.2737514881,36999.0112826822,149000
87958.179341756,79175.6022655482,56718.1456249129,41059.3012414483,36929.7993860638,149100
87876.8644260689,79105.3285999529,56648.4857396469,40989.8615686727,36860.7003823665,149200
87795.5853208996,79029.7726944296,56574.0516189505,40922.3999611869,36791.71414463,149300
87723.1189500901,78952.768085542,56497.543425346,40855.0945115974,36722.8802218533,149400
87658.4383873196,78881.7781053409,56418.7902202075,40788.1883246096,36654.299632455,149500
87593.7663401915,78822.6598000883,56345.4296257518,40719.2408872902,36585.8307837333,149600
87528.8954916824,78758.9837563523,56273.1618519448,40651.5077915821,36517.4735498835,149700
87464.0103723446,78690.8447895332,56197.8988811953,40585.1757015438,36449.2278050206,149800
87392.6475144876,78622.7298828781,56120.0162352692,40518.933834027,36381.0934231801,149900
87318.7112775075,78553.0014297336,56043.7343756573,40452.5973336635,36313.6325381895,150000
87244.5583485722,78483.1070247486,55969.620572801,40384.7451442813,36250.3247041023,150100
87170.3964992113,78413.2400624018,55895.5800481467,40316.9889031057,36187.1112110378,150200
87096.2590958575,78343.4006264395,55821.612803215,40250.0951900891,36124.2227933497,150300
87022.1462347091,78269.6802806167,55747.7188392306,40185.5847398953,36057.1925196503,150400
86948.0580116168,78193.8516526213,55673.8981571235,40121.1599789049,35989.3463119289,150500
86873.994522084,78118.9408884027,55599.5405634442,40056.6068418102,35926.1256824587,150600
86799.9558612685,78048.7621659498,55526.1214224246,39990.5363010131,35863.653205993,150700
86735.8693117628,77969.9173719455,55455.7248794417,39924.8404455982,35801.2736430742,150800
86680.8625045086,77889.9743590829,55377.7456924283,39859.6299144676,35738.9869076864,150900
86625.8526696662,77817.1971070367,55300.7754378729,39794.5084741117,35676.7929136906,151000
86568.742656052,77745.3032642557,55229.515123385,39731.2379341941,35614.6915748264,151100
86499.8760359246,77670.3580454952,55158.3231202345,39664.4017244115,35551.4976939205,151200
86431.0265236421,77608.1679406904,55086.6221106973,39597.9612179276,35484.1410408456,151300
86362.1942155287,77546.472110565,55014.8183820144,39532.134779676,35416.8965316634,151400
86293.3792075911,77480.6424523801,54943.0844521856,39466.4006246558,35349.7640329417,151500
86224.2231239442,77414.0007502649,54871.4203238849,39400.2917831059,35282.7434111981,151600
86154.5539242657,77347.3827573759,54800.4626986612,39333.7708689945,35215.8345329014,151700
86084.9036133388,77280.7885555008,54725.7189920607,39267.3719042583,35149.0372644727,151800
86015.2722856237,77214.1564547247,54652.584390177,39201.4289657063,35082.3514722862,151900
85945.660035263,77146.8405582159,54579.6626625613,39135.5798070508,35015.0650812182,152000
85876.0669560822,77079.4122864088,54506.5301630441,39069.8243500623,34947.542596594,152100
85806.4931415904,77011.7931925337,54432.8363915995,39004.1625163649,34880.3064302937,152200
85736.9386849815,76944.2002320958,54356.6832048812,38938.5942274372,34813.232092385,152300
85667.4036791342,76876.6334840038,54286.558374632,38873.1194046139,34746.2718120593,152400
85597.8882166134,76809.0930268624,54221.4989653183,38807.7379690864,34679.4254470307,152500
85528.3923896704,76741.439265075,54153.7028552548,38742.4498419041,34612.6928549886,152600
85458.9162902441,76669.5917448408,54079.4881586029,38675.9046155784,34548.8656009124,152700
85389.4600099611,76597.773624889,54005.5809180288,38609.4254752762,34488.0911989631,152800
85320.0236401373,76526.9390889745,53934.8945110611,38543.0440980481,34423.2014392526,152900
85250.6072717774,76455.6776194415,53864.0686886558,38476.760394167,34358.698400388,153000
85181.210995577,76384.3220174862,53788.6298360521,38410.574273781,34297.4739082221,153100
85111.8349019223,76313.0004832372,53713.2737703731,38344.4856469152,34236.3439333522,153200
85042.479080891,76241.3201293247,53638.0004696215,38278.4944234723,34175.3357013665,153300
84973.1436222535,76169.4452262633,53562.8099115417,38212.6738074031,34114.5530608243,153400
84903.8286154729,76097.6057450479,53490.9980786019,38147.3039165412,34053.8640557202,153500
84834.5341497063,76025.979246972,53419.3348615619,38082.0297527749,33993.2685898231,153600
84765.2603138052,75957.7759726995,53345.2531468722,38016.8512284591,33932.7665668166,153700
84696.0071963163,75889.601791612,53272.3187417746,37951.7682558286,33872.3578903006,153800
84626.774885482,75821.4567769521,53202.760993767,37886.7807469994,33812.0942111294,153900
84557.5634692416,75753.3410016663,53133.5671009397,37824.91778561,33751.9646812433,154000
84488.3730352314,75685.2545384053,53064.4408865178,37764.1812358956,33691.9278766219,154100
84419.2036707857,75613.8613275092,52996.1404152338,37701.0008529349,33631.9837013104,154200
84350.0554629377,75541.6956746981,52926.0155177366,37634.4170716388,33572.1320592733,154300
84280.9284984197,75469.5672298646,52853.06364106,37567.9351110558,33512.3728543959,154400
84211.8228636643,75397.4760589923,52779.2075528949,37501.5548674903,33452.7059904854,154500
84141.4652700069,75325.4222277578,52706.8618728168,37435.2762371541,33393.131371271,154600
84073.9623909769,75253.4058015313,52638.097226113,37369.0991161679,33333.6489004058,154700
84005.5797144845,75181.4268453778,52571.2110481773,37303.0234005618,33274.2584814673,154800
83937.2176959667,75117.6436455778,52503.5473474536,37237.2282629691,33214.9600179582,154900
83870.0842221258,75053.8085110989,52438.0242242528,37172.6328119935,33155.7534133075,155000
83810.2510980849,74989.8491573351,52369.3478301839,37108.1339753297,33096.6385708717,155100
83749.7570197145,74925.9132747932,52300.7397345867,37043.7316588417,33037.6153939351,155200
83689.271942206,74856.9976328359,52232.1999327061,36979.4257682944,32978.6837857112,155300
83627.4699821744,74785.3755497095,52163.7284195445,36914.6432883465,32919.8436493436,155400
83556.2775262248,74713.4064016803,52094.1466204,36850.7628868194,32861.0948879065,155500
83485.1112312589,74641.1046077892,52023.4645806022,36787.9090124931,32800.000338975,155600
83413.3884837016,74568.8419881117,51950.8413863039,36724.0391100522,32738.0363362903,155700
83341.533170054,74496.6186038873,51879.3358865922,36660.264976719,32677.5629436089,155800
83269.7054555299,74424.4345160565,51811.8656231869,36596.613304857,32616.2391394882,155900
83197.9054194471,74351.8808414334,51741.4816385446,36533.2174994362,32555.0170271023,156000
83126.1331408225,74279.0937174775,51669.7145701383,36469.9165293646,32493.8964830225,156100
83054.3886983729,74209.8882330716,51597.7846448859,36406.7103014541,32432.8773837971,156200
82982.6721705161,74146.5435755975,51525.9751498065,36343.598722425,32371.9596059524,156300
82910.9836353709,74071.603691179,51455.3487372964,36280.581698907,32311.1430259938,156400
82839.3231707588,73996.0256278152,51384.7981336293,36217.6591374403,32250.4275204063,156500
82767.7602185305,73920.2512569166,51314.3233192855,36154.8309444762,32189.8129656557,156600
82696.4502235003,73848.383698517,51249.2767873848,36092.6509229142,32129.6337290631,156700
82625.1680226673,73776.555971667,51185.5553921014,36030.6615829768,32069.6008130237,156800
82553.9136929688,73704.7681343642,51115.0708809982,35968.76408211,32010.2144146051,156900
82482.687311049,73633.0202443161,51042.3110375014,35906.9583314551,31955.7613021844,157000
82411.4889532593,73561.312358941,50969.6341712064,35845.2442420628,31901.5109551674,157100
82340.3186956598,73489.6445353689,50897.9539802065,35783.6217248942,31847.4317272434,157200
82269.1766140191,73418.0168304421,50828.3927039798,35722.0906908214,31793.431312518,157300
82198.0627838158,73346.4204483626,50758.7680922583,35658.3053927152,31739.5096373338,157400
82126.9772802386,73274.2089587315,50688.7911700117,35593.1023608849,31685.6666279487,157500
82055.9201781874,73204.588709034,50618.9364720667,35530.6029369186,31631.9022105367,157600
81984.8915522738,73137.197428672,50549.3704863491,35468.7549300621,31578.2163111887,157700
81920.6788630112,73069.8389252854,50479.879813873,35410.6391857958,31523.8493359735,157800
81860.5202508989,73002.5132597929,50410.4644326165,35347.7316786729,31463.6060957956,157900
81789.3419342256,72935.2204928446,50341.1243203425,35284.9217800196,31403.4654315255,158000
81712.7600166337,72867.2818470442,50274.1210247522,35222.4555411029,31343.4272110383,158100
81635.834968118,72792.2258747625,50209.4651050356,35160.9129765634,31284.4115112232,158200
81559.3219377838,72717.2182759583,50141.7643550066,35099.4639225808,31229.4201045925,158300
81488.4947098894,72642.2590971241,50073.9900986727,35038.4067403729,31174.5129647512,158400
81417.600295411,72567.3483844641,50006.2875193305,34978.5367529063,31119.6900028401,158500
81345.8249843224,72492.4861838949,49938.6565991058,34919.8160346468,31064.9511299436,158600
81274.0808103223,72421.3610521624,49871.0973199136,34861.1800525745,31010.2962570905,158700
81202.3678433003,72351.975651143,49803.6096634589,34802.6287283589,30955.7252952549,158800
81117.1218502087,72282.6280805196,49736.1936112381,34744.1619835795,30901.2381553566,158900
81030.0564430164,72213.3183950052,49668.8491445394,34684.7470927606,30846.8347482625,159000
80959.5991439225,72144.0466490435,49601.5762444438,34622.3802413788,30792.5149847867,159100
80889.4620519384,72074.8128968101,49534.3748918261,34560.1118890449,30734.7697298624,159200
80819.3538333239,72005.617192213,49467.2450673558,34497.9419248435,30676.7255551861,159300
80749.2745583416,71936.459588893,49401.0028844465,34435.8702378177,30618.7789362418,159400
80679.2242969798,71867.3401402252,49335.390438579,34373.8967169701,30561.0444000689,159500
80609.2031189529,71798.0116314488,49270.8653996803,34312.0212512635,30503.4973466015,159600
80539.2110937026,71728.6538710862,49205.8181536847,34250.9702076724,30446.0467160103,159700
80474.6899901299,71659.3350143692,49137.7967507375,34190.8445391374,30388.6923866445,159800
80415.1845192178,71590.0551131537,49072.3975935039,34130.8110620462,30331.4342368568,159900
80354.4237636685,71520.8142190317,49008.2387748992,34070.8696781508,30274.2721450043,160000
80284.5387921275,71451.6123833326,48944.1447408023,34011.0202891487,30217.2059894489,160100
80214.683384462,71384.1736451715,48880.1154803198,33951.2627966836,30160.2356485586,160200
80144.8576083274,71318.2999735085,48815.340992559,33891.5971023463,30103.3610007076,160300
80075.0615311103,71252.4593732185,48749.5113677419,33832.1360053694,30046.5819242776,160400
80005.2952199301,71186.6518995021,48682.4442983072,33772.9294527531,29989.8982976582,160500
79935.1352946879,71120.87760731,48613.4122204247,33713.813426497,29933.3099992477,160600
79864.7141381963,71055.136551344,48550.8265695502,33654.7878302591,29876.8169074538,160700
79794.3241271473,70989.4287860572,48486.8913710641,33595.8525676451,29820.4189006943,160800
79723.9653269577,70923.7543656551,48421.4108977181,33537.0075422094,29764.1158573982,160900
79658.0358120788,70858.1133440956,48356.000194098,33478.2526574553,29707.9076560056,161000
79601.60102435,70792.5057750904,48289.68702681,33418.8624177282,29651.7941749692,161100
79545.17574916,70726.931712105,48220.11105577,33358.9962869463,29595.7752927546,161200
79483.2732743721,70661.3912083597,48154.8279858373,33299.2245988615,29541.2148824691,161300
79427.8094189413,70595.8843168299,48089.4270326398,33239.8428500932,29487.9301992732,161400
79372.788401144,70530.4110902473,48023.9046629606,33182.0629680332,29434.7303413582,161500
79317.7750868821,70464.6499161703,47957.2854691175,33124.3708369067,29381.6152104122,161600
79262.7695505852,70398.6073870051,47890.2283063765,33066.9198815679,29328.5847081019,161700
79207.7718664742,70332.5999691212,47823.0507815852,33010.0201033327,29275.6387360733,161800
79148.7821417096,70266.6277130488,47755.9492474528,32952.8129954921,29222.7771959523,161900
79077.2507386985,70200.690669076,47689.281728565,32895.1927382958,29169.9999893451,162000
79005.4586212705,70129.3562036253,47625.1264820573,32837.1395452975,29117.3070178396,162100
78933.3875836536,70056.0275951944,47561.0396059701,32779.4672752484,29064.6981830052,162200
78861.3523325565,69982.7491719116,47496.7037160308,32721.8900704249,29012.1961010203,162300
78789.3529269205,69909.5209694734,47435.4226380101,32662.8887191689,28959.9360743728,162400
78717.3894254226,69836.3430233188,47376.2285431378,32604.5791803929,28906.0348797492,162500
78645.3860434347,69763.21536863,47318.3874737575,32547.764943651,28851.2533476654,162600
78573.363185674,69693.371608549,47255.7305513527,32488.7007293268,28796.5647656059,162700
78501.3766346553,69629.7208197928,47191.5521479727,32429.7426296075,28741.9690119894,162800
78429.4264478586,69566.1019172824,47126.6617661734,32373.7250357243,28687.4659652594,162900
78357.5126825032,69502.5149520524,47063.1459837829,32317.8078644166,28633.055503885,163000
78285.635395548,69438.7750591584,47003.0801906182,32262.1581851548,28578.7375063615,163100
78213.7946436925,69374.9553816444,46941.0671244009,32205.0273627679,28524.9081206664,163200
78141.9904833772,69311.168357977,46878.0703595915,32147.985658005,28474.0353423247,163300
78070.2229707845,69247.4140378007,46815.1406488766,32091.0329705002,28423.4733674442,163400
78004.450886584,69183.6924705308,46749.4907289492,32034.16919986,28372.990551625,163500
77939.3765914032,69120.003705355,46681.6235586197,31977.394245664,28322.5868050204,163600
77874.3274998907,69056.3477912331,46616.5228224773,31920.7080074654,28272.4010549201,163700
77809.3036750851,68992.7247768983,46551.224063074,31864.110384792,28223.0859407931,163800
77744.3051797903,68929.1347108571,46486.1936648169,31807.6993445651,28173.8463473525,163900
77679.332076576,68865.5776413906,46421.7972114198,31751.3975388091,28124.6821922939,164000
77614.3844277778,68802.0536165545,46356.720288848,31695.1836120325,28075.5933932817,164100
77549.4622954984,68738.5626841799,46293.6231362951,31639.0574647287,28026.5798679503,164200
77484.5657416079,68675.1048918739,46230.5947838725,31583.0189973669,27977.6415339042,164300
77419.694827744,68610.6958171951,46167.635205295,31527.0681103935,27928.7783087187,164400
77354.849615313,68544.0569164302,46104.7443741141,31471.204704232,27879.9901099407,164500
77290.0301654901,68477.4574555049,46041.3315394261,31415.4286792842,27831.0875743052,164600
77225.2365392201,68410.8974759652,45974.7725249088,31359.7399359309,27780.7160848557,164700
77160.4687972178,68344.3770191276,45911.6676634189,31304.1383745321,27730.4255410903,164800
77095.7269999686,68277.8961260796,45849.2305528974,31248.8031200128,27680.2158458972,164900
77031.0112077289,68211.4548376805,45785.341473133,31193.7111562267,27630.0869021614,165000
76966.3214805269,68145.0531945618,45721.5246290735,31138.7048943427,27580.0386127652,165100
76900.5924743729,68078.6625695528,45657.779987185,31083.7842373948,27530.070880589,165200
76832.0451736979,68011.8973689741,45594.107513779,31028.9490883958,27480.1836085114,165300
76763.5308923378,67945.1727792773,45531.5774904239,30974.1993503377,27430.3766994103,165400
76695.0496848851,67878.4888394648,45468.7951721427,30919.5349261924,27380.6500561633,165500
76626.6016056945,67811.8455883133,45406.0828977977,30864.9557189124,27331.003581648,165600
76558.1867088844,67745.2430643745,45345.4090099858,30810.4616314312,27281.4371787429,165700
76489.8050483371,67681.2025885512,45283.0424932137,30756.0525666645,27232.4434997051,165800
76421.4566776994,67618.5447253462,45219.4052221394,30701.7284275102,27183.7461333283,165900
76353.1416503831,67555.9203533441,45155.2795123787,30643.9874261539,27135.1259900794,166000
76284.8600195659,67493.3295164943,45093.5851808511,30584.7978716964,27086.582978988,166100
76216.6118381915,67430.7722585332,45032.146392728,30525.7117475809,27038.1170090776,166200
76148.3971589708,67368.2486229855,44972.8757241026,30466.7289094494,26989.7279893658,166300
76080.2160343819,67305.4737401334,44914.396424086,30413.4076724828,26941.4158288653,166400
76011.4607922106,67239.2850838604,44854.1530431482,30360.7928791407,26893.1804365839,166500
75943.1958406407,67173.137316293,44792.808717903,30308.8693366,26844.3704110952,166600
75884.2368261116,67107.0304739,44731.5322173373,30257.0236933743,26793.5898699062,166700
75805.7278468692,67040.9645929323,44670.3235119744,30205.2558665901,26742.8957724014,166800
75744.1856074051,66974.9397094231,44609.1825721908,30153.5657733413,26692.3918056646,166900
75686.467369701,66908.9558591888,44548.1093682168,30101.9533306896,26643.7170422271,167000
75628.7659964055,66843.0130778296,44487.1038701379,30050.4184556651,26595.1215108152,167100
75571.0815484478,66776.5172495607,44424.8700305867,29998.9610652671,26546.6051130962,167200
75513.4140865598,66709.6374231939,44361.5927953653,29947.5810764645,26498.1677507493,167300
75455.763671277,66642.8008117601,44297.9847122158,29895.8260718332,26449.8093254659,167400
75397.524928788,66576.0074480207,44234.7287683986,29842.8615602786,26401.52973895,167500
75338.4399670551,66509.2573645212,44174.7339231983,29789.9802772807,26353.3288929189,167600
75277.1532072407,66442.5505935928,44113.7806350636,29737.1821256226,26303.7469025274,167700
75211.3522997517,66374.3439010473,44051.7775919847,29683.8570412363,26253.6649032327,167800
75142.8436101587,66309.7713950599,43989.8460728402,29631.011424968,26203.6689531281,167900
75074.3706953554,66244.3234299304,43927.9860396133,29578.9624997279,26153.7589348862,168000
75005.93360296,66178.7023230384,43866.1974541529,29526.2246066051,26103.9347312287,168100
74937.5323803662,66113.1228410999,43804.4802781744,29473.5703137744,26054.1962249268,168200
74869.1670747436,66047.5850170089,43742.8344732605,29420.999521756,26004.5432988019,168300
74800.7918667551,65982.0888834504,43681.2600008618,29368.5121310714,25954.9758357258,168400
74732.1848810446,65916.1785713945,43619.7568222975,29316.1080422426,25905.4937186211,168500
74663.6145356508,65850.0611815593,43558.324898756,29263.7871557939,25856.0968304623,168600
74595.0808763699,65783.9869849673,43497.1755224771,29211.5493722515,25806.7850542755,168700
74526.1848885452,65717.9560121106,43436.920698587,29159.3945921446,25757.5582731394,168800
74453.9169087067,65655.1243180271,43376.7341493612,29107.3227160057,25708.4163701855,168900
74381.6929445249,65593.6598903023,43316.6158403286,29055.3336443713,25659.3592285987,169000
74309.5130347092,65532.230060948,43256.5657368874,29003.4272777823,25610.3867316177,169100
74237.3772177406,65470.834867659,43196.9291585994,28951.6035167848,25561.4987625354,169200
74165.2855318729,65409.4743479344,43136.7855946907,28899.8622619302,25512.6952046995,169300
74093.2380151327,65348.148539078,43076.1280203246,28845.922310399,25463.9759415131,169400
74021.2347053203,65286.6230943598,43014.4987669445,28790.5483416907,25415.3408564344,169500
73949.2756400102,65224.7920331539,42952.9427487844,28735.3515007253,25366.7898329784,169600
73877.3608565521,65160.7167763316,42891.4599214258,28684.4799136034,25318.322754716,169700
73807.6127609755,65095.2826261199,42830.0502403307,28634.5991107123,25269.9395052754,169800
73742.6860339766,65029.8916590819,42768.7136608421,28584.7951496647,25221.6399683422,169900
73677.7909034218,64964.5439036348,42707.4501381854,28535.0679429177,25173.4240276598,170000
73614.851962271,64901.3193059794,42648.0859249955,28485.4174029201,25125.2915670301,170100
73561.855304098,64840.2506110071,42589.3635407555,28434.5308986496,25077.2424703134,170200
73506.8348626303,64778.9832760197,42529.7847478189,28381.1611148109,25029.2766214295,170300
73439.9123479522,64713.5620970247,42469.5213196736,28327.8817485959,24981.3939043575,170400
73373.0256470363,64644.1201894241,42409.6458222279,28274.6926783622,24933.5942031367,170500
73306.1748026675,64580.1190593017,42351.5456946255,28221.5937825179,24885.877401867,170600
73239.2935964641,64521.4565651251,42293.0656573896,28168.727569163,24838.2433847088,170700
73171.8409015759,64456.4827017347,42233.3018087036,28116.4347913307,24790.692035884,170800
73104.4252732824,64391.5523173741,42173.6080646776,28064.2681289171,24743.3056217389,170900
73036.9631186193,64326.6654383021,42116.2519985044,28013.1692163478,24696.0291612126,171000
72969.4778001236,64261.7544656483,42059.1824699054,27962.1537929601,24648.834611508,171100
72904.6642155915,64196.5829866741,42002.1759286814,27911.2217526818,24601.7218581339,171200
72840.0213101248,64131.2468161845,41945.128402008,27860.3729894677,24555.4406469159,171300
72775.4109463152,64065.3160010886,41886.9663275994,27809.6073973007,24510.5622058354,171400
72710.8331681738,63999.4311936741,41827.661948326,27758.924870192,24465.7574685963,171500
72646.2880195114,63933.5924168038,41767.7662161961,27708.3253021813,24421.0263405971,171600
72581.77554394,63867.7996931477,41708.3087297088,27657.8085873381,24376.3687272639,171700
72517.2957848723,63802.0530451832,41650.7305206013,27607.676207155,24331.7845340513,171800
72452.8487855232,63741.2502771238,41593.217706113,27557.7904859213,24287.2736664427,171900
72388.4345889095,63683.0340458498,41535.7702512572,27507.9856216986,24242.8360299503,172000
72324.0532378507,63624.849653259,41478.3881209327,27458.2615127472,24198.4877128592,172100
72257.3700169619,63559.3128348421,41421.0712799247,27408.6180573522,24154.2789237243,172200
72187.4983068563,63492.3173410541,41363.819692905,27359.0622336755,24110.1427706041,172300
72117.6698941921,63425.3712747657,41307.5132511061,27311.831653759,24066.0791599305,172400
72047.8848122061,63358.4746533453,41251.4239947631,27265.4070802318,24022.0879981648,172500
71978.1430939287,63291.6274939721,41195.3970849814,27219.0522727922,23977.418726171,172600
71908.4447721843,63224.8298136367,41139.432490648,27172.7671545333,23930.8513386973,172700
71838.789879592,63158.0816291415,41082.8349147768,27126.5516485361,23884.3663933711,172800
71769.0785130942,63093.9024531749,41024.7331680267,27080.4056778708,23837.9637704019,172900
71699.3241124205,63032.4820969292,40965.8232414449,27030.9879334653,23791.8012108665,173000
71629.5716716224,62971.1005304336,40908.1518640365,26982.8173316956,23745.5196264845,173100
71561.0781953938,62909.7577811188,40851.4859547459,26932.2188964266,23699.5613840287,173200
71494.391230107,62848.4538762368,40794.8849400607,26881.7063831216,23653.3441188551,173300
71427.7426281174,62787.1888428618,40738.348783445,26831.4309323896,23607.2091237311,173400
71361.1324254198,62725.9627078902,40681.8774482564,26784.1779778362,23561.2701039611,173500
71297.6753116356,62664.7754980417,40625.470897747,26736.9993989897,23517.0635346522,173600
71240.1973818013,62603.627239859,40567.9525504591,26689.8951062253,23473.3042235683,173700
71182.7422784531,62542.5179597092,40509.7350783124,26642.8656286728,23429.618581964,173800
71125.3100482269,62481.4476837834,40451.5878611354,26595.9436134562,23386.0065105447,173900
71062.0697034347,62420.4164380978,40393.5108516421,26549.0954882722,23342.4679100627,174000
70994.3106202154,62359.4242484939,40334.0578171527,26502.5286899241,23299.0026813175,174100
70926.4991396943,62297.842273055,40274.1413349419,26456.071652703,23255.6107251558,174200
70858.729080427,62236.2646694757,40214.5464541901,26409.6873498059,23212.291942472,174300
70791.0004742391,62174.7274694326,40156.5540863385,26363.3756942155,23169.0462342087,174400
70723.3133527621,62113.2306968999,40098.6322395314,26317.1365989258,23125.873501357,174500
70655.6677474337,62051.6695084913,40040.7808649752,26270.9699769424,23082.7736449568,174600
70588.0636894989,61989.6145107755,39983.1477698255,26224.9105980521,23039.7465660971,174700
70520.50121001,61927.6013703902,39927.7402482209,26179.0037269138,22996.7921659165,174800
70452.9803398271,61865.6301090769,39872.3964676126,26133.0435237821,22953.9103456035,174900
70385.5011096191,61803.7007484048,39816.3855962784,26086.0819769083,22911.1010063967,175000
70318.0635498636,61741.8133097718,39760.1591333256,26039.1963298435,22868.3640495852,175100
70250.6676908479,61679.9678144046,39704.8583340465,25992.3864864117,22825.6993765091,175200
70183.3135626692,61618.1642833594,39650.9838205735,25945.6523504666,22783.1068885597,175300
70116.0011952354,61556.4027375223,39596.6323714143,25897.9880169012,22740.5864871798,175400
70048.7306182654,61494.6831976097,39541.6702505597,25848.7776983662,22698.1380738643,175500
69981.5018612894,61433.0056841691,39486.7716077221,25799.6525890976,22655.7615501599,175600
69914.31495365,61371.3702175792,39431.9364049484,25751.996342013,22613.4568176663,175700
69847.1699245022,61309.7768180507,39376.7842695808,25706.8138335875,22571.2237780359,175800
69780.0668028141,61248.2255056263,39320.5077041176,25661.7023735568,22529.0636908567,175900
69713.0056173672,61186.7163001819,39264.2989035978,25616.9369667872,22487.0674005897,176000
69645.9863967574,61125.2492214265,39208.1578217806,25572.5369930233,22445.1421494953,176100
69579.009169395,61063.8242889028,39152.08441234,25527.3348343623,22403.2878403825,176200
69513.125082145,61002.4415219879,39096.0786288645,25481.4550342176,22361.2781448247,176300
69447.6827700224,60936.3667594696,39041.1041805069,25435.6495372249,22317.4727806569,176400
69382.2797708774,60868.8976732131,38987.0686790382,25389.9182484262,22273.7460805346,176500
69316.9161149383,60809.5035562062,38933.095486709,25345.2090833359,22230.0979264698,176600
69251.5918322526,60752.4543722411,38879.1845659665,25301.8523179089,22186.5282005691,176700
69186.3069526879,60695.4392912064,38825.3358791675,25258.5616584875,22143.0367850333,176800
69121.0615059321,60638.4583395245,38772.0467165258,25215.3370287093,22099.6235621583,176900
69055.855521494,60579.4032877019,38719.6489742028,25172.1783522167,22056.2884143352,177000
68990.689028704,60519.4946102215,38664.0950769986,25129.0855526579,22013.0312240504,177100
68925.5620567141,60459.6259224717,38607.838899191,25086.0585536868,21969.8518738861,177200
68868.9678673878,60399.7972447389,38552.2215795181,25043.0286187635,21926.7502465202,177300
68812.4769815518,60340.0085971499,38496.861286777,24999.2442523903,21883.7262247271,177400
68747.3776639455,60279.5578738998,38443.3916020922,24955.528518518,21840.7796913775,177500
68682.318230968,60218.6754213559,38390.0737998904,24911.8813337649,21797.910529439,177600
68617.2987105031,60156.4145476711,38336.8178096565,24868.3026147678,21755.118621976,177700
68552.3191302596,60089.2202295953,38283.6235929925,24824.7922781828,21712.4038521502,177800
68487.3795177715,60022.0820762116,38230.4911114148,24781.3502406856,21669.766103221,177900
68422.4799003983,59955.0000883299,38177.4203263554,24737.9764189716,21627.2052585453,178000
68357.4572241711,59887.9742665989,38124.4111991618,24694.6707297564,21584.740718728,178100
68300.2637055329,59821.0046115063,38071.4636910979,24651.0377411729,21542.3743051324,178200
68245.7213166388,59754.0911233798,38017.3253021618,24604.2691400636,21500.0842937422,178300
68191.2011997534,59687.2338023874,37963.0200363364,24557.5815635199,21457.8705686959,178400
68136.7033950913,59620.4326485379,37908.7804417376,24510.9748957102,21415.7330142307,178500
68082.2279427163,59553.6876616815,37854.60647189,24464.453823574,21373.6715146821,178600
68020.3790313776,59486.9988415103,37800.4980802434,24418.0734287695,21333.1989155442,178700
67952.107072075,59420.3661875589,37746.831165476,24371.7733619979,21293.7003857083,178800
67883.882568571,59353.789699205,37693.6986056515,24325.5535083209,21254.2767690417,178900
67815.7055392888,59287.2693756695,37639.9101309468,24279.4137528799,21215.0043197052,179000
67759.4167524062,59222.194611551,37585.5409744705,24233.3539808973,21175.7978282653,179100
67703.4480189787,59162.6193353347,37531.3138630742,24187.374077676,21136.6572046373,179200
67647.5044541819,59102.2946211434,37477.2222564714,24141.4739286001,21097.5823587882,179300
67591.5860955111,59042.0097575952,37424.9553151703,24095.6534191353,21058.5732007371,179400
67535.6929803092,58981.7681480162,37372.0404633417,24050.0015753511,21019.6296405555,179500
67479.8251457679,58921.5698058915,37317.7960227725,24006.6156952016,20977.3840766587,179600
67423.9826289273,58863.6059010626,37263.3957809374,23963.3006838193,20936.5332957836,179700
67368.1654666768,58809.1313662958,37209.6205466019,23920.1506809874,20903.3040664497,179800
67312.3736957553,58754.6893645575,37156.2954358748,23877.19640178,20864.5095817968,179900
67256.6073527514,58700.2799189752,37102.9496692194,23834.3118941859,20825.8926638825,180000
67200.8664741037,58645.9030525355,37047.9708804669,23791.6954061551,20787.3408053792,180100
67144.9099668077,58591.5587880848,36993.0621900288,23749.2481214307,20748.8539167318,180200
67088.774521236,58526.3407582823,36938.2235403725,23706.8692880723,20710.4319084396,180300
67032.6654152145,58461.031600035,36883.454873909,23664.5588180204,20672.0746910566,180400
66976.5826840046,58395.7776692134,36828.7561329934,23622.1437218623,20633.7821751917,180500
66920.5263627189,58330.5789635077,36774.127259925,23579.5367052308,20593.7804005596,180600
66864.4964863211,58269.1088772546,36719.5681969484,23537.0120183791,20552.7182097555,180700
66808.4930896269,58210.7982524401,36665.0788862534,23494.55684094,20511.7316234201,180800
66752.5162073036,58152.5282494546,36612.0888080552,23452.1710814098,20470.8205227481,180900
66696.5658738711,58094.2988827975,36559.8072421756,23409.8546483302,20429.9847890493,181000
66640.6421237021,58041.0542063806,36507.5892135077,23367.6074502887,20389.2243037481,181100
66584.7449910221,57988.130822102,36455.4346753762,23325.4293959184,20348.5389483845,181200
66528.8745099101,57935.2380497911,36403.5437129268,23283.3203938988,20307.9286046137,181300
66473.0307142988,57882.3759131715,36352.386500408,23241.2803529558,20267.4738376181,181400
66414.4267743789,57829.544435832,36301.290146393,23199.3553137463,20229.0251147638,181500
66352.9714167366,57776.2716021369,36250.2546085097,23157.5748486031,20190.6432142601,181600
66291.5528526155,57722.9132883182,36199.0684790586,23115.8626193477,20152.3280392906,181700
66230.1711072379,57669.5868323275,36146.8387442194,23074.2185360389,20114.0794931125,181800
66168.8262056713,57616.292256125,36093.157600993,23032.6425087816,20075.8974790571,181900
66107.5181728293,57563.0295815371,36039.5452953808,22991.1344477264,20037.7819005297,182000
66046.2470334715,57509.7988302567,35988.0636603048,22949.6942630706,19999.7326610101,182100
65984.816970142,57456.6000238429,35936.7700556056,22908.321865058,19961.7496640525,182200
65923.3549532115,57403.4331837225,35885.5388229752,22867.0171639792,19923.8328132859,182300
65861.9303681053,57350.6303993259,35834.3699159693,22825.7800701723,19885.9820124141,182400
65800.5432385975,57298.7331351787,35783.2632880836,22784.6104940225,19848.1971652165,182500
65739.1935883097,57246.7783224825,35731.8294166124,22743.5083459631,19810.4781755474,182600
65677.8814407118,57194.3888011277,35680.4718820573,22702.4735364751,19772.8249473372,182700
65616.606819122,57139.0254297299,35629.1776052318,22661.505976088,19735.2373845916,182800
65555.3697467076,57084.9696679286,35577.946537235,22620.6055753798,19697.7153913928,182900
65494.1702464852,57032.1621311511,35526.7786291112,22579.7722449772,19660.2588718987,183000
65433.008341321,56977.2445967668,35477.1083794059,22539.0058955561,19622.8677303442,183100
65371.8840539314,56920.018670242,35428.230587189,22498.3064378417,19585.112611011,183200
65310.7974068831,56862.2036425503,35379.4095944597,22457.7030909276,19546.5022682082,183300
65249.7484225939,56804.3811110385,35330.645363501,22417.240086964,19507.9622375191,183400
65188.7371233329,56746.6005104998,35281.9378565304,22376.8433349483,19469.4924095393,183500
65127.7635312206,56688.8618509801,35232.096407104,22336.5127467239,19431.168754999,183600
65066.8276682297,56631.165142392,35181.9650453647,22295.7323030108,19392.9730223968,183700
65005.9295561854,56573.5103945148,35131.8946589921,22254.7397901885,19354.8466447453,183800
64945.0692167657,56512.0999824611,35081.885202014,22213.8160768538,19316.7895144587,183900
64884.2466715018,56450.4678574919,35030.1646531171,22172.7938860071,19278.8015240542,184000
64823.4619417786,56388.8516357889,34981.4936024382,22131.0161131386,19240.8825661528,184100
64762.7150488347,56326.9923928819,34932.8802659735,22089.3105637163,19203.032533479,184200
64702.0060137635,56265.1844274204,34883.4765982695,22047.6771331977,19165.2513188607,184300
64641.3348575128,56209.0754210312,34832.8444558279,22006.1207057281,19127.53881523,184400
64580.7016008857,56150.0778295568,34782.5998858099,21964.6460774671,19089.894915623,184500
64520.106264541,56089.164393441,34732.4177065421,21923.2432018613,19052.31951318,184600
64459.548868993,56027.9671670256,34682.297868166,21881.911974827,19014.8125011454,184700
64399.0294346127,55966.6231519742,34632.2403207752,21840.6522923629,18977.3737728684,184800
64338.5479816275,55905.3299484486,34582.2450144154,21800.7172438674,18940.0032218026,184900
64278.104530122,55844.0875543231,34531.8114690032,21761.8486480691,18902.7007415064,185000
64217.6991000382,55782.8959673429,34480.067074335,21723.043004224,18865.4662256434,185100
64157.3317111759,55721.7551851249,34428.3901683927,21684.3002295767,18828.299567982,185200
64097.002383193,55660.6652051576,34376.7806910015,21645.0446566204,18791.2006623958,185300
64036.7111356061,55599.6260248019,34326.6910439788,21605.5008913566,18754.1694028638,185400
63976.4579877907,55538.4991475722,34277.133490982,21565.8402158411,18717.2056834707,185500
63916.2429589815,55476.6643246555,34227.6376294176,21525.8514142778,18680.3093984065,185600
63856.0660682731,55414.8823131756,34178.2034093855,21485.9780837053,18644.7196789845,185700
63795.9273346199,55353.305372819,34128.8307809409,21446.7685836947,18607.1276522811,185800
63735.8267768371,55296.6773609572,34079.5196940948,21408.0591121237,18569.7503197129,185900
63675.7644136002,55240.0915054023,34028.3744549802,21369.3379056269,18532.9819440729,186000
63615.7402634464,55177.7855832041,33977.0558093303,21329.8391335232,18496.2810263284,186100
63555.7543447739,55112.2587465591,33926.9031233623,21290.481349953,18459.6474598115,186200
63495.8066758434,55048.2730619425,33879.2284791021,21251.239128238,18423.081137964,186300
63435.8972747774,54987.9837355937,33831.044669249,21212.3348939267,18386.5819543376,186400
63380.2338469227,54927.4458268505,33781.7476701903,21172.5245752373,18350.1498025936,186500
63325.7076951109,54866.5044589666,33732.5128536538,21133.2339306843,18313.7845765037,186600
63271.2102974315,54805.6149712136,33683.3401675402,21094.0101429952,18277.4861699493,186700
63216.7416798428,54747.8250936815,33635.4566476429,21054.8531170598,18241.2544769225,186800
63162.3018681744,54690.848006392,33587.8966074601,21015.7627578407,18205.0990408482,186900
63107.8908881279,54633.9146389234,33540.3942163208,20976.7389703732,18169.0950572599,187000
63053.508765277,54577.024994912,33492.529996366,20937.7816597657,18133.1570951566,187100
62999.1555250675,54521.6490493054,33444.3053649952,20898.8907312,18097.2850500046,187200
62944.8311928183,54464.2493927526,33396.1406746641,20860.0660899309,18061.478817379,187300
62890.5357937211,54408.4020971296,33347.7864254358,20821.3431862219,18025.7382929638,187400
62836.2693528409,54352.5966047022,33298.3246492804,20782.6981720323,17990.0633725516,187500
62782.0318951165,54296.8329208165,33249.5747229475,20744.1189836833,17954.4539520443,187600
62727.8234453605,54241.1110507005,33202.3989033428,20705.6055271852,17918.840959854,187700
62673.6440282597,54185.4309994643,33156.1438579351,20667.1577086218,17882.4940677361,187800
62619.4936683755,54129.7927721003,33109.9438673405,20628.805874229,17847.8205233267,187900
62565.3723901442,54074.1963734839,33063.7988909913,20590.5935147381,17812.4063944134,188000
62511.2802178772,54018.6418083737,33017.0689012191,20552.4461273616,17777.1453479054,188100
62454.7454239619,53963.1290814117,32969.5066090962,20514.3636194522,17741.9490939571,188200
62396.5748376343,53907.6581971239,32920.8044994476,20475.503795734,17706.8175294612,188300
62338.4408662163,53852.2291599204,32871.1822696696,20436.8181316206,17672.8161308678,188400
62280.3435269832,53796.8419740962,32823.878345306,20399.4902945735,17639.0376393797,188500
62222.2828370815,53741.496643831,32776.6333176814,20362.2423138842,17605.3187598028,188600
62164.1717702531,53686.1931731896,32729.4471382247,20324.50244809,17571.6594023671,188700
62105.8124322369,53630.9315661229,32682.3197583279,20286.8268378283,17538.0601340144,188800
62047.4904810058,53575.7118264674,32635.2511293458,20249.215391135,17504.5794365777,188900
61989.2059325545,53520.5339579461,32588.2412025971,20211.6680161191,17471.1577587028,189000
61930.95880275,53465.3979641686,32541.5820534429,20174.9256708399,17437.7950115871,189100
61872.749107332,53409.9690309951,32494.950906547,20138.3379427514,17404.4754310791,189200
61814.5768619135,53354.5236016658,32447.950261175,20101.8109566939,17370.8231800123,189300
61756.4420819811,53299.120858866,32401.0085990731,20065.3446287856,17337.2311589877,189400
61698.3447828948,53243.7608048576,32354.1258704975,20028.8754135866,17303.6992753584,189500
61638.6098111642,53188.4434417913,32307.302025671,19991.4370686904,17270.2274365689,189600
61578.0355852472,53133.1687717059,32260.5370147831,19954.0633288076,17236.8155501551,189700
61517.5037989502,53077.9367965295,32213.8307879904,19916.9349593207,17203.4635237441,189800
61457.014462159,53022.7475180792,32167.1832954169,19879.2971394037,17170.171265055,189900
61396.5675846329,52967.600938062,32120.5944871545,19842.5591792852,17136.9386818982,190000
61336.1631760049,52912.4970580746,32072.266247053,19805.3308500213,17103.765682176,190100
61275.8012457823,52857.4358796042,32023.9355635344,19768.1669017459,17070.6521738828,190200
61215.4818033468,52802.4174040286,31975.6688868758,19731.1674395924,17037.5980651049,190300
61155.2048579551,52747.4416326165,31927.9571080423,19694.2419101401,17004.6032640205,190400
61094.9704187391,52692.5085665281,31881.2692915995,19657.3800620296,16971.6676789002,190500
61034.7784947063,52637.618206815,31834.6411169377,19620.5818020656,16938.7912181071,190600
60974.6290947401,52582.7705544211,31788.5646994835,19583.8470371337,16905.9737900963,190700
60914.5222276004,52527.9656101824,31742.7371594811,19547.1756742009,16873.2153034158,190800
60854.4579019236,52473.2033748276,31696.9779518177,19510.5676203154,16840.5156667059,190900
60794.4361262231,52418.4838489785,31652.2729512707,19474.0227826068,16807.8747887,191000
60734.4569088897,52363.8070331502,31606.0418956003,19437.5410682866,16775.2925782239,191100
60674.4820626855,52309.1729277514,31559.7840367551,19401.1223846479,16742.7689441965,191200
60614.4193139543,52254.5815330849,31513.5853075026,19364.7666390656,16709.0748570911,191300
60554.3994757977,52199.9977554951,31467.4456553984,19328.4737389969,16676.7978592172,191400
60494.4225557796,52145.4097730066,31421.2841900384,19292.2435919811,16644.578685046,191500
60434.488561343,52090.8646770012,31374.8162148455,19256.0761056397,16612.4172451008,191600
60374.5974998099,52036.3624671465,31327.9699402091,19219.9711876767,16580.313449996,191700
60314.7493783825,51981.9031430054,31280.4025000795,19183.928745879,16548.2111036536,191800
60254.9442041427,51927.486704037,31232.8988010861,19147.9486881157,16515.9732133117,191900
60195.1819840529,51873.1131495966,31185.458781049,19112.722217374,16483.7936639223,192000
60135.4627249563,51818.7824789364,31138.082377777,19078.608138314,16451.6723638707,192100
60075.786433577,51764.4946912052,31090.7695290678,19044.549806302,16419.6092216393,192200
60016.1531165208,51710.2497854495,31043.5201727081,19010.5545098464,16387.6041458072,192300
59956.562780275,51656.047760613,30998.0516853448,18976.6245796513,16355.6570450504,192400
59897.0154312092,51603.8848282364,30952.7915951674,18942.7501050843,16323.7678281421,192500
59837.5110755755,51553.1402121642,30907.5893137757,18908.9310106904,16291.9364039526,192600
59778.0497195085,51501.886299748,30862.4447895818,18875.167221068,16260.2089925273,192700
59718.6313690264,51446.7848700984,30817.357970975,18840.9663067945,16228.3590124065,192800
59659.2560300304,51391.7286211229,30772.3288063229,18805.7614000881,16194.7954481002,192900
59604.2522319236,51336.3182424172,30728.1966872294,18770.6172303492,16161.2969835325,193000
59552.7657654995,51280.8813574636,30684.2261179686,18735.5337081605,16127.8635064172,193100
59501.3078775164,51225.4906006985,30640.3102582968,18700.510744186,16094.4949046134,193200
59449.8785872551,51171.7224350955,30596.4490619225,18665.5482491705,16061.1910661257,193300
59393.9987326951,51118.0278514988,30552.6424825273,18630.6461339402,16027.9518791039,193400
59334.7502212721,51064.3759591384,30508.8904737655,18595.8043094023,15994.7772318435,193500
59275.5450433515,51010.7667559687,30465.1929892648,18561.0226865457,15961.667012785,193600
59216.3832035233,50957.2002398461,30421.5499826264,18526.3011764407,15928.6211105147,193700
59157.2647062638,50903.6764085289,30378.5312028526,18491.6396902393,15895.9675373602,193800
59098.1895559365,50850.1952596776,30336.1296041674,18457.0508661551,15865.7113327622,193900
59041.5108645877,50796.7567908557,30293.7791459659,18422.53328638,15835.5085317393,194000
58995.9664419957,50743.3609995294,30251.4797876183,18388.075374337,15805.3590529096,194100
58950.44152896,50690.0078830683,30209.231488463,18353.6770417391,15775.2628149725,194200
58904.9361506427,50636.6974387456,30167.0342078075,18319.4841187242,15745.2197367087,194300
58859.450332109,50583.4296637384,30124.8879049282,18285.3890138323,15715.2297369805,194400
58813.984098327,50530.204555128,30082.7925390708,18251.3525558955,15685.2927347317,194500
58768.5374741686,50477.0221099002,30040.7480694507,18217.3746586245,15655.4086489876,194600
58722.9854091761,50423.8823249457,29998.754455253,18183.455235809,15625.5773988553,194700
58677.3084397385,50370.1256409566,29956.1003423292,18149.5942013179,15595.7989035236,194800
58624.7481195024,50316.2999528983,29913.4087626405,18115.899147467,15565.4405777221,194900
58569.3996097139,50263.5973508563,29870.7702321417,18083.780076113,15534.3936827168,195000
58513.8270572735,50212.4425458822,29827.8577508426,18051.7132243169,15503.4046432183,195100
58458.2824731038,50160.0878069807,29784.6662519613,18019.6985211143,15472.4733642396,195200
58402.7753108109,50107.7745465812,29741.5295112189,17987.7358955923,15441.5997509065,195300
58347.3055796186,50055.5027622369,29698.4474798537,17955.8252768899,15410.7837084575,195400
58291.8732886436,50003.2724514084,29655.4201090849,17923.9665941979,15380.0251422439,195500
58236.4784468959,49951.083611464,29612.4473501124,17892.1597767592,15349.3239577298,195600
58181.1210632795,49898.9362396796,29569.5291541179,17860.404753869,15318.680060492,195700
58125.8011465921,49846.8303332396,29526.6654722642,17828.7014548745,15288.0933562202,195800
58070.5187055259,49794.7658892365,29483.8562556964,17797.0498091755,15257.563750717,195900
58015.2737486676,49742.7429046719,29441.1014555412,17765.4497462245,15227.1174161337,196000
57960.0662844985,49689.9808785691,29398.4010229081,17733.9011955265,15196.7630507417,196100
57904.8963213954,49637.2275179453,29355.754908889,17702.4706698602,15166.4652511741,196200
57849.7638676304,49584.5173031652,29313.1630645586,17671.1699574803,15136.2239244081,196300
57794.6689313713,49531.8502288432,29270.6254409748,17639.9200132584,15106.0545895162,196400
57739.6115206819,49479.2262895045,29228.141989179,17608.7207682675,15075.9632396511,196500
57684.5916435223,49426.6454795848,29185.712660196,17577.5721536318,15045.9279362562,196600
57629.6093077491,49374.1077934308,29143.3374050346,17546.4741005258,15015.9485871653,196700
57574.664521116,49321.6132253006,29101.4340638521,17515.4265401753,14986.0251003225,196800
57519.7572912735,49269.1617693638,29059.921626792,17484.4294038571,14956.1573837828,196900
57464.6987236362,49216.753419702,29018.4609213083,17453.4826228993,14926.3453457117,197000
57409.6035419583,49164.3881703088,28977.0519025531,17422.586128681,14896.5888943851,197100
57354.5464199678,49112.0660150904,28935.6945256583,17391.3283760458,14866.8879381898,197200
57299.5273644508,49059.7869478657,28894.3887457361,17357.9206105407,14837.2423856231,197300
57244.5463820917,49006.0162463511,28853.1345178793,17324.5725982344,14807.6521452931,197400
57189.6034794736,48951.126266382,28811.6352672609,17291.2842458361,14778.1171259185,197500
57134.6986630783,48896.2852522178,28769.9294195533,17258.0554601561,14748.6372363288,197600
57079.831939287,48841.4931897288,28728.2765947855,17224.8861481052,14719.2123854641,197700
57025.0033143804,48786.7500647021,28686.6437967242,17191.7762166955,14689.8424823753,197800
56971.6536494804,48733.0192829761,28643.9149259444,17158.7255730399,14660.5274362242,197900
56920.3282421641,48682.1583801437,28601.2424993156,17125.7341243525,14631.2671562832,198000
56869.0345783974,48631.3381556587,28558.6264615839,17092.8017779484,14602.0615519355,198100
56817.7726703388,48580.5586054733,28516.0667574915,17059.928441244,14572.9105326753,198200
56766.5425300497,48529.8197254548,28473.5633317763,17027.1140217569,14543.8140081073,198300
56715.3441694947,48479.1215113858,28431.1161291724,16994.3584271059,14514.7718879472,198400
56664.1776005422,48428.4639589644,28388.7250944103,16962.6954038666,14485.7840820217,198500
56613.0428349645,48377.8470638045,28346.3901722174,16931.9116260784,14456.850500268,198600
56561.9398844377,48328.5121455361,28304.072969609,16901.1794579613,14427.9710527345,198700
56510.8687605424,48279.5960216943,28260.2985455013,16870.4988256081,14399.1456495802,198800
56459.8294747638,48230.7172180803,28216.5846830099,16839.8696551769,14370.3742010751,198900
56408.822038492,48181.8757338624,28172.9313177252,16809.2918728913,14341.6566176,199000
56357.8464630219,48132.0726055456,28129.3383852468,16778.7654050404,14312.9928096468,199100
56306.902759554,48081.198998598,28085.8058211844,16747.2559203865,14284.3826878179,199200
56255.9909391941,48029.9371132349,28042.3335611579,16715.4363724009,14255.8261628271,199300
56205.111012954,47978.7142198343,28000.0097320262,16683.6730837634,14227.3231454987,199400
56154.2629917514,47926.5791290847,27958.9031181826,16651.9659677388,14198.873546768,199500
56103.4468864104,47874.0841867484,27920.0113914334,16620.3149376839,14170.4772776813,199600
56052.6627076615,47823.7432584783,27881.1667732704,16588.719907048,14142.1342493959,199700
56001.9104661421,47773.5307963052,27842.3692246162,16557.1807893725,14113.8443731796,199800
55951.1901723966,47721.9457977614,27803.6187063726,16525.6974982913,14085.6075604117,199900
55900.5018368764,47669.9218181469,27764.9151794208,16494.2699475306,14057.4237225818,2e+05
55849.8454699408,47617.8862253977,27726.2586046219,16462.8980509092,14029.2927712909,200100
55799.2210818564,47565.8955579622,27687.6489428168,16431.5817223383,14001.2146182507,200200
55748.6286827982,47513.9498045883,27649.0861548268,16400.3208758217,13973.1891752838,200300
55698.068282849,47462.0489539459,27610.5702014532,16369.115425456,13945.2163543237,200400
55647.5398920004,47410.1929946275,27572.1010434781,16337.9652854302,13917.2960674149,200500
55597.0435201523,47358.381915148,27533.6786416645,16306.8703700264,13889.4282267127,200600
55546.5791771139,47306.6157039453,27495.3029567562,16275.830593619,13861.6127444834,200700
55496.1468726033,47254.8943493806,27456.3368575268,16244.8458706757,13833.8495331041,200800
55445.746616248,47203.2178397386,27416.7355685413,16213.9566007878,13806.1385050627,200900
55395.3784175853,47158.7289843985,27377.1846429619,16183.2696161092,13778.4795729581,201000
55345.0422860623,47116.0493574409,27337.6840343764,16152.6367199461,13750.8726495002,201100
55294.2159060855,47067.6479233252,27298.2336963633,16122.0634542716,13723.3176475094,201200
55240.8121655301,47017.7734621874,27258.8335824917,16091.5863624896,13695.8144799172,201300
55187.4463940397,46967.6447443851,27219.2615080832,16061.1629358997,13668.363059766,201400
55134.1185947493,46917.5579064848,27178.6411374773,16030.7930919141,13640.9633002089,201500
55080.8287707035,46867.5129399717,27138.0747097904,16000.4767480334,13613.6151145098,201600
55027.5769248567,46817.105709486,27097.5621710724,15970.2138218468,13586.3184160434,201700
54974.3630600737,46766.6758410988,27057.1034673749,15940.0042310321,13559.0731182953,201800
54921.1871791296,46716.2888512911,27016.6985447509,15909.8478933561,13531.879134862,201900
54868.0492847102,46664.7649943356,26976.347349255,15879.7447266738,13504.7363794503,202000
54814.949379412,46611.3779960092,26936.0498269439,15849.6946489295,13477.6447658783,202100
54761.8874657429,46558.0407051156,26895.8059238763,15819.6975781561,13450.6042080746,202200
54708.8635461223,46504.7531020726,26855.6155861136,15789.7534324752,13423.6146200784,202300
54655.7433516118,46451.5151672284,26815.3943110353,15759.8621300976,13396.6759160399,202400
54602.6011680642,46398.3268808622,26775.0251425136,15730.023589323,13369.7880102197,202500
54549.497352496,46345.1882231844,26735.5236867605,15700.2377285399,13342.9508169893,202600
54496.4319065959,46292.099174337,26696.0740364617,15671.2033047164,13316.1642508309,202700
54443.404831965,46239.0597143938,26656.6761406937,15642.7968079509,13289.428226337,202800
54390.4161301176,46185.972891004,26617.3299485327,15614.4380204225,13262.7426582112,202900
54337.4658024809,46132.7996878728,26578.0354090548,15586.1268730976,13236.1074612673,203000
54284.5538503954,46079.6765246235,26538.7924713361,15557.8632970076,13209.5225504298,203100
54231.6802751154,46026.4593293946,26499.6010844532,15529.6472232484,13182.987840734,203200
54178.8450778093,45976.1976223506,26460.4611974831,15501.5376500412,13156.2927520796,203300
54126.0482595591,45927.458910635,26421.2456869008,15473.5278136282,13129.551811295,203400
54073.2898213616,45878.7609187635,26381.7005567659,15445.564856239,13102.8620583217,203500
54020.5697641282,45830.1036376513,26341.0557632642,15417.6487103191,13076.2234050903,203600
53967.8880886849,45778.9178695027,26300.6713618252,15389.7793083771,13049.6357636501,203700
53915.2447957733,45723.5602767436,26261.0013939266,15361.9565829845,13023.0990461688,203800
53862.6398860499,45669.8665448912,26221.3850457194,15334.1804667758,12996.6131649328,203900
53810.0733600871,45619.7208837024,26181.5058007777,15306.0710091463,12970.1780323466,204000
53757.5452183731,45569.6193479463,26139.9884037578,15276.256015339,12944.2846652751,204100
53705.0554613122,45519.56192391,26099.0614605459,15246.4954602425,12918.6705538619,204200
53652.6040892251,45469.499959994,26058.3964653547,15216.7892555711,12893.1040378814,204300
53600.191102349,45419.1593014213,26018.9037862783,15187.1373131462,12867.5443482688,204400
53547.8165008381,45368.8635190795,25980.3824369829,15157.5395448962,12841.0114716559,204500
53495.4802847637,45318.6125979395,25941.5419528199,15127.9958628563,12814.5302420221,204600
53446.0291340207,45268.4065229061,25901.5692787388,15099.3134256008,12788.1005684971,204700
53396.7439247783,45218.2452788178,25862.3728172148,15071.3866748987,12761.7223603383,204800
53347.4914561368,45168.1288504474,25824.166163555,15043.2844417085,12735.3955269304,204900
53298.2717337502,45118.0572225019,25786.0098489386,15013.905005843,12709.1199777857,205000
53249.0847631914,45068.0303796234,25749.0416729376,14984.5793823408,12682.895622544,205100
53199.9305499522,45018.0483063884,25712.2386520876,14955.3074835051,12656.7223709725,205200
53150.809099444,44968.1109873091,25675.4821387925,14926.0892217471,12630.6029964118,205300
53101.7204169979,44918.2184068327,25638.7720899366,14896.9245095852,12604.8153630747,205400
53049.7626946478,44868.3705493423,25602.1084623988,14867.8132596458,12579.0773985827,205500
52997.554125809,44818.5673991568,25563.8978570207,14838.7553846624,12553.3890165988,205600
52945.3844237972,44768.8089405313,25526.4001682359,14809.7507974766,12527.7501309049,205700
52893.2535871655,44719.0951576572,25489.626372411,14780.7994110372,12502.1606554019,205800
52841.1616143871,44669.4260346627,25452.8985345869,14751.9011384007,12476.6205041101,205900
52789.1085038557,44619.8015556128,25416.1262897913,14723.0558927312,12451.1295911684,206000
52737.0942538859,44570.2217045096,25378.3554402104,14694.2635873002,12425.6878308347,206100
52685.118862713,44520.6864652925,25340.634808017,14665.5528571046,12400.2951374861,206200
52633.1823284936,44471.1958218386,25302.9643419403,14637.0434211486,12374.951425618,206300
52581.2846493057,44421.749757963,25265.3439907168,14608.5859903225,12349.656609845,206400
52529.4258231489,44372.3482574184,25227.7737030901,14580.1804801352,12324.4106049002,206500
52477.6058479449,44322.9913038964,25190.253427811,14552.0860596196,12299.2133256355,206600
52425.8247215373,44273.6788810268,25152.7831136379,14525.0678418701,12274.0646870212,206700
52374.0824416921,44224.4109723783,25115.3627093367,14498.1361398252,12248.9646041463,206800
52322.3790060979,44175.1875614586,25077.4217500387,14471.3298935895,12223.9129922184,206900
52270.2724878983,44126.0086317146,25038.9376256191,14444.5698373715,12198.9097665631,207000
52218.1298332483,44076.8741665331,25001.7271572056,14417.855901498,12173.954842625,207100
52166.0270739504,44027.78414924,24964.5662401476,14391.1880163697,12149.0481359665,207200
52114.4083136073,43978.7385631018,24927.4548235014,14364.5661124609,12124.1895622686,207300
52065.3832439572,43929.7019935058,24890.3928563315,14337.99012032,12099.3790373302,207400
52016.3922913611,43880.023894484,24853.3802877112,14311.4599705692,12074.6164770687,207500
51963.5433164437,43830.3917960272,24816.9239043453,14285.1645784603,12049.9017975192,207600
51906.82529569,43780.8056789361,24781.8423874104,14258.9550926874,12025.2349148352,207700
51855.4582978347,43731.2655239541,24746.8047353642,14232.790417565,12000.615745288,207800
51804.1301447892,43682.3845584642,24711.8109079058,14207.6377882684,11976.0442052667,207900
51752.8408333749,43634.1641470166,24676.802252468,14183.0633900439,11951.5202112784,208000
51701.5903603388,43585.9868914749,24640.7019326772,14158.528246957,11927.043679948,208100
51650.3787223532,43537.8527761173,24604.6487635307,14134.0323054922,11902.6145280179,208200
51598.9454261415,43489.7617851632,24567.0814900816,14109.5755121787,11878.2326723485,208300
51547.4602395502,43441.7139027739,24529.3965001414,14085.1578135907,11853.9293146002,208400
51496.0145815552,43393.7091130529,24491.7637210755,14060.602435007,11829.6886551794,208500
51444.6084477159,43345.7474000455,24455.3476547976,14033.84101774,11805.4948526436,208600
51393.2418335183,43297.8287477396,24419.4738677112,14007.1273206678,11781.3478248725,208700
51341.9147343757,43249.6600082501,24383.647122506,13980.9686469365,11757.247489862,208800
51290.6271456287,43201.4566944751,24347.8673719086,13956.7456182825,11733.1937657237,208900
51238.6675048045,43153.2972168337,24312.1345686514,13936.1826799101,11709.1865706856,209000
51183.9736223015,43105.1815579674,24276.4486654729,13915.6471476643,11685.2258230911,209100
51129.4931732795,43057.1097004615,24240.8096151178,13891.8425039156,11661.3224865832,209200
51078.959680313,43009.0816268459,24205.217370337,13867.6909938153,11637.4806647086,209300
51028.4644833367,42961.0973195949,24169.6718838882,13841.7421437945,11613.6849422803,209400
50978.0075786462,42913.1567611275,24134.1731085354,13814.8779473179,11590.2476415181,209500
50927.588962466,42865.2599338079,24098.7209970496,13788.0627490056,11567.5798009423,209600
50877.2086309491,42817.4068199453,24062.3565474003,13761.2964689435,11544.9536709446,209700
50826.8665801777,42769.5974017944,24025.848046733,13734.5790273176,11522.3913551221,209800
50776.5628061634,42721.8316615555,23989.3894997255,13707.9103444141,11499.879644887,209900
50726.297304847,42674.1095813748,23953.0481611604,13681.3225525324,11477.409312635,210000
50676.070072099,42626.4311433445,23917.1176383122,13654.8319507194,11454.9802901766,210100
50625.88110372,42578.7963295032,23881.2356403349,13628.3895646217,11432.5925094094,210200
50575.7303954405,42531.2051218359,23845.4021156991,13601.9953157307,11410.2459023182,210300
50525.6179429214,42483.6575022744,23810.0774933055,13575.6491256364,11387.9404009748,210400
50475.543741754,42436.1534526974,23774.8594507176,13549.3509160268,11365.6759375381,210500
50425.5077874606,42388.6929549308,23739.6881499691,13523.1006086881,11343.4524442539,210600
50375.5100754942,42341.2257963166,23704.5635428325,13496.8981255049,11321.2698534552,210700
50325.5506012392,42293.6199948475,23669.4855810903,13470.7433884598,11299.1280975618,210800
50275.6293600112,42246.0582187325,23634.4542165352,13444.6363196336,11277.0271090808,210900
50225.7463470575,42198.5404488434,23599.4694009702,13418.5768412054,11254.9668206057,211000
50175.901557557,42151.0666660007,23564.5310862087,13392.5648754521,11232.9471648174,211100
50126.094986621,42102.9490504027,23529.639224075,13366.6003447491,11210.9680744835,211200
50075.9767523928,42054.0767094668,23494.7937664038,13340.6831715696,11189.0294824583,211300
50025.8801055059,42005.2516978874,23459.994665041,13314.813278485,11167.1313216834,211400
49976.9933884249,41956.4739914448,23425.2418718433,13289.1126121589,11145.2735251866,211500
49927.4464576499,41907.7435658722,23390.8802106088,13264.3149510874,11122.7946091065,211600
49877.9375104961,41859.0603968558,23356.7254865802,13239.5606159671,11100.2279458718,211700
49831.9090479878,41810.4244600351,23322.6154306964,13214.8495397376,11077.7045960752,211800
49786.1800828052,41761.8357310031,23288.5499978398,13190.1816554154,11055.2244841979,211900
49738.5658736865,41713.2941853064,23254.5291429005,13165.5568960935,11032.7875348279,212000
49690.9861538857,41665.2735653821,23220.5528207763,13140.975194942,11010.39367266,212100
49643.4409219705,41619.6706881569,23186.6209863728,13116.4364852076,10988.0428224957,212200
49595.930176442,41574.1084945358,23152.733594604,13091.9407002137,10965.7349092434,212300
49548.4539157358,41528.586968885,23118.8906003916,13067.4877733606,10943.4698579178,212400
49501.0121382213,41483.1060955202,23085.0919586658,13043.0776381254,10921.2475936405,212500
49453.6048422023,41437.6658587064,23051.3376243654,13018.710228062,10899.0680416392,212600
49406.2320259173,41392.2662426581,23017.4185057633,12994.3854768011,10876.9311272484,212700
49358.8936875393,41346.90723154,22982.6267906606,12970.1033180501,10854.8367759087,212800
49311.5898251765,41301.5888094665,22947.8826608717,12945.8636855934,10832.784913167,212900
49264.320436872,41256.3109605025,22913.1860643515,12921.6665132919,10810.7839270632,213000
49217.0855206043,41211.0736686631,22878.5369490745,12897.5117350837,10788.8508918113,213100
49169.8850742874,41165.8769179143,22843.9352630347,12872.3921643815,10766.9599879883,213200
49122.7190957709,41120.7206921728,22809.3809542454,12847.2778790478,10745.1111419411,213300
49075.5875828403,41075.3709978331,22774.87397074,12822.2097739111,10723.3042801219,213400
49028.4905332173,41029.2538578903,22740.4142605717,12797.1877725074,10701.5393290877,213500
48981.4279445597,40983.1795083822,22704.9980752195,12772.2117984723,10679.8162155006,213600
48934.3998144616,40938.301473615,22669.6033146594,12747.281775541,10658.5400985152,213700
48887.4061404541,40894.4453195154,22634.2587758023,12722.3976275485,10637.7899608833,213800
48840.4469200047,40850.6272130921,22598.9644004381,12697.5592784292,10617.0779014774,213900
48793.5221505182,40806.5979527301,22563.7201303863,12672.8201699351,10596.4038573616,214000
48746.6318293364,40763.3576928248,22528.5259074962,12648.1534249884,10575.7677656814,214100
48699.7759537384,40718.2832317769,22493.5525575185,12623.5319425564,10555.1695636646,214200
48652.9545209411,40672.9258974484,22459.2818476572,12598.9556478101,10534.6091886209,214300
48606.1675280988,40628.4482227522,22425.1857987531,12574.4244660184,10514.0865779418,214400
48559.414972304,40583.6364074441,22391.2840640806,12549.9383225473,10493.6016691007,214500
48512.6968505872,40537.8226425735,22357.4287606311,12525.4971428607,10473.1543996528,214600
48466.013159917,40490.5404512479,22323.61983731,12501.1008525199,10452.7447072352,214700
48419.3638972008,40443.3046566528,22289.8572430429,12476.7493771836,10432.3725295665,214800
48372.7490592843,40396.1152332529,22256.1409267761,12452.442642608,10410.841307525,214900
48326.1686429522,40348.9721554729,22224.3230995371,12428.1805746467,10389.257958828,215000
48279.6226449282,40301.8753976974,22192.6409621105,12403.9630992505,10367.7175201932,215100
48233.1110618752,40254.8249342712,22160.0907876249,12379.7901424677,10346.2344889388,215200
48186.6338903953,40207.8207394995,22126.2040089549,12355.6616304438,10324.79374562,215300
48140.1911270304,40161.1359883758,22092.3643560008,12331.5774894214,10303.3952139095,215400
48093.879998041,40115.8709099404,22058.571775473,12307.5376457405,10282.0388175954,215500
48047.8269569535,40070.6482243736,22025.1408020948,12283.5420258381,10260.7244805805,215600
48001.8076944385,40025.4679113354,21992.433571112,12259.5905562484,10239.4521268829,215700
47955.8222074861,39980.2934517351,21959.7701936725,12235.6831636027,10218.2216806355,215800
47909.8704930265,39935.1138829392,21926.3696737575,12211.8197746292,10197.0330660859,215900
47863.9525479306,39889.976811816,21892.8388635205,12188.0003161532,10175.8862075966,216000
47818.0683690099,39844.8822176,21859.3546664766,12164.224715097,10154.7810296445,216100
47772.2179530169,39799.8300794841,21825.9170299379,12140.4928984796,10133.7174568212,216200
47726.401296645,39754.8203766197,21792.5259012417,12116.8047934171,10112.6954138327,216300
47680.6183965288,39709.8530881169,21759.1812277502,12093.5861462847,10091.7148254991,216400
47634.8692492444,39664.9281930448,21726.2364151121,12071.6655061787,10070.7756167549,216500
47589.1538513094,39620.0456704315,21694.2627467721,12049.782037656,10050.3109855915,216600
47543.4721991832,39575.2054992642,21662.3315319848,12027.9356849955,10030.0608286265,216700
47497.824289267,39530.4076584898,21630.4427260722,12006.1263925371,10009.8493438029,216800
47452.210117904,39485.6521270149,21598.5962843698,11984.354104682,9989.67646374556,216900
47406.6296813801,39440.9388837054,21568.5273518936,11962.6187658929,9969.54212117576,217000
47361.082975923,39396.2679073878,21538.5053554609,11940.9203206932,9949.4462489115,217100
47315.3611546274,39351.6391768485,21506.8953128735,11919.2587136681,9929.38877986716,217200
47269.5707665162,39307.0526708342,21474.472963191,11895.8405227892,9909.36964705353,217300
47223.8147057898,39262.5083680522,21440.1885481321,11872.3330309363,9889.38878357772,217400
47178.0929677526,39218.0062471705,21405.8314817969,11848.8694935304,9869.44612264313,217500
47132.4055476524,39173.529690019,21371.5249764286,11825.4498358914,9849.5415975493,217600
47086.7524406807,39128.9979711291,21338.559630296,11802.0739834423,9829.68164950098,217700
47041.1336419727,39085.0610803993,21306.1958826135,11778.7418617089,9809.87157120729,217800
46995.5491466076,39044.2218879694,21274.3010193657,11755.519319097,9790.09935340471,217900
46949.9989496087,39003.4172044242,21242.4494285411,11732.8847905482,9770.36492999997,218000
46904.4830459435,38962.6470182922,21210.6410628555,11711.3134183756,9750.66823499513,218100
46859.0014305241,38921.911318058,21179.2180045273,11689.8691126894,9731.0092024875,218200
46813.554098207,38881.2100921629,21148.0381867277,11668.4616284902,9711.38776666959,218300
46768.1410437937,38840.543329005,21116.9145743993,11646.992060626,9691.80386182901,218400
46722.7622620305,38799.9110169391,21085.8323557808,11624.2314563039,9672.25742234845,218500
46677.4177476089,38757.0867398182,21054.7061573729,11601.5129085977,9652.74838270555,218600
46632.1074951658,38712.7764113284,21022.5263022406,11578.8363470079,9633.2766774729,218700
46586.8314992833,38674.0003351684,20990.3912673057,11556.2017011303,9613.84224131791,218800
46541.5897544894,38635.3927937907,20958.30100141,11533.6547644504,9594.44500900279,218900
46496.3822552576,38594.1469662604,20926.3031107515,11511.8982663213,9575.08491538444,219000
46451.2089960076,38551.1794008061,20894.9244001551,11489.1252764198,9555.7618954144,219100
46406.0699711052,38508.1359622543,20863.5883958785,11466.5837893651,9536.47588413882,219200
46360.9651748623,38464.5849105459,20832.295050878,11444.6647399499,9517.22681669828,219300
46315.8946015374,38421.0566764561,20801.0443181304,11422.8168293072,9498.01462832786,219400
46270.8582453356,38377.5697333424,20769.7981384983,11401.0154620496,9478.83925435694,219500
46225.8561004088,38334.1240597703,20737.2852173797,11379.2533466749,9459.70063020924,219600
46180.8881608558,38290.7196342693,20704.8189729281,11357.5304194154,9440.59869140267,219700
46135.9544207226,38247.3564353329,20672.2052223574,11335.8466165857,9421.53337354928,219800
46091.0548740023,38204.0920165995,20639.3766657915,11314.2018745824,9402.50461235523,219900
46046.1895146356,38161.7203053033,20607.7279310002,11292.6152585014,9383.51234362066,220000
46001.3583365107,38121.7503203941,20576.1826870938,11271.1258165277,9364.55650323965,220100
45956.5613334635,38081.726676949,20545.3752485843,11249.6749460263,9345.63702720011,220200
45911.7984992781,38041.2257728593,20514.9220273536,11228.2625845414,9326.75385158381,220300
45867.0698276864,38000.7601198692,20484.5097247643,11206.8886696971,9307.90691256618,220400
45822.3753123686,37960.3297042288,20454.1382965026,11185.5531391975,9289.09614641629,220500
45777.7149469534,37919.9345121485,20423.8076982729,11164.2559308273,9270.32148949684,220600
45733.0887250179,37879.5745297998,20393.517885798,11143.0044469856,9251.58287826395,220700
45688.4966400882,37839.2497433147,20363.2688148193,11121.7998786084,9232.88024926723,220800
45643.9386856389,37798.9601387865,20332.0800684498,11100.6333849351,9214.21353914961,220900
45599.4148550941,37758.7057022695,20300.6711876031,11079.5049042343,9195.5826846473,221000
45552.4843659812,37718.242553945,20269.5889325248,11058.4143748538,9176.98762258973,221100
45504.8252748305,37677.730973347,20239.0319628655,11037.3617352214,9158.42828989944,221200
45457.2067696697,37637.255217952,20208.5169372112,11016.3469238442,9139.90462359205,221300
45409.6288358406,37596.8152727407,20178.0438084854,10995.3698793088,9121.41656077613,221400
45362.0914586372,37556.4111226561,20147.6125296348,10974.4305402813,9102.9640386532,221500
45315.4445215051,37516.0427526038,20117.2230536298,10953.5288455072,9084.54699451757,221600
45271.0511208588,37475.7101474522,20086.5940949506,10932.6647338114,9066.16536575633,221700
45226.6920088328,37435.4132920324,20055.2750946776,10911.8381440982,9047.81908984926,221800
45182.3671781576,37395.1521711387,20025.3418083962,10891.0490153511,9029.50810436872,221900
45138.0766215144,37354.9267695286,19995.4491654466,10870.2972866332,9010.72748208322,222000
45093.820331535,37314.0610142975,19965.5971208613,10849.5828970864,8991.78337205271,222100
45049.5983008022,37272.6991563114,19935.1836531796,10828.9057859323,8972.87727220087,222200
45005.4105218499,37231.3756117235,19904.6643631601,10808.2658924712,8954.00911189347,222300
44961.2569871635,37190.0903615497,19873.9932944933,10787.6631560829,8935.17882060928,222400
44917.1376891797,37148.8433867724,19843.3104027962,10767.0975162262,8916.38632793991,222500
44873.0526202865,37107.63466834,19812.7940467011,10746.568912439,8897.63156358978,222600
44829.0017728241,37066.4641871676,19782.818721696,10726.0772843382,8878.91445737589,222700
44784.9851390842,37025.3319241365,19752.8848034104,10705.6225716197,8860.23493922777,222800
44741.0027113109,36984.2378600953,19722.5582850716,10685.2047140584,8841.59293918736,222900
44697.0544817002,36943.1819758589,19691.5731631525,10664.823651508,8822.98838740887,223000
44653.0287980109,36902.1642522097,19660.6327702507,10644.4793239014,8804.42121415867,223100
44609.0174713099,36861.1846698971,19629.8758955529,10624.2181565791,8785.89134981519,223200
44564.9258112039,36820.2432096378,19599.8307523476,10604.1217074759,8767.39872486878,223300
44520.7684261162,36779.3398521162,19570.096494198,10584.0611499774,8748.94326992161,223400
44476.6459293989,36738.4745779842,19539.7331580538,10564.0364261182,8730.52491568751,223500
44427.9913870878,36697.0643012383,19509.5532673371,10543.2139829655,8712.14359299193,223600
44378.0110036229,36655.6282173812,19479.3460884939,10523.004779767,8693.79923277175,223700
44328.0780350668,36614.2316648889,19449.3835506192,10502.9329981408,8675.49176607519,223800
44283.5754769273,36572.874622038,19419.7137367631,10483.0115908809,8657.22112406169,223900
44241.6710444395,36529.4405885111,19390.2691040128,10463.317714104,8638.9872380018,224000
44199.7253252879,36484.1935445284,19360.9914890948,10443.6587550155,8620.79003927703,224100
44157.7679658214,36440.2701685134,19331.7542427543,10424.0575032014,8602.62945937977,224200
44115.8416764424,36400.7656363874,19302.7110411311,10404.5641255385,8584.50542991317,224300
44073.946452106,36361.2967076662,19272.4350381643,10385.18913965,8566.41788259096,224400
44030.0584708399,36321.8633658508,19243.4174939955,10365.9886312603,8548.36674923742,224500
43984.5713749291,36282.4655944091,19214.5116656076,10346.3916078105,8530.35196178718,224600
43939.1225788928,36243.1033767765,19185.645459144,10326.7377683648,8512.37345228518,224700
43893.7120688738,36203.7766963559,19156.3661765028,10307.1665737845,8494.43115288646,224800
43848.339830972,36164.4855365177,19127.0958120408,10287.5521215359,8476.5249958561,224900
43802.9778114948,36125.2298806,19097.866397494,10267.9729752152,8458.65491356913,225000
43757.5936266133,36085.3978940391,19068.6778851789,10248.4672093273,8440.83537577382,225100
43712.2478429554,36045.1665963081,19039.5302274407,10229.042861031,8423.05319045601,225200
43666.9404462555,36004.9730569088,19010.4233766537,10209.6533157619,8405.30681252959,225300
43621.6714222067,35964.8172558637,18981.357285221,10190.2901791195,8387.59617499795,225400
43576.4407564598,35924.6991731659,18952.4698878086,10170.2047877762,8370.18128654236,225500
43531.2484346244,35884.4869752667,18923.8358314096,10150.1569929262,8353.22282859748,225600
43486.0944422687,35844.1892355339,18894.719674259,10130.1467300871,8336.29709476627,225700
43440.9787649193,35803.929724893,18865.8135745371,10110.1739348687,8319.40666434191,225800
43395.9013880619,35763.7084224117,18837.5079987929,10090.2385429729,8302.56806600184,225900
43350.8622971414,35723.5253071295,18809.2934190001,10070.3404901939,8285.76192611429,226000
43305.8614775616,35683.5059659171,18780.2827002858,10050.4797124179,8268.98818698786,226100
43260.8989146857,35643.7978567868,18751.4309762802,10030.5795179835,8252.24679101834,226200
43215.9745938366,35604.1269948094,18722.5610416044,10010.6989818039,8235.53768068857,226300
43171.0885002965,35564.8661335476,18693.7319109209,9990.94776700039,8218.86079856843,226400
43126.2406193078,35526.1089435371,18664.9435358504,9971.78361246622,8202.21608731469,226500
43081.4309360725,35487.3870805017,18636.1958680458,9952.04334659213,8185.60348967096,226600
43036.6594357529,35448.7005271036,18607.6989775609,9932.34022445617,8169.02294846763,226700
42991.9261034715,35410.0492659755,18579.1463980031,9912.67418189052,8152.47440662176,226800
42947.2309243111,35371.4332797201,18550.5463090682,9893.04515482037,8135.95780713702,226900
42902.5738833153,35332.8207823009,18521.9866668664,9873.45307926389,8119.47309310358,227000
42857.9549654882,35294.131561862,18493.8417485563,9853.89789133213,8102.99780465836,227100
42813.3741557948,35255.477870353,18465.9163314449,9834.71145476222,8085.77109483633,227200
42768.831439161,35216.8596898533,18438.035559128,9816.50599960285,8068.57944707686,227300
42724.3268004741,35178.2770024133,18410.1933192752,9798.33236726026,8051.42279485109,227400
42679.8602245825,35139.7297900551,18382.389567599,9780.19050744257,8034.30107174073,227500
42635.431696296,35101.2180347725,18354.6242598383,9762.08036992131,8017.22655187992,227600
42593.3683504256,35062.7417185306,18326.8973517583,9744.0019045314,8000.19245659058,227700
42553.7300895586,35024.3008232667,18299.2087991505,9725.20647314674,7983.19301841515,227800
42514.120532674,34985.8953308898,18271.5281388467,9706.27143252116,7966.22817159095,227900
42474.5396754777,34947.5252232812,18243.7760080942,9687.45301526222,7949.45860649495,228000
42434.9875136336,34909.1904822944,18216.0432364257,9668.66922991417,7933.36145603697,228100
42395.4640427636,34870.891089755,18188.3876472886,9649.92001814717,7917.29538430897,228200
42355.9692584478,34832.6270274614,18160.7513272822,9631.20532171302,7901.26524788281,228300
42316.5031562245,34794.3982771844,18133.1535209514,9612.52508244509,7885.28753008476,228400
42277.0657315906,34756.2048206675,18105.5941833901,9593.8792422583,7869.34061423459,228500
42237.6569800014,34717.933838565,18078.0732697203,9575.26774314903,7853.42444546156,228600
42198.276896871,34679.3756124505,18050.5907350924,9556.69052719505,7837.53896897848,228700
42158.9254775722,34640.8536281805,18023.1465346851,9538.1475365555,7821.68413008172,228800
42119.6027174367,34602.3678659047,17995.7406237058,9520.27210003349,7805.85987415108,228900
42080.3086117554,34563.9183057476,17968.3729573901,9502.47291754105,7790.06614664971,229000
42041.043155778,34525.5049278083,17941.0434910024,9484.70521067444,7774.30289312407,229100
42001.8063447139,34486.5158711896,17913.7521798357,9466.96892890032,7758.57005920377,229200
41962.5981737316,34444.994497162,17886.4989792116,9449.26402175108,7742.86759060161,229300
41923.4186379592,34403.5166123897,17859.2838444806,9431.59043882475,7727.19543311337,229400
41884.2677324845,34362.0821858728,17832.1067310218,9413.94812978503,7711.55353261783,229500
41845.145452355,34320.6911865961,17804.8059915237,9396.18933832018,7695.94183507664,229600
41806.051792578,34279.3435835295,17777.1798375492,9378.0982709324,7680.36028653425,229700
41766.986748121,34238.0393456273,17749.5931939951,9360.04026207317,7664.80883311784,229800
41727.9503139114,34196.7784418294,17722.0460128914,9342.0152564631,7649.28742103722,229900
41688.942484837,34155.5608410605,17694.5382463027,9324.02319889958,7633.79599658476,230000
41649.9632557457,34116.7725041521,17667.0698463283,9306.06403425675,7618.33450613531,230100
41611.0126214463,34078.3729916818,17639.6407651024,9288.13770748547,7602.90289614613,230200
41572.0905767077,34040.0102775892,17612.2509547939,9270.24416361319,7587.50111315679,230300
41533.1971162598,34001.6843404865,17584.9003676066,9252.38334774399,7572.12910378907,230400
41494.3322347933,33963.395158963,17558.0142791742,9234.55520505843,7556.78681474695,230500
41454.2530326101,33925.1427115853,17531.7439753388,9216.75968081358,7541.47419281646,230600
41413.0327328833,33886.9269768975,17505.5097055845,9198.99672034291,7526.19118486562,230700
41371.8456556871,33848.7479334214,17479.3114286378,9181.26626905624,7510.93773784437,230800
41330.6917901619,33810.6055596564,17453.1491032501,9163.56827243972,7495.71379878446,230900
41289.5711254113,33772.4998340796,17427.0226881983,9145.90267605573,7480.51931479942,231000
41248.4836505023,33734.4307351463,17400.098834033,9128.26942554283,7465.35423308442,231100
41207.4293544654,33696.3982412896,17372.8982752689,9110.66846661573,7450.21850091622,231200
41166.4082262951,33658.4023309211,17345.7370101446,9093.09974506521,7435.1120656531,231300
41125.4202549492,33620.4166880541,17318.6149901277,9075.56320675809,7420.03487473472,231400
41084.4654293499,33582.2819552263,17291.5321667231,9058.05879763714,7404.98687568213,231500
41043.5437383831,33544.1842225366,17264.9574673206,9040.58646372104,7389.96801609759,231600
41002.6551708992,33506.123467608,17238.6837868664,9023.14615110431,7374.97824366455,231700
40961.7997157126,33468.0996680427,17212.4468852256,9005.73780595729,7360.01750614757,231800
40920.9565261927,33430.1128014223,17186.0734539928,8988.36137452602,7345.08575139219,231900
40879.9673603321,33392.1628453081,17159.6446072454,8971.01680313224,7330.18292732489,232000
40839.0116665595,33354.2497772412,17133.1566309005,8953.70403817331,7315.308981953,232100
40798.0894330773,33316.3735747424,17105.9231627104,8936.42302612215,7300.46386336459,232200
40757.2006480532,33278.5342153125,17078.7298259981,8919.17371352718,7285.64751972844,232300
40716.3452996203,33240.7316764323,17051.576569733,8901.95604701227,7270.85989929388,232400
40675.5233758767,33202.9659355629,17024.4633429268,8884.76997327667,7256.10095039081,232500
40634.7348648863,33165.2369701456,16997.3900946337,8867.61543909497,7241.37062142951,232600
40593.9797546785,33127.5447576023,16970.3567739503,8850.49239131701,7226.66886090062,232700
40553.2580332484,33089.8892753352,16943.3633300158,8833.40077686787,7211.59309641082,232800
40512.5696885572,33052.2705007274,16916.4097120122,8816.34054274775,7196.49286025696,232900
40471.9147085317,33014.6884111425,16889.4958691637,8799.31443653208,7181.42291844988,233000
40431.2930810652,32977.1429839253,16863.140020206,8782.3843819954,7166.38321423501,233100
40390.704794017,32939.6341964014,16836.9807047706,8765.48528986843,7151.37369095137,233200
40350.1498352128,32902.1620258774,16810.8588819856,8748.61710816098,7136.3942920314,233300
40309.6281924448,32864.7264496415,16784.774505916,8731.77978495611,7121.44496100093,233400
40269.1398534719,32827.327444963,16758.7275306618,8714.97326841009,7106.52564147899,233500
40228.6848060194,32789.9649890926,16732.7179103579,8698.19750675237,7091.63627717777,233600
40188.1139160433,32752.6390592628,16706.7455991744,8681.45244828547,7076.77681190244,233700
40147.560525926,32715.3496326876,16680.8105513163,8664.73804138498,7061.9471895511,233800
40105.850100416,32678.0966865629,16654.9127210237,8648.05423449947,7047.14735411463,233900
40061.2121864996,32640.8801980664,16629.052062572,8631.40097615042,7032.26494920814,234000
40016.6166717429,32603.700144358,16603.2285302717,8614.77821493219,7017.39625397345,234100
39972.0635314095,32566.5565025797,16577.4420784686,8598.18589951196,7002.55771920373,234200
39927.5527407383,32529.4492498556,16551.6926615435,8581.62397862966,6987.74928761941,234300
39883.0842749443,32492.3783632923,16525.9802339129,8565.09240109789,6972.97090203731,234400
39838.6581092179,32455.3438199788,16500.3047500285,8548.59111580193,6958.22250537048,234500
39794.1607018709,32418.3455969868,16474.6661643772,8532.12007169961,6943.50404062814,234600
39754.9286913215,32381.3836713706,16449.1322294136,8515.67921782128,6928.81545091549,234700
39716.6752658108,32344.4580201673,16424.2362866115,8499.26850326976,6914.15667943363,234800
39678.3991021617,32307.9303909069,16399.3750605129,8482.88787722028,6899.52766947945,234900
39640.1527002666,32270.8800138177,16374.5485100742,8466.53728892039,6884.92836444547,235000
39601.93605128,32234.2829041228,16349.7565942807,8450.21668768994,6870.35870781976,235100
39558.2713547317,32197.7214752915,16324.9992721464,8433.92602292101,6855.8186431858,235200
39513.8835804804,32160.9692354195,16299.8128775932,8417.66524407782,6841.30811422234,235300
39469.3547477326,32123.8469265206,16274.372356067,8401.43430069672,6826.82706470335,235400
39424.8301468485,32084.884899079,16248.9686161299,8385.23314238611,6812.3754384978,235500
39380.3486799647,32045.8896718376,16223.6016119935,8369.06171882636,6797.95317956963,235600
39335.91032045,32009.0014929552,16198.2712979067,8352.91997976976,6783.56023197759,235700
39291.515041652,31971.1128245567,16172.9776281549,8336.8078750405,6769.19653987509,235800
39247.1628168974,31933.1236608157,16147.7205570606,8320.72535453455,6754.86204751015,235900
39202.8536194916,31897.6875565114,16122.5000389832,8304.67236821962,6740.55669922523,236000
39158.5874227193,31862.6909476958,16097.4819173499,8288.64886613513,6726.2804394571,236100
39114.3641998445,31827.7270319806,16073.2005286541,8272.65479839212,6712.03321273679,236200
39070.1839241104,31792.7957908429,16048.9529073849,8256.69011517319,6697.81496368938,236300
39026.0465687398,31757.8972057405,16024.7390136631,8240.75929861005,6683.62563703393,236400
38981.9521069352,31723.031258112,16000.5588076379,8225.17319657892,6669.46517758338,236500
38937.9005118788,31687.8970506542,15976.4122494865,8209.61510718041,6655.33353024436,236600
38900.0633118677,31651.9177377634,15952.2992994143,8194.0849842174,6641.23064001714,236700
38862.442763218,31615.9736399446,15928.2199176548,8178.58278155659,6627.15645199548,236800
38824.8516960032,31580.0647347766,15904.1740644699,8163.10845312845,6613.1109113665,236900
38787.2901009011,31544.1909998233,15880.1617001497,8147.66195292721,6599.10909989352,237000
38749.7579685581,31508.3524126325,15856.1827850124,8132.24323501075,6585.13706590651,237100
38712.2552895899,31472.5489507371,15832.237279405,8116.8522535006,6571.1934480226,237200
38674.7820545815,31436.7805916543,15808.2128910454,8101.48896258187,6557.27819200048,237300
38637.3382540869,31401.0473128864,15783.1541223822,8086.15331650321,6543.39124369115,237400
38599.9238786297,31365.3490919205,15758.1323068737,8070.55515979809,6529.53254903774,237500
38562.5389187031,31329.6859062289,15733.1473970744,8054.96632260501,6515.70205407543,237600
38523.8707192989,31294.0577332688,15708.1993455804,8039.40617228922,6501.89970493135,237700
38482.7518750039,31258.4645504827,15683.2881050293,8023.87466013769,6488.12544782442,237800
38441.6701432761,31222.9063352985,15658.4136281006,8008.37173750788,6474.72607238284,237900
38400.6255046814,31187.3830651295,15633.5758675154,7992.89735582762,6461.53552293306,238000
38359.6179397613,31151.8947173744,15608.7747760365,7977.45146659512,6448.37070987996,238100
38318.6474290333,31116.4412694178,15584.0103064686,7962.03402137886,6435.23158637499,238200
38277.7139529906,31081.0226986298,15559.2824116581,7946.64497181751,6422.11810564444,238300
38236.8174921024,31045.6389823663,15534.591044493,7931.28426961993,6409.0302209894,238400
38195.9580268141,31010.2900979693,15509.9361579035,7915.95186656506,6395.96788578564,238500
38155.1355375474,30974.9760227667,15485.3177048614,7900.64771450187,6382.93105348354,238600
38114.3500047002,30939.6967340726,15460.7356383804,7885.37176534929,6369.91967760802,238700
38073.6014086471,30904.4522091874,15436.1899115161,7870.12397109619,6356.93371175839,238800
38032.7828221196,30869.2424253975,15411.680477366,7854.90428380123,6343.93087637685,238900
37991.955721738,30834.067359976,15387.2072890695,7839.71265559289,6330.57008453653,239000
37951.1658056402,30798.9269901826,15362.8686305856,7824.54903866934,6317.24425172914,239100
37910.4130537248,30763.8212932632,15339.0470821202,7809.41338529842,6303.94536721504,239200
37869.6974458676,30728.7502464508,15315.2797349591,7794.30564781756,6290.67337983028,239300
37829.0189619217,30693.7138269651,15291.9187894354,7779.2257786337,6277.4282384976,239400
37788.377581718,30658.7120120126,15268.332411823,7764.17373022327,6264.20989222626,239500
37747.7732850644,30623.7447787869,15244.6898628321,7748.97527305237,6251.01829011196,239600
37707.2060517471,30588.8121044687,15221.081303205,7733.5829490228,6237.8533813367,239700
37666.6758615296,30553.9139662258,15197.506690635,7718.21985830066,6224.71511516873,239800
37626.1826941538,30519.0503412134,15173.9659828506,7702.88594926604,6211.60344096236,239900
37585.7265293391,30483.8045887901,15150.4591376153,7687.58117037833,6198.51830815789,240000
37545.3073467835,30448.4101551758,15126.9861127275,7672.30547017608,6185.45966628152,240100
37504.9251261629,30413.0516039434,15103.5468660208,7657.05879727702,6172.42746494518,240200
37464.5798471319,30377.7289099193,15079.5745288899,7641.84110037789,6159.42165384646,240300
37424.2714893233,30342.44204792,15055.262466767,7626.65232825439,6146.4421827685,240400
37384.0000323485,30307.1909927523,15031.7679359769,7611.4924297611,6133.48900157987,240500
37343.7654557977,30271.9757192133,15008.5561567962,7596.36135383139,6120.56206023444,240600
37303.56773924,30236.7962020902,14985.3776713168,7581.25904947733,6107.66130877128,240700
37263.406862223,30201.6524161609,14962.2324381495,7566.26703054387,6094.78669731459,240800
37223.2828042738,30166.5443361938,14939.1204159393,7551.52935159171,6081.9381760735,240900
37183.1955448982,30130.3901852165,14916.0415633657,7536.81908193234,6069.11569534206,241000
37143.1450635815,30091.735766164,14892.9958391425,7522.13617430608,6056.31920549904,241100
37103.1313397883,30053.1258281177,14869.9832020181,7507.48058152359,6043.5486570079,241200
37063.1543529625,30014.5603314118,14847.6263362228,7492.85225646579,6030.80400041659,241300
37023.2140825278,29976.0392363869,14825.0329594484,7478.2511520838,6018.0851863575,241400
36983.3105078872,29937.56250339,14802.3557874077,7463.67722139887,6005.39216554737,241500
36943.4436084239,29901.7146978871,14779.7107763468,7449.1304175023,5992.72488878708,241600
36903.6133635006,29867.6311005596,14757.0978868978,7434.61069355539,5980.08330696166,241700
36863.8197524601,29833.5812469941,14734.5170797241,7420.11800278935,5967.46737104009,241800
36824.0627546254,29799.5651145899,14711.9683155207,7405.65229850524,5954.87703207522,241900
36784.3423492996,29765.5826807355,14689.4515550144,7391.21353407391,5942.31224120366,242000
36746.9090404041,29731.6339228079,14666.9667589634,7376.80166293593,5929.77294964568,242100
36710.1450556313,29697.7188181734,14644.5138881576,7362.41663860149,5917.25910870506,242200
36673.411605124,29663.8373441871,14622.0929034188,7348.05841465038,5904.77066976903,242300
36636.7086759899,29629.9894781934,14599.7037656002,7333.72694473188,5892.30758430812,242400
36600.0362553128,29596.1751975261,14577.346435587,7319.42218256471,5879.86980387608,242500
36563.3943301516,29562.3944795081,14555.1143934145,7305.14408193697,5867.45728010971,242600
36526.7828875411,29528.6473014518,14532.9431970155,7290.89259670603,5855.06996472885,242700
36490.2019144916,29494.933640659,14510.8033226805,7276.66768079851,5842.70780953616,242800
36453.6513979897,29461.2534744214,14488.6947321902,7262.46928821019,5830.37076641707,242900
36417.1313249974,29427.6067800202,14466.6173873557,7248.29737300592,5818.05878733969,243000
36380.6416824531,29393.9935347263,14444.6179551236,7234.15188931959,5805.77182435462,243100
36344.1824572712,29360.4137158006,14422.9144782777,7220.03279135401,5793.50982959492,243200
36307.7536363423,29326.8673004938,14401.4793802867,7205.9400333809,5781.27275527595,243300
36271.3552065333,29293.3542660469,14380.2243378899,7191.87356974078,5769.06055369529,243400
36234.9871546878,29259.8745896907,14358.9982468879,7177.8333548429,5756.86773908958,243500
36198.6494676253,29226.4282486464,14337.8010736799,7163.81934316519,5744.68198580473,243600
36162.3421321426,29193.0152201255,14316.6327846887,7149.86196074351,5732.52106142294,243700
36126.0651350125,29159.6354813298,14295.493346361,7135.94400162719,5720.38491826509,243800
36089.8184629852,29126.2890094514,14274.3827251674,7122.05193713273,5708.27350873452,243900
36053.6021027872,29092.9757816734,14253.3008876021,7108.18572249922,5696.18678531689,244000
36017.4160411225,29059.6957751691,14232.2478001834,7094.34531303292,5684.12470058006,244100
35981.2602646717,29026.4489671027,14210.9585978267,7080.53066410722,5672.08720717403,244200
35945.1347600929,28993.2353346292,14189.2830378646,7066.74173116255,5660.07425783075,244300
35909.0395140211,28960.0548548944,14167.6381773853,7052.9784697063,5648.08580536407,244400
35872.9745130689,28926.9075050351,14146.0239787084,7039.24083531278,5636.12180266959,244500
35836.9397438262,28893.7932621792,14124.4404041843,7025.38511405824,5624.18220272459,244600
35800.9351928604,28860.7121034457,14102.8874161945,7011.40363722136,5612.26695858786,244700
35764.9608467165,28827.6640059447,14081.3649771512,6997.44881889287,5600.37602339965,244800
35729.0166919173,28794.6489467778,14059.873049498,6983.52061161518,5588.50935038151,244900
35693.1027149632,28761.6669030379,14038.4115957091,6969.61896800501,5576.68032704071,245000
35657.2189023326,28728.7178518092,14016.9805782899,6955.74384075331,5564.88652439702,245100
35621.3652404817,28695.8017701678,13995.4927936734,6941.89518262518,5553.11673963903,245200
35585.5417158451,28662.918635181,13973.6476023331,6928.07294645976,5541.37092663426,245300
35549.7483148351,28630.0684239081,13951.9734523027,6914.27708517018,5529.64903933017,245400
35513.9850238424,28597.2423155652,13930.4829371629,6900.50755174345,5517.95103175402,245500
35478.2518292362,28564.2985930849,13909.0232256081,6886.7642992404,5506.27685801279,245600
35442.5487173638,28531.3881024625,13887.5942791495,6873.04728079558,5494.62647229307,245700
35406.8756745511,28498.5108201346,13866.1960593315,6859.35644961718,5482.99982886089,245800
35371.2326871027,28465.6667225301,13844.8285277314,6845.69175898695,5471.39688206173,245900
35335.6197413017,28432.8557860712,13823.4916459598,6832.0531622601,5459.81758632028,246000
35300.0368234101,28400.0779871725,13802.1853756605,6818.44061286526,5448.26189614043,246100
35264.0073537909,28367.3119917769,13780.7435101759,6804.85406430432,5436.7297661051,246200
35226.7932994635,28333.1109159317,13759.1443671045,6791.29347015245,5425.22115087615,246300
35189.6127210597,28298.9464207523,13737.5768127383,6777.7587840579,5413.73600519428,246400
35152.465600191,28264.8184771411,13716.0408065017,6764.24995974201,5402.27428387892,246500
35115.3519184511,28230.7270559995,13694.5363078561,6750.76695099908,5390.8359418281,246600
35078.2716574164,28196.6374739778,13673.0632763001,6737.30971169631,5379.42093401836,246700
35041.2247986454,28162.3373825614,13651.6216713695,6723.87819577368,5368.02921550464,246800
35004.2113236794,28128.0744008647,13630.2114526373,6710.47235724392,5356.66074142015,246900
34967.2312140421,28093.8484987108,13608.8325797137,6697.36025216801,5345.31546697632,247000
34930.28445124,28059.6596459228,13587.4850122462,6684.31212873489,5333.99334746258,247100
34893.3710167627,28025.5078123247,13566.1429925557,6671.28833566285,5322.69433824639,247200
34856.4908920823,27991.3929677404,13544.7529858363,6658.28883068245,5311.41839477301,247300
34819.6440586542,27957.3150819948,13523.3944947714,6645.3135715885,5300.16547256548,247400
34782.8304979167,27923.2741249132,13502.0674784256,6632.36251623997,5288.93552722443,247500
34746.0501912913,27889.2700663216,13480.9739528653,6619.43562255993,5277.72851442806,247600
34709.303120183,27854.7342767669,13460.0547669631,6606.53284853549,5266.54438993196,247700
34672.5777784048,27820.0418260947,13438.9252109429,6593.65415221772,5255.38310956903,247800
34635.8038784171,27785.3880620825,13417.8266388989,6580.79949172158,5244.27905189814,247900
34599.0633509636,27750.7729514586,13396.7590108138,6567.96882522587,5233.3010545162,248000
34562.356177129,27716.1964609562,13375.7222867077,6555.16211097313,5222.34518879169,248100
34525.6823379821,27681.6585573127,13354.7164266378,6542.37930726962,5211.41141263313,248200
34489.0418145754,27647.1592072704,13333.7413906991,6529.62037248518,5200.4996840213,248300
34452.4345879457,27612.6983775765,13312.7971390234,6516.88526505325,5189.60996100913,248400
34415.8606391138,27581.7622692593,13291.8836317803,6504.1739434707,5178.7422017216,248500
34379.3199490848,27551.5468458458,13271.0008291764,6491.48636629788,5167.89636435563,248600
34342.8124988481,27518.9646973554,13250.1486914558,6478.82249215843,5157.08176945285,248700
34306.3382693775,27485.8620699806,13229.3271788999,6466.18227973928,5146.29253854756,248800
34269.8972416313,27452.7948713034,13208.5362518277,6453.60392468665,5135.52505047897,248900
34233.4893965523,27419.7630728346,13187.7758705953,6441.06369117748,5124.7792638949,249000
34197.1147150681,27386.7666460853,13167.0459955963,6428.54678856162,5114.05513751421,249100
34160.7731780911,27353.805562567,13146.3465872616,6416.05317636326,5103.35263012672,249200
34124.4647665181,27320.8797937913,13125.6967499828,6403.58281416814,5092.67170059309,249300
34088.1894612315,27287.7170478238,13105.1186869641,6391.13566162348,5082.01230784472,249400
34051.9472430981,27254.382181836,13084.5707822863,6378.71167843797,5071.37441088371,249500
34018.2265593638,27221.0836694121,13064.0529969475,6366.31082438165,5060.75796878265,249600
33984.5746987259,27187.8214803164,13043.5652919822,6353.93305928584,5050.18165270625,249700
33950.9506923147,27154.5955843158,13023.1076284618,6341.5783430431,5039.70282417121,249800
33917.3545276858,27121.4059511797,13002.6799674947,6329.24663560719,5029.24493272239,249900
33883.7861923755,27088.2525506798,12982.2822702254,6316.93789699292,5018.80793890474,250000
33850.2456739008,27055.1748342546,12962.1643873491,6304.65208727617,5008.39180333032,250100
33816.7329597601,27024.242825297,12942.0835386207,6292.38916659377,4997.99648667812,250200
33783.2480374323,26993.3419099253,12922.031737644,6280.14909514346,4987.62194969403,250300
33749.7908943778,26962.4720657946,12902.0089474528,6267.93183318379,4977.26815319077,250400
33716.3615180379,26931.6332705547,12882.0151311145,6255.73734103412,4966.93505804769,250500
33682.650556625,26900.8255018506,12862.0502517304,6243.56557907446,4956.62262521081,250600
33646.8930430968,26867.2677162335,12842.1142724355,6231.41650774551,4946.33081569265,250700
33611.1681518538,26833.7282699789,12822.2071563986,6219.29008754847,4936.05959057217,250800
33575.47586386,26800.2264725306,12802.3288668224,6207.18627904512,4925.80891099466,250900
33539.8161600656,26766.7622908232,12782.5675440373,6195.10504285761,4915.57873817168,251000
33504.1890214067,26733.335691798,12763.0790657693,6183.04633966849,4905.36903338094,251100
33468.5944288057,26699.9466424035,12743.618280286,6171.01013022061,4895.17975796623,251200
33433.0323631714,26668.9116176099,12724.1851531322,6158.99637531703,4885.0108733373,251300
33397.5028053988,26638.1563665006,12704.779649883,6147.00503582101,4874.86589495162,251400
33361.9570460537,26607.4323745171,12685.4017361435,6135.0360726559,4864.74693757436,251500
33326.2679112839,26576.7396186628,12665.861033627,6123.08944680508,4854.6482170905,251600
33290.6117011474,26546.0780759375,12646.0296907266,6111.16511931189,4844.56969528858,251700
33254.9883958396,26515.4477233368,12626.2274385095,6099.2630512796,4834.5113340224,251800
33219.3979755431,26484.8485378529,12606.4542391458,6087.38320387128,4824.47309521087,251900
33183.8404204279,26454.2804964744,12586.6555701989,6075.52553830978,4814.454940838,252000
33148.3157106514,26423.6503623524,12566.6221797549,6063.69001587767,4804.45683295275,252100
33112.8238263586,26392.9100014717,12546.6187094595,6051.87659791712,4794.47873366899,252200
33077.3647476819,26362.2012683386,12526.640592782,6040.0852458299,4784.52060516536,252300
33041.9384547414,26331.5241390608,12506.3940127711,6028.31592107725,4774.58240968523,252400
33006.5449276451,26300.8785897437,12486.4165448119,6016.56858517988,4764.66410953659,252500
32971.1841464886,26270.2645964902,12466.5447234898,6004.84319971782,4754.75587789626,252600
32935.8560913555,26239.6821354012,12446.7025838523,5993.13972633043,4744.74907408502,252700
32899.4341816307,26209.1311825752,12426.890086391,5981.45812671631,4734.76258948487,252800
32862.5173846101,26178.6117141085,12407.107191637,5969.7983626332,4724.79824680744,252900
32825.6368848537,26148.1237060954,12387.3538601616,5958.16039589794,4715.14848592422,253000
32788.7926571936,26118.0801017765,12367.6300525755,5946.54418838644,4705.5700079725,253100
32751.9846764548,26088.9065998061,12347.9357295296,5934.94970203354,4695.78992517713,253200
32715.2129174549,26059.7616524375,12328.2708517145,5923.40621944018,4686.02943849274,253300
32678.4773550048,26029.3667532783,12308.6353798604,5911.97193762342,4676.28851080492,253400
32641.7779639083,25997.8104473302,12289.0292747375,5900.55880943918,4666.6349859164,253500
32605.1147189625,25966.631182402,12269.4524971558,5889.16679832372,4657.00502474681,253600
32568.4875949574,25936.669841859,12249.9050079652,5877.79586776904,4647.39421318821,253700
32531.8965666766,25906.7390534899,12230.3867680551,5866.44598132273,4637.80251527472,253800
32495.3416088969,25876.8387944853,12210.897738355,5855.11710258796,4628.22989510158,253900
32458.8226963886,25846.9690420334,12191.199911421,5843.80919522343,4618.6763168251,254000
32422.3398039155,25817.1297733194,12171.4774643569,5832.52222294325,4609.14174466254,254100
32385.8929062351,25787.3209655266,12151.785041452,5821.25614951695,4599.62614289203,254200
32350.8527280489,25757.5425958356,12132.1226017028,5810.01093876936,4590.12947585252,254300
32316.20805271,25727.7946414247,12112.4901041493,5798.78655458057,4580.65170794366,254400
32281.5954905761,25697.8652159177,12093.0881553599,5787.55564232018,4571.19280362575,254500
32247.0150218574,25667.8941195295,12073.740334917,5776.18901938107,4561.75272741961,254600
32212.4666267532,25637.9540304494,12054.421613981,5764.8438309342,4552.33144390656,254700
32177.950285452,25608.0449248253,12035.1319533901,5753.52003907308,4542.78483609007,254800
32143.7857032561,25578.1667788038,12015.8713140231,5742.21760595083,4533.05077973216,254900
32109.9081528943,25548.3195685304,11996.6396567994,5730.93649378015,4523.3368857413,255000
32076.0613750487,25518.5032701503,11977.6042965782,5719.67666483324,4513.64311443931,255100
32042.2453515487,25488.7178598075,11958.6618937406,5708.43808144172,4504.17361450972,255200
32008.4600642117,25458.9633136453,11939.7476147302,5697.22070599657,4494.77921515378,255300
31974.7054948434,25429.2396078064,11920.8614223026,5686.02450094806,4485.40372249049,255400
31940.981625238,25400.071808837,11902.003279251,5674.84942880567,4476.04710049093,255500
31907.288437178,25371.1377187921,11883.1731484063,5663.69545213803,4466.70931318867,255600
31873.6259124344,25340.6248455022,11864.3709926367,5652.56253357283,4457.39032467967,255700
31839.9940327669,25311.3180229896,11845.4716615839,5641.45063579677,4448.09009912223,255800
31806.3927799238,25282.0412384009,11826.4099891563,5630.3597215555,4438.80860073686,255900
31772.8221356422,25252.7944689335,11807.3771961376,5619.2897536535,4429.54579380623,256000
31739.2820816477,25223.5776917831,11788.3732432377,5608.24069495407,4420.30164267504,256100
31705.7725996552,25194.3908841443,11769.3980912082,5597.21250837923,4411.07611174996,256200
31672.2936713682,25165.2340232106,11750.4517008421,5586.20515690963,4401.86916549955,256300
31638.8452784793,25136.107086174,11731.5340329742,5575.21860358451,4392.68076845414,256400
31605.4274026702,25107.0100502257,11712.6450484811,5564.15719728065,4383.51088520576,256500
31572.0400256118,25077.9428925556,11693.7847082808,5553.07845960931,4374.35948040807,256600
31538.6831289641,25048.9055903529,11675.2308333542,5542.06104014415,4365.22651877623,256700
31505.3566943765,25019.8981208056,11656.4985457367,5531.08124631159,4356.11196508685,256800
31472.0607034876,24990.9204611009,11637.7945578771,5520.05070975164,4347.01578417787,256900
31438.7951379256,24961.9725884253,11619.1188313747,5509.04133646081,4337.93794094851,257000
31405.5599793081,24933.0544799642,11600.4713278689,5498.05308821151,4328.87840035915,257100
31372.3552092422,24904.1661129028,11581.85200904,5487.08592683815,4319.84226511807,257200
31339.1808093247,24875.3074644251,11563.260836609,5476.13981423712,4310.82691048388,257300
31306.0367611422,24846.2259170001,11544.6977723374,5465.21471236665,4301.82972094295,257400
31272.9230462709,24817.0748839056,11526.1627780273,5454.31058324674,4292.8506618009,257500
31239.8396462768,24787.9543293937,11507.6558155213,5443.42738895913,4283.88969842383,257600
31206.786542716,24758.8642293405,11489.1768467029,5432.56509164716,4274.94679623821,257700
31173.7637171345,24729.8045596235,11470.7258334958,5421.72365351572,4266.02192073081,257800
31140.7711510682,24700.7752961209,11452.3027378645,5410.90303683119,4257.11503744862,257900
31107.8088260433,24671.7764147123,11434.0422075206,5400.04269221682,4248.22611199873,258000
31074.8767235761,24642.8078912783,11416.0227392424,5389.19167180576,4239.35511004827,258100
31041.974825173,24613.8697017008,11398.0299577535,5378.37046975357,4230.50199732434,258200
31009.1031123309,24584.9618218631,11380.0638277133,5367.62041409209,4221.66673961388,258300
30976.2615665369,24556.0842276497,11362.1243138175,5356.89104236596,4212.84930276361,258400
30943.4501692688,24527.2368949467,11344.2113807973,5346.18231706273,4204.04965267995,258500
30910.6689019947,24498.4197996414,11326.3249934201,5335.4942007312,4195.26775532891,258600
30877.9177461732,24468.9406956371,11308.4651164891,5324.82665598139,4186.50357673603,258700
30845.1966832538,24438.5660592221,11290.6317148434,5314.17964548443,4177.75708298626,258800
30812.5056946764,24408.2254993207,11272.8247533581,5303.55313197249,4169.02824022392,258900
30779.8447618719,24377.9189854559,11255.0441969439,5292.94707823871,4160.31701465258,259000
30747.213866262,24347.6464871594,11237.2900105478,5282.3614471371,4151.62337253498,259100
30714.3315208088,24317.4079739721,11219.5621591523,5271.79620158247,4142.94728019294,259200
30681.2279583931,24287.2034154439,11201.860607776,5261.25130455038,4134.28870400729,259300
30648.1555169056,24257.0327811338,11184.1853214732,5250.726719077,4125.64761041779,259400
30615.1141761409,24226.8960406099,11166.5362653343,5240.22240825911,4117.023965923,259500
30582.1039158865,24196.7931634495,11148.9134044854,5229.73833525393,4108.41773708025,259600
30549.1247159222,24166.7241192391,11131.3167040883,5219.27446327914,4099.8288905055,259700
30516.1765560203,24136.6888775746,11113.7461293409,5208.83075561271,4091.25739287332,259800
30483.2594159463,24106.6874080613,11096.2016454769,5198.40717559288,4082.70321091674,259900
30450.3732754579,24076.7196803136,11078.4772811658,5188.00368661807,4074.16631142719,260000
30417.518114306,24046.7856639555,11060.610866278,5177.6202521468,4065.64666125444,260100
30384.7525256341,24016.8853286207,11042.7716466007,5167.25683569758,4057.14450488308,260200
30352.8026029153,23987.0186439521,11024.9595847481,5156.91340084889,4048.66817499888,260300
30320.8818010512,23957.1855796025,11007.1746433756,5146.58991123905,4040.2089579231,260400
30288.9901022665,23927.3861052341,10989.4167851792,5136.28633056618,4031.76682085163,260500
30257.1274887766,23897.6201905189,10971.6859728959,5126.00262258808,4023.34173103793,260600
30225.2939427882,23867.8878051386,10953.9821693035,5115.73875112221,4014.93365579303,260700
30193.4894464993,23838.1889187848,10936.3053372207,5105.49468004555,4006.54256248533,260800
30161.7139820988,23808.5235011588,10918.6554395068,5095.27037329455,3998.16841854063,260900
30129.9675317671,23778.8915219718,10901.0324390621,5085.06579486507,3989.81119144195,261000
30098.2500776759,23749.292950945,10883.4362988274,5074.88090881227,3981.47084872952,261100
30066.5616019883,23719.7277578095,10865.8669817845,5064.71567925054,3973.14735800064,261200
30034.9020868589,23690.1959123066,10848.3244509559,5054.57906274096,3964.84068690965,261300
30003.2715144338,23660.6973841875,10830.8086694047,5044.4765853593,3956.55080316777,261400
29971.6698668506,23631.2321432136,10813.3196002348,5034.39356329556,3948.27767454313,261500
29940.0971262387,23601.8001591564,10795.8572065907,5024.32996117062,3940.02126886055,261600
29908.5532747192,23572.4014017977,10778.4214516578,5014.28574366354,3931.78155400157,261700
29877.0382944049,23543.0358409296,10761.0122986619,5004.26087551149,3923.55849790432,261800
29845.5521674004,23513.7034463543,10743.6297108697,4994.25532150969,3915.35206856341,261900
29814.0948758024,23484.4041878846,10726.2736515883,4984.26904651133,3907.16223402991,262000
29782.6664016993,23455.1380353436,10708.9440841655,4974.30201542746,3898.98896241121,262100
29751.2667271716,23425.9049585649,10691.6409719898,4964.35419322697,3890.83222187097,262200
29719.6887204203,23396.7049273925,10674.3642784901,4954.42554493645,3882.69198062901,262300
29688.0810004995,23367.5379116811,10657.1139671359,4944.51603564017,3874.56820696126,262400
29656.5025892388,23338.4038812957,10639.8900014376,4934.62563047997,3866.46086919966,262500
29624.9534679084,23309.3028061123,10622.6923449456,4924.82687575256,3858.36993573205,262600
29593.4336177714,23280.2346560173,10605.5209612511,4915.10412679972,3850.29537500214,262700
29561.9430200839,23251.199400908,10588.3758139859,4905.39986247432,3842.2371555094,262800
29530.481656095,23222.1970106923,10571.256866822,4895.6033868512,3834.19524580896,262900
29499.0495070473,23193.2274552891,10554.1640834722,4885.79604445568,3826.16961451156,263000
29467.6465541762,23164.290704628,10537.0974276895,4876.00764412863,3818.16023028344,263100
29436.2727787107,23135.3867286496,10520.0234590826,4866.23815128291,3810.16706184629,263200
29404.9281618728,23106.5154973054,10503.0521386201,4856.48753138864,3802.19007797712,263300
29373.6126848781,23077.676980558,10486.4347431517,4846.75574997313,3794.22924750822,263400
29342.3263289355,23049.7631240646,10469.8421312613,4837.04277262086,3786.28453932706,263500
29311.0690752477,23022.5271639196,10453.2742696519,4827.34856497334,3778.35592237621,263600
29279.8409050105,22995.3200769653,10436.7311250621,4817.67309272904,3770.44336565326,263700
29248.6417994137,22968.1418394133,10420.2126642659,4808.01632164335,3762.54683821072,263800
29217.4717396406,22940.992427479,10403.7188540721,4798.38628841387,3754.66630915599,263900
29186.3307068682,22913.8718173817,10387.2496613253,4788.79623149231,3746.80174765119,264000
29155.2186822673,22886.7799853448,10370.4552454838,4779.35528906422,3738.95312291317,264100
29124.1356470026,22859.7169075958,10353.5989103611,4770.03219724183,3731.12040421337,264200
29093.0815822328,22832.6825603663,10336.7685230054,4760.72661150524,3723.30356087776,264300
29062.0564691102,22805.6769198918,10319.9640470764,4751.43850087538,3715.50256228675,264400
29031.0602887816,22778.6999624125,10303.1854462751,4742.16783442249,3707.71737787511,264500
29000.0930223874,22751.7516641725,10286.4326843441,4732.9145812661,3699.9479771319,264600
28969.1546510625,22725.5413154347,10269.7057250673,4723.678710575,3692.19432960037,264700
28938.2451559357,22699.3751116913,10253.0045322701,4714.42833473995,3684.45640487789,264800
28907.3645181303,22673.2358036917,10236.5136548183,4704.8711247669,3676.73417261587,264900
28876.5127187637,22647.1233703504,10220.4657800926,4695.33262053516,3669.02760251966,265000
28845.6897389476,22621.0377905832,10204.4417406169,4685.81278734008,3661.33666434851,265100
28814.8955597884,22594.9790433078,10188.441504268,4676.31159053576,3653.66132791543,265200
28784.1301623868,22568.9471074436,10172.4650389574,4666.82899553497,3646.00156308717,265300
28753.3935278378,22542.9419619116,10156.5123126313,4657.3649678091,3638.35733978408,265400
28722.6856372313,22516.9635856349,10140.5832932706,4647.91947288802,3630.72862798008,265500
28691.9788261004,22491.011957538,10124.6779488909,4638.49247636003,3623.11539770257,265600
28661.2821646084,22465.0870565477,10108.7962475423,4629.08394387181,3615.5176190323,265700
28630.6142896725,22439.1888615924,10092.9381573099,4619.69384112827,3607.93526210335,265800
28599.9751822207,22413.3173516026,10077.3043611396,4610.32213389251,3600.36829710303,265900
28569.3648231758,22387.4725055109,10062.0350742905,4600.96878798576,3592.81669427179,266000
28538.7831934558,22361.6543022518,10046.7875386883,4591.63376928722,3585.28042390312,266100
28508.2302739737,22335.862720762,10031.088972981,4582.31704373408,3577.75945634354,266200
28477.7060456375,22310.0977399803,10015.1769114435,4573.01857732137,3570.25376199244,266300
28447.2104893507,22284.3593388476,9999.07702034571,4563.73833610188,3562.76331130203,266400
28416.7435860117,22258.6474963072,9982.97879819522,4554.47628618612,3555.2880747773,266500
28386.3053165145,22232.9621913045,9966.90510270577,4545.23239374221,3547.82802297585,266600
28355.8956617482,22207.3034027873,9950.85589992056,4536.01321057185,3540.38312650792,266700
28325.5146025974,22181.6711097058,9934.83115592098,4526.89146740394,3532.95335603621,266800
28295.1621199423,22156.0358440492,9918.83083682659,4517.78743325069,3525.53868227585,266900
28264.8381946584,22130.1429525236,9902.85490879507,4508.70107552648,3518.13907599434,267000
28234.0911903645,22104.2772768327,9886.90333802221,4499.6323617004,3510.75450801139,267100
28203.2586921709,22078.4387945979,9870.97609074193,4490.58125929618,3503.38494919896,267200
28172.4559187293,22052.6274834447,9855.07313322622,4481.47775257037,3496.03037048106,267300
28141.6828491462,22026.8433210031,9839.19443178512,4472.37892455182,3488.69074283375,267400
28110.9394625259,22001.0862849071,9823.33995276675,4463.29794603513,3481.36603728502,267500
28080.2257379698,21975.3563527953,9807.50966255723,4454.23478377998,3474.05622491475,267600
28049.5416545771,21949.6535023107,9791.70352758072,4445.18940460269,3466.76127685457,267700
28018.8871914443,21923.9777111005,9775.92151429933,4436.16177537621,3459.48116428785,267800
27988.2623276656,21898.3289568165,9760.1635892132,4427.18284333643,3452.21585844957,267900
27957.6670423328,21872.7072171151,9744.42971886037,4418.26838972488,3444.96533062626,268000
27927.1013145355,21847.1124696571,9728.71986981685,4409.37127229097,3437.72955215593,268100
27896.5651233608,21821.5446921078,9713.03400869657,4400.49145905578,3430.50849442795,268200
27866.0584478939,21796.0038621375,9697.37210215134,4391.62891809436,3423.30212888304,268300
27835.5812672177,21770.4899574208,9681.73411687086,4382.78361753555,3416.11042701313,268400
27805.1335604129,21745.002955637,9666.3749094576,4373.95552556196,3408.9333603613,268500
27774.7153065584,21719.5428344705,9651.12775715279,4365.14461040989,3401.77090052172,268600
27744.3264847308,21694.10957161,9635.90331916843,4356.35084036926,3394.62301913955,268700
27713.967074005,21668.7031447495,9620.70156488269,4347.57418378349,3387.48968791088,268800
27683.637053454,21643.3235315874,9605.52246370682,4338.81460904949,3380.3708785826,268900
27653.3364021487,21616.110877091,9590.36598508513,4330.07208461755,3373.26656295241,269000
27623.0650991584,21587.8805225413,9575.23209849498,4321.34657899125,3366.17671286866,269100
27592.8231235508,21559.6841141738,9560.12077344679,4312.63806072743,3359.10130023032,269200
27562.6104543915,21531.5216175054,9545.00067866172,4303.94649843606,3352.04029698688,269300
27532.4270707448,21503.3929980731,9529.68505444689,4295.27186078024,3344.99367513829,269400
27502.2729516734,21475.298221434,9514.39270099561,4286.61411647602,3337.96140673484,269500
27472.1480762381,21447.2372531655,9499.12358612545,4277.97323429244,3330.94346387716,269600
27442.0524234987,21419.210058865,9483.87767769031,4269.34918305137,3323.93981871604,269700
27411.9859725131,21391.2166041504,9468.65494358041,4260.74331574915,3316.95044345246,269800
27381.9487023382,21363.2568546596,9453.45535172228,4252.17654829439,3309.97531033741,269900
27352.4133829634,21335.3307760511,9438.27887007875,4243.62642330542,3303.01439167191,270000
27324.5994500833,21307.5338315723,9423.12546664888,4235.09291009206,3296.06765980684,270100
27296.8100636434,21282.216800498,9408.09229896939,4226.57597801597,3289.13508714294,270200
27269.0452090502,21256.9269412624,9393.24303152008,4218.07559649053,3282.21664613068,270300
27241.3048717037,21231.6642306466,9378.41591780504,4209.5917349808,3275.31230927021,270400
27213.5890369969,21206.4286454378,9363.61092785816,4201.12436300342,3268.42204911127,270500
27185.8976903164,21181.22016243,9348.82803174605,4192.67345012654,3261.54583825312,270600
27158.230817042,21156.0387584235,9334.06719956797,4184.23896596977,3254.68364934447,270700
27130.5884025471,21130.884410225,9319.32840145586,4175.8208802041,3247.83545508338,270800
27102.9704321986,21105.7570946479,9304.61160757429,4167.41916255178,3241.0012282172,270900
27075.3768913568,21080.656788512,9289.91678812048,4159.03378278634,3234.18094154248,271000
27047.1737430894,21055.5834686441,9275.24391332426,4150.71519132246,3227.37456790494,271100
27018.1432273727,21030.5371118772,9260.59295344806,4142.47423324139,3220.58208019932,271200
26989.1402062168,21005.5176950512,9245.96387878691,4134.24907533257,3213.80345136934,271300
26960.1646606812,20980.5251950127,9231.35665966841,4126.03968886992,3207.03865440765,271400
26931.2165718233,20955.4488250349,9216.77126645274,4117.84604517502,3200.28647378595,271500
26902.2959206976,20930.3511788554,9202.13959397003,4109.66811561712,3193.481084404,271600
26873.4026883565,20905.2807603752,9187.39378281435,4101.40263368655,3186.68973486461,271700
26844.5368558496,20880.2375458498,9172.67036318351,4093.13590255397,3179.91239746592,271800
26815.6984042247,20855.2215115425,9157.96930407628,4084.88528078839,3173.14904455692,271900
26786.8873145267,20830.2326337239,9143.29057452668,4076.65073855503,3166.39964853737,272000
26758.1035677986,20805.2708886727,9128.63414360393,4068.43224606988,3159.66418185772,272100
26729.3471450811,20780.3362526751,9113.99998041249,4060.22977359951,3152.94261701902,272200
26700.6180274128,20755.428702025,9099.38805409199,4052.04329146113,3146.23492657287,272300
26671.9161958301,20730.5482130242,9084.79833381725,4043.8727700224,3139.54108312127,272400
26643.2416313673,20705.6947619823,9070.23078879822,4035.71817970143,3132.86105931662,272500
26614.5943150566,20680.8683252166,9055.56839861313,4027.57949096669,3126.2922400251,272600
26585.9742279284,20656.0688790527,9040.85184988458,4019.45667433691,3119.7468012187,272700
26557.3641903532,20631.2963998236,9026.15800384688,4011.34970038105,3113.21464800909,272800
26528.730565822,20606.5508638705,9011.48682843874,4003.25853971821,3106.69575463901,272900
26500.1242553364,20581.8322475427,8996.83829163649,3995.18316301754,3100.19009539755,273000
26471.5452397246,20557.1405271974,8982.21236145416,3987.12354099822,3093.69764462005,273100
26442.9934998133,20532.4756791997,8967.60900594334,3979.07964442932,3087.21837668802,273200
26414.4690164274,20507.8376799231,8953.02819319328,3971.05144412978,3080.75226602911,273300
26385.9717703904,20483.2265057489,8938.46989133075,3963.0389109683,3074.29928711701,273400
26357.5017425243,20458.6421330668,8923.9340685201,3955.04201586333,3067.85941447138,273500
26329.0589136499,20434.0845382745,8909.42069296322,3947.06072978292,3061.43262265777,273600
26300.6432645864,20409.5536977781,8894.92973289948,3939.09502374471,3055.01888628757,273700
26272.2547761518,20385.4917118882,8880.46115660573,3931.14486881582,3048.61818001793,273800
26243.8934291625,20361.516854082,8866.01493239629,3923.2102361128,3042.23047855168,273900
26215.5592044342,20337.567489995,8851.59102862293,3915.29109680155,3035.83519704339,274000
26187.252082781,20313.6435979778,8837.1894136748,3907.38742209726,3029.42822721981,274100
26158.9720450159,20289.7451563876,8822.81005597846,3899.49918326431,3023.03437667057,274200
26130.7190719509,20265.8721435876,8808.45292399783,3891.62635161624,3016.65361969916,274300
26102.4931443969,20242.0245379473,8794.11798623415,3883.76889851566,3010.2859306559,274400
26074.2942431637,20218.2023178426,8779.80521122602,3875.92679537416,3003.93128393791,274500
26046.1223490602,20194.4054616556,8765.51456754929,3868.10001365225,2997.58965398896,274600
26017.9774428944,20170.6339477747,8751.24602381712,3860.28852485933,2991.26101529947,274700
25989.8595054733,20146.8877545948,8736.99954867987,3852.49230055355,2984.94534240637,274800
25961.768517603,20123.166860517,8722.77511082515,3844.72847735413,2978.6426098931,274900
25933.704460089,20099.4712439492,8708.57267897779,3836.98328088379,2972.35279238946,275000
25905.6673137358,20075.8008833054,8694.51372466028,3829.2531817006,2966.07586457159,275100
25877.6570593474,20052.1557570064,8680.50820061731,3821.53815179489,2959.81180116187,275200
25849.673677727,20028.5358434793,8666.52409519057,3813.92903697228,2953.56057692886,275300
25821.717149677,20004.9411211578,8652.56137838785,3806.40415466663,2947.32216668721,275400
25793.7874559995,19981.3715684825,8638.62002025186,3798.89361902657,2941.0965452976,275500
25765.8845774959,19957.8271639001,8624.6999908603,3791.39740408184,2934.88368766667,275600
25738.0084949669,19934.3078858644,8610.80126032574,3783.91548390523,2928.68356874693,275700
25710.1591892132,19910.8137128357,8596.92379879565,3776.4478326125,2922.49616353669,275800
25682.3366410345,19887.3446232811,8583.00818621335,3768.99442436238,2916.32144708001,275900
25654.5408312306,19863.2253247715,8569.00484264681,3761.55523335645,2910.1593944666,276000
25626.7717406006,19838.7319934039,8555.02322286531,3754.13023383912,2904.00998083176,276100
25599.0293499434,19814.2662736994,8541.06329590276,3746.71940009755,2897.87318135628,276200
25571.3136400577,19789.828139881,8527.1250308302,3739.32270646161,2891.74897126642,276300
25543.624591742,19765.4175661837,8513.2083967558,3731.9401273038,2885.6373258338,276400
25515.9621857945,19741.0345268547,8499.31336282479,3724.5716370392,2879.53822037531,276500
25488.3264030131,19716.678996153,8485.43989821948,3717.21721012541,2873.4516302531,276600
25460.7172241961,19692.3509483497,8471.5879721592,3709.8768210625,2867.37753087444,276700
25433.1346301412,19667.9918852001,8457.75755390032,3702.55044439294,2861.31589769169,276800
25405.5786016463,19643.5767437982,8443.94861273615,3695.23805470153,2855.2667062022,276900
25378.0491195094,19619.1893517223,8430.16111799701,3687.93962661539,2849.22993194826,277000
25350.5461645284,19594.829682724,8416.39503905013,3680.49457754322,2843.20555051703,277100
25323.0697175013,19570.4977105676,8402.65034529965,3673.02759096099,2837.19353754043,277200
25295.6197592264,19546.1934090305,8388.9270061866,3665.57527637399,2831.19386869511,277300
25268.196270502,19521.9167519031,8375.22499118886,3658.13760629473,2825.20651970238,277400
25240.7992321267,19497.994304578,8361.54426982116,3650.71455328335,2819.23146632809,277500
25213.4286248994,19474.4784673734,8347.88481163502,3643.30608994749,2813.26868438259,277600
25186.084429619,19450.9884712229,8334.24658621876,3635.91218894229,2807.31814972068,277700
25158.7666270851,19427.5242928568,8320.62956319744,3628.53282297022,2801.3798382415,277800
25131.4751980976,19404.0859090145,8307.06463876555,3621.16796478113,2795.45372588848,277900
25104.2101234566,19380.6732964454,8293.62287030552,3613.81758717206,2789.53978864924,278000
25076.9713839627,19357.2864319081,8280.29689094365,3606.48166298728,2783.63800255557,278100
25049.7589604173,19333.9252921709,8266.99125450212,3599.16016511813,2777.74834368331,278200
25022.5728336219,19310.5898540118,8253.70593249697,3591.85306650301,2771.87078815231,278300
24995.4129843789,19287.2800942184,8240.44089647762,3584.56034012727,2765.89641473974,278400
24968.2505154754,19263.995989588,8227.19611802683,3577.28195902318,2759.93042233833,278500
24941.0733885285,19240.7375169275,8213.97156876072,3570.01789626981,2753.97694347139,278600
24913.9226356857,19216.9898836316,8200.7672203287,3562.76812499302,2748.03595293339,278700
24886.7982375232,19193.0950386222,8187.58304441348,3555.53261836532,2742.1074255664,278800
24859.7001746184,19169.2274423277,8174.41901273103,3548.31134960586,2736.19133626007,278900
24832.6284275498,19145.3870687579,8161.27509703057,3541.10429198035,2730.28765995151,279000
24805.5829768968,19121.5738919358,8148.15126909456,3533.91141880095,2724.3963716252,279100
24778.56380324,19097.7878858978,8135.04750073866,3526.73270342626,2718.51744631296,279200
24751.5708871611,19074.0290246936,8121.96376381169,3519.5681192612,2712.65085909383,279300
24724.6042092429,19050.2972823865,8108.90003019567,3512.41763975696,2706.79658509399,279400
24697.6637500696,19027.7086538368,8095.85627180573,3505.28123841095,2700.9545994867,279500
24670.7494902264,19005.344013455,8082.83246059012,3498.15888876669,2695.1248774922,279600
24643.8614103001,18983.0032333686,8069.66071319413,3491.05056441377,2689.30739437766,279700
24616.9994908785,18960.6862929718,8056.46859862801,3483.95623898779,2683.50212545707,279800
24590.1637125509,18938.3931716658,8043.2968018719,3476.87588617025,2677.70904609118,279900
24563.3540559081,18916.1238488591,8030.14267902438,3469.80947968852,2671.92813168741,280000
24536.5705015423,18893.8783039672,8017.00905140379,3462.75699331577,2666.15935769978,280100
24509.8130300469,18871.656516413,8003.8958895483,3455.71840087085,2660.40269962881,280200
24483.0816220171,18849.4584656263,7990.80316403211,3448.69367621829,2654.65813302149,280300
24456.3762580496,18827.2841310445,7977.73084546545,3441.68279326821,2648.92563347115,280400
24429.6969187426,18805.1334921121,7964.67890449455,3434.6857259762,2643.20517661739,280500
24403.043584696,18782.6245140528,7951.64731180161,3427.70244834334,2637.49673814603,280600
24376.4162365112,18760.0409994574,7938.63603810474,3420.73293441605,2631.80029378902,280700
24349.8148547914,18737.4822620723,7925.64505415801,3413.77715828608,2626.11581932434,280800
24323.2394201416,18714.9482795131,7912.67433075136,3406.8350940904,2620.44329057594,280900
24296.6899131684,18692.4390294052,7899.72383871058,3399.90671601117,2614.78268341368,281000
24270.1663144802,18669.9544893833,7886.89193212516,3392.99199827563,2609.13397375319,281100
24243.6686046874,18647.4946370921,7874.22411433744,3386.09091515608,2603.49713755589,281200
24217.1967644021,18625.0594501859,7861.66506236264,3379.21264719597,2597.8721508288,281300
24190.7507742384,18602.6489063285,7849.12505169821,3372.35525944756,2592.25898962457,281400
24164.3306148122,18580.2629831936,7836.60405583572,3365.51136322961,2586.65763004131,281500
24137.9362667415,18557.9016584645,7824.10204829769,3358.68093318655,2581.06804822258,281600
24111.5677106463,18535.5649098345,7811.61900263763,3351.86394400704,2575.49022035728,281700
24085.2249271485,18513.2013824444,7799.15489243997,3345.0603704239,2569.92412267957,281800
24058.9078968723,18490.7667413171,7786.70969132007,3338.27018721402,2564.36973146882,281900
24032.3609583693,18468.3569666393,7774.28337292419,3331.49336919832,2558.82702304951,282000
24005.1030152105,18445.9720355478,7761.87591092946,3324.72989124164,2553.29597379115,282100
23977.872977876,18423.6119251896,7749.48727904387,3317.97972825277,2547.77656010822,282200
23950.6708236778,18401.2766127225,7737.0730408908,3311.24285518424,2542.26875846007,282300
23923.4965299336,18378.9660753151,7724.60637001198,3304.52370399241,2536.77254535089,282400
23896.3500739667,18356.6802901463,7712.15882706516,3297.96076913595,2531.28789732958,282500
23869.2314331064,18334.4192344062,7699.7303850055,3291.4104570675,2525.81479098969,282600
23842.1405846878,18311.5210153846,7687.32101682058,3284.87274464348,2520.35320296937,282700
23815.0775060516,18288.615661529,7674.93069553041,3278.25700194305,2514.90310995125,282800
23788.0421745448,18265.7366791174,7662.55939418737,3271.51653638791,2509.4644886624,282900
23761.3946766356,18242.8840424803,7650.20708587621,3264.78952219217,2504.03731587426,283000
23735.5144286762,18220.0577259627,7637.873743714,3258.07593366308,2498.62156840251,283100
23709.6594104465,18197.2577039242,7625.55934085016,3251.3757451536,2493.21722310705,283200
23683.8296029988,18174.4839507388,7613.26385046636,3244.68893106237,2487.8242568919,283300
23658.0249873878,18151.7364407953,7600.98724577658,3238.01546583361,2482.44264670513,283400
23632.2455446701,18129.0151484966,7588.65548224986,3231.35532395704,2477.07236953878,283500
23606.4912559048,18106.3200482607,7576.29304734804,3224.70847996784,2471.71340242879,283600
23580.7621021532,18083.65111452,7563.94981293684,3218.07490844655,2466.36572245491,283700
23555.058064479,18061.0083217214,7551.62575145808,3211.50894837764,2461.02930674067,283800
23529.3791239481,18039.1364730771,7539.32083538743,3204.95703252993,2455.70413245324,283900
23503.7252616289,18018.0068923916,7527.03503723436,3198.4180867872,2450.3901768034,284000
23478.0964585921,17996.8998328202,7514.76832954212,3191.89208658626,2445.08741704544,284100
23452.4926959109,17975.8152747732,7502.52068488772,3185.37900740727,2439.79583047712,284200
23426.9139546611,17954.7531986683,7490.2920758819,3178.89469994034,2434.51539443955,284300
23401.3602159208,17933.7135849306,7478.0824751691,3172.43231156168,2429.24608631717,284400
23375.8314607707,17912.6964139926,7465.89185542743,3166.07167756431,2423.98788353759,284500
23350.3276702942,17891.6923215357,7453.72018936868,3159.77890935364,2418.74076357163,284600
23324.8488255771,17870.65307033,7441.54996435701,3153.49826000955,2413.50470393314,284700
23299.3949077081,17849.6363677911,7429.29280733553,3147.22970726202,2408.279682179,284800
23273.9658977783,17828.642194103,7417.05492496114,3140.97322887891,2403.065675909,284900
23248.5617768817,17806.876609925,7404.83628913952,3134.72880266593,2397.86266276579,285000
23223.1825261148,17784.7881908532,7392.63687181165,3128.49640646653,2392.67062043479,285100
23197.8281265772,17762.7249961568,7380.45664495382,3122.27601816192,2387.48952664415,285200
23172.4985593711,17740.635827541,7368.2955805776,3116.06761567094,2382.31935916461,285300
23147.1938056014,17718.5473958133,7356.15365072979,3109.87117695009,2377.16009580952,285400
23121.913846376,17696.484295488,7344.03082749239,3103.57462389267,2372.01171443467,285500
23096.6586628058,17674.4465019507,7331.92708298261,3097.23835933264,2366.87419293828,285600
23072.0829630219,17652.4339906012,7319.84238935278,3090.91465196444,2361.74750926091,285700
23047.5741004222,17630.4467368534,7307.77671879038,3084.60347796338,2356.65478498223,285800
23023.0884556183,17608.4847161353,7295.73004351797,3078.30481354695,2351.59314553065,285900
22998.6260119022,17586.5479038888,7283.70233579318,3072.01863497467,2346.54209047224,286000
22974.1867525671,17564.6362755702,7271.69356790869,3065.7449185481,2341.50159850713,286100
22949.770660907,17542.74980665,7259.70371219214,3059.48364061071,2336.47164837583,286200
22925.3777202168,17520.8884726127,7247.73274100621,3053.2347775479,2331.45221885917,286300
22900.9850793612,17499.052248957,7235.78062674849,3046.99830578684,2326.44328877821,286400
22876.5997546838,17477.241111196,7223.93469300747,3040.77420179648,2321.44483699419,286500
22851.1846686385,17455.4550348568,7212.19286010594,3034.56244208744,2316.45684240847,286600
22825.4395667564,17433.6939954809,7200.53682934792,3028.36300321198,2311.47928396241,286700
22799.6830007047,17411.957968624,7188.89877075693,3022.17586176388,2306.51214063736,286800
22773.9508672679,17390.6664926412,7177.27865869479,3016.00099437846,2301.55539145457,286900
22748.2450131413,17370.4353810121,7165.67646755472,3009.83837773242,2296.60901547512,287000
22722.5654168255,17350.2257033146,7154.09217176125,3003.68798854384,2291.67299179986,287100
22696.9120568272,17330.0374409695,7142.52574577026,2997.54980357212,2286.74729956932,287200
22671.2849116596,17309.8705754048,7130.97716406892,2991.42379961785,2281.83191796365,287300
22646.2804799504,17289.7250880557,7119.44640117567,2985.30995352284,2276.9268262026,287400
22621.4924489407,17269.6009603648,7107.93343164022,2979.20824216995,2272.03200354537,287500
22596.7288164552,17249.4981737816,7096.43823004351,2973.11864248313,2267.14742929059,287600
22571.9895636723,17229.4167097632,7084.96077099764,2967.04113142727,2262.27308277628,287700
22547.2746717739,17209.3565497739,7073.50102914594,2960.9756860082,2257.4089433797,287800
22522.5841219458,17189.3176752853,7062.05897916286,2954.92228327258,2252.55499051737,287900
22497.9178953769,17169.3000677763,7050.634595754,2948.88090030786,2247.71120364495,288000
22473.2759732601,17149.3037087333,7039.22785365605,2942.85151424222,2242.87756225719,288100
22448.6583367919,17129.3285796499,7027.83872763678,2936.83410224447,2238.05404588784,288200
22424.0649671724,17109.3746620272,7016.46719249502,2930.82864152406,2233.24063410964,288300
22399.4958456055,17089.4419373737,7005.11322306064,2924.83510933091,2228.43730653418,288400
22374.9509532987,17068.8303036367,6993.77679419451,2918.85348295547,2223.6440428119,288500
22350.4302714636,17048.1813991133,6982.45788078847,2912.88373972853,2218.86082263197,288600
22325.9337813152,17027.5554348451,6971.15645776533,2906.92585702128,2214.08762572225,288700
22301.4614640726,17006.9523894303,6959.87476850403,2900.97981224514,2209.32443184923,288800
22277.0133009588,16986.3722414781,6948.70542617472,2895.04558285178,2204.57122081794,288900
22252.5892732004,16965.814969609,6937.55318046711,2889.12314633297,2199.8279724719,289000
22228.1893620281,16945.2805524545,6926.41800717681,2883.21248022062,2195.09466669305,289100
22203.8135486767,16924.7689686572,6915.29988212879,2877.31356208663,2190.3712834017,289200
22179.4618143847,16904.2801968708,6904.19878117737,2871.42636954288,2185.65780255642,289300
22155.1341403947,16883.8142157602,6893.11468020624,2865.55088024113,2180.95420415401,289400
22130.8305079534,16863.3710040014,6882.04755512836,2859.687071873,2176.26046822945,289500
22106.5508983114,16842.9505402818,6870.99738188601,2853.83492216985,2171.57657485577,289600
22082.2952927235,16822.5528032996,6859.96413645071,2847.99440890278,2166.90250414406,289700
22058.0636724486,16802.1777717647,6848.94779482325,2842.16550988251,2162.23823624334,289800
22033.8560187497,16781.8254243978,6837.94833303362,2836.34820295937,2157.58375134055,289900
22009.6663475222,16761.495739931,6826.8881032529,2830.54246602319,2152.93902966044,290000
21985.467242549,16741.1886971079,6815.79708045283,2824.74827700328,2148.30405146551,290100
21961.2921359413,16720.9042746829,6804.72326770741,2818.96561386835,2143.678797056,290200
21937.1410088455,16700.6424514222,6793.66664024064,2813.1944546264,2139.06324676974,290300
21913.0138424121,16680.403206103,6782.62717330733,2807.43477732477,2134.45738098214,290400
21888.9106177962,16660.1865175139,6771.60484219315,2801.68656004995,2129.86118010611,290500
21864.8313161573,16639.9923644549,6760.59962221454,2795.94978092763,2125.27462459201,290600
21840.3928915688,16619.8207257372,6749.61148871873,2790.2258778069,2120.69769492755,290700
21815.6035541863,16599.6715801837,6738.6404170837,2784.51381799213,2116.13037163777,290800
21790.8397779766,16579.5449066284,6727.68638271815,2778.81312313678,2111.57263528493,290900
21766.1015415434,16559.3560408562,6716.74936106146,2773.12377154574,2107.02446646848,291000
21741.3888234979,16539.1219303805,6705.82932758371,2767.44574156271,2102.48584582499,291100
21716.7016024588,16518.9105968353,6694.9262577856,2761.77901157005,2097.95675402806,291200
21692.0398570519,16498.7066933209,6684.04012719846,2756.12355998884,2093.43717178829,291300
21667.4035659109,16478.513423241,6673.17091138422,2750.47936527871,2088.9270798532,291400
21642.7927076766,16458.3429342471,6662.31858593537,2744.84640593785,2084.42645900716,291500
21618.2072609976,16438.1952045196,6651.48312647495,2739.22466050292,2079.93529007132,291600
21593.64720453,16418.0702122513,6640.66450865651,2733.61410754901,2075.45355390359,291700
21569.1125169373,16397.9679356475,6629.86270816411,2728.01472568951,2070.98123139853,291800
21544.6031768906,16377.8883529259,6619.10766557117,2722.42649357617,2066.51830348728,291900
21521.0510457138,16357.8314423167,6608.49318011123,2716.84938989893,2062.06475113755,292000
21497.6999281432,16337.7971820628,6597.89494517952,2711.28339338589,2057.6205553535,292100
21474.3716307786,16317.7855504194,6587.31293771841,2705.74440816281,2053.18569717571,292200
21451.0661360418,16297.7965256543,6576.74713469846,2700.21885884481,2048.76015768111,292300
21427.7834263585,16277.8300860479,6566.19751311845,2694.70427957818,2044.34391798291,292400
21404.5234841579,16257.8862098931,6555.6640500053,2689.2006494582,2039.93695923053,292500
21381.286291873,16238.9154185655,6545.14672241406,2683.75241166718,2035.53926260956,292600
21358.0718319406,16220.1118180553,6534.64550742793,2678.43435649624,2031.15080934168,292700
21334.8800868014,16201.3281237618,6524.16038215817,2673.12652883981,2026.7715806846,292800
21311.7110388998,16182.5643182472,6513.69132374415,2667.82890987499,2022.40155793201,292900
21288.564670684,16163.820384081,6503.23830935326,2662.54148081113,2018.04072241348,293000
21265.4409646062,16143.5346660922,6492.80131618094,2657.26422288982,2013.68905549444,293100
21242.3399031224,16123.1797110944,6482.38032145061,2651.99711738478,2009.3465385761,293200
21219.2614686926,16102.7919846439,6471.97530241371,2646.7401456019,2005.01315309538,293300
21196.2056437808,16083.2105663737,6461.5862363496,2641.4932888791,2000.68888052486,293400
21173.1724108547,16064.6615202762,6451.21310056561,2636.25652858634,1996.37370237273,293500
21150.1617523864,16046.1320237336,6440.83979676731,2631.02984612557,1992.06760018267,293600
21127.1736508516,16026.9645344301,6430.44273654077,2625.81322293066,1987.77055553386,293700
21104.2080887304,16006.9919700577,6420.06172092297,2620.60664046735,1983.48255004088,293800
21081.2650485067,15987.0424623913,6409.69672690507,2615.41008023322,1979.20356535366,293900
21058.3445126687,15967.1159885272,6399.34773150689,2610.22352375763,1974.93358315739,294000
21035.4464637085,15947.2125255759,6389.01471177689,2605.0469526017,1970.67258517251,294100
21012.5708841227,15927.3320506629,6378.69764479211,2599.88034835821,1966.4205531546,294200
20989.7177564115,15907.4745409283,6368.3965076582,2594.7236926516,1962.17746889433,294300
20966.8870630799,15887.6399735267,6358.11127750934,2589.57696713788,1957.94331421744,294400
20944.0787866367,15867.8283256275,6347.84193150826,2584.44015350464,1953.71807098462,294500
20921.292909595,15848.0395744148,6337.58844684622,2579.31323347095,1949.50172109146,294600
20898.5294144723,15828.131338817,6327.35080074291,2574.19618878733,1945.29424646843,294700
20875.7882837904,15808.1575825846,6317.12897044655,2569.0890012357,1941.09562908078,294800
20853.0695000751,15788.5787338014,6306.92293323373,2563.99165262935,1936.90585092849,294900
20830.3730458569,15769.1672988663,6296.73266640951,2558.90412481287,1932.7248940462,295000
20807.5151980047,15749.7779259942,6286.5581473073,2553.8263996621,1928.55274050316,295100
20784.570434611,15730.4105937208,6276.3993532889,2548.65340170585,1924.38937240319,295200
20761.6485905194,15711.0652805944,6266.25626174443,2543.40745022219,1920.23477188456,295300
20738.7496473226,15691.7419651767,6256.12885009233,2538.17200553967,1916.08892112,295400
20715.8735866189,15672.4406260423,6246.01709577934,2532.94704742682,1911.95180231657,295500
20693.0203900119,15653.1612417791,6235.87878568633,2527.73255568881,1907.82339771567,295600
20670.1800640383,15633.9037909879,6225.66952761098,2522.52851016736,1903.70368959292,295700
20647.3534372356,15614.6682522826,6215.4762735589,2517.33489074073,1899.59266025813,295800
20624.5496613336,15595.4546042906,6205.29900013462,2512.15167732359,1895.49029205524,295900
20601.7687178955,15576.262825652,6195.13768397268,2507.00576647653,1891.39656736224,296000
20579.0105884903,15557.0928950203,6184.99230173757,2501.8749478243,1887.31146859113,296100
20556.2752546925,15537.9447910621,6174.86283012373,2496.7543490349,1883.23497818787,296200
20533.5626980825,15518.8184924573,6164.74924585548,2491.64395053432,1879.16707863228,296300
20510.8729002461,15499.7139778988,6154.65152568706,2486.54373278375,1875.107752438,296400
20488.2058427753,15480.2520120499,6144.56964640253,2481.45367627964,1871.05698215247,296500
20465.5615072675,15460.3692485036,6134.50358481578,2476.37376155352,1867.0147503568,296600
20442.939875326,15440.5102732566,6124.45331777052,2471.30396917203,1862.98103966576,296700
20420.34092856,15420.6750614307,6114.41330008313,2466.24427973682,1858.9558327277,296800
20398.2704025044,15400.8635881657,6104.35012294278,2461.19467388453,1854.93911222449,296900
20376.2685308344,15381.0758286194,6094.29703556646,2456.15513228667,1850.9308608715,297000
20353.7604980661,15361.311757968,6084.25981459107,2451.12563564964,1846.93106141746,297100
20331.2278875798,15341.5713514056,6074.23843662227,2446.10616471463,1842.93969664448,297200
20308.7179235041,15321.8545841448,6064.23287829609,2441.09670025755,1838.95674936796,297300
20286.2305874025,15302.161431416,6054.24311627893,2436.18565052983,1834.98220243651,297400
20263.7658608446,15282.4918684681,6044.26912726754,2431.45375943063,1831.01603873194,297500
20241.3237254061,15262.845870568,6034.31088798894,2426.73078890251,1827.05824116916,297600
20218.9041626688,15243.4621216073,6024.36837520045,2422.01672285253,1823.10879269612,297700
20196.5071542204,15224.7912796441,6014.44156568963,2417.31154521475,1819.16767629379,297800
20174.132681655,15206.1415918989,6004.53043627428,2412.61523995024,1815.23487497606,297900
20151.7807265727,15187.5130378115,5994.63496380235,2407.92779104702,1811.31037178973,298000
20129.4512705798,15168.890166581,5984.75512515198,2403.24918252004,1807.39414981437,298100
20107.1442952889,15150.2512390897,5974.89089723145,2398.57939841111,1803.48619216236,298200
20084.8597823186,15131.6335144822,5965.04225697911,2393.91842278886,1799.58648197877,298300
20062.5977132939,15113.0369720226,5955.20918136343,2389.26623974875,1795.6950024413,298400
20040.358069846,15094.4615909878,5945.3916473829,2384.62283341297,1791.81173676025,298500
20018.1408336123,15075.9073506681,5935.58963206603,2379.98818793044,1787.93666817847,298600
19995.9459862367,15057.3742303665,5925.80311247133,2375.36228747677,1784.06977997126,298700
19973.7735093692,15038.8622093991,5916.03206568727,2370.74511625418,1780.21105544633,298800
19951.6233846663,15020.3712670953,5906.27646883224,2366.1366584915,1776.36047794378,298900
19929.491230182,15001.9013827971,5896.53629905456,2361.53689844413,1772.51803083597,299000
19907.4203674663,14983.4525358601,5886.8115335324,2356.94582039399,1768.68369752753,299100
19885.378074417,14965.0247056524,5877.10214947379,2352.36340864947,1764.85746145528,299200
19863.3579688509,14946.6178715557,5867.40812411659,2347.78964754542,1761.03930608814,299300
19841.3600325958,14928.2320129644,5857.72943472842,2343.22452144307,1757.22921492713,299400
19819.3842474858,14909.8671092862,5848.06605860669,2338.66801473004,1753.42717150526,299500
19797.4305953613,14891.523139942,5838.41797307853,2334.12011182026,1749.63315938753,299600
19775.4990580691,14873.2000843656,5828.78515550077,2329.58079715396,1745.8471621708,299700
19753.5896174622,14854.897922004,5819.16758325992,2325.0500551976,1742.06916348379,299800
19731.7022554001,14836.6166323173,5809.56523377215,2320.52787044386,1738.29914698703,299900
19709.8369537487,14818.356194779,5800.03979056437,2316.0142274116,1734.53709637273,3e+05
19687.9936943802,14800.1165888755,5790.55775953304,2311.50911064579,1730.78299536483,300100
19666.1724591734,14781.8977941064,5781.09058933732,2307.01250471751,1727.03682771884,300200
19644.3732300134,14763.6997899845,5771.638258204,2302.52439422388,1723.29857722186,300300
19622.5959887919,14745.1459323892,5762.20074438805,2298.04476378806,1719.56822769248,300400
19600.8407174071,14726.566011992,5752.77802617254,2293.57359805917,1715.84576298073,300500
19579.1073977634,14708.0078765249,5743.37008186863,2289.11088171227,1712.13116696806,300600
19557.3960117722,14689.4715037206,5733.97688981558,2284.65659944831,1708.42442356723,300700
19535.7065413511,14670.9568713273,5724.59842838066,2280.21073599412,1704.72551672228,300800
19514.0389684243,14652.4639571092,5715.23467595918,2275.77327610234,1701.03443040849,300900
19492.3932749229,14633.9927388458,5705.88561097444,2271.17221698262,1697.3511486323,301000
19470.7694427842,14615.5431943325,5696.55121187771,2266.53372864458,1693.67565543125,301100
19449.1674539523,14597.1153013806,5687.23145714817,2261.90446428484,1690.00793487396,301200
19427.5872903779,14578.7090378166,5677.92632529294,2257.28440624887,1686.34797106003,301300
19406.0289340184,14560.3243814833,5668.63579484702,2252.67353691399,1682.69574812001,301400
19384.492366838,14541.9613102387,5659.35984437326,2248.07183868932,1679.05125021536,301500
19362.9775708073,14523.6198019568,5650.09845246235,2243.47929401572,1675.41446153834,301600
19341.4845279038,14505.2998345273,5640.85159773279,2238.89588536572,1671.78536631202,301700
19320.0132201117,14487.0013858557,5631.61925883085,2234.3215952435,1668.16394879017,301800
19298.5636294219,14468.7244338631,5622.40141443055,2229.75640618481,1664.55019325724,301900
19277.1357378323,14450.4689564863,5613.19804323364,2225.20030075692,1660.94408402831,302000
19255.7295273472,14432.2349316781,5604.00912396958,2220.65326155862,1657.34560544899,302100
19234.344979978,14414.022337407,5594.83463539549,2216.1152712201,1653.75474189542,302200
19212.9820777427,14395.831151657,5585.67455629615,2211.58631240292,1650.17147777416,302300
19191.6408026665,14377.6613524281,5576.52886548393,2207.06636779999,1646.5957975222,302400
19170.321136781,14359.5129177361,5567.39754179883,2202.55542013548,1643.02768560685,302500
19149.023062125,14341.3858256126,5558.2805641084,2198.05345216479,1639.4671265257,302600
19127.746560744,14323.2800541047,5549.17791130773,2193.5604466745,1635.9141048066,302700
19106.4916146905,14305.1955812757,5540.08956231942,2189.07638648231,1632.36860500754,302800
19085.258206024,14287.1323852045,5531.01549609357,2184.60125443697,1628.83061171665,302900
19064.0463168108,14269.0904439857,5521.95569160773,2180.13503341828,1625.30010955215,303000
19042.8559291242,14251.0697357298,5512.91012786688,2175.677706337,1621.77708316224,303100
19021.6870250445,14233.0702385633,5503.75506331734,2171.22925613482,1618.2615172251,303200
19000.5395866591,14215.0919306282,5494.56956570489,2166.78966578428,1614.75339644881,303300
18979.4135960621,14197.1347900826,5485.3988032672,2162.35891828876,1611.25270557131,303400
18958.2924361568,14179.1987951003,5476.2427537905,2157.93699668238,1607.75942936033,303500
18937.1649706562,14161.2839238708,5467.10139509095,2153.52388403002,1604.27355261335,303600
18916.0589986214,14143.3901545997,5457.97470501463,2149.11956342719,1600.79506015755,303700
18894.9745020222,14125.5174655084,5448.86266143748,2144.72401800005,1597.32393684974,303800
18873.9114628358,14107.665834834,5439.76524226531,2140.33723090531,1593.86016757631,303900
18852.8698630466,14089.8352408295,5430.68242543373,2135.95918533018,1590.40373725319,304000
18831.8496846464,14072.0256617639,5421.61418890816,2131.58986449238,1586.9546308258,304100
18810.850909634,14054.2370759218,5412.62073796186,2127.22925164003,1583.51283326895,304200
18789.8735200158,14036.469461604,5403.7171753534,2122.87733005159,1580.07832958686,304300
18768.9174978057,14018.722797127,5394.92206307223,2118.5340830359,1576.65110481306,304400
18747.9828250246,14000.997060823,5386.18221948006,2114.199493932,1573.23114401032,304500
18727.0694837011,13983.2922310405,5377.45595586675,2109.8735461092,1569.81843227066,304600
18706.1774558709,13965.6082861435,5368.74325248783,2105.55622296696,1566.41295471523,304700
18685.3067235774,13947.945204512,5360.04408962421,2101.24750793486,1563.01469649432,304800
18664.4572688712,13930.3029645421,5351.35844758215,2096.94738447256,1559.62364278725,304900
18643.6290738105,13912.6806967733,5342.68630669327,2092.65583606972,1556.23977880235,305000
18622.822120461,13895.8707852778,5334.02764731453,2088.37284624599,1552.86308977691,305100
18602.0363908957,13879.2406979292,5325.38244982816,2084.09839855095,1549.4935609771,305200
18581.2718671952,13862.6290331045,5316.75069464167,2079.83247656402,1546.13117769795,305300
18560.5285314476,13846.0357732716,5308.13236218784,2075.57506389449,1542.77611452578,305400
18539.8063657486,13829.4609009091,5299.4980202071,2071.32614418139,1539.42967265747,305500
18519.1053522013,13812.9043985064,5290.83861147343,2067.08570109349,1536.09032498328,305600
18498.4254729164,13796.3662485634,5282.19279079665,2062.85371832924,1532.75967092802,305700
18477.7667100123,13779.8464335907,5273.5605381782,2058.6301796167,1529.43718724319,305800
18457.1290456148,13763.3449361096,5264.94183364575,2054.41506871353,1526.12174243671,305900
18436.5124618574,13746.8617386522,5256.33665725309,2050.21867672309,1522.81332206435,306000
18415.9169408813,13730.3968237611,5247.74498908017,2046.03622716571,1519.51191171014,306100
18395.3424648351,13713.9501739896,5239.16680923302,2041.86209239221,1516.21749698634,306200
18374.7890158753,13697.521771902,5230.50948036158,2037.6962564696,1512.93006353335,306300
18354.2565761659,13681.1116000729,5221.76083086922,2033.53870349376,1509.64959701972,306400
18333.7451278787,13664.719641088,5213.02625975986,2029.38941758934,1506.37608314203,306500
18313.2546531931,13648.3458775435,5204.30574570344,2025.24838290978,1503.10950762489,306600
18292.7851342963,13631.9902920463,5195.59926739891,2021.1155836372,1499.84985622084,306700
18272.336553383,13615.6528672144,5186.90680357424,2016.86870636845,1496.59711471038,306800
18251.908892656,13599.3335856762,5178.3169021693,2012.629335591,1493.35126890182,306900
18231.5021343255,13583.0324300709,5169.76870417776,2008.39866516025,1490.11230463131,307000
18211.1162606098,13566.4191334225,5161.2340704867,2004.17667781283,1486.88020776275,307100
18190.7512537347,13549.2617199412,5152.71298086601,1999.96335631789,1483.65496418774,307200
18170.4070959339,13532.1245797421,5144.20541511256,1995.75868347712,1480.43655982554,307300
18150.0837694489,13515.0076917245,5135.71135305022,1991.56264212461,1477.22498062303,307400
18129.7812565292,13497.9110348038,5127.23077452974,1987.37521512686,1474.02021255464,307500
18109.4995394318,13480.8345879109,5118.86831667174,1983.19638538266,1470.8222416223,307600
18089.2386004219,13463.7783299927,5110.578807185,1979.02613582311,1467.6310538554,307700
18068.5337069417,13446.7422400121,5102.30218478648,1974.86444941148,1464.44663531074,307800
18047.8096908676,13429.7262969477,5093.9311518515,1970.71130914324,1461.26897207249,307900
18027.1075438435,13412.7304797939,5085.50495482374,1966.56669804594,1458.0980502521,308000
18006.42724638,13395.7547675611,5077.09216205469,1962.43059917916,1454.9338559883,308100
17985.7687789981,13378.7991392755,5068.69275348533,1958.30299563451,1451.77637544703,308200
17965.1321222285,13361.8635739792,5060.30670908347,1954.18387053551,1448.62559482137,308300
17944.5172566122,13344.9480507302,5051.9541809722,1950.07320703754,1445.48150033153,308400
17923.9241627,13328.0033173577,5043.76063782736,1945.97098832786,1442.34407822476,308500
17903.4326550865,13311.0142093831,5035.57985593793,1941.87719762545,1439.21331477535,308600
17883.3629261825,13294.0453613746,5027.41181666047,1937.79181818102,1436.08919628452,308700
17863.3138209155,13277.0967519691,5019.2565013758,1933.71483327694,1432.97170908042,308800
17843.2853215823,13260.1683598202,5011.06219443009,1929.64622622719,1429.86083951806,308900
17823.2774104874,13243.260163598,5002.7408013941,1925.58598037728,1426.75657397927,309000
17803.2900699439,13226.3721419893,4994.43270590227,1921.53407910423,1423.65889887265,309100
17783.3232822728,13209.5042736971,4986.17695033112,1917.4905058165,1420.56780063349,309200
17763.3770298032,13192.6565374414,4978.01735017204,1913.45524395393,1417.48326572378,309300
17743.4512948725,13175.8289119582,4969.87058332681,1909.42827698768,1414.40528063211,309400
17723.5460598263,13159.0213760005,4961.73663082978,1905.4095884202,1411.33383187365,309500
17703.6613070182,13142.2339083376,4953.61547374035,1901.39916178517,1408.26890599009,309600
17683.7970188102,13125.4664877554,4945.50709314299,1897.3969806474,1405.2104895496,309700
17663.9531775724,13108.7190930564,4937.41147014714,1893.40302860284,1402.15856914677,309800
17644.1297656831,13091.9917030596,4929.32858588721,1889.41728927851,1399.11313140257,309900
17624.326765529,13075.2842966005,4921.25842152259,1885.4397463324,1396.07416296428,310000
17604.544159505,13058.5968525313,4913.20095823759,1881.47038345347,1393.0416505055,310100
17584.7819300142,13041.9293497206,4905.15617724141,1877.50918436159,1390.01558072604,310200
17565.0400594679,13025.2817670536,4897.12405976813,1873.55613280743,1386.99594035189,310300
17545.5631977912,13008.6540834321,4889.1045870767,1869.61121257249,1383.98271613518,310400
17526.1446706167,12992.0462777744,4881.09774045087,1865.67440746899,1380.97589485415,310500
17506.7458191765,12975.4583290153,4873.1035011992,1861.74570133983,1377.97546331306,310600
17487.3666268821,12958.8902161064,4865.12185065505,1857.82507805852,1374.98140834217,310700
17468.0070771518,12942.3419180156,4857.15277017649,1853.91252152919,1371.99371679769,310800
17448.6671534115,12925.8134137274,4849.19624114634,1850.00801568643,1369.01237556172,310900
17429.3468390942,12909.304682243,4841.25224497211,1846.11154449535,1366.03737154223,311000
17410.0461176402,12892.81570258,4833.320763086,1842.22309195145,1363.06869167298,311100
17390.7649724973,12876.3464537726,4825.3975517772,1838.3426420806,1360.10632291347,311200
17371.5033871203,12859.8969148717,4817.44813113113,1834.47017893895,1357.15025224896,311300
17352.2613449715,12843.4670649446,4809.51131027369,1830.68809036172,1354.20046669033,311400
17333.0388295204,12827.0568830752,4801.58707040099,1827.00726484153,1351.25695327408,311500
17313.8358242442,12810.666348364,4793.67539273439,1823.33365454383,1348.31969906229,311600
17294.6523126269,12794.2954399279,4785.77625852041,1819.66724582778,1345.38869114257,311700
17275.4882781604,12777.9441369007,4777.88964903072,1816.00802507693,1342.46391662799,311800
17256.3437043437,12761.6124184325,4770.01554556216,1812.35597869918,1339.54536265704,311900
17237.2185746833,12745.3002636901,4762.15392943664,1808.71109312673,1336.63301639362,312000
17218.112872693,12729.0076518566,4754.30478200116,1805.07335481607,1333.72686502693,312100
17199.0265818942,12712.7345621321,4746.46808462778,1801.44275024792,1330.8268957715,312200
17179.9596858156,12696.4809737329,4738.64381871357,1797.8192659272,1327.93309586706,312300
17160.9121679933,12680.246865892,4730.83196568062,1794.20288838298,1325.04545257856,312400
17141.8840119711,12664.0322178589,4723.03250697598,1790.59360416844,1322.16395319609,312500
17122.8417975289,12647.8370088999,4715.24542407166,1786.99139986084,1319.28858503486,312600
17103.6345194166,12631.6612182976,4707.47069846458,1783.3962620615,1316.41933543511,312700
17084.4470397181,12615.5048253513,4699.78898209991,1779.80817739571,1313.55619176211,312800
17065.2793412605,12599.3678093767,4692.13325186487,1776.22713251272,1310.69914140609,312900
17046.1314068794,12583.2501497063,4684.41502557201,1772.65311408572,1307.8481717822,313000
17027.0032194187,12567.1518256891,4676.63018290407,1769.08610881178,1305.00327033045,313100
17007.8947617307,12551.0728166905,4668.85780271468,1765.52610341179,1302.1644245157,313200
16988.806016676,12535.0131020927,4661.0978661749,1761.97308463047,1299.33162182757,313300
16969.7369671239,12518.9726612943,4653.39207450071,1758.42703923629,1296.50484978044,313400
16950.6875959519,12502.9514737105,4645.7155441427,1754.88795402144,1293.68409591335,313500
16931.657886046,12487.320315142,4638.05120567137,1751.35581580182,1290.86934779001,313600
16912.6478203006,12472.086586198,4630.39904083139,1747.83061141696,1288.06059299872,313700
16893.6573816188,12456.8701810338,4622.75903139211,1744.31232773001,1285.25781915233,313800
16874.686552912,12441.6710823964,4615.13115914745,1740.80095162769,1282.46101388821,313900
16855.7353170999,12426.4892730451,4607.51540591591,1737.29647002025,1279.67016486818,314000
16836.8036571112,12411.3247357509,4599.91175354056,1733.79886984143,1276.88525977848,314100
16817.8915558826,12396.1774532972,4592.32018388899,1730.30813804845,1274.10628632973,314200
16798.9989963597,12381.0474084794,4584.82295871742,1726.82426162191,1271.33323225689,314300
16780.1259614964,12365.934584105,4577.34306166061,1723.34722756582,1268.56608531917,314400
16761.2724342552,12350.8389629935,4569.8749078832,1719.87702290753,1265.80483330006,314500
16742.4383976073,12335.7605279767,4562.41848002048,1716.41494780406,1263.0494640072,314600
16723.6238345322,12320.6992618985,4554.9737607308,1712.9737084649,1260.29996527242,314700
16704.8287280182,12305.6551476146,4547.46767366031,1709.53919598864,1257.55632495162,314800
16686.0530610621,12290.6281679932,4539.8664788867,1706.11139768967,1254.81853092479,314900
16667.2968166694,12275.502737191,4532.27753379446,1702.69030090502,1252.08657109592,315000
16648.559977854,12259.8263900172,4524.70081972182,1699.27589299433,1249.36043339296,315100
16629.8425276385,12244.1688343739,4517.13631803281,1695.8681613398,1246.64010576782,315200
16611.1444490543,12228.5300501816,4509.58401011718,1692.46709334618,1243.92557619625,315300
16592.4657251412,12212.9100173771,4502.04387739043,1689.07267644071,1241.21683267787,315400
16573.8063389478,12197.3087159132,4494.51590129375,1685.68489807308,1238.51386323609,315500
16555.1662735313,12181.7261257593,4487.0132167461,1682.30374571541,1235.81665591806,315600
16536.5455119577,12166.1622269008,4479.58055474716,1678.9292068622,1233.12519879464,315700
16517.9440373014,12150.6169993395,4472.15975611559,1675.56126903031,1230.43947996035,315800
16499.3618326457,12135.0904230934,4464.7508029703,1672.19991975892,1227.75948753334,315900
16480.7988810827,12119.5824781967,4457.35367745455,1668.84514660947,1225.08520965532,316000
16462.2551657129,12104.0931447002,4449.96836173597,1665.49693716564,1222.41663449154,316100
16443.7306696458,12088.6224026704,4442.59483800653,1662.15527903334,1219.75375023074,316200
16425.2253759995,12073.1702321905,4435.23308848247,1658.82015984063,1217.09654508509,316300
16406.7392679009,12057.7366133598,4427.88309540434,1655.49156723769,1214.44500729017,316400
16388.2723284855,12042.3215262938,4420.54484103692,1652.16948889682,1211.81911073079,316500
16369.8245408978,12026.8553027154,4413.21830766921,1648.85391251238,1209.21941829104,316600
16351.3958882909,12011.3600223169,4405.90347761441,1645.54482580074,1206.62518262267,316700
16332.9863538268,11995.8835107067,4398.60033320989,1642.24221650027,1204.03639261143,316800
16314.5959206761,11980.4257475372,4391.30885681716,1638.94607237128,1201.45303716469,316900
16296.2245720184,11964.9867124779,4384.02903082183,1635.65638119601,1198.87510521145,317000
16277.872291042,11949.5663852153,4376.76083763364,1632.37313077858,1196.30258570228,317100
16259.5390609441,11934.1647454528,4369.50425968634,1629.03898534402,1193.73546760932,317200
16241.2248649306,11918.7817729109,4362.25932462314,1625.67700533014,1191.17373992617,317300
16222.9296862164,11903.4174473271,4355.07036035587,1622.32180272074,1188.61739166792,317400
16204.6535080251,11888.0717484556,4347.89282086241,1618.97336429456,1186.06641187108,317500
16186.3963135892,11872.744656068,4340.72668897912,1615.63167685495,1183.52078959354,317600
16168.1580861501,11857.4361499525,4333.57194756575,1612.29672722972,1180.98051391453,317700
16149.9388089582,11842.1462099145,4326.33006016581,1608.96850227117,1178.4455739346,317800
16131.7384652724,11826.8748157763,4319.07828428252,1605.64698885603,1175.91595877555,317900
16113.5570383609,11811.6219473771,4311.86768475335,1602.33217388541,1173.39165758042,318000
16095.3945115007,11796.3875845732,4304.71485745133,1599.02404428476,1170.87265951346,318100
16077.2508679775,11781.1717072378,4297.56446250091,1595.72258700385,1168.35895376003,318200
16059.1260910861,11765.974295261,4290.40523619014,1592.42778901669,1165.85052952663,318300
16041.0201641302,11750.79532855,4283.25751371152,1589.13963732152,1163.34737604084,318400
16022.9330704226,11735.6347870288,4276.1212775742,1585.85811894075,1160.84948255125,318500
16004.8647932847,11720.4926506385,4268.99651031145,1582.58322092093,1158.35683832749,318600
15986.8153160471,11705.3688993369,4261.88319448072,1579.3149303327,1155.86943266011,318700
15968.7846220493,11690.2635130991,4254.78131266357,1576.05323427077,1153.38725486061,318800
15950.7726946399,11675.1764719168,4247.69084746563,1572.79811985385,1150.91029426135,318900
15932.7795171762,11660.107755799,4240.61409338017,1569.54957422461,1148.43854021556,319000
15914.8050730248,11645.0573447712,4233.56582629243,1566.30758454966,1145.97198209725,319100
15896.8493455611,11630.0252188762,4226.52885948607,1563.0721380195,1143.51060930123,319200
15878.9123181696,11615.0113581736,4219.50317581682,1559.84322184848,1141.05441124303,319300
15860.9939742437,11600.01574274,4212.48875816401,1556.62082327475,1138.60337735886,319400
15843.0942971861,11585.0383526687,4205.48558943062,1553.40492956023,1136.15749710561,319500
15825.2132704081,11570.0791680702,4198.49365254319,1550.19552799056,1133.71675996078,319600
15807.3508773305,11555.1381690717,4191.51293045186,1546.99260587506,1131.28115542243,319700
15789.5071013828,11540.2153358176,4184.54340613027,1543.79615054671,1128.8506730092,319800
15771.6819260038,11525.3106484689,4177.58506257558,1540.60614936207,1126.42530226021,319900
15753.8753346413,11510.4240872036,4170.63788280844,1537.42258970129,1124.00503273507,320000
15736.087310752,11495.5556322168,4163.72358075046,1534.24545896801,1121.58985401379,320100
15718.3178378019,11480.7052637202,4156.82615929921,1531.07474458936,1119.1797556968,320200
15700.566899266,11465.8729619426,4149.93975910586,1527.91043401594,1116.77472740488,320300
15682.8344786286,11451.0587071298,4143.06436350626,1524.7525147217,1114.37475877913,320400
15665.1205593827,11436.1130584814,4136.19995585916,1521.60097420399,1111.97983948092,320500
15647.4251250307,11421.0806936088,4129.34651954617,1518.45579998346,1109.58995919189,320600
15629.7481590842,11406.0669793335,4122.50403797178,1515.31697960404,1107.20510761386,320700
15612.0896450637,11391.5603213593,4115.67249456328,1512.18450063291,1104.82527446885,320800
15594.449566499,11377.4061842598,4108.85187277076,1509.05835066044,1102.45044949898,320900
15576.8279069289,11362.7940234597,4102.04215606711,1505.93851730016,1100.0806224665,321000
15559.2246499016,11348.1995310511,4095.24332794793,1502.82498818871,1097.71578315371,321100
15541.6397789742,11333.6226878485,4088.45537193157,1499.71775098583,1095.35592136291,321200
15524.0732777131,11319.0634746827,4081.62255019499,1496.61679337429,1093.00102691643,321300
15506.525129694,11304.5218724009,4074.70450789408,1493.52210305985,1090.65108965651,321400
15488.9953185015,11289.9978618662,4067.79780170486,1490.43366777123,1088.30609944534,321500
15471.4838277296,11275.4914239583,4060.90241397829,1487.35147526009,1085.96604616495,321600
15453.9906409814,11261.0025395729,4054.01832709052,1484.27551330095,1083.63091971725,321700
15436.5157418694,11246.5311896219,4047.14552344284,1481.20576969118,1081.30071002392,321800
15419.0591140152,11232.0773550336,4040.28398546171,1478.14223225094,1078.97540702643,321900
15401.6207410494,11217.6410167524,4033.45527415989,1475.08488882318,1076.65500068597,322000
15384.2006066122,11203.2221557389,4026.72109928219,1472.03372727354,1074.33948098344,322100
15366.7986943529,11188.8207529701,4019.99778034642,1468.98873549035,1072.02883791938,322200
15349.4149879299,11174.436789439,4013.28530076119,1465.94990138461,1069.72306151398,322300
15332.049471011,11160.0702461549,4006.58364395821,1462.9172128899,1067.42214180699,322400
15314.7021272734,11145.7211041432,3999.89279339235,1459.89065796236,1065.12606885772,322500
15297.3729404033,11131.3893444457,3993.21273254156,1456.87022458067,1062.83483274502,322600
15280.0618940963,11117.0749481203,3986.54344490684,1453.85590074601,1060.54842356717,322700
15262.7689720572,11102.777896241,3979.88491401226,1450.84767448197,1058.26683144194,322800
15245.4941580003,11088.4981698982,3973.23712340488,1447.8455338346,1055.9900465065,322900
15228.237435649,11074.2357501982,3966.60005665476,1444.84946687227,1053.71805891736,323000
15210.9987887361,11059.9906182638,3959.97369735492,1441.85946168572,1051.45085885041,323100
15193.7782010036,11045.7627552338,3953.35802912131,1438.87550638797,1049.18843650082,323200
15176.5756562029,11031.8498570577,3946.75303559279,1435.89758911428,1046.93078208302,323300
15159.3911380948,11018.4587973897,3940.15870043111,1432.92569802215,1044.67788583068,323400
15142.2246304494,11005.0829409369,3933.57500732086,1429.95982129125,1042.42973799667,323500
15125.0761170459,10991.7222724478,3927.00193996946,1426.99994712338,1040.18632885301,323600
15107.9455816732,10978.3767766819,3920.46378995305,1424.04606374245,1037.94764869085,323700
15090.8330081293,10965.04643841,3913.97852597159,1421.09815939443,1035.71368782043,323800
15073.7383802218,10951.731242414,3907.50361770323,1418.1562223473,1033.48443657103,323900
15056.6616817673,10938.4311734872,3901.03904947887,1415.22024089105,1031.25988529097,324000
15039.6028965922,10925.1462164339,3894.58480565105,1412.2902033376,1029.04002434754,324100
15022.5620085319,10911.8763560697,3888.1408705939,1409.36609802079,1026.82484412698,324200
15005.5390014315,10898.6215772213,3881.7072287031,1406.44791329631,1024.61433503445,324300
14988.5338591452,10885.3818647267,3875.2838643959,1403.53563754172,1022.40848749399,324400
14971.5465655369,10872.1572034352,3868.87076211105,1400.62925915633,1020.20729194848,324500
14954.5771044796,10858.9475782071,3862.4679063088,1397.72876656124,1018.01073885961,324600
14937.625459856,10845.7529739139,3856.07528147086,1394.83414819926,1015.81881870784,324700
14920.6916155581,10832.5733754387,3849.69287210042,1391.94539253487,1013.63152199238,324800
14903.7755554871,10819.4087676752,3843.32066272204,1389.06248805422,1011.44883923113,324900
14886.8772635541,10806.2591355289,3836.95863788172,1386.18542326504,1009.27076096068,325000
14869.9967236792,10793.124463916,3830.60678214681,1383.31418669664,1007.09727773626,325100
14853.1339197921,10780.0047377644,3824.26508010602,1380.44876689986,1004.92838013167,325200
14836.2888358321,10766.8999420128,3817.93351636937,1377.58915244702,1002.76405873931,325300
14819.4614557478,10753.8100616113,3811.6120755682,1374.73533193192,1000.6043041701,325400
14802.6517634972,10740.7350815213,3805.3007423551,1371.88729396976,998.449107053461,325500
14785.8597430479,10727.6749867152,3798.99950140393,1369.04502719713,996.298458037279,325600
14769.0853783769,10714.6297621768,3792.70833740978,1366.20852027196,994.152347787871,325700
14752.3286534708,10701.599392901,3786.42723508891,1363.37776187347,992.010766989951,325800
14735.5895523254,10688.583863894,3780.15617917879,1360.55274070219,989.873706346597,325900
14718.8680589464,10675.5831601732,3773.89515443805,1357.73344547984,987.741156579213,326000
14702.1641573487,10662.5972667672,3767.64414564642,1354.91986494935,985.613108427501,326100
14685.4778315568,10649.6261687157,3761.40313760474,1352.11198787482,983.489552649421,326200
14668.8090656046,10636.66985107,3755.17211513496,1349.30980304145,981.370480021166,326300
14652.1578435357,10623.7282988921,3748.95106308005,1346.51329925555,979.255881337115,326400
14635.5241494031,10610.8014972556,3742.70553926443,1343.72246534445,977.145747409813,326500
14618.9079672693,10597.8894312453,3736.36740761601,1340.9372901565,975.040069069928,326600
14602.3092812065,10584.9920859569,3730.03966224056,1338.15776256104,972.938837166221,326700
14585.7280752963,10572.1094464978,3723.72228693873,1335.38387144831,970.842042565512,326800
14569.1643336298,10559.2414979862,3717.41526553446,1332.61560572949,968.749676152649,326900
14552.6180403078,10546.3882255518,3711.11858187491,1329.8529543366,966.661728830467,327000
14536.0891794406,10533.5496143353,3704.83221983043,1327.0959062225,964.578191519768,327100
14519.5777351478,10520.7256494889,3698.55616329456,1324.34445036083,962.499055159272,327200
14503.0836915591,10507.9163161758,3692.290396184,1321.59857574598,960.424310705596,327300
14486.6070328133,10495.1215995704,3686.03490243855,1318.85827139308,958.353949133213,327400
14470.1477430589,10482.3414848585,3679.78966602111,1316.12352633793,956.287961434424,327500
14453.7058064542,10469.5759572371,3673.55467091765,1313.39432963696,954.226338619322,327600
14437.2812071668,10456.8250019143,3667.32990113715,1310.67067036723,952.16907171576,327700
14420.8739293739,10444.0886041095,3661.19879954785,1307.95253762637,950.11615176932,327800
14404.4798790388,10431.3667490533,3655.10419083346,1305.23992053253,948.067569843276,327900
14388.0760055563,10418.6594219876,3649.0193881672,1302.5328082244,946.023317018562,328000
14371.6894775863,10405.9666081654,3642.94437656187,1299.83118986108,943.983384393743,328100
14355.3202792307,10393.288292851,3636.87914105124,1297.13505462214,941.947763084978,328200
14338.9683946008,10380.62446132,3630.82366669007,1294.44439170754,939.916444225989,328300
14322.633807818,10367.88130646,3624.77793855406,1291.75919033758,937.889418968028,328400
14306.3165030131,10355.0336218137,3618.74194173984,1289.07943975289,935.866678479847,328500
14290.016464327,10342.2009000028,3612.71566136496,1286.40512921439,933.848213947661,328600
14273.7336759103,10329.383125442,3606.69908256782,1283.73624800325,931.834016575117,328700
14257.4681219233,10316.5802825587,3600.6921905077,1281.07278542085,929.824077583264,328800
14241.219786536,10303.7923557926,3594.69497036469,1278.41473078875,927.818388210517,328900
14224.9886539284,10291.019329596,3588.7074073397,1275.76207344866,925.816939712629,329000
14208.7747082903,10278.2611884336,3582.72948665441,1273.11480276238,923.819723362655,329100
14192.577933821,10265.5179167825,3576.76119355125,1270.47290811182,921.826730450918,329200
14176.3983147301,10252.7894991323,3570.80251329341,1267.83637889888,919.837952284987,329300
14160.2358352364,10240.0759199852,3564.85343116475,1265.2052045455,917.853380189631,329400
14144.0904795691,10227.3771638556,3558.91393246983,1262.57937449358,915.873005506798,329500
14127.9622319669,10214.6932152706,3552.98400253387,1259.95887820494,913.896819595576,329600
14111.8510766784,10202.0240587696,3547.06362670273,1257.3437051613,911.924813832165,329700
14095.7569979619,10189.3696789045,3541.15279034287,1254.73384486425,909.956979609845,329800
14079.6799800858,10176.7300602396,3535.25147884132,1252.12928683521,907.993308338939,329900
14063.6200073282,10164.1051873518,3529.35967760571,1249.53002061537,906.033791446791,330000
14047.5770639769,10151.4950448303,3523.47737206416,1246.9360357657,904.078420377726,330100
14031.5511343297,10138.8996172769,3517.60454766533,1244.34732186688,902.127186593019,330200
14015.5422026943,10126.3188893055,3511.74118987838,1241.7638685193,900.180081570868,330300
13999.5502533882,10113.752845543,3505.8872841929,1239.18566534296,898.237096806358,330400
13983.5752707387,10101.2014706281,3500.04281611895,1236.61270197752,896.298223811432,330500
13967.617239083,10088.6647492126,3494.20777118697,1234.04496808221,894.363454114858,330600
13951.6761427682,10076.1426659601,3488.38213494783,1231.48245333579,892.432779262198,330700
13935.7519661513,10063.6352055472,3482.55198849265,1228.92514743657,890.506190815781,330800
13919.844693599,10051.1423526625,3476.72917965912,1226.37304010231,888.583680354662,330900
13903.9543094881,10038.6640920072,3470.91578978337,1223.82612107023,886.665239474599,331000
13888.0807982051,10026.2004082951,3465.11180436742,1221.28438009696,884.750859788019,331100
13872.2241441466,10013.7512862521,3459.31720893383,1218.7478069585,882.840532923987,331200
13856.3843317189,10001.3167106168,3453.5319890257,1216.21639145021,880.934250528175,331300
13840.5613453382,9988.89666614002,3447.75613020658,1213.69012338674,879.032004262829,331400
13824.7551694308,9976.49113758519,3441.98961806052,1211.16899260202,877.133785806744,331500
13808.9657884327,9964.10010972803,3436.23243819198,1208.65298894923,875.239586855226,331600
13793.1931867899,9951.72356735673,3430.48457622585,1206.16109192613,873.349399120064,331700
13777.4373489583,9939.36149527187,3424.74601780742,1203.68629346791,871.4632143295,331800
13761.6982594036,9927.01387828648,3419.01674860232,1201.21646379646,869.581024228198,331900
13745.9759026016,9914.68070122597,3413.29675429655,1198.75159322976,867.70282057721,332000
13730.270263038,9902.36194892815,3407.5860205964,1196.29167210383,865.828595153951,332100
13714.5813252083,9890.0576062433,3401.88453322847,1193.78880629719,863.958339752166,332200
13698.9090736181,9877.71345990589,3396.19227793964,1191.24312539332,862.092046181896,332300
13683.2534927827,9865.37746475509,3390.509240497,1188.70276569552,860.229706269452,332400
13667.6145672275,9853.05598503804,3384.83540668789,1186.2009486004,858.371311857381,332500
13651.9922814879,9840.74900538727,3379.17076231982,1183.72517001262,856.51685480444,332600
13636.3866201091,9828.4565104481,3373.5152932205,1181.25445230859,854.666326985562,332700
13620.7975676463,9816.17848487859,3367.86898523776,1178.78878543387,852.819720291825,332800
13605.2251086648,9803.91491334961,3362.23182423957,1176.32815935313,850.977026630424,332900
13589.6692277395,9791.66578054476,3356.60379611399,1173.87256405023,849.138237924644,333000
13574.1299094556,9779.43107116044,3350.98488676915,1171.42198952807,847.303346113823,333100
13558.6071384082,9767.21076990578,3345.37508213324,1168.97642580865,845.472343153324,333200
13543.1008992021,9755.00486150267,3339.77436815446,1166.53586293299,843.645221014506,333300
13527.6111764524,9742.81333068579,3334.18273080103,1164.10029096108,841.821971684697,333400
13512.1379547841,9730.63616220253,3328.60015606112,1161.66969997191,840.002587167157,333500
13496.681218832,9718.47334081306,3323.02662994289,1159.24408006336,838.187059481053,333600
13481.2409532411,9706.32485129028,3317.4621384744,1156.82342135221,836.375380661432,333700
13465.8171426661,9694.19067841982,3311.90666770361,1154.41790567161,834.567542759182,333800
13450.4097717721,9682.07080700011,3306.36020369839,1152.01870950839,832.76353784101,333900
13435.0188252338,9669.96522184224,3300.82273254643,1149.62439661242,830.96335798941,334000
13419.6442877361,9657.8739077701,3295.29424035527,1147.23495732436,829.166995302632,334100
13404.2861439737,9645.79684962028,3289.77471325227,1144.8503820032,827.374441894655,334200
13388.9443786517,9633.7340322421,3284.26413738455,1142.47066102623,825.585689895154,334300
13373.6189764847,9621.68544049761,3278.76249891901,1140.09578478901,823.800731449475,334400
13358.3099221976,9609.65105926159,3273.26978404225,1137.72574370532,822.019558718602,334500
13343.0172005252,9597.63087342153,3267.78597896063,1135.36052820714,820.24216387913,334600
13327.7407962125,9585.62486787764,3262.31106990017,1133.00012874462,818.46853912323,334700
13312.4806940143,9573.63302754284,3256.84504310655,1130.64453578605,816.689249627527,334800
13297.2368786953,9561.65533734278,3251.38788484511,1128.29373981782,814.875395306166,334900
13282.0093350307,9549.67989868297,3245.9364743403,1125.94773134439,813.06549705744,335000
13266.7980478052,9537.45910428005,3240.48465443522,1123.60650088824,811.259546460081,335100
13251.6030018138,9525.25310174304,3235.04170329081,1121.27003898989,809.457535110142,335200
13236.4241818614,9513.06187481658,3229.60760715041,1118.9383362078,807.659454620965,335300
13220.9922402158,9500.88540725982,3224.19774801975,1116.6196418053,805.865296623153,335400
13205.4999978316,9488.72368284637,3218.86020629531,1114.33629146029,804.075052764525,335500
13190.0247378329,9476.57668536427,3213.53121645826,1112.05751168066,802.288714710095,335600
13174.5664437628,9464.44439861606,3208.21076546219,1109.78453457113,800.506274142027,335700
13159.1250991758,9452.3268064187,3202.89884027903,1107.51904227712,798.727722759613,335800
13143.7006876383,9440.22389260361,3197.59542789905,1105.25807670073,796.953052279227,335900
13128.2931927284,9428.13564101665,3192.3005153308,1103.00162905962,795.182254434304,336000
13112.9025980357,9416.06203551811,3187.0140896011,1100.74969058778,793.415320975293,336100
13097.5288871617,9404.00305998271,3181.73613775504,1098.50225253551,791.65224366964,336200
13082.1720437196,9391.95869829961,3176.46664685592,1096.25930616935,789.893014301737,336300
13066.8320513341,9379.92893437236,3171.20560398528,1094.02084277209,788.137624672907,336400
13051.5088936418,9367.91375211895,3165.95299624281,1091.78685364272,786.386066601353,336500
13036.2025542909,9355.91313547176,3160.70881074641,1089.5573300964,784.638331922139,336600
13020.9130169414,9343.92706837759,3155.47303463209,1087.33226346446,782.894412487153,336700
13005.640265265,9331.95553479763,3150.24565505398,1085.11164509434,781.154300165066,336800
12990.3842829449,9319.99851870745,3144.97944660363,1082.89546634958,779.417986841312,336900
12975.1450536762,9308.05600409704,3139.7146806949,1080.68371860978,777.685464418046,337000
12959.9225611657,9296.12797497073,3134.43314928109,1078.47639327059,775.956724814116,337100
12944.7167891319,9284.21441534723,3129.16022702249,1076.27348174366,774.231759965026,337200
12929.8052382014,9272.31530925967,3123.89590052626,1074.07497545664,772.510561822908,337300
12915.1393350188,9260.43064075549,3118.64015641885,1071.8808658531,770.793122356486,337400
12900.4889338112,9248.56039389651,3113.39298134601,1069.69114439258,769.079433551047,337500
12885.8540202368,9236.70455275889,3108.15436197269,1067.5058025505,767.369487408401,337600
12871.2345799628,9224.86310143316,3102.92428498311,1065.32483181815,765.663275946862,337700
12856.6305986661,9213.03602402419,3097.70273708066,1063.14822370266,763.960791201199,337800
12842.0420620327,9201.22330465116,3092.48970498793,1060.975969727,762.262025222619,337900
12827.4689557579,9189.4249274476,3087.28517544665,1058.8080614299,760.566970078722,338000
12812.9112655464,9177.64087656137,3082.08913521768,1056.64449036588,758.87561785348,338100
12798.3689771124,9165.87113615464,3076.90157108099,1054.48524810517,757.187960647197,338200
12783.842076179,9154.11569040388,3071.72246983564,1052.33032623372,755.503990576478,338300
12769.330548479,9142.37452349991,3066.55181829972,1050.17971635317,753.823699774205,338400
12754.8343797543,9130.64761964781,3061.38960331039,1048.0334100808,752.14708038949,338500
12740.3535557564,9118.93496306697,3056.23581172379,1045.8913990495,750.47412458766,338600
12725.8880622459,9107.23653799109,3051.09043041506,1043.75367490779,748.804824550208,338700
12711.4378849928,9095.52993750002,3045.95344627832,1041.62022931974,747.139172474779,338800
12697.0030097765,9083.82912124292,3040.82484622661,1039.49105396496,745.477160575123,338900
12682.5834223858,9072.14256744791,3035.70461719188,1037.36528283378,743.818781081074,339000
12668.1791086186,9060.47026026509,3030.59274612498,1035.20394127904,742.16402623851,339100
12653.7900542823,9048.812183859,3025.48921999564,1033.04701315424,740.512888309331,339200
12639.4162451938,9037.16832240866,3020.39402579243,1030.89448969073,738.865359571416,339300
12625.0576671792,9025.53866010755,3015.30715052272,1028.7463621366,737.221432318604,339400
12610.714306074,9013.92318116355,3010.22858121271,1026.60262175667,735.581098860649,339500
12596.3861477229,9002.32186979906,3005.15830490736,1024.46325983241,733.944351523204,339600
12582.0731779801,8990.73471025082,3000.09630867037,1022.32826766198,732.311182647773,339700
12567.7753827094,8979.16168677009,2995.04257958419,1020.19763656017,730.681584591698,339800
12553.4927477834,8967.60278362249,2989.99710474996,1018.08514496883,729.055549728111,339900
12539.2252590847,8956.05798508809,2984.9598712875,1015.99387040494,727.433070445913,340000
12524.9729025048,8944.52727546134,2979.93086633529,1013.90680400316,725.814139149742,340100
12510.7356639447,8933.01063905112,2974.91007705045,1011.82393753065,724.198748259935,340200
12496.513529315,8921.50806018071,2969.8974906087,1009.72530944198,722.58689021251,340300
12482.3064845353,8910.01952318776,2964.89309420435,1007.61951284078,720.978557459119,340400
12468.1145155348,8898.54501242432,2959.93400898852,1005.51802113125,719.373742467032,340500
12453.9376082522,8887.0845122568,2955.01130431493,1003.42082574832,717.772437719097,340600
12439.7757486353,8875.63800706601,2950.09653318051,1001.32791814328,716.174635713715,340700
12425.6289226414,8864.20548124711,2945.18968338308,999.23928978382,714.580328964801,340800
12411.4971162373,8852.78691920963,2940.29074273783,997.154932153922,712.989510001765,340900
12397.380315399,8841.38230537743,2935.39969907733,995.074836753888,711.402171369472,341000
12383.278506112,8829.99162418874,2930.51654025147,992.998995100289,709.818305628216,341100
12369.1916743713,8818.61486009612,2925.64125412746,990.927398725936,708.237905353688,341200
12355.119806181,8807.25199756645,2920.77382858982,988.860039179859,706.660963136947,341300
12341.0628875548,8795.90302108099,2915.91425154032,986.796908027265,705.08747158439,341400
12327.0209045157,8784.56791513525,2911.062510898,984.737996849522,703.517423317716,341500
12312.9938430964,8773.2466642391,2906.21859459914,982.683297244119,701.950810973907,341600
12298.9816893385,8761.93925291671,2901.3824905972,980.632800824646,700.387627205184,341700
12284.9844292933,8750.64566570654,2896.55418686286,978.586499220755,698.827864678991,341800
12270.9236053834,8739.36588716136,2891.73367138396,976.544384078142,697.271516077953,341900
12256.8217691436,8728.09990184822,2886.92093216547,974.506447058511,695.718574099855,342000
12242.7350922151,8716.84769434845,2882.1159572295,972.472679839546,694.169031457604,342100
12228.6635601934,8705.60924925765,2877.28348726722,970.443074114883,692.622880879209,342200
12214.6071586846,8694.38455118571,2872.44658782101,968.417621594083,691.081142681673,342300
12200.5658733043,8683.17358475677,2867.617574774,966.396314002598,689.542919887785,342400
12186.5396896786,8671.97633460921,2862.79643583423,964.379143081749,688.008062328364,342500
12172.5285934433,8660.79278539568,2857.98315872758,962.366100588691,686.476562807962,342600
12158.5325702444,8649.62292178305,2853.1777311977,960.357178296392,684.948414146025,342700
12144.5516057379,8638.46672845247,2848.38014100601,958.352367993595,683.42360917688,342800
12130.5856855898,8627.32419009926,2843.59037593166,956.351661484798,681.902140749692,342900
12116.6347954761,8616.195291433,2838.80842377151,954.355050590218,680.384001728439,343000
12102.6989210831,8605.08001717748,2834.03427234015,952.36252714577,678.869184991888,343100
12088.7780481067,8593.9783520707,2829.26790946979,950.374083003032,677.357683433555,343200
12074.8721622533,8582.89028086484,2824.50932301033,948.389710029224,675.849489961688,343300
12060.9812492389,8571.81578832629,2819.75850082928,946.409400107172,674.344597499226,343400
12047.10529479,8560.75485923564,2815.01543081177,944.433145135283,672.842998983783,343500
12033.2442846427,8549.70747838765,2810.28010086048,942.460937027519,671.344687367603,343600
12019.3982045434,8538.67363059125,2805.55249889569,940.492767713365,669.849655617549,343700
12005.5670402486,8527.65330066955,2800.83261285519,938.528629137804,668.357896715058,343800
11991.7507775247,8516.64647345981,2796.12043069431,936.568513261285,666.869403656125,343900
11977.9494021481,8505.65313381344,2791.41594038585,934.612412059704,665.384169451261,344000
11964.1628999054,8494.67326659603,2786.7191299201,932.660317524363,663.902187125479,344100
11950.3912565931,8483.70685668727,2782.02998730479,930.712221661952,662.423449718253,344200
11936.6344580179,8472.75388898099,2777.34850056508,928.768116494517,660.947950283498,344300
11922.8924899964,8461.81434838518,2772.67465774355,926.827994059433,659.475681889535,344400
11909.1653383554,8450.88821982191,2768.00844690012,924.891846409376,658.006637619066,344500
11895.4529889315,8439.97548822739,2763.34985611213,922.959665612296,656.540810569146,344600
11881.7554275717,8429.07613855191,2758.69887347422,921.03144375139,655.07819385115,344700
11868.0726401328,8418.19015575989,2754.05548709837,919.107172925072,653.618780590753,344800
11854.4046124816,8407.31752482983,2749.41968511382,917.186845246946,652.162563927891,344900
11840.7513304952,8396.45823075429,2744.79145566713,915.27045284578,650.709537016744,345000
11827.0848033472,8385.61225853995,2740.17078692208,913.357987865477,649.259693025696,345100
11813.4169363653,8374.77959320753,2735.55766705969,911.449442465048,647.81302513732,345200
11799.7638764967,8363.96021979183,2730.95208427819,909.544808818583,646.369526548336,345300
11786.1256094862,8353.1541233417,2726.35402679299,907.644079115231,644.929190469595,345400
11772.5021210889,8342.36128892004,2721.76348283666,905.74724555916,643.492010126043,345500
11758.8933970702,8331.5817016038,2717.18044065893,903.854300369541,642.057978756698,345600
11745.0388161047,8320.81534648396,2712.60488852663,901.965235780514,640.627089614616,345700
11730.8011081106,8310.06220866553,2708.0368147237,900.080044041165,639.199335966872,345800
11716.5796818535,8299.32227326753,2703.47620755115,898.198717415494,637.774711094524,345900
11702.3745205326,8288.59552542302,2698.92305532706,896.321248182396,636.35320829259,346000
11688.1856073609,8277.88195027905,2694.37734638652,894.447628635624,634.934820870019,346100
11674.012925565,8267.18153299667,2689.83906908164,892.577851083769,633.519542149661,346200
11659.8395152178,8256.49425875093,2685.30821178154,890.711907850231,632.107365468246,346300
11645.6735487101,8245.82011273087,2680.78476287227,888.849791273191,630.679492171538,346400
11631.5238237879,8235.15908013949,2676.26871075686,886.991493705585,629.251368847658,346500
11617.3903236326,8224.51114619377,2671.76004385525,885.137007515076,627.82642737457,346600
11603.2730314396,8213.87629612468,2667.25875060428,883.286325084035,626.404660812956,346700
11589.171930418,8203.25451517711,2662.76481945767,881.439438809498,624.986062238194,346800
11575.0870037909,8192.64578860992,2658.27823888602,879.596341103156,623.570624740327,346900
11561.0182347951,8182.0501016959,2653.79899737674,877.758423138212,622.158341424037,347000
11546.9656066814,8171.4674397218,2649.32708343407,875.925959071661,620.749205408607,347100
11532.9291027142,8160.89778798828,2644.86248557906,874.097248101494,619.343209827902,347200
11518.9087061721,8150.34113180991,2640.4051923495,872.272282736821,617.940347830329,347300
11504.9044003473,8139.7974565152,2635.95519229996,870.451055501168,616.540612578816,347400
11490.9161685458,8129.26674744655,2631.51247400173,868.633558932441,615.143997250778,347500
11476.9439940876,8118.74898996027,2627.07702604281,866.819785582906,613.750495038087,347600
11462.9878603064,8108.24416942654,2622.64883702788,865.009728019163,612.360099147046,347700
11449.0477505497,8097.75227122947,2618.2278955783,863.203378822119,610.972802798358,347800
11435.2014299749,8087.27328076699,2613.81419033206,861.400730586961,609.588599227095,347900
11421.9393712948,8076.80718345094,2609.40770994379,859.601775923134,608.207481682672,348000
11408.6917522521,8066.35396470701,2605.00844308472,857.812015981998,606.829443428815,348100
11395.458558824,8055.91360997473,2600.61637844264,856.042332203644,605.454477743534,348200
11382.239776998,8045.48610470752,2596.23150472191,854.276228938256,604.082577919093,348300
11369.0353927722,8035.0714343726,2591.85381064345,852.513699129941,602.713737261982,348400
11355.8453921548,8024.66958445104,2587.48328494466,850.754735736197,601.347949092886,348500
11342.6697611645,8014.28054043773,2583.11991637946,848.999331727892,599.985206746657,348600
11329.5084858302,8003.90428784138,2578.76369371824,847.247480089233,598.625503572288,348700
11316.3615521914,7993.54081218452,2574.40418123915,845.499173817745,597.26883293288,348800
11303.2289462976,7983.19009900346,2570.05093373868,843.75440592425,595.915188205616,348900
11290.110654209,7972.85213384835,2565.70483673847,842.013169432841,594.56456278173,349000
11277.0066619959,7962.52690228306,2561.36587898048,840.275457380859,593.233936773671,349100
11263.916955739,7952.21438988531,2557.03404922327,838.541262818864,591.940165275409,349200
11250.8415215294,7941.91458224656,2552.70933624188,836.81057881062,590.649167154771,349300
11237.7803454685,7931.62746497203,2548.39172882794,835.083398433065,589.36093660117,349400
11224.6717890926,7921.35302368072,2544.08121578953,833.359714776294,588.075467815815,349500
11211.2223855269,7911.09124400536,2539.77778595124,831.639520943522,586.792755011681,349600
11198.1062517178,7900.84211159245,2535.48142815411,829.922810051079,585.512792413488,349700
11185.2361117875,7890.60561210218,2531.19213125561,828.209575228371,584.235574257681,349800
11172.3798506717,7880.38173120852,2526.90988412964,826.499809617863,582.961094792406,349900
11159.5374550395,7870.17045459913,2522.63467566647,824.793506375056,581.689348277487,350000
11146.7089115696,7859.97176797539,2518.36649477277,823.090658668463,580.420328984403,350100
11133.8942069503,7849.78565705239,2514.10533037155,821.391259679586,579.154031196264,350200
11121.0581442082,7839.61210755892,2509.85117140216,819.684744401816,577.890449207795,350300
11108.167270204,7829.45110523745,2505.60400682023,817.961183843808,576.629577325304,350400
11095.2904349255,7819.30263584413,2501.36382559771,816.241180964166,575.371409866667,350500
11082.4276247096,7809.16668514881,2497.1306167228,814.524728599525,574.115941161302,350600
11069.5788259038,7799.04323893498,2492.90436919995,812.811819600452,572.863165550149,350700
11056.7440248657,7788.9322829998,2488.68507204984,811.10244683141,571.613077385645,350800
11043.9232079629,7778.83380315408,2484.47271430935,809.396603170736,570.340035223062,350900
11031.1163615733,7768.74778522229,2480.26728503152,807.69428151062,569.066031785568,351000
11018.3234720851,7758.67421504251,2476.06877328559,805.995474757069,567.794828128594,351100
11005.5445258964,7748.61307846648,2471.87716815692,804.300175829896,566.526418229983,351200
10992.7795094156,7738.56436135953,2467.69245874697,802.60837766268,565.260796080152,351300
10980.0284090615,7728.52804960062,2463.49648912296,800.920073202747,563.997955682072,351400
10967.2912112628,7718.50412908232,2459.28477293278,799.23525541115,562.737891051236,351500
10954.5679024583,7708.49258571079,2455.08005965456,797.553917262633,561.480596215643,351600
10941.8584690973,7698.4934054058,2450.88233810445,795.876051745613,560.226065215762,351700
10929.1628976391,7688.50657410066,2446.69159711538,794.201651862154,558.974292104517,351800
10916.4811745531,7678.5320777423,2442.50782553701,792.530710627937,557.725270947256,351900
10903.813286319,7668.5699022912,2438.33101223569,790.863221072244,556.478995821729,352000
10891.1592194265,7658.62003372138,2434.1611460945,789.199176237923,555.235460818062,352100
10878.5189603756,7648.68245802045,2429.99821601316,787.538569181367,553.994660038731,352200
10865.8924956766,7638.75716118954,2425.84221090807,785.881392972493,552.756587598542,352300
10853.2798118496,7628.84412924333,2421.69311971224,784.227640694709,551.521237624599,352400
10840.6808954252,7618.94334820999,2417.55093137526,782.577305444899,550.288604256287,352500
10828.095732944,7609.05480413127,2413.41563486334,780.930380333386,549.05868164524,352600
10815.5243109568,7599.1784830624,2409.28721915924,779.286858483917,547.831463955324,352700
10802.9666160246,7589.3143710721,2405.16567326223,777.646733033636,546.606945362606,352800
10790.4226347183,7579.46245424262,2401.05098618813,776.009997133054,545.385120055335,352900
10777.8923536194,7569.62271866967,2396.94384185273,774.376643946033,544.165982233912,353000
10765.3757593193,7559.79515046247,2392.9125986106,772.746666649754,542.94952611087,353100
10752.8728384195,7549.97973574369,2388.87892257825,771.120058434693,541.735745910848,353200
10740.3835775317,7540.17646064949,2384.85085841078,769.496812504603,540.524635870567,353300
10727.9079632779,7530.38531132945,2380.82939589482,767.876922076481,539.316190238805,353400
10715.4459822901,7520.60627394665,2376.81452464858,766.260380380552,538.110403276376,353500
10702.9976212104,7510.83933467755,2372.8062343056,764.647180660234,536.907269256099,353600
10690.5628666913,7501.0844797121,2368.80451451468,763.03731617212,535.706782462781,353700
10678.1417053951,7491.34169525366,2364.80935493986,761.43078018596,534.508937193193,353800
10665.7341239945,7481.61096751898,2360.82074526042,759.827565984621,533.313727756037,353900
10653.3401091723,7471.89228273827,2356.83867517085,758.227666864075,532.121148471934,354000
10640.9596476214,7462.18562715508,2352.86313438084,756.631076133374,530.931193673389,354100
10628.5927260447,7452.49098702643,2348.89411261521,755.037787114616,529.743857704779,354200
10616.2393311556,7442.80834862266,2344.931599614,753.447793142935,528.559134922316,354300
10603.8994496774,7433.13769822752,2340.97558513232,751.861087566464,527.377019694035,354400
10591.5730683434,7423.47902213813,2337.02605894042,750.277663746318,526.197506399762,354500
10579.2601738973,7413.83230666495,2333.08301082365,748.69751505657,525.020589431096,354600
10566.9607530929,7404.19753813183,2329.14643058239,747.120634884223,523.846263191381,354700
10554.6747926939,7394.57470287594,2325.21630803213,745.54701662919,522.677744635894,354800
10542.4022794743,7384.9637872478,2321.29263300336,743.976653704268,521.528381754441,354900
10530.1432002183,7375.36477761125,2317.37539534157,742.409539535112,520.381505038725,355000
10517.8975417202,7365.77766034347,2313.46458490727,740.845667560218,519.237109226432,355100
10505.6652907842,7356.20242183493,2309.56019157593,739.285031230891,518.09518906606,355200
10493.4464342249,7346.63904848943,2305.66220523799,737.727624011228,516.955739316894,355300
10481.2409588668,7337.08752672405,2301.73357700773,736.17343937809,515.818754748988,355400
10469.0488515447,7327.54784296916,2297.7819391362,734.622470821077,514.684230143144,355500
10456.8700991035,7318.01998366845,2293.83690458531,733.074711842512,513.552160290883,355600
10444.7046883981,7308.50393527882,2289.89846274145,731.530155957409,512.422539994438,355700
10432.5526062935,7298.9996842705,2285.96660300707,729.988796693451,511.295364066719,355800
10420.4138396649,7289.50721712692,2282.04131480065,728.450627590974,510.170627331302,355900
10408.2883753977,7280.0265203448,2278.12258755668,726.91564220293,509.048324622402,356000
10396.1762003873,7270.5575804341,2274.21041072565,725.383834094881,507.928450784854,356100
10384.0773015391,7261.10038391797,2270.30477377399,723.855196844956,506.811000674093,356200
10371.9916657688,7251.65491733286,2266.4056661841,722.329724043842,505.695969156133,356300
10359.919280002,7242.22116722836,2262.51307745429,720.807409294757,504.583351107544,356400
10347.8601311747,7232.79912016732,2258.62699709878,719.288246213424,503.473141415433,356500
10335.8142062326,7223.38876272578,2254.74741464768,717.772228428052,502.365334977424,356600
10323.7814921319,7213.99008149295,2250.87431964692,716.259349579305,501.259926701637,356700
10311.7619758386,7204.60306307126,2247.00770165831,714.749603320289,500.156911506663,356800
10299.7556443289,7195.22769407628,2243.14755025945,713.242983316525,499.056284321552,356900
10287.7624845892,7185.8639611368,2239.29385504374,711.739483245918,497.958040085782,357000
10275.7824836158,7176.5118508947,2235.47677655843,710.23909679875,496.862173749248,357100
10263.8156284151,7167.17135000507,2231.68352137508,708.744587836599,495.768680272236,357200
10251.8619060038,7157.84244513612,2227.89652819765,707.256166057593,494.677554625402,357300
10239.9213034084,7148.64577233393,2224.11578709047,705.770814809244,493.588791789758,357400
10227.9938076658,7139.84477179169,2220.34128813271,704.288527906239,492.50238675664,357500
10216.0794058225,7131.05405237841,2216.57302141831,702.809299175314,491.418334527702,357600
10204.1780849357,7122.27360311257,2212.810977056,701.333122455239,490.336630114883,357700
10192.2898320721,7113.50341302236,2209.05514516926,699.859991596783,489.257268540393,357800
10180.4146343088,7104.7434711457,2205.30551589631,698.389900462705,488.180244836694,357900
10168.552478733,7095.9937665302,2201.56207939006,696.922842927722,487.105554046475,358000
10156.7033524417,7087.25428823318,2197.82482581815,695.458812878493,486.033191222636,358100
10144.8672425422,7078.52502532168,2194.09374536288,693.997804213592,484.963151428263,358200
10133.0441361518,7069.80596687239,2190.3688282212,692.539810843491,483.895429736615,358300
10121.2340203978,7061.09710197174,2186.65006460471,691.084826690533,482.830021231099,358400
10109.4368824176,7052.39841971582,2182.93744473962,689.632845688912,481.766921005247,358500
10097.6527093588,7043.70990921041,2179.23095886674,688.183861784653,480.706124162707,358600
10085.8814883788,7035.03155957095,2175.53059724145,686.737868935587,479.647625817208,358700
10074.1232066452,7026.36335992259,2171.8363501337,685.294861111332,478.591421092555,358800
10062.3778513357,7017.70529940012,2168.14820782797,683.854832293267,477.537505122598,358900
10050.6454096379,7009.05736714801,2164.46616062327,682.417776474515,476.485873051217,359000
10038.9258687495,7000.41955232037,2160.7901988331,680.983687659917,475.436520032302,359100
10027.2192158783,6991.76569263952,2157.12031278545,679.552559866012,474.389441229732,359200
10015.5254382422,6983.12008433894,2153.45636107825,678.124387121016,473.344631817359,359300
10003.8445230689,6974.2769686771,2149.8105258826,676.699163464802,472.302086978979,359400
9992.17645759642,6964.99961928802,2146.17759922515,675.276882948872,471.261801908324,359500
9980.52122907258,6955.68301112366,2142.55064695189,673.857539636342,470.223771809036,359600
9968.87882475536,6946.37588297582,2138.92965961598,672.441127601916,469.187991894646,359700
9957.24923191275,6937.08067317724,2135.31462778463,671.027640931867,468.15445738856,359800
9945.63243782276,6927.79736751033,2131.70554203908,669.617073724016,467.123163524033,359900
9934.02842977342,6918.52595177232,2128.10239297459,668.209420087707,466.094105544154,360000
9922.43719506279,6909.26641177529,2124.50517120039,666.80467414379,465.067278701827,360100
9910.85872099896,6900.0187333461,2120.89029922768,665.402830024597,464.042678259747,360200
9899.2929949,6890.78290232642,2117.26814611893,664.00388187392,463.020299490387,360300
9887.74000409405,6881.55890457271,2113.65201629735,662.607823846991,462.000137675971,360400
9876.19973591922,6872.3467259562,2110.04190012234,661.214650110462,460.982188108462,360500
9864.67217772364,6863.14635236288,2106.43778796788,659.82435484238,459.966446089539,360600
9853.15731686546,6854.11704623329,2102.83967022246,658.436932232169,458.952906930576,360700
9841.65514071282,6845.37851747383,2099.24753728906,657.052376480609,457.94156595263,360800
9830.16563664388,6836.65060514937,2095.66137958514,655.670681799813,456.932418486412,360900
9818.68879204679,6827.93329735305,2092.09037595817,654.291842413207,455.925459872275,361000
9807.22459431969,6819.22658218939,2088.5341104534,652.915852555506,454.920685460193,361100
9795.77303087073,6810.5304477743,2084.98373026206,651.542706472698,453.918090609741,361200
9784.33408911805,6801.84488223509,2081.43922601178,650.172398422022,452.917670690078,361300
9772.90775648977,6793.1698737104,2077.90058834425,648.80492267194,451.919421079925,361400
9761.494020424,6784.50541035024,2074.3678079152,647.440273502129,450.923337167548,361500
9750.09286836885,6775.85148031601,2070.84087539438,646.078445203447,449.929414350739,361600
9738.70428778239,6767.20807178041,2067.31978146554,644.71943207792,448.937648036797,361700
9727.32826613269,6758.57517292753,2063.8045168264,643.36322843872,447.948033642512,361800
9715.96479089778,6749.95277195276,2060.29507218867,642.009828610141,446.960566594136,361900
9704.61384956567,6741.34085706284,2056.79143827798,640.659226927582,445.97524232738,362000
9693.27542963434,6732.73941647582,2053.29360583391,639.311417737527,444.992056287379,362100
9681.94951861176,6724.14843842106,2049.80156560993,637.966395397518,444.011003928687,362200
9670.63610401582,6715.56791113926,2046.31530837341,636.624154276141,443.03208071525,362300
9659.33517337442,6706.99782288239,2042.83482490557,635.284688753003,442.055282120389,362400
9648.04671422539,6698.43816191373,2039.3601060015,633.947993218711,441.080603626783,362500
9636.77071411653,6689.88891650784,2035.89114247013,632.614062074851,440.10804072645,362600
9625.5071606056,6681.31113262915,2032.42792513417,631.283854760233,439.137588920727,362700
9614.25604126031,6672.61701081759,2028.97044483015,629.957720457621,438.169243720252,362800
9603.01734365829,6663.93369660932,2025.51869240839,628.634324236297,437.203444830923,362900
9591.79105538717,6655.2611775357,2022.07265873293,627.313660571159,436.239828542182,363000
9580.57716404448,6646.59944114055,2018.58096748508,625.995723947903,435.278303080693,363100
9569.37565723771,6637.94847498013,2015.081027283,624.680508863005,434.318864001926,363200
9558.18652258428,6629.30826662314,2011.58700452036,623.368009823698,433.361506870532,363300
9547.00974771157,6620.67880365072,2008.0988895445,622.058221347951,432.406227260335,363400
9535.84532025685,6612.06007365639,2004.61667271765,620.751137964456,431.453020754311,363500
9524.69322786734,6603.45206424613,2001.15358286277,619.446754212599,430.501882944563,363600
9513.5534582002,6594.85476303827,1997.75254176549,618.145064642444,429.552809432314,363700
9502.42599892251,6586.2681576636,1994.35713020965,616.846063814717,428.605795827879,363800
9491.31083771124,6577.69223576524,1990.9673392225,615.549746300777,427.660837750654,363900
9480.20796225331,6569.1269849987,1987.5831598448,614.256106682606,426.717930829094,364000
9469.11736024556,6560.57239303189,1984.20458313075,612.965139552783,425.777070700696,364100
9458.03901939471,6552.02844754504,1980.83160014802,611.676839514466,424.838253011981,364200
9446.97292741741,6543.49513623076,1977.46420197771,610.391201181371,423.901473418476,364300
9435.91907204022,6534.97244679398,1974.10237971434,609.108219177755,422.966727584699,364400
9424.87744099959,6526.46036695201,1970.74612446581,607.827888138394,422.034011184133,364500
9413.84802204187,6517.95888443445,1967.39542735343,606.550202708565,421.10331989922,364600
9402.83080292331,6509.46798698321,1964.05027951183,605.275157544022,420.174649421333,364700
9391.82577141007,6500.98766235256,1960.71067208901,604.002747310986,419.247995450762,364800
9380.83291527818,6492.51789830903,1957.37659624629,602.745150350151,418.323353696698,364900
9369.85222231357,6484.05868263146,1954.04804315828,601.490544441761,417.400719877212,365000
9358.88368031204,6475.61000311097,1950.7250040129,600.238504961064,416.480089719241,365100
9347.92727707928,6467.17184755097,1947.40873113312,598.989026778117,415.561458958567,365200
9336.98300043088,6458.74420376713,1944.118918329,597.742104772907,414.644823339799,365300
9326.05083819227,6450.32705958737,1940.83451769069,596.497733835332,413.730178616362,365400
9315.13077819876,6441.92040285189,1937.55552064604,595.255908865178,412.817520550469,365500
9304.22280829556,6433.52422141313,1934.2819186357,594.016624772112,411.906844913114,365600
9293.32691633771,6425.13850313572,1931.01370311312,592.779876475649,410.998147484046,365700
9282.44309019012,6416.7632358966,1927.75086554449,591.545658905148,410.091424051757,365800
9271.57131772758,6408.39840758485,1924.48123398741,590.313966999786,409.186670413463,365900
9260.71158683472,6400.0440061018,1921.20563781532,589.084795708536,408.283882375085,366000
9249.86388540602,6391.7603702168,1917.9354738764,587.858139990163,407.383055751235,366100
9239.02820134582,6383.57912172355,1914.67073348967,586.633994813188,406.484186365195,366200
9228.20452256831,6375.40787008708,1911.4114079873,585.412355155888,405.587270048904,366300
9217.39283699751,6367.24660398671,1908.13773680194,584.193216006261,404.692302642935,366400
9206.59313256729,6359.09531211279,1904.8639001144,582.976572362021,403.799279996483,366500
9195.80539722136,6350.95398316674,1901.59553890754,581.762419230575,402.908197967347,366600
9185.02961891326,6342.822605861,1898.33264434967,580.550751629002,402.019052421909,366700
9174.26578560636,6334.70116891905,1895.07520762261,579.341564584042,401.131839235121,366800
9163.51388527385,6326.58966107539,1891.8232199216,578.134853132072,400.246554290488,366900
9152.77390589876,6318.48807107556,1888.57667245533,576.930612319093,399.363193480047,367000
9142.04583547394,6310.39638767607,1885.3355564459,575.728837200708,398.481752704354,367100
9131.32966200205,6302.31459964448,1882.09986312884,574.529522842105,397.602227872465,367200
9120.62537349556,6294.24269575932,1878.88016213156,573.332664318045,396.72461490192,367300
9109.93295797676,6286.18066481012,1875.68971196477,572.138256712834,395.848909718725,367400
9099.25240347775,6278.1284955974,1872.50454097337,570.946295120316,394.975108257336,367500
9088.57693375658,6270.08617693265,1869.3246407384,569.756774643848,394.103206460643,367600
9077.9064054869,6262.05369763831,1866.1500028536,568.569690396283,393.23320027995,367700
9067.24773457898,6254.03104654782,1862.98061892537,567.38503749996,392.365085674962,367800
9056.60090905028,6246.01821250555,1859.81648057276,566.202811086673,391.498858613765,367900
9045.9659169281,6238.01518436682,1856.65757942746,565.023006297669,390.634515072812,368000
9035.3427462496,6230.02195099789,1853.50390713376,563.845618283615,389.772051036905,368100
9024.73138506183,6222.03850127598,1850.35545534856,562.670642204595,388.911462499178,368200
9014.13182142163,6214.0648240892,1847.21221574133,561.498073230081,388.052745461081,368300
9003.54404339576,6206.10090833659,1844.07417999411,560.327906538923,387.195895932362,368400
8992.96803906077,6198.14674292812,1840.94133980149,559.160137319328,386.340909931053,368500
8982.40379650309,6190.20231678465,1837.81368687058,557.994760768843,385.487783483454,368600
8971.85130381898,6182.26761883795,1834.69121292101,556.831772094341,384.636512624109,368700
8961.31054911452,6174.34263803066,1831.57390968489,555.671166511998,383.7870933958,368800
8950.78152050564,6166.42736331632,1828.46176890682,554.512939247279,382.939521849523,368900
8940.2642061181,6158.52178365934,1825.35478234385,553.357085534925,382.093794044476,369000
8929.75859408746,6150.62588803501,1822.2529417655,552.203600618925,381.249906048039,369100
8919.26467255914,6142.73966542948,1819.15623895368,551.05247975251,380.40785393576,369200
8908.78242968835,6134.86310483974,1816.06466570272,549.903718198129,379.56763379134,369300
8898.31185364011,6126.99619527365,1812.97821381937,548.757311227435,378.729241706612,369400
8887.85293258928,6119.13892574989,1809.89687512272,547.613254121268,377.892673781529,369500
8877.40565472049,6111.19104909915,1806.82064144423,546.471542169632,377.057926124145,369600
8866.97000822821,6103.20424446874,1803.74950462771,545.332170671689,376.224994850603,369700
8856.54598131669,6095.22743246494,1800.68000017722,544.195134935733,375.393876085114,369800
8846.13356219996,6087.2606014335,1797.6099467852,543.060430279176,374.564565959942,369900
8835.73273910188,6079.3037397321,1794.54499661541,541.92805202853,373.737060615389,370000
8825.34350025608,6071.35683573028,1791.48514148477,540.797995519394,372.911356199781,370100
8814.96583390596,6063.53417908445,1788.43037322263,539.670256096434,372.087448869447,370200
8804.59972830472,6055.85979752775,1785.38068367073,538.544829113362,371.265334788705,370300
8794.30433518879,6048.19468819642,1782.33606468318,537.42170993293,370.445010129849,370400
8784.2430854482,6040.53884070904,1779.2965081265,536.300893926901,369.626471073131,370500
8774.19270842513,6032.89224469425,1776.26200587951,535.182376476042,368.809713806739,370600
8764.1531934849,6025.25488979068,1773.23254983341,534.066152970103,367.994734526795,370700
8754.12453000116,6017.62676564696,1770.20813189167,532.952218807797,367.181529437324,370800
8744.10670735593,6010.00786192174,1767.18874397009,531.840569396793,366.370094750248,370900
8734.09971493953,6002.39816828366,1764.17437799674,530.731200153689,365.560426685368,371000
8724.10354215065,5994.79767441134,1761.16502591196,529.624106504001,364.752521470345,371100
8714.11817839627,5987.20636999339,1758.16067966833,528.519283882144,363.946375340689,371200
8704.14361309172,5979.62424472841,1755.16133123067,527.416727731419,363.14198453974,371300
8694.17983566065,5972.01270056389,1752.16697257601,526.316433503993,362.339345318652,371400
8684.22683553503,5964.37315499248,1749.17610790208,525.218396660883,361.538453936382,371500
8674.28460215516,5956.74295064123,1746.18768352364,524.122612671942,360.739306659667,371600
8664.35312496964,5949.12207689661,1743.204238613,523.029077015838,359.941899763015,371700
8654.43239343541,5941.51052315553,1740.22576516186,521.937785180041,359.146229528686,371800
8644.52239701768,5933.9082788254,1737.2522551741,520.84873266081,358.352292246678,371900
8634.62312519003,5926.31533332407,1734.28370066578,519.761914963167,357.560084214708,372000
8624.7345674343,5918.73167607984,1731.32009366517,518.677327600889,356.769601738203,372100
8614.85671324067,5911.15729653147,1728.36142621265,517.594966096487,355.980841130279,372200
8604.98955210758,5903.59218412816,1725.40769036074,516.514825981196,355.193798711727,372300
8595.13307354181,5896.03632832953,1722.45887817409,515.43690279495,354.408470810999,372400
8585.28726705842,5888.48971860564,1719.51498172945,514.361192086373,353.62485376419,372500
8575.45212218077,5880.95234443696,1716.57599311565,513.287689412759,352.842943915026,372600
8565.61524973659,5873.42419531437,1713.64190443359,512.216390340055,352.062737614848,372700
8555.38984627764,5865.8962729775,1710.71229113834,511.147290442852,351.284231222591,372800
8545.17603594269,5858.3583667916,1707.74483228087,510.080385304357,350.507421104778,372900
8535.06064235124,5850.82972689842,1704.772570139,509.01567051639,349.732303635499,373000
8525.36708306842,5843.31034269578,1701.80535986687,507.953141679358,348.958875196395,373100
8515.68392137372,5835.80020359203,1698.8431931594,506.892794402242,348.187132176649,373200
8506.01114717529,5828.29929900614,1695.88606172446,505.834624302584,347.417070972962,373300
8496.34875038914,5820.80761836761,1692.9339572829,504.778627006468,346.648687989547,373400
8486.69672093909,5813.27683340638,1689.98687156853,503.724798148502,345.881979638105,373500
8477.05504875685,5805.65398273544,1687.04479632807,502.67313337181,345.116942337819,373600
8467.42372378194,5798.04071291917,1684.10772332116,501.623628328006,344.35357251533,373700
8457.80273596173,5790.43701270446,1681.17564432032,500.576278677186,343.59186660473,373800
8448.19207525142,5782.84287084985,1678.24855111096,499.531080087906,342.831821047543,373900
8438.59173161404,5775.2582761255,1675.32643549133,498.488028237175,342.073432292708,374000
8429.00169502048,5767.68321731325,1672.40928927252,497.447118810427,341.31669679657,374100
8419.42195544941,5760.11768320653,1669.49710427844,496.408347501518,340.561611022859,374200
8409.85250288737,5752.56166261041,1666.58987234579,495.371710012701,339.80817144268,374300
8400.29332732872,5745.01514434156,1663.68758532407,494.337202054613,339.056374534496,374400
8390.74441877561,5737.47811722825,1660.79023507551,493.304819346263,338.306216784111,374500
8381.20576723805,5729.95057011034,1657.89781347512,492.274557615009,337.55769468466,374600
8371.67736273384,5722.43249183928,1655.01031241061,491.24641259655,336.810804736589,374700
8362.15919528862,5714.9238712781,1652.1277237824,490.220380034908,336.065543447648,374800
8352.65125493582,5707.42469730136,1649.26961295641,489.196455682406,335.321907332866,374900
8343.09638766513,5699.93495879523,1646.4396638164,488.174635299665,334.579892914545,375000
8333.54936404947,5692.45464465738,1643.614453652,487.154914655575,333.839496722242,375100
8324.01267352469,5684.98374379706,1640.79397479503,486.137289527293,333.100715292751,375200
8314.48630593561,5677.57333715049,1637.97821958907,485.121755700213,332.363545170098,375300
8304.97025113514,5670.38392590549,1635.16718038949,484.108308967965,331.627982905515,375400
8295.46449898427,5663.20321681594,1632.36084956338,483.096945132389,330.894025057434,375500
8285.96903935209,5656.00598757641,1629.55921948959,482.087660003524,330.161668191468,375600
8276.48386211573,5648.80739398158,1626.76228255865,481.080449399594,329.430908880398,375700
8267.00895716046,5641.61756598885,1623.97003117281,480.075309146987,328.70174370416,375800
8257.54431437957,5634.43649366298,1621.182457746,479.072235080248,327.974169249827,375900
8248.08992367445,5627.26416707855,1618.40849848363,478.071223042057,327.248182111597,376000
8238.64577495458,5620.10057631993,1615.6525941651,477.072268883215,326.52377889078,376100
8229.21185813746,5612.89014180735,1612.9012689824,476.075368462633,325.800956195781,376200
8219.78816314868,5605.37757176055,1610.15451558592,475.080517647311,325.079710642088,376300
8210.37467992191,5597.87466494918,1607.41232663719,474.087712312327,324.360038852253,376400
8200.97139839885,5590.38140969877,1604.67469480895,473.096948340818,323.641937455885,376500
8191.56619618277,5582.89779434744,1601.94161278509,472.108221623972,322.92540308963,376600
8182.16739619072,5575.42380724591,1599.21307326064,471.121528061005,322.210432397159,376700
8172.77880457853,5567.95943675744,1596.48906894178,470.136863559148,321.497022029156,376800
8163.40041125958,5560.50467125788,1593.76959254579,469.154224033637,320.785168643298,376900
8153.89568256041,5553.0594991356,1591.05463680104,468.173605407691,320.074868904248,377000
8144.31107965172,5545.62390879153,1588.34773919499,467.195003612502,319.366119483633,377100
8134.73717141371,5538.19788863912,1585.62183427633,466.218414587219,318.658134063287,377200
8125.17394692221,5530.78142710435,1582.89128427758,465.243834278929,317.943641815983,377300
8115.62139526233,5523.37451262569,1580.16532671772,464.271258642651,317.230729313943,377400
8106.07950552845,5515.97713365412,1577.44395412501,463.300683641309,316.519393126787,377500
8096.54826682423,5508.58927865311,1574.72715903925,462.332105245731,315.809629831404,377600
8087.02766826259,5501.21093609859,1572.01493401183,461.365519434621,315.101436011945,377700
8077.51769896573,5493.95412249154,1569.30727160564,460.400922194554,314.394808259796,377800
8068.01834806509,5486.74388659021,1566.60416439509,459.438309519956,313.689743173576,377900
8058.5296047014,5479.54273097389,1563.90969651376,458.477677413091,312.986237359111,378000
8049.05145802461,5472.3506449322,1561.24177566828,457.519021884047,312.284287429428,378100
8039.58389719394,5465.16761776599,1558.57829728812,456.562338950718,311.583890004734,378200
8030.12691137784,5457.98422130461,1555.91925422359,455.602395868872,310.885041712407,378300
8020.68048975403,5450.78584498163,1553.26463933594,454.641886880524,310.187739186976,378400
8011.24462150943,5443.59658225919,1550.61444549733,453.683371171436,309.491979070107,378500
8001.81929584023,5436.416422321,1547.96866559083,452.72684468964,308.797758010594,378600
7992.4045019518,5429.24535436215,1545.31864880573,451.772303391175,308.105072664336,378700
7983.00022905877,5422.08336758914,1542.6549995966,450.819743240077,307.413919694329,378800
7973.606466385,5414.93045121985,1539.99583442091,449.869160208355,306.724295770648,378900
7964.22320316353,5407.78659448357,1537.34114597594,448.920550275982,306.036197570435,379000
7954.85042863664,5400.65178662092,1534.6909269703,447.973909430877,305.349621777882,379100
7945.48813205581,5393.52601688392,1532.04517012389,447.029233668893,304.664565084217,379200
7936.13630268172,5386.40927453592,1529.40386816792,446.086518993798,303.981024187692,379300
7926.78674391356,5379.30154885163,1526.76701384482,445.145761417261,303.298995793564,379400
7917.4465606704,5372.20282911709,1524.13459990833,444.206956958843,302.618476614087,379500
7908.11683394836,5365.11310462967,1521.50661912337,443.27010164597,301.93946336849,379600
7898.79755300946,5358.03236469805,1518.88306426611,442.33519151393,301.261952782971,379700
7889.48870712493,5350.96059864222,1516.26392812394,441.402222605852,300.585941590673,379800
7880.19028557524,5343.89779579348,1513.6492034954,440.471190972691,299.91142653168,379900
7870.90227765009,5336.84394549442,1511.03888319022,439.542092673213,299.238404352995,380000
7861.62467264838,5329.79903709891,1508.4329600293,438.614923773986,298.566871808531,380100
7852.35745987824,5322.76305997208,1505.83142684465,437.689680349357,297.89682565909,380200
7843.10062865697,5315.73600349034,1503.23427647944,436.766358481442,297.22826267236,380300
7833.85416831112,5308.71785704135,1500.6415017879,435.844954260109,296.561179622886,380400
7824.61806817643,5301.70861002402,1498.05309563541,434.925463782966,295.895573292072,380500
7815.3923175978,5294.70825184849,1495.46905089839,434.007883155344,295.231440468153,380600
7806.17690592937,5287.71677193612,1492.88936046432,433.092208490282,294.568777946191,380700
7796.97182253443,5280.73415971952,1490.31401723174,432.178435908514,293.907582528054,380800
7787.77705678548,5273.76040464247,1487.74301411021,431.266561538455,293.247851022405,380900
7778.59259806417,5266.79549615999,1485.17634402031,430.356581516182,292.58958024469,381000
7769.41843576134,5259.83942373826,1482.61399989361,429.448491985427,291.932767017121,381100
7760.25455927699,5252.89217685465,1480.05597467266,428.542289097552,291.277408168662,381200
7751.1009580203,5245.95374499773,1477.50226131099,427.637969011545,290.623500535016,381300
7741.95762140959,5239.02411766719,1474.95285277307,426.735527893999,289.971040958615,381400
7732.82453887236,5232.10328437391,1472.4077420343,425.834961919101,289.320026288597,381500
7723.70169984524,5225.19123463991,1469.86692208101,424.936267268613,288.670453380802,381600
7714.58909377401,5218.28795799834,1467.33038591042,424.039440131863,288.022319097751,381700
7705.48671011362,5211.39344399348,1464.79812653065,423.144476705728,287.375620308637,381800
7696.3945383281,5204.50768218075,1462.2701369607,422.251373194619,286.730353889309,381900
7687.31256789067,5197.63066212665,1459.7464102304,421.360125810467,286.086516722258,382000
7678.24078828366,5190.7623734088,1457.22693938043,420.470730772711,285.444105696605,382100
7669.17918899851,5183.9028056159,1454.71171746232,419.583184308279,284.803117708084,382200
7660.12775953581,5177.05194834776,1452.20073753837,418.697482651577,284.163549659034,382300
7651.08648940524,5170.20979121523,1449.69399268171,417.813622044479,283.525398458381,382400
7642.0553681256,5163.37632384025,1447.19147597622,416.931598736302,282.888661021624,382500
7633.03438522481,5156.55153585582,1444.69318051656,416.051408983799,282.253334270826,382600
7624.02353023986,5149.73541690596,1442.19909940814,415.173049051148,281.619415134595,382700
7615.02279271688,5142.92795664576,1439.71535367406,414.296515209928,280.986900548074,382800
7606.03216221105,5136.12914474132,1437.23706501702,413.421803739113,280.355787452927,382900
7597.05162828668,5129.33897086976,1434.76294456174,412.548910925057,279.726072797325,383000
7588.08118051714,5122.55742471924,1432.29298552113,411.677833061475,279.097753535931,383100
7579.12080848489,5115.78449598888,1429.82718111862,410.808566449435,278.470826629892,383200
7570.17050178145,5109.02017438882,1427.36552458815,409.941107397339,277.845289046818,383300
7561.23025000743,5102.26444964019,1424.90800917418,409.075452220912,277.221137760776,383400
7552.30004277249,5095.51731147509,1422.45462813162,408.211597243188,276.598369752273,383500
7543.37986969537,5088.77874963656,1420.00537472587,407.349538794495,275.97698200824,383600
7534.46972040386,5082.04875387864,1417.5602422328,406.48927321244,275.356971522025,383700
7525.56958453479,5075.3273139663,1415.11922393869,405.6307968419,274.738335293376,383800
7516.67945173406,5068.61441967543,1412.68231314027,404.774106035,274.121070328429,383900
7507.7993116566,5061.91006079289,1410.24950314465,403.919197151107,273.505173639692,384000
7498.92915396638,5055.21422711644,1407.82078726936,403.066066556813,272.890642246037,384100
7490.06896833641,5048.52690845475,1405.42761152851,402.214710625919,272.277473172681,384200
7481.21874444872,5041.84809462739,1403.07307744096,401.365125739425,271.66566345118,384300
7472.37847199438,5035.17777546485,1400.72239609658,400.517308285515,271.055210119407,384400
7463.54814067347,5028.51594080849,1398.37556139783,399.671254659542,270.446110221548,384500
7454.72774019509,5021.86258051053,1396.03256725632,398.826961264016,269.838360808083,384600
7445.91726027736,5015.21768443409,1393.69340759284,397.98442450859,269.231958935775,384700
7437.11669064739,5008.58124245313,1391.35807633733,397.143640810043,268.626901667656,384800
7428.3260210413,5001.95324445246,1389.02656742886,396.304606592273,268.023186073016,384900
7419.54524120422,4995.33368032773,1386.69887481561,395.467318286279,267.42080922739,385000
7410.77434089024,4988.72253998544,1384.37499245489,394.631772330147,266.819768212541,385100
7402.01330986249,4982.11981334289,1382.05491431311,393.797965169037,266.220060116453,385200
7393.26213789304,4975.52549032821,1379.74466299868,392.965893255173,265.621682033315,385300
7384.52081476295,4968.93956088032,1377.44558451123,392.135553047824,265.024631063507,385400
7375.78933026227,4962.36201494895,1375.15024624882,391.306941013293,264.428904313591,385500
7367.06767419,4955.79284249462,1372.85864232948,390.480053624907,263.834498896294,385600
7358.35583635414,4949.23203348861,1370.57076688,389.654887362997,263.2414119305,385700
7349.65380657159,4942.67957791298,1368.28661403598,388.831438714887,262.64964054123,385800
7340.96157466827,4936.13546576055,1366.00617794175,388.009704174886,262.05918185964,385900
7332.27913047901,4929.5996870349,1363.72945275042,387.189680244266,261.470033022997,386000
7323.6064638476,4923.07223175033,1361.4564326238,386.371363431255,260.882191174674,386100
7314.94356462679,4916.5530899319,1359.18711173246,385.55475025102,260.295653464135,386200
7306.29042267823,4910.04225161538,1356.92148425568,384.739837225657,259.710417046922,386300
7297.64702787254,4903.53970684725,1354.65954438142,383.926620884174,259.126479084643,386400
7289.01337008926,4897.0454456847,1352.40128630635,383.11509776248,258.543836744959,386500
7280.38943921681,4890.55945819563,1350.14670423582,382.305264403375,257.962487201572,386600
7271.77522515259,4884.08173445861,1347.87540476613,381.497117356528,257.382427634213,386700
7263.17071780289,4877.61226456291,1345.58113288116,380.690653178473,256.803655228628,386800
7254.5759070829,4871.15103860846,1343.29067638668,379.885868432591,256.226167176567,386900
7245.99078291672,4864.69804670583,1341.00402914034,379.082759689097,255.64996067577,387000
7237.41533523735,4858.2532789763,1338.72118500922,378.281323525028,255.075032929956,387100
7228.8495539867,4851.81672555172,1336.4421378698,377.481556524232,254.501381148811,387200
7220.29342911556,4845.38837657465,1334.16688160796,376.68345527735,253.929002547974,387300
7211.74695058359,4838.96822219821,1331.89541011894,375.887016381808,253.357894349027,387400
7203.21010835935,4832.55625258617,1329.62771730739,375.092236441799,252.78805377948,387500
7194.68289242027,4826.15245791292,1327.36379708726,374.299112068276,252.219478072759,387600
7186.16529275265,4819.75682836342,1325.10364338188,373.507639878932,251.652164468198,387700
7177.65729935167,4813.36935413324,1322.84725012389,372.717816498195,251.086110211021,387800
7169.15890222135,4806.99002542851,1320.59461125525,371.929638557209,250.521312552332,387900
7160.6700913746,4800.61883246597,1318.34572072721,371.143102693822,249.957768749106,388000
7152.19085683314,4794.25576547288,1316.10057250034,370.358205552575,249.395476064171,388100
7143.72118862756,4787.90081468709,1313.85916054443,369.574943784689,248.8344317662,388200
7135.2610767973,4781.55397035697,1311.62147883859,368.793314048053,248.2746331297,388300
7126.81051139063,4775.21522274144,1309.38752137113,368.013313007206,247.716077434993,388400
7118.36948246466,4768.88456210995,1307.15728213962,367.234937333332,247.158761968214,388500
7109.9379800853,4762.56197874245,1304.93075515085,366.458183704241,246.60268402129,388600
7101.51599432733,4756.24746292942,1302.70793442082,365.683048804358,246.047840891933,388700
7093.10351527432,4749.94100497184,1300.48267337155,364.909529324713,245.494229883627,388800
7084.70053301866,4743.64259518117,1298.25897338751,364.137621962926,244.941848305614,388900
7076.30703766153,4737.35222387936,1296.03899005319,363.367323423193,244.390693472887,389000
7067.92301931296,4731.06988139883,1293.82271735042,362.598630416276,243.840762706172,389100
7059.54846809174,4724.79555808248,1291.61014927032,361.83153965949,243.29205333192,389200
7051.18337412548,4718.52924428364,1289.40127981331,361.066047876688,242.744562682294,389300
7042.82772755055,4712.27093036611,1287.18888013486,360.302151798251,242.198288095158,389400
7034.48151851214,4706.02060670412,1284.97019393845,359.539848161077,241.653226914063,389500
7026.1447371642,4699.77826368233,1282.75524789,358.779133708562,241.109376488239,389600
7017.81737366945,4693.54389169582,1280.54403587608,358.020005190595,240.566734172579,389700
7009.49941819941,4687.31748115009,1278.33655179285,357.262459363541,240.02529732763,389800
7001.19086093434,4681.09902246103,1276.13278954598,356.506492990231,239.48506331958,389900
6992.89169206325,4674.88850605493,1273.93274305066,355.752102839944,238.946029520247,390000
6984.60190178396,4668.68592236847,1271.73640623158,354.999285688407,238.408193307067,390100
6976.32148030297,4662.49126184869,1269.54377302294,354.248038317766,237.871552063084,390200
6968.05041783559,4656.30451495302,1267.3548373684,353.498357516588,237.336103176934,390300
6959.78870460583,4650.12567214924,1265.16959322109,352.750240079841,236.801844042838,390400
6951.53633084646,4643.95472391547,1262.9880345436,352.003682808883,236.268772060588,390500
6943.29328679896,4637.79166074017,1260.81015530793,351.258682511452,235.736884635537,390600
6935.05956271356,4631.63647312215,1258.63594949553,350.515236001651,235.206179178585,390700
6926.83514884919,4625.48915157054,1256.46541109725,349.773340099937,234.676653106171,390800
6918.62003547353,4619.34968660476,1254.29853411333,349.032991633108,234.148303840258,390900
6910.41421286294,4613.21806875456,1252.1353125534,348.294187434292,233.621128808324,391000
6902.2176713025,4607.09428855998,1249.97574043645,347.556924342936,233.095125443348,391100
6894.030401086,4600.97833657134,1247.81981179083,346.821199204788,232.570291183802,391200
6885.8523925159,4594.87020334925,1245.66752065423,346.087008871893,232.046623473637,391300
6877.68363590339,4588.76987946458,1243.51886107366,345.354350202575,231.524119762272,391400
6869.52412156833,4582.67735549846,1241.37382710547,344.623220061426,231.002777504585,391500
6861.37383983926,4576.59262204229,1239.23241281527,343.893615319297,230.482594160897,391600
6853.2327810534,4570.51566969769,1237.09461227798,343.165532853281,229.963567196966,391700
6845.10093555664,4564.44648907653,1234.9604195778,342.438969546707,229.44569408397,391800
6836.97829370356,4558.3850708009,1232.82982880818,341.713922289121,228.928972298503,391900
6828.86484585738,4552.3314055031,1230.70283407181,340.990387976281,228.413399322556,392000
6820.76058238997,4546.28548382565,1228.57942948063,340.268363510138,227.898972643511,392100
6812.66549368188,4540.24729642125,1226.45960915578,339.547845798831,227.385689754129,392200
6804.57957012229,4534.21683395283,1224.34336722761,338.828831756672,226.873548152536,392300
6796.50280210904,4528.19408709345,1222.23069783568,338.111318304131,226.362545342215,392400
6788.4351800486,4522.17904652637,1220.12159512871,337.39530236783,225.852678831994,392500
6780.37669435606,4516.17170294502,1218.01605326459,336.680780880526,225.343946136034,392600
6772.32733545516,4510.17204705298,1215.91406641037,335.967750781104,224.83634477382,392700
6764.28709377826,4504.18006956395,1213.81562874223,335.256209014561,224.329872270147,392800
6756.25595976632,4498.1957612018,1211.72073444548,334.546152531995,223.824526155109,392900
6748.23392386893,4492.21911270052,1209.62937771454,333.837578290598,223.320303964094,393000
6740.22097654429,4486.38446282447,1207.54155275293,333.130483253636,222.817203237765,393100
6732.2171082592,4480.61177509848,1205.45725377327,332.424864390443,222.315221522052,393200
6724.22230948905,4474.6440968836,1203.37647499722,331.72071867641,221.814356368144,393300
6716.23657071785,4468.68407940948,1201.29921065553,331.018043092968,221.314605332473,393400
6708.25988243818,4462.73171338559,1199.22545498798,330.316834627582,220.815965976708,393500
6700.29223515118,4456.78698953161,1197.1552022434,329.617090273736,220.31843586774,393600
6692.33361936663,4450.84989857739,1195.08844667961,328.918807030924,219.822012577675,393700
6684.38402560282,4444.920431263,1193.02518256346,328.221981904635,219.326693683818,393800
6676.44344438664,4438.99857833863,1190.96540417079,327.526611906343,218.832476768668,393900
6668.51186625356,4433.08433056469,1188.90910578642,326.832694053498,218.339359419902,394000
6660.58928174758,4427.20990028895,1186.85628170414,326.140225369509,217.84733923037,394100
6652.67568142126,4421.34971635976,1184.80692622667,325.449202883739,217.356413798077,394200
6644.77105583572,4415.49700617349,1182.7610336657,324.759623631487,216.866580726179,394300
6636.87539556061,4409.79712217855,1180.71859834185,324.071484653984,216.377837622968,394400
6628.98869117413,4404.11648442222,1178.67961458462,323.384782998371,215.890182101863,394500
6621.11093326301,4398.44288178857,1176.64407673245,322.699515717701,215.4036117814,394600
6613.2421124225,4392.77630608623,1174.61197913265,322.015679870915,214.918124285219,394700
6605.38221925639,4387.11674913235,1172.58331614142,321.333272522838,214.433717242056,394800
6597.53124437698,4381.46420275262,1170.55808212379,320.652290744167,213.95038828573,394900
6589.68917840509,4375.81865878126,1168.53627145367,319.972731611457,213.468135055135,395000
6581.85601197004,4370.18010906098,1166.51787851381,319.29459220711,212.986955194226,395100
6574.03173570964,4364.54854544302,1164.52174146991,318.617869619367,212.506846352013,395200
6566.21634027024,4358.92395978715,1162.53106818005,317.942560942295,212.027806182546,395300
6558.40981630665,4353.30634396158,1160.54372354615,317.268663275772,211.549832344907,395400
6550.61215448217,4347.69568984305,1158.55970216952,316.596173725481,211.072922503198,395500
6542.8233454686,4342.09198931677,1156.57899865986,315.925089402897,210.597074326534,395600
6535.04337994621,4336.49523427643,1154.60160763519,315.255407425277,210.122285489029,395700
6527.27224860373,4330.90541662418,1152.6275237219,314.587124915643,209.648553669784,395800
6519.50994213839,4325.32252827066,1150.65674155472,313.920239002781,209.175876552883,395900
6511.75645125586,4319.74656113493,1148.68925577669,313.254746821219,208.704251827377,396000
6504.01176667025,4314.17750714451,1146.72506103916,312.590645511224,208.233677187276,396100
6496.27587910418,4308.61535823538,1144.76415200179,311.927932218789,207.764150331536,396200
6488.54877928865,4303.06010635193,1142.80567408877,311.266604095617,207.295668964055,396300
6480.83045796316,4297.511743447,1140.83137679878,310.606658299117,206.828230793655,396400
6473.12090587562,4291.97026148183,1138.86041814581,309.94809199239,206.361833534077,396500
6465.42011378236,4286.43565242609,1136.89977000918,309.290902344215,205.896474903967,396600
6457.72807244819,4280.90790825786,1134.94535133714,308.635086529043,205.432152626872,396700
6450.04477264627,4275.3870209636,1132.99422123592,307.980641726984,204.968864431221,396800
6442.37020515823,4269.87298253819,1131.06011888352,307.327565123795,204.506608050321,396900
6434.70436077409,4264.36578498488,1129.1392099814,306.675853910871,204.045381222346,397000
6427.0472302923,4258.8654203153,1127.22588651894,306.025505285231,203.585181690325,397100
6419.39880451968,4253.37188054947,1125.31573381644,305.376516449512,203.126007202134,397200
6411.75907427147,4247.88515771576,1123.40874677876,304.728884611954,202.667855510484,397300
6404.1280303713,4242.4052438509,1121.50492031862,304.082606986388,202.21072437291,397400
6396.50566365118,4236.93213099999,1119.60424935653,303.437680792233,201.754611551767,397500
6388.8919649515,4231.46581121646,1117.70672882082,302.794103254476,201.299514814211,397600
6381.28692512103,4226.00627656208,1115.80411882187,302.151871603665,200.845431932196,397700
6373.69053501691,4220.55351910695,1113.90334919671,301.510983075901,200.392360682462,397800
6366.10278550466,4215.10753092952,1112.0057473176,300.871434912821,199.940298846522,397900
6358.52366745814,4209.66830411653,1110.11130806277,300.233224361593,199.489244210657,398000
6350.95317175958,4204.23583076305,1108.22002631835,299.596348674903,199.039194565903,398100
6343.39128929956,4198.81010297243,1106.33189697842,298.960805110944,198.59014770804,398200
6335.838010977,4193.39111285636,1104.44691494492,298.326590933405,198.142101437587,398300
6328.29332769915,4187.97172709136,1102.5650751277,297.693703411463,197.695053559786,398400
6320.75723038163,4182.53562114596,1100.68637244447,297.062139819768,197.249001884596,398500
6313.22970994836,4177.10630995726,1098.81080182081,296.431897438438,196.803944226683,398600
6305.7107573316,4171.68378551598,1096.93835819016,295.802973553042,196.359878405407,398700
6298.20036347192,4166.26803982139,1095.06903649377,295.175365454594,195.916802244818,398800
6290.69851931822,4160.85906488125,1093.20283168076,294.549070439542,195.474713573639,398900
6283.20521582769,4155.45685271183,1091.33973870804,293.924085809756,195.033610225262,399000
6275.72044396584,4150.06139533786,1089.47975254034,293.300408872517,194.593490037737,399100
6268.24419470647,4144.67268479259,1087.62286815018,292.678036940508,194.154350853759,399200
6260.77645903168,4139.29071311771,1085.76908051787,292.056967331805,193.716190520662,399300
6253.31722793186,4133.91547236341,1083.91838463148,291.437197369863,193.279006890409,399400
6245.86649240569,4128.54695458832,1082.07077548686,290.818724383507,192.84279781958,399500
6238.42424346011,4123.18515185954,1080.22624808759,290.201545706922,192.407561169365,399600
6230.99047211035,4117.8300562526,1078.38479744501,289.585658679642,191.97329480555,399700
6223.56516937991,4112.48165985149,1076.54641857818,288.971060646543,191.539996598514,399800
6216.14832630054,4107.03061571454,1074.71110651388,288.357748957826,191.107664423215,399900
6208.73993391225,4101.48339747911,1072.87438405973,287.745720969011,190.67629615918,4e+05
6201.33998326333,4095.94341721881,1071.02859857759,287.134974040927,190.245889690497,400100
