"q95","q90","Median","q10","q5","Escapement"
0,0,0,0,0,0
935.095277585942,859.685901680214,628.564627062653,444.04169644345,394.098877259621,100
1865.05461468366,1715.00671931261,1254.28108085015,886.470348592879,786.810515105456,200
2789.91570299358,2565.93883923474,1877.1577143775,1327.19686466245,1178.13783504744,300
3709.68199704784,3412.26155316869,2497.20285887837,1766.15217846672,1568.08375312571,400
4624.37708990793,4254.11044168128,3114.58223159822,2203.42038331148,1956.47762940251,500
5534.01984899284,5091.5044134962,3729.19741817589,2639.01391893491,2343.3216681526,600
6438.62907936136,5924.45922320592,4340.66064020003,3073.32946256523,2728.6897207476,700
7338.22352390532,6752.99057591443,4949.37170243953,3504.99422600395,3112.58513488895,800
8232.82186354213,7577.11412738289,5555.26224159955,3935.44104448043,3495.01125153286,900
9122.4427174069,8396.84548417492,6158.21601198378,4364.23130758595,3875.97140490302,1000
10006.6117542174,9211.99079516254,6758.68881906566,4791.61681625457,4255.46892250339,1100
10885.5317140321,10022.7182768255,7356.6456748442,5217.3816476309,4633.50712513082,1200
11758.345721965,10828.6992717722,7951.17843774671,5641.52334109376,5010.08932688776,1300
12624.573541052,11630.9582180865,8543.22662916625,6063.691372651,5385.21883519488,1400
13485.8878785415,12429.2321855224,9132.81619228479,6484.02555167718,5758.89895080374,1500
14344.524844963,13223.0462220539,9719.99000534907,6902.67665488232,6131.13296780933,1600
15200.5931397121,14013.2342117205,10304.2491309891,7319.64873433127,6501.92417366268,1700
16052.3508916568,14799.4905353291,10885.4317946811,7734.94583343361,6871.27584918342,1800
16897.4197130386,15582.8723200604,11463.9963738368,8148.57198696103,7239.19126857231,1900
17736.6245633313,16361.42071616,12039.6104210536,8560.53122106457,7604.90059740742,2000
18571.341927371,17136.2000866482,12612.4445872106,8970.8275532919,7969.95446038112,2100
19403.2324449728,17907.4185675476,13182.9716472673,9379.46499260453,8333.80261562392,2200
20231.4395661729,18671.7602271262,13750.7804257051,9786.44753939497,8696.33478728426,2300
21056.592310994,19431.6413087562,14315.9213170986,10191.8099460247,9055.89103998361,2400
21877.3072607231,20187.0717057518,14878.7279360278,10596.0482190013,9413.88810723665,2500
22693.6273607631,20941.524221995,15439.0597357481,10998.709458789,9772.54120132497,2600
23503.8025590416,21690.6792752021,15995.9679567341,11399.7893521701,10127.9227508517,2700
24307.3150812239,22433.5053666872,16550.6398408219,11799.2788872141,10481.5296945796,2800
25106.213104741,23172.4926763481,17101.923475933,12196.5376177489,10833.7504672087,2900
25900.5138951989,23909.2486746088,17651.3537772425,12590.8456743492,11186.0203805236,3000
26690.2346610996,24642.1938462489,18198.9559350505,12984.3504960263,11539.1475349145,3100
27475.3925540174,25371.2124723435,18742.8729089182,13378.4593050577,11887.8507278299,3200
28256.0046687756,26096.269270668,19282.9504320283,13771.4922654115,12236.1755197801,3300
29032.0880436219,26817.130867337,19820.399196896,14160.4433922546,12584.9781657411,3400
29803.5866810241,27534.0172835613,20354.8904028388,14547.7729791088,12929.372904349,3500
30570.5758904957,28242.3966977484,20886.396309686,14932.5789751035,13271.3363752845,3600
31334.6689563211,28948.6262371507,21417.6905079437,15315.7304373844,13611.9242353364,3700
32094.389725439,29658.9668665103,21945.6637181859,15698.7250960515,13953.9069473339,3800
32849.6753156911,30356.3507719277,22469.4213964398,16080.6711348613,14294.7955656469,3900
33600.34856734,31054.4170313632,22991.2145823357,16460.3834652048,14634.3949750181,4000
34346.6688371456,31746.5620191766,23513.6076059101,16838.2716850655,14971.4825497383,4100
35088.6522630611,32434.3925470746,24031.6557666171,17214.90737151,15305.7565540501,4200
35829.0204640497,33118.3136751266,24546.7097115967,17589.9768007807,15638.677346569,4300
36569.5050238725,33798.3394472937,25058.4042727366,17961.2433343647,15970.183789495,4400
37305.9347544506,34473.5971671779,25566.5692410628,18332.1852807491,16300.2792683971,4500
38038.1037004223,35144.8767574432,26072.1356222794,18701.7394984568,16628.9671616802,4600
38752.847690486,35812.2650827072,26574.8329559398,19069.8634124809,16956.2508405996,4700
39458.6899464164,36475.7762949011,27073.5606329001,19436.4151377924,17282.1827357473,4800
40162.4491679168,37135.424500638,27572.3317729812,19801.3985306072,17607.0006846601,4900
40870.8124000479,37791.2237613487,28068.5730163346,20164.817438788,17932.8901062968,5000
41576.6790683873,38443.1880934161,28560.7697970754,20526.6757018609,18257.5344761062,5100
42280.7757262527,39091.3314683111,29055.2440294349,20886.9771510323,18580.864225761,5200
42976.8664227313,39735.6678127258,29547.3250272317,21245.7256092061,18902.8946463914,5300
43670.3774022546,40376.2110087084,30037.0197630766,21602.9248909999,19223.9515133055,5400
44356.1738867826,41012.9748937964,30522.7957266483,21958.5788027626,19543.1906416992,5500
45035.7933355131,41648.4765588573,31005.5557897645,22312.7869606227,19861.3839539319,5600
45709.9844022033,42281.9239333387,31485.1218939296,22668.1816048949,20178.3532354474,5700
46384.7319507058,42910.2887086235,31962.3539196955,23021.3946529539,20494.0035932955,5800
47055.1158361542,43526.8576878016,32436.4180373798,23367.390692563,20808.3474625458,5900
47723.0204065982,44140.4276942459,32906.4095403396,23715.3638464161,21121.4725245937,6000
48386.5913843475,44754.9620027899,33373.9077415703,24062.2193490058,21433.3375367633,6100
49045.7964809739,45365.6544516541,33838.9204585513,24407.7074847349,21743.9625275683,6200
49700.8245911998,45972.6767034485,34302.5447487682,24754.962431527,22051.8659010282,6300
50351.8690695546,46576.0422010646,34766.2791436675,25102.0875595046,22359.2763343384,6400
50998.6819096147,47175.2600043511,35228.4915876172,25447.8487403195,22666.9693316265,6500
51641.4824674859,47770.4760811504,35688.9225518905,25790.4594423925,22973.4405294232,6600
52286.7865806473,48362.0534512126,36145.8007676375,26128.1065055998,23278.2435282167,6700
52932.6621408669,48950.0055616148,36595.2393919971,26464.2550619231,23581.3452422541,6800
53570.7062231115,49536.165674785,37045.1225396758,26798.9088107807,23883.3489814431,6900
54195.3983861494,50121.4000972398,37490.1178139133,27132.0714435491,24184.2105476084,7000
54816.1370548151,50704.781929525,37935.9241336168,27463.7466435792,24483.8451635881,7100
55432.2846581808,51284.7354059971,38375.1909480136,27790.5347166599,24784.1026749147,7200
56047.8992539619,51861.1693239353,38811.2663658499,28123.1959648674,25084.5541374918,7300
56667.4969269037,52433.782053744,39248.5533869045,28448.6952244543,25382.6619157944,7400
57283.3736851375,52996.3624399789,39686.582638761,28772.9013212775,25678.3635314361,7500
57881.7174734063,53549.3643791973,40126.7413449466,29095.6023400875,25972.8718752028,7600
58473.8552809804,54112.9384005909,40558.247483734,29416.8021058999,26266.1895429765,7700
59062.0299302171,54675.8543462209,40990.7173182378,29736.5044351824,26555.9429087232,7800
59646.2571519261,55235.5007901798,41418.8508203018,30054.713135873,26840.5277800079,7900
60234.3181564567,55788.3155108793,41840.3888403685,30371.5204996081,27124.0979108654,8000
60819.3671442066,56321.6100717074,42258.7960257774,30693.9765229652,27409.0130184905,8100
61400.6839510254,56851.5291754577,42681.577008291,31011.254688845,27689.7775007156,8200
61973.4929936397,57391.111131571,43103.9573706105,31321.371822569,27969.350024958,8300
62541.8806851323,57934.8919058155,43524.1600161239,31632.465875629,28255.0885463129,8400
63106.226161598,58469.0834693169,43939.7376974523,31943.6901202637,28541.7794856964,8500
63666.6265899598,58993.5032368866,44350.9204299022,32253.4833863908,28827.45740757,8600
64223.2565179034,59513.8262029464,44758.158284161,32561.8943202944,29108.5928725429,8700
64776.1307233205,60030.0861624399,45163.1185156716,32870.0447906846,29387.4750034702,8800
65325.2639336457,60542.9450864022,45563.9688204202,33177.0217295268,29665.1732854891,8900
65870.6708260163,61052.4158729309,45963.7092079993,33487.5291888322,29941.6903633683,9000
66412.3660274326,61558.5113775017,46359.7487515156,33790.4917514849,30217.0981891385,9100
66948.4835159948,62061.2444130993,46759.8458323865,34091.7676766039,30491.4793315291,9200
67480.7645079528,62560.6277503482,47160.0258174699,34391.635204884,30760.8309656124,9300
68013.9644938664,63065.8313450843,47555.4620001517,34690.0978395222,31028.5273535619,9400
68548.3666619903,63570.0111852745,47946.4529582947,34987.1590760723,31294.9812726069,9500
69080.8437926702,64071.0645731985,48334.5418010928,35282.8224024609,31561.4502195776,9600
69609.125704851,64569.0026168252,48720.4379381227,35577.0912990022,31832.8538491533,9700
70133.9281930195,65061.4115711166,49104.1482091356,35870.9285039435,32103.1547750762,9800
70655.2643647511,65538.6495061173,49486.2198899072,36169.5049386267,32372.4870865675,9900
71173.1472846856,66011.6148652147,49865.393896324,36459.1129294621,32640.9190144479,10000
71687.5899746577,66480.8081946587,50242.7391118906,36746.9281673,32907.4657356445,10100
72198.6054138278,66948.3487035366,50617.0538211243,37032.5031328791,33170.5736055997,10200
72706.206538811,67415.4648029097,50984.4853630766,37316.2228518511,33432.5434303222,10300
73218.6424991753,67875.5652481676,51354.3147802186,37601.2794342924,33700.705588979,10400
73725.1488501307,68339.0525570709,51722.8810882697,37883.824366295,33967.7994328666,10500
74233.6317257876,68801.4839163968,52091.2014823136,38164.6231748482,34229.8435448039,10600
74721.6253820288,69260.8105105801,52456.9868692623,38442.9613512541,34491.7762606666,10700
75207.5021279481,69718.0818173805,52820.3352595201,38721.4608582667,34751.5156494374,10800
75696.4863116441,70178.1069075376,53182.7712090531,38998.3793407167,35010.0969385494,10900
76181.0453114522,70634.9345006663,53543.8661290968,39274.2428810609,35267.6064221616,11000
76662.2967086336,71080.080104762,53901.4208242125,39547.3592612923,35524.0463698832,11100
77140.2530219298,71522.1517849842,54256.9061186677,39819.6625883113,35776.5140406251,11200
77612.4089055616,71961.1611288088,54611.1594244478,40091.0525520123,36017.1427290366,11300
78072.2913718233,72397.1196858544,54963.876958595,40361.9184182378,36258.2968174557,11400
78535.4661173091,72829.4786118921,55314.5624703431,40630.7000431077,36505.0097003744,11500
78991.3526044021,73260.5488343202,55657.4459111444,40900.6943605868,36750.7954404708,11600
79429.8373597959,73688.6174247289,56008.5938443288,41162.0540417022,36996.0029839493,11700
79875.3819788277,74113.6956573225,56354.4891335862,41426.0513613044,37240.0925095727,11800
80321.208859074,74537.4826769906,56695.3682283114,41688.8707703804,37482.2581627059,11900
80767.6693254161,74959.3680553864,57035.1384926123,41950.3533197364,37724.2638560409,12000
81216.795702464,75378.3293612934,57374.7600819738,42210.5024246371,37961.8949880232,12100
81660.5892172599,75810.7485946693,57709.9951865893,42469.3214927305,38198.6942808671,12200
82101.0007176445,76245.0707423931,58042.0665078376,42726.8139240633,38439.6572612893,12300
82538.2480348924,76676.6119723193,58368.5691064503,42974.318742272,38679.3137450384,12400
82972.343316359,77097.2616528543,58697.9317875404,43226.0656148724,38915.2009406919,12500
83403.2986691427,77501.8346389708,59033.6126675931,43490.1659476379,39150.1162523441,12600
83847.2518825153,77919.6459338762,59353.5216427534,43741.9030082144,39383.9948012568,12700
84290.1183768166,78312.9833401137,59671.8755384293,43996.7935360544,39616.7774020716,12800
84730.1691438736,78703.4159852738,59991.51236148,44246.5391097439,39846.0985043137,12900
85161.5122659264,79105.9289595025,60309.6789623894,44502.3890883261,40073.40683489,13000
85569.0433459221,79507.5515736387,60630.194876725,44766.4221338963,40301.701372023,13100
85973.4192592871,79906.4804707011,60943.7419864734,45005.499227489,40536.6115688582,13200
86384.2029431713,80302.7251702301,61258.413402073,45243.491584447,40764.3386618882,13300
86773.6415621717,80696.2951626958,61566.4069195536,45484.5729065332,40990.597990649,13400
87181.6091356179,81087.1999095805,61870.9375795281,45729.8181890233,41215.7787970388,13500
87594.731611545,81471.721223357,62180.902606665,45974.2245133385,41437.8579339919,13600
87985.7743331015,81842.480967172,62489.974651254,46217.3938273463,41658.2936773624,13700
88393.6008916189,82208.7916823954,62794.1464330972,46459.4440633388,41880.7589266004,13800
88798.3866039743,82572.2439366584,63092.1252786114,46689.0261140366,42090.2831585831,13900
89198.8939566771,82935.5206362596,63402.069729982,46932.270444345,42296.8102875906,14000
89587.910633563,83306.5017837081,63697.8906899869,47176.2328605037,42526.2800862767,14100
89974.961732205,83665.0811095699,64000.4924602554,47417.1390609049,42755.2234855962,14200
90355.9227436429,84015.7836474337,64295.707058594,47657.3088520975,42976.6731003588,14300
90729.4106583516,84360.5083063324,64586.4094892328,47888.3590641279,43192.6716523903,14400
91101.0987854677,84702.460420203,64874.6720853845,48120.9732403278,43407.6209144129,14500
91463.2757115228,85041.6509145655,65166.2576872253,48351.431689438,43621.5232849396,14600
91822.477930569,85380.6728903325,65455.1110442309,48577.7109104492,43834.3811577025,14700
92178.7174381435,85719.4862466895,65732.0546505093,48803.2387833588,44054.8636700859,14800
92532.0061883685,86055.6144192702,66014.1784552838,49028.3323545238,44274.6058696227,14900
92882.3052620489,86389.0677754111,66301.3105118131,49254.1217509208,44493.40531863,15000
93229.6264557239,86719.8566481368,66581.3840041474,49470.8994017623,44698.5884417651,15100
93574.0316577816,87055.642568546,66860.3827007064,49689.824946904,44902.5866321301,15200
93915.5326659436,87390.7459314296,67141.7834114047,49908.8607689187,45111.9370432023,15300
94254.1412371319,87723.2952551932,67412.6705334134,50126.6658866085,45324.345831687,15400
94592.6509453579,88052.1677713739,67687.5635040554,50352.8975651096,45536.0318009352,15500
94943.6249158991,88368.6142413823,67960.6754745973,50582.9219143155,45745.0906118696,15600
95291.8111073738,88669.3630364658,68232.0119747331,50801.0548775306,45940.4392745623,15700
95637.2934031731,88966.7528647291,68501.5785193422,51016.7783327771,46134.6971943287,15800
95980.0820085411,89269.8678352298,68777.9434540048,51230.3187380726,46327.8670884945,15900
96320.1870957482,89576.7908364453,69039.2720259452,51442.9690966574,46522.5774382238,16000
96653.977017327,89880.7924302078,69299.1974553166,51659.0730609227,46724.6515221524,16100
96972.0788161724,90181.9675669201,69556.2992834195,51873.1019378488,46925.8335274616,16200
97286.8176283948,90480.5924081709,69809.6211504446,52085.9803231211,47121.8414163109,16300
97602.9357900323,90776.6769194928,70066.9655938848,52298.153854487,47320.2615867163,16400
97908.4299367629,91070.2310331882,70319.4850921008,52509.5732159314,47515.0510362341,16500
98214.2250610371,91361.2646484311,70570.1574322995,52719.8854144387,47712.129889251,16600
98507.4948615897,91649.7876313695,70821.272270948,52935.9562884715,47908.2427209718,16700
98810.7895720126,91935.7345090548,71068.9197448969,53143.4351013775,48103.3916664708,16800
99116.9148638257,92223.8429440446,71321.8161017942,53341.397846829,48297.5788567197,16900
99413.2103103138,92500.3909545766,71573.1218616998,53547.4993302401,48490.8064185945,17000
99707.8153338119,92778.9694128049,71823.591791387,53752.1068566926,48682.1825741768,17100
100020.868986609,93054.7602202911,72070.7030329086,53954.6392994207,48862.7216179616,17200
100317.835742525,93323.4346956925,72311.3807118843,54156.0481229832,49042.214537528,17300
100610.860080507,93589.6334369797,72550.3530375307,54356.3361089239,49221.1154636705,17400
100900.929255942,93854.0627434787,72787.6254416952,54555.5060328224,49406.0677987763,17500
101175.469427979,94138.6898519789,73020.3024354127,54753.5606643063,49590.0449519239,17600
101446.151020228,94406.5366576506,73249.0973384636,54950.5027670629,49773.049165712,17700
101714.174526675,94672.0051332038,73483.8721349259,55146.3350988508,49955.0826782648,17800
101979.551081176,94933.7262748852,73722.4511867057,55341.8147069234,50137.48034111,17900
102242.291778119,95201.6162494893,73958.6930423684,55536.7928403122,50324.2855766062,18000
102502.407672554,95472.9592268024,74184.4762692824,55724.3369595931,50497.7497497474,18100
102759.909780319,95742.042511715,74407.7961978609,55907.9197603955,50663.5183047957,18200
103015.755759354,96008.440474313,74632.170053886,56088.4214925131,50828.2295245661,18300
103274.38585959,96267.3479201338,74859.8103473463,56268.219409434,50992.8326820409,18400
103533.690064385,96515.3973617703,75073.1453777812,56449.2999051298,51162.9798997371,18500
103786.299079411,96759.0786572777,75299.1146249733,56627.5482006109,51327.7661071828,18600
104035.367554106,97000.442493586,75516.2939758596,56813.6510960365,51502.8969360414,18700
104281.514826491,97225.6264484558,75728.4187188704,57002.7477633608,51677.0947991921,18800
104522.667875916,97456.6069096569,75937.4038686948,57187.9580316272,51850.3618068428,18900
104764.272531002,97697.2476913888,76155.8538401248,57362.9403738474,52022.7000650669,19000
105015.500555175,97935.5917827322,76356.5504224989,57551.3651104635,52194.4412170321,19100
105254.916731203,98172.0842057084,76571.6889348244,57736.7988308271,52363.544114435,19200
105504.102829535,98401.6584102068,76782.8331290234,57907.0620374659,52534.1633420647,19300
105758.87555108,98627.9212844013,76992.4087846703,58076.3855774494,52702.807580902,19400
105982.815290605,98853.337113253,77207.1381166962,58246.0967895652,52865.5081592669,19500
106202.314088185,99090.773830842,77421.4523089995,58414.0267009498,53026.5397746541,19600
106431.596917891,99324.5204713134,77621.8045110145,58579.7292920829,53186.6156479309,19700
106678.964423406,99548.6454095495,77826.7773996056,58744.3132766904,53345.738074415,19800
106922.926112919,99764.579949109,78024.4504731974,58914.4821286502,53507.6702381744,19900
107164.612031349,99971.0698663144,78224.8869789271,59077.3694128732,53671.4625902557,20000
107404.030885381,100178.938357854,78428.4465961557,59241.0689108079,53843.1617636211,20100
107636.581495006,100399.741848116,78635.7909839247,59409.5162037236,54014.7177211658,20200
107860.924076268,100628.255828646,78830.6376251148,59580.4764383941,54163.4405320821,20300
108069.251997705,100844.669756884,79022.7424258725,59750.7326727577,54318.0140523155,20400
108269.145544932,101046.730719032,79212.687442524,59908.9425226789,54476.9952925458,20500
108488.484297114,101259.707684765,79384.9901182124,60063.7349067824,54634.1597407876,20600
108705.565488787,101465.175360668,79562.2865245482,60218.2380415726,54793.0223548395,20700
108920.398076476,101680.951715475,79741.976950506,60372.3191468446,54950.0755182244,20800
109132.145473415,101879.88304751,79927.5130978239,60525.7666254295,55106.2471264202,20900
109326.456485411,102080.56552061,80103.4239226435,60676.2143710438,55261.5391640538,21000
109509.887819876,102263.614482941,80273.2678095243,60839.0150519192,55420.1430268492,21100
109690.17002832,102458.334810547,80441.7550109872,60989.6041034692,55579.1588583454,21200
109904.232477089,102651.378082214,80612.9371287789,61136.9634355864,55737.3373528379,21300
110083.576793311,102847.920259408,80795.4727660551,61298.7118410861,55889.5179960806,21400
110259.128760964,103041.77877619,80967.14043058,61459.9575539129,56039.5205032922,21500
110474.393244344,103219.501327862,81140.0306884673,61617.5352000197,56188.6488120689,21600
110687.574830514,103398.516553296,81300.2714892826,61762.245699937,56336.9049130279,21700
110875.06593097,103579.263548673,81476.4701060219,61905.0742191894,56484.2907928786,21800
111054.502108495,103758.937587595,81650.878222604,62048.2312183889,56630.8084344296,21900
111230.771824378,103930.938596267,81811.797302109,62190.3392520604,56774.9861452054,22000
111395.110889348,104096.460796459,81977.7329155862,62331.6298286898,56918.0221943667,22100
111549.926370386,104259.953667839,82142.3820203801,62485.570279172,57060.1852066983,22200
111702.509330087,104431.087487475,82307.8752681803,62623.6856005048,57201.4772068724,22300
111852.869669916,104609.502433419,82471.1000613132,62771.2970734445,57341.9002155197,22400
112001.017254899,104785.992250688,82633.1568095711,62918.8228146239,57491.7918270143,22500
112171.544016989,104960.564264022,82792.2418094593,63065.3757309966,57632.2869929318,22600
112383.561549223,105125.852901318,82951.1336298911,63210.9582450198,57766.5493981203,22700
112552.830176591,105290.080450621,83101.6569999367,63355.5727739759,57910.1358691872,22800
112694.696249787,105457.86067087,83252.9750074212,63499.3609596164,58048.6651864777,22900
112834.273629116,105622.559064696,83399.8900908972,63642.9187466046,58185.761963562,23000
112971.626903079,105784.769480911,83550.3383311437,63795.0431341896,58322.1237807341,23100
113106.840463693,105936.904322534,83703.5803669363,63937.0767687889,58462.7386980746,23200
113239.923800211,106087.128555358,83857.2499804019,64068.9508902575,58601.6319386174,23300
113413.786360918,106235.449800596,84009.2797651748,64205.8579391095,58729.3059826373,23400
113563.226449939,106383.02918879,84157.983361117,64347.3032522191,58862.6999194372,23500
113690.957252673,106559.563510505,84298.8609718639,64485.0364986567,58990.6704670462,23600
113808.424697158,106723.775419889,84443.4465755934,64615.796350286,59121.8944748321,23700
113955.21738363,106881.774094402,84574.5438245832,64745.2374033817,59252.2871859026,23800
114085.923406891,107028.54798005,84702.6714939566,64868.2427085109,59381.6177328353,23900
114226.629830678,107147.29878081,84834.9722309654,65016.8741513162,59511.1185730635,24000
114382.77154747,107272.970683419,84969.3720059629,65150.3931495496,59639.71087343,24100
114509.226592409,107427.117584989,85102.7319723602,65282.9841822968,59765.321184756,24200
114638.367118741,107568.723330289,85238.6415395215,65422.9281782795,59890.333632268,24300
114757.684024374,107686.284399434,85375.6059917069,65558.5005249549,60014.9701350657,24400
114874.909033018,107838.678641354,85511.2352501396,65674.8706390817,60139.6088454526,24500
114993.208508824,107989.82376051,85642.9674898565,65799.5738608682,60263.4315230415,24600
115109.539621797,108117.340186652,85761.3851669389,65926.0433759281,60386.4400436857,24700
115232.505531607,108241.119884016,85894.4100383292,66052.0520737483,60489.2352920475,24800
115359.857573261,108361.750095484,86015.3478868026,66177.6738271261,60593.5874190074,24900
115485.047194059,108478.054967368,86141.3769160452,66313.5186966578,60714.5518267286,25000
115608.347097315,108591.563394295,86267.1274420497,66423.9869574548,60835.1597076577,25100
115730.09396204,108711.764578259,86396.339481133,66546.4564852063,60949.9746464255,25200
115852.452796853,108824.112258869,86524.6582662481,66668.0859725332,61058.7242824098,25300
115970.817906772,108931.435795318,86642.8985399673,66789.2991287277,61166.8321561618,25400
116096.103391534,109050.801399945,86767.7625630722,66909.2806357118,61280.7660461307,25500
116225.300826019,109181.149113566,86886.4188594718,67026.5693832943,61383.8808341187,25600
116328.744683546,109308.505206647,87003.7813077954,67143.8350082488,61496.1974062337,25700
116425.185695048,109436.118349931,87104.6547319963,67253.0139122932,61607.7088516861,25800
116534.919656168,109561.139559563,87229.5324365348,67370.4001925899,61718.4170688766,25900
116642.281960615,109674.737347949,87343.4646010389,67468.8752986528,61827.1490928837,26000
116747.808947493,109780.403449356,87452.4029321625,67578.4184273697,61928.4906470469,26100
116851.055718732,109881.326413445,87558.2743695456,67689.8564050345,62033.330043462,26200
116949.192234329,109992.624123227,87669.9222153621,67794.7966182069,62143.9866001665,26300
117045.529318561,110104.296293202,87770.3070023365,67907.3219324944,62240.0939290162,26400
117140.074526888,110223.119699388,87876.0874633028,68007.1490756379,62343.5075083438,26500
117220.462430656,110313.423731561,87977.5903053613,68110.5093949643,62438.4566164402,26600
117286.572320653,110398.033389869,88068.7790527718,68205.9674723406,62532.5723524932,26700
117350.852195306,110499.878303872,88155.5859093965,68303.7305736676,62625.8568562937,26800
117417.889425925,110605.411029565,88241.5497772369,68408.6242975227,62718.3122629622,26900
117496.944711745,110692.798087426,88329.5322627914,68509.944306722,62809.9407029585,27000
117574.237581488,110773.568366001,88418.8614206856,68601.9682443096,62900.7443020907,27100
117649.775642873,110854.676908211,88517.4460161469,68704.0523141141,62990.7386547975,27200
117723.566476807,110930.188312316,88630.5708129182,68806.1187958926,63079.9988382877,27300
117804.890402062,111004.71188499,88722.5236864859,68908.3289515251,63168.4409475376,27400
117894.096424082,111074.532360197,88813.8286168165,68994.5602729756,63256.067087142,27500
117998.924621101,111134.527614792,88899.016483519,69084.3974914841,63343.0847717845,27600
118051.600920003,111211.303528043,88984.6957961317,69171.658157458,63429.0669777096,27700
118129.063410186,111279.167306115,89085.246816549,69254.7800623819,63530.5621633619,27800
118204.625226715,111362.69556971,89186.8473297454,69336.9899418593,63632.887236144,27900
118281.918696871,111442.383900038,89280.1844497826,69418.2903838449,63710.7839584358,28000
118357.157162131,111515.607738696,89368.9476223054,69498.8733191922,63771.6515280948,28100
118429.348557303,111594.082337018,89455.0557511668,69596.2003050963,63851.0532193327,28200
118498.954305982,111669.847607251,89534.0871322497,69693.4394037306,63948.8671488199,28300
118543.114708855,111755.524711913,89621.2741587452,69794.0202811268,64024.1947522254,28400
118631.640301728,111811.757378408,89711.5336652868,69888.1932205448,64108.8465125751,28500
118696.434427942,111870.663980044,89792.555361426,69974.0342969174,64194.2506882484,28600
118745.889089833,111934.958979847,89872.4936864253,70068.1463780265,64286.4889322936,28700
118793.70359549,112003.144414913,89940.1212140111,70147.8198400411,64362.5920738371,28800
118839.586315151,112057.430267245,90022.112496696,70246.8753973915,64443.2110330303,28900
118895.114878701,112110.195641566,90087.8221998096,70347.0484112233,64521.7622906573,29000
118958.241283078,112161.446874278,90151.0851887199,70428.0658336246,64598.8887778235,29100
119019.79732084,112211.190280297,90223.3407666227,70525.7911677908,64681.5305534877,29200
119079.789441959,112259.432153121,90286.884015961,70605.6929723779,64763.350522007,29300
119128.959692414,112310.146849783,90353.6790155997,70682.1388329216,64841.4885164024,29400
119173.59080073,112374.361652871,90426.3686674924,70751.906730328,64918.8721137709,29500
119216.652739279,112437.643781479,90496.9874244184,70820.8089302467,64996.3738140868,29600
119258.152254759,112495.095658788,90567.0776722072,70892.5658524515,65058.8864433535,29700
119300.399841485,112522.635673132,90635.0589701757,70964.4202512979,65150.0970644255,29800
119359.177577136,112562.821283456,90710.3246535603,71056.4981880934,65242.0282469809,29900
119416.453090372,112630.217660348,90784.5643621997,71155.4552655959,65322.1434116606,30000
119471.949920288,112696.224179675,90847.8263955749,71228.7795337373,65398.7375304984,30100
119525.947802291,112760.846069909,90901.70357271,71299.2386946817,65475.3699569708,30200
119569.76880121,112824.088543404,90969.0566809153,71365.865078136,65551.9447875475,30300
119577.054599761,112882.043123382,91012.6087874266,71434.8972739457,65634.8262079773,30400
119582.364050615,112901.227739684,91066.2650403181,71503.8490844297,65699.4793937178,30500
119585.39662,112916.348603363,91136.4721172217,71571.9830505982,65749.6444656099,30600
119586.894971713,112973.115447438,91184.1504822447,71633.2716239082,65798.9976459131,30700
119623.900502633,112993.006089828,91241.106160377,71693.0596338231,65863.9281584485,30800
119670.229680301,113012.631527675,91302.7083834233,71748.8144107273,65930.5751349055,30900
119715.123081871,113039.023959502,91356.3837929465,71804.3023419095,65996.4936372467,31000
119722.096293402,113060.401860333,91406.6524037417,71858.954430667,66062.0382718407,31100
119752.38723464,113083.204596978,91441.9953195342,71913.9767410733,66127.8530998099,31200
119759.385008929,113121.433587838,91471.3712742827,71976.979440827,66182.9844511354,31300
119755.114427371,113157.430374195,91499.509880868,72042.4878712153,66251.2114742675,31400
119749.370502349,113193.86752213,91538.5390958519,72108.0080239397,66319.7501765469,31500
119750.874301178,113207.150115264,91589.6724104771,72175.8152870937,66382.3881125231,31600
119776.393928849,113213.108857302,91640.4293679389,72241.0796131057,66444.9103099738,31700
119805.611574094,113254.343460364,91684.4929633043,72304.4307929833,66519.0128524155,31800
119844.650280414,113265.833200057,91718.4317993974,72368.4347727468,66597.5456556424,31900
119836.249793039,113252.307340874,91751.8954638233,72440.36583633,66668.7382994165,32000
119826.420966457,113275.084591677,91799.0125269875,72498.0136011271,66704.6040370366,32100
119815.170425835,113265.090653622,91849.2478244971,72573.1188355995,66752.915136683,32200
119802.504772001,113285.414556821,91888.2985979519,72612.4108868846,66815.7364274138,32300
119793.191802319,113333.083607032,91916.3051351376,72669.2233224188,66878.4189712324,32400
119802.749598431,113343.858062583,91957.2067859034,72727.9802819946,66940.5407373284,32500
119831.0291653,113355.325600454,92010.1126554695,72780.5291858598,67009.8784028255,32600
119799.71286276,113391.717556155,92048.2542773162,72826.6673945018,67073.2209975648,32700
119782.485237007,113396.539036138,92091.6665938201,72875.6769039615,67133.2344967132,32800
119776.257075891,113388.290546975,92126.8682805203,72912.1438949903,67185.0538148489,32900
119774.461110172,113379.613031228,92156.7554345146,72956.7784049965,67239.1116627632,33000
119761.541670922,113382.872490246,92190.1281116674,73011.7357871055,67296.4197310579,33100
119750.602073468,113384.327900695,92213.7113298568,73052.3866898337,67358.4846212304,33200
119751.740125544,113378.179810747,92251.5317656724,73092.9760798239,67439.0540488613,33300
119733.575914474,113370.768226344,92290.8838782724,73133.1390740795,67503.0350948634,33400
119714.082155162,113362.098598257,92316.4695473696,73181.9488855852,67534.3438481761,33500
119693.576612561,113352.17635854,92336.3041377319,73231.958789262,67574.8503551512,33600
119672.71662005,113341.006920596,92358.5544136619,73258.8016192436,67604.4341062431,33700
119650.2949404,113338.182230469,92383.560473624,73287.4674325413,67631.2686384875,33800
119626.971800195,113329.935946079,92405.7704495705,73323.5054908592,67682.5755881379,33900
119589.615683925,113334.062250139,92431.5386279824,73359.7364523868,67722.1158110824,34000
119553.614481157,113352.405372346,92432.0966355952,73408.2423205196,67747.1217683732,34100
119548.016313397,113356.838618,92451.1342493395,73432.2353699249,67789.6614881526,34200
119529.955107483,113350.108432665,92469.475408901,73480.3091048868,67831.6026621024,34300
119518.964024297,113334.671222685,92468.1370915126,73516.7306352333,67873.558361061,34400
119506.899178527,113305.392159869,92478.3151707762,73544.0374720217,67914.4533478656,34500
119494.328440191,113296.830486227,92492.8534595629,73543.2083993557,67954.0133072382,34600
119480.519453672,113285.437697297,92509.7418253725,73569.2211582446,68014.3387531541,34700
119465.47750248,113270.304649357,92531.3253260383,73615.258386755,68084.7992800073,34800
119408.577973959,113257.159334665,92563.146493687,73659.3813188834,68154.6922511366,34900
119352.830910353,113225.970715091,92588.9898147119,73704.9610914721,68223.9289566368,35000
119317.840571858,113221.718312922,92594.9697634569,73756.3363918703,68239.0725521687,35100
119299.222983055,113210.340996152,92615.6646428514,73790.092765731,68243.5276824466,35200
119251.003669817,113188.902199865,92626.5385026217,73818.2747993089,68247.253189611,35300
119208.475751463,113160.258555495,92622.7919002592,73845.7312912058,68250.2514009921,35400
119168.395094505,113125.451357376,92624.9048388732,73878.604503199,68282.9885016929,35500
119127.110025283,113090.513257919,92623.9056827325,73937.2231327896,68316.3299027425,35600
119085.542562157,113083.097416262,92619.7094709029,73992.5236453175,68345.5810924917,35700
119025.873409818,113055.024215645,92619.1027707174,74009.9386490802,68378.2762048115,35800
118995.07571558,113025.292368317,92621.4930057823,74026.0461944576,68410.7695908735,35900
118944.184470403,112994.386294567,92613.5724256644,74041.4227806023,68426.90304372,36000
118901.576552828,112962.36211758,92614.2714530652,74057.7147469739,68453.9888341693,36100
118867.754204774,112928.430192588,92611.7666395175,74068.4332983726,68490.7583128497,36200
118837.032438601,112895.652833994,92617.4174611298,74087.7786585573,68514.2955849098,36300
118805.163759665,112858.540346094,92611.4585305804,74108.4398709243,68557.4153781833,36400
118758.604988241,112823.960677247,92607.9235849508,74130.7151834784,68582.9973437535,36500
118709.544102797,112791.981121585,92600.1883685729,74158.6578442068,68594.4739967807,36600
118681.676378164,112744.718171736,92601.3339909865,74185.9578319639,68604.7863817944,36700
118623.727582884,112696.897976043,92601.2532516207,74201.5816840363,68630.9138343163,36800
118588.197928139,112648.493786272,92587.5786124819,74223.9769095455,68662.687836128,36900
118553.414475878,112599.008740003,92583.9513738078,74229.3563054429,68702.9845656519,37000
118513.985524047,112556.447233734,92570.6360549317,74233.248274377,68737.2811950026,37100
118460.003474738,112510.322312275,92554.6570794297,74242.3761462043,68747.211667898,37200
118397.36519803,112464.984703801,92559.3799311585,74270.2107631605,68772.766407658,37300
118332.725517082,112436.135946808,92561.5673115891,74281.253258911,68799.9543424672,37400
118254.725252463,112387.8745083,92557.0026907579,74300.3669193748,68824.6847700607,37500
118198.691424571,112339.667105507,92560.9013166169,74318.8119505894,68846.5123705505,37600
118153.021056628,112300.817495878,92554.4925039184,74334.4826059229,68871.6172815485,37700
118112.120897376,112245.692783359,92543.6154245288,74338.3324471783,68885.2566069938,37800
118070.151555445,112190.328735956,92524.8294707138,74346.5072096905,68902.520901214,37900
118027.117575343,112138.217758539,92510.55132773,74374.6934274862,68920.1638876965,38000
117983.023486471,112099.385306153,92502.939630822,74386.8936910872,68933.185518165,38100
117937.873803163,112051.537056366,92501.7065187976,74397.5047673525,68956.4425736155,38200
117897.862603751,111983.718894061,92467.9781075132,74405.1886298935,68957.7820901946,38300
117849.733612056,111912.504614724,92444.7721956026,74416.9500192676,68976.0474899877,38400
117792.962092332,111850.059754587,92415.4153799045,74425.291324003,68980.8907145673,38500
117732.255894406,111793.92734378,92387.2130160186,74438.5009346871,68985.4441892463,38600
117672.117418431,111712.710007751,92361.5053621061,74430.4020690621,68994.018019157,38700
117610.944783578,111654.304284511,92335.1615004176,74420.5505239375,69012.3007164193,38800
117548.742592155,111596.749462201,92317.9059033917,74412.967576979,69034.2006343772,38900
117485.515430638,111536.813459099,92284.3388580075,74409.532474479,69063.4730797426,39000
117421.267869723,111470.269633616,92252.7684539147,74417.5141514837,69081.5369112,39100
117350.786609287,111415.866891598,92221.7313497696,74422.9858502,69083.5917477027,39200
117287.418303861,111353.091365281,92206.3974200394,74435.9377927268,69094.9933183042,39300
117219.866290564,111286.640442692,92178.1978047843,74432.1517978511,69096.4200497436,39400
117149.725059638,111219.226095186,92131.8602620774,74429.0817078844,69111.711554537,39500
117104.016923796,111142.494228131,92109.2236882354,74419.0995362372,69119.9085614588,39600
117051.669810415,111071.31047915,92080.3746827923,74426.1659398292,69116.2472386659,39700
116970.60779035,110984.268066716,92042.2285718823,74420.5616441755,69136.0367955128,39800
116887.196464401,110909.063362247,92025.4325036091,74414.8471725331,69133.5081776676,39900
116837.498355043,110846.321941884,91987.29356196,74416.0154557963,69140.1406213561,40000
116749.555834341,110779.368906581,91953.499452248,74418.9329729342,69146.8139930597,40100
116667.387603272,110716.238819048,91923.5372976024,74450.571140595,69168.1490160806,40200
116576.54617138,110644.878978477,91897.8251813984,74451.5802582428,69172.9268626419,40300
116483.175968131,110566.830262183,91881.7440323258,74432.9203720389,69170.6511817844,40400
116408.607620914,110485.365427088,91859.2113946338,74444.2660778504,69157.8446705147,40500
116328.15101035,110398.805735165,91825.2247486275,74399.873177967,69143.970433131,40600
116253.136737649,110307.164344718,91785.3498924646,74409.8038211607,69130.1104867226,40700
116177.024316225,110211.467111763,91747.9391444191,74401.2239866383,69113.9821296859,40800
116082.873172833,110129.795578634,91710.6458837659,74383.6863407597,69093.7228563378,40900
116000.13402775,110071.923559073,91674.6327051749,74395.1381769667,69082.9329254716,41000
115906.858467057,110002.079615635,91635.4226679765,74379.2040608896,69100.6152666397,41100
115831.35581947,109920.556272182,91595.4543402556,74356.9571135464,69132.2806264885,41200
115747.128439096,109838.857951195,91556.1157963733,74328.0563267343,69162.765523396,41300
115661.982245221,109763.132823058,91516.7499927506,74306.195126005,69179.9364054558,41400
115575.587262091,109687.487003902,91481.527420775,74292.6438372222,69175.1860406139,41500
115486.837098513,109629.865657359,91446.5882487598,74290.7861192157,69178.5936447278,41600
115431.892800037,109547.005079769,91404.6943489471,74283.502477475,69173.8484048023,41700
115382.022369341,109436.095541358,91375.3430279085,74309.972488937,69170.5948299071,41800
115330.904270106,109354.280052839,91335.9243503663,74291.8041387065,69166.7901005315,41900
115212.401922572,109269.455698714,91284.0197090619,74313.2180231165,69162.4356707326,42000
115067.649397367,109174.136475276,91243.0262671413,74292.1619372187,69157.5329914167,42100
114957.289316554,109103.462276357,91202.4373383464,74275.5211971338,69165.8429986383,42200
114834.057843472,109006.926355176,91157.2523663749,74250.5623551757,69174.2100071214,42300
114712.601400509,108930.175389783,91110.8584061717,74226.274692566,69182.90436378,42400
114589.013714011,108854.348299286,91060.3047202322,74203.5615073735,69195.3523214862,42500
114507.265267283,108785.853203417,91002.2228092962,74194.3985119741,69197.4825541327,42600
114424.653206802,108678.771032669,90957.3753092979,74162.837254293,69211.1847618997,42700
114343.522662327,108588.870392146,90905.9175730373,74146.1596396482,69231.2513514154,42800
114291.343172805,108507.371464687,90845.1679123954,74119.2386051551,69238.9251347722,42900
114190.422723491,108406.665560414,90784.6202570574,74083.5698841958,69231.2583405804,43000
114090.044732992,108319.446105552,90723.5037425591,74049.5623264857,69225.3194238518,43100
114002.620831435,108221.694090128,90671.7076858477,74021.8801678467,69228.6320114938,43200
113905.38376547,108093.437372489,90616.9888490645,73997.1418231951,69231.4367097799,43300
113829.6013101,107979.520531696,90558.3348876444,73974.24813881,69211.2695739764,43400
113720.24920286,107864.714843824,90496.3786996728,73947.0799056279,69136.1572230019,43500
113567.995485919,107772.532874735,90438.1444799565,73939.7376804813,69059.2338779624,43600
113435.954736621,107681.936286258,90370.6562971272,73915.6573147815,68992.8025625163,43700
113304.192313947,107567.160726293,90317.0542889836,73889.6357296956,68975.4690556301,43800
113194.976715983,107479.107463199,90271.048410302,73877.2638928407,68962.6231917323,43900
113075.104223912,107407.815865037,90197.8870527931,73855.7094618051,68976.0026829649,44000
112975.527080362,107310.545062462,90133.1811427505,73833.5981787022,68966.8526549061,44100
112866.08817899,107169.507775652,90064.3666123233,73810.9316320323,68957.1938632821,44200
112755.400891895,107061.040551119,89998.1266917731,73779.0725163802,68943.814291485,44300
112640.063925509,106960.504240726,89926.9837047502,73770.7935326171,68905.2357913504,44400
112496.184544081,106850.312624115,89861.054098208,73747.763688942,68866.1157357855,44500
112341.15379057,106754.613571584,89792.0181045238,73712.5773544203,68840.6231221701,44600
112222.501578308,106677.895717093,89730.1524206519,73661.5056943881,68820.0752416067,44700
112111.575202333,106563.81652379,89679.0413087236,73609.8218222928,68799.0146666801,44800
112005.62147827,106468.781730238,89603.4600972569,73557.5062983587,68765.3131950842,44900
111893.782615379,106321.639556469,89524.8334819881,73515.996121785,68713.9248605466,45000
111730.224416333,106204.521106963,89460.4481733774,73490.9982112881,68655.6217831011,45100
111613.277616354,106080.845930852,89394.1944983044,73466.8067972502,68611.0634024828,45200
111484.430299055,105972.313791438,89316.347308173,73409.5448865067,68612.932698215,45300
111380.887134252,105847.230038429,89250.9464264262,73371.1086240823,68625.6830217528,45400
111264.53055134,105718.265506166,89187.7335590444,73340.7765370947,68632.2546943042,45500
111116.779970274,105607.017214467,89115.135428383,73300.2975838694,68607.3756463632,45600
110977.804987272,105508.140634343,89039.1648882699,73269.9007546471,68569.9784129113,45700
110829.001817501,105404.785770811,88962.8776018882,73221.6109974907,68517.1293337746,45800
110670.645401505,105315.310932786,88879.7780342122,73165.9739190927,68535.0262956467,45900
110540.351065369,105225.346477639,88790.6235220002,73133.9354015308,68517.9661247806,46000
110418.308949199,105102.753277438,88719.8318510132,73080.0701209862,68492.7993363462,46100
110275.344067775,104982.183715631,88639.4327675434,73036.5767768297,68467.1421820662,46200
110161.849371439,104854.05863678,88557.6063771788,73002.753482002,68440.9959791275,46300
110005.854809446,104736.794614576,88484.1845906215,72956.8958190705,68409.3526128783,46400
109890.320637304,104624.312860855,88396.3477774812,72896.4498386828,68344.0972834678,46500
109750.992112042,104460.875861516,88318.7714115199,72847.1350827394,68309.8413026674,46600
109622.093808141,104330.194567185,88230.6796342646,72794.8473766792,68293.2474891054,46700
109511.242128518,104197.990514835,88153.3091019985,72768.4494331774,68241.0988434109,46800
109379.988601524,104070.725097323,88076.2511132866,72739.1938154465,68185.5990306739,46900
109231.144907799,103932.474413545,87997.6784104375,72675.8982854009,68166.2291085315,47000
109106.750563685,103799.213762807,87909.2803638857,72618.4273298629,68109.5940340426,47100
108967.001813677,103663.027420096,87809.8750826703,72573.0496715597,68097.9583937645,47200
108833.887403343,103550.749842397,87713.6101441261,72521.0587179202,68049.2656375065,47300
108700.082293546,103437.819992929,87633.8502744484,72454.9509263695,67989.183565112,47400
108569.779000109,103303.976965221,87558.0685793081,72426.0889929303,67940.8972882077,47500
108434.036650415,103160.441717278,87472.6134039094,72394.9494298986,67888.1447176721,47600
108299.194089263,103028.111613543,87386.0339841008,72354.6187830769,67836.1887611064,47700
108176.598877151,102911.54852573,87308.4059581704,72297.8667853565,67803.9522273183,47800
108081.520859313,102827.417229564,87226.592923487,72229.344560942,67742.7314044984,47900
107968.456641124,102743.07601913,87152.6369243875,72158.9390860898,67673.4118008047,48000
107826.508957885,102617.829525788,87069.1862295709,72086.5575355475,67608.4428697058,48100
107680.022510244,102482.059191315,86978.921984354,72015.595991975,67577.2255728917,48200
107546.890697159,102381.229815866,86883.8519114784,71948.7921098316,67532.6352196235,48300
107386.051141812,102268.867898517,86801.3874168115,71871.174518069,67437.2764157302,48400
107273.216308886,102136.700882252,86716.4334456332,71799.3137636279,67421.945523604,48500
107088.222055802,102004.919745736,86620.476126139,71725.8198593219,67390.783161939,48600
106938.714527392,101876.342037387,86523.5766959403,71673.7903692319,67338.188919164,48700
106787.23116137,101742.749348572,86432.1657563009,71610.6761423448,67308.9915346323,48800
106647.135226912,101627.280892616,86343.6580233097,71546.2029491611,67300.074605507,48900
106487.723471847,101479.09170258,86242.1074477272,71487.721099193,67260.0089844823,49000
106334.607019533,101334.032261551,86139.9224291851,71429.8315070374,67217.2733733793,49100
106178.966011536,101211.64389906,86040.3371379666,71341.1863853874,67185.7342421423,49200
106015.721256109,101089.026687452,85936.6345389976,71296.1403274981,67154.2947432563,49300
105850.895097705,100959.665027535,85839.1636251719,71244.109091755,67108.4469646665,49400
105719.420306285,100803.568417263,85749.4292031358,71176.1289404202,67079.9314322005,49500
105562.917067883,100711.710157908,85646.41393726,71117.2451412162,67015.8436199703,49600
105399.605382041,100570.904221352,85554.223531407,71058.5263147819,66931.6574124668,49700
105245.83120539,100429.022660959,85464.4774558729,70989.9347011257,66849.7432779558,49800
105093.824141824,100283.670607684,85358.564417107,70934.1378485108,66818.5151078311,49900
104943.207180105,100152.026632449,85260.4158569737,70883.72061432,66814.3866344002,50000
104790.285600709,99982.6342687784,85156.7575671594,70794.4566185096,66813.1527535674,50100
104621.553472788,99846.7518847069,85059.4464438275,70740.9644339983,66771.3839341744,50200
104482.649149784,99708.1104779496,84969.155268488,70632.1602307639,66686.4254455783,50300
104309.849945189,99563.825792697,84887.7939642362,70560.344413509,66647.4350716094,50400
104140.320959152,99435.7840924592,84803.451474975,70449.0684680746,66587.1232002623,50500
103996.93666999,99266.1743639457,84698.9617848629,70360.9019007961,66505.2846305833,50600
103862.319923572,99130.3725982922,84589.4193217031,70319.9060989675,66483.3497982028,50700
103721.727047354,98988.0479727913,84485.5064021435,70278.6090300046,66402.2200789808,50800
103594.364590539,98837.9514951787,84374.6428257472,70197.5945425208,66336.8585209381,50900
103450.832509129,98693.5872342416,84263.3849105025,70087.3366311664,66283.8865868057,51000
103317.553223737,98566.4542330244,84140.5347610498,70046.2024725596,66233.3770670649,51100
103193.533066983,98446.6691906803,84032.6397705171,69969.2598114686,66162.5928641597,51200
103025.676024307,98315.4985222369,83919.6658459927,69880.9080914721,66122.171582628,51300
102863.627613091,98201.0796547965,83817.3149993284,69817.6312599619,66088.7677578876,51400
102737.442617932,98052.6363538481,83700.3999892324,69759.4981766049,66037.3681855547,51500
102606.429227291,97939.4294079879,83607.9335517062,69715.0735250606,65986.6901304203,51600
102438.30731683,97803.4293611243,83502.7420086551,69621.1069591587,65921.6486212593,51700
102278.548732599,97644.8967489641,83379.080228033,69545.8567069524,65839.6721925689,51800
102114.416512315,97496.4638681196,83255.0044201848,69481.3042866362,65786.8743559045,51900
101996.153079517,97344.3048407319,83142.930959584,69396.4481040907,65704.4578516179,52000
101810.189111778,97188.0676299765,83027.1536985486,69360.6667397854,65617.3393834806,52100
101614.266076938,97045.4662450106,82920.3356261816,69265.7272953473,65563.9341174176,52200
101512.475591236,96910.0908537458,82811.6331657325,69198.3944573005,65507.3504051344,52300
101400.691740122,96770.9342663195,82695.5745287316,69158.6311839529,65442.3467350209,52400
101287.221518102,96604.7253786129,82589.2130958647,69094.5437984777,65368.9002414991,52500
101142.725645959,96448.5713179337,82480.6882340261,69002.4942306085,65293.5108269309,52600
100999.186494537,96301.0385215573,82378.3208101179,68911.0370431745,65208.0981823362,52700
100854.605462559,96149.7019339176,82261.2880216005,68810.3400647799,65145.6199911871,52800
100709.003991468,95993.0622472196,82144.836288822,68746.1719166119,65068.5102906886,52900
100566.995339618,95855.9277650636,82031.708584302,68691.294917539,64998.1797698233,53000
100436.708482984,95707.8135421828,81919.7327958779,68609.73799392,64923.4245593905,53100
100256.998203298,95549.9491021637,81814.7377755887,68535.1799881693,64859.2203950705,53200
100075.212593468,95418.4211575749,81700.0279684595,68466.2949282009,64771.0232608283,53300
99909.0128030869,95279.6061208455,81582.43537675,68380.0060431188,64693.3592504368,53400
99767.6377077455,95114.4584785775,81485.8081194336,68264.7847678189,64616.7883020695,53500
99618.6599033588,94954.5667773178,81345.9422910187,68206.0287387199,64525.0408149724,53600
99453.4943089757,94793.6959862089,81222.6767020074,68117.6363897815,64429.230323682,53700
99309.9318664585,94650.9455487568,81098.1090548759,68016.8898264828,64378.730948836,53800
99162.5750992821,94494.5481968429,80982.8042605346,67916.1535742573,64237.6214815265,53900
99015.0306537718,94355.271455123,80855.2376584783,67830.3951388367,64180.3449870041,54000
98813.0769434071,94192.4642163925,80736.1566281985,67767.0441684699,64079.9912944893,54100
98671.6034051644,94022.9787323817,80605.0142237015,67692.7187086587,63988.5178347567,54200
98503.9098977507,93857.0814287182,80486.2549823542,67624.3363357031,63912.0053360459,54300
98367.1324782782,93689.9986852676,80367.1840374843,67542.1198361053,63866.2194883254,54400
98209.3275071543,93524.2453683327,80256.2494269958,67466.8619440943,63784.04475536,54500
98047.7139154183,93382.6301012633,80133.1835774332,67375.2672286916,63711.6321413307,54600
97855.0891922855,93218.7523208057,80009.9029417723,67280.1131956294,63661.7490256374,54700
97665.043831932,93056.7918198705,79872.2486878819,67192.8387648916,63585.9587415803,54800
97514.0152293043,92912.9308489583,79740.3371542976,67111.3432886368,63521.6971743308,54900
97308.8886735031,92726.7162670695,79614.3307090169,67012.5367690129,63422.1256054278,55000
97131.1923418405,92536.5652403157,79488.3251230897,66891.6751575423,63377.3972174156,55100
96954.4453810055,92388.1245633044,79380.5316478311,66803.1608242992,63280.5370313506,55200
96774.0087589127,92219.1966354001,79270.0667677454,66684.7064682938,63162.843351052,55300
96601.7338779081,92067.6534820594,79137.2301603223,66597.2266761151,63110.6911035517,55400
96445.0518863382,91910.7820706351,79020.3191440087,66527.0098975534,63042.834522015,55500
96234.3740382485,91749.2503681717,78894.668477505,66403.1878416425,62953.2743565843,55600
96054.1219088063,91594.5028823644,78755.514662333,66286.54356933,62846.9936707102,55700
95897.0171268562,91453.9059019075,78633.3678174564,66189.8113780868,62768.1361081786,55800
95748.9596219219,91288.4219931088,78515.3914830014,66093.3015719869,62683.5285875957,55900
95598.9119262398,91120.535286959,78393.0506678092,66007.1121238844,62626.505872695,56000
95437.8916459011,90947.3749195294,78265.5793761816,65928.1300620367,62562.2889105701,56100
95245.6020434303,90800.2810649194,78141.7539329382,65831.6877875071,62458.0600784776,56200
95071.3557286207,90650.8389960095,78018.024767327,65742.3298005198,62353.2003997028,56300
94917.8762249952,90478.9237419732,77886.3595435442,65626.559598638,62225.5701436193,56400
94762.4398792702,90324.9781335217,77780.4006023355,65513.4980534673,62123.4723929782,56500
94606.5054082861,90163.7161397867,77670.2262302163,65427.5596326293,62001.5967942921,56600
94450.0319423542,90009.6081703471,77533.151672607,65317.8416062272,61941.7547714928,56700
94289.4450582436,89858.5195983153,77405.8964692228,65225.4204131309,61854.8929421822,56800
94124.7882331057,89683.848341664,77276.0057580715,65129.1768536728,61772.5145323441,56900
93976.6888988162,89553.9691517816,77163.9684503191,65031.6788107878,61673.757050533,57000
93817.2145809648,89411.70587581,77030.4268704681,64934.6486819786,61582.6416593108,57100
93648.1796180503,89252.1299142506,76882.7906660924,64825.4559611446,61468.3405456039,57200
93477.678478104,89103.6985698035,76739.3309833219,64703.2003975379,61342.7174169005,57300
93293.9722080645,88914.9012227515,76607.0329422541,64599.2355571957,61211.5129047108,57400
93128.8414613515,88746.8733760683,76487.3774147959,64483.9079458625,61109.5123439962,57500
92965.525667587,88593.8414229508,76351.9969224647,64374.9804138598,61024.4662282745,57600
92790.3980991159,88427.2218300401,76217.3962972747,64282.6224419835,60931.8131718023,57700
92602.1387322386,88276.2772130728,76086.9848122719,64187.4057096823,60838.0270986576,57800
92399.811575564,88110.4301785768,75958.5050831166,64087.5189761874,60742.0911931941,57900
92207.8869499311,87939.213269517,75824.9801383011,63978.2319585045,60647.2072022264,58000
92039.8414357274,87791.3258650448,75697.8689544463,63874.8354191818,60551.0100342967,58100
91877.67482754,87651.3415278681,75562.9510175562,63792.856440571,60456.6208831802,58200
91701.5850882787,87480.0426527795,75417.5105085609,63673.0375423165,60335.3869117455,58300
91516.147681081,87314.1656623547,75270.2825837774,63547.0112823512,60247.7669578324,58400
91364.1375626805,87168.0112171868,75128.1875751211,63447.5655837034,60134.0180827234,58500
91199.5672682554,86993.6372082454,74984.3195130744,63318.4748570981,60020.6136625265,58600
90996.4894967777,86822.9777624712,74849.0960227181,63204.2394626573,59961.2839416003,58700
90812.9707458976,86648.2826069097,74729.8910929137,63089.497663679,59867.6072620597,58800
90625.9067807128,86492.8147042841,74575.1412971046,62964.1350492632,59736.7891639991,58900
90493.1193734993,86322.0725871638,74435.5385959205,62841.3238102522,59617.2038120705,59000
90278.7241501411,86174.0222623392,74306.6968288363,62732.8051312275,59526.3173641389,59100
90112.0109582914,86046.9904898088,74166.3374741873,62633.3771532145,59414.0198289727,59200
89924.9009748423,85890.8453910467,74030.7754996792,62509.8789860516,59274.4084074998,59300
89708.1609627925,85736.062732894,73889.9012993252,62397.7877412391,59156.9125701386,59400
89505.6353151518,85585.9537615619,73757.9841026388,62284.8611471161,59044.3456271275,59500
89325.7515305262,85480.8815775008,73620.7574582694,62178.6617448013,58917.6215029468,59600
89158.1699926033,85278.8765749315,73476.6009311632,62062.086632651,58793.0431843702,59700
89014.5395456383,85140.2763288352,73339.9196715405,61947.2516023249,58659.9688020589,59800
88906.9907821637,84963.751018374,73204.2644211349,61846.7005074033,58569.3329040681,59900
88714.8276568403,84786.2298593843,73061.7995702844,61751.0216132044,58466.5555865457,60000
88553.1716380639,84643.7017883182,72907.4272782608,61644.9647499866,58359.469134462,60100
88378.9585303421,84448.0053835958,72755.1907302376,61549.0139865965,58239.7087968816,60200
88189.9775962893,84289.5980371003,72608.6548364464,61447.6313171686,58104.8517123861,60300
88027.2381431321,84145.4627017316,72456.4389796989,61337.7822105203,58011.0177847638,60400
87863.6815813386,83959.7036659945,72298.8278565867,61194.0310397104,57903.1999019711,60500
87693.3121415055,83820.1636840375,72141.4088212057,61066.7769495512,57796.8176975582,60600
87519.7345494053,83638.8692242495,72005.6129031935,60924.520237927,57657.4572363934,60700
87354.1992144127,83470.3462855826,71862.3275642988,60826.0429260438,57529.4770359571,60800
87146.6205129135,83301.6785017214,71707.9796338644,60695.1279317737,57443.4123669365,60900
86949.703042485,83120.334913087,71564.6954669692,60563.2684451472,57315.2799808218,61000
86819.4102981101,82964.8309545475,71436.6568950416,60435.0738228041,57185.7772220024,61100
86627.9716997675,82807.4258561626,71279.9347189202,60314.0100943167,57062.784769197,61200
86461.9829546024,82655.4721942315,71140.1785683652,60181.2242526805,56966.5437247954,61300
86272.636881778,82482.8510431013,71000.9964431178,60065.4530080124,56868.0769135065,61400
86044.7845576361,82313.2684875191,70847.7533480361,59938.5977113465,56726.2265399936,61500
85919.1613284558,82167.1485819721,70700.2508400061,59809.6280355848,56588.5042099532,61600
85776.2002142023,81980.6684815538,70555.8749996404,59712.3993790838,56515.542004038,61700
85653.0722492709,81823.1039826716,70415.3277951828,59593.5255115443,56346.0333663363,61800
85493.4425846577,81609.2289943344,70265.4085150961,59454.7021859992,56234.6074664766,61900
85326.9248232549,81435.002915617,70116.8096947398,59330.9137168276,56164.4016043517,62000
85129.8070584965,81274.3192442854,69964.8055189902,59207.7471695411,56063.2903317389,62100
84883.1295944245,81066.0401911492,69820.0149646666,59058.2456974465,55939.3540029938,62200
84685.4730989289,80876.8112981093,69672.7845283328,58949.7312816448,55822.5172012873,62300
84516.8575238252,80707.6092604133,69521.5518382928,58822.6541963112,55681.4027781443,62400
84363.0465249574,80522.4234187204,69379.9715632114,58688.8138862696,55565.2955567939,62500
84173.6322152245,80329.6985725602,69243.3247664309,58525.1584682746,55401.5390428681,62600
83995.5553589519,80147.1726863791,69086.256149106,58394.664179642,55271.102547131,62700
83838.8786562635,79952.701695656,68925.2897314743,58280.4756329213,55137.6014826616,62800
83659.7255509148,79778.4703268678,68778.9461682349,58159.8492044526,55005.8830391848,62900
83504.8769777178,79624.9124367161,68626.521196913,58041.8796342559,54882.2966866427,63000
83351.0363148238,79463.0059632443,68450.7723707852,57918.4428037549,54756.704781372,63100
83150.771504219,79277.9218900685,68296.0167214813,57780.4058486574,54605.0439378833,63200
83009.4683451233,79108.9942950303,68148.9132837443,57651.0093887365,54494.465273346,63300
82855.9919141726,78938.0701647438,67995.2927774546,57534.5142271672,54344.7995456869,63400
82670.3391264434,78748.6434334229,67840.271200807,57412.1411394546,54197.0848051013,63500
82466.2641470405,78569.5062543295,67697.3515095011,57284.6634976299,54048.4806001016,63600
82264.3440545546,78395.4798639904,67538.9749485851,57166.3634962055,53897.9516830875,63700
82077.9406155079,78232.4683893392,67382.2204553287,57007.5324216229,53778.0161443978,63800
81920.0188230698,78043.3715838334,67219.0809087065,56896.1555403521,53661.1676262594,63900
81772.0666180153,77872.539481425,67066.6201245993,56759.2345633247,53510.5716170809,64000
81571.0368589903,77721.7732874232,66905.9126086552,56647.6031079657,53364.8471316447,64100
81394.7843674058,77565.9480610176,66752.6435932011,56516.0741220706,53193.9286637517,64200
81177.7021902921,77397.6705935126,66589.7001818025,56384.9555434485,53027.4765404384,64300
80966.2259568917,77215.8156970561,66421.4946251397,56233.359811881,52857.4430876247,64400
80780.6109281593,77018.8605412415,66266.1291070437,56122.1554113658,52746.0806649269,64500
80633.3533109118,76814.9132250037,66115.7892436987,55989.450485523,52632.2732469953,64600
80444.1353152115,76636.6213870793,65976.5256283248,55828.7824687299,52536.8383488327,64700
80273.847587437,76475.5463987859,65827.2546727856,55688.8496147672,52349.7761757178,64800
80057.0268654032,76302.0356565163,65663.0147307983,55556.5357961965,52211.7783539163,64900
79869.335808842,76104.4339109582,65502.0105894427,55387.8638783075,52064.621203062,65000
79743.3620432893,75943.5239646992,65343.8796038708,55263.91959195,51899.9812769526,65100
79523.1064162081,75788.1405032874,65177.0959969579,55138.1229962614,51779.0738477887,65200
79336.6020314447,75602.7479250876,65018.0271211665,55005.7670047254,51597.1456345993,65300
79184.1487303528,75455.3987826487,64856.156100043,54844.7093031761,51423.1211403804,65400
79005.0912579147,75267.3385208463,64681.9604982018,54703.867292307,51270.3465671875,65500
78793.9882193285,75108.0348742768,64517.0569395163,54555.4658264345,51130.2484285435,65600
78549.1764209355,74920.8612653052,64335.7689787185,54376.6265512281,50989.3674116852,65700
78357.4439005202,74726.2449524774,64179.8517153741,54233.7691068253,50850.8822634304,65800
78226.5553909302,74559.2022209969,64022.7124175312,54114.790220943,50690.8549418022,65900
78049.0216850454,74385.3659297511,63864.8350446765,53957.9553444685,50525.7254501378,66000
77862.0681900845,74207.3388576905,63682.1037745301,53777.4444267568,50373.0238843526,66100
77679.0505339754,73987.1972156707,63539.6536080569,53636.6492640335,50278.4795224068,66200
77502.9450477787,73810.243922864,63389.8275876579,53525.060120018,50127.0729130617,66300
77305.5774517145,73654.0986425212,63214.3448143535,53363.7563217561,49972.8777437776,66400
77201.1466282787,73468.6945814164,63067.0434677641,53223.0495732532,49840.8488580772,66500
77006.8844391846,73282.960430493,62897.3637407746,53088.4180603127,49688.9251168006,66600
76813.7256528739,73132.270025479,62754.4968319169,52931.2303257519,49560.1461466603,66700
76620.6793797052,72952.6796597794,62593.8317701659,52800.2182428004,49436.7980803694,66800
76411.1802391106,72799.8795959819,62431.2448258568,52646.8438728685,49267.3273408939,66900
76233.3557620871,72617.9627020578,62292.7371074213,52508.7803656641,49159.1879771429,67000
76081.5133938394,72450.0152569374,62121.0171101085,52386.7307817371,49030.010277118,67100
75883.4625323687,72295.152228063,61952.2382718377,52247.2124099009,48857.8926980621,67200
75726.0433111576,72130.8780640354,61792.8023602737,52104.8555022721,48673.2413983758,67300
75577.7248713283,71967.5468549226,61615.1644174532,51967.3063902215,48519.1760832161,67400
75410.6531056551,71826.3129475371,61456.4772226498,51827.9508202799,48361.9443659971,67500
75220.483898969,71644.9957500914,61291.429403882,51680.0863317545,48232.9418244159,67600
75020.5812049417,71495.2854037773,61135.9333629733,51496.9559392052,48074.0218415692,67700
74856.3924982377,71338.5692800918,60957.4685375336,51335.5512280004,47900.483185673,67800
74698.1934379751,71153.9882134389,60785.3262610966,51158.3925379944,47744.5440320909,67900
74482.3969977331,70970.4697218943,60601.2557894256,50996.2741323779,47602.0768041368,68000
74320.9989338983,70793.3490144267,60429.4305380458,50831.1688066124,47446.8353646663,68100
74154.1346001644,70623.5962240493,60248.7408212338,50657.1766524984,47263.1231276651,68200
74010.5612180414,70432.790602257,60074.0606128376,50494.2830840442,47112.9204857933,68300
73853.5142247121,70236.4536598414,59920.1183426697,50332.5725315291,46963.8263923157,68400
73711.3230952599,70050.1663828253,59742.7964234029,50152.3942822095,46812.2421115549,68500
73565.2381879496,69894.8162539763,59578.612009267,49991.2017340506,46663.8721920203,68600
73421.6537793787,69744.5136962671,59420.1632272434,49832.1515060319,46514.0298124109,68700
73218.5105089214,69569.9431274684,59241.9958155443,49681.928558839,46351.5145213254,68800
73058.5207269492,69387.0787128569,59056.7298232372,49529.4795201581,46211.5259862918,68900
72923.727682838,69205.9949642102,58882.952605002,49373.1387318904,46045.232278023,69000
72750.3673558725,69050.3290504344,58704.9364438846,49191.5571221918,45876.6632986552,69100
72562.0135606823,68914.1416534275,58542.9611212723,49021.359587622,45694.6841681216,69200
72368.9969640013,68751.7102146109,58369.74151871,48883.1635497375,45557.4629761107,69300
72187.2705958351,68576.0127540292,58205.1630672944,48730.354590054,45400.5569130347,69400
72021.5415961641,68413.7294434808,58046.8530584753,48541.1856448073,45244.0581996441,69500
71828.6658726886,68233.0119282476,57885.0223480808,48380.7369709243,45116.9078927597,69600
71600.6727310663,68058.5731747908,57702.8097463143,48193.8832611239,44958.7080360399,69700
71404.4909769463,67891.9709688129,57521.0181618353,48046.3483597932,44781.205523802,69800
71215.7402613883,67712.8822209375,57353.1826295781,47890.8199384551,44612.7357399476,69900
71048.9909460574,67568.5437237458,57172.8185605896,47708.2032142984,44478.256810521,70000
70869.095319882,67394.0949878539,56992.4122213019,47546.1177961212,44321.9382020646,70100
70689.0295129265,67216.6712714316,56802.8145167228,47385.9936489577,44188.3928316842,70200
70515.8264664009,67049.5161061282,56639.9284025963,47214.3503127817,44003.6537871627,70300
70360.1662752624,66877.316132701,56472.679315122,47027.3265011138,43854.2191225654,70400
70198.4425594002,66683.0023351072,56311.2119247881,46841.1640290233,43712.9062092238,70500
70008.2659410176,66496.5699817039,56153.4281573712,46658.8405454575,43540.9677226144,70600
69881.6775749115,66332.5417915769,55988.880575009,46517.6912909983,43369.9816279851,70700
69730.938512834,66155.1514304412,55819.019504504,46318.1549969641,43201.9834602152,70800
69591.3704303674,65987.6908201876,55644.6501993637,46160.8997577119,43038.0910271901,70900
69431.5884966099,65813.0576464983,55464.1174830869,46002.8918401265,42864.0861977336,71000
69274.1791024213,65667.9692957552,55302.4901363696,45808.3409732199,42684.0455034821,71100
69053.4875246594,65518.6641483346,55143.4760533704,45614.0854830194,42491.0910528085,71200
68897.2758440116,65336.3525982055,54979.4545880291,45445.1148559759,42323.1914867194,71300
68730.9656312102,65165.7141507892,54798.0681406285,45274.3841485104,42120.6756751762,71400
68579.7000078397,65016.914712986,54635.3076392636,45100.3433448066,41955.263392011,71500
68418.5184786717,64851.7642222122,54460.1446483966,44936.0053835206,41794.8394912434,71600
68233.2154709287,64657.5839083447,54277.0946815745,44770.4939801361,41657.8449968518,71700
68065.1307294674,64506.7906394652,54089.5755422374,44602.4562264224,41503.9025979162,71800
67894.6102062127,64353.9283612158,53904.9873497256,44435.9177366258,41318.5542068702,71900
67727.6409392092,64190.3832820848,53720.9732694167,44276.7628068342,41144.6632324683,72000
67546.7061502914,64023.5343704009,53544.1214866882,44128.7539391655,40955.0415091584,72100
67383.5831964062,63885.7901490949,53378.4266068262,43961.9811572075,40798.6492689111,72200
67245.7168981952,63717.4265654682,53195.4441764492,43794.6289660125,40626.9785854339,72300
67099.8612853584,63571.9123278963,53017.4314741468,43607.7845936574,40475.8006385071,72400
66928.7582352878,63380.8575660647,52848.0783773801,43422.5171680352,40297.0233394826,72500
66757.0017480075,63207.4179473346,52666.8540353655,43230.8586834321,40172.6936198113,72600
66556.9102348062,63036.466704554,52499.2644430817,43052.810369912,39955.2130350221,72700
66404.8481523189,62853.6914227738,52320.5263288423,42884.0897472787,39800.1662381719,72800
66219.4467164622,62650.9610212108,52142.6100039372,42707.1482227848,39635.1285161137,72900
66042.013619906,62495.1331296616,51957.085754217,42518.807260214,39458.2118491011,73000
65804.8836771093,62328.6536264812,51773.2975256735,42316.4625170513,39304.2390788314,73100
65608.2684052659,62165.0527654933,51582.4094406023,42115.688463211,39150.870659075,73200
65432.126953583,61983.7150938257,51397.0544227989,41943.2941365258,38959.0736043311,73300
65303.8432497059,61797.7870093127,51207.9556520721,41763.466638399,38786.5873840073,73400
65173.6298148213,61627.2384839067,51025.869695873,41568.7748562752,38594.8344606418,73500
65015.7062614232,61421.247185695,50850.7025817985,41371.8384415987,38413.8928717901,73600
64875.7077469215,61257.393150093,50653.2747258769,41182.8622984488,38208.4293100649,73700
64704.7063543896,61082.2477072768,50473.1221416278,40982.151216333,38034.056228271,73800
64518.6317786417,60913.4193266715,50300.6823915648,40769.5690848694,37872.3990085872,73900
64380.4361259053,60729.9410767728,50143.8909618687,40568.6114603547,37699.1941479258,74000
64233.7078906076,60563.4199990352,49960.8427022492,40373.4212963639,37532.7603189465,74100
64012.3089482973,60409.7971941593,49796.319168128,40201.9854633321,37320.551046242,74200
63857.2422931784,60245.1391697855,49614.4844410438,39999.5666304547,37106.095992586,74300
63723.7206883519,60060.7648700445,49445.5707030286,39809.7273672632,36931.4344477837,74400
63517.4291421155,59877.2921961271,49274.3040423206,39636.1906307166,36729.6102353003,74500
63350.382135536,59694.4094167916,49096.5807330625,39472.4976768705,36528.5042304748,74600
63212.9727120501,59533.5442882497,48936.0322414579,39273.6692891432,36328.4286959636,74700
63035.1756226846,59374.8746412705,48753.9184797387,39083.4816901647,36124.4930273,74800
62887.5879555934,59189.3226281021,48574.5637807266,38882.8108360703,35944.4669740876,74900
62725.3962537267,59042.0788022725,48391.6987904823,38689.5722602834,35746.9067030957,75000
62548.8752678961,58865.096640743,48219.3784906662,38516.391310375,35564.5528732933,75100
62397.972533802,58676.6901155996,48018.868651318,38301.0706500356,35388.3236610495,75200
62254.6163177611,58516.4712570908,47829.1808863846,38113.1830463346,35174.4436821062,75300
62100.3682083588,58358.9623898971,47644.4061271441,37901.1463055709,35005.9167250567,75400
61939.2788991502,58194.3854874857,47465.1681263416,37707.0409506023,34850.7727412004,75500
61764.161835058,58023.2538228987,47275.4361236834,37520.7260797935,34648.3960339383,75600
61609.9990768073,57877.6417329752,47082.646903615,37354.2197278546,34412.2959800152,75700
61436.294618175,57698.6604840995,46885.2410650947,37168.0823183938,34208.2532970933,75800
61243.0931900467,57529.3947291868,46700.3223888664,36983.3468704541,34040.3521064407,75900
61065.2780103998,57353.5328531206,46514.2746687944,36789.603189329,33850.3161788504,76000
60889.0119111968,57172.2137693487,46346.7097181101,36605.4193213496,33649.6482623789,76100
60713.6028563053,57000.6694285938,46170.0657705327,36406.9133345226,33478.0228795752,76200
60552.1471103752,56852.5431263558,45996.4547499116,36226.839385287,33317.8489626484,76300
60399.0126737289,56713.8372154369,45810.4446238332,36037.6485831732,33163.047765144,76400
60210.4142519367,56566.6259035283,45626.041271844,35847.9369070377,32996.4770776722,76500
60030.1013598424,56392.57271788,45440.63942078,35667.4742503808,32800.892814407,76600
59859.2499544014,56218.3927052607,45237.5255106151,35482.5890984129,32610.4639372511,76700
59685.3499000447,56042.531287963,45064.5382956262,35290.8552934427,32410.2110512992,76800
59514.3178299054,55854.9268459397,44876.4859464123,35101.9015732637,32245.4299268031,76900
59360.7810257935,55712.7436130355,44684.949637052,34907.3151035482,32046.6131968338,77000
59167.416548165,55536.4367253462,44511.1583593519,34730.8575867268,31876.8456342567,77100
58998.0050773816,55349.7602628966,44335.4764865911,34555.3303183071,31680.8800446288,77200
58837.803627034,55169.3167387251,44151.9626399496,34362.0366396114,31525.1332504165,77300
58646.6470394536,54977.373693996,43961.0554515242,34185.6224186024,31301.5467701223,77400
58480.3909755038,54808.3155128974,43776.1017430682,33996.9662727936,31078.3169014165,77500
58348.4782927059,54653.086946484,43595.6646955369,33803.8707734485,30847.2391318996,77600
58175.7473255487,54484.0391453815,43402.3565390826,33588.7041646253,30632.1581140217,77700
58016.9912142921,54342.6276231624,43227.7568590884,33399.9405409695,30458.5115290445,77800
57848.9584453133,54175.6465738378,43040.8151054502,33211.1416586466,30228.7429990891,77900
57705.458777504,54003.7415234259,42858.4680378705,33026.1436633328,30013.0579796624,78000
57562.5734392758,53807.9877171785,42687.5725367548,32820.2407373802,29802.7915659168,78100
57433.0666994677,53627.2348710625,42504.9523914505,32607.524597198,29617.0053794507,78200
57275.8825835738,53476.0479063211,42309.1404524821,32394.7995400084,29436.2540259774,78300
57127.8477696144,53340.9771802337,42122.9467917681,32203.2948078254,29255.2482165674,78400
56981.3592371596,53157.564809881,41930.8396971822,31985.5779214139,29017.3769113474,78500
56794.7415567654,52970.4304133544,41737.1610753486,31793.9936398739,28816.2533100143,78600
56636.3769936055,52809.1481950066,41544.8642440757,31599.7461547105,28639.4585384805,78700
56465.1009400922,52649.4306768026,41352.3574188511,31404.364118515,28466.2179345093,78800
56293.4081262698,52488.1613468699,41147.7456292855,31190.8991950819,28274.8907490626,78900
56146.7829083346,52302.9441106988,40959.7012911854,30967.2709644326,28089.0347347508,79000
56035.3114712149,52138.8743496807,40767.8879883513,30777.6253137566,27894.2031510337,79100
55881.9836418351,51969.3220249255,40574.9542029216,30564.3813322647,27687.8444573578,79200
55709.262790369,51788.1926133254,40379.4340165528,30362.505959312,27521.8119525953,79300
55537.0132332174,51636.56114706,40177.300110666,30152.6984217538,27294.3257401762,79400
55368.1911155351,51458.3496194154,39995.2235139915,29964.7579225664,27077.1985368816,79500
55219.7591154269,51261.8221268118,39822.2925970107,29754.9158749093,26869.9776750349,79600
55097.2419137082,51104.0214869252,39632.4642368198,29545.9083135942,26652.2942994431,79700
54947.8857325689,50945.4415518097,39436.1649888198,29351.128216208,26446.9977342171,79800
54745.2826086094,50769.2869747504,39266.9474018383,29155.5254289547,26246.7850565821,79900
54541.2226399789,50595.6397577353,39070.7048643623,28944.0957784088,26055.9841176612,80000
54356.8377547228,50435.2512097305,38871.4861268457,28727.0536999687,25859.4473052014,80100
54222.1834307975,50269.846913061,38685.1150340987,28523.9518377921,25669.5126050372,80200
54053.5878939138,50085.1088754208,38496.0155336501,28313.313204178,25478.871225358,80300
53933.0535473234,49928.1893045999,38303.690049174,28112.621905176,25272.2229173014,80400
53809.3954701277,49722.8687529966,38126.0429964443,27913.1405247772,25052.1676738451,80500
53649.955739454,49562.9108176979,37944.7057983767,27709.6843069687,24858.9295504016,80600
53504.1119573597,49409.0919419377,37751.6444764288,27507.3905478368,24649.400830966,80700
53365.7786553863,49242.1457689912,37569.1515278422,27307.0319378313,24465.311237093,80800
53225.6763263051,49069.0230312178,37384.4207624083,27124.2989051983,24273.4994532361,80900
53026.5181366227,48927.1289428115,37195.3552539296,26914.8656612454,24059.278899026,81000
52858.8594263706,48717.7678922229,37001.0600653611,26733.8503509706,23834.203530058,81100
52677.4249943126,48554.1701288133,36807.2557478597,26529.6615557534,23619.9955998268,81200
52511.4030206273,48392.5720859105,36627.018412699,26321.4112456693,23424.7290242974,81300
52313.8556663043,48232.4754036598,36427.8551403306,26113.0819972083,23209.6386370931,81400
52134.2146222666,48068.3710361508,36229.1094363999,25909.9253851697,23005.7739451544,81500
51961.2966410992,47904.2604763664,36040.7598235366,25709.6309754561,22800.6135762599,81600
51841.776305038,47735.5554780305,35837.1581796897,25501.0311648014,22586.0474026252,81700
51681.102303769,47574.6966758811,35650.7508057158,25299.6359735318,22388.0397471789,81800
51513.3523119369,47413.172984349,35460.3864068461,25104.2575202846,22173.4320116905,81900
51360.6605736249,47251.5204263957,35285.2936849667,24896.4166021406,21977.843370892,82000
51196.4538865602,47086.2446657719,35089.4931763504,24683.4886409273,21767.1558478794,82100
51042.7069692085,46909.2558616573,34889.2360970663,24478.334289795,21565.6048165638,82200
50865.1932508885,46760.8247554503,34692.4737208949,24274.2211148126,21351.7052315687,82300
50711.1282218863,46596.9594497787,34505.9702200509,24070.9706323711,21165.2035981345,82400
50570.7605817863,46432.3617815005,34302.6137573716,23856.504288307,20960.2759289741,82500
50405.0084842963,46224.9721031164,34108.1671188157,23641.5527439401,20750.79091234,82600
50254.7016499317,46023.8460579403,33918.3199630833,23435.8804313436,20513.3710024078,82700
50103.1943822044,45855.8168227142,33732.6459817073,23231.2345990173,20294.1559929615,82800
49942.599414887,45687.6679948539,33551.2782037562,23037.0721602962,20075.9382052135,82900
49769.3073158788,45516.199433069,33369.0653195226,22837.3262185963,19858.0392716988,83000
49611.7189206075,45349.0669009078,33186.4157206465,22630.8900611519,19667.5608453151,83100
49463.4043947997,45158.3108528254,33012.117618945,22465.9386001822,19464.3549403394,83200
49314.7134273452,45003.0576186232,32823.8401050293,22264.1817688292,19266.501865415,83300
49164.4543519044,44849.9500546195,32636.9632513444,22059.6953489727,19056.7242262629,83400
49005.6023376189,44669.4341164331,32445.6254071825,21848.667224887,18850.2455098417,83500
48855.6014138543,44499.1371656243,32255.7874395411,21638.3914840865,18636.7695145731,83600
48698.6117109106,44331.9221173832,32065.9977985742,21440.811816622,18420.5143437801,83700
48530.0089320274,44160.9548701114,31867.4890385651,21232.811401647,18187.6689515717,83800
48360.5770960095,43984.4398891903,31676.180041648,21023.5992376067,17961.7907047389,83900
48214.6340646422,43814.9051342435,31474.3314028456,20815.4103803539,17758.6698337969,84000
48040.6247246806,43652.2783427986,31284.9381070031,20607.9558924169,17545.7386596412,84100
47866.2759793236,43495.0195407899,31094.6935870196,20394.0819552421,17363.1212616396,84200
47691.7744643235,43341.7403011882,30907.3106307131,20187.233374925,17153.2797633869,84300
47520.0407162575,43188.5328958128,30716.9929348592,19967.3496946885,16951.0475750792,84400
47346.2437837188,43014.7307778842,30519.5525102679,19728.2232467702,16755.7275891702,84500
47171.6352012914,42836.9553499344,30330.555916856,19518.75526868,16539.9865279141,84600
47036.2271682431,42663.6625471064,30126.4426643931,19297.1902425749,16313.9285773349,84700
46865.3421296825,42497.0423714181,29922.5998964521,19071.50541775,16107.8699522248,84800
46737.5138402556,42329.4199038936,29734.7567027024,18855.329031156,15914.3854563384,84900
46607.209793719,42143.4293667184,29540.757297314,18654.5818994546,15709.4420847974,85000
46468.5389347601,41989.0739154953,29351.4523378834,18460.793944098,15500.5465264628,85100
46320.8884713249,41835.8887216957,29167.9819766841,18242.3437821146,15276.319632362,85200
46177.7110681297,41672.5909422099,28971.078487713,18028.6808009349,15075.6596556585,85300
46019.7545009523,41489.321481954,28780.9208429518,17821.8833724391,14857.3789807543,85400
45843.1777167649,41321.2908079428,28580.3510089367,17603.6615582149,14633.8704295683,85500
45669.96245675,41157.4255182512,28391.753766743,17391.9726708592,14407.370874887,85600
45499.596977418,41004.2557849925,28198.3794485379,17182.3723139029,14183.4986265487,85700
45328.7738156752,40843.936987522,28009.6423353634,16968.6382340951,13978.5542533723,85800
45160.1964499501,40661.9997523292,27809.8318198757,16765.0308057518,13770.9449878301,85900
45020.4176851678,40467.0658974532,27612.700965841,16545.2953426719,13537.2787827628,86000
44880.8482225656,40291.176479687,27413.4937356585,16344.7782081144,13337.1278785367,86100
44702.058445392,40116.3697941886,27208.7047465038,16138.5256707399,13141.8423170675,86200
44523.8718908939,39951.7700733465,27017.972556196,15941.5747838966,12936.2767720947,86300
44344.888526274,39781.3740473857,26818.0291433343,15746.6752893448,12749.9811245247,86400
44154.4247405955,39605.4558821798,26629.1132458429,15532.3739969335,12552.3341881711,86500
43986.9370900668,39436.883164347,26436.6484174172,15312.0212063015,12351.2091839604,86600
43807.8522286308,39267.2974054839,26259.3803341278,15109.2545806655,12169.6465922784,86700
43625.9187306734,39094.6144237032,26060.5557348908,14909.5933575836,11967.2119525418,86800
43487.6824987165,38924.2146921067,25866.8935612534,14688.9380881339,11726.119368648,86900
43327.64560996,38748.3780459223,25675.8842636338,14479.4592480403,11519.6952377052,87000
43117.1734615466,38581.0041612013,25481.7322574193,14268.0424019523,11335.4224575589,87100
42934.5927513682,38413.1987797067,25288.4216966541,14059.4773019606,11124.6676166373,87200
42772.4361016532,38256.4016306147,25091.5521180651,13826.3648186087,10914.2565752589,87300
42623.0556299854,38096.0608604661,24900.1978780152,13612.5848855436,10682.1446091895,87400
42476.2041585873,37931.3887641993,24702.8027480958,13417.1936880314,10461.1583666504,87500
42294.2755412234,37758.421992362,24500.8631171233,13199.7759212505,10229.392702981,87600
42121.6577726021,37630.9223085138,24303.5554985148,13002.2332548998,10022.3492600948,87700
41963.07859301,37478.6050186048,24108.9719439247,12783.2327421799,9814.38895741982,87800
41823.1942319486,37282.0310529853,23913.949921445,12576.5136111735,9607.0535270531,87900
41641.4076470138,37125.4430336395,23730.0381231548,12368.6668991639,9384.53547688646,88000
41466.1175176406,36961.6005850321,23538.6661592552,12160.8067212666,9169.5563145213,88100
41347.4843066059,36783.3772735618,23337.3874144505,11950.185664131,8985.43878091038,88200
41183.5710803396,36624.1068571982,23141.3740046582,11735.498358941,8771.6070667373,88300
41027.9683564265,36458.6189427565,22954.1074983268,11542.0927733777,8564.90905891356,88400
40888.6015120847,36282.0435227803,22754.0695588632,11334.7230241961,8349.38047853881,88500
40721.9590240446,36090.4449300134,22552.5381342595,11086.7610735616,8132.4240018121,88600
40522.284269027,35916.2943699203,22350.9523577137,10885.4047727789,7929.82085600313,88700
40384.5911687143,35760.7896276407,22148.8987626754,10665.6965908834,7706.93176157218,88800
40225.7945816036,35582.5473088032,21947.4065515058,10462.3561262358,7476.18289047331,88900
40066.0889922966,35425.058690213,21758.7127147616,10260.1098149046,7245.65477099913,89000
39887.7922979936,35250.5405861759,21569.8449079336,10051.2491194288,7015.18214945493,89100
39705.8658688941,35090.9221756171,21389.0123993004,9841.00883276283,6789.45628363945,89200
39557.1203871868,34892.5039651666,21194.5151882102,9617.28579218287,6568.82800032214,89300
39408.2318130168,34749.5284011883,20993.4302822964,9393.60478611357,6336.90715438219,89400
39259.0196573062,34585.6510479738,20810.7348810815,9170.66886409651,6128.03240165053,89500
39082.5902083363,34412.4458950816,20619.2210083658,8946.94517577714,5903.74192609997,89600
38957.6643116809,34254.3958870806,20423.4783697262,8747.10693525054,5658.05165348479,89700
38762.9968291001,34073.3310106842,20216.9783934046,8527.8954128976,5467.9420189745,89800
38619.0428394242,33923.2714025669,20024.1999960808,8330.56105082629,5247.71479971971,89900
38437.0076308002,33739.6178813167,19832.1951627867,8114.21697234227,5032.11220945495,90000
38279.0491509956,33567.9630157397,19633.5870731653,7901.56117643773,4817.98349329136,90100
38107.089002235,33415.9524992497,19426.6620374962,7676.41484274302,4608.24416311596,90200
37934.0538817955,33235.0751526435,19238.1061633716,7466.134479312,4364.71321164695,90300
37828.9382462846,33055.4425033049,19049.3457186014,7251.74089844046,4150.09980800745,90400
37636.7463468857,32880.6173853059,18858.7419395934,7040.13587197403,3913.81423516032,90500
37500.2693219442,32708.0997599962,18652.4885156958,6806.59501325303,3699.97711070429,90600
37344.460295562,32535.4746293026,18458.2815405477,6600.8633205458,3457.02225704456,90700
37170.0640048985,32364.8903249547,18266.1837604741,6375.26182335288,3254.47147372581,90800
37023.8487666813,32191.2532679605,18073.8663107201,6171.6180971129,3050.24701049637,90900
36839.8520662,32014.1198578765,17871.648656695,5959.44881933607,2829.10593731831,91000
36675.8192929637,31838.7331306514,17672.2963870158,5754.98460791712,2596.13951224467,91100
36511.6650612689,31669.7118309508,17478.4214782419,5545.27029320706,2364.79197869143,91200
36354.9572418723,31490.9822050193,17274.5859175551,5331.76200746636,2171.57206839294,91300
36200.9434667429,31326.3365531202,17083.5042452684,5111.72774233267,1954.62688155907,91400
36046.5176750419,31153.9937552863,16889.1076394147,4894.23556711394,1738.23993761559,91500
35890.805594397,30979.3406804457,16673.6740240969,4676.11268693587,1517.12275637046,91600
35732.1450377108,30808.5268355341,16476.4469916207,4473.15243922107,1300.41775229688,91700
35535.8138304441,30657.3442992186,16285.5106942117,4259.77159295909,1078.39683784933,91800
35346.6701580477,30475.6698075873,16101.1387851999,4045.46702352845,862.331211602232,91900
35180.7845973915,30312.5699159502,15905.2823708778,3842.16464852514,647.325821323719,92000
35044.243062809,30163.1300751679,15700.1866282252,3626.22903807134,420.824571949672,92100
34901.2524819049,30020.419908482,15504.9871619646,3403.03296876953,210.786079010738,92200
34724.1105587062,29855.2038966856,15317.6407517243,3166.79537630745,-16.7097810312924,92300
34532.1950841176,29693.0033996338,15126.6941191587,2946.32479063081,-246.237317407732,92400
34352.4652466575,29520.8302063148,14942.8516672782,2736.98075971569,-474.881873756288,92500
34214.4898295339,29344.3379518713,14733.3241700367,2514.22235723697,-701.731660504745,92600
34049.65030392,29169.161392704,14545.8100195211,2300.17490152732,-913.261290638663,92700
33862.6445708895,28987.9980080642,14357.6899222744,2083.88367897681,-1134.9916909412,92800
33698.3054161532,28800.529747826,14160.4436591423,1875.0638839555,-1354.39356970001,92900
33504.7955508053,28608.3575939595,13946.557490831,1647.69638308091,-1575.57962722476,93000
33337.1715348442,28427.1165691005,13737.2437406384,1428.72108826196,-1796.71073400357,93100
33170.2269588318,28242.8495851399,13527.6444326963,1201.62973067386,-2017.29754888791,93200
33036.3275385528,28072.043849207,13316.9928014365,991.343393695343,-2237.0572450093,93300
32883.7385273595,27889.0266271625,13110.9452626572,782.06485118785,-2456.76404813088,93400
32719.9767998594,27699.7252693901,12909.3303352259,571.363659227736,-2673.20296560222,93500
32549.395250693,27522.3337589871,12718.5723859066,348.122446983623,-2875.89226095334,93600
32381.5365524496,27343.9222704447,12521.3797238006,134.310952499801,-3091.46887274163,93700
32215.3186630447,27158.0161296764,12319.2319107291,-76.9622048867095,-3319.18001821408,93800
32052.6678470559,26968.0929236172,12123.0500941323,-285.981899437142,-3557.17848741036,93900
31907.1261727574,26792.1264111373,11944.8090959915,-490.522742036898,-3773.04483270204,94000
31778.9877993423,26617.3088629725,11750.9202994266,-703.811470252926,-4008.77738877684,94100
31649.616962619,26442.4014651093,11538.7797534846,-923.939479734897,-4230.81104522504,94200
31520.1113152414,26282.002670779,11337.7031785802,-1132.54116554037,-4449.614651522,94300
31373.9258995759,26091.4398743275,11129.1203901605,-1358.43493900434,-4676.56010355045,94400
31237.8447762877,25913.604149624,10925.009974322,-1585.80345236167,-4902.11123250532,94500
31107.3453719455,25747.0820288515,10722.326765125,-1810.24675884337,-5133.11876155105,94600
30913.9592274578,25580.67960012,10532.231043418,-2024.84458065136,-5352.25462693088,94700
30734.8732717762,25416.4360251187,10347.6305465092,-2239.78306722683,-5575.09096344488,94800
30541.3417501051,25249.7972144548,10168.2750573145,-2446.6247579542,-5787.82379565898,94900
30336.8176869476,25095.1809992985,9976.8972577904,-2653.0113681632,-6006.46100262329,95000
30169.8442728133,24930.1409837087,9777.96518151132,-2862.07024219477,-6244.25844759285,95100
29981.7215159143,24760.6489053665,9584.35365115005,-3056.80919400152,-6451.91681143946,95200
29805.3456795984,24584.5336604956,9390.10975426525,-3271.79961068045,-6660.7006040606,95300
29655.1934585876,24405.703603967,9191.57065181061,-3467.80229148459,-6894.52994034548,95400
29504.9240121476,24227.5323559379,8992.05586266019,-3661.31128941942,-7100.9940038304,95500
29352.0661471191,24043.2288076428,8796.51842172784,-3865.65160438102,-7333.4134789637,95600
29194.6198182676,23874.6320915119,8600.16325010815,-4077.25389073873,-7562.82658027824,95700
29037.6628879906,23696.6649217404,8411.17787714433,-4292.32647451855,-7773.59999523676,95800
28887.849951484,23518.6184708216,8205.10305017012,-4504.00649337919,-8010.83008670287,95900
28734.1938354384,23352.4057047597,8005.43852379753,-4715.64929826411,-8202.90620232781,96000
28563.9618067551,23184.3409913483,7791.62417506961,-4927.25448596846,-8405.69379241097,96100
28399.5185091826,23009.9095710636,7595.53854384286,-5131.92467567042,-8635.4527387738,96200
28230.0495893537,22822.219612828,7389.73466522528,-5332.95037178051,-8852.21574989607,96300
28070.1106455712,22634.3303256762,7184.02739030946,-5535.0229846789,-9070.89957635592,96400
27927.7656941807,22448.7023599604,6997.96823749701,-5762.93361558934,-9309.44315996664,96500
27756.0963386294,22270.1146602225,6792.81107097797,-5984.43010299708,-9549.37440561902,96600
27587.3214029543,22091.4515819192,6591.32156075496,-6193.38732523137,-9771.82795617371,96700
27399.6884092405,21913.5888444971,6376.52467457031,-6412.72123026015,-9980.73250421279,96800
27239.7476789233,21733.9012138061,6179.89231539432,-6629.04994389463,-10206.0853866198,96900
27095.2208203707,21569.0989408592,5972.99117863251,-6828.04448132585,-10413.408248389,97000
26943.934600776,21392.0124207779,5764.72439170383,-7055.3785666084,-10629.2917905897,97100
26750.6530144504,21213.2716130959,5562.53114562375,-7262.56405961033,-10830.6425673891,97200
26603.5642584878,21031.7194964103,5367.33311942299,-7451.4732654611,-11034.534396804,97300
26464.3258536036,20858.5110095732,5179.856896969,-7674.16297069129,-11263.8073950077,97400
26304.039760279,20703.6343783597,4990.20418269247,-7886.36382989768,-11474.8538324702,97500
26130.74014813,20522.3556483906,4804.7863888123,-8114.38813989546,-11692.9355760056,97600
25959.8552857239,20354.5999266656,4614.70968160208,-8327.80799885666,-11897.2680317924,97700
25770.3268094116,20191.4931876675,4415.47151891618,-8539.66824173434,-12124.433360418,97800
25580.7340670421,20018.1956957414,4229.50558176752,-8761.07365551403,-12347.3591630942,97900
25433.1945705848,19847.1892751732,4039.84557301918,-8975.78219884898,-12556.7253225269,98000
25306.4784658256,19683.104214925,3845.25772438061,-9178.04247441803,-12780.899989016,98100
25143.90390767,19511.671884691,3650.02870574282,-9388.18376456481,-12997.572053521,98200
24944.6576496225,19312.977620342,3461.7720761075,-9615.04506155711,-13208.3801267859,98300
24744.3252175994,19136.1222535853,3260.01409010092,-9827.9487202319,-13420.4623354142,98400
24572.3191460606,18958.7957896279,3053.21960383856,-10024.6755643904,-13632.1111292555,98500
24449.712939074,18787.7932345028,2870.96300426096,-10235.4681535837,-13842.9089431221,98600
24332.7037303662,18601.0355094851,2673.70098116677,-10448.7399788204,-14073.3842489431,98700
24152.0973609078,18411.5404921807,2472.53899965336,-10660.1306546697,-14283.4210957647,98800
23990.6448360015,18217.5420118818,2274.8492335839,-10871.4709047619,-14487.8968320356,98900
23812.7766915353,18041.9352443997,2070.9250024052,-11082.4319535789,-14695.0563967646,99000
23626.560808108,17871.4742811986,1864.70442617896,-11278.8746603299,-14911.1010135982,99100
23439.2703842107,17694.0662206173,1660.43231900931,-11479.9943280082,-15127.6105965453,99200
23249.0409668328,17525.8079490633,1443.42828337113,-11699.1963663459,-15344.6163689759,99300
23094.4257826608,17335.9878465591,1260.59454087937,-11914.9171025135,-15561.5442467958,99400
22907.1340752039,17140.0915195619,1067.64883220513,-12128.4602857335,-15778.3939309721,99500
22752.1915856412,16943.0840036226,868.298714470919,-12333.1664923271,-15995.1651243541,99600
22589.6560921612,16772.6648105674,667.852035861368,-12527.8895466016,-16211.8575316658,99700
22395.3483377894,16602.1710789752,459.797562275271,-12734.0366001121,-16428.0936693166,99800
22200.9913815545,16431.0229210385,246.897942743948,-12948.762543588,-16649.4975494068,99900
22087.0726339668,16259.7575478134,46.326114300522,-13162.4833633971,-16885.4658668081,1e+05
21973.7239057074,16088.4197331173,-142.758306408643,-13374.3705230733,-17103.7045363132,100100
21821.8964607881,15918.8629244132,-332.170678178263,-13585.6054369457,-17323.5856593845,100200
21671.6919336263,15756.9658216248,-529.42446711925,-13797.3035676059,-17545.7148208129,100300
21535.1087612855,15584.435862538,-720.198861766235,-14010.0326562843,-17774.6988542785,100400
21354.850519308,15417.8195969197,-924.799101288154,-14228.1268495349,-17977.7260789793,100500
21197.18748003,15261.5976515644,-1110.90045984781,-14450.9277230879,-18177.9271992651,100600
21016.4691940989,15076.966586459,-1304.18654142949,-14652.3613327295,-18401.0159331276,100700
20827.0888331516,14900.4972779122,-1501.03387455991,-14854.6495216742,-18622.186976394,100800
20637.6549703224,14723.9780735341,-1691.30171405984,-15064.9098173269,-18843.2598148792,100900
20448.1680571525,14538.108687039,-1893.15454202222,-15270.2457759033,-19036.3166525176,101000
20264.02178866,14363.1149882933,-2083.05390030551,-15487.1138802194,-19257.8727095938,101100
20119.427677032,14210.3302820382,-2279.91326799717,-15695.6944179794,-19480.1945283554,101200
19946.8406683364,14035.3126628303,-2477.50028994584,-15904.5516045534,-19696.8821258847,101300
19803.0408006912,13874.8960795504,-2683.22477248785,-16112.4664584598,-19917.5208930438,101400
19668.8539457176,13698.1883056087,-2886.5220213175,-16337.5061206252,-20132.7361139889,101500
19534.559167617,13527.8836580626,-3089.94441333626,-16556.1052163627,-20344.379989516,101600
19386.8087532502,13356.0700931864,-3284.98331377522,-16756.0268495781,-20556.4892078419,101700
19198.4955264311,13191.041286428,-3487.37885729564,-16964.6636347561,-20774.9952919437,101800
19036.9458879804,13011.6840916101,-3681.06041766592,-17175.1633002764,-20971.7634525948,101900
18883.2016631398,12836.9563298911,-3874.46343011712,-17378.7805016965,-21176.6336572252,102000
18725.4325418075,12656.0631554606,-4070.45457296807,-17604.7631093285,-21401.3271615057,102100
18555.4431617291,12464.8531805511,-4270.57510771162,-17823.5465013713,-21605.8018319808,102200
18380.5887562562,12287.4436492659,-4472.65845901256,-18034.9033246463,-21839.974253578,102300
18212.2264440174,12124.6994324076,-4669.97543668612,-18255.456272754,-22063.2930895841,102400
18052.6583561998,11967.1755512895,-4862.69339277467,-18467.3923383221,-22273.7700036068,102500
17884.4349056932,11779.4973875942,-5050.10926883106,-18679.4891067974,-22478.4161148867,102600
17736.9997977052,11592.5726994998,-5254.7121196468,-18905.7591448222,-22682.5355057606,102700
17562.4362483016,11400.0035755193,-5461.77272801,-19124.9225624135,-22886.4482491057,102800
17381.0155278712,11216.9434189029,-5662.6596009897,-19347.4812017426,-23102.5083889335,102900
17199.0978619018,11034.2025983681,-5855.03580845529,-19560.3195106105,-23316.5267395824,103000
17016.8640689463,10863.5790331037,-6045.24792684709,-19782.3294611775,-23534.281733728,103100
16853.4561974673,10704.9785046068,-6246.83078130565,-20004.460628399,-23747.5724917074,103200
16714.6509671315,10516.8285228128,-6447.62344553781,-20226.2482251536,-23962.535064885,103300
16561.9303651121,10328.395255115,-6642.28440192745,-20448.8139541838,-24181.811444918,103400
16364.1358248249,10141.8324349904,-6846.15703863666,-20664.217582737,-24411.7257124116,103500
16165.7642678158,9964.36992834861,-7039.39344775942,-20884.6249267314,-24642.3561671315,103600
15975.1822353361,9776.89872148956,-7234.3110245803,-21107.2690733588,-24871.9457560393,103700
15801.3672694601,9603.20215413674,-7428.39510436309,-21319.480701762,-25093.3570646708,103800
15627.4868962575,9426.64075238864,-7629.47822530184,-21531.1167511337,-25314.4526425487,103900
15453.5415065385,9249.91745154211,-7828.73872271919,-21727.1203885836,-25534.8423022194,104000
15279.5314900421,9072.90230283415,-8027.37922042237,-21950.2670212966,-25754.6596896829,104100
15105.4316155974,8893.73420304246,-8224.89599737122,-22166.4657416327,-25966.6809954225,104200
14931.0061214205,8705.41770242529,-8427.39929883875,-22390.8139441921,-26175.5899529114,104300
14773.8222194204,8530.32259035567,-8636.8234766351,-22596.5602372477,-26384.1007554271,104400
14636.760605461,8358.66745410562,-8845.58882615407,-22791.4559985482,-26600.1810615714,104500
14460.8946608116,8188.49642632064,-9053.33465575612,-22997.6249606974,-26808.2768888233,104600
14281.8148582242,8013.84419749886,-9260.63328793886,-23204.4872812969,-27023.7121072092,104700
14105.3201597489,7842.29472351879,-9467.12724199441,-23407.2961701844,-27241.1025090141,104800
13943.2961752279,7663.54738040831,-9663.33015519561,-23616.3015234556,-27456.731530924,104900
13769.9051072942,7484.35093625761,-9859.55562322048,-23850.0710819472,-27657.1406821134,105000
13614.6432752254,7307.47229244534,-10060.821877653,-24071.3381967203,-27876.5339761127,105100
13441.3207630963,7131.72454132165,-10257.5970078392,-24281.0293363303,-28108.4785075239,105200
13274.4138105037,6961.49256243067,-10450.2321887867,-24498.7625891778,-28325.5932715266,105300
13121.3453846022,6774.24194808261,-10650.893054831,-24709.330285358,-28534.6282243352,105400
12968.1941001458,6601.75783144982,-10857.2542329503,-24919.4327432402,-28746.3353315308,105500
12810.599741669,6428.80523029914,-11056.8621977324,-25136.9662764104,-28968.7714160149,105600
12649.8865859433,6246.09993415962,-11257.2201147946,-25357.6132376064,-29190.6396422377,105700
12491.4855943266,6068.60382718456,-11461.6250859504,-25558.4873235037,-29407.112736938,105800
12329.2565517956,5892.0031451324,-11659.0268012028,-25768.7367499257,-29622.8382884412,105900
12148.0872059485,5720.10035419092,-11856.7301404179,-25992.0794304665,-29828.8615148858,106000
11990.1664838522,5548.2577209045,-12053.7105413955,-26214.1679398413,-30032.4810135344,106100
11830.007436662,5364.97448743222,-12258.9033268997,-26435.7414616369,-30236.0269309617,106200
11659.0095389325,5171.28565279784,-12466.8791924656,-26653.696060725,-30439.499056937,106300
11503.9507992424,5007.79023235342,-12675.6071929161,-26854.7736184216,-30667.6964200342,106400
11316.3959725991,4843.9910633285,-12881.9082993326,-27070.8664119473,-30896.4375156388,106500
11127.4250429275,4692.45895608136,-13087.7869996149,-27292.4500249599,-31100.0276124395,106600
10937.051902622,4533.56023073945,-13289.0741193678,-27513.6603790728,-31301.138186638,106700
10746.6450761317,4349.4880470573,-13490.5806553527,-27736.0007109608,-31509.3056683853,106800
10541.3909314853,4175.74823295333,-13681.0454968724,-27956.8343565446,-31737.7638303978,106900
10367.9525753284,4021.18121398683,-13885.463310313,-28173.4431268799,-31983.5890770714,107000
10179.75458835,3828.82501678747,-14072.4579479032,-28393.2524140178,-32194.670092297,107100
10024.8429002725,3620.46765312174,-14264.8777915566,-28597.4054963708,-32393.6350202353,107200
9872.05856026562,3425.58569234,-14464.6645420893,-28795.22966215,-32592.0648787332,107300
9715.09368072214,3268.51609165037,-14644.8178518186,-28986.378385508,-32790.4300266421,107400
9550.3543128968,3104.81849749647,-14840.5364189432,-29193.5298070485,-33000.6441819342,107500
9376.89512484688,2918.46003589646,-15036.3108697397,-29408.2845555765,-33209.5490480021,107600
9195.01639336965,2740.06588116088,-15238.2339070552,-29622.5612384252,-33412.6761396333,107700
9013.09439288443,2555.35719670476,-15432.9099905551,-29839.9717956131,-33638.6576630269,107800
8837.89888912022,2394.95655407478,-15641.1561148836,-30055.6590574893,-33851.7406313321,107900
8686.65943493854,2234.35428877553,-15849.3545149935,-30269.7129420687,-34054.2809102256,108000
8534.66499000556,2071.51773864076,-16052.2739785053,-30475.0213483634,-34257.2286745996,108100
8365.41980436866,1859.5222955115,-16249.1187206019,-30686.0028952522,-34474.2504869552,108200
8190.02904171704,1694.83931796615,-16448.8711350607,-30901.0113016659,-34691.149708795,108300
8047.85936221539,1518.13686908518,-16647.8836691477,-31115.9149607539,-34907.9262191268,108400
7897.06604158822,1330.97948733664,-16848.2490141854,-31344.1776083764,-35124.5798983361,108500
7731.32090574581,1156.93564397624,-17057.5458813569,-31547.5825048792,-35336.7925513691,108600
7548.30326200742,992.756220691012,-17263.8083136022,-31759.4639323046,-35548.7929326333,108700
7388.31137989008,823.53661701905,-17472.8007093937,-31965.3590052896,-35760.6838944457,108800
7203.76406175333,638.452226804621,-17669.6447055017,-32177.8753878512,-35971.7845325611,108900
7018.96730099468,496.045940799335,-17872.2281806865,-32375.4199419581,-36175.6717925543,109000
6834.13489670457,322.592963532789,-18078.4938589598,-32581.9514498814,-36382.1556602379,109100
6649.26719635809,151.445421080623,-18279.8735532626,-32795.6495546883,-36583.0516556165,109200
6463.91061234495,-21.258155840815,-18486.9477892933,-32998.3479832358,-36795.7484415035,109300
6276.21669739941,-200.62049377037,-18695.1014043238,-33200.6308882339,-37008.8285799734,109400
6108.66601578953,-385.019403351357,-18889.0287946323,-33402.7455393943,-37222.7694406315,109500
5940.10337151812,-569.911223474872,-19082.7020417657,-33600.972898593,-37442.5603475589,109600
5782.1192145763,-744.633413461789,-19276.5525486983,-33799.0568578236,-37659.9439372364,109700
5624.06824498102,-927.512272117764,-19474.3493148985,-33996.0944221382,-37866.2030164649,109800
5465.65074280586,-1111.20987438684,-19675.9139485947,-34192.3052720566,-38073.6350608983,109900
5299.33313007813,-1290.17484381184,-19881.7761741882,-34402.2838889261,-38286.0600276355,110000
5120.3248195843,-1474.01700120167,-20085.1970487308,-34604.8697371623,-38498.3681949294,110100
4940.58759719325,-1671.14869602448,-20287.5160205762,-34811.8054972604,-38710.5594529409,110200
4775.66955374532,-1851.75215799669,-20485.1884397701,-35019.7872072539,-38921.5880708796,110300
4595.21395428294,-2030.23303586374,-20684.1903354283,-35227.5271607532,-39131.5875569907,110400
4453.91974165063,-2200.80304541088,-20879.397504881,-35423.7386465284,-39341.4759058576,110500
4319.99188559708,-2417.65434905727,-21077.6457358005,-35630.2986823637,-39551.2530032108,110600
4165.90326991192,-2594.27996993612,-21278.4201259817,-35838.2166062721,-39760.918736004,110700
3992.34065676816,-2755.83242219474,-21468.7000518819,-36052.0595400544,-39970.3502626235,110800
3804.73276148186,-2917.75481091193,-21668.4579972478,-36274.3435155537,-40176.2095732895,110900
3617.09902273947,-3091.68507292434,-21868.7826160706,-36483.8526329981,-40378.5444985026,111000
3429.43976983519,-3282.99791024551,-22063.6894186529,-36691.2498259485,-40585.7205590791,111100
3241.75533103589,-3474.32061055964,-22252.989128966,-36887.6007495029,-40798.2422399264,111200
3079.57336867904,-3623.1498662362,-22448.4251967941,-37085.6825807232,-41010.6276556005,111300
2924.76431178569,-3805.64026393315,-22632.3051792985,-37296.5900901965,-41222.8903071634,111400
2769.8549798634,-3988.43650390192,-22818.1077001412,-37507.3747477401,-41432.9944534167,111500
2614.88022072086,-4166.06084465592,-23016.4248238911,-37716.1318713205,-41647.3610502394,111600
2459.84031866618,-4341.72237577408,-23215.8816624597,-37919.4116822117,-41852.729737702,111700
2320.43784803484,-4515.43245231416,-23412.1711465263,-38117.0452950505,-42057.0014525953,111800
2195.69932953844,-4687.73883267805,-23603.091852915,-38304.6700722865,-42254.1401134437,111900
2049.18998811049,-4866.61456595207,-23798.5630658189,-38514.9590408579,-42434.4330020243,112000
1852.76394445316,-5056.79185903664,-23988.6802825072,-38732.6479460772,-42622.6591579298,112100
1675.25375800281,-5235.38838781308,-24178.8738636006,-38951.8727725916,-42810.8286177923,112200
1499.13620511701,-5410.94601004843,-24367.7814869609,-39160.6268053025,-42995.2274407369,112300
1331.05365491979,-5599.1650372171,-24573.0027295954,-39356.5846755725,-43178.2309525586,112400
1138.47282193902,-5778.87237815953,-24770.3252573648,-39552.474325464,-43376.1619820866,112500
945.647831253908,-5952.95672541365,-24961.5141826935,-39754.9885707954,-43581.4083100099,112600
752.809239779182,-6138.97557012364,-25159.6041719675,-39966.8505190947,-43801.1704927695,112700
559.957363530589,-6321.69854797139,-25357.5485152506,-40173.4279838386,-44010.2226646938,112800
396.750920737418,-6499.52894403083,-25556.3751833433,-40376.5646681248,-44217.7435529543,112900
251.992411135132,-6660.60419548467,-25752.0698411188,-40578.5145326981,-44410.7904135488,113000
81.2072997387282,-6817.6574274245,-25950.7183829979,-40781.5004081938,-44603.7623698878,113100
-98.6651782303714,-6987.02223528425,-26144.3735431212,-40986.9775787735,-44818.2826531548,113200
-278.568855516482,-7181.98205941469,-26337.2121688324,-41185.5141383358,-45043.0256222761,113300
-458.503430597736,-7378.55467364051,-26528.6629514208,-41399.6467248455,-45258.1220316156,113400
-635.80550994584,-7575.12174920942,-26726.2562294056,-41605.3359587599,-45466.6241915724,113500
-798.280810260149,-7759.08996270857,-26920.4664706359,-41806.1471514212,-45676.5051686317,113600
-961.175122440085,-7937.40642729246,-27114.1504502149,-42017.6545439512,-45899.0610337708,113700
-1124.12151186919,-8120.09817678182,-27310.9403765373,-42224.3264431516,-46121.289292474,113800
-1287.11969910591,-8325.64435404322,-27509.5076012157,-42430.2974572096,-46329.9897600639,113900
-1450.16940540413,-8523.78312324483,-27710.1392850111,-42631.0621220407,-46533.1132609438,114000
-1613.27035271185,-8717.34736130322,-27900.8875231572,-42839.0789711373,-46734.6948513078,114100
-1777.34900563746,-8901.08082796552,-28102.4524967364,-43046.2901258153,-46941.9999566106,114200
-1941.74301266963,-9070.51585291043,-28297.0843014571,-43246.5658518342,-47139.3151176405,114300
-2106.18572141464,-9242.98935742614,-28494.6672273771,-43444.5295745442,-47340.6357950257,114400
-2264.36202381669,-9418.54916256755,-28691.0666538577,-43643.5305742934,-47541.7994502587,114500
-2424.16063376546,-9600.56744426445,-28883.8023766087,-43852.8478927897,-47741.3754180206,114600
-2597.45942193343,-9794.88601997396,-29075.6538394592,-44063.1637646012,-47945.0252753581,114700
-2760.93860612027,-9987.15272757582,-29272.6185676812,-44272.9831306081,-48146.7454928025,114800
-2925.24177032428,-10180.4402538635,-29466.877536604,-44469.9031652487,-48348.361193575,114900
-3100.80105300971,-10373.7240008892,-29663.7403946486,-44674.6639276663,-48549.8722952451,115000
-3260.41060251011,-10557.6180850843,-29862.2975980459,-44873.5342427236,-48751.2787163757,115100
-3420.0727660722,-10751.9161038682,-30060.0250473302,-45078.3459268036,-48961.3584914512,115200
-3579.78727924735,-10953.5498159809,-30257.4424796918,-45288.5261148557,-49181.3474338856,115300
-3740.77657438178,-11142.3279705976,-30451.1148098675,-45493.3207409197,-49388.3401112348,115400
-3898.21032302243,-11306.8177677082,-30641.6972933575,-45690.3078051394,-49594.3592343111,115500
-4056.98094826069,-11467.1410933722,-30834.6505619772,-45898.0725638603,-49799.2715759633,115600
-4216.05676185607,-11630.9780551669,-31041.99847559,-46105.5373447436,-50003.5495546293,115700
-4376.3125631031,-11801.52990573,-31240.8312967178,-46309.4313477764,-50203.1813531564,115800
-4536.61880556258,-11977.8472974768,-31437.786066869,-46507.6913486408,-50393.8672577583,115900
-4698.51318585832,-12154.1857845387,-31624.0221843989,-46711.9149423414,-50584.4763300897,116000
-4857.66971161627,-12330.6840169279,-31825.6823409117,-46908.3699199445,-50775.0084582769,116100
-5017.83757992117,-12509.7110408314,-32025.0378949767,-47114.326190856,-50979.2504131702,116200
-5186.63294478748,-12668.5372214112,-32215.6460659166,-47320.1712842104,-51184.9764499711,116300
-5355.71161992902,-12846.652837439,-32406.2187497132,-47527.0673052356,-51390.5791619302,116400
-5524.82921762292,-13035.9171723307,-32598.6174471838,-47732.5637510616,-51599.2822348872,116500
-5693.98547122806,-13225.0734524483,-32793.9301803777,-47937.0387640716,-51813.3799013814,116600
-5863.94544356408,-13415.0887189745,-32990.5299043118,-48140.9970890878,-52027.3244669777,116700
-6033.99988568457,-13592.2541688183,-33187.686898198,-48344.2133573182,-52241.1159524043,116800
-6198.9074403039,-13768.4417054643,-33388.1690797002,-48547.2459266862,-52454.1199242735,116900
-6364.00896650796,-13954.04181672,-33587.9359443958,-48749.9722454131,-52659.7832060522,117000
-6540.17504267939,-14124.7201619537,-33786.9581201201,-48952.5939608938,-52860.9795753719,117100
-6713.31241996943,-14294.2850354851,-33985.171433348,-49155.1109957293,-53056.111722248,117200
-6882.92199266259,-14471.9906629617,-34176.5868051848,-49357.3691560233,-53263.9697957053,117300
-7051.27888299593,-14644.0288845907,-34372.1774599285,-49559.8307185927,-53468.7417247836,117400
-7208.27848247766,-14818.7916808137,-34570.1532843801,-49766.4345302444,-53665.8791809538,117500
-7365.32845740542,-14983.439165321,-34768.6922341403,-49969.1693660868,-53862.9151842407,117600
-7522.42856346682,-15161.7514427998,-34965.1645325657,-50171.0676821829,-54059.8496701296,117700
-7679.5785569235,-15341.5348173744,-35156.7194081498,-50370.7120216276,-54256.6825749809,117800
-7843.00024410909,-15518.2235886627,-35347.2975347982,-50564.8050391772,-54463.245011287,117900
-8007.22630016046,-15693.129288672,-35540.1134815512,-50765.3140368378,-54672.3768602278,118000
-8171.49379879327,-15865.0493257919,-35727.1284237884,-50973.0413742446,-54886.737330593,118100
-8335.80248997315,-16026.2288566805,-35918.3567056245,-51170.7673218154,-55091.5313859186,118200
-8500.15212429643,-16209.0796882986,-36110.1490964296,-51357.1049242777,-55299.74775945,118300
-8665.68118244544,-16393.6787296356,-36299.7606948876,-51541.1573730552,-55509.0782529194,118400
-8839.71349884398,-16570.2397379976,-36492.4398372745,-51739.9221877648,-55718.2637477367,118500
-9034.27468673424,-16747.4403043627,-36682.4911777916,-51945.4063069566,-55927.1712097223,118600
-9214.37458589373,-16924.6545039736,-36869.5804084184,-52150.3406992546,-56135.2610841636,118700
-9368.44194972904,-17109.836639968,-37059.3416228075,-52355.1567745257,-56343.2024439163,118800
-9522.56005580173,-17298.9137494217,-37254.3523892121,-52551.2122563705,-56551.0017034734,118900
-9677.23984294367,-17469.8797622906,-37451.8177623293,-52745.4176107309,-56757.9338055796,119000
-9844.79874986988,-17641.1804821934,-37647.2208051536,-52950.624986114,-56958.2727797166,119100
-10022.5862038396,-17811.9635140146,-37835.4847947689,-53162.2422086346,-57158.2546862368,119200
-10201.1292222191,-17982.9091928981,-38029.4795568629,-53375.3032310599,-57357.7777960226,119300
-10379.8443459576,-18170.1101398753,-38222.5011360308,-53583.8566527399,-57557.1846993275,119400
-10558.5790755925,-18364.0984790849,-38418.5690005818,-53783.9467951159,-57757.7448630312,119500
-10737.3331588255,-18555.5727893457,-38616.5542447985,-53966.4131723488,-57956.7523140713,119600
-10916.1063440967,-18748.1688888183,-38815.3894446714,-54172.875370519,-58156.551740931,119700
-11090.9836717594,-18932.3224622391,-39016.6554343161,-54366.3361319111,-58355.828570446,119800
-11241.135145379,-19124.0873850594,-39206.3529963416,-54565.5165006796,-58554.6687999765,119900
-11391.3387801645,-19310.1944198937,-39403.9453172788,-54771.0907259477,-58753.3926284584,120000
-11541.5943566661,-19475.2846413983,-39600.6431782931,-54976.5134977624,-58951.7457956211,120100
-11716.0952235511,-19647.2050525656,-39797.2807650728,-55172.762227149,-59149.9377766606,120200
-11895.8719694443,-19830.0793056345,-39993.8579234614,-55367.163052697,-59348.0142017089,120300
-12075.7008272333,-20012.9545993633,-40190.3745001774,-55561.4441581371,-59549.9522729823,120400
-12256.2232387889,-20195.8307033611,-40378.6467198098,-55764.1470980213,-59755.5432992556,120500
-12436.7602629772,-20378.707387997,-40564.6598684971,-55966.5617773195,-59956.7561144279,120600
-12621.2276982337,-20549.8299772035,-40744.2117659577,-56165.1393270291,-60161.7877618722,120700
-12796.585207311,-20719.0146604365,-40936.1292718143,-56357.7829407488,-60366.6789747257,120800
-12979.6001888192,-20922.6070570749,-41123.1181251184,-56560.7106724081,-60571.429783929,120900
-13157.4541764335,-21099.4429389905,-41310.8112029069,-56764.7034080858,-60776.0064623119,121000
-13337.5229610412,-21259.2084509375,-41498.4376186448,-56967.6524542953,-60979.5622837156,121100
-13517.9700793043,-21427.5138468297,-41686.9459346547,-57169.4536624818,-61172.9480751538,121200
-13695.8786106492,-21606.535824834,-41885.3076053471,-57368.2811694985,-61372.9110028166,121300
-13876.5945395184,-21788.3350435274,-42078.6872203667,-57566.8653489494,-61580.8526115442,121400
-14047.5062534366,-21965.9733698874,-42271.1637338459,-57764.8701552142,-61777.9550932089,121500
-14218.443928699,-22141.3121119447,-42460.8937871408,-57961.646537577,-61974.2234087041,121600
-14389.4073325969,-22318.6214641067,-42655.2166130601,-58155.949098278,-62170.2163133488,121700
-14560.3962330546,-22495.9376302804,-42853.154478449,-58347.0360019068,-62372.7424838677,121800
-14731.4103986275,-22673.2603910421,-43042.3438445565,-58550.038169863,-62576.1850292658,121900
-14902.4495985013,-22834.2201224222,-43230.6368650994,-58748.1981667296,-62779.4871993763,122000
-15073.5136024905,-22988.3842468991,-43424.3030233531,-58945.2243080081,-62975.6007936173,122100
-15244.6021810366,-23157.7727463145,-43620.4532600908,-59142.0618672838,-63178.1300047993,122200
-15415.9490343915,-23350.2969032089,-43809.20535472,-59338.0234383051,-63380.5208723062,122300
-15587.4607946175,-23540.1068945072,-44002.8319908319,-59533.069919612,-63582.7734347391,122400
-15758.9959546527,-23707.3175737098,-44196.1126963605,-59728.0148135318,-63784.8877314023,122500
-15930.5542871673,-23876.0936032034,-44393.6916220209,-59922.8580785773,-63992.5418952786,122600
-16102.135565455,-24044.8867491251,-44585.2516559981,-60117.5996740034,-64200.5164505699,122700
-16273.739563432,-24216.2932739683,-44777.1851445664,-60312.2395598042,-64390.4014302865,122800
-16445.3660556357,-24406.2645820821,-44973.757274071,-60506.7776967095,-64591.9630708472,122900
-16617.014817223,-24595.470706232,-45164.1171030303,-60700.918312454,-64792.9074831053,123000
-16788.6856239693,-24760.6977502647,-45355.6818978212,-60894.4926788594,-64988.8310127291,123100
-16960.3782522672,-24927.4004126922,-45541.1982696193,-61088.7868798433,-65175.4603857894,123200
-17132.0924791247,-25094.1221141215,-45735.5917986563,-61282.2872279872,-65361.6007205719,123300
-17281.6610197023,-25273.5589670691,-45933.6257155145,-61473.99900342,-65556.2766714354,123400
-17435.0580574847,-25443.0804678774,-46130.6972053963,-61666.4229826667,-65741.8147685059,123500
-17607.4067045026,-25609.899645844,-46325.8643677081,-61863.385773731,-65927.1604920594,123600
-17779.9054745708,-25772.4337705844,-46518.3523664089,-62056.6671937952,-66112.4176463925,123700
-17953.7519267746,-25932.746070809,-46708.2093393069,-62250.6186467663,-66306.440655431,123800
-18127.6159068113,-26093.8550205505,-46900.1273708286,-62444.1511073172,-66509.8138663826,123900
-18301.4971948169,-26271.3580140852,-47099.2767946877,-62643.2169997786,-66713.0385042722,124000
-18475.3955715495,-26447.5544703422,-47289.5641373705,-62838.028995019,-66916.1146420013,124100
-18649.9971577851,-26639.0527906835,-47476.894831252,-63038.0455012103,-67119.0423530991,124200
-18812.241935367,-26830.8519611327,-47662.8811920363,-63236.224198957,-67321.8217117185,124300
-18982.5107716225,-27023.3217078069,-47854.2332967471,-63420.6154557555,-67524.4527926329,124400
-19146.6727027825,-27215.7662837613,-48048.9270808195,-63608.4329793531,-67726.935671232,124500
-19311.1457817314,-27407.154462568,-48243.5528707861,-63805.0892474619,-67929.2704235184,124600
-19479.6039262919,-27569.2881036578,-48431.8481063919,-64000.0949708596,-68126.7732780567,124700
-19671.9943757353,-27731.872661371,-48618.961000107,-64199.4407424864,-68323.4363578353,124800
-19864.8200388524,-27894.4786334739,-48812.7269384792,-64398.42467534,-68516.2749679501,124900
-20041.2140859724,-28057.1058269693,-49000.1868224136,-64595.4334319572,-68706.8483719938,125000
-20212.2957697135,-28219.9006323008,-49191.4745553365,-64783.3635742715,-68897.3122175803,125100
-20368.9603721016,-28403.1228302126,-49380.387400913,-64976.4362606928,-69087.6665077913,125200
-20525.661040056,-28575.4489128452,-49571.1582340773,-65169.9729042479,-69277.9112463275,125300
-20689.7869704226,-28765.1492647888,-49760.6912958535,-65358.6789796452,-69472.4294963786,125400
-20863.6217312675,-28954.1371098953,-49954.4453108379,-65547.2922470418,-69677.8389930492,125500
-21037.4706534541,-29128.6630539804,-50134.895645365,-65735.8126703629,-69882.9606388468,125600
-21211.3335278533,-29314.552565247,-50322.2592426663,-65924.0464603221,-70077.3010299688,125700
-21372.2105476657,-29479.1960737032,-50512.6865151187,-66111.410801019,-70268.80148404,125800
-21525.2153497095,-29633.9358718034,-50705.2928331122,-66313.3821329144,-70459.1456981326,125900
-21678.2590583923,-29790.7524925259,-50897.7918632626,-66503.6147010056,-70645.6031613781,126000
-21831.3929157475,-29955.3684382619,-51092.6723177282,-66699.3180016142,-70832.6752298785,126100
-21984.9288241923,-30137.9667959057,-51285.5094834971,-66898.1857239908,-71027.9936248429,126200
-22138.5025877362,-30321.0759148465,-51478.2784105927,-67087.1239067028,-71220.8810455242,126300
-22292.4089886037,-30504.1731906852,-51665.1472411206,-67270.0753963153,-71411.3297006194,126400
-22454.4419944595,-30675.6397646468,-51857.1015964015,-67473.9845887887,-71602.2205826924,126500
-22634.2474044204,-30842.9228628136,-52054.2592474103,-67681.2601162555,-71791.7757287144,126600
-22814.4778216649,-31010.8427992258,-52248.4650380973,-67869.5603272803,-71981.9905918389,126700
-22994.8561984688,-31188.6776298725,-52436.126377854,-68057.136014984,-72171.9826010318,126800
-23175.2367695137,-31370.562969268,-52623.4238406818,-68244.6178175089,-72361.8605027866,126900
-23355.6475131536,-31552.5375299062,-52811.9820523937,-68431.9358449292,-72551.6243198571,127000
-23536.8335940146,-31723.0706494136,-53005.0007302713,-68617.189548546,-72741.2740755615,127100
-23718.0201385508,-31888.3971281653,-53198.6224575964,-68798.3583326682,-72930.8097937795,127200
-23899.2069453236,-32066.0910891923,-53389.9013180118,-68984.5697506701,-73120.2314989492,127300
-24080.3938135256,-32254.9344314393,-53575.4990079869,-69177.9486119397,-73310.1763928664,127400
-24261.5805429791,-32444.3420168779,-53759.2626316844,-69367.2743527058,-73504.4878971363,127500
-24442.7669341343,-32630.6954610377,-53947.0741450415,-69554.0596567613,-73698.6681162253,127600
-24595.2152603978,-32820.0333489022,-54130.3011446867,-69740.6507809022,-73892.7171114961,127700
-24745.2341608068,-33008.416653777,-54314.7968258208,-69929.7460614947,-74086.2760226856,127800
-24895.2913845678,-33187.7202111316,-54493.226507468,-70115.9153145224,-74279.5900636211,127900
-25060.928839382,-33353.9403821152,-54677.5822528442,-70301.4476555096,-74472.7746312119,128000
-25239.9633850089,-33519.3220852239,-54862.7181398148,-70487.0674287931,-74665.8297858986,128100
-25418.9994080206,-33697.7294078008,-55052.1010146252,-70673.3265478733,-74858.7555886385,128200
-25598.0367139876,-33869.6280875928,-55242.2384507944,-70862.5242912056,-75050.7653856234,128300
-25777.0751090807,-34041.5293066733,-55435.4129654893,-71053.3709113842,-75234.6678027042,128400
-25935.9169974445,-34213.4754206221,-55623.1878128424,-71241.7825201336,-75418.4701307723,128500
-26093.9396923461,-34386.6275698721,-55802.9504765289,-71428.4530421862,-75602.1723762801,128600
-26251.9914646882,-34560.2360718028,-55978.912276841,-71614.5907714791,-75785.7745462046,128700
-26410.0770139052,-34733.8793720821,-56162.1986419985,-71801.5039482042,-75969.2766480442,128800
-26570.4313984516,-34907.5216581579,-56342.4149382904,-71987.8843095241,-76159.0569234796,128900
-26730.811189809,-35081.1627543723,-56530.7970590237,-72176.9567606798,-76355.9009284847,129000
-26891.2162058377,-35254.8024856177,-56722.2859216737,-72367.2850515992,-76552.5983997079,129100
-27051.6462648505,-35431.2186245424,-56905.9736440328,-72557.5037380966,-76737.4951924301,129200
-27212.1011856115,-35611.3128634952,-57097.4875538249,-72747.6128337894,-76918.0207051291,129300
-27394.797001187,-35791.3946170704,-57295.6266591846,-72937.6123528426,-77098.4536190947,129400
-27586.649673204,-35970.6852644648,-57491.2193697969,-73127.6729212503,-77278.7939330615,129500
-27778.4797846409,-36139.6153197997,-57684.028144054,-73318.488299411,-77458.6195465771,129600
-27947.2232479501,-36308.5501594754,-57876.759961749,-73509.1908274668,-77642.6525569354,129700
-28082.5139654464,-36477.4896122916,-58069.414746197,-73699.7805278899,-77831.6330090532,129800
-28217.8525098637,-36646.4335075539,-58258.3718166848,-73890.2574236852,-78020.4921531244,129900
-28353.2387300511,-36815.3816750723,-58448.6144069391,-74080.621538388,-78209.2300438951,130000
-28488.6724751371,-36987.4615439949,-58639.4821016813,-74270.8728960612,-78397.846736585,130100
-28655.4525381528,-37161.9607852744,-58826.0893720293,-74461.0115212928,-78586.3422868848,130200
-28837.7228589796,-37337.6139721695,-59007.3817071301,-74651.037439193,-78774.7167509539,130300
-29019.986232024,-37513.2603423983,-59192.0748482847,-74840.5431191141,-78962.9701854174,130400
-29203.483060941,-37688.8997286384,-59387.4684882579,-75029.6464088282,-79163.1985607948,130500
-29388.8184802163,-37864.8356683241,-59575.8989654846,-75212.969720833,-79364.9155357071,130600
-29574.1412939645,-38040.989777848,-59759.9663233733,-75396.6573306226,-79566.4606700483,130700
-29759.4513222012,-38217.1355427065,-59942.2881549937,-75585.6248010677,-79755.9796470174,130800
-29944.7483855527,-38393.2727978795,-60122.7515428054,-75779.7427584055,-79940.6704884137,130900
-30130.0323052556,-38565.2091096814,-60311.6037639166,-75973.7323534894,-80125.232635425,131000
-30294.4572770333,-38740.3257188747,-60501.5856601399,-76166.7359438753,-80309.6840536659,131100
-30475.2278735278,-38918.361420027,-60688.32627373,-76356.203268753,-80494.0247835531,131200
-30655.9919210797,-39097.7334403373,-60877.2285310828,-76545.1036074471,-80678.2548659564,131300
-30839.1975570096,-39273.4916190365,-61062.8813856049,-76733.8157637027,-80866.2595871507,131400
-31019.8812772846,-39449.3318668385,-61246.5132891238,-76917.1228716718,-81049.4535321483,131500
-31203.5215604439,-39630.4994326061,-61433.9591115628,-77108.761031399,-81232.5394671181,131600
-31384.697781378,-39808.351176679,-61621.6303554648,-77295.2428012458,-81415.5855756184,131700
-31565.8660305974,-39981.5807188126,-61805.8172642882,-77480.931188071,-81599.251002738,131800
-31747.0261335936,-40157.5162227365,-61989.9432495367,-77666.515828454,-81782.8060714186,131900
-31928.1779164252,-40335.7215527782,-62176.5997983122,-77851.9967401709,-81966.250825576,132000
-32110.0762842593,-40516.028780931,-62366.6492407265,-78037.3739414794,-82149.5853095608,132100
-32292.2721443905,-40698.3959025617,-62556.6221620823,-78223.5670579678,-82332.8095681554,132200
-32474.457542896,-40876.5814355327,-62746.5184985461,-78413.0792658807,-82517.811751311,132300
-32656.6323081465,-41056.8905689612,-62936.0106172595,-78598.32195768,-82703.5688998163,132400
-32838.79626908,-41237.582610159,-63128.7980976066,-78781.5263665066,-82889.2065994196,132500
-33020.9492552012,-41417.9545503715,-63313.3833899932,-78964.5184380241,-83074.7249157762,132600
-33203.0910965796,-41598.2885460009,-63497.9048902215,-79147.3378013663,-83258.6096507317,132700
-33385.2216238487,-41778.7161529065,-63690.4159920122,-79331.3323088783,-83444.0810139474,132800
-33567.3406682036,-41959.1243132905,-63876.1379885813,-79514.2096133577,-83629.4405967716,132900
-33749.448061401,-42139.512875696,-64060.9890491042,-79698.6504110178,-83812.7503635071,133000
-33931.5436357567,-42314.075159347,-64243.5350889388,-79882.9877272003,-83987.3659791381,133100
-34113.627224145,-42476.9151307288,-64436.2564280929,-80067.2215852607,-84174.2180697288,133200
-34271.1643486806,-42653.9080732694,-64625.68103506,-80251.2761048855,-84361.6119198756,133300
-34455.239367826,-42825.0076261821,-64804.6197952554,-80434.9081326024,-84540.7725534142,133400
-34613.237563962,-43002.6567890097,-64991.8639971426,-80618.4380215944,-84717.9555665445,133500
-34769.8425029689,-43180.4368325196,-65180.068008491,-80805.1183069141,-84903.3132524524,133600
-34926.4703456102,-43358.3993933385,-65368.1966416338,-80986.9017345958,-85084.0249628983,133700
-35083.1209326622,-43537.0005632591,-65556.24983806,-81170.4534778965,-85264.630012442,133800
-35240.250565308,-43713.2593777045,-65739.782693035,-81353.9638209144,-85445.128447445,133900
-35398.7342297939,-43890.1850651841,-65920.9235183131,-81537.3709088121,-85625.5203146623,134000
-35557.2377428752,-44068.5989225111,-66103.8034861669,-81722.4484134613,-85805.8056612404,134100
-35726.2154219881,-44251.2236524023,-66289.3157705728,-81914.7012613124,-85985.9845347155,134200
-35909.4282205382,-44426.4322979146,-66471.2967875853,-82106.8204865,-86165.8488067697,134300
-36092.9485455637,-44601.106689588,-66660.7008978858,-82296.166088402,-86345.2459782801,134400
-36277.6255979452,-44778.1295413182,-66848.3485959277,-82481.1910594533,-86524.538716907,134500
-36462.2839593534,-44955.1358577048,-67034.305208828,-82665.057712183,-86703.727067921,134600
-36630.0679434617,-45132.1254943413,-67221.3617234041,-82848.746568439,-86882.8110769738,134700
-36794.9682472244,-45309.0983073257,-67409.2256996572,-83028.7151778573,-87061.790790096,134800
-36970.9251306897,-45486.0541532597,-67595.2931023737,-83208.5888644527,-87242.2957967396,134900
-37156.7950571727,-45658.3330867901,-67776.7366472221,-83388.3676448505,-87423.2595153884,135000
-37342.6430640794,-45830.0616245417,-67961.4355754161,-83568.0515360946,-87601.1327834178,135100
-37528.4689975723,-46005.3397348248,-68144.5881540069,-83747.6405556465,-87789.8150271414,135200
-37714.2727043699,-46189.4807655315,-68326.562396882,-83927.6432830918,-87978.0637838294,135300
-37867.7768976121,-46352.9631930308,-68510.0466222646,-84113.0873687702,-88160.9696025969,135400
-38020.4696051494,-46516.1905697105,-68695.0712988393,-84298.4172615096,-88336.9144803164,135500
-38173.1864724623,-46681.6452581885,-68876.8121042689,-84483.6330171787,-88512.7627300461,135600
-38335.2958762422,-46853.3978318124,-69060.4121802323,-84668.734692036,-88688.5143875015,135700
-38507.22092977,-47032.8465626912,-69245.026155093,-84853.7223427277,-88864.1694887625,135800
-38662.3688111,-47212.2722308838,-69429.4737143966,-85038.5960262852,-89044.8873761639,135900
-38817.5380449989,-47391.8443743741,-69613.8607296549,-85223.3558001235,-89231.7685881605,136000
-38973.0953790515,-47571.8776737898,-69794.7763928755,-85408.0017220387,-89418.3429450291,136100
-39133.2428045586,-47751.8864202289,-69976.9928442308,-85592.5338502058,-89604.4524391229,136200
-39327.5567505007,-47931.8704795308,-70157.8431645377,-85776.9522431767,-89790.4280881578,136300
-39515.8281920668,-48111.82971804,-70337.4907631716,-85961.2569598779,-89976.2700100577,136400
-39683.4689487876,-48287.6409158361,-70517.6293726335,-86145.4480596084,-90161.9783230285,136500
-39844.1326155723,-48462.997317961,-70697.7060916561,-86328.6715792973,-90347.5531455554,136600
-39998.1560143504,-48634.250765465,-70880.6669013705,-86510.9513436586,-90532.9945964009,136700
-40152.2009688762,-48803.2634089748,-71071.7007358797,-86693.1232456,-90718.3027946025,136800
-40306.2673337324,-48974.2174942398,-71256.7611682466,-86874.6866111525,-90898.9214970456,136900
-40460.3549638413,-49154.6516318682,-71439.0536889041,-87054.5654214322,-91075.7209186412,137000
-40615.3580162737,-49336.1493130498,-71622.9344806161,-87232.4647996818,-91252.8872761334,137100
-40788.5885286146,-49512.958026941,-71806.7427350732,-87416.4922852551,-91429.9482387657,137200
-40963.5545186332,-49688.1880658224,-71990.4784053913,-87598.1290861681,-91606.9038666321,137300
-41140.8507468522,-49863.399950157,-72174.1414451672,-87770.9804835426,-91783.7542201487,137400
-41322.9078284327,-50042.6697011904,-72357.7318084764,-87943.7171589656,-91960.4993600522,137500
-41504.9457560136,-50212.5080440934,-72539.2665168869,-88120.5366229519,-92137.1393473977,137600
-41686.9643854498,-50380.8357153816,-72721.3928040762,-88297.8661690799,-92313.6742435568,137700
-41868.963573099,-50549.4090076052,-72908.0663875106,-88479.7370679901,-92490.1041102159,137800
-42050.9431758208,-50718.401486112,-73090.1726831302,-88662.3966977929,-92666.333958814,137900
-42232.9030509759,-50892.8130574064,-73267.5521924492,-88844.9436331859,-92845.9970792265,138000
-42391.0213578645,-51076.5078657254,-73447.216962333,-89027.3779389973,-93028.8953735863,138100
-42542.1064323169,-51257.8425238257,-73634.9745521981,-89209.2917956404,-93211.6650107027,138200
-42708.2936433378,-51432.4005858119,-73822.1779453889,-89390.9887714496,-93394.3061062515,138300
-42881.5533272624,-51606.9400839458,-74006.7672946412,-89572.574943542,-93576.8187761592,138400
-43054.8063946418,-51781.4608907595,-74187.7810566062,-89750.6322776493,-93759.2031366009,138500
-43228.0527026111,-51955.9628792342,-74367.8866703735,-89926.3108532407,-93941.4593039981,138600
-43402.7099771742,-52130.4459227993,-74545.546144972,-90101.8971502751,-94123.5873950169,138700
-43577.3599480211,-52309.722860975,-74722.6823560555,-90277.3319805486,-94305.5875265659,138800
-43752.0008233852,-52495.9299303698,-74904.3071853897,-90452.2771445235,-94487.4598157941,138900
-43918.3062443518,-52675.0625830444,-75090.5097389088,-90627.1316135496,-94669.2043800891,139000
-44083.4281993327,-52838.7129986099,-75276.6291224404,-90806.7632199061,-94844.2621363826,139100
-44248.5545300307,-53006.4112938278,-75459.7149856374,-90990.6790480273,-95015.88792617,139200
-44413.6850958604,-53182.7690679541,-75642.3083598445,-91174.4737856194,-95187.4205464246,139300
-44578.8197566229,-53363.9108980192,-75824.82745861,-91358.1475215327,-95358.8600416307,139400
-44746.6778395802,-53545.1693801919,-76007.272246333,-91538.3358181076,-95533.9295846588,139500
-44924.2131221292,-53726.3952073014,-76189.6426878571,-91715.5946032872,-95715.984172044,139600
-45101.7334050176,-53900.8639073371,-76371.9387484682,-91892.7533560786,-95894.4148492322,139700
-45279.2385517347,-54066.3996177538,-76550.5634364116,-92069.8121238726,-96069.0531965384,139800
-45456.7284262242,-54237.5165844653,-76727.7000418579,-92246.770954381,-96246.9475667522,139900
-45634.2028928835,-54409.5407971228,-76910.1623859042,-92423.3496007568,-96425.4730859962,140000
-45811.6618165621,-54589.415581199,-77090.0609027218,-92599.9868225607,-96603.8795269297,140100
-45989.1050625609,-54767.8002882234,-77269.2374548645,-92780.8388259684,-96782.1669923237,140200
-46166.5324966313,-54950.0207302949,-77453.0775107446,-92961.5772768731,-96960.3355851842,140300
-46343.9439849734,-55129.5381167193,-77637.0519599428,-93141.9852760852,-97138.1813559039,140400
-46521.3393942358,-55310.4273739602,-77813.111635906,-93322.2086836068,-97315.7615697615,140500
-46698.718591514,-55491.5878554342,-77989.6032853252,-93502.3197062769,-97493.2244851105,140600
-46876.0814443494,-55660.5686110374,-78167.3683988779,-93682.3184201637,-97670.5702029964,140700
-47053.8873542482,-55825.3437939226,-78350.016691205,-93862.2049016211,-97847.7988246946,140800
-47231.6927833475,-55994.7934527481,-78532.5871851692,-94041.9792272864,-98024.9104517078,140900
-47408.1523159361,-56169.1743574451,-78714.7599901526,-94219.826135532,-98201.7176254841,141000
-47582.3594232288,-56345.4376041767,-78895.2540823086,-94394.9569408736,-98375.4262626218,141100
-47756.5546279275,-56521.6798083667,-79079.7522007948,-94569.6703144401,-98544.2643481106,141200
-47927.9557855097,-56700.5549840906,-79262.0906856979,-94743.8597999839,-98720.6151845837,141300
-48097.1953650558,-56879.4190372744,-79444.7733136071,-94917.9174050879,-98896.1136169354,141400
-48266.4302193286,-57050.1157099426,-79628.7167407402,-95092.1885023553,-99064.7938627803,141500
-48435.6602167854,-57224.6984973259,-79809.0215156812,-95265.859854477,-99233.1791940109,141600
-48604.8852262745,-57399.0338219952,-79990.2580721389,-95439.6705522962,-99401.4753888819,141700
-48774.1051170343,-57577.7430389644,-80172.2653921907,-95612.0360057309,-99569.6824933894,141800
-48943.3977994276,-57749.9159134153,-80354.2364357238,-95784.1033087212,-99737.8005537947,141900
-49112.983911528,-57924.7412115076,-80537.5859069529,-95956.0810242975,-99907.6633895389,142000
-49282.5638857652,-58099.5416070061,-80716.6786009423,-96127.9691887288,-100082.598141367,142100
-49452.137593159,-58274.3169893948,-80895.6591040667,-96299.7678385789,-100257.42025566,142200
-49621.7049051171,-58449.0672485729,-81079.6363215211,-96471.4770107052,-100432.129829823,142300
-49791.2656934341,-58623.7922748538,-81263.2099142646,-96643.0967422569,-100606.726961474,142400
-49960.8198302909,-58798.4919589645,-81440.7977686103,-96814.6270706738,-100781.293852121,142500
-50130.3671882536,-58973.705107568,-81617.5704962998,-96986.0680336843,-100956.542503587,142600
-50299.907640273,-59147.153182309,-81795.2279796272,-97163.3663386524,-101131.675857349,142700
-50469.4410596832,-59320.5404588443,-81974.7231545747,-97345.6031458693,-101306.694019053,142800
-50638.9673202013,-59493.9041705408,-82154.1443001576,-97521.1296756278,-101481.59709454,142900
-50808.4862959264,-59667.2442090247,-82333.0998934286,-97694.9254703078,-101659.570836591,143000
-50981.5693124254,-59840.5604663234,-82508.8953709603,-97867.9367108332,-101834.694096615,143100
-51162.0737965106,-60013.8528348636,-82691.9578665151,-98040.402418912,-102006.003574993,143200
-51342.5526924038,-60187.1212074711,-82876.241351941,-98212.7740151116,-102177.397490143,143300
-51523.7712571645,-60360.3654773692,-83057.8365836248,-98385.0515491063,-102348.778968832,143400
-51705.2018421884,-60529.235355525,-83238.7238563002,-98557.2350708392,-102520.377229891,143500
-51886.604760435,-60701.8607760514,-83416.8545814514,-98730.6003268853,-102693.795343749,143600
-52067.9798955181,-60876.1454210362,-83595.3409664297,-98905.9405719997,-102867.101724173,143700
-52254.9512257429,-61049.3194812521,-83777.4123429313,-99081.1759220322,-103040.296472864,143800
-52429.7022348028,-61218.5755780202,-83959.4006090002,-99256.2882268606,-103213.379691707,143900
-52609.7929638635,-61388.5214615606,-84138.2097781867,-99427.4541193634,-103386.351482771,144000
-52789.8574646929,-61558.6834685065,-84316.1434316527,-99598.5279814023,-103558.740870193,144100
-52969.8956222547,-61717.2074380573,-84496.8137426303,-99769.509861655,-103727.788307883,144200
-53150.6372873549,-61892.1512683768,-84677.4038719907,-99939.8559908655,-103892.22822925,144300
-53317.1147139631,-62069.3679696639,-84856.3614406798,-100114.236161987,-104056.584837599,144400
-53481.0830968536,-62239.6358971368,-85032.5495851381,-100288.562494662,-104226.234947636,144500
-53644.4569003666,-62409.8831839961,-85210.9767169284,-100463.32821901,-104396.331249233,144600
-53807.8879659917,-62580.1097262869,-85393.2226816623,-100632.732533206,-104566.324736496,144700
-53970.7382981112,-62750.3154204247,-85575.3829842815,-100802.048634928,-104736.215495077,144800
-54133.5884542342,-62920.7961360924,-85757.4191625931,-100979.081569236,-104906.003610821,144900
-54296.4383148705,-63095.1769667519,-85934.4932583781,-101156.521156547,-105078.037263423,145000
-54459.2877608603,-63267.8449510809,-86113.5736844196,-101327.543340585,-105250.187414775,145100
-54622.1366733739,-63436.1235112582,-86288.1031012001,-101497.964047129,-105422.226063646,145200
-54784.9849339105,-63604.3838487663,-86460.318633772,-101668.29215669,-105594.153317268,145300
-54947.832424298,-63772.6258608212,-86632.0459629573,-101838.527723188,-105765.969283032,145400
-55111.5795322801,-63940.8494449941,-86809.9409943451,-102008.670800787,-105937.674068485,145500
-55277.7235277961,-64109.0544992109,-86985.5577972823,-102178.721443885,-106109.267781333,145600
-55456.031495578,-64283.8223972605,-87159.7556054189,-102348.679707122,-106280.750529435,145700
-55634.3139091901,-64461.1056760283,-87334.7370369106,-102518.545645374,-106452.122420803,145800
-55812.5706591014,-64638.3537927065,-87517.4688408638,-102688.31931375,-106623.383563601,145900
-55990.8016361829,-64815.5666557649,-87698.3611130823,-102858.000767594,-106794.534066145,146000
-56169.2839085906,-64989.3627165773,-87877.155638665,-103027.590062483,-106965.574036898,146100
-56347.9755382141,-65157.1214142123,-88055.8708818982,-103197.087254224,-107136.503584472,146200
-56521.4423548194,-65324.8613597528,-88231.3976873158,-103367.835640342,-107307.322817625,146300
-56688.1814230689,-65492.582453841,-88402.8406790822,-103538.779539213,-107478.031845258,146400
-56854.9126808801,-65660.2845974643,-88574.2222268943,-103708.892625644,-107648.630776417,146500
-57021.6360148157,-65833.7853195823,-88751.8362268131,-103882.946880605,-107819.11972029,146600
-57188.3513117777,-66009.4241048157,-88931.0330418845,-104057.456859345,-107989.498786205,146700
-57355.058459007,-66185.0294980263,-89110.1481555727,-104231.374565558,-108159.768083629,146800
-57521.7573440824,-66361.3662401086,-89289.1815700656,-104404.000145889,-108329.927722169,146900
-57688.4478549198,-66537.7761380526,-89468.133287886,-104576.201741295,-108499.977811565,147000
-57855.129879772,-66718.2284233907,-89641.0436832378,-104746.346169523,-108669.918461694,147100
-58021.8033072274,-66898.6945933483,-89813.7835405112,-104914.707920565,-108839.749782567,147200
-58188.4680262094,-67077.7445322311,-89986.4575032681,-105083.008965256,-109009.471884327,147300
-58355.1239259759,-67244.2718523066,-90159.0655527242,-105251.586604003,-109179.084877247,147400
-58521.7708961183,-67417.787092426,-90331.6076704184,-105420.072190416,-109348.588871731,147500
-58692.5732121437,-67597.6208156881,-90504.0838382118,-105588.46578494,-109517.983978312,147600
-58858.459621478,-67774.5782590773,-90676.1550624381,-105756.767448231,-109687.233589452,147700
-59022.4120884893,-67946.7886601809,-90846.4487131599,-105924.977241149,-109856.33348757,147800
-59186.9990813831,-68119.7223270302,-91020.0177932742,-106093.095224764,-110025.325108701,147900
-59353.1445967166,-68296.5547506501,-91193.6714662319,-106261.939104951,-110194.208563237,148000
-59519.2812303688,-68475.1643125035,-91367.971036798,-106435.355176776,-110362.98396169,148100
-59685.4088740524,-68654.6658896645,-91542.198936273,-106607.330759759,-110531.651414694,148200
-59851.5274198056,-68834.1242469572,-91718.5991207116,-106772.907258544,-110700.211033004,148300
-60017.6367599919,-69008.6909454732,-91894.0853125638,-106937.741275626,-110868.662927493,148400
-60183.7367872986,-69177.3635143763,-92071.1272452429,-107107.293765634,-111037.007209151,148500
-60349.8945003929,-69347.1832372325,-92248.6466741031,-107276.844252862,-111205.243989084,148600
-60511.2275390086,-69521.4262274179,-92423.346888808,-107442.623134906,-111373.373378516,148700
-60682.6785241192,-69691.8330611232,-92598.8095369351,-107608.315833153,-111539.942950722,148800
-60849.3754426211,-69862.2129756118,-92775.7179374627,-107781.949260686,-111706.673407313,148900
-61023.8339324423,-70032.5658834153,-92952.5463640151,-107955.684576504,-111875.065071873,149000
-61198.2690102963,-70202.8916974045,-93125.6806346678,-108129.30610928,-112038.084958792,149100
-61372.6805759826,-70373.1903307873,-93298.3255040015,-108302.813972183,-112203.746804818,149200
-61547.0685296588,-70544.4499970175,-93473.6518635068,-108476.302771627,-112367.60352073,149300
-61721.4327718392,-70715.9985818695,-93647.5800261313,-108650.558589025,-112530.456542557,149400
-61895.7732033946,-70891.4670585219,-93817.6737219871,-108823.444383688,-112693.21907801,149500
-62070.0897255506,-71071.1223866387,-93987.798946783,-108996.196751541,-112855.891202954,149600
-62244.3822398875,-71250.7319323285,-94160.2921322296,-109167.004358679,-113018.472993403,149700
-62418.6506483392,-71430.2956243587,-94332.7154986621,-109336.560143376,-113180.964525519,149800
-62592.9933170411,-71609.9206737323,-94505.0690397273,-109507.123626989,-113343.365875612,149900
-62767.6338696189,-71790.0074940617,-94677.6622668181,-109677.581994119,-113505.554799075,150000
-62942.2493472193,-71958.7292902482,-94854.6859848845,-109846.935179382,-113667.55651229,150100
-63116.8396534407,-72124.4135389102,-95031.6268075365,-110015.767107414,-113829.469028703,150200
-63291.404692233,-72290.0768015752,-95204.2473901959,-110184.499108883,-113991.292423537,150300
-63465.9443678962,-72468.80475419,-95372.9241404118,-110353.131270235,-114153.026772161,150400
-63632.4787110769,-72649.3815935015,-95546.89657425,-110521.66367807,-114314.898592081,150500
-63798.5173236881,-72823.1480858204,-95719.9503361559,-110690.096419142,-114483.05315166,150600
-63964.5439337814,-72985.4682440983,-95891.5862371225,-110858.429580351,-114646.245664769,150700
-64130.5584416536,-73155.8878616784,-96063.1526395704,-111026.66324875,-114809.885173729,150800
-64296.56074791,-73325.6936262141,-96234.6495395936,-111194.797511539,-114973.312801938,150900
-64462.5507534633,-73492.3360337734,-96408.8388905163,-111362.832456064,-115134.165194361,151000
-64628.5283595336,-73658.955103942,-96582.9654336016,-111530.768169819,-115300.531943216,151100
-64794.493467647,-73825.55075355,-96751.1150128672,-111698.604740439,-115467.018336953,151200
-64960.4459796356,-73992.1941139221,-96922.5962562567,-111866.342255706,-115633.39685403,151300
-65127.0383706863,-74159.6695743759,-97096.4037189336,-112033.980803542,-115799.667616248,151400
-65300.7072011465,-74327.1198003319,-97270.5799698961,-112201.51335154,-115965.514279363,151500
-65474.3506086032,-74494.5447106225,-97439.7037812908,-112368.822735271,-116125.729599951,151600
-65647.9685012533,-74661.9442243886,-97611.4411811044,-112536.033873658,-116281.700822542,151700
-65821.5607876305,-74829.318261078,-97782.3369026712,-112703.146854158,-116437.598952488,151800
-65995.1273766035,-74996.6667404457,-97952.6570622796,-112870.161764366,-116593.424036905,151900
-66169.0234488969,-75163.9895825521,-98124.4601293476,-113037.078692013,-116760.070332812,152000
-66343.6609683141,-75331.2867077628,-98296.190854443,-113203.897724964,-116928.058205028,152100
-66518.2705136166,-75498.5580367482,-98467.6472935457,-113370.618951221,-117095.930074545,152200
-66689.3401103635,-75665.80576903,-98636.3559980315,-113537.242458917,-117263.686086733,152300
-66865.7561307233,-75833.1057215316,-98804.9999278123,-113703.768336318,-117431.326386988,152400
-67039.0099439902,-76000.3794945105,-98973.6500978811,-113869.588547459,-117598.788769756,152500
-67212.2376618821,-76167.1012519308,-99144.1877573993,-114035.22387609,-117766.07181358,152600
-67385.439195867,-76331.3348484762,-99317.4609113751,-114200.764118869,-117933.197160299,152700
-67558.6144577403,-76500.8047121112,-99490.4896316068,-114367.705742001,-118100.19928426,152800
-67729.0517920472,-76668.7284451945,-99662.8904606643,-114532.243172313,-118266.074575483,152900
-67894.715857964,-76836.1025908663,-99830.9164381879,-114698.338680403,-118427.260637713,153000
-68060.3656190782,-77005.2719812479,-99998.877941219,-114867.181533131,-118588.264338707,153100
-68226.0009829645,-77176.0427797834,-100168.343744274,-115030.192474711,-118749.175094748,153200
-68391.7527689318,-77351.2111364787,-100337.870253724,-115198.135974048,-118909.99299881,153300
-68558.1255713212,-77521.6131723997,-100507.328054724,-115366.253985615,-119070.718143957,153400
-68724.4824408108,-77691.6349278976,-100675.516092403,-115531.959032365,-119231.350623348,153500
-68890.8232867256,-77861.6242094406,-100845.019003961,-115693.755444416,-119391.890530233,153600
-69057.1480186838,-78031.7165128276,-101014.452095445,-115857.437588735,-119552.33795795,153700
-69223.4565465955,-78205.2261955337,-101183.841312589,-116022.394164885,-119715.317610352,153800
-69389.7487806626,-78386.5177499543,-101351.392518514,-116187.25517923,-119880.181781099,153900
-69556.1632642265,-78567.7535460799,-101513.585154564,-116352.020720397,-120044.936828847,154000
-69731.5120194507,-78748.9335344126,-101675.72550146,-116516.69087713,-120207.503679818,154100
-69911.7909651974,-78927.3306564506,-101841.467397677,-116681.265738283,-120368.485259703,154200
-70092.0289321932,-79102.1529764081,-102009.42191612,-116845.323094628,-120528.214049631,154300
-70272.0950362971,-79276.9324374548,-102179.495765602,-117008.315299576,-120684.599197117,154400
-70439.8372719572,-79451.668978679,-102349.497530793,-117171.217213858,-120848.684236718,154500
-70611.2796678168,-79626.6341555934,-102519.427221509,-117334.028916434,-121011.104320768,154600
-70787.8195013261,-79801.8028940678,-102689.284847816,-117497.51548439,-121171.727581102,154700
-70964.324559363,-79976.0024602477,-102857.982060893,-117662.700283853,-121332.255390447,154800
-71140.7947646176,-80145.4122709779,-103027.427872261,-117827.786336566,-121492.598557113,154900
-71317.2300401056,-80314.7887787456,-103197.252900946,-117992.773741394,-121652.668065692,155000
-71493.6303091666,-80484.1319166242,-103367.005404877,-118157.662597292,-121812.643415007,155100
-71665.9862068394,-80653.4416179805,-103537.525880727,-118322.453003312,-121972.524706708,155200
-71825.6509125873,-80822.7178164731,-103709.135839055,-118487.229057664,-122133.696937255,155300
-71985.3075539685,-80991.9604460525,-103879.704008825,-118652.16859396,-122294.346833607,155400
-72144.9560428799,-81161.1694409598,-104050.19645003,-118817.008750268,-122452.607969548,155500
-72304.596291472,-81330.3447357259,-104222.288959329,-118981.216039129,-122611.832595658,155600
-72464.2282121498,-81499.4862651713,-104390.044761811,-119142.970081075,-122771.526055612,155700
-72623.8517175707,-81668.5939644047,-104557.703929889,-119307.08367338,-122931.084698978,155800
-72783.4667206453,-81837.6677688228,-104724.943649081,-119471.099830969,-123090.240908995,155900
-72946.4050624604,-82008.4663734412,-104887.712283893,-119635.018652853,-123249.304113597,156000
-73112.9607358598,-82182.1542685968,-105052.439131533,-119798.840238124,-123408.274414457,156100
-73279.5912484175,-82355.7990413102,-105216.458787827,-119962.564685959,-123567.15191331,156200
-73446.5866915108,-82529.4006354579,-105380.284407834,-120126.192095619,-123725.936711946,156300
-73612.7114054763,-82702.9589952156,-105547.164002692,-120289.722566445,-123884.628912208,156400
-73780.3391933904,-82876.4740650574,-105715.798370269,-120453.156197858,-124042.377629619,156500
-73946.8089415067,-83049.9457897547,-105885.811309675,-120616.250003133,-124198.186074842,156600
-74113.2589221785,-83204.3280934071,-106051.686842315,-120776.422464056,-124353.911738264,156700
-74279.6890542421,-83352.7122547691,-106216.443797137,-120934.773472286,-124509.554700096,156800
-74446.0992568087,-83519.5206043291,-106382.418561725,-121094.673522623,-124665.115040629,156900
-74612.4894492641,-83688.0747045734,-106552.653212079,-121256.656957214,-124820.592840235,157000
-74778.8595512684,-83856.7349888905,-106719.820274792,-121418.151415569,-124975.988179366,157100
-74945.2094827547,-84026.6196367617,-106887.322868913,-121579.55444259,-125131.301138553,157200
-75111.5391639289,-84201.0690873615,-107055.905609235,-121737.145276594,-125289.483819318,157300
-75277.8485152691,-84375.7372781296,-107223.817042204,-121894.29091722,-125451.240703739,157400
-75444.5237865223,-84550.3586341927,-107391.656654148,-122051.358973535,-125612.891289596,157500
-75611.9068035473,-84718.6172130551,-107561.814080802,-122212.444766416,-125774.43571607,157600
-75779.2673403992,-84883.4761055582,-107732.006772796,-122375.12835983,-125935.87412233,157700
-75946.6053197798,-85054.4253865718,-107902.121022931,-122537.715093403,-126097.206647526,157800
-76113.9206646637,-85225.3345566062,-108072.156859657,-122700.205070542,-126255.276413008,157900
-76281.2132982979,-85396.9257646176,-108242.114311635,-122862.284884402,-126408.332311374,158000
-76455.6621276387,-85568.4857959187,-108410.383802041,-123024.103340382,-126561.311858364,158100
-76636.2318996855,-85737.5830637457,-108577.6178454,-123181.42849957,-126714.215123771,158200
-76816.7545926059,-85903.4072687785,-108742.677356659,-123339.592794561,-126867.042177468,158300
-76997.2301477123,-86069.2005389238,-108907.994985952,-123500.824436375,-127019.793089416,158400
-77177.6585066308,-86234.9628134171,-109077.148602591,-123661.962715817,-127172.467929657,158500
-77358.0396113005,-86400.8931708992,-109247.293480631,-123823.007730278,-127325.066768316,158600
-77538.3734039723,-86566.8924340952,-109417.358392666,-123983.959577214,-127482.209303788,158700
-77718.6598272084,-86732.8599484712,-109587.343371913,-124147.473723402,-127642.277587349,158800
-77898.8988238812,-86898.7956547664,-109756.114091236,-124310.934082895,-127802.242602098,158900
-78078.7782651968,-87064.6994939789,-109921.294999881,-124474.250549711,-127962.104483853,159000
-78243.2027567489,-87230.5714073647,-110087.491373916,-124635.54187602,-128121.863368414,159100
-78407.6078730373,-87398.8411440069,-110257.216125444,-124793.375368395,-128281.51939156,159200
-78571.9935385785,-87569.1324254469,-110426.860882458,-124951.037973654,-128441.072689047,159300
-78736.3596781429,-87738.6877370204,-110596.425679952,-125108.49703086,-128600.523396608,159400
-78900.706216755,-87906.8551927026,-110765.910553113,-125266.717354038,-128759.871649954,159500
-79065.0330796923,-88076.4059251208,-110934.786850745,-125426.301935823,-128918.963039509,159600
-79229.3401924848,-88240.7196254948,-111102.863458357,-125584.24340971,-129074.965570391,159700
-79393.6274809148,-88404.1393691994,-111270.371616349,-125740.863376916,-129230.877846172,159800
-79557.9246090747,-88567.5307576722,-111435.848118725,-125899.536121667,-129386.699972926,159900
-79722.3559983033,-88731.0123866796,-111601.255153983,-126060.502825731,-129542.43205675,160000
-79886.7670311204,-88894.7703173219,-111766.592741274,-126220.422012303,-129698.074203764,160100
-80049.9355984734,-89058.4989168836,-111931.860899943,-126379.937868362,-129853.626520106,160200
-80212.4374700153,-89226.1599189905,-112097.05964953,-126539.032843561,-130009.089111937,160300
-80374.9217115981,-89394.7462169678,-112262.189009769,-126696.306998608,-130164.462085433,160400
-80537.3882496277,-89563.8372845754,-112427.249000587,-126853.497052725,-130319.745546793,160500
-80699.8370107517,-89736.9723836026,-112590.590783093,-127010.603087986,-130474.93960223,160600
-80862.2679218584,-89919.0487090869,-112752.953174239,-127167.814187042,-130629.702435763,160700
-81024.6809100763,-90101.0570812801,-112918.389556811,-127326.872678226,-130784.136935611,160800
-81187.0759027737,-90282.9974820119,-113085.075123325,-127485.840075625,-130938.484376667,160900
-81349.4528275582,-90453.3516401882,-113252.239649947,-127644.716478113,-131092.74486055,161000
-81511.811612276,-90622.840365846,-113413.898747045,-127803.501984609,-131245.194180237,161100
-81674.1521850115,-90792.2877729192,-113578.198984391,-127962.196694078,-131391.934889283,161200
-81836.4744740867,-90961.6938150178,-113742.819377012,-128120.800705527,-131544.586810661,161300
-81998.7784080607,-91131.0584460076,-113903.839295401,-128279.379549385,-131702.850457848,161400
-82161.0639157293,-91300.1829787835,-114063.917873268,-128439.053907683,-131861.011370353,161500
-82324.7094859732,-91459.3795643183,-114224.547202606,-128598.217941476,-132018.634187801,161600
-82493.927283885,-91618.5529264904,-114392.827984846,-128754.757696842,-132172.895336428,161700
-82668.0958654336,-91777.7030066943,-114559.902126641,-128912.064815524,-132327.068198731,161800
-82838.0401626797,-91936.829746546,-114724.131360772,-129070.263374185,-132481.152881487,161900
-83001.6962811455,-92101.2941947485,-114888.291118224,-129228.371442058,-132635.14949148,162000
-83170.2477834995,-92276.0062644069,-115052.381422746,-129386.379563409,-132789.058135501,162100
-83333.8936770883,-92450.6649600618,-115217.758730293,-129545.227640656,-132942.878920348,162200
-83497.5182013637,-92625.2702494293,-115384.496962598,-129704.696229133,-133096.611952822,162300
-83661.1212883487,-92799.8221004857,-115548.640335674,-129864.068858858,-133250.257339729,162400
-83824.7028703033,-92974.3204814674,-115712.55615259,-130023.345644438,-133403.676480999,162500
-83988.2628797233,-93148.7653608694,-115878.644518963,-130182.526700496,-133556.779527258,162600
-84151.8012493401,-93323.1567074453,-116047.300360866,-130340.34916776,-133709.796603385,162700
-84315.3179121204,-93487.682629906,-116214.741450842,-130494.703670676,-133862.727812859,162800
-84478.8971489215,-93646.6322768914,-116379.705130249,-130648.713346245,-134015.573259166,162900
-84642.6900754937,-93805.5577279117,-116541.825541283,-130803.678948583,-134168.333045798,163000
-84806.4605589563,-93964.4589274508,-116703.487511299,-130959.54357031,-134321.007276253,163100
-84973.2686721672,-94123.3358202073,-116867.283503658,-131116.388777515,-134473.596054033,163200
-85144.7963477537,-94284.1447651274,-117032.265376251,-131272.748969439,-134626.099482645,163300
-85317.0240533265,-94451.0909675719,-117197.182882801,-131427.542953266,-134778.517665598,163400
-85489.2142193087,-94617.9978959972,-117360.315634911,-131582.054340048,-134930.850706405,163500
-85661.3667906733,-94784.8655071472,-117524.539322982,-131736.484706247,-135080.900730562,163600
-85833.481712651,-94951.7937325075,-117689.226526525,-131890.780685963,-135230.137161497,163700
-86005.5589307291,-95119.8865706363,-117852.73345335,-132045.441696945,-135379.299176829,163800
-86177.5983906515,-95287.9375263345,-118015.703900696,-132200.14443882,-135530.932822793,163900
-86349.6000384173,-95455.9465592576,-118178.605030708,-132354.764666799,-135684.019107403,164000
-86521.5638202809,-95623.913629297,-118339.65932428,-132510.795051669,-135837.01655945,164100
-86693.4896827506,-95791.8386965803,-118500.52586544,-132667.644120017,-135989.925293052,164200
-86865.3775725885,-95959.7217214702,-118661.52633838,-132823.369698875,-136144.098102734,164300
-87037.2274368096,-96127.5626645635,-118822.462220298,-132974.880714721,-136299.481860567,164400
-87209.0392226811,-96295.3614866914,-118983.512822387,-133126.142220886,-136451.357802421,164500
-87380.8128777219,-96463.1181489178,-119144.161984676,-133281.76785209,-136605.314010453,164600
-87552.5483497019,-96630.8326125394,-119304.495769835,-133437.204553999,-136759.618498779,164700
-87723.6903168185,-96798.5048390847,-119464.766184771,-133590.180181663,-136913.82792085,164800
-87891.9750925841,-96966.1347903135,-119624.973248966,-133747.779169427,-137067.942408756,164900
-88060.2276673247,-97133.7224282162,-119785.116982064,-133904.531024409,-137221.962094534,165000
-88228.4479851456,-97301.267715013,-119945.197403869,-134060.265649197,-137375.88711016,165100
-88396.6359903907,-97470.1077539135,-120105.214534348,-134215.911731111,-137529.717587555,165200
-88564.791627642,-97640.0926615267,-120265.168393623,-134371.469374407,-137683.453658581,165300
-88732.9148417185,-97809.8084051156,-120425.059001979,-134526.938683349,-137837.095455042,165400
-88901.005577676,-97979.4769847725,-120584.886379856,-134682.319762208,-137990.643108681,165500
-89069.0637808063,-98149.0983684413,-120744.650547854,-134837.612715267,-138144.096751184,165600
-89237.0893966366,-98313.9814226858,-120904.351526728,-134992.81764681,-138297.456514174,165700
-89405.0823709294,-98477.1101596251,-121063.989337389,-135147.934661133,-138453.281866477,165800
-89568.1236330742,-98640.2041993598,-121223.564000906,-135302.840565463,-138609.05142527,165900
-89728.5865772705,-98802.9380004578,-121383.075538499,-135457.550946695,-138764.717144402,166000
-89889.029246583,-98965.2945887451,-121542.523971545,-135612.174564777,-138920.27918338,166100
-90049.1279856976,-99127.6176153329,-121701.909321573,-135766.711521975,-139075.737701589,166200
-90208.9321012086,-99289.9070370144,-121861.231610265,-135921.127824842,-139231.092858299,166300
-90368.7166975212,-99451.9876131219,-122020.490859454,-136075.19157951,-139386.344812659,166400
-90528.4817138214,-99612.5373729334,-122179.687091126,-136229.104151433,-139541.493723698,166500
-90690.5132298866,-99773.5521171719,-122340.542580273,-136382.931730197,-139696.539750326,166600
-90850.4105185347,-99939.9361514765,-122501.238109332,-136536.674415239,-139851.360062307,166700
-91010.28781766,-100102.233064793,-122661.274399277,-136688.628671246,-140006.003282472,166800
-91170.1450672991,-100264.706190098,-122822.315735009,-136839.100171109,-140160.544859946,166900
-91329.9822076943,-100427.144695775,-122981.359812037,-136989.497801205,-140314.984951137,167000
-91489.7991792918,-100589.548540873,-123140.568140872,-137141.53174803,-140464.957093103,167100
-91649.5959227423,-100751.917684647,-123300.402937947,-137295.522843618,-140613.376400342,167200
-91809.3723789002,-100914.329998883,-123460.171938104,-137449.427314049,-140761.717176987,167300
-91969.128488823,-101077.782101842,-123619.875169574,-137603.245264205,-140909.979519961,167400
-92128.8641937711,-101244.230489062,-123779.139046259,-137756.97679896,-141058.163526175,167500
-92288.5794352073,-101424.007399122,-123936.389182417,-137910.622023185,-141206.269292529,167600
-92448.2741547961,-101603.711338911,-124093.722324353,-138064.181041746,-141354.296915915,167700
-92607.9482944036,-101783.342312553,-124252.576855992,-138217.6539595,-141502.246493209,167800
-92767.6017960968,-101960.224983582,-124416.998463519,-138371.040881299,-141650.118121278,167900
-92927.2346021433,-102125.988667642,-124579.186120286,-138524.05166692,-141797.911896976,168000
-93086.8466550108,-102291.710069917,-124739.3241883,-138676.96680885,-141947.448851327,168100
-93246.4378973667,-102457.389158359,-124898.123938417,-138829.621695771,-142098.317241261,168200
-93406.0082720776,-102623.025901125,-125056.179995046,-138983.638424207,-142249.095888871,168300
-93565.5577222088,-102787.600658932,-125214.173340703,-139137.66650063,-142399.784921992,168400
-93725.0861910241,-102951.113423831,-125372.278197542,-139291.224850058,-142550.384468392,168500
-93884.5936219849,-103113.747890996,-125530.738961572,-139444.588937428,-142700.894655766,168600
-94044.0799587504,-103267.17415555,-125689.010365884,-139597.39633918,-142850.295265218,168700
-94203.5451451767,-103420.579581494,-125848.2703363,-139748.701668249,-142998.74282602,168800
-94362.9891253163,-103573.964121534,-126007.620081234,-139899.865653524,-143147.108616435,168900
-94522.411843418,-103727.32772855,-126166.902810459,-140051.066333052,-143295.392745181,169000
-94681.8132439263,-103880.670355599,-126326.118557389,-140202.238418447,-143443.595320937,169100
-94841.1932714808,-104033.991955908,-126485.267355568,-140353.336592644,-143591.716452341,169200
-95000.6082397162,-104193.40235835,-126644.349238665,-140504.286200861,-143739.756247992,169300
-95160.432344869,-104357.170054167,-126803.36424048,-140654.95231997,-143887.71481645,169400
-95320.2357184873,-104521.635569313,-126962.312394938,-140805.539285387,-144035.592266232,169500
-95479.9981634678,-104686.354760959,-127121.193736092,-140956.047189432,-144183.667475294,169600
-95639.1126349674,-104851.243588228,-127280.008298122,-141105.649553139,-144333.899284117,169700
-95798.2056564249,-105016.090033153,-127438.756115329,-141257.271797794,-144484.040607033,169800
-95957.3925268149,-105180.89406667,-127597.437222143,-141408.250721997,-144634.09157779,169900
-96116.6194254787,-105345.655659912,-127756.051653116,-141559.789680658,-144784.052330044,170000
-96275.8244289832,-105510.374784211,-127914.599442925,-141710.847599262,-144933.922997361,170100
-96435.0074839156,-105676.351600462,-128073.080626367,-141862.693510987,-145083.703713214,170200
-96594.168537054,-105843.532318485,-128231.495238363,-142014.454496438,-145233.394610985,170300
-96753.3075353664,-106010.665276781,-128389.475042523,-142165.737343396,-145382.995823962,170400
-96912.4244260108,-106173.887061801,-128546.062384853,-142316.888958374,-145532.317326829,170500
-97072.1225396856,-106333.667819845,-128702.587904742,-142466.831849282,-145681.549520144,170600
-97235.2043674243,-106495.755843914,-128859.051629789,-142615.457419386,-145830.693143872,170700
-97398.2572545258,-106659.373784812,-129015.453587716,-142764.008538453,-145976.933923833,170800
-97561.4671966923,-106822.950620075,-129171.793806369,-142912.485290752,-146123.813417664,170900
-97725.0269251679,-106986.486321276,-129328.072313718,-143060.887760555,-146272.577685121,171000
-97892.8395442177,-107149.980860178,-129484.289137855,-143209.158349995,-146421.137421854,171100
-98062.7132134905,-107313.434208736,-129640.444306993,-143357.324206354,-146569.59841889,171200
-98232.545087883,-107477.070534447,-129796.537849469,-143506.674683769,-146717.502681257,171300
-98402.3351306619,-107641.338413448,-129953.424886711,-143655.947142811,-146863.807199095,171400
-98572.5559718157,-107805.563233676,-130111.374833505,-143805.078472347,-147010.032822782,171500
-98742.8582577531,-107969.744969601,-130269.257769857,-143953.971042902,-147156.17965985,171600
-98903.5710455553,-108133.883595884,-130427.073733906,-144102.786660247,-147302.247817778,171700
-99074.2802768312,-108297.979087376,-130584.822763904,-144251.525416277,-147448.237403996,171800
-99248.3040728998,-108462.031419115,-130742.504898213,-144400.18740288,-147594.14852588,171900
-99407.3924224458,-108625.269081192,-130900.120175307,-144548.772711935,-147741.258481547,172000
-99565.138725277,-108789.279348213,-131057.668633769,-144697.281435313,-147889.79436649,172100
-99722.8635601627,-108952.463717821,-131217.488577415,-144845.713664876,-148038.241299416,172200
-99880.5668768373,-109116.377327385,-131377.719698608,-144994.069492477,-148186.599416195,172300
-100038.248625214,-109285.07675914,-131537.87600277,-145142.34900996,-148334.868852592,172400
-100195.908755385,-109456.168172702,-131695.874006091,-145290.552309158,-148483.049744259,172500
-100353.547217621,-109626.703039859,-131854.559993943,-145437.308546348,-148631.14222674,172600
-100511.163962369,-109786.672037275,-132014.115787681,-145583.724462624,-148779.146435471,172700
-100668.370755339,-109944.094276242,-132171.844089466,-145730.437319472,-148927.062505773,172800
-100820.337016848,-110101.485076033,-132328.982785617,-145877.114785543,-149074.890572862,172900
-100982.595183454,-110259.695289859,-132486.05464616,-146023.58060192,-149222.618988706,173000
-101141.412781645,-110422.182672543,-132643.059711398,-146170.360881675,-149370.118425098,173100
-101299.048307257,-110584.628657206,-132800.74862763,-146319.869254314,-149516.521949922,173200
-101463.559718575,-110747.033219447,-132957.842006424,-146469.295541944,-149660.441491295,173300
-101630.911350757,-110909.396335043,-133113.994468658,-146618.639852318,-149804.12522712,173400
-101794.35510558,-111070.304176444,-133270.412828988,-146767.902293149,-149947.704900878,173500
-101956.579441756,-111231.568178275,-133427.084525861,-146917.082972104,-150091.211896131,173600
-102118.804329363,-111392.860715116,-133583.689671402,-147065.245048955,-150234.646309278,173700
-102280.998868772,-111554.11350039,-133740.228306628,-147212.814683999,-150378.008236676,173800
-102443.16301791,-111721.817555547,-133897.438315937,-147360.308134755,-150521.297774642,173900
-102605.296734886,-111887.751762573,-134058.27252554,-147507.72549585,-150664.515019451,174000
-102767.399977998,-112050.279602014,-134217.850884128,-147655.066861893,-150807.660067336,174100
-102929.472705725,-112213.643847392,-134375.732553487,-147802.332327466,-150950.733014489,174200
-103091.514876729,-112376.963720922,-134530.527684329,-147949.280156904,-151093.733957058,174300
-103253.526449858,-112539.693001092,-134683.855466296,-148095.946647063,-151236.66299115,174400
-103415.507384138,-112702.090455958,-134835.905885607,-148242.539100286,-151379.520212829,174500
-103577.457638781,-112861.321236717,-134987.901097795,-148389.057607318,-151524.315130942,174600
-103739.377173179,-113021.406364307,-135139.841126228,-148534.505122947,-151669.042892986,174700
-103901.265946906,-113181.619872471,-135291.725994378,-148680.714036224,-151811.765920502,174800
-104063.123919715,-113343.6233438,-135443.555725827,-148828.970049302,-151954.417181184,174900
-104224.951051542,-113506.517290964,-135596.503210801,-148975.772238128,-152096.907737756,175000
-104386.747302501,-113675.578431662,-135750.575860208,-149122.201128558,-152239.214933869,175100
-104548.512632886,-113837.676776069,-135905.272386176,-149268.469694475,-152381.451420659,175200
-104710.24700317,-113999.732308886,-136059.905406485,-149414.664283682,-152523.617292764,175300
-104871.950374004,-114161.745010247,-136217.531211358,-149559.559495012,-152665.712644778,175400
-105033.622706219,-114323.714860453,-136375.318368368,-149701.308607444,-152807.73757125,175500
-105195.263960822,-114485.641839975,-136531.661894284,-149842.998548404,-152949.692166685,175600
-105356.874098998,-114647.525929455,-136685.950485868,-149985.035064886,-153091.57652554,175700
-105518.453082109,-114809.367109701,-136840.175954153,-150131.26083186,-153233.39074223,175800
-105680.000871692,-114971.16536169,-136994.338338281,-150277.397033874,-153375.13491112,175900
-105841.517429462,-115132.920666566,-137148.437677487,-150423.458572057,-153516.809126532,176000
-106003.129167745,-115290.760171088,-137302.800715109,-150569.445541533,-153658.41348274,176100
-106164.819134452,-115446.659444281,-137458.024880825,-150715.358037394,-153799.94807397,176200
-106326.477346871,-115602.526844089,-137613.182780614,-150861.196154698,-153941.412994403,176300
-106488.10376772,-115758.36234177,-137768.274459542,-151006.959988472,-154082.808338169,176400
-106649.698359892,-115915.082966648,-137923.299962764,-151153.164251674,-154224.134199353,176500
-106811.261086451,-116074.901303445,-138078.259335512,-151299.821672228,-154365.154954657,176600
-106972.791910638,-116234.679928406,-138231.048133987,-151445.513921515,-154505.798627974,176700
-107134.290795865,-116395.035205681,-138382.718895039,-151589.952911122,-154646.37510216,176800
-107295.757705717,-116555.950313528,-138536.249737756,-151734.964306015,-154786.884466099,176900
-107457.192603952,-116720.116500255,-138689.494356889,-151880.305840933,-154928.481733803,177000
-107618.5954545,-116886.627228515,-138841.268833692,-152025.486298162,-155070.801551816,177100
-107779.966221461,-117053.0836726,-138993.14548766,-152169.805751202,-155212.266013542,177200
-107941.304869107,-117219.485828614,-139148.092449573,-152314.054822224,-155354.131957859,177300
-108102.61136188,-117386.471342935,-139302.525012525,-152458.624652128,-155495.925142224,177400
-108263.885664394,-117553.440348046,-139457.505429856,-152605.386167272,-155637.645670846,177500
-108425.127741431,-117717.137088864,-139612.616244793,-152751.442682629,-155779.293647864,177600
-108586.337557942,-117878.832153045,-139767.659247288,-152896.562964538,-155920.869177341,177700
-108747.515079049,-118040.482535701,-139922.634487217,-153041.609144672,-156062.372363274,177800
-108908.66027004,-118202.088222685,-140076.868923797,-153186.503372531,-156203.803309583,177900
-109069.773096372,-118363.649200013,-140230.037930781,-153331.176592043,-156345.162120118,178000
-109230.898201993,-118528.440877192,-140383.14404588,-153477.677044289,-156486.448898656,178100
-109392.064243379,-118694.227386996,-140537.03169753,-153624.185335584,-156627.6637489,178200
-109553.197599584,-118858.257429631,-140692.148201508,-153768.54858238,-156770.846236835,178300
-109714.298236925,-119015.271211064,-140846.191333405,-153912.839420004,-156914.582694755,178400
-109875.366121884,-119172.248921194,-140997.649275594,-154057.05794284,-157058.23703875,178500
-110036.401221109,-119329.190538038,-141148.599845457,-154201.483751149,-157201.809400726,178600
-110197.403501414,-119489.294783484,-141301.04910515,-154347.17587825,-157345.177774329,178700
-110358.372929777,-119649.542792853,-141457.355306462,-154492.790043892,-157488.375485444,178800
-110519.309473341,-119809.747954935,-141612.258433796,-154638.326357078,-157631.492418328,178900
-110680.213099413,-119969.910255114,-141765.442782802,-154783.784926741,-157774.528702229,179000
-110841.083775465,-120130.029678925,-141918.56284907,-154929.001485501,-157917.484466264,179100
-111001.92146913,-120290.106212058,-142071.61867832,-155073.930769544,-158059.665390889,179200
-111162.726148207,-120450.139840352,-142224.610316344,-155218.78400928,-158198.308856185,179300
-111323.497780655,-120610.130549799,-142377.537809005,-155363.561309929,-158336.888187154,179400
-111484.236334596,-120770.07832654,-142530.401202239,-155508.26277665,-158475.403469968,179500
-111644.941778314,-120929.983156869,-142683.200542048,-155652.888514535,-158613.804450752,179600
-111805.614080255,-121089.845027227,-142835.935874509,-155795.660086755,-158752.91540112,179700
-111966.253209025,-121249.663924206,-142988.607245765,-155937.955912568,-158894.470319221,179800
-112126.85913339,-121409.439834548,-143141.214702029,-156080.184241208,-159035.949242138,179900
-112287.431822277,-121569.172745142,-143293.758289581,-156222.34515795,-159177.352287908,180000
-112447.971244773,-121728.862643026,-143446.238054772,-156364.438748035,-159318.679574455,180100
-112608.567395333,-121888.509515387,-143598.654044019,-156506.465096674,-159459.931219598,180200
-112772.329737421,-122048.113349556,-143751.437218534,-156648.3906322,-159601.107341042,180300
-112936.052672926,-122207.674133013,-143904.998759642,-156790.10260806,-159742.208056385,180400
-113099.736176887,-122366.849435172,-144058.493002671,-156931.748259566,-159883.05227113,180500
-113263.557986486,-122522.843625212,-144211.920001033,-157073.327670141,-160021.946328558,180600
-113427.618689077,-122678.808441701,-144365.279808202,-157214.840923175,-160160.773297184,180700
-113591.639009065,-122834.73706803,-144518.572477709,-157356.288102031,-160299.5332729,180800
-113760.41262296,-122990.629485256,-144671.798063143,-157498.235112749,-160438.226351526,180900
-113929.267916925,-123146.97797978,-144824.43195062,-157640.748897019,-160576.852628815,181000
-114098.073026639,-123303.419214506,-144975.804661499,-157783.192563345,-160715.412200451,181100
-114266.827939087,-123459.822861632,-145130.009422079,-157925.566205403,-160853.905162049,181200
-114435.532641418,-123616.188904321,-145284.143122544,-158067.869916817,-160992.331609153,181300
-114604.187120948,-123772.517325875,-145438.205826599,-158210.103791163,-161131.597867746,181400
-114772.791365159,-123928.808109736,-145590.018220802,-158352.267921963,-161272.529347701,181500
-114941.345361696,-124085.061239487,-145741.815738042,-158494.36240269,-161413.384294878,181600
-115109.849098369,-124245.344241607,-145894.376933756,-158636.387326765,-161554.162832348,181700
-115278.302563149,-124409.44597583,-146046.871910263,-158778.342787557,-161694.865083052,181800
-115446.705744174,-124573.63515865,-146199.300720991,-158920.228878381,-161835.491169807,181900
-115611.100782037,-124737.769853895,-146352.910671644,-159062.045692503,-161976.041215298,182000
-115765.337024635,-124900.206762615,-146506.907406862,-159204.114640638,-162116.515342086,182100
-115919.548883555,-125057.17723952,-146659.53370978,-159346.673714575,-162256.913672604,182200
-116073.736324236,-125219.842204502,-146811.43792125,-159489.160542842,-162397.236329154,182300
-116227.89931226,-125373.055260783,-146960.695467191,-159631.575226688,-162537.483433913,182400
-116382.037813343,-125525.034912996,-147110.090627723,-159773.917867288,-162677.655108928,182500
-116536.151793345,-125680.056181294,-147261.179029461,-159916.18856575,-162817.693052742,182600
-116694.960129025,-125835.416196967,-147412.204219398,-160058.387423114,-162957.619906746,182700
-116857.437278225,-125990.739359818,-147563.166246783,-160200.514540347,-163097.472064624,182800
-117019.874941914,-126146.025654026,-147713.928745827,-160342.57001835,-163237.201843847,182900
-117182.273098706,-126301.275063905,-147862.955833127,-160484.553957951,-163376.476709801,183000
-117344.785038177,-126456.487573899,-148011.63156311,-160626.466459908,-163512.609904976,183100
-117507.732782814,-126611.663168588,-148160.250293032,-160768.307624909,-163648.585161088,183200
-117670.639814193,-126767.45934427,-148308.994341512,-160909.66179904,-163784.500153137,183300
-117833.506112535,-126923.364589072,-148459.53670261,-161050.25360364,-163920.354964129,183400
-117996.331658216,-127079.23130057,-148609.32933732,-161190.778443629,-164056.149677017,183500
-118159.116431761,-127235.059465465,-148758.357370787,-161331.236409167,-164191.884374698,183600
-118321.860413848,-127390.849070588,-148907.669624793,-161471.627590363,-164327.612348265,183700
-118484.563585301,-127546.600102905,-149058.55505034,-161611.952077271,-164467.919992829,183800
-118647.225927098,-127702.312549509,-149210.746317522,-161752.209959893,-164608.149449769,183900
-118809.847420364,-127857.986397625,-149363.538727878,-161892.401328175,-164748.300851927,184000
-118972.428046374,-128015.947411502,-149516.261008065,-162032.526272012,-164886.188670303,184100
-119134.96778655,-128174.527653729,-149666.842839236,-162172.584881243,-165022.486917507,184200
-119297.466622464,-128333.06318107,-149818.003156714,-162312.577245653,-165157.817907526,184300
-119462.476816471,-128490.514763938,-149969.349062615,-162452.503454972,-165293.089427742,184400
-119627.782375005,-128644.202772464,-150119.268399779,-162592.363598875,-165428.301560912,184500
-119793.041288649,-128797.85561523,-150269.125353995,-162732.157766984,-165563.454389738,184600
-119958.253545418,-128951.66902286,-150418.919975817,-162871.793600379,-165698.547996865,184700
-120123.419133475,-129105.535512597,-150568.652315844,-163011.333598792,-165833.582464879,184800
-120285.695047194,-129261.432812247,-150718.46748438,-163150.808342223,-165968.557876313,184900
-120442.204039183,-129418.742503864,-150868.19617909,-163290.217918926,-166103.474313637,185000
-120598.682432101,-129576.009356442,-151019.150320125,-163429.562417097,-166238.331859269,185100
-120756.61330868,-129733.233363228,-151168.990629895,-163568.841924881,-166373.130595565,185200
-120918.253965064,-129890.533694756,-151318.524419359,-163708.056530367,-166507.870604825,185300
-121080.28505454,-130047.827250102,-151466.718808298,-163847.205538336,-166642.551969291,185400
-121250.040108962,-130205.077637437,-151614.050550407,-163986.287492576,-166777.174771146,185500
-121423.897022305,-130362.284850822,-151761.32610537,-164125.304819768,-166911.739092514,185600
-121597.687525007,-130519.479168142,-151908.54551354,-164264.257607751,-167046.245015462,185700
-121764.745958404,-130675.714192813,-152055.708815323,-164403.14594431,-167180.692621996,185800
-121920.537879887,-130830.242832097,-152202.816051179,-164541.969917172,-167315.081994063,185900
-122076.299660466,-130984.214072935,-152349.867261623,-164680.919332795,-167449.413213554,186000
-122232.031274339,-131137.798027263,-152496.862487219,-164819.98075862,-167583.686362296,186100
-122387.732695836,-131291.345592033,-152643.801768587,-164958.976747702,-167717.875922235,186200
-122543.40389942,-131444.856754892,-152790.685146398,-165097.787891683,-167851.939119401,186300
-122699.044859685,-131601.334364661,-152937.945884314,-165236.522066674,-167985.944841397,186400
-122858.402702196,-131755.729563853,-153086.905301853,-165375.191547138,-168119.893168914,186500
-123019.495814931,-131909.428870503,-153235.802517286,-165513.79642258,-168253.784182584,186600
-123180.548495416,-132063.391838017,-153382.709220731,-165652.336782443,-168387.617962981,186700
-123341.560727958,-132217.423735842,-153530.25009003,-165790.812716105,-168521.674522091,186800
-123502.532497001,-132372.870442098,-153678.589775909,-165929.224312886,-168658.944446834,186900
-123663.463787126,-132529.298222669,-153826.868649349,-166067.571662041,-168796.143539515,187000
-123824.354583051,-132685.842164363,-153975.086761175,-166205.854852762,-168933.271917937,187100
-123985.204869632,-132842.419944882,-154123.925022249,-166344.087748998,-169070.329699762,187200
-124146.014631858,-132998.954392275,-154273.386890167,-166482.584939309,-169206.517352027,187300
-124306.783854855,-133155.445502839,-154422.784192127,-166620.495448195,-169339.560805671,187400
-124467.512523884,-133311.893272991,-154572.11698655,-166758.720365442,-169472.548997902,187500
-124628.200624341,-133468.297699267,-154721.385331881,-166896.880854348,-169605.482005613,187600
-124780.138606626,-133624.658778321,-154870.589286596,-167034.977005498,-169738.359905641,187700
-124930.790944412,-133780.976506923,-155019.728909197,-167173.00890941,-169871.182774767,187800
-125081.420302116,-133937.250881963,-155168.252286599,-167310.976656537,-170003.950689718,187900
-125232.026650632,-134093.481900446,-155316.1523852,-167448.88033726,-170136.663727164,188000
-125382.609960973,-134249.669559496,-155464.29072719,-167586.720041897,-170269.321963719,188100
-125533.17020427,-134405.813856351,-155611.895130616,-167724.495860693,-170401.815222965,188200
-125683.707351775,-134561.914788366,-155758.494037694,-167862.207883829,-170534.243520152,188300
-125834.221374853,-134717.972353013,-155905.904985158,-167999.856201415,-170666.617725594,188400
-125984.712244993,-134873.986547877,-156054.419491737,-168137.440903494,-170798.937914352,188500
-126135.179933797,-135029.95737066,-156203.093069084,-168274.962080039,-170931.853318805,188600
-126285.624412987,-135185.884819177,-156351.702628841,-168412.419820956,-171066.27719348,188700
-126436.045654401,-135341.768891358,-156498.604644453,-168549.814216079,-171200.860617192,188800
-126586.443629993,-135497.609585248,-156644.046234365,-168687.145355176,-171335.381141609,188900
-126736.818311836,-135653.406899003,-156790.6824391,-168824.413327943,-171469.838865558,189000
-126887.169672117,-135809.160830893,-156937.933636555,-168961.618224007,-171604.233887764,189100
-127037.497683141,-135965.304310568,-157085.124485433,-169098.760132925,-171738.56630685,189200
-127190.637045735,-136121.652139644,-157231.594399951,-169235.839144186,-171872.836221335,189300
-127344.850361229,-136277.955087093,-157377.964060352,-169372.838412783,-172007.043729637,189400
-127499.03362478,-136435.364556675,-157524.275585557,-169509.725564469,-172141.188930072,189500
-127653.186814235,-136596.439717774,-157670.52902445,-169646.550331405,-172275.27192085,189600
-127807.309907565,-136757.45924873,-157816.72442595,-169783.312802172,-172409.292800083,189700
-127961.402882858,-136918.42316429,-157962.861839008,-169920.013065285,-172543.251665776,189800
-128115.465718325,-137079.33147931,-158108.941312608,-170056.651209187,-172677.148615833,189900
-128269.498392295,-137240.184208752,-158254.962895769,-170193.227322252,-172810.983748055,190000
-128423.569503893,-137400.981367683,-158400.926637537,-170329.741492784,-172944.757160138,190100
-128577.950358405,-137558.174806576,-158546.832586995,-170466.193809015,-173078.468949678,190200
-128732.300272296,-137713.915533193,-158692.680793255,-170602.58435911,-173212.119214163,190300
-128886.619224977,-137869.61172688,-158838.471305459,-170738.913231159,-173345.708050983,190400
-129040.907195976,-138025.263388878,-158984.204172783,-170875.180513185,-173479.23555742,190500
-129195.164164941,-138180.870520539,-159129.879444431,-171011.386293138,-173612.701830654,190600
-129349.390111638,-138336.43312332,-159275.497169638,-171147.530658897,-173746.106967763,190700
-129503.585015952,-138491.951198786,-159421.05739767,-171283.592818409,-173879.451065718,190800
-129657.748857886,-138647.424748608,-159566.560177821,-171419.403215034,-174012.734221387,190900
-129811.88161756,-138802.853774565,-159712.303611411,-171554.016153118,-174145.956531537,191000
-129967.579455534,-138958.23827854,-159858.436035079,-171687.790045309,-174279.118092826,191100
-130125.062332503,-139113.578262524,-160004.944422488,-171824.210196609,-174412.219001813,191200
-130282.507837944,-139268.873728611,-160150.186538241,-171961.333427743,-174545.438870953,191300
-130439.915958188,-139424.124679002,-160295.101422521,-172098.390796699,-174678.798062633,191400
-130597.286679683,-139580.56501493,-160441.413870338,-172234.447980692,-174812.095386201,191500
-130754.619988998,-139738.434991445,-160587.665817991,-172370.080776719,-174945.330941961,191600
-130911.915872823,-139896.368767144,-160733.857321563,-172505.615818155,-175078.504830107,191700
-131069.174317963,-140054.251905799,-160879.895385037,-172641.090407334,-175211.617150718,191800
-131226.395311346,-140212.366236354,-161025.071340664,-172776.50463127,-175344.763259014,191900
-131383.578840017,-140370.752547837,-161170.126384375,-172911.858576904,-175477.8615823,192000
-131540.724891137,-140529.086894701,-161314.614337164,-173046.990622273,-175610.898201901,192100
-131697.833451986,-140685.014875384,-161458.860392332,-173181.037089416,-175743.87321866,192200
-131854.904509964,-140838.049000647,-161603.051164923,-173316.010352964,-175876.786733304,192300
-132011.938052584,-140990.023705221,-161747.186701872,-173451.480880708,-176009.638846445,192400
-132168.934067479,-141141.95978936,-161891.267050139,-173586.581487855,-176142.429658576,192500
-132325.892542397,-141293.857249643,-162035.292256714,-173721.39106658,-176275.159270074,192600
-132482.813465201,-141445.716082745,-162179.262368615,-173856.141657086,-176407.8277812,192700
-132638.306507326,-141597.536285447,-162323.32110049,-173990.795668496,-176540.435292098,192800
-132788.602132248,-141749.436904909,-162467.489608353,-174125.364292603,-176672.981902796,192900
-132938.871842692,-141901.518943219,-162611.60226893,-174259.874420786,-176805.467713202,193000
-133089.115616629,-142053.561645081,-162755.659131039,-174394.326136828,-176937.61512222,193100
-133239.333432136,-142205.756757512,-162899.660243523,-174528.719524443,-177068.905808591,193200
-133389.525267395,-142359.629850902,-163043.605655247,-174663.054667272,-177201.116067883,193300
-133539.691100696,-142513.459638587,-163187.4954151,-174797.2967851,-177333.316013193,193400
-133689.830910438,-142666.096502273,-163331.886919647,-174931.454549602,-177465.455841125,193500
-133839.944675121,-142816.683060589,-163476.88331848,-175065.554543057,-177597.535650348,193600
-133990.032373355,-142967.232811842,-163621.820599343,-175199.596848262,-177729.555539417,193700
-134140.093983855,-143117.745751757,-163766.698818286,-175333.158691722,-177861.51560677,193800
-134290.129485439,-143268.221876154,-163911.51803137,-175466.621899342,-177993.415950728,193900
-134440.138857034,-143418.661180952,-164056.850843228,-175600.029361619,-178125.256669498,194000
-134590.122077669,-143569.603409183,-164203.35603778,-175733.476590955,-178257.03786117,194100
-134740.079126479,-143720.866876017,-164349.452673395,-175867.920429542,-178388.759623717,194200
-134890.009982703,-143872.091704702,-164494.210048776,-176002.304522904,-178520.422054997,194300
-135039.914625684,-144023.277893553,-164638.907992795,-176136.628959907,-178652.025252752,194400
-135189.897218634,-144174.622456816,-164781.657386313,-176270.386270012,-178783.569314605,194500
-135339.874518024,-144330.591173501,-164924.27168696,-176404.038735238,-178915.054338067,194600
-135492.983604578,-144489.049042789,-165066.727575266,-176537.633870626,-179046.48042053,194700
-135647.957548134,-144647.452044772,-165209.042823619,-176671.018051427,-179177.84765927,194800
-135803.028641781,-144805.800199165,-165352.121471089,-176804.320138743,-179309.156151446,194900
-135958.30257922,-144964.093525777,-165495.690616882,-176936.734804865,-179440.405994103,195000
-136113.682269553,-145121.943462307,-165639.203228977,-177069.048162973,-179571.597284168,195100
-136269.025479717,-145275.139357318,-165782.659360062,-177201.308438285,-179702.730118451,195200
-136427.686774403,-145428.364765997,-165926.059062839,-177333.515704026,-179833.804593645,195300
-136587.146709895,-145581.546491757,-166069.242888683,-177466.609739017,-179964.820806329,195400
-136746.696780515,-145734.684539958,-166211.675157787,-177600.049368874,-180095.778852965,195500
-136906.201909227,-145887.778916053,-166354.053691616,-177733.431319109,-180226.678829895,195600
-137065.662094748,-146040.829625583,-166496.378537955,-177866.755675072,-180357.520833349,195700
-137225.077335903,-146193.836674185,-166638.649744609,-178000.022522032,-180488.304959437,195800
-137384.447631625,-146346.800067583,-166780.867359399,-178133.231945178,-180619.031304154,195900
-137543.772980954,-146499.719811593,-166923.031430166,-178266.384029619,-180749.699963379,196000
-137703.053383038,-146652.595912122,-167065.142004768,-178399.478860383,-180880.311032872,196100
-137862.288837132,-146805.428375166,-167207.033380623,-178532.516522419,-181010.864608279,196200
-138021.479342596,-146958.217206811,-167348.813773781,-178665.497100593,-181141.360785126,196300
-138180.624898898,-147110.962413232,-167490.541461536,-178798.420679693,-181271.799658827,196400
-138339.725505613,-147263.664000695,-167632.216490583,-178931.245115097,-181402.131263536,196500
-138498.781162418,-147416.321975552,-167773.838907635,-179063.741768124,-181532.356438171,196600
-138657.791869098,-147568.936344245,-167915.637428413,-179196.119532715,-181662.524982867,196700
-138816.757625543,-147721.507113304,-168057.513373565,-179328.22157339,-181791.068310269,196800
-138975.678431746,-147874.034289348,-168199.335801949,-179460.108862298,-181919.440136719,196900
-139134.554287807,-148024.951239826,-168341.104762357,-179592.587482792,-182047.762176643,197000
-139293.385193927,-148174.656311378,-168483.196451726,-179725.167246089,-182176.034505706,197100
-139452.171150413,-148324.323502779,-168625.048081763,-179857.348360776,-182304.257199497,197200
-139610.912157675,-148473.952814215,-168766.091323849,-179989.474320453,-182432.430333528,197300
-139769.608216225,-148623.544245959,-168907.64690055,-180121.545206286,-182560.553983233,197400
-139928.259326678,-148773.097798371,-169049.149253444,-180253.804481611,-182688.628223972,197500
-140086.865489753,-148922.613471899,-169190.598431407,-180386.238583155,-182816.653131027,197600
-140245.42670627,-149072.091267074,-169331.994483327,-180518.477150203,-182944.6287796,197700
-140403.94297715,-149221.531184517,-169473.337458104,-180650.109435448,-183072.555244821,197800
-140562.414303417,-149370.933224933,-169614.627404653,-180781.143209543,-183200.432601738,197900
-140720.840686196,-149520.297389112,-169755.8643719,-180912.606444244,-183328.332957886,198000
-140879.222126712,-149669.62367793,-169897.735505949,-181044.267160428,-183457.520453574,198100
-141037.558626292,-149819.101778098,-170039.874877969,-181175.849273701,-183586.65360765,198200
-141195.850186362,-149968.74265266,-170182.145361019,-181307.377232016,-183715.732509652,198300
-141354.096808447,-150121.8875268,-170323.964297349,-181438.851115275,-183844.757249013,198400
-141512.298494175,-150276.839411624,-170465.958293524,-181570.271003306,-183973.727915053,198500
-141670.455245271,-150429.901506613,-170607.739388696,-181701.636975857,-184102.644596987,198600
-141828.567063559,-150579.625597197,-170749.001232949,-181832.949112604,-184231.507383919,198700
-141986.633950962,-150729.310526554,-170889.624013456,-181964.207493144,-184360.316364847,198800
-142144.655909503,-150878.956297747,-171030.593275949,-182095.412196998,-184489.071628656,198900
-142302.6329413,-151028.562913922,-171171.231297723,-182226.563303612,-184618.308803584,199000
-142458.213974505,-151178.130378308,-171311.538775863,-182357.660892355,-184747.906442359,199100
-142612.928603284,-151327.658694217,-171451.794866678,-182488.705042519,-184877.446780608,199200
-142767.604623197,-151477.147865042,-171591.999617314,-182619.695833318,-185006.929917768,199300
-142922.242029728,-151627.921230905,-171732.153074929,-182750.633343893,-185136.355953143,199400
-143076.840818461,-151779.018196286,-171872.306890467,-182881.517653305,-185265.724985903,199500
-143231.400985074,-151930.072477321,-172012.487516712,-183012.908553207,-185395.037115084,199600
-143385.922525341,-152081.084082066,-172152.616617918,-183144.6526257,-185524.29243959,199700
-143540.405435133,-152232.053018657,-172293.771146662,-183276.340084319,-185653.491058189,199800
-143694.849710414,-152383.219628795,-172435.218662363,-183407.682184294,-185782.633069518,199900
-143849.255347245,-152534.362715442,-172576.610536491,-183538.421698817,-185911.718572078,2e+05
-144003.622341781,-152685.462609115,-172717.9468255,-183669.108020694,-186040.74766424,200100
-144155.178692143,-152836.519318949,-172858.379435191,-183799.741229678,-186169.720444237,200200
-144302.988673815,-152987.532854154,-172999.143640484,-183930.321405444,-186298.637010173,200300
-144450.771753233,-153138.50322402,-173140.246116793,-184060.848627585,-186427.497460017,200400
-144598.527915756,-153289.430437914,-173281.293468017,-184191.322975617,-186556.301891603,200500
-144746.257146832,-153440.314505282,-173422.28600988,-184321.744528972,-186685.050402636,200600
-144896.733619374,-153591.155435646,-173563.887839185,-184452.113367004,-186813.743090682,200700
-145052.104622869,-153741.953238607,-173705.432713336,-184582.429568988,-186942.38005318,200800
-145207.434434422,-153892.707923839,-173846.920692233,-184712.693214116,-187070.961387432,200900
-145362.723053866,-154043.419501097,-173988.351835764,-184842.904381502,-187199.487190607,201000
-145517.970481127,-154194.087980211,-174129.726203811,-184973.503770063,-187327.957559743,201100
-145673.176716222,-154344.713371085,-174270.571749422,-185104.036670616,-187456.372591744,201200
-145828.341759259,-154495.295683701,-174411.033876457,-185234.484822155,-187584.732383381,201300
-145983.465610439,-154645.834928116,-174551.441815364,-185364.879333017,-187713.037031291,201400
-146138.548270052,-154796.331114462,-174691.795621134,-185495.220285778,-187841.286631981,201500
-146293.58973848,-154946.784252946,-174832.095348755,-185625.507762923,-187969.481281823,201600
-146448.590016195,-155097.19435385,-174972.341053212,-185755.741846853,-188097.621077056,201700
-146604.065333777,-155247.56142753,-175112.317433142,-185885.922619875,-188225.706113788,201800
-146759.65686274,-155398.072472526,-175251.160974219,-186016.050164212,-188353.736487993,201900
-146915.20589342,-155548.743669251,-175389.954493705,-186146.124561994,-188481.712295513,202000
-147068.507135369,-155699.371022832,-175528.698038984,-186276.145895267,-188609.633632058,202100
-147219.699993902,-155849.954545015,-175667.99138563,-186406.114245984,-188737.500593204,202200
-147367.740632075,-156000.494247619,-175806.091093022,-186536.02969601,-188865.305290717,202300
-147515.752563419,-156150.990142536,-175944.629303508,-186665.892327124,-188992.993296698,202400
-147663.735776612,-156301.442241728,-176083.173425914,-186795.702221013,-189120.464354249,202500
-147811.690260414,-156451.850557232,-176221.667811115,-186925.459459275,-189246.230364063,202600
-147964.154843092,-156602.261123109,-176360.112506526,-187055.164123421,-189371.949986879,202700
-148123.479260918,-156752.909214665,-176498.507559564,-187184.816294872,-189497.62329638,202800
-148282.235298358,-156905.061614337,-176636.935625458,-187314.416054959,-189623.250366165,202900
-148433.347723504,-157057.845794442,-176776.541686599,-187443.963484924,-189748.817806764,203000
-148584.425530751,-157210.792670627,-176916.094353689,-187573.458665922,-189874.322374457,203100
-148735.50735835,-157364.075816447,-177055.593681893,-187702.901679017,-189999.781046625,203200
-148886.963998474,-157518.14103416,-177195.039726371,-187832.279733188,-190125.193896168,203300
-149038.385156116,-157673.878216999,-177333.585529223,-187961.458115709,-190250.560995901,203400
-149189.770827062,-157829.55856155,-177471.511629646,-188090.585162217,-190375.882418552,203500
-149341.121007179,-157985.182099338,-177609.388805871,-188219.66095191,-190501.15823677,203600
-149492.43569242,-158140.748861946,-177747.96537298,-188348.685563904,-190626.388523114,203700
-149643.714878825,-158296.258881017,-177886.673899594,-188476.938992311,-190751.573350062,203800
-149794.958562517,-158447.019383464,-178025.330918369,-188604.452757255,-190876.712790007,203900
-149946.166739702,-158596.792102563,-178163.936481449,-188733.376600733,-191001.806915257,204000
-150099.238168773,-158746.521197937,-178300.819931636,-188862.412916274,-191126.855798035,204100
-150254.684132771,-158896.206682857,-178437.983380198,-188991.386816525,-191251.859510481,204200
-150410.086070721,-159045.848570662,-178576.237926352,-189120.216106094,-191376.818124651,204300
-150565.443988683,-159195.886206543,-178714.441793773,-189248.994370246,-191502.069736685,204400
-150720.7578928,-159347.893046099,-178852.595033507,-189377.207395742,-191628.59968199,204500
-150876.027789295,-159498.703258557,-178990.576462143,-189505.025827027,-191755.078128341,204600
-151031.253684476,-159647.114660161,-179127.90897814,-189632.796678674,-191881.505166037,204700
-151186.435584732,-159795.484836352,-179265.574757592,-189760.52002148,-192007.880885249,204800
-151341.573496534,-159943.813797844,-179403.257002711,-189888.195926166,-192134.205376024,204900
-151496.667426434,-160092.101555419,-179540.889698335,-190015.824463384,-192260.478728282,205000
-151651.717381067,-160240.348119923,-179678.47289379,-190143.405703713,-192386.701031816,205100
-151806.723367146,-160388.553502272,-179816.006638399,-190270.93971766,-192512.872376296,205200
-151961.685391467,-160537.043101432,-179953.490981485,-190398.42657566,-192638.992851265,205300
-152116.603460906,-160685.823770926,-180090.925972364,-190525.866348076,-192765.062546138,205400
-152271.47758242,-160834.561867017,-180228.311660352,-190653.2591052,-192891.081550207,205500
-152426.307763045,-160983.257402729,-180365.64809476,-190780.60491725,-193017.049952638,205600
-152580.022537632,-161131.910391153,-180502.935324896,-190907.903854374,-193142.967842471,205700
-152732.01525224,-161280.520845444,-180640.173400063,-191035.155986644,-193268.835308621,205800
-152883.969591993,-161429.088778822,-180777.939178918,-191162.361384065,-193394.652439877,205900
-153035.885557801,-161577.614204569,-180916.096211361,-191289.520116565,-193520.419324902,206000
-153187.763150652,-161726.097136032,-181054.079019072,-191416.813739213,-193646.136052236,206100
-153339.602371617,-161874.537586622,-181191.700160673,-191544.370822578,-193771.802710291,206200
-153491.403221842,-162022.935569813,-181328.603341512,-191671.879624463,-193897.419387357,206300
-153643.165702554,-162171.291099141,-181465.304915345,-191799.340219249,-194022.986171595,206400
-153794.889815059,-162319.604188206,-181601.317627642,-191926.752681236,-194148.503151045,206500
-153946.575560741,-162465.667506056,-181737.284151927,-192054.117084641,-194273.970413619,206600
-154098.222941061,-162610.883666317,-181873.204532446,-192181.4335036,-194399.388047106,206700
-154249.831957561,-162756.06379766,-182009.078813444,-192308.702012165,-194524.756139169,206800
-154401.402611857,-162901.207905938,-182144.90703917,-192435.922684307,-194650.074777346,206900
-154552.934905646,-163051.337939783,-182280.689253871,-192563.095593916,-194775.344049052,207000
-154704.428840699,-163203.804494282,-182416.425501796,-192690.220814797,-194900.564041576,207100
-154855.884418867,-163356.218569327,-182552.115827193,-192817.298420674,-195025.734842082,207200
-155007.301642075,-163504.582703757,-182687.959851492,-192944.32848519,-195150.856537612,207300
-155158.680512328,-163652.514452688,-182824.02604648,-193071.311081903,-195275.92921508,207400
-155310.021031705,-163800.403900756,-182960.045095211,-193198.246284291,-195400.952961278,207500
-155461.323202361,-163948.251062238,-183096.017044561,-193325.134165749,-195525.927862874,207600
-155612.587026527,-164096.055951468,-183231.562489035,-193451.974799588,-195650.854006411,207700
-155763.812506512,-164243.818582842,-183366.736214101,-193578.768259039,-195775.731478306,207800
-155914.999644698,-164391.538970816,-183502.459938801,-193705.51461725,-195900.556816093,207900
-156066.148443542,-164539.217129903,-183638.871424163,-193832.355316486,-196025.312389892,208000
-156217.258905578,-164686.853074677,-183775.171940928,-193959.779113275,-196150.019650604,208100
-156368.331033413,-164834.446819771,-183910.862278135,-194086.081770035,-196274.678683866,208200
-156519.36482973,-164982.046493277,-184046.505843968,-194212.320837597,-196399.289575194,208300
-156670.360297286,-165129.731187369,-184182.414383568,-194338.988618869,-196523.852409979,208400
-156821.31743891,-165277.373340053,-184318.945102691,-194465.643391891,-196648.367273488,208500
-156972.400783508,-165424.97296671,-184455.426224806,-194592.680159071,-196772.834250868,208600
-157123.468381855,-165572.530082781,-184592.116302339,-194719.668052852,-196897.253427141,208700
-157274.497292747,-165720.044703764,-184729.862621832,-194846.607151936,-197021.624887207,208800
-157425.487519728,-165867.516845215,-184867.555349442,-194973.497534931,-197145.948715844,208900
-157576.43906642,-166014.946522745,-185005.194546557,-195100.339280346,-197270.224997707,209000
-157727.351936514,-166162.333752022,-185142.444304074,-195227.132466598,-197394.453817326,209100
-157878.226133774,-166308.45623551,-185279.539380199,-195353.847782605,-197518.635259112,209200
-158029.061662039,-166453.860075544,-185416.582453842,-195480.308177121,-197642.769407353,209300
-158179.858525217,-166599.225603077,-185553.522962759,-195606.721126953,-197766.856346213,209400
-158330.616727289,-166744.552828696,-185690.159954525,-195733.08670783,-197890.459231676,209500
-158481.336272309,-166889.845454692,-185826.746066909,-195857.97241834,-198013.70014145,209600
-158632.017164399,-167036.690369286,-185963.281356298,-195982.633863726,-198136.897154881,209700
-158782.659407755,-167184.752201983,-186099.765879058,-196107.190561331,-198260.050346812,209800
-158933.263006643,-167332.769562021,-186235.385231305,-196232.282395448,-198383.159791983,209900
-159083.827965401,-167480.742468502,-186370.758162115,-196358.024445374,-198506.225565036,210000
-159234.354288436,-167628.670940581,-186506.083554786,-196483.721093486,-198629.247740506,210100
-159384.841980225,-167776.554997467,-186641.361459336,-196609.372410753,-198752.226392833,210200
-159535.291045317,-167924.39465842,-186776.591925771,-196734.978468061,-198875.161596352,210300
-159685.701488329,-168072.189942753,-186911.775004086,-196860.539336216,-198998.053425298,210400
-159836.073313949,-168219.940869832,-187047.728857763,-196985.314023413,-199120.901953804,210500
-159986.406526933,-168367.647459073,-187184.000338381,-197110.011074881,-199243.707255902,210600
-160128.575765285,-168514.769460376,-187320.220976715,-197234.666024123,-199366.469405526,210700
-160267.978508533,-168661.539020388,-187455.811600815,-197359.278934127,-199489.188476505,210800
-160407.361745964,-168808.90939745,-187591.063160065,-197483.849867815,-199611.864542569,210900
-160546.725464601,-168956.235973314,-187726.266716315,-197608.37888804,-199734.497677346,211000
-160686.069651527,-169103.518767017,-187861.422321304,-197732.906813395,-199857.087954366,211100
-160825.461831225,-169250.757797647,-187996.530026755,-197858.505161281,-199979.635447054,211200
-160976.889178484,-169397.953084344,-188131.589884375,-197984.057472206,-200102.140228738,211300
-161130.512836516,-169545.104646297,-188266.200825981,-198109.563820077,-200224.602372643,211400
-161284.090587312,-169692.212502746,-188401.48139444,-198235.024278716,-200347.021951895,211500
-161437.62244523,-169839.276672982,-188536.547546037,-198360.438921849,-200469.389860118,211600
-161591.108424693,-169986.297176345,-188671.635104364,-198485.807823115,-200591.707525934,211700
-161744.548540188,-170133.274032225,-188806.044953553,-198611.131056062,-200713.982915961,211800
-161897.942806266,-170280.207260061,-188941.523676919,-198736.408694146,-200836.216102717,211900
-162051.291237542,-170427.096879341,-189076.614265592,-198861.640810734,-200958.407158619,212000
-162204.593848694,-170573.942909605,-189211.477470884,-198986.827479103,-201080.556155986,212100
-162357.850654464,-170720.745370439,-189346.278581723,-199111.968772437,-201202.663167036,212200
-162511.061669656,-170867.504281477,-189480.751293783,-199237.064763833,-201324.728263887,212300
-162664.226909139,-171014.219662404,-189615.177056416,-199362.115526296,-201446.751518559,212400
-162817.346387841,-171160.891532953,-189749.555920452,-199487.12113274,-201568.73300297,212500
-162970.420120755,-171307.519912903,-189883.889648652,-199612.081655989,-201690.67278894,212600
-163123.448122937,-171454.180253026,-190018.323964185,-199736.997168777,-201812.57094819,212700
-163276.430409502,-171600.960445214,-190151.670127482,-199861.867743749,-201934.427552338,212800
-163429.366995629,-171747.696663114,-190284.587637986,-199986.693453458,-202056.235675097,212900
-163582.257896557,-171894.388927467,-190417.708330563,-200111.474370366,-202177.990320271,213000
-163732.203056076,-172041.03725906,-190551.598883644,-200236.210566846,-202299.703702032,213100
-163881.534232745,-172187.641678726,-190685.493965369,-200360.777561615,-202421.375891381,213200
-164030.826950702,-172334.202207345,-190819.499604168,-200485.176682144,-202543.006959218,213300
-164180.081216561,-172480.718865841,-190953.573288143,-200609.532246217,-202664.596976347,213400
-164329.297037003,-172627.191675186,-191088.811505378,-200733.844323293,-202786.14601347,213500
-164478.474418772,-172773.620656398,-191223.877963054,-200858.112982747,-202907.654141194,213600
-164627.613368674,-172920.005830537,-191358.2985005,-200982.311224466,-203029.121430026,213700
-164776.713893578,-173066.347218711,-191492.344685954,-201106.403690773,-203150.547950373,213800
-164925.776000415,-173213.463272145,-191625.78391756,-201230.453285409,-203271.933772547,213900
-165074.799696181,-173360.881238164,-191759.177882452,-201354.183041446,-203393.278966758,214000
-165223.784987931,-173508.252800011,-191892.52662938,-201477.679013828,-203514.58360312,214100
-165372.731882784,-173655.577982844,-192025.830207077,-201601.134076684,-203635.847751649,214200
-165521.640387921,-173801.803798046,-192159.088664259,-201724.548293258,-203757.071482262,214300
-165670.510510584,-173947.840428881,-192292.302049626,-201847.921726719,-203878.254864778,214400
-165819.342258076,-174093.833517384,-192425.47041186,-201971.254440164,-203999.397968918,214500
-165967.881332309,-174239.783084877,-192558.593799626,-202094.546496618,-204120.500864304,214600
-166115.281036658,-174385.689152726,-192691.781486671,-202217.797959032,-204241.563620463,214700
-166265.420475855,-174531.55174234,-192825.217540145,-202341.008890282,-204362.585899209,214800
-166413.924011517,-174677.370875171,-192958.607533579,-202464.179353176,-204483.565358199,214900
-166562.389560435,-174823.146572713,-193091.95151813,-202587.309410443,-204604.504898945,215000
-166710.817129862,-174968.878856505,-193225.249544938,-202710.399124745,-204725.404590544,215100
-166859.20672711,-175111.165526859,-193358.616894171,-202833.448558665,-204846.264501995,215200
-167007.558359553,-175253.942479523,-193492.043018332,-202957.113194995,-204967.084702199,215300
-167155.872034624,-175398.981683985,-193625.754584674,-203080.792731496,-205087.865259962,215400
-167304.147759815,-175541.621564678,-193759.102525835,-203204.429469889,-205208.60624399,215500
-167451.840628161,-175684.180442663,-193892.403981184,-203328.023479733,-205329.307722893,215600
-167595.931606849,-175826.702561326,-194025.659003532,-203451.574830493,-205449.969765184,215700
-167739.992532306,-175969.187933615,-194158.867645664,-203574.86086576,-205570.592439277,215800
-167884.023403581,-176111.636572523,-194291.971064368,-203698.500052652,-205691.175813493,215900
-168028.024219779,-176254.048491094,-194424.727791271,-203822.096142106,-205811.71995605,216000
-168171.994980067,-176396.423702412,-194557.783658708,-203945.649204938,-205932.224935075,216100
-168316.064533881,-176539.176414533,-194690.793479332,-204069.159311873,-206052.690818593,216200
-168462.385793633,-176681.971616873,-194823.757305345,-204192.626533542,-206173.117674536,216300
-168608.672451633,-176824.729080501,-194956.91605735,-204316.050940488,-206293.505570736,216400
-168754.92451217,-176967.448820118,-195089.920210171,-204439.432603159,-206413.854574932,216500
-168901.141979587,-177110.130850465,-195222.354801081,-204562.771591911,-206534.164754763,216600
-169047.324858289,-177252.775186328,-195354.744794452,-204684.759703635,-206654.436177772,216700
-169193.473152736,-177395.452180351,-195487.090239902,-204806.079544386,-206774.668911407,216800
-169339.586867449,-177540.395849524,-195619.391187026,-204927.364067746,-206894.863023018,216900
-169485.666007005,-177685.296593865,-195751.647685396,-205048.613325126,-207015.018579859,217000
-169631.710576038,-177830.154435618,-195883.859784563,-205169.827367882,-207135.135649088,217100
-169777.72057924,-177974.969397067,-196016.027534055,-205291.006247318,-207255.214297767,217200
-169923.771939864,-178119.741500533,-196148.150983378,-205413.594532537,-207375.254592861,217300
-170069.960788077,-178264.470768375,-196280.230182016,-205536.418104223,-207495.256601238,217400
-170216.114604191,-178409.157222991,-196412.265179429,-205659.200346955,-207615.220389672,217500
-170362.233393671,-178553.800886818,-196544.256025056,-205781.941328206,-207735.14602484,217600
-170508.317162034,-178698.556974699,-196676.202768313,-205904.641115361,-207855.033573323,217700
-170654.365914856,-178843.317577429,-196808.10545859,-206027.174676853,-207974.883101606,217800
-170800.379657769,-178988.035010945,-196939.96414526,-206149.649101657,-208094.694676078,217900
-170946.358396459,-179132.709298443,-197071.371871592,-206271.792098867,-208214.468363032,218000
-171092.302136669,-179277.340463157,-197202.566941402,-206392.144633473,-208334.204228667,218100
-171238.210884198,-179421.964782794,-197334.161077858,-206512.46425639,-208453.902339084,218200
-171384.084644899,-179566.635025573,-197465.836841642,-206633.084291998,-208573.562760291,218300
-171529.923424683,-179711.261928849,-197597.468863907,-206755.209598974,-208693.185558198,218400
-171675.727229512,-179855.845516414,-197729.214996451,-206877.258563757,-208812.770798621,218500
-171823.474304897,-179999.473426125,-197861.261899821,-206999.268205311,-208932.318547281,218600
-171971.256869234,-180142.596107591,-197993.263690643,-207121.238586684,-209051.828869802,218700
-172119.000377899,-180285.678658662,-198125.220421194,-207243.169770851,-209171.301831715,218800
-172266.70484194,-180428.721098839,-198257.132143724,-207365.061820703,-209290.737498454,218900
-172414.370272463,-180571.723447665,-198388.998910452,-207486.914799055,-209410.135935358,219000
-172561.996680623,-180714.685724718,-198520.820773569,-207608.72876864,-209529.497207674,219100
-172709.584077627,-180856.741882753,-198652.597785236,-207730.503792115,-209648.821380549,219200
-172857.132474736,-180998.402551318,-198784.329997587,-207852.239932057,-209768.108519039,219300
-173004.641883262,-181140.025885988,-198916.017462725,-207973.798510719,-209887.358688104,219400
-173152.112314569,-181281.611902847,-199047.660232725,-208094.876638412,-210006.57195261,219500
-173299.543780073,-181423.160618017,-199178.919464942,-208215.918241549,-210125.748377326,219600
-173446.93629124,-181566.819431002,-199309.779859324,-208336.923376657,-210244.88802693,219700
-173594.289859589,-181711.783962185,-199440.59782094,-208457.892100197,-210363.990966002,219800
-173741.604496689,-181856.703347088,-199571.373397374,-208578.824468561,-210483.05725903,219900
-173888.88021416,-181999.546237504,-199702.10663619,-208699.846258957,-210602.086970406,220000
-174035.429200065,-182143.343976043,-199832.797584928,-208821.585094066,-210721.08016443,220100
-174180.617138685,-182287.33724308,-199963.446291102,-208943.284431897,-210840.036905304,220200
-174325.770230863,-182431.287322061,-200094.052802207,-209064.944337386,-210958.957257141,220300
-174470.888483574,-182575.194237873,-200224.61716571,-209186.564875385,-211077.841283954,220400
-174615.97190385,-182719.058015434,-200355.595373424,-209308.146110663,-211196.689049667,220500
-174761.020498771,-182862.878679693,-200487.094790907,-209429.688107899,-211315.500618107,220600
-174906.034275469,-183006.656255631,-200618.54906824,-209551.19093169,-211434.276053009,220700
-175051.013241129,-183150.390768262,-200750.169748408,-209672.654646547,-211553.015418013,220800
-175195.957402984,-183294.08224263,-200881.322418345,-209794.079316893,-211671.718776666,220900
-175340.86676832,-183437.73070381,-201012.641598976,-209915.465007071,-211790.386192421,221000
-175485.741344473,-183581.33617691,-201143.915855175,-210036.811781333,-211909.017728638,221100
-175630.581138831,-183724.898687066,-201274.433171849,-210158.119703849,-212027.613448582,221200
-175775.386158831,-183868.418259448,-201405.060844687,-210279.388838705,-212146.173415426,221300
-175920.156411959,-184011.894919254,-201535.921100482,-210400.619249898,-212264.69769225,221400
-176064.891905754,-184155.328691713,-201666.73750049,-210521.811001343,-212383.18634204,221500
-176209.592647803,-184298.013269457,-201797.510096639,-210642.964156868,-212501.639427688,221600
-176354.258645743,-184438.004065301,-201927.582094227,-210764.028492756,-212620.057011994,221700
-176498.889907262,-184577.95955181,-202057.620483828,-210884.904196556,-212738.439157665,221800
-176643.486440095,-184717.879743795,-202187.628848514,-211005.74226465,-212856.785927314,221900
-176788.048252028,-184857.764656105,-202317.595588021,-211126.542758435,-212975.097383463,222000
-176932.575350897,-184997.614303626,-202447.520749899,-211247.305739228,-213093.37358854,222100
-177077.067744584,-185137.428701277,-202577.465638202,-211368.031268265,-213211.614604879,222200
-177221.525441023,-185277.207864019,-202708.194999539,-211488.719406705,-213329.820494724,222300
-177365.948448194,-185416.951806845,-202838.880186006,-211609.370215622,-213447.991320225,222400
-177510.336774128,-185556.660544785,-202968.907365563,-211729.983756014,-213566.127143439,222500
-177654.690426902,-185696.334092905,-203098.606211403,-211850.560088798,-213684.228026332,222600
-177799.009414643,-185835.972466308,-203228.2638166,-211971.099274809,-213802.294030775,222700
-177943.293745526,-185975.575680131,-203357.880228418,-212091.601374804,-213920.325218551,222800
-178087.543427772,-186115.143749546,-203487.455494098,-212212.06644946,-214038.321651347,222900
-178231.758469652,-186254.676689762,-203616.989660852,-212332.343117971,-214156.283390759,223000
-178375.938879484,-186394.991669864,-203746.482775867,-212452.565631962,-214274.210498292,223100
-178520.084665631,-186537.170045497,-203875.934886305,-212571.82356457,-214392.103035358,223200
-178664.195836508,-186679.840563267,-204005.346039298,-212690.823296925,-214509.961063277,223300
-178808.272400572,-186822.468746781,-204134.716281955,-212809.791170226,-214627.784643279,223400
-178952.314366331,-186965.054621686,-204264.045661356,-212928.727231996,-214745.573836499,223500
-179096.321742338,-187107.598213661,-204393.334224555,-213049.016258771,-214863.328703983,223600
-179240.294537192,-187250.100927855,-204522.582018578,-213169.652139838,-214981.049306685,223700
-179384.232759541,-187392.619029631,-204652.1334294,-213290.249758511,-215098.846767299,223800
-179528.136418076,-187535.094792213,-204781.416400539,-213410.809179545,-215216.974150865,223900
-179672.005521538,-187677.528241577,-204910.658394426,-213531.330467605,-215335.065496174,224000
-179815.84007871,-187819.919403725,-205040.411228015,-213651.813687264,-215453.120869568,224100
-179959.640098425,-187962.268304686,-205170.213833296,-213772.258903007,-215571.140337285,224200
-180103.405589558,-188104.574970513,-205299.973578772,-213892.666179227,-215689.123965458,224300
-180247.136561033,-188246.839427288,-205429.690516394,-214013.035580228,-215807.071820115,224400
-180390.833021816,-188389.061701116,-205559.36469808,-214133.367170223,-215924.983967178,224500
-180534.494980922,-188531.24181813,-205688.996175708,-214253.661013336,-216042.860472466,224600
-180678.122447408,-188673.379804486,-205818.349642844,-214373.50898186,-216160.701401693,224700
-180821.715430379,-188815.475686366,-205947.104084107,-214493.31169315,-216278.506820467,224800
-180965.273938981,-188957.529489979,-206075.818460667,-214613.078462788,-216396.276794296,224900
-181108.797982409,-189098.828856801,-206204.59860568,-214732.809350091,-216514.011388578,225000
-181252.287569899,-189237.807880922,-206333.886995223,-214852.607954772,-216631.710668612,225100
-181395.742710734,-189376.751641806,-206463.133424403,-214972.690245661,-216749.374699589,225200
-181539.163414239,-189515.660156141,-206592.337943861,-215092.722035706,-216867.0035466,225300
-181682.549689786,-189654.533440645,-206721.5006042,-215212.663028045,-216984.597274628,225400
-181825.901546789,-189793.371512068,-206850.621455993,-215332.567061419,-217102.155948556,225500
-181969.218994705,-189932.174387191,-206979.278775702,-215452.434198454,-217219.679633162,225600
-182112.502043038,-190070.942082827,-207107.523223854,-215572.206193213,-217337.16839312,225700
-182255.750701331,-190209.674615818,-207235.728472079,-215691.507119296,-217454.622293001,225800
-182398.964979175,-190348.372003039,-207363.894565565,-215810.773238329,-217572.041397274,225900
-182542.144886201,-190487.034261394,-207492.02154947,-215930.004607365,-217689.425770302,226000
-182685.290432085,-190626.869667435,-207620.109468927,-216049.201283383,-217806.775476349,226100
-182828.401626545,-190767.218266589,-207748.158369044,-216168.363323286,-217924.090579573,226200
-182971.478479342,-190907.527876463,-207876.289863846,-216287.490783901,-218041.37114403,226300
-183114.521000281,-191047.798519586,-208004.800592149,-216406.583721977,-218158.617233673,226400
-183257.529199206,-191188.030218515,-208133.051009608,-216525.64219419,-218275.828912354,226500
-183400.503086008,-191328.222995833,-208260.480803393,-216644.666257138,-218393.006243821,226600
-183543.442670616,-191468.376874149,-208387.96201418,-216763.655967344,-218510.14929172,226700
-183686.347963005,-191608.491876097,-208515.634886156,-216882.611381256,-218627.258119595,226800
-183829.21897319,-191748.637872914,-208643.411911606,-217001.517701419,-218744.332790887,226900
-183972.055711227,-191888.836044508,-208771.290815272,-217120.352742762,-218861.373368937,227000
-184114.858187216,-192028.995051777,-208899.339895817,-217239.153857979,-218978.379916982,227100
-184257.626411296,-192169.114917952,-209027.349338721,-217357.921102662,-219095.352498158,227200
-184400.360393649,-192309.195666291,-209155.316142522,-217476.654532324,-219212.2911755,227300
-184543.060144499,-192449.237320078,-209283.044785804,-217595.354202409,-219329.19601194,227400
-184685.725674108,-192589.239902617,-209410.625705327,-217714.020168283,-219446.067070309,227500
-184827.545983902,-192729.20343724,-209537.987475162,-217832.690334853,-219562.732502229,227600
-184969.327508288,-192869.127947303,-209665.3113393,-217951.420223146,-219679.120336172,227700
-185111.076452101,-193009.013456182,-209792.597341489,-218070.116071426,-219795.476298239,227800
-185252.792823857,-193148.859987282,-209919.845525454,-218188.777936128,-219911.800445771,227900
-185394.476632114,-193288.667564027,-210047.055934889,-218307.405873606,-220028.092836022,228000
-185536.12788547,-193428.43620987,-210174.429086889,-218425.99994014,-220144.353526159,228100
-185677.746592566,-193568.165948281,-210303.160145633,-218544.560191932,-220260.582573256,228200
-185819.332762081,-193707.856802758,-210431.402676143,-218663.086685108,-220376.780034305,228300
-185960.886402736,-193847.508796821,-210559.252918263,-218781.579475717,-220492.945966204,228400
-186102.593389867,-193987.121954013,-210687.063155536,-218900.03861973,-220609.080425766,228500
-186244.367816114,-194126.696297898,-210814.833436723,-219018.464173044,-220725.183469716,228600
-186386.109132229,-194266.231852066,-210942.563810546,-219136.856191476,-220841.255154691,228700
-186527.817347899,-194405.728640127,-211070.148006195,-219255.214730769,-220957.295537239,228800
-186669.492472852,-194545.186685715,-211197.490782877,-219373.539846588,-221073.304673822,228900
-186813.235776405,-194684.606012486,-211324.794764082,-219491.831594523,-221189.282620812,229000
-186960.619730256,-194824.013456254,-211452.059996296,-219610.090030087,-221305.229434496,229100
-187107.230098591,-194963.38584268,-211578.996933511,-219728.315208715,-221421.125256118,229200
-187249.243548226,-195102.719512107,-211705.864723864,-219846.507185768,-221536.990061292,229300
-187391.223052503,-195242.014488381,-211832.694886704,-219964.666016531,-221652.823984059,229400
-187533.188535178,-195381.270795367,-211959.48746631,-220082.791756209,-221768.627080111,229500
-187675.285983222,-195520.488456955,-212086.242506935,-220200.884459936,-221884.399405053,229600
-187817.349138375,-195659.667497054,-212212.960052798,-220318.944182765,-222000.141014402,229700
-187959.378012201,-195798.807939594,-212339.640148092,-220436.970979678,-222115.851963591,229800
-188101.372616305,-195937.909808527,-212466.282836981,-220554.964905576,-222231.532307966,229900
-188243.332962327,-196076.973127826,-212592.888163598,-220673.211547556,-222347.182102786,230000
-188385.949778783,-196215.997921485,-212719.456172048,-220791.6033652,-222462.801403225,230100
-188530.410013275,-196354.984213519,-212845.986906406,-220909.960666788,-222578.390264369,230200
-188674.830706266,-196493.932027962,-212972.480410718,-221028.283511953,-222693.948741221,230300
-188819.211876358,-196632.841388871,-213098.936729001,-221146.571960242,-222809.476888696,230400
-188963.553542185,-196771.71232032,-213225.355905242,-221264.826071116,-222924.974761625,230500
-189107.855722418,-196910.544846407,-213351.571116146,-221383.045903945,-223040.442414752,230600
-189252.118435757,-197049.338991248,-213477.138585597,-221501.231518016,-223155.879902735,230700
-189396.341700937,-197188.094778979,-213603.096751638,-221619.382972528,-223271.287280149,230800
-189540.525536725,-197326.812233756,-213729.496250266,-221737.500326593,-223386.66460148,230900
-189684.669961919,-197465.491379755,-213855.858432684,-221855.307574736,-223502.011921133,231000
-189828.774995351,-197604.132241172,-213982.183343538,-221972.882724552,-223617.329293423,231100
-189972.840655886,-197742.734842223,-214108.471027445,-222090.365448516,-223732.616772585,231200
-190112.926222326,-197881.299207141,-214234.721528989,-222207.816385155,-223847.874412765,231300
-190251.040443561,-198019.82536018,-214361.097789011,-222325.180935689,-223963.102268026,231400
-190389.12705876,-198158.313325613,-214486.979797706,-222442.366540507,-224078.300392346,231500
-190527.186072656,-198296.763127732,-214612.825631732,-222559.521286039,-224193.468839617,231600
-190665.217490018,-198435.174790848,-214738.937299401,-222677.197125315,-224308.607663648,231700
-190803.221315655,-198573.548339291,-214865.273313362,-222794.728212091,-224423.716918162,231800
-190941.197554412,-198711.883797408,-214991.978657774,-222912.060041616,-224538.796656799,231900
-191079.146211173,-198850.181189566,-215118.480744764,-223029.295087814,-224653.846933113,232000
-191217.06729086,-198988.440540151,-215244.331030081,-223146.435556732,-224768.867800575,232100
-191354.960798431,-199126.661873566,-215370.144791736,-223263.139061694,-224883.859312571,232200
-191495.722331593,-199263.927187752,-215495.601757112,-223380.246453183,-224998.821522404,232300
-191636.561108681,-199400.995523233,-215621.659615737,-223497.799916768,-225113.754483291,232400
-191777.573025444,-199538.08567293,-215747.689003413,-223615.077045084,-225228.658248367,232500
-191918.618527396,-199675.199477076,-215873.681102265,-223732.190511359,-225343.532870682,232600
-192059.63016456,-199812.277559044,-215999.949319494,-223849.257232249,-225458.378403203,232700
-192201.219594484,-199949.319940174,-216126.224599111,-223966.213231666,-225573.194898812,232800
-192344.084089504,-200086.326641826,-216252.461592672,-224083.138371751,-225687.982410308,232900
-192486.910791437,-200223.297685379,-216378.660348168,-224199.741580782,-225802.740990409,233000
-192629.699718016,-200360.233092235,-216504.820913551,-224316.221985651,-225917.470691745,233100
-192772.450887008,-200497.132883813,-216631.006995097,-224432.673138563,-226032.171566866,233200
-192915.164316208,-200633.997081552,-216757.054712885,-224549.095086883,-226146.843668238,233300
-193057.840023443,-200770.825706912,-216883.06451246,-224665.48787791,-226261.487048243,233400
-193200.478026569,-200907.61878137,-217009.036441306,-224781.851558884,-226376.249554479,233500
-193343.078343472,-201044.376326424,-217134.97054687,-224898.186176979,-226491.25073826,233600
-193485.640992071,-201181.09836359,-217260.866876557,-225014.911462848,-226606.221631507,233700
-193628.165990311,-201317.784914405,-217386.725477737,-225131.665439731,-226721.162291422,233800
-193770.653356168,-201454.436000423,-217512.389368985,-225248.388680041,-226836.072775117,233900
-193913.10310765,-201591.051643217,-217637.778208923,-225365.066217531,-226950.953139603,234000
-194055.51526279,-201728.521543014,-217763.130696954,-225481.684863602,-227065.8034418,234100
-194197.889839655,-201866.729809154,-217888.446877611,-225598.344408765,-227180.623738531,234200
-194340.226856338,-202004.898853728,-218013.726795392,-225715.007084683,-227295.414086524,234300
-194482.526330962,-202143.028704136,-218138.97049476,-225831.639039527,-227410.174542413,234400
-194624.78828168,-202281.119387793,-218264.178020146,-225948.22574494,-227524.905162737,234500
-194767.012726673,-202419.170932123,-218389.349415945,-226064.384872494,-227639.606003939,234600
-194909.19968415,-202557.34233834,-218514.484726519,-226180.881740481,-227754.27712237,234700
-195051.349172351,-202695.507069885,-218639.710014828,-226297.348268244,-227868.918574284,234800
-195193.461209542,-202833.632302691,-218764.970331141,-226413.784507142,-227983.530415843,234900
-195335.535814017,-202971.375298856,-218890.194082226,-226530.190508462,-228098.112703113,235000
-195477.573004102,-203107.023355172,-219015.381313629,-226646.566323417,-228212.665492067,235100
-195619.572798147,-203242.637499039,-219140.53207086,-226762.912003147,-228327.188838583,235200
-195761.535214533,-203378.21775046,-219265.646399393,-226879.227598718,-228441.682798448,235300
-195903.460271666,-203513.764129455,-219390.724344665,-226995.513161122,-228556.147427351,235400
-196045.347987982,-203649.782860039,-219515.765952076,-227111.768741281,-228670.58278089,235500
-196187.198381943,-203787.261744546,-219640.771266989,-227227.99439004,-228784.860658897,235600
-196329.011472041,-203924.702233633,-219765.740334732,-227344.190158173,-228898.899453451,235700
-196470.787276792,-204062.104354193,-219890.673200594,-227460.35609638,-229012.910549611,235800
-196612.525814743,-204199.468133136,-220015.36890582,-227576.478094652,-229126.893998371,235900
-196754.227104464,-204336.79359738,-220140.105651311,-227692.567727833,-229240.849850641,236000
-196895.891164556,-204474.080773857,-220265.463994298,-227808.62774789,-229354.77815725,236100
-197037.518013643,-204611.329689511,-220390.358620338,-227924.658205053,-229468.678968944,236200
-197179.10767038,-204748.540371297,-220515.21693544,-228040.659149478,-229582.552336387,236300
-197320.660153445,-204885.712846183,-220640.038985408,-228156.630631249,-229696.398310162,236400
-197462.175481544,-205022.862718838,-220764.824816009,-228272.572700379,-229810.216940768,236500
-197603.653673411,-205160.196230865,-220889.574472968,-228388.485406806,-229924.008278625,236600
-197745.094747802,-205297.491073028,-221014.288001977,-228504.528145172,-230037.772374068,236700
-197886.498723504,-205434.747273149,-221138.777662877,-228620.651191279,-230151.509277352,236800
-198027.865619327,-205571.96485906,-221262.788331527,-228736.743972752,-230265.21903865,236900
-198169.195454108,-205709.143858602,-221387.060279472,-228852.806542182,-230378.894073203,237000
-198310.488246709,-205846.28429963,-221511.526625485,-228968.677187314,-230492.53169663,237100
-198451.744016019,-205983.386210006,-221635.957399798,-229084.510499736,-230606.142403315,237200
-198592.962780952,-206120.449617603,-221760.352647145,-229200.588835523,-230719.72624288,237300
-198734.144560448,-206257.474550305,-221884.712412224,-229316.636752464,-230833.283264865,237400
-198875.28937347,-206394.461036005,-222009.036739695,-229432.654303931,-230946.813518732,237500
-199016.397239008,-206531.409102605,-222133.325674181,-229548.641543211,-231060.317053861,237600
-199157.468176079,-206668.318778019,-222257.579260266,-229664.598523515,-231173.793919551,237700
-199298.502203721,-206805.190090168,-222381.797542499,-229780.49258614,-231287.244165024,237800
-199439.499341,-206942.023066984,-222505.98056539,-229896.32742863,-231400.667839418,237900
-199580.459607006,-207078.817736408,-222630.128373413,-230012.132415887,-231514.064991793,238000
-199721.383020852,-207215.574126391,-222754.241011002,-230127.884695526,-231627.43567113,238100
-199862.269601677,-207352.292264891,-222878.318522556,-230243.491886844,-231740.779926328,238200
-200003.119368645,-207488.972179878,-223002.360952436,-230359.035976371,-231854.097806208,238300
-200143.932340943,-207625.312998382,-223126.368344965,-230474.551093736,-231967.389359511,238400
-200284.708537784,-207761.271236769,-223250.340744427,-230590.03728892,-232080.654634898,238500
-200425.447978402,-207897.192856755,-223374.278195071,-230705.49461183,-232193.893680951,238600
-200566.150682057,-208033.077883994,-223498.180741108,-230820.923112297,-232307.106546172,238700
-200706.816668033,-208168.926344152,-223622.048426709,-230936.322840079,-232420.293278985,238800
-200847.445955638,-208304.738262904,-223745.88129601,-231051.693844862,-232533.453927733,238900
-200988.038564202,-208440.513665937,-223869.679393108,-231167.036176255,-232646.588540683,239000
-201128.59451308,-208576.252578948,-223993.442762062,-231282.349883795,-232759.69716602,239100
-201269.113821649,-208711.955027644,-224117.171446894,-231397.625438964,-232872.779851852,239200
-201409.596509311,-208847.621037743,-224240.865491588,-231512.839860276,-232985.836646207,239300
-201550.04259549,-208983.250634974,-224364.524940091,-231628.025970398,-233098.867597035,239400
-201690.452099633,-209118.843845073,-224488.14983631,-231743.33261051,-233211.872752208,239500
-201830.82504121,-209254.40069379,-224611.776219683,-231858.977980352,-233324.852159517,239600
-201971.161439715,-209389.921206882,-224735.981290953,-231974.034998397,-233437.805866679,239700
-202111.461314664,-209525.405410118,-224860.047275589,-232088.894980499,-233550.733921329,239800
-202251.724685594,-209660.853329276,-224983.356365444,-232203.685637754,-233663.636371025,239900
-202391.951572067,-209796.264990141,-225106.46546586,-232318.461548991,-233776.513263246,240000
-202532.141993666,-209931.640418512,-225229.541346767,-232433.259521203,-233889.364645396,240100
-202672.295969997,-210066.979640195,-225353.272299441,-232548.030312796,-234002.179204335,240200
-202812.413520688,-210202.282681005,-225476.621530237,-232662.773969918,-234114.941924257,240300
-202952.494665387,-210337.549566767,-225599.817887311,-232777.490538647,-234227.679427417,240400
-203092.539423768,-210472.780323316,-225722.98050062,-232892.180064997,-234340.391760468,240500
-203232.547815524,-210607.974976495,-225846.109412846,-233006.842594912,-234453.078969989,240600
-203370.246645722,-210742.957589469,-225969.204666636,-233121.478174272,-234565.741102481,240700
-203506.693489564,-210876.972655615,-226092.266304601,-233236.086848888,-234678.37820437,240800
-203643.111170146,-211010.954243502,-226215.294892103,-233350.730902141,-234790.476208526,240900
-203779.49969807,-211144.902375183,-226338.406747288,-233465.69683438,-234902.397007484,241000
-203915.859083966,-211278.817072726,-226461.484747562,-233580.634391688,-235014.295590302,241100
-204052.189338491,-211412.698358209,-226584.528936188,-233695.543624112,-235126.171995388,241200
-204188.490472329,-211546.546253723,-226707.539356387,-233810.424581624,-235238.026261095,241300
-204324.762496189,-211681.536919959,-226830.516051347,-233925.277314119,-235349.858425713,241400
-204461.005420809,-211816.772688191,-226953.575788098,-234040.086129804,-235461.668527481,241500
-204597.21925695,-211951.971752502,-227076.640983758,-234154.740393719,-235573.456604577,241600
-204733.404015404,-212087.134140177,-227199.672090012,-234268.917945513,-235685.222695123,241700
-204869.559706986,-212222.259878503,-227322.669150984,-234383.598112925,-235796.966837183,241800
-205005.686342537,-212357.348994775,-227445.63221076,-234498.234906929,-235908.689068764,241900
-205141.783932926,-212492.401516294,-227568.561313383,-234612.484639612,-236020.389427818,242000
-205277.852489046,-212627.41747037,-227691.456502857,-234727.269524095,-236132.067952238,242100
-205413.892021819,-212762.396884316,-227814.317823145,-234842.12801164,-236243.724679861,242200
-205549.90254219,-212897.339785452,-227937.180924721,-234956.721775159,-236355.854931111,242300
-205685.88406113,-213032.246201105,-228060.10770758,-235071.244944992,-236468.117720618,242400
-205821.836589637,-213167.116158607,-228183.000325954,-235185.615598037,-236580.356219408,242500
-205957.760138732,-213301.949685297,-228305.858824603,-235300.25881365,-236692.570472606,242600
-206093.654719466,-213436.290728816,-228428.683248249,-235414.748623711,-236804.760525264,242700
-206229.52034291,-213570.521283078,-228551.47364157,-235529.204495067,-236916.926422358,242800
-206365.395414829,-213702.749509973,-228674.230049201,-235643.632912621,-237029.147705283,242900
-206501.282726009,-213834.52960975,-228796.952515737,-235758.033924953,-237141.363446331,243000
-206637.14094683,-213966.280045449,-228919.641085729,-235872.407580568,-237253.554759614,243100
-206772.970088688,-214098.000834575,-229042.295803687,-235986.753927897,-237365.721691025,243200
-206908.770163002,-214229.691994647,-229164.916714079,-236101.073015294,-237477.864286382,243300
-207044.541181216,-214361.461098198,-229287.514842211,-236215.36489104,-237589.982591425,243400
-207180.283154798,-214493.225490217,-229410.292467981,-236329.62960334,-237702.076651819,243500
-207315.996095243,-214624.959999227,-229533.035703013,-236443.854476202,-237814.14651315,243600
-207451.680014068,-214756.664643268,-229655.74459321,-236558.245081073,-237926.192220929,243700
-207587.334922814,-214888.339440395,-229778.419184429,-236672.788865715,-238038.213820589,243800
-207722.960833048,-215019.984408676,-229900.632402657,-236787.3042277,-238150.211357487,243900
-207858.55775636,-215152.076566768,-230022.442677543,-236901.791219062,-238262.184876905,244000
-207994.125704365,-215285.858935283,-230144.221273241,-237016.249891752,-238374.134424047,244100
-208129.6646887,-215419.606549563,-230266.283638583,-237130.411671346,-238486.060044042,244200
-208265.174721028,-215553.319435093,-230388.662301581,-237244.523345292,-238597.961781941,244300
-208400.655813034,-215686.997617367,-230511.007348811,-237358.608028912,-238709.839682722,244400
-208536.107976427,-215820.641121885,-230633.318824887,-237472.586354038,-238821.693791285,244500
-208671.531222942,-215954.271362729,-230755.530664979,-237586.473510725,-238933.524152454,244600
-208806.925564334,-216087.987703906,-230877.559632381,-237699.835002028,-239045.330810979,244700
-208942.291012383,-216221.669127959,-230999.555851902,-237813.172199319,-239157.113811533,244800
-209077.627578893,-216355.315660865,-231121.519366439,-237926.485143507,-239268.873198715,244900
-209212.93527569,-216488.92732861,-231243.450218845,-238040.157251516,-239380.609017047,245000
-209348.214114623,-216622.504157182,-231365.348451933,-238153.94538816,-239492.321310976,245100
-209483.464107566,-216756.046172577,-231487.214108476,-238267.70736183,-239604.010124875,245200
-209618.685266413,-216889.553400795,-231609.047231207,-238381.44321885,-239715.675503041,245300
-209753.877603084,-217023.025867839,-231730.87649473,-238495.153005472,-239827.317489695,245400
-209889.041129519,-217156.463599721,-231852.740037508,-238608.836767878,-239938.936128986,245500
-210024.175857682,-217289.866622454,-231974.487721072,-238722.494552174,-240050.531464986,245600
-210159.281799561,-217423.23496206,-232095.960479924,-238836.009276099,-240162.103541692,245700
-210294.358967164,-217556.613051887,-232217.452033211,-238949.368066535,-240273.652403028,245800
-210429.407372523,-217690.00755772,-232338.949002316,-239062.701988333,-240385.178092843,245900
-210564.427027691,-217823.367237946,-232460.772398286,-239176.011084574,-240496.68065491,246000
-210699.417944745,-217956.739581446,-232582.374910183,-239289.295398273,-240608.160132931,246100
-210834.380135783,-218090.082645989,-232703.784082089,-239402.554972382,-240719.61657053,246200
-210969.313612926,-218223.134603479,-232825.161569157,-239515.789849785,-240831.05001126,246300
-211105.84325833,-218355.356190813,-232946.507412725,-239629.000073303,-240942.460498598,246400
-211243.555687405,-218487.545407932,-233067.821654092,-239742.36596163,-241053.848075949,246500
-211381.233602862,-218619.70227767,-233189.104334516,-239855.765529645,-241165.212786641,246600
-211518.877024523,-218751.826822864,-233310.35549522,-239969.139634761,-241276.554673933,246700
-211656.485972225,-218883.919066361,-233431.575177384,-240082.488322183,-241387.873781006,246800
-211794.060465824,-219015.979031014,-233552.763422151,-240195.811637047,-241499.17015097,246900
-211931.60052519,-219148.006739683,-233673.920270624,-240309.109624413,-241610.44382686,247000
-212069.10617021,-219279.774064199,-233795.045763869,-240422.382329276,-241721.694851639,247100
-212206.734604187,-219411.128289575,-233916.139942909,-240535.629796558,-241832.923268197,247200
-212344.43916321,-219542.451706859,-234037.20284873,-240648.85207111,-241944.12911935,247300
-212482.108799095,-219673.744336895,-234158.083024028,-240762.049197713,-242055.312447841,247400
-212619.743532571,-219805.006200534,-234278.71775099,-240875.22122108,-242166.47329634,247500
-212757.34338438,-219936.237318635,-234399.763463976,-240988.368185852,-242277.611707444,247600
-212894.90837528,-220067.437712065,-234520.962162832,-241101.474202282,-242388.72772368,247700
-213032.438526044,-220198.607401702,-234642.049711332,-241214.502813596,-242499.821387498,247800
-213169.93385746,-220329.746408428,-234762.925836356,-241327.506764931,-242610.892741278,247900
-213307.394390331,-220460.854753137,-234883.901727443,-241440.48609991,-242721.941827327,248000
-213444.820145475,-220592.295792755,-235004.887281202,-241553.485582078,-242832.968687882,248100
-213582.211143724,-220724.947747282,-235125.841381024,-241666.471132247,-242943.973365103,248200
-213720.312614012,-220857.565385105,-235246.764068733,-241779.465736799,-243054.955901081,248300
-213859.613895878,-220990.148732828,-235367.655386112,-241892.435550897,-243165.916337836,248400
-213998.87609504,-221122.697817056,-235488.515374902,-242005.320962015,-243276.854717313,248500
-214138.099238726,-221255.03812224,-235609.344076803,-242117.989676269,-243387.771081387,248600
-214277.283354172,-221386.322690512,-235730.141533474,-242230.19862253,-243498.665471862,248700
-214416.428468621,-221517.581926846,-235850.90778653,-242342.385609615,-243609.537930468,248800
-214555.534609327,-221649.016984652,-235971.642877549,-242454.550674143,-243720.388498865,248900
-214694.601803551,-221780.472488947,-236092.346848064,-242566.693852679,-243831.217218642,249000
-214833.630078563,-221911.89605655,-236212.894857721,-242678.815181737,-243942.024131315,249100
-214972.619461641,-222043.287710715,-236333.018968766,-242790.914697777,-244052.809278331,249200
-215111.569980071,-222174.647474701,-236453.113711854,-242902.992437207,-244163.572701063,249300
-215250.481661149,-222305.975371771,-236573.179124763,-243015.048436382,-244274.314440816,249400
-215389.354532175,-222438.811123604,-236693.215245234,-243127.082731606,-244385.034538821,249500
-215528.188620462,-222571.653337812,-236813.222110975,-243239.46774348,-244495.733036241,249600
-215666.983953326,-222704.460013964,-236933.436498996,-243352.011673496,-244606.409974166,249700
-215805.740558094,-222837.397421875,-237053.730780199,-243464.531880937,-244717.065393617,249800
-215944.4584621,-222970.305038786,-237173.994840064,-243577.02840777,-244827.699335543,249900
-216083.137692685,-223103.176798976,-237294.228718516,-243689.501295892,-244938.311840823,250000
-216221.778277198,-223236.012732255,-237414.432455445,-243801.950587138,-245048.902950267,250100
-216360.380242994,-223368.812868425,-237534.606090699,-243914.376323276,-245159.472704612,250200
-216498.943617438,-223501.577237291,-237654.749664088,-244026.77854601,-245270.021144528,250300
-216637.4684279,-223634.305868651,-237774.863215382,-244139.157296977,-245380.548310611,250400
-216775.954701757,-223766.998792303,-237894.946784311,-244251.51261775,-245491.054243392,250500
-216914.402466396,-223899.656038041,-238015.000410568,-244363.844549835,-245601.538983327,250600
-217052.811749207,-224032.277635657,-238135.024133805,-244476.153134675,-245712.002570805,250700
-217191.182577589,-224164.863614939,-238255.017993635,-244588.438413648,-245822.445046146,250800
-217329.514978949,-224297.414005674,-238374.982029633,-244700.700428065,-245932.866449598,250900
-217467.808980697,-224429.928837644,-238495.005652255,-244812.939219174,-246043.266821341,251000
-217606.064610254,-224562.019426284,-238615.076119711,-244925.154828158,-246153.646201486,251100
-217744.281895045,-224693.881873651,-238735.116349699,-245037.347296134,-246264.004630073,251200
-217882.460862501,-224825.710260786,-238855.126382837,-245149.499941702,-246374.342147075,251300
-218020.601540062,-224957.504615174,-238975.1062597,-245261.625093446,-246484.658792394,251400
-218158.70395517,-225089.264964297,-239095.056020823,-245373.7273107,-246594.954605863,251500
-218296.768135278,-225220.991335639,-239214.9757067,-245485.806634087,-246705.229627248,251600
-218434.794107842,-225352.683756681,-239334.865357781,-245597.863104167,-246815.483896244,251700
-218572.781900324,-225484.342254904,-239454.725014478,-245709.896761433,-246925.717452478,251800
-218710.731540195,-225615.966857787,-239574.554717159,-245821.907646318,-247035.930335509,251900
-218848.643054929,-225747.557592808,-239694.354506153,-245933.895799188,-247146.122584826,252000
-218986.516472005,-225879.114487444,-239814.124421744,-246045.861260349,-247256.294239852,252100
-219124.351818911,-226010.637569171,-239933.864504178,-246157.804070041,-247366.445339939,252200
-219262.149123138,-226142.126865463,-240053.574793658,-246269.724268443,-247476.575924373,252300
-219399.908412184,-226273.582403794,-240173.255330347,-246381.621895667,-247586.686032369,252400
-219537.629713551,-226405.004211633,-240292.906154365,-246493.496991767,-247696.775703077,252500
-219675.313054749,-226536.392316452,-240412.527305791,-246605.349596729,-247806.844975577,252600
-219812.958463289,-226667.746745718,-240532.118824663,-246717.179750478,-247916.893888883,252700
-219950.565966691,-226799.067526897,-240651.680750978,-246828.987492878,-248026.922481938,252800
-220088.135592479,-226930.354687454,-240771.21312469,-246940.772863726,-248136.930793621,252900
-220225.667368182,-227061.608254852,-240890.715985715,-247052.53590276,-248246.918862741,253000
-220363.161321333,-227192.080930606,-241010.189373924,-247164.276649653,-248356.886728041,253100
-220500.617479472,-227323.323437037,-241129.633329148,-247275.995144016,-248466.834428195,253200
-220638.035870141,-227454.447369846,-241248.310620645,-247387.691425398,-248576.762001811,253300
-220771.422884277,-227585.268791586,-241366.833799344,-247499.365533284,-248686.669487429,253400
-220904.640071429,-227716.057450072,-241485.343029887,-247611.017507097,-248796.556923522,253500
-221037.828501707,-227846.413430915,-241604.864716414,-247722.6473862,-248906.424348497,253600
-221170.988190091,-227976.605015803,-241724.356537344,-247834.255209891,-249016.271800693,253700
-221304.119151578,-228107.046489321,-241843.818533714,-247945.841017406,-249126.099318383,253800
-221437.221401178,-228237.455903122,-241963.250746514,-248057.40484792,-249235.906939771,253900
-221570.294953916,-228367.833282627,-242082.653216695,-248168.946740545,-249345.694702999,254000
-221703.339824834,-228498.178653258,-242202.02598516,-248280.466734332,-249455.462646136,254100
-221836.356028987,-228628.492040433,-242321.009611684,-248391.96486827,-249565.210807191,254200
-221969.343581445,-228758.773469571,-242439.731811863,-248503.441181284,-249674.939224103,254300
-222102.302497293,-228890.088908748,-242558.426329046,-248614.89571224,-249784.647934745,254400
-222235.232791629,-229022.142290696,-242677.093199676,-248726.32849994,-249894.348033581,254500
-222368.134479568,-229154.159307372,-242795.732460157,-248837.739583128,-250004.068964617,254600
-222501.007576237,-229286.139991559,-242914.344146858,-248949.129000482,-250113.770085549,254700
-222633.85209678,-229416.948632056,-243032.928296111,-249060.49679062,-250223.451434647,254800
-222766.668056351,-229547.459284882,-243151.484944213,-249171.842992102,-250333.113050115,254900
-222899.455470123,-229677.937159001,-243270.014127425,-249283.167643421,-250442.754970091,255000
-223032.214353281,-229808.382281394,-243388.51588197,-249394.470783012,-250552.377232643,255100
-223164.944721023,-229938.79467904,-243506.990244036,-249505.75244925,-250661.979875775,255200
-223297.646588562,-230069.174378916,-243625.437249775,-249617.012680446,-250771.562937419,255300
-223430.319971125,-230199.62208734,-243743.856935302,-249728.251514852,-250881.126455446,255400
-223562.964883954,-230330.107180131,-243862.249336697,-249839.468990658,-250990.670467655,255500
-223695.581342301,-230460.559242424,-243980.867040971,-249950.665145992,-251100.195011782,255600
-223828.169361436,-230590.978301858,-244099.472641965,-250061.840018925,-251209.773098588,255700
-223960.728956641,-230721.364386066,-244218.050221411,-250172.993647464,-251319.427497801,255800
-224093.26014321,-230851.717522678,-244336.599817122,-250284.126069556,-251428.987801252,255900
-224225.762936453,-230982.037739319,-244455.121466874,-250395.237323088,-251538.34969265,256000
-224358.237351691,-231112.325063613,-244573.615208402,-250506.327445886,-251647.692659633,256100
-224490.683404262,-231241.838627636,-244692.081079402,-250617.396475715,-251757.016738456,256200
-224623.101109512,-231371.289376174,-244810.51911753,-250728.444450282,-251866.384713956,256300
-224755.430860259,-231500.709151048,-244928.929360402,-250839.47140723,-251975.768648859,256400
-224887.613556873,-231631.480638027,-245047.311845597,-250950.477384146,-252085.13339349,256500
-225019.768314915,-231762.295920774,-245165.666610653,-251061.462418553,-252194.478985104,256600
-225151.895149313,-231892.823079566,-245284.078576104,-251172.426547917,-252303.805460886,256700
-225283.99407501,-232022.699639358,-245402.508587997,-251283.369809642,-252413.112857957,256800
-225416.065106962,-232152.543967308,-245520.910570333,-251394.292241073,-252522.401213371,256900
-225548.10826014,-232282.356090282,-245639.284561457,-251505.193879495,-252631.670564119,257000
-225680.123549524,-232412.136035142,-245757.630599668,-251616.074762132,-252740.920947121,257100
-225812.110990111,-232541.928384527,-245875.948723228,-251726.934926151,-252850.152399237,257200
-225944.070596909,-232671.806115971,-245994.101081983,-251837.774408658,-252959.364957256,257300
-226076.002384938,-232801.651358513,-246112.087493504,-251948.593246697,-253068.54878567,257400
-226207.906369234,-232931.464139634,-246230.046977368,-252059.398882566,-253177.710255121,257500
-226339.782564842,-233061.244486814,-246347.979569727,-252170.189900157,-253286.852997497,257600
-226471.630986823,-233190.992427526,-246465.965058591,-252280.960331025,-253395.977049153,257700
-226603.674696462,-233320.707989236,-246584.278915796,-252391.78866524,-253505.082446377,257800
-226737.589053392,-233450.39119941,-246702.564602239,-252502.7588801,-253614.169225395,257900
-226869.63203657,-233580.042085505,-246820.822157047,-252613.707650014,-253723.237422368,258000
-227001.4247681,-233709.660674974,-246939.051619302,-252724.539764478,-253832.287073391,258100
-227133.189693982,-233839.246995266,-247057.253028045,-252835.145452916,-253941.318214497,258200
-227264.92682948,-233968.801073824,-247175.118298597,-252945.73101729,-254050.330881653,258300
-227396.636189866,-234098.671372835,-247292.932278513,-253056.270309983,-254159.325110763,258400
-227528.317790428,-234227.686105826,-247410.719386258,-253166.771655279,-254268.300937666,258500
-227659.971646462,-234356.993956532,-247528.479658282,-253277.253160106,-254377.258398138,258600
-227791.597773279,-234486.270037965,-247646.147992256,-253387.714859708,-254486.197527892,258700
-227923.1961862,-234615.51437695,-247763.73172159,-253498.156967815,-254595.116099345,258800
-228054.766900559,-234744.727000305,-247881.231284663,-253608.67634212,-254704.011790462,258900
-228186.309931702,-234873.907934845,-247998.527936745,-253719.175632277,-254812.889286255,259000
-228317.825294986,-235003.05720738,-248115.799074592,-253829.654874402,-254921.748622097,259100
-228449.313005779,-235132.174844714,-248233.044731853,-253940.112266554,-255030.589833296,259200
-228580.773079462,-235261.260873647,-248350.264942142,-254050.412295816,-255139.412955096,259300
-228712.205531427,-235390.315320972,-248467.654210224,-254160.755364857,-255248.170966822,259400
-228843.610377076,-235519.33821348,-248585.328160232,-254271.15966547,-255356.751647175,259500
-228974.987631826,-235648.329577954,-248702.975126104,-254381.544079744,-255465.315207035,259600
-229106.337311102,-235777.289441174,-248820.595145082,-254491.908643496,-255573.861678778,259700
-229237.659430341,-235906.217829912,-248938.188254368,-254602.253392486,-255682.391094726,259800
-229368.954004991,-236035.114770938,-249056.142013431,-254712.578362413,-255790.90348714,259900
-229500.221050514,-236163.760267518,-249174.297194043,-254822.883588923,-255899.398888231,260000
-229631.460582379,-236290.911934034,-249292.245453838,-254933.169107599,-256007.87733015,260100
-229762.672616068,-236418.036182684,-249410.012378952,-255043.43495397,-256116.338844995,260200
-229893.857167075,-236545.133034004,-249527.751674348,-255153.681163505,-256224.781937374,260300
-230025.014250902,-236672.202508527,-249645.46337904,-255263.907771617,-256333.205119216,260400
-230156.143883064,-236799.244626792,-249763.147531995,-255374.114813661,-256441.611489252,260500
-230287.246079088,-236926.259409334,-249880.804172138,-255484.302324934,-256550.001079298,260600
-230418.320854508,-237053.246876693,-249998.433338349,-255594.470340675,-256658.373921115,260700
-230549.368224871,-237180.207049408,-250115.583968276,-255704.618896068,-256766.889252654,260800
-230680.388205735,-237307.139948018,-250232.621089102,-255814.748026238,-256875.394941285,260900
-230811.380812668,-237434.665232435,-250349.632605235,-255924.857766253,-256983.883281704,261000
-230942.346061248,-237562.449380999,-250466.618551325,-256034.948151124,-257092.35430756,261100
-231073.283967063,-237690.204214958,-250583.578961983,-256145.019215804,-257200.808052437,261200
-231204.194545713,-237817.929758117,-250700.513871784,-256255.070995192,-257309.244549864,261300
-231335.077812807,-237945.626034275,-250817.423315267,-256365.103524127,-257417.663833308,261400
-231465.933783964,-238073.293067232,-250934.307326932,-256475.116837393,-257526.065936176,261500
-231596.762474816,-238201.150169236,-251051.165941243,-256585.110969716,-257634.450891816,261600
-231727.563901,-238329.137288799,-251167.999192629,-256695.085955766,-257742.818733517,261700
-231858.338078168,-238457.094314383,-251284.807115479,-256805.041830156,-257851.169494507,261800
-231989.085021979,-238587.141633268,-251401.589744147,-256914.978627444,-257959.503207957,261900
-232119.804748103,-238717.157530128,-251518.34711295,-257024.89638213,-258067.819906976,262000
-232250.49727222,-238847.138141066,-251635.164784713,-257134.795128658,-258176.119624616,262100
-232381.162610019,-238977.083500273,-251752.387602815,-257244.674901415,-258284.40239387,262200
-232511.8007772,-239106.993641929,-251869.583580672,-257354.535734734,-258392.668247669,262300
-232642.411789472,-239236.868600195,-251986.752756348,-257464.377662889,-258500.917218889,262400
-232772.995662554,-239366.89926034,-252103.895167864,-257574.2007201,-258609.149340344,262500
-232903.552412173,-239496.929666102,-252221.256507231,-257684.004940531,-258717.364644793,262600
-233034.082054068,-239626.924433051,-252338.62329181,-257793.790358288,-258825.563164932,262700
-233164.584603986,-239756.883596222,-252455.96251477,-257903.557007423,-258933.744933401,262800
-233295.060077683,-239886.807190632,-252573.274216076,-258013.304921932,-259041.909982781,262900
-233425.508490926,-240015.887092127,-252689.972814383,-258123.034135755,-259150.058345596,263000
-233555.92985949,-240143.871628826,-252806.526009503,-258232.744682776,-259258.190054309,263100
-233686.324199159,-240271.825393558,-252923.054074472,-258342.436596824,-259366.305141327,263200
-233816.691525727,-240399.748413238,-253039.557043865,-258452.109911673,-259474.403638998,263300
-233947.031854997,-240527.640714772,-253156.03495222,-258561.76466104,-259582.485579612,263400
-234077.345202782,-240655.502325059,-253272.534731273,-258671.400878588,-259690.550995401,263500
-234207.631584901,-240783.333270993,-253389.308815005,-258781.018597925,-259798.59991854,263600
-234337.891017185,-240911.133579456,-253506.056847259,-258890.617852602,-259906.632381146,263700
-234468.123515472,-241038.903277327,-253622.778864862,-259000.198676116,-260014.648415277,263800
-234598.329095611,-241166.642391474,-253739.474904599,-259109.76110191,-260122.648052934,263900
-234728.507773457,-241294.350948758,-253856.145003213,-259219.298585144,-260230.631326063,264000
-234858.659564876,-241423.136125116,-253972.789197403,-259328.811402353,-260338.598266548,264100
-234988.784485742,-241551.958795938,-254089.407523828,-259438.305973043,-260446.54890622,264200
-235118.882551937,-241679.459383568,-254206.000019102,-259547.782330289,-260554.483276851,264300
-235248.970076819,-241806.783026781,-254322.566719799,-259657.240507113,-260662.401410155,264400
-235379.128898942,-241934.076893346,-254439.107662448,-259766.680536482,-260770.30333779,264500
-235509.260670502,-242060.460976095,-254555.622883539,-259876.102451309,-260878.189091358,264600
-235639.365407756,-242186.730063485,-254672.112419517,-259985.487767837,-260986.058702401,264700
-235769.443126968,-242313.544482986,-254788.576306784,-260094.781894357,-261093.912202408,264800
-235899.493844411,-242440.696780859,-254904.688577871,-260204.155910422,-261201.749622809,264900
-236029.517576365,-242567.81948368,-255020.594410538,-260313.54523522,-261309.570994978,265000
-236160.613849014,-242694.91261707,-255136.476344831,-260422.916452091,-261417.376350232,265100
-236292.4718888,-242821.976206638,-255252.334413215,-260532.269594075,-261525.165719832,265200
-236424.298955986,-242949.010277991,-255368.168648119,-260641.604694159,-261632.939134982,265300
-236556.09507255,-243076.014856724,-255483.979081935,-260750.912326543,-261740.696626832,265400
-236687.860260475,-243202.989968429,-255599.765747023,-260860.186893282,-261848.438226473,265500
-236819.594541745,-243329.935638689,-255715.528675705,-260969.511229309,-261956.163964942,265600
-236951.297938347,-243456.85189308,-255831.26790027,-261078.800683286,-262063.873873218,265700
-237082.970472272,-243583.738757172,-255946.983452969,-261188.072153466,-262171.567982226,265800
-237214.612165511,-243710.596256527,-256062.675366021,-261297.325672819,-262279.246322833,265900
-237346.223040058,-243837.424416699,-256178.343671608,-261406.555507274,-262386.908925854,266000
-237477.803117912,-243964.223263237,-256293.988401878,-261515.748492804,-262494.555822044,266100
-237609.352421071,-244090.99282168,-256409.609588943,-261624.923726269,-262602.187042105,266200
-237740.870971536,-244217.733117561,-256525.207264879,-261734.081240125,-262709.802616682,266300
-237872.358791311,-244344.444176407,-256640.78146173,-261843.221066776,-262817.402576367,266400
-238003.815902402,-244471.126023734,-256756.239899489,-261952.343238571,-262924.986951695,266500
-238135.242326817,-244597.778685055,-256871.661593611,-262061.447787804,-263032.555773145,266600
-238266.638086565,-244724.402185872,-256987.060234159,-262170.534746718,-263140.088299642,266700
-238398.003203658,-244850.996551681,-257102.43585231,-262279.604147498,-263247.591869527,266800
-238529.337700111,-244977.56180797,-257217.788479203,-262388.656022281,-263355.080121399,266900
-238660.641597937,-245104.09798022,-257333.118145949,-262497.690403145,-263462.553085075,267000
-238791.914919156,-245230.605093903,-257448.424883621,-262606.707322117,-263570.010790315,267100
-238923.157685785,-245357.039887705,-257563.70872326,-262715.706811172,-263677.453266828,267200
-239054.369919846,-245483.399737499,-257679.220537717,-262824.688902229,-263784.880544269,267300
-239185.101325645,-245609.730821797,-257795.087507032,-262933.653627156,-263892.29265224,267400
-239313.302898138,-245736.033165683,-257910.557136434,-263042.601017765,-263999.689620287,267500
-239441.480215647,-245862.306794235,-258025.661366573,-263151.531105817,-264107.071477906,267600
-239569.633291613,-245988.551732522,-258140.655723237,-263260.443923019,-264214.438254539,267700
-239697.762139487,-246114.768005606,-258255.627928856,-263369.339501027,-264321.789979574,267800
-239825.866772727,-246240.955638542,-258370.578012957,-263478.217871441,-264429.126682346,267900
-239953.947204803,-246367.114656377,-258485.625704421,-263587.07906581,-264536.448392139,268000
-240082.00344919,-246493.245084149,-258600.817188487,-263695.92311563,-264643.755138183,268100
-240210.035519373,-246619.346946892,-258715.989075814,-263804.750052345,-264751.046949654,268200
-240338.043428846,-246745.420269628,-258831.1380412,-263913.559907345,-264858.323855676,268300
-240466.027191111,-246871.465077375,-258946.264116091,-264022.352711967,-264965.585885323,268400
-240593.986819679,-246997.48139514,-259061.367331897,-264131.128497498,-265072.833067613,268500
-240721.922328069,-247123.469247924,-259176.62687693,-264239.88729517,-265180.065431513,268600
-240849.833729808,-247249.42866072,-259291.528626787,-264348.629136165,-265287.283005937,268700
-240977.721038433,-247375.359658513,-259406.574026097,-264457.354051611,-265394.48581975,268800
-241105.584267487,-247501.262266279,-259521.718173942,-264566.062072584,-265501.673901759,268900
-241233.423430523,-247627.136508989,-259636.917694583,-264674.753230109,-265608.847280725,269000
-241361.238541101,-247752.982411602,-259752.376135394,-264783.427555157,-265716.005985352,269100
-241489.029612789,-247878.799999072,-259867.810334294,-264892.08507865,-265823.150044296,269200
-241616.796659165,-248004.589296343,-259983.098814614,-265000.725831455,-265930.279486158,269300
-241744.539693814,-248130.350328352,-260098.21568029,-265109.349844388,-266037.394339489,269400
-241872.258730327,-248256.083120029,-260213.309298086,-265217.957148215,-266144.494632788,269500
-241999.953782305,-248381.787696293,-260328.379700623,-265326.547773649,-266251.580394503,269600
-242127.662769346,-248506.41131827,-260443.426920481,-265435.121751351,-266358.651653029,269700
-242255.44553091,-248630.924365427,-260558.450990206,-265543.679111931,-266465.70843671,269800
-242383.204053679,-248755.411964687,-260673.451942304,-265652.219885947,-266572.75077384,269900
-242510.938351713,-248879.874136615,-260788.429809243,-265760.744103907,-266679.778692661,270000
-242638.648439075,-249004.31090177,-260903.384623456,-265869.251796266,-266786.792221363,270100
-242766.33432984,-249128.72228071,-261018.316417336,-265977.742993428,-266893.791388084,270200
-242894.293194095,-249253.108293989,-261133.225223239,-266086.217725748,-267000.776220915,270300
-243025.28173568,-249377.468962156,-261248.111073484,-266194.676023526,-267107.746747892,270400
-243156.238953231,-249501.804305757,-261363.500747464,-266303.117917015,-267214.702997001,270500
-243287.164870998,-249626.114345336,-261478.8745882,-266411.543436414,-267321.644996179,270600
-243418.05951323,-249750.399101431,-261594.223773655,-266519.952611873,-267428.572773311,270700
-243548.922904172,-249874.684465474,-261709.548340311,-266628.345473489,-267535.48635623,270800
-243679.755068067,-249998.979054297,-261824.201454274,-266736.722051312,-267642.385772721,270900
-243810.556029157,-250123.248278379,-261938.734521423,-266845.074830837,-267749.271050517,271000
-243941.32581168,-250247.492158475,-262053.245542913,-266953.406067569,-267856.142217301,271100
-244072.064439871,-250371.710715332,-262167.734549211,-267061.721162008,-267962.999300706,271200
-244202.771937966,-250495.903969695,-262282.201570749,-267170.020143848,-268069.842328314,271300
-244333.448330193,-250620.071942304,-262396.646637926,-267278.303042733,-268176.671327657,271400
-244464.093640783,-250744.218135275,-262511.069781107,-267386.56988826,-268283.486326217,271500
-244594.707893961,-250868.370385906,-262625.471030619,-267494.820709973,-268390.287351427,271600
-244725.291113949,-250992.497333007,-262739.850416759,-267603.055537368,-268497.074430669,271700
-244855.843324968,-251116.598997439,-262854.232439478,-267711.27439989,-268603.847591274,271800
-244986.364551236,-251240.675400058,-262968.760716192,-267819.477326935,-268710.606860526,271900
-245116.898707443,-251364.726561717,-263083.096355117,-267927.66434785,-268817.352265658,272000
-245247.408551163,-251488.752503263,-263197.410174325,-268035.835491932,-268924.083833853,272100
-245377.887379376,-251612.753245538,-263311.702204131,-268143.990788427,-269030.801592244,272200
-245508.335216426,-251736.728809381,-263425.972474821,-268252.130266534,-269137.505567916,272300
-245638.752086654,-251860.679215625,-263540.221016641,-268360.253955401,-269244.195787904,272400
-245769.138014398,-251984.604485098,-263654.447859805,-268468.361884128,-269350.872279193,272500
-245899.493023992,-252108.504638624,-263768.738007203,-268576.454081765,-269457.53506872,272600
-246029.817139768,-252232.379697021,-263883.173246685,-268684.530577313,-269564.184183372,272700
-246160.110386052,-252356.255511187,-263997.586073803,-268792.591399723,-269670.819649987,272800
-246290.372787171,-252480.107079993,-264111.976520456,-268900.636577899,-269777.441495355,272900
-246420.604367444,-252603.933550859,-264226.344618508,-269008.666140696,-269884.049746215,273000
-246550.80515119,-252727.734944693,-264340.690399783,-269116.680116917,-269990.64442926,273100
-246680.975162723,-252851.511282398,-264455.013896068,-269224.67853532,-270097.225571132,273200
-246811.114426353,-252975.262584872,-264569.315139112,-269332.661424613,-270203.793198425,273300
-246941.222966387,-253098.988873008,-264683.594160626,-269440.628813454,-270310.347337684,273400
-247071.300807128,-253222.690167695,-264797.850992283,-269548.580730454,-270416.888015406,273500
-247201.347972877,-253346.366489814,-264912.08566572,-269656.517204175,-270523.415258041,273600
-247331.364487929,-253470.017860242,-265026.298212533,-269764.438263132,-270629.929091988,273700
-247461.350376576,-253593.644299851,-265140.488664283,-269872.343935788,-270736.429543598,273800
-247591.305663106,-253717.245829508,-265254.372920802,-269980.234250562,-270842.916639176,273900
-247721.230371806,-253840.822470074,-265368.176771078,-270088.109235821,-270949.390404977,274000
-247851.124526953,-253964.374242404,-265481.959721636,-270195.968919888,-271055.850867208,274100
-247980.988152827,-254087.901167349,-265595.721801369,-270303.813331033,-271162.298052029,274200
-248110.821273698,-254211.403265752,-265709.463039136,-270411.642497482,-271268.731985551,274300
-248240.623913836,-254334.880558454,-265823.183463765,-270519.456447411,-271375.152693839,274400
-248370.396097506,-254458.333066288,-265936.883104048,-270627.25520895,-271481.560202907,274500
-248500.137848968,-254582.432952594,-266050.561988746,-270735.038810178,-271587.954538725,274600
-248629.87029445,-254706.964260398,-266164.406144107,-270842.807279129,-271694.335727213,274700
-248759.695456987,-254831.628084785,-266278.381771057,-270950.560643789,-271800.703794244,274800
-248889.489942713,-254956.273045998,-266392.335641119,-271058.298932095,-271907.058765644,274900
-249019.253776336,-255080.890225903,-266506.26778541,-271166.022171938,-272013.400667191,275000
-249148.986982563,-255204.75402493,-266620.17823501,-271273.73039116,-272119.729524617,275100
-249278.689586096,-255329.051784651,-266734.067020963,-271381.423617558,-272226.045363605,275200
-249408.36161163,-255453.650060241,-266847.952654489,-271489.101878879,-272332.348209792,275300
-249538.003083858,-255578.220485199,-266961.876304361,-271596.765202825,-272438.638088768,275400
-249667.614027464,-255702.763085665,-267075.778127543,-271704.413617048,-272544.915026075,275500
-249795.4982567,-255827.246772496,-267189.658155526,-271812.047149156,-272651.179047208,275600
-249922.87849127,-255951.617790137,-267303.516419763,-271919.665826708,-272757.430177618,275700
-250050.233048905,-256075.961363751,-267417.352951669,-272027.269677216,-272863.668442706,275800
-250177.561947232,-256200.27751889,-267531.167782622,-272134.858728147,-272969.893867827,275900
-250304.865203882,-256324.566281091,-267644.960943959,-272242.433006918,-273076.106478291,276000
-250432.142836487,-256448.827675882,-267758.73246698,-272349.992540902,-273182.306299359,276100
-250559.394862682,-256573.061728778,-267872.482382948,-272457.537357425,-273288.493356247,276200
-250686.6213001,-256697.268465281,-267986.210723086,-272565.067483764,-273394.667674126,276300
-250813.822166381,-256821.447910883,-268099.917518578,-272672.582947152,-273500.829278118,276400
-250940.997479162,-256945.600091064,-268213.602800572,-272780.083774774,-273606.978193299,276500
-251068.147256084,-257069.725031292,-268327.266600177,-272887.56999377,-273713.114444702,276600
-251195.271514789,-257193.822757022,-268440.908948464,-272995.041631231,-273819.238057309,276700
-251322.370272921,-257317.893293698,-268554.529876465,-273102.498714205,-273925.349056061,276800
-251449.443548125,-257441.936666753,-268668.129415175,-273209.941269691,-274031.447465849,276900
-251576.491358047,-257565.952901607,-268781.70759555,-273317.369324644,-274137.533311521,277000
-251703.513720335,-257689.942023667,-268895.264448509,-273424.78290597,-274243.606617878,277100
-251830.510652639,-257813.904058329,-269008.800004932,-273532.182040533,-274349.667409674,277200
-251957.482172609,-257937.839030979,-269122.011203185,-273639.566755147,-274455.715711621,277300
-252084.428297897,-258061.746966986,-269235.190231764,-273746.937076583,-274561.75154838,277400
-252211.349046156,-258185.627891713,-269348.349069231,-273854.293031564,-274667.774944573,277500
-252338.24443504,-258309.481830505,-269461.487743987,-273961.63464677,-274773.785924771,277600
-252465.114482206,-258433.308808699,-269574.606284399,-274068.961948831,-274879.784513502,277700
-252591.959205309,-258557.108851618,-269687.7047188,-274176.274964336,-274985.770735249,277800
-252718.778622007,-258680.881984574,-269800.956411695,-274283.573719826,-275091.74461445,277900
-252845.57274996,-258804.628232865,-269914.251417502,-274390.858241795,-275197.706175496,278000
-252972.341606826,-258928.347621778,-270027.525642687,-274498.128556696,-275303.655442736,278100
-253099.085210268,-259052.040176587,-270140.779117185,-274605.384690932,-275409.592440471,278200
-253225.803577945,-259175.705922555,-270254.011870895,-274712.626670864,-275515.517192958,278300
-253352.496727522,-259299.344884932,-270367.223933678,-274819.854522805,-275621.42972441,278400
-253479.164676661,-259422.957088954,-270480.367718116,-274927.068273026,-275727.330058995,278500
-253605.807443027,-259546.205778802,-270593.466951376,-275034.26794775,-275833.218220835,278600
-253732.425044284,-259669.057958165,-270706.437793172,-275141.453573156,-275939.09423401,278700
-253859.017498099,-259791.885175564,-270819.383806386,-275248.625175378,-276044.958122553,278800
-253985.584822139,-259914.687453317,-270932.309876355,-275355.782780506,-276150.809910454,278900
-254112.127034069,-260037.464813732,-271045.216031328,-275462.926414584,-276256.649621658,279000
-254238.644151559,-260160.217279109,-271158.102299522,-275570.056103611,-276362.477280064,279100
-254365.136192276,-260282.90404163,-271270.968709117,-275677.171873543,-276468.292909531,279200
-254491.603173889,-260405.453033494,-271383.815288264,-275784.273750289,-276574.09653387,279300
-254618.045114068,-260527.977564047,-271496.642065076,-275891.361759715,-276679.888176849,279400
-254744.462030483,-260650.477654955,-271609.449067636,-275998.435927642,-276785.667862193,279500
-254870.853940804,-260772.953327876,-271722.23632399,-276105.496279847,-276891.435613581,279600
-254997.220862703,-260895.404604459,-271835.003862153,-276212.542842062,-276997.191454651,279700
-255123.562813849,-261017.831506342,-271947.751710105,-276319.575639975,-277102.935408994,279800
-255249.879811915,-261140.23405516,-272060.479895793,-276426.591336102,-277208.667500159,279900
-255376.171874572,-261262.612272535,-272173.188447131,-276533.591859348,-277314.387751651,280000
-255502.439019493,-261384.966180081,-272285.877391998,-276640.578714526,-277420.096186933,280100
-255628.68126435,-261507.295799405,-272398.546758241,-276747.551927091,-277525.792829421,280200
-255754.898626814,-261629.601152105,-272511.196573673,-276854.511522453,-277631.477702491,280300
-255882.447674381,-261751.88225977,-272623.826866073,-276961.45752598,-277737.150829473,280400
-256008.345387503,-261874.139143981,-272736.437663188,-277068.389962994,-277842.812233655,280500
-256134.218854533,-261996.371826308,-272849.028992729,-277175.308858774,-277948.461938282,280600
-256260.068092298,-262118.580328316,-272961.600882377,-277282.214238558,-278054.099966556,280700
-256385.893117627,-262241.040494314,-273074.153359777,-277389.106127535,-278159.726341633,280800
-256511.693947347,-262363.753197712,-273186.686452542,-277495.984550856,-278265.341086631,280900
-256637.470598289,-262486.440448998,-273299.200188252,-277602.849533626,-278370.94422462,281000
-256763.223087282,-262609.102271918,-273411.694594452,-277709.701100907,-278476.535778631,281100
-256888.951431159,-262731.7386902,-273524.399842995,-277816.539277717,-278582.11577165,281200
-257014.65564675,-262854.139970478,-273637.103338111,-277923.364089033,-278687.68422662,281300
-257140.352961181,-262976.257753901,-273749.786772481,-278030.175559786,-278793.241166444,281400
-257266.145274938,-263098.351340384,-273862.450175427,-278136.973714865,-278898.786613979,281500
-257391.913221787,-263220.420751717,-273975.266530311,-278243.758579118,-279004.320592042,281600
-257517.65681897,-263342.466009684,-274088.130008439,-278350.526578447,-279109.843123405,281700
-257643.37608373,-263464.487136056,-274200.97274126,-278457.28050696,-279215.354230802,281800
-257769.071033309,-263586.484152598,-274313.794759866,-278564.021236676,-279320.853936919,281900
-257894.741684949,-263708.457081063,-274426.596095311,-278670.748792218,-279426.342264404,282000
-258020.388055893,-263830.405943196,-274539.376778607,-278777.463198167,-279531.819235861,282100
-258146.010163385,-263952.330760733,-274652.136840726,-278884.164479061,-279637.284873853,282200
-258271.608024665,-264074.2315554,-274764.8763126,-278990.852659395,-279742.739200899,282300
-258397.181656977,-264196.108348912,-274877.59522512,-279097.483087367,-279848.179325373,282400
-258522.731077562,-264317.961162978,-274990.279754337,-279204.083725747,-279953.606362078,282500
-258648.256303663,-264439.790019293,-275102.72331873,-279310.67158364,-280059.022175242,282600
-258773.757352521,-264561.608908498,-275215.147198931,-279417.246684649,-280164.426787157,282700
-258899.234241379,-264683.517401015,-275327.551423795,-279523.809052341,-280269.820220072,282800
-259024.686987476,-264805.401687699,-275439.936022144,-279630.358710242,-280375.202496193,282900
-259150.115608055,-264927.261790739,-275552.27188534,-279736.895681835,-280480.573637688,283000
-259275.520120355,-265049.097732312,-275664.504621433,-279843.419990567,-280585.933666681,283100
-259400.900541617,-265170.909534587,-275776.656581727,-279949.931659841,-280691.282605256,283200
-259526.256889081,-265292.570452803,-275888.789605723,-280056.429493847,-280796.620475455,283300
-259651.589179986,-265414.243485528,-276000.903720697,-280162.912702567,-280901.94729928,283400
-259776.897431571,-265536.804400557,-276112.998953893,-280269.383354919,-281007.26309869,283500
-259902.181661074,-265659.38072853,-276225.07533252,-280375.840634904,-281112.567895606,283600
-260027.441885734,-265781.930904316,-276337.20765053,-280482.281168496,-281217.861711906,283700
-260152.678122786,-265904.138534789,-276449.39795061,-280588.709235561,-281323.144569426,283800
-260277.890389468,-266025.410465484,-276561.407229695,-280695.124859125,-281428.416489964,283900
-260403.078703016,-266146.659325942,-276673.336568318,-280801.528062177,-281533.677495276,284000
-260528.243080665,-266267.885136763,-276785.247420325,-280907.918867668,-281638.927607077,284100
-260653.38353965,-266389.087918537,-276897.139812186,-281014.297298507,-281744.166847043,284200
-260778.500097204,-266510.267691844,-277009.212391775,-281120.663377565,-281849.395236806,284300
-260903.592770561,-266631.424477259,-277121.497327248,-281227.017127674,-281954.612797962,284400
-261028.661576952,-266752.558295344,-277233.762446937,-281333.358571628,-282059.819552064,284500
-261153.706533609,-266873.669166655,-277346.00778062,-281439.687732178,-282165.015520624,284600
-261278.727657762,-266994.757111739,-277458.108848848,-281546.004632041,-282270.200725116,284700
-261403.724966641,-267115.822151132,-277570.006392351,-281652.309293892,-282375.375186973,284800
-261528.698477475,-267236.864305363,-277681.885279533,-281758.601740368,-282480.538927587,284900
-261653.648207492,-267357.883594953,-277793.745537498,-281864.881994066,-282585.691968311,285000
-261778.574173917,-267478.880040411,-277905.587193312,-281971.150077547,-282690.834330458,285100
-261903.476393977,-267599.949592945,-278017.410274011,-282077.406013331,-282795.9660353,285200
-262028.354884896,-267721.126275653,-278129.214806595,-282183.649823899,-282901.08710407,285300
-262153.209663898,-267842.279634877,-278241.000818031,-282289.881531696,-283006.197557962,285400
-262278.040748204,-267963.40969198,-278352.704803758,-282396.101159125,-283111.297418129,285500
-262402.848155037,-268084.516468314,-278464.385862308,-282502.308728554,-283216.386705684,285600
-262527.631901615,-268205.599985224,-278576.028612635,-282608.541877708,-283321.465441702,285700
-262652.392005158,-268326.66026404,-278687.598942042,-282714.78249612,-283426.533647218,285800
-262777.128482884,-268447.697326087,-278799.151346478,-282821.010893616,-283531.591343228,285900
-262901.841352008,-268568.711192675,-278910.685851634,-282927.227093081,-283636.638550686,286000
-263026.530629745,-268689.701885108,-279022.202483165,-283033.431117361,-283741.675290509,286100
-263151.196333309,-268810.669424677,-279133.7012667,-283139.622989262,-283846.701583576,286200
-263275.838479912,-268931.613832665,-279245.182227832,-283245.80273155,-283951.717450724,286300
-263400.457086764,-269052.586472486,-279356.645392125,-283351.97036695,-284056.722912752,286400
-263525.052171076,-269173.552399161,-279468.090785111,-283458.125918151,-284161.717990421,286500
-263649.623750054,-269294.495094093,-279579.51843229,-283564.235692324,-284266.702704451,286600
-263774.171840905,-269415.414578795,-279690.928359131,-283670.311219243,-284371.677075525,286700
-263898.696460834,-269536.31087477,-279802.320591071,-283776.374954813,-284476.641124286,286800
-264023.197627045,-269656.837395144,-279913.642120645,-283882.426920904,-284581.594871339,286900
-264147.675356738,-269777.513374312,-280024.942117021,-283988.467139349,-284686.538337249,287000
-264272.129667113,-269898.613765687,-280136.224681035,-284094.495631942,-284791.471542544,287100
-264396.56057537,-270019.469177045,-280247.489837564,-284200.512420441,-284896.394507713,287200
-264520.968098705,-270140.166439106,-280358.737611451,-284306.517526567,-285001.307253205,287300
-264645.352254312,-270260.84084274,-280469.927784406,-284412.510972001,-285106.209799432,287400
-264769.713059385,-270381.49240904,-280581.122736096,-284518.492778388,-285211.102166767,287500
-264894.050531115,-270502.121159089,-280692.332212997,-284624.462967338,-285315.984375546,287600
-265018.364686692,-270622.727113959,-280803.52436144,-284730.421560419,-285420.856446065,287700
-265142.655543305,-270743.310294713,-280914.699206225,-284836.368579165,-285525.718398583,287800
-265267.005196431,-270863.8707224,-281025.85677212,-284942.304045073,-285630.570253319,287900
-265391.529610747,-270984.408418063,-281136.997083861,-285048.2279796,-285735.412030457,288000
-265519.049652905,-271104.923402732,-281248.120166156,-285154.14040417,-285840.24375014,288100
-265648.426346884,-271225.415697427,-281359.226043681,-285260.041340167,-285945.065432475,288200
-265777.767472384,-271345.885323157,-281470.314741083,-285365.923529073,-286049.877097531,288300
-265907.073066893,-271466.332300921,-281581.386282977,-285471.793282925,-286154.678765338,288400
-266036.34316787,-271586.756651707,-281692.440693949,-285577.65164541,-286259.470455889,288500
-266165.57781275,-271707.158396494,-281803.477998553,-285683.498637669,-286364.252189139,288600
-266294.777038938,-271827.537556247,-281914.498221315,-285789.334280806,-286469.008370165,288700
-266423.940883814,-271947.894151925,-282025.53056424,-285895.158595886,-286573.717020385,288800
-266548.664574969,-272068.228204471,-282136.647228206,-286000.971603942,-286678.415998983,288900
-266672.525742007,-272188.539734823,-282247.746458968,-286106.773325968,-286783.105325063,289000
-266796.364106448,-272308.828763903,-282358.828281919,-286212.563782921,-286887.785017696,289100
-266920.179685089,-272429.095312626,-282469.892722422,-286318.342995724,-286992.455095913,289200
-267043.972494722,-272549.339401896,-282580.939805804,-286424.110985262,-287097.115578714,289300
-267167.742552139,-272669.561052604,-282691.969557364,-286529.867772385,-287201.766485061,289400
-267291.489874129,-272789.76362399,-282802.982002367,-286635.613377907,-287306.407833882,289500
-267415.21447748,-272910.002559951,-282913.977166047,-286741.347822605,-287411.03964407,289600
-267538.916378977,-273030.21897054,-283024.955073604,-286847.07112722,-287515.661648895,289700
-267662.595595403,-273150.412876855,-283135.915750208,-286952.78331246,-287620.271733217,289800
-267786.25214354,-273270.584299982,-283246.859220997,-287058.484398993,-287724.872346868,289900
-267909.886040167,-273390.733260994,-283357.785511076,-287164.174407453,-287829.463508564,290000
-268033.497302059,-273510.859780955,-283468.694645519,-287269.85335844,-287934.045236987,290100
-268157.085945994,-273630.963880919,-283579.586649369,-287375.521272516,-288038.617550785,290200
-268280.651988742,-273751.045581925,-283690.461547635,-287481.178170208,-288143.180468568,290300
-268404.195447074,-273871.104905003,-283801.319365296,-287586.824072008,-288247.734008915,290400
-268527.716337758,-273991.141871174,-283912.160127299,-287692.458998371,-288352.278190369,290500
-268651.21467756,-274111.156501442,-284022.983858559,-287798.082969719,-288456.813031437,290600
-268774.690483243,-274231.148816806,-284133.790583958,-287903.696006437,-288561.338550595,290700
-268898.143771568,-274351.118838251,-284244.58032835,-288009.298128874,-288665.854766281,290800
-269021.574559295,-274471.066586748,-284355.330745301,-288114.981473919,-288770.3616969,290900
-269145.069165417,-274590.992083262,-284466.035266788,-288220.711515921,-288874.88246842,291000
-269268.577182178,-274710.895348744,-284576.806446781,-288326.46112455,-288979.444186474,291100
-269392.062472067,-274830.776404132,-284687.657366234,-288432.176353148,-289083.996362059,291200
-269515.52505226,-274950.635270356,-284798.490996497,-288537.734949372,-289188.539014415,291300
-269638.964939931,-275070.471968332,-284909.307363273,-288643.410345041,-289293.072162747,291400
-269762.382152248,-275190.286518966,-285020.050157441,-288749.074403761,-289397.595826221,291500
-269885.776706379,-275310.078943153,-285130.685153061,-288854.727147276,-289502.11002397,291600
-270009.148619485,-275429.849261775,-285241.303453533,-288960.368597284,-289606.614775087,291700
-270132.497908729,-275549.597495705,-285351.995469281,-289065.99877545,-289711.110098631,291800
-270255.824591266,-275669.323665801,-285462.686469124,-289171.617703397,-289815.540361664,291900
-270379.128684252,-275789.027792913,-285573.360496716,-289277.225402709,-289919.952121217,292000
-270502.410204836,-275908.709897878,-285684.017577183,-289382.821894932,-290024.354786599,292100
-270625.669170167,-276028.370001522,-285794.598481667,-289488.407201573,-290128.748375861,292200
-270748.90559739,-276148.008124658,-285905.16071944,-289593.9813441,-290233.13290702,292300
-270872.119503645,-276267.62428809,-286015.706285648,-289699.544343943,-290337.508398061,292400
-270996.82799425,-276387.218512608,-286126.233763892,-289805.096222492,-290441.874866934,292500
-271122.262270916,-276506.790818993,-286236.691164191,-289910.637001102,-290546.232331555,292600
-271247.668955201,-276626.341228012,-286347.132148544,-290016.166701084,-290650.580809807,292700
-271373.048072134,-276745.869760422,-286457.556740947,-290121.685343716,-290754.920319541,292800
-271498.399646735,-276865.376436968,-286567.964965362,-290227.192437256,-290859.250878572,292900
-271623.723704008,-276984.861278383,-286678.356845723,-290332.674252964,-290963.572504682,293000
-271749.020268947,-277104.324305389,-286788.732405932,-290438.144832928,-291067.885215621,293100
-271874.289366533,-277223.765538697,-286899.091669861,-290543.604501921,-291172.189029106,293200
-271999.531021736,-277343.184999004,-287009.434661351,-290649.053280843,-291276.483962819,293300
-272124.745259513,-277462.582706998,-287119.922080232,-290754.491190558,-291380.77003441,293400
-272249.932104806,-277581.958683354,-287230.400595465,-290859.918251889,-291485.047261495,293500
-272375.09158255,-277701.312948736,-287340.862351689,-290965.334485624,-291589.315661658,293600
-272500.223717663,-277820.645523794,-287451.307373955,-291070.739912514,-291693.57502757,293700
-272625.328535053,-277939.95642917,-287561.73568728,-291176.134553271,-291797.822658787,293800
-272750.406059615,-278059.245685492,-287672.147316648,-291281.51842857,-291902.061529167,293900
-272875.456316231,-278178.513313376,-287782.54228701,-291386.891559051,-292006.291656119,294000
-273000.479329772,-278297.779040462,-287892.920623285,-291492.253965314,-292110.51305702,294100
-273125.475125095,-278417.024578602,-288003.282350358,-291597.605667924,-292214.725749215,294200
-273250.443727045,-278536.248497977,-288113.627493082,-291702.946687407,-292318.929750015,294300
-273375.385160456,-278655.450819246,-288223.956076275,-291808.277044253,-292423.1250767,294400
-273500.299450147,-278774.631563056,-288334.268124726,-291913.538723925,-292527.341635165,294500
-273625.186620926,-278893.790750042,-288444.563663188,-292018.78219851,-292631.564719685,294600
-273750.046697588,-279012.947231341,-288554.842716382,-292124.015339692,-292735.778989668,294700
-273874.879704916,-279132.375094628,-288665.105308998,-292229.238167016,-292839.984462861,294800
-273999.68566768,-279251.780696889,-288775.351465692,-292334.44809562,-292944.181156979,294900
-274124.464610636,-279371.164060014,-288885.581211086,-292439.644082971,-293048.369089703,295000
-274249.21655853,-279490.525205882,-288995.794569772,-292544.829840539,-293152.548278679,295100
-274373.941536094,-279609.864156357,-289105.991566308,-292650.005387657,-293256.71874152,295200
-274498.639568048,-279729.180933291,-289216.172225219,-292755.170743619,-293360.880495806,295300
-274623.310679097,-279848.475558519,-289326.336570999,-292860.325927688,-293465.033559083,295400
-274747.954893936,-279967.74899155,-289436.452025472,-292965.470959092,-293569.177948864,295500
-274872.572237246,-280087.017199454,-289546.531533922,-293070.605857024,-293673.313682627,295600
-274997.162733696,-280206.263277496,-289656.594978263,-293175.730640645,-293777.440777819,295700
-275121.726407941,-280325.48724753,-289766.642382434,-293280.845329079,-293881.559251851,295800
-275246.263284625,-280444.689131399,-289876.647702774,-293385.949941419,-293985.669122104,295900
-275370.773388378,-280563.600136666,-289986.554066012,-293491.044496724,-294089.770405923,296000
-275495.256743817,-280682.254035762,-290096.444821324,-293596.129014016,-294193.863120622,296100
-275619.713375546,-280800.887148468,-290206.319991666,-293701.203512287,-294297.947283479,296200
-275744.143308158,-280919.499494477,-290316.179599965,-293806.268010493,-294402.022911743,296300
-275868.546566231,-281038.091093467,-290426.023669115,-293911.322527559,-294506.090022626,296400
-275992.923174332,-281156.661965108,-290535.852221983,-294016.367082372,-294610.14863331,296500
-276117.273157012,-281275.212129056,-290645.665281407,-294121.401693789,-294714.198760943,296600
-276241.596538813,-281393.741604957,-290755.462870194,-294226.426380633,-294818.240422641,296700
-276365.91747427,-281512.250412447,-290865.24501112,-294331.441161694,-294922.273635486,296800
-276490.233082164,-281630.738571148,-290975.011726935,-294436.446055725,-295026.298416529,296900
-276614.522063028,-281749.206100674,-291084.763040357,-294541.441081451,-295130.314782786,297000
-276738.784441499,-281867.714261642,-291194.498974076,-294646.42625756,-295234.322751242,297100
-276863.020242202,-281986.419872676,-291304.219550751,-294751.401602709,-295338.322338851,297200
-276987.229489748,-282105.104232337,-291413.924793012,-294856.367135519,-295442.313562531,297300
-277111.412208733,-282223.767361341,-291523.614723461,-294961.322874581,-295546.296439171,297400
-277235.568423742,-282342.409280393,-291633.28936467,-295066.268838451,-295650.270985625,297500
-277359.698159347,-282461.030010186,-291742.94873918,-295171.205045653,-295754.237218717,297600
-277483.801440105,-282579.629571398,-291852.592869504,-295276.131514677,-295858.16707377,297700
-277607.878290562,-282698.233879463,-291962.221778128,-295381.045753644,-295962.081834581,297800
-277731.928735247,-282816.875753669,-292071.835487504,-295485.949538448,-296065.988481448,297900
-277855.95279868,-282935.496312059,-292181.434020059,-295590.843653599,-296169.887030598,298000
-277979.950505365,-283054.095575619,-292291.017398188,-295695.728117418,-296273.777498229,298100
-278103.921879793,-283172.673565323,-292400.585644259,-295800.60294819,-296377.659900508,298200
-278227.866946443,-283291.436357599,-292510.138780609,-295905.468164172,-296481.534253572,298300
-278351.785729779,-283410.369043595,-292619.676829547,-296010.323783585,-296585.400573527,298400
-278475.678254253,-283529.279526605,-292729.199813353,-296115.169824621,-296689.258876447,298500
-278599.544544301,-283648.167829275,-292838.707754277,-296220.006305435,-296793.109178377,298600
-278723.384624349,-283767.033974232,-292948.200674541,-296324.833244155,-296896.951495332,298700
-278847.198518808,-283885.877984091,-293057.678596338,-296429.650658873,-297000.785843296,298800
-278970.986252075,-284004.699881449,-293167.136374759,-296534.458567649,-297104.612238223,298900
-279094.747848535,-284123.499688887,-293276.54403213,-296639.256988513,-297208.430696035,299000
-279218.483332557,-284242.277428972,-293385.915412742,-296744.045939461,-297312.241232627,299100
-279342.192728499,-284361.033124252,-293495.272086661,-296848.825438456,-297416.04386386,299200
-279465.876060704,-284479.766797264,-293604.614075456,-296953.595503433,-297519.838605569,299300
-279589.533353504,-284598.478470526,-293713.941400664,-297058.35615229,-297623.625473556,299400
-279713.164631213,-284717.168166539,-293823.254083796,-297163.107402897,-297727.404483594,299500
-279836.769918135,-284835.835907792,-293932.552146334,-297267.84927309,-297831.175651426,299600
-279960.34923856,-284954.481716756,-294041.835609734,-297372.581780674,-297934.938992764,299700
-280083.902616763,-285073.105615887,-294151.104495423,-297477.304943422,-298038.694523293,299800
-280207.430077006,-285191.707627623,-294260.270372757,-297582.018779075,-298142.442258665,299900
-280330.931643538,-285310.287774389,-294369.391291727,-297686.723305343,-298246.182214505,3e+05
-280454.407340594,-285428.846078593,-294478.49808218,-297791.418539904,-298349.914406405,300100
-280577.857192395,-285547.382562626,-294587.704624232,-297896.104500403,-298453.638849932,300200
-280701.281223149,-285665.897248867,-294696.955566842,-298000.781204457,-298557.355560618,300300
-280824.679457049,-285784.390159674,-294806.191880423,-298105.448669649,-298661.06455397,300400
-280948.051918276,-285902.861317393,-294915.413586633,-298210.10691353,-298764.765845463,300500
-281071.398630996,-286021.310744352,-295024.620707104,-298314.755953621,-298868.459450543,300600
-281194.719619362,-286139.738462865,-295133.813263435,-298419.395807412,-298972.145384628,300700
-281318.014907513,-286258.144495228,-295242.991277201,-298524.02649236,-299075.823663105,300800
-281441.284519574,-286376.528863724,-295352.106209507,-298628.648025892,-299179.494301331,300900
-281564.528479657,-286494.891590616,-295461.201823906,-298733.260425405,-299283.157314638,301000
-281687.74681186,-286613.232698155,-295570.283136632,-298837.863708262,-299386.812718323,301100
-281810.939540267,-286731.35156488,-295679.350168726,-298942.457891797,-299490.460527658,301200
-281934.106688947,-286849.392842986,-295788.402941201,-299047.042993313,-299594.100757885,301300
-282057.248281957,-286967.413214603,-295897.441475044,-299151.619030081,-299697.733424216,301400
-282180.364343339,-287085.412700781,-296006.465791213,-299256.186019341,-299801.358541835,301500
-282303.454897123,-287203.391322556,-296115.47591064,-299360.743978303,-299904.976125896,301600
-282426.519967322,-287321.349100951,-296224.471854231,-299465.292924147,-300008.586191526,301700
-282549.559577937,-287439.286056973,-296333.499364302,-299569.832874019,-300112.188753821,301800
-282672.573752957,-287557.202211615,-296442.554044754,-299674.363845039,-300215.783827851,301900
-282795.562516353,-287675.097585855,-296551.594323694,-299778.885854291,-300319.371428653,302000
-282918.525892085,-287792.972200658,-296660.620222607,-299883.398918834,-300422.95157124,302100
-283041.463904098,-287910.826076974,-296769.631762946,-299987.90305569,-300526.524270593,302200
-283164.376576323,-288028.659235739,-296878.628966137,-300092.398281857,-300630.089541667,302300
-283287.263932678,-288146.471697872,-296987.671772598,-300196.884614299,-300733.647399385,302400
-283410.125997065,-288264.263484282,-297096.758934384,-300301.362069948,-300837.197858646,302500
-283532.962793375,-288382.03461586,-297205.831428257,-300405.83066571,-300940.740934317,302600
-283655.774345483,-288499.785113484,-297314.889276474,-300510.290418458,-301044.276641237,302700
-283778.56067725,-288617.514998017,-297423.932501265,-300614.741345034,-301147.80499422,302800
-283901.321812522,-288735.224290309,-297532.961124829,-300719.183462252,-301251.326008047,302900
-284024.057775135,-288852.913011192,-297641.975169336,-300823.616786895,-301354.839697474,303000
-284146.768588906,-288970.581181489,-297750.999451867,-300928.041335714,-301458.346077227,303100
-284269.454277641,-289088.228822003,-297860.044653077,-301032.434117558,-301561.845162006,303200
-284392.114865131,-289205.855953526,-297968.948007412,-301136.736112764,-301665.336966482,303300
-284514.750375153,-289323.462596834,-298077.885999104,-301241.029486315,-301768.821505296,303400
-284637.36083147,-289441.048772689,-298186.827479799,-301345.313548395,-301872.298793063,303500
-284759.946257831,-289558.61450184,-298295.726728744,-301449.589342578,-301975.76884437,303600
-284882.50667797,-289676.159805018,-298404.574207994,-301553.856884192,-302079.231673777,303700
-285005.042115607,-289793.684702942,-298513.407502771,-301658.116188539,-302182.687295813,303800
-285127.55259445,-289911.189216317,-298622.226634444,-301762.367270892,-302286.135724982,303900
-285250.038138191,-290028.673365831,-298731.031624358,-301866.610146501,-302389.57697576,304000
-285372.498770507,-290146.13717216,-298839.822493825,-301970.844830585,-302493.011062594,304100
-285494.934515062,-290263.580655964,-298948.599264129,-302075.071338341,-302596.437999905,304200
-285617.345395506,-290381.003837888,-299057.361956528,-302179.289684936,-302699.857802084,304300
-285739.731435474,-290498.406738565,-299166.110592249,-302283.499885513,-302803.270483498,304400
-285862.092658588,-290615.78937861,-299274.84519249,-302387.701955187,-302906.701519593,304500
-285984.429088455,-290733.151778627,-299383.565778421,-302491.895909047,-303010.176451538,304600
-286106.740748667,-290850.493959202,-299492.272371185,-302596.081762157,-303113.643975683,304700
-286229.027662803,-290967.815940909,-299600.964991894,-302700.259529553,-303217.104107325,304800
-286351.289854427,-291085.117744306,-299709.629706167,-302804.429226245,-303320.556861735,304900
-286473.527347088,-291202.399389937,-299818.205627356,-302908.590867218,-303424.002254149,305000
-286595.740164324,-291319.660898332,-299926.767934113,-303012.775494258,-303527.440299778,305100
-286717.928329654,-291436.902290005,-300035.316646733,-303117.036269375,-303630.871013798,305200
-286840.091866587,-291554.123585456,-300143.851785484,-303221.288569852,-303734.294411359,305300
-286962.230798614,-291671.324805171,-300252.373370608,-303325.532411931,-303837.710507579,305400
-287084.345149214,-291788.505969622,-300360.88142232,-303429.767811827,-303941.119317546,305500
-287206.434941851,-291905.667099263,-300469.375960807,-303533.994785723,-304044.520856321,305600
-287328.500199975,-292022.808214538,-300577.85700623,-303638.213349775,-304147.915138932,305700
-287450.540947022,-292139.929335872,-300686.324578724,-303742.423520107,-304251.302180379,305800
-287572.557206411,-292257.030483679,-300794.90751475,-303846.625312816,-304354.681995633,305900
-287694.549001549,-292374.111678357,-300903.495530119,-303950.81874397,-304458.054599633,306000
-287816.51635583,-292490.219926054,-301012.069640278,-304055.003829605,-304561.420007291,306100
-287938.45929263,-292606.243320321,-301120.629866441,-304159.180585732,-304664.778233488,306200
-288060.377835312,-292722.249291719,-301229.176229794,-304263.34902833,-304768.129293078,306300
-288182.272007227,-292838.237856421,-301337.604631666,-304367.509173351,-304871.473200882,306400
-288304.141831707,-292954.20903059,-301446.125883089,-304471.661036715,-304974.809971694,306500
-288425.987332073,-293070.162830379,-301554.633326721,-304575.804634317,-305078.13962028,306600
-288547.808531631,-293186.099271934,-301663.126983652,-304679.93998202,-305181.462161373,306700
-288669.605453672,-293302.01837139,-301771.606874943,-304784.067095661,-305284.777609682,306800
-288791.378121471,-293417.920144872,-301880.073021624,-304888.185991046,-305388.085979881,306900
-288913.126558292,-293533.804608498,-301988.525444697,-304992.296683954,-305491.387286621,307000
-289034.850787382,-293649.69449615,-302096.964165136,-305096.399190133,-305594.681544519,307100
-289156.550831973,-293765.628452837,-302205.324909808,-305200.493525305,-305697.968768167,307200
-289278.226715285,-293881.544933962,-302313.586090314,-305304.579705162,-305801.248972125,307300
-289399.878460521,-293997.443955987,-302421.834133186,-305408.657745369,-305904.522170927,307400
-289521.506090872,-294113.325535362,-302530.069058071,-305512.727661559,-306007.788379076,307500
-289643.109629511,-294229.189688531,-302638.290884588,-305616.789469341,-306111.047611048,307600
-289764.689099599,-294345.036431924,-302746.499632331,-305720.843184294,-306214.299881288,307700
-289886.244524282,-294461.960980452,-302854.695320865,-305824.888821967,-306317.545204216,307800
-290007.775926691,-294579.183588697,-302962.877969733,-305928.926397882,-306420.78359422,307900
-290129.283329942,-294696.385340702,-303071.047598449,-306032.955927534,-306524.015065662,308000
-290250.766757139,-294813.617684159,-303179.204226502,-306136.977426388,-306627.239632874,308100
-290372.226231367,-294931.045009557,-303287.347873354,-306240.990909882,-306730.457310161,308200
-290493.661775701,-295048.450865517,-303395.47855844,-306344.996393425,-306833.668111798,308300
-290615.073413197,-295165.835275651,-303503.596301173,-306448.993892399,-306936.872052033,308400
-290736.4611669,-295283.198263553,-303611.701120934,-306552.983422157,-307040.069145085,308500
-290857.825059838,-295400.539852794,-303719.793037084,-306656.964998024,-307143.259405147,308600
-290979.165115026,-295517.860066927,-303827.872068952,-306760.9386353,-307246.44284638,308700
-291100.481355464,-295635.375620237,-303935.938235847,-306864.904349252,-307349.61948292,308800
-291221.773804135,-295753.377050279,-304043.991557048,-306968.862155124,-307452.789328874,308900
-291343.042484011,-295870.303358476,-304152.032051808,-307072.812068129,-307555.952398321,309000
-291464.287418046,-295986.61701453,-304260.059739357,-307176.754103454,-307659.108705313,309100
-291585.508629182,-296103.637456973,-304368.074638896,-307280.688276258,-307762.258263872,309200
-291706.706140345,-296220.637168543,-304476.076769603,-307384.614601672,-307865.401087995,309300
-291827.879974446,-296336.556534838,-304584.124229581,-307488.5330948,-307968.525457326,309400
-291949.030154381,-296452.272979995,-304692.256066574,-307592.443770718,-308071.616936977,309500
-292070.156703034,-296567.971876548,-304800.365622514,-307696.346644474,-308174.701888858,309600
-292191.25964327,-296683.653241459,-304908.442554635,-307800.241731091,-308277.780326329,309700
-292312.338997943,-296799.317091681,-305016.506390359,-307904.123862751,-308380.852262722,309800
-292433.39478989,-296914.963444155,-305124.557149738,-308007.99765724,-308483.917711345,309900
-292554.427041933,-297030.637677422,-305232.594852792,-308111.863732786,-308586.976685479,310000
-292675.435776882,-297146.527268261,-305340.485874137,-308215.722104231,-308690.029198379,310100
-292796.42101753,-297262.398736308,-305448.30426446,-308319.572786394,-308793.075263274,310200
-292916.545994084,-297378.252099606,-305556.218034995,-308423.467557063,-308896.114893368,310300
-293035.964432013,-297494.087376184,-305664.11469062,-308527.301906131,-308999.148101838,310400
-293155.362978191,-297609.90458406,-305771.921628791,-308631.104094887,-309102.174901836,310500
-293274.741649658,-297725.703741238,-305879.716186646,-308734.940221272,-309205.195306488,310600
-293394.100463448,-297841.48486571,-305987.498382667,-308838.767589708,-309308.209328895,310700
-293513.439436585,-297957.247975457,-306095.26823531,-308942.578001386,-309411.216982131,310800
-293632.758586086,-298072.993088445,-306203.025763006,-309046.380804056,-309514.218279246,310900
-293752.05792896,-298188.72022263,-306310.770984164,-309150.176012387,-309617.213233263,311000
-293871.337482208,-298304.429395954,-306418.503917163,-309253.96364102,-309720.201857181,311100
-293990.597262824,-298420.120626347,-306526.266444721,-309357.743704571,-309823.184163971,311200
-294109.837287792,-298535.793931726,-306634.1172345,-309461.516217627,-309926.160166582,311300
-294229.05757409,-298651.449329997,-306741.95531545,-309565.281194752,-310029.129877935,311400
-294348.258138688,-298767.086839051,-306849.780707005,-309669.038650479,-310132.093310927,311500
-294467.438998547,-298882.70647677,-306957.593428567,-309772.788599318,-310235.050478429,311600
-294586.60017062,-298998.308261019,-307065.393499516,-309876.53105575,-310338.001393288,311700
-294705.741671853,-299113.932902134,-307173.180939201,-309980.266034232,-310440.946068324,311800
-294824.863519183,-299229.584567665,-307280.955766947,-310083.993549192,-310543.884516334,311900
-294943.96572954,-299345.218221625,-307388.718002051,-310187.713615034,-310646.816750088,312000
-295063.048319845,-299460.833882199,-307496.467663784,-310291.426246132,-310749.742782331,312100
-295182.111307011,-299576.431567557,-307604.204771389,-310395.131456838,-310852.662625786,312200
-295301.154707944,-299692.011295857,-307711.929344084,-310498.811495591,-310955.576293146,312300
-295420.178539542,-299807.573085243,-307819.64140106,-310602.483212516,-311058.483797084,312400
-295539.182818692,-299923.116953848,-307927.288280833,-310706.14223472,-311161.385150246,312500
-295658.167562277,-300038.67747355,-308034.908294389,-310809.734811244,-311264.280365252,312600
-295777.132787169,-300154.229548551,-308142.516076103,-310913.308491523,-311367.168265138,312700
-295896.078510233,-300270.252786767,-308250.111644507,-311016.875220134,-311470.048142834,312800
-296015.004748327,-300386.526845438,-308357.695018107,-311120.435010111,-311572.921933531,312900
-296133.911518297,-300502.821572197,-308465.286775807,-311223.987874464,-311675.78964971,313000
-296252.798836986,-300619.106637011,-308572.987802001,-311327.533826181,-311778.651303824,313100
-296371.666721226,-300735.371750877,-308680.658665716,-311431.072878227,-311881.506908305,313200
-296490.515187839,-300851.616935671,-308788.247945609,-311534.605043542,-311984.35647556,313300
-296609.344253644,-300967.842213252,-308895.82493082,-311638.130335047,-312087.20001797,313400
-296728.153935446,-301084.047605459,-309003.389640193,-311741.648765635,-312190.037547894,313500
-296846.944250047,-301200.233134114,-309110.942092544,-311845.16034818,-312292.869077664,313600
-296965.715214237,-301316.398821019,-309218.482306663,-311948.665095533,-312395.694619591,313700
-297084.466844799,-301432.544687959,-309325.992687766,-312052.16302052,-312498.51418596,313800
-297203.199158509,-301548.6707567,-309433.394981546,-312155.654135945,-312601.327789032,313900
-297321.912172132,-301664.777048989,-309540.785479068,-312259.204015183,-312704.135441043,314000
-297440.605902428,-301780.863586555,-309648.164198069,-312362.785131419,-312806.937154208,314100
-297559.280366147,-301896.930391109,-309755.531156263,-312466.359056341,-312909.732940714,314200
-297677.93558003,-302012.977484342,-309862.886371339,-312569.925803908,-313012.522812728,314300
-297796.57156081,-302129.004887929,-309970.186754564,-312673.485388054,-313115.306782391,314400
-297915.188325215,-302245.012623525,-310077.465603561,-312777.037822686,-313218.084861819,314500
-298033.785889959,-302361.000712766,-310184.696976018,-312880.583121687,-313320.857063107,314600
-298152.364271752,-302476.96917727,-310291.911167259,-312984.121298914,-313423.623398325,314700
-298270.923487294,-302592.918038638,-310399.114015536,-313087.652368197,-313526.383879518,314800
-298389.463553278,-302708.847318451,-310506.363351114,-313191.176343342,-313629.138518709,314900
-298507.984486386,-302824.757038272,-310613.601570331,-313294.69323813,-313731.887327897,315000
-298626.486303294,-302940.647219645,-310720.828305356,-313398.203066315,-313834.630319057,315100
-298744.969020669,-303056.517884096,-310828.043573378,-313501.719795585,-313937.367504141,315200
-298863.432655169,-303172.369053134,-310935.247391562,-313605.242806362,-314040.098895077,315300
-298981.877223445,-303288.200748247,-311042.439777052,-313708.758678701,-314142.82450377,315400
-299100.302742137,-303404.012990906,-311149.620746966,-313812.267426596,-314245.544342101,315500
-299218.70922788,-303519.805802565,-311256.790318401,-313915.769064018,-314348.27190883,315600
-299337.096697299,-303635.579204656,-311363.948508431,-314019.263604911,-314451.010397555,315700
-299455.465167008,-303751.333218595,-311471.095334104,-314122.751063191,-314553.743020042,315800
-299573.814653618,-303867.06786578,-311578.230812448,-314226.231452751,-314656.469788499,315900
-299692.145173726,-303982.783167589,-311685.354960468,-314329.704787456,-314759.19071511,316000
-299810.456743924,-304098.479145383,-311792.467795143,-314433.171081145,-314861.905812033,316100
-299928.749380795,-304214.155820504,-311899.569333433,-314536.630347634,-314964.615091406,316200
-300047.023100912,-304329.813214275,-312006.659592271,-314640.038556567,-315067.318565338,316300
-300165.277920842,-304445.451348002,-312113.738588571,-314743.433260558,-315170.016245916,316400
-300283.513857141,-304561.070242971,-312220.80633922,-314846.821187131,-315272.708145204,316500
-300401.730926358,-304676.669920451,-312327.86339819,-314950.202349366,-315375.394275241,316600
-300519.929145032,-304792.250401693,-312435.005217389,-315053.576760323,-315478.060833075,316700
-300638.108529696,-304907.618722771,-312542.135521762,-315156.972390106,-315580.688738089,316800
-300756.269096872,-305022.670481063,-312649.254328874,-315260.440130316,-315683.31111265,316900
-300874.410863075,-305137.704369964,-312756.361656263,-315363.90071433,-315785.927968054,317000
-300992.53384481,-305252.720408357,-312863.457521443,-315467.354156461,-315888.539315576,317100
-301110.638058574,-305367.71861511,-312970.541941906,-315570.800470996,-315991.145166467,317200
-301228.723520857,-305482.699009075,-313077.614935117,-315674.239672196,-316093.745531959,317300
-301346.790248139,-305597.661609089,-313184.676518519,-315777.671774291,-316196.340423259,317400
-301464.83825689,-305712.606433974,-313291.726709528,-315881.052711959,-316298.929851554,317500
-301582.867563574,-305827.533502537,-313398.765525539,-315984.42655743,-316401.513828008,317600
-301700.878184644,-305942.442833572,-313505.79298392,-316087.793531553,-316504.092363765,317700
-301818.870136547,-306057.334445853,-313612.809102018,-316191.151366276,-316606.665469944,317800
-301936.84343572,-306172.208358145,-313719.813897153,-316294.495110723,-316709.233157646,317900
-302054.79809859,-306287.064589194,-313826.807386622,-316397.832064155,-316811.795437948,318000
-302172.734141578,-306401.903157732,-313933.788925861,-316501.162239929,-316914.352321905,318100
-302290.651581094,-306516.724082475,-314040.705109923,-316604.485651376,-317016.903820551,318200
-302408.550433541,-306631.527382127,-314147.61022262,-316707.797857714,-317119.449944899,318300
-302526.430715311,-306746.313075373,-314254.504280714,-316811.075774839,-317222.005507279,318400
-302644.292442792,-306861.081180885,-314361.387300942,-316914.347099931,-317324.560054155,318500
-302762.135632357,-306975.831717321,-314468.25930002,-317017.611845819,-317427.109176939,318600
-302879.960300375,-307090.564703323,-314575.120294639,-317120.870025309,-317529.65288682,318700
-302997.766463205,-307205.280157516,-314681.970301467,-317224.117166004,-317632.191194964,318800
-303115.554137197,-307319.978098512,-314788.809337151,-317327.357230227,-317734.724112515,318900
-303233.323338691,-307434.658544909,-314895.637418313,-317430.590787093,-317837.251650597,319000
-303351.074084021,-307549.321515288,-315002.476249832,-317533.817849248,-317939.773820309,319100
-303468.806389511,-307663.967028216,-315109.390975833,-317637.038429319,-318042.29063273,319200
-303586.520271475,-307778.595102244,-315216.29443206,-317740.252539907,-318144.802098916,319300
-303704.21574622,-307893.205755908,-315323.186635932,-317843.460193589,-318247.308229903,319400
-303821.892830042,-308007.799007731,-315430.067604846,-317946.661402921,-318349.809036702,319500
-303939.551539232,-308122.374876218,-315536.937356173,-318049.856180433,-318452.304530306,319600
-304057.191890068,-308236.933379862,-315643.795907261,-318153.044538635,-318554.794721683,319700
-304174.813898823,-308351.474537139,-315750.64327543,-318256.226490012,-318657.27962178,319800
-304292.417581757,-308465.99836651,-315857.47947798,-318359.402047026,-318759.759241524,319900
-304410.002955125,-308580.504886421,-315964.304532183,-318462.571222114,-318862.23359182,320000
-304527.570035171,-308694.994115305,-316071.089435706,-318565.734027695,-318964.702683548,320100
-304645.118838131,-308809.466071577,-316177.838528348,-318668.89047616,-319067.166527571,320200
-304762.649380232,-308923.920773639,-316284.57670658,-318772.039271426,-319169.625134728,320300
-304880.161677693,-309038.358239877,-316391.30398713,-318875.174747667,-319272.078515837,320400
-304997.655746721,-309152.778488663,-316498.020386702,-318978.303937929,-319374.526681695,320500
-305115.131603517,-309267.181538353,-316604.725921976,-319081.426854413,-319476.969643077,320600
-305232.589264274,-309381.567407288,-316711.420609612,-319184.543509292,-319579.407410736,320700
-305350.028745173,-309495.936113794,-316818.104466242,-319287.653914722,-319681.839995406,320800
-305467.450062388,-309610.287676183,-316924.777508479,-319390.758082832,-319784.267407797,320900
-305584.853232085,-309724.622112752,-317031.43975291,-319493.856025732,-319886.688606999,321000
-305702.238270418,-309838.939441781,-317138.091216099,-319596.947755508,-319989.104337305,321100
-305819.605193535,-309953.239681537,-317244.731914589,-319700.033284224,-320091.514933323,321200
-305936.954017573,-310067.522850271,-317351.361864897,-319803.11262392,-320193.920405662,321300
-306054.284758662,-310181.788966219,-317457.981083519,-319906.185786617,-320296.320764906,321400
-306171.597432923,-310296.038047603,-317564.552704081,-320009.252784312,-320398.716021622,321500
-306288.892056465,-310410.270112629,-317671.109883406,-320112.313628978,-320501.106186354,321600
-306406.168645391,-310524.485179489,-317777.755291165,-320215.36833257,-320603.491269624,321700
-306523.427215795,-310638.683266358,-317884.389833685,-320318.416907017,-320705.871281937,321800
-306640.667783761,-310752.864391398,-317991.013527842,-320421.459364228,-320808.246233772,321900
-306757.890365364,-310867.028572756,-318097.626390486,-320524.495716088,-320910.616135593,322000
-306875.094976671,-310981.175828563,-318204.228438444,-320627.525974464,-321012.980997837,322100
-306992.281633738,-311095.306176934,-318310.819688517,-320730.550151196,-321115.340830925,322200
-307109.450352613,-311209.419635972,-318417.400157485,-320833.568258106,-321217.695645256,322300
-307226.601149338,-311323.516223764,-318523.969862102,-320936.580306991,-321320.045451208,322400
-307343.734039941,-311437.59595838,-318630.528819099,-321039.586309629,-321422.390259137,322500
-307460.849040443,-311551.658857876,-318737.077045183,-321142.586277774,-321524.730079382,322600
-307577.946166857,-311665.704940295,-318843.614557037,-321245.58022316,-321627.064922259,322700
-307695.025435187,-311779.734223664,-318950.14137132,-321348.568157498,-321729.394798062,322800
-307812.086861426,-311893.746725993,-319056.657504669,-321451.550092476,-321831.719717069,322900
-307929.130461559,-312007.742465279,-319163.162973694,-321554.526039764,-321934.039689533,323000
-308046.156251563,-312121.721459503,-319269.682410979,-321657.496011008,-322036.35472569,323100
-308163.164247404,-312235.683726634,-319376.243000295,-321760.460017831,-322138.664835754,323200
-308280.15446504,-312349.629284621,-319482.740726568,-321863.429621676,-322240.970029919,323300
-308397.12692042,-312463.558151403,-319589.208809366,-321966.39988894,-322343.270318358,323400
-308514.081629483,-312577.4703449,-319695.666295877,-322069.364151632,-322445.565711225,323500
-308631.018608161,-312691.365883021,-319802.102189965,-322172.322421515,-322547.856218654,323600
-308747.937872374,-312805.244783655,-319908.469818936,-322275.274710334,-322650.141850758,323700
-308864.839438036,-312919.107064682,-320014.827130257,-322378.22102981,-322752.42261763,323800
-308981.723321049,-313032.952743962,-320121.174139802,-322481.161391641,-322854.698529342,323900
-309098.589537307,-313146.781839342,-320227.510863423,-322584.095807505,-322956.969595948,324000
-309215.438102696,-313260.594368656,-320333.83731695,-322687.024289058,-323059.235827481,324100
-309332.269033091,-313374.390349719,-320440.153516188,-322789.946847932,-323161.497233954,324200
-309449.082344359,-313488.169800335,-320546.459476923,-322892.86349574,-323263.753825359,324300
-309565.878052358,-313601.932738291,-320652.755214918,-322995.774244072,-323366.005611671,324400
-309682.656172936,-313715.679181359,-320759.040745912,-323098.679104496,-323468.252602842,324500
-309799.416721933,-313829.409147296,-320865.316085624,-323201.578088559,-323570.494808806,324600
-309916.159715178,-313943.122653845,-320971.581249749,-323304.47098047,-323672.732239477,324700
-310032.885168492,-314056.819718735,-321077.836253962,-323407.356679367,-323774.964904748,324800
-310149.593097687,-314170.500359676,-321184.081113912,-323510.23654286,-323877.192814495,324900
-310266.283518566,-314284.164594369,-321290.315845231,-323613.110582391,-323979.415978571,325000
-310382.956446922,-314397.812440494,-321396.524479089,-323715.978809378,-324081.634406812,325100
-310499.611898539,-314511.443915721,-321502.705447287,-323818.792393194,-324183.848109033,325200
-310616.249889193,-314625.059037702,-321608.876447483,-323921.570310344,-324286.057095031,325300
-310732.870434648,-314738.657824076,-321715.037494938,-324024.34277023,-324388.261374581,325400
-310849.473550661,-314852.240292465,-321821.188604891,-324127.109783228,-324490.46095744,325500
-310966.059252981,-314965.806460479,-321927.32979256,-324229.871359692,-324592.655853346,325600
-311082.627557344,-315079.356345711,-322033.461073142,-324332.639706649,-324694.846072017,325700
-311199.178479479,-315192.889965739,-322139.594693147,-324435.451145518,-324797.031623151,325800
-311315.712035106,-315306.407338128,-322245.772663483,-324538.253055498,-324899.212516428,325900
-311432.228239936,-315419.908480425,-322351.940550219,-324641.045429495,-325001.388761508,326000
-311548.72710967,-315533.393410166,-322458.098369003,-324743.832204644,-325103.560368032,326100
-311665.208659999,-315646.862144868,-322564.246135462,-324846.613391825,-325205.72734562,326200
-311781.672906605,-315760.314702037,-322670.3838652,-324949.374600576,-325307.889703876,326300
-311898.119865163,-315873.751099161,-322776.511573801,-325052.171727814,-325410.047452383,326400
-312014.549551336,-315987.171353716,-322882.629276824,-325154.946852155,-325512.200600704,326500
-312130.961980778,-316100.57548316,-322988.736989806,-325257.716388504,-325614.349158385,326600
-312247.357169136,-316213.963504939,-323094.834728264,-325360.480347771,-325716.493134952,326700
-312363.735132046,-316327.335436482,-323200.92250769,-325463.238740846,-325818.632539911,326800
-312480.095885133,-316440.691295204,-323307.000343556,-325565.991578599,-325920.76738275,326900
-312596.439444016,-316554.031098506,-323413.068251312,-325668.738871879,-326022.897672939,327000
-312712.765824303,-316667.354863774,-323519.126246383,-325771.480631514,-326125.023419928,327100
-312829.075041593,-316780.662608376,-323625.174344177,-325874.216868314,-326227.144633147,327200
-312945.367111474,-316893.95434967,-323731.212560075,-325976.947593067,-326329.261322009,327300
-313061.642049529,-317007.230104996,-323837.240909438,-326079.672816541,-326431.373495909,327400
-313177.899871327,-317120.489891679,-323943.259407607,-326182.389725977,-326533.48116422,327500
-313294.14059243,-317233.733727032,-324049.268069897,-326285.101091661,-326635.584336298,327600
-313410.36422839,-317346.961628351,-324155.266911604,-326387.807000187,-326737.683021482,327700
-313526.57079475,-317460.173612916,-324261.255948002,-326490.507462209,-326839.77722909,327800
-313642.760307044,-317573.369697995,-324367.235194342,-326593.202488357,-326941.866968421,327900
-313758.932780795,-317686.549900839,-324473.204665853,-326695.892089244,-327043.952248758,328000
-313875.088231519,-317799.714238686,-324579.164377744,-326798.576275463,-327146.033079364,328100
-313991.22667472,-317912.862728758,-324685.1143452,-326901.255057587,-327248.109469483,328200
-314107.348125896,-318025.995388263,-324791.054583387,-327003.928446168,-327350.18142834,328300
-314223.452600532,-318139.087325398,-324896.985107446,-327106.596451739,-327452.248965144,328400
-314339.540114106,-318251.721693243,-325002.905932498,-327209.259084815,-327554.312089084,328500
-314455.610682085,-318364.341449303,-325108.817073643,-327311.916355889,-327656.370809331,328600
-314571.664319929,-318476.946608665,-325214.718545958,-327414.568275436,-327758.425135036,328700
-314687.701043085,-318589.686740704,-325320.610364499,-327517.21485391,-327860.475075334,328800
-314803.720866995,-318702.763551324,-325426.4925443,-327619.856101747,-327962.520639341,328900
-314919.723807087,-318815.824551877,-325532.365100375,-327722.492029363,-328064.561836154,329000
-315035.709878783,-318928.869759635,-325638.228047714,-327825.122647153,-328166.598674853,329100
-315151.679097495,-319041.899191857,-325744.081401286,-327927.747965496,-328268.631164498,329200
-315267.631478624,-319154.912865788,-325849.925176041,-328030.367994747,-328370.659314134,329300
-315383.567037563,-319267.910798657,-325955.759386906,-328132.982745247,-328472.683132785,329400
-315499.485789694,-319380.893007677,-326061.584048784,-328235.592227312,-328574.702629457,329500
-315615.387750393,-319493.859510048,-326167.39917656,-328338.196451243,-328676.71781314,329600
-315731.272935022,-319606.810322953,-326273.188376083,-328440.795427321,-328778.728692805,329700
-315847.141358936,-319719.745463561,-326378.929765079,-328543.389165805,-328880.735277404,329800
-315962.993037482,-319832.664949025,-326484.66184789,-328645.977676939,-328982.737575873,329900
-316078.827985994,-319945.568796486,-326590.384638869,-328748.560970944,-329084.735597128,330000
-316194.6462198,-320058.071731167,-326696.09436872,-328851.139058024,-329186.729350069,330100
-316310.447754215,-320170.423985918,-326801.775770272,-328953.711948364,-329288.718843576,330200
-316426.232604548,-320282.761965286,-326907.447998482,-329056.279652129,-329390.704086515,330300
-316542.000786097,-320395.085684014,-327013.11106744,-329158.842179466,-329492.68508773,330400
-316657.75231415,-320507.395156835,-327118.764991216,-329261.399540501,-329594.661856049,330500
-316773.487203985,-320619.690398469,-327224.409783862,-329363.951745344,-329696.634400283,330600
-316889.205470874,-320731.971423625,-327330.045459407,-329466.498804083,-329798.602729224,330700
-317004.907130074,-320844.238246999,-327435.672031861,-329569.04072679,-329900.566851649,330800
-317120.592196838,-320956.490883277,-327541.289515217,-329671.577523516,-330002.526776313,330900
-317236.260686406,-321068.729347134,-327646.897923445,-329774.109204294,-330104.482511958,331000
-317351.91261401,-321180.95365323,-327752.497270496,-329876.635779138,-330206.434067305,331100
-317467.547994871,-321293.163816217,-327858.087570302,-329979.157258044,-330308.381451059,331200
-317583.166844203,-321405.359850733,-327963.668836774,-330081.673650988,-330410.324671908,331300
-317698.769177207,-321517.541771405,-328069.241083805,-330184.184967928,-330512.263738522,331400
-317814.355009078,-321629.70959285,-328174.804325268,-330286.69802988,-330614.198659553,331500
-317929.924355,-321741.863329669,-328280.358575014,-330389.206247085,-330716.129443637,331600
-318045.477230146,-321854.002996457,-328385.903846879,-330491.709388712,-330818.056099391,331700
-318161.013649683,-321966.128607793,-328491.440154674,-330594.207464735,-330919.978635417,331800
-318276.533628764,-322078.240178246,-328596.967512194,-330696.700485108,-331021.897060297,331900
-318392.037182536,-322190.337722374,-328702.485933214,-330799.188459768,-331123.811382597,332000
-318507.524326134,-322302.421254722,-328808.01910017,-330901.67139863,-331225.721610867,332100
-318622.995074687,-322414.490789823,-328913.614975431,-331004.149311594,-331327.627753639,332200
-318738.44944331,-322526.546342202,-329019.181910455,-331106.622208541,-331429.529819426,332300
-318853.887447112,-322638.587926367,-329124.73970862,-331209.090099329,-331531.427816726,332400
-318969.309101189,-322750.615556819,-329230.288384232,-331311.552993804,-331633.321754021,332500
-319084.714420632,-322862.629248044,-329335.827951575,-331414.010901789,-331735.211639772,332600
-319200.103420518,-322974.629014518,-329441.358424914,-331516.463833088,-331837.097482427,332700
-319315.476115917,-323086.614870706,-329546.879818492,-331618.911797491,-331938.979290415,332800
-319430.832521888,-323198.58683106,-329652.36741754,-331721.354804765,-332040.857072148,332900
-319546.172653482,-323310.544910021,-329757.818027347,-331823.79286466,-332142.730836023,333000
-319661.496525739,-323422.489122018,-329863.259780269,-331926.221425921,-332244.600590417,333100
-319776.80415369,-323534.419481469,-329968.692690019,-332028.64414511,-332346.466343692,333200
-319892.095552357,-323646.33600278,-330074.116770291,-332131.061969007,-332448.328104194,333300
-320007.37073675,-323758.238700346,-330179.577693477,-332233.474907218,-332550.185880251,333400
-320122.629721873,-323870.127588548,-330285.041439513,-332335.882969333,-332652.039680175,333500
-320237.872522718,-323982.002681759,-330390.496204352,-332438.286164921,-332753.889512259,333600
-320353.099154268,-324093.863994338,-330495.94200208,-332540.684503535,-332855.735384782,333700
-320468.309631496,-324205.711540632,-330601.378846761,-332643.077994708,-332957.577306007,333800
-320583.503969365,-324317.545334979,-330706.806752441,-332745.466647958,-333059.415284176,333900
-320698.682182831,-324429.365391702,-330812.225733144,-332847.850472782,-333161.24932752,334000
-320813.844286837,-324541.171725116,-330917.635802874,-332950.229478662,-333263.079444248,334100
-320928.990296318,-324652.964349521,-331022.959942576,-333052.60367506,-333364.905642557,334200
-321044.1202262,-324764.743279207,-331128.269907866,-333154.973071421,-333466.727930625,334300
-321159.234091398,-324876.508528453,-331233.571279203,-333257.337677171,-333568.546316615,334400
-321274.331906818,-324988.284837875,-331338.864069842,-333359.697501722,-333670.360808672,334500
-321389.413687356,-325100.077377174,-331444.148293021,-333462.05612366,-333772.171414925,334600
-321504.479447899,-325211.856141198,-331549.423961956,-333564.464444615,-333873.978143487,334700
-321619.529203325,-325323.621144424,-331654.691089846,-333666.867769544,-333975.781002456,334800
-321734.5629685,-325435.372401318,-331759.949689872,-333769.266108535,-334077.579999911,334900
-321849.580758282,-325547.109926333,-331865.236991633,-333871.659471654,-334179.375143916,335000
-321964.58258752,-325658.833733911,-331970.585489138,-333974.047868948,-334281.16644252,335100
-322079.568471052,-325770.543838481,-332075.925139178,-334076.431310445,-334382.959189511,335200
-322194.538423706,-325882.240254461,-332181.255955734,-334178.809806152,-334484.751972444,335300
-322309.492460302,-325993.922996256,-332286.577952766,-334281.183366058,-334586.540893933,335400
-322424.430595649,-326105.592078262,-332391.891144215,-334383.552000132,-334688.32596209,335500
-322539.352844547,-326217.247514858,-332497.195543999,-334485.915718323,-334790.107185011,335600
-322654.259221787,-326328.889320416,-332602.491166017,-334588.274530564,-334891.884570776,335700
-322769.149742148,-326440.517509294,-332707.778024148,-334690.628446763,-334993.658127447,335800
-322884.024420402,-326552.132095837,-332813.05613225,-334792.977476814,-335095.427863071,335900
-322998.883271309,-326663.73309438,-332918.32550416,-334895.321630589,-335197.193785679,336000
-323113.726309621,-326775.320519245,-333023.586153698,-334997.660917941,-335298.955903286,336100
-323228.55355008,-326886.918104626,-333128.838094658,-335099.995348706,-335400.714223887,336200
-323343.365007417,-326998.87848551,-333234.101717542,-335202.324932697,-335502.468755466,336300
-323458.160696356,-327110.824325128,-333339.367147011,-335304.649679711,-335604.219505988,336400
-323572.940631608,-327222.799740006,-333444.623803486,-335406.969599526,-335705.966483402,336500
-323687.704827878,-327334.771063022,-333549.871700949,-335509.259131662,-335807.709695641,336600
-323802.453299857,-327446.727754899,-333655.110853356,-335611.525959313,-335909.449150623,336700
-323917.186062231,-327558.669831924,-333760.341274647,-335713.788171508,-336011.184856247,336800
-324031.903129672,-327670.597310371,-333865.562978739,-335816.045777386,-336112.916820399,336900
-324146.604516844,-327782.510206497,-333970.775979527,-335918.298786067,-336214.645050948,337000
-324261.290238403,-327894.408536546,-334075.98029089,-336020.547206655,-336316.369555747,337100
-324375.960308993,-328006.292316746,-334181.175926681,-336122.791048235,-336418.090342632,337200
-324490.614743249,-328118.16156331,-334286.362900736,-336225.030319877,-336519.807419425,337300
-324605.253555797,-328230.016292438,-334391.540962848,-336327.265030632,-336621.530525367,337400
-324719.876761252,-328341.856520313,-334496.675004385,-336429.493733574,-336723.261323156,337500
-324834.48437422,-328453.682263104,-334601.800547514,-336531.711657152,-336824.988340784,337600
-324949.076409297,-328565.493536965,-334706.917605685,-336633.925079025,-336926.711586314,337700
-325063.65288107,-328677.290358037,-334812.026192328,-336736.134008078,-337028.43106779,337800
-325178.213804116,-328789.072742444,-334917.126320853,-336838.338453177,-337130.146793243,337900
-325292.759193001,-328900.840706295,-335022.21800465,-336940.538423174,-337231.858770683,338000
-325407.104613416,-329012.594265686,-335127.301257088,-337042.733926901,-337333.567008106,338100
-325521.405660752,-329124.333436698,-335232.37609152,-337144.924973176,-337435.271513493,338200
-325635.691701532,-329236.058235396,-335337.442521276,-337247.111570799,-337536.972294805,338300
-325749.962749516,-329347.76867783,-335442.500559667,-337349.293728554,-337638.669359989,338400
-325864.218818456,-329459.464780038,-335547.550219986,-337451.471455207,-337740.362716974,338500
-325978.459922095,-329571.146558041,-335652.591515504,-337553.644759509,-337842.052373675,338600
-326092.686074169,-329682.814027845,-335757.624459474,-337655.813650194,-337943.738337989,338700
-326206.897288401,-329794.473730488,-335862.64906513,-337757.978135979,-338045.420617796,338800
-326321.093578509,-329906.149494464,-335967.643868668,-337860.138225564,-338147.099220961,338900
-326435.274958202,-330017.810902721,-336072.632176815,-337962.293927633,-338248.774155332,339000
-326549.441441177,-330129.457971382,-336177.612251901,-338064.445250854,-338350.445428742,339100
-326663.593041126,-330241.090716555,-336282.584106922,-338166.592203879,-338452.113049007,339200
-326777.729771729,-330352.709154335,-336387.547754856,-338268.734795342,-338553.777023925,339300
-326891.85164666,-330464.3133008,-336492.50320866,-338370.873033861,-338655.437361283,339400
-327005.958679582,-330575.903172014,-336597.450481272,-338473.006928038,-338757.094068845,339500
-327120.050884151,-330687.478784025,-336702.389585614,-338575.136486459,-338858.747154365,339600
-327234.128274012,-330799.040152867,-336807.328243167,-338677.245028091,-338960.396625578,339700
-327348.190862803,-330910.587294561,-336912.282879916,-338779.347940693,-339062.042490204,339800
-327462.238664152,-331022.120225108,-337017.229279466,-338881.446617612,-339163.684755945,339900
-327576.27169168,-331133.6389605,-337122.167454925,-338983.541067142,-339265.32343049,340000
-327690.289958997,-331245.143516709,-337227.097419381,-339085.631297563,-339366.958521511,340100
-327804.293479706,-331356.633909695,-337332.019185905,-339187.717317139,-339468.590036663,340200
-327918.282267399,-331468.110155404,-337436.932767547,-339289.793236318,-339570.217983588,340300
-328032.25633566,-331579.572269763,-337541.838177337,-339391.864785989,-339671.842369907,340400
-328146.215698067,-331691.020268689,-337646.735428287,-339493.932174393,-339773.442985203,340500
-328260.160368184,-331802.45416808,-337751.624533389,-339595.979102831,-339875.03437128,340600
-328374.09035957,-331913.873983823,-337856.505505616,-339698.007543245,-339976.622334028,340700
-328488.005685775,-332025.279731786,-337961.378357922,-339800.031971582,-340078.206880634,340800
-328601.906360337,-332136.671427825,-338066.243103241,-339902.052395549,-340179.788018273,340900
-328715.792396789,-332248.049087781,-338171.099754487,-340004.06882284,-340281.365754106,341000
-328829.663808653,-332359.41272748,-338275.943766605,-340106.081261135,-340382.940095276,341100
-328943.520609443,-332470.762362731,-338380.772172303,-340208.089718099,-340484.511048914,341200
-329057.362812663,-332582.098009332,-338485.592564239,-340310.094201381,-340586.078622136,341300
-329171.190431809,-332693.419683063,-338590.423283851,-340412.094718621,-340687.642822044,341400
-329285.003480368,-332804.72739969,-338695.251729038,-340514.091277439,-340789.203655725,341500
-329398.801971819,-332916.021174965,-338800.072116303,-340616.083885446,-340890.761130252,341600
-329512.58591963,-333027.301024626,-338904.88445853,-340718.072550236,-340992.315252683,341700
-329626.355337262,-333138.566964392,-339009.688768583,-340820.05727939,-341093.866030062,341800
-329740.110238167,-333249.819009974,-339114.485059304,-340922.038080474,-341195.413469419,341900
-329853.850635787,-333361.057177061,-339219.27334352,-341024.014961041,-341296.957577769,342000
-329967.576543556,-333472.281481333,-339324.053634035,-341125.987928632,-341398.498362114,342100
-330081.287974899,-333583.491938451,-339428.825943637,-341227.956990769,-341500.03582944,342200
-330194.984943231,-333694.688564065,-339533.590285094,-341329.922154966,-341601.569986721,342300
-330308.667461961,-333805.871373808,-339638.346671152,-341431.883428718,-341703.100840914,342400
-330422.335544487,-333917.040383298,-339743.084688887,-341533.84081951,-341804.628398964,342500
-330535.989204197,-334028.19560814,-339847.802564001,-341635.794334811,-341906.152667801,342600
-330649.628454472,-334139.337063922,-339952.512599346,-341737.743982078,-342007.673654343,342700
-330763.253308684,-334250.464766219,-340057.214807402,-341839.720845895,-342109.190720831,342800
-330876.863780196,-334361.578730591,-340161.909200631,-341941.708918112,-342210.703580941,342900
-330990.459882361,-334472.678972584,-340266.595791473,-342043.692955721,-342312.213186408,343000
-331104.041628524,-334583.765507727,-340371.274592354,-342145.672966693,-342413.719544069,343100
-331217.609032022,-334694.838351536,-340475.945615677,-342247.648958981,-342515.222660748,343200
-331331.162106181,-334805.897519514,-340580.60887383,-342349.620940523,-342616.722543254,343300
-331444.70086432,-334916.943027145,-340685.264379181,-342451.588919242,-342718.219198383,343400
-331558.225319748,-335027.974889902,-340789.91214408,-342553.552903048,-342819.712632918,343500
-331671.735485765,-335138.99457367,-340894.552180859,-342655.512899834,-342921.202853625,343600
-331785.231375663,-335250.002298367,-340999.184501831,-342757.468917478,-343022.68986726,343700
-331898.713002725,-335360.996416454,-341103.80911929,-342859.420963844,-343124.173680563,343800
-332012.180380224,-335471.976943358,-341208.426045514,-342961.369046779,-343225.654300262,343900
-332125.633521426,-335582.943894493,-341313.035292761,-343063.313174119,-343327.131733069,344000
-332239.072439585,-335693.897285259,-341417.63687327,-343165.25335368,-343428.605985684,344100
-332352.497147949,-335804.83713104,-341522.230799264,-343267.189593269,-343530.077064793,344200
-332465.907659756,-335915.763447204,-341626.817082947,-343369.121900672,-343631.544977069,344300
-332579.303988236,-336026.676249107,-341731.395736503,-343471.050283664,-343733.009729171,344400
-332692.686146608,-336137.57555209,-341835.966772101,-343572.974750006,-343834.471327743,344500
-332806.054148084,-336248.461371479,-341940.530201888,-343674.89530744,-343935.95054518,344600
-332919.408005865,-336359.333722583,-342045.086037998,-343776.811963698,-344037.434994714,344700
-333032.747733147,-336470.192620702,-342149.634292541,-343878.724726495,-344138.916181387,344800
-333146.073343112,-336581.038081115,-342254.174977614,-343980.63360353,-344240.394112211,344900
-333259.384848938,-336691.870119091,-342358.708105293,-344082.538602489,-344341.868794186,345000
-333372.68226379,-336802.688749882,-342463.233687638,-344184.439731045,-344443.340234296,345100
-333485.965600826,-336913.493988728,-342567.751736688,-344286.336996853,-344544.808439509,345200
-333599.234873196,-337024.285850851,-342672.262264467,-344388.230407555,-344646.273416783,345300
-333712.490094038,-337135.064351462,-342776.76528298,-344490.11997078,-344747.735173056,345400
-333825.731276485,-337245.829505755,-342881.260804214,-344592.005694139,-344849.193715256,345500
-333938.958433658,-337356.581328909,-342985.748840139,-344693.887585231,-344950.649050294,345600
-334052.17157867,-337467.319836092,-343090.229402704,-344795.765651641,-345052.101185066,345700
-334165.370724626,-337578.045042454,-343194.702503845,-344897.639900937,-345153.550126457,345800
-334278.555884621,-337688.756963132,-343299.168155476,-344999.510340675,-345254.995881334,345900
-334391.72707174,-337799.455613248,-343403.626369495,-345101.376978396,-345356.438456553,346000
-334504.884299063,-337910.14100791,-343508.077157783,-345203.239821625,-345457.873748209,346100
-334618.027579656,-338020.813162211,-343612.520532202,-345305.098877875,-345559.279666092,346200
-334731.15692658,-338131.152356263,-343716.956504595,-345406.954154644,-345660.682559013,346300
-334844.272352885,-338241.454000023,-343821.385086791,-345508.805659414,-345762.082433333,346400
-334957.373871612,-338351.743330039,-343925.797497375,-345610.653399655,-345863.479295395,346500
-335070.461495796,-338462.020359738,-344030.135271972,-345712.497382822,-345964.873151535,346600
-335183.535238458,-338572.285102537,-344134.46594944,-345814.337616355,-346066.264008072,346700
-335296.595112614,-338682.53757184,-344238.7895409,-345916.174107681,-346167.651871314,346800
-335409.641131271,-338792.991045946,-344343.106057457,-346018.006864212,-346269.036747555,346900
-335522.673307424,-338903.562542747,-344447.415510198,-346119.835893346,-346370.418643077,347000
-335635.691654062,-339014.155970231,-344551.717910195,-346221.661202468,-346471.79756415,347100
-335748.696184164,-339124.800645595,-344656.013268503,-346323.482798946,-346573.17351703,347200
-335861.686910701,-339235.431976512,-344760.301596162,-346425.300690138,-346674.546507959,347300
-335974.663846632,-339346.049978401,-344864.582904195,-346527.114883384,-346775.91654317,347400
-336087.62700491,-339456.65466667,-344968.819280986,-346628.925386013,-346877.28362888,347500
-336200.57639848,-339567.246056709,-345073.044008513,-346730.732205339,-346978.647771294,347600
-336313.512040274,-339677.824163896,-345177.261893407,-346832.535348661,-347080.008976606,347700
-336426.433943218,-339788.389003591,-345281.472946271,-346934.334823265,-347181.367250995,347800
-336539.342120229,-339898.94059114,-345385.677177696,-347036.130636423,-347282.722600629,347900
-336652.236584214,-340009.485037616,-345489.874598254,-347137.922795394,-347384.075031664,348000
-336765.117348072,-340120.018088862,-345594.065218504,-347239.711307422,-347485.424550241,348100
-336877.984424692,-340230.537913168,-345698.249048988,-347341.496179737,-347586.771162491,348200
-336990.837826954,-340341.044525859,-345802.46018945,-347443.26768273,-347688.114874531,348300
-337103.677567731,-340451.537942244,-345906.687273191,-347545.034862966,-347789.455692466,348400
-337216.503659885,-340562.018177617,-346010.907406787,-347646.798468314,-347890.793622389,348500
-337329.31611627,-340672.485247257,-346115.120601194,-347748.558505819,-347992.12867038,348600
-337442.11494973,-340782.939166429,-346219.326867348,-347850.314982512,-348093.460842506,348700
-337554.900173101,-340893.37995038,-346323.526216174,-347952.067905408,-348194.790144823,348800
-337667.671799211,-341003.807614346,-346427.718658575,-348053.817281512,-348296.116583374,348900
-337780.429840876,-341114.222173545,-346531.904205444,-348155.563117814,-348397.44016419,349000
-337893.174310907,-341224.62364318,-346636.082867652,-348257.305421291,-348498.760893288,349100
-338005.905222102,-341334.995095486,-346740.254656059,-348359.044198908,-348600.078776676,349200
-338118.622587254,-341445.271881922,-346844.419581507,-348460.779457614,-348701.393820346,349300
-338231.326419143,-341555.535883108,-346948.580260893,-348562.511204347,-348802.70603028,349400
-338344.016730544,-341665.7871137,-347052.784688118,-348664.239446033,-348904.020864354,349500
-338456.693534219,-341776.025588343,-347156.982104312,-348765.964189581,-349005.347914369,349600
-338569.356842925,-341886.251321667,-347261.172520701,-348867.68544189,-349106.672058017,349700
-338682.006669408,-341996.464328286,-347365.355948493,-348969.403209845,-349207.993301527,349800
-338794.643026404,-342106.664622802,-347469.532398877,-349071.117500317,-349309.311389663,349900
-338907.265926643,-342216.852219802,-347573.701883028,-349172.828320166,-349410.62448681,350000
-339019.875382843,-342327.027133859,-347677.864412103,-349274.535676237,-349511.934712841,350100
-339132.471407715,-342437.18937953,-347782.019997242,-349376.239575363,-349613.242073897,350200
-339245.05401396,-342547.338971361,-347886.16864957,-349477.940024364,-349714.546576109,350300
-339357.623214271,-342657.475923881,-347990.310380192,-349579.637030046,-349815.848225594,350400
-339470.179021331,-342767.600251606,-348094.445200199,-349681.330599204,-349917.147028454,350500
-339582.721447814,-342877.711969038,-348198.573120665,-349783.020738617,-350018.442990782,350600
-339695.250506387,-342987.811090664,-348302.694152646,-349884.707455055,-350119.736118656,350700
-339807.766209705,-343097.897630958,-348406.808307183,-349986.390755273,-350221.026418143,350800
-339920.268570417,-343207.971604379,-348510.915595299,-350088.070646012,-350322.313895295,350900
-340032.757601161,-343318.033025372,-348615.0811008,-350189.747134003,-350423.598556154,351000
-340145.233314567,-343428.081908369,-348719.254895921,-350291.420225961,-350524.880406747,351100
-340257.695723255,-343538.118267785,-348823.421577125,-350393.089928592,-350626.159453092,351200
-340370.144839837,-343648.142118023,-348927.581156086,-350494.756248585,-350727.43570119,351300
-340482.580676916,-343758.153473473,-349031.6367077,-350596.41919262,-350828.709157034,351400
-340595.003247086,-343868.152348508,-349135.670137439,-350698.078767362,-350929.9798266,351500
-340707.412562932,-343978.165023796,-349239.696888441,-350799.734979464,-351031.247715856,351600
-340819.80863703,-344088.190633343,-349343.716971322,-350901.387835567,-351132.512830755,351700
-340932.191481946,-344198.203669926,-349447.730396685,-351003.037342299,-351233.775177237,351800
-341044.561110239,-344308.204148115,-349551.70982103,-351104.705307806,-351335.034761233,351900
-341156.917534457,-344418.192082469,-349655.66794779,-351206.376676675,-351436.291588657,352000
-341269.260767141,-344528.167487531,-349759.643310694,-351308.044596915,-351537.545665416,352100
-341381.590820822,-344638.130377832,-349863.623280198,-351409.70907547,-351638.796997399,352200
-341493.907708021,-344748.080767885,-349967.596669026,-351511.370119269,-351740.045590489,352300
-341606.211441253,-344858.018672191,-350071.563487626,-351613.027735228,-351841.29145055,352400
-341718.50203302,-344967.944105236,-350175.523746427,-351714.681930248,-351942.53458344,352500
-341830.77949582,-345077.857081492,-350279.477455846,-351816.33271122,-352043.774995,352600
-341943.043842137,-345187.757615415,-350383.424626282,-351917.980085018,-352145.012691063,352700
-342055.295084449,-345297.495585755,-350487.365268119,-352019.624058505,-352246.239331234,352800
-342167.533235224,-345407.060457801,-350591.299391726,-352121.26463853,-352347.439757764,352900
-342279.758306923,-345516.613735619,-350695.227007457,-352222.901831928,-352448.637626209,353000
-342391.970311994,-345626.328667272,-350799.148125649,-352324.535645522,-352549.832941897,353100
-342504.16926288,-345736.083293095,-350903.062756625,-352426.166086119,-352651.025710147,353200
-342616.355172014,-345845.825783771,-351006.970910692,-352527.793160517,-352752.215936266,353300
-342728.528051818,-345955.556153244,-351110.872598142,-352629.416875497,-352853.40362555,353400
-342840.687914708,-346065.274415443,-351214.767829251,-352731.037237829,-352954.588783285,353500
-342952.834773088,-346174.980584285,-351318.679855189,-352832.654254269,-353055.771414748,353600
-343064.968639356,-346284.674673672,-351422.589337041,-352934.26793156,-353156.951525201,353700
-343177.0895259,-346394.356697493,-351526.492300965,-353035.878276431,-353258.1291199,353800
-343289.197445097,-346504.026669624,-351630.388757405,-353137.485295599,-353359.304204088,353900
-343401.292409318,-346613.684603925,-351734.27871679,-353239.088995768,-353460.476782997,354000
-343513.374430924,-346723.336484999,-351838.162189533,-353340.683226953,-353561.646861849,354100
-343625.443522267,-346832.997045482,-351942.03918603,-353442.265328861,-353662.814445857,354200
-343737.499695689,-346942.645540827,-352045.909716664,-353543.844194554,-353763.979540222,354300
-343849.542963525,-347052.281984969,-352149.7737918,-353645.419830489,-353865.142150133,354400
-343961.573338099,-347161.906391828,-352253.631421789,-353746.992243112,-353966.302280772,354500
-344073.590831727,-347271.518775309,-352357.482616965,-353848.561438857,-354067.459937307,354600
-344185.595456717,-347381.119149306,-352461.327387647,-353950.127424143,-354168.615124899,354700
-344297.587225367,-347490.707527698,-352565.165744139,-354051.69020538,-354269.767848695,354800
-344409.566149966,-347600.283924349,-352668.997696729,-354153.249788963,-354370.918113835,354900
-344521.532242794,-347709.848353111,-352772.823255689,-354254.806181275,-354472.088625391,355000
-344633.485516122,-347819.400827821,-352876.642431277,-354356.359388689,-354573.259280148,355100
-344745.425982213,-347928.941362304,-352980.455233733,-354457.909417564,-354674.42738063,355200
-344857.35365332,-348038.469970369,-353084.261673284,-354559.456274245,-354775.592932291,355300
-344969.268541688,-348147.986665812,-353188.061760141,-354660.999965068,-354876.755940577,355400
-345081.170659552,-348257.491462417,-353291.855504499,-354762.540496355,-354977.91641092,355500
-345193.060019138,-348366.984373952,-353395.642916537,-354864.077874416,-355079.074348743,355600
-345304.936632665,-348476.465414172,-353499.424006419,-354965.61210555,-355180.229759457,355700
-345416.80051234,-348585.93459682,-353603.198784296,-355067.143196041,-355281.38264846,355800
-345528.651670364,-348695.391935624,-353706.967260301,-355168.6811808,-355382.533021142,355900
-345640.490118927,-348804.837444296,-353810.729444553,-355270.220031001,-355483.680882879,356000
-345752.315870211,-348914.271136539,-353914.485347153,-355371.755700594,-355584.826239038,356100
-345864.128936388,-349023.693026039,-354018.234978191,-355473.288195999,-355685.969094973,356200
-345975.929329624,-349133.10312647,-354121.97834774,-355574.817523622,-355787.109456028,356300
-346087.717062072,-349242.50145149,-354225.715465856,-355676.343689856,-355888.247327536,356400
-346199.492145879,-349351.888014747,-354329.446342581,-355777.866386875,-355989.382714818,356500
-346311.254593181,-349461.262829873,-354433.170987944,-355879.38295918,-356090.515623184,356600
-346423.004416108,-349570.359026596,-354536.889411955,-355980.896402924,-356191.646057935,356700
-346534.741626777,-349679.265723583,-354640.601624612,-356082.406724409,-356292.774024359,356800
-346646.4662373,-349788.161849568,-354744.307635895,-356183.913929925,-356393.899527733,356900
-346758.178259778,-349897.047416055,-354848.002549694,-356285.418025747,-356495.022573324,357000
-346869.877706303,-350005.922434539,-354951.653085514,-356386.919018142,-356596.143166387,357100
-346981.564588958,-350114.786916504,-355055.297596223,-356488.416913362,-356697.261312167,357200
-347093.238919818,-350223.724090593,-355158.936091379,-356589.911717648,-356798.377015897,357300
-347204.900710949,-350332.951864266,-355262.568580528,-356691.403437227,-356899.490282802,357400
-347316.549974407,-350442.168154119,-355366.195073198,-356792.892078317,-357000.601118092,357500
-347428.18672224,-350551.372973385,-355469.815578906,-356894.372130216,-357101.709526969,357600
-347539.810966486,-350660.566335285,-355573.430107153,-356995.830797628,-357202.815514623,357700
-347651.422719177,-350769.748253024,-355677.038667428,-357097.286504503,-357303.919086235,357800
-347763.021992331,-350878.918739797,-355780.641269202,-357198.739256706,-357405.020246972,357900
-347874.608797963,-350988.077808784,-355884.237921935,-357300.189060087,-357506.119001992,358000
-347986.183148074,-351097.2422053,-355987.828635073,-357401.635920487,-357607.215356444,358100
-348097.745054658,-351206.423462974,-356091.413418045,-357503.079843735,-357708.309315464,358200
-348209.294529701,-351315.593227518,-356194.99228027,-357604.520835648,-357809.400884178,358300
-348320.83158518,-351424.751512271,-356298.565231149,-357705.958902035,-357910.490067701,358400
-348432.356233061,-351533.898330557,-356402.132280071,-357807.39404869,-358011.576871138,358500
-348543.868485304,-351643.033695687,-356505.693436412,-357908.826281399,-358112.661299583,358600
-348655.368353856,-351752.157620958,-356609.248709532,-358010.255605934,-358213.743358119,358700
-348766.85585066,-351861.270119655,-356712.798108777,-358111.682028059,-358314.823051819,358800
-348878.330987647,-351970.371205048,-356816.34164348,-358213.105553525,-358415.900385746,358900
-348989.793776739,-352079.460890396,-356919.87932296,-358314.526188073,-358516.975364951,359000
-349101.244229851,-352188.539188942,-357023.411156522,-358415.943937431,-358618.047994476,359100
-349212.682358887,-352297.434674092,-357126.937153457,-358517.35880732,-358719.118279352,359200
-349324.108175744,-352406.266276707,-357230.484416272,-358618.770803445,-358820.186224598,359300
-349435.521692308,-352515.087112241,-357334.084079038,-358720.184964718,-358921.251835225,359400
-349546.922920459,-352623.897192813,-357437.677639211,-358821.604013838,-359022.315116232,359500
-349658.311872064,-352732.696530527,-357541.265106766,-358923.020153182,-359123.376072608,359600
-349769.688558984,-352841.485137477,-357644.846491663,-359024.433388576,-359224.434709332,359700
-349881.052993072,-352950.263025743,-357748.421803844,-359125.843725835,-359325.491031373,359800
-349992.405186169,-353059.030207397,-357851.991053237,-359227.251170763,-359426.545043687,359900
-350103.74515011,-353167.786694497,-357955.554249756,-359328.655729152,-359527.596751223,360000
-350215.072896719,-353276.53249909,-358059.111403298,-359430.057406783,-359628.646158917,360100
-350326.388437811,-353385.267633211,-358162.662523746,-359531.456209427,-359729.693271698,360200
-350437.691785194,-353493.992108885,-358266.207620966,-359632.852142841,-359830.738094481,360300
-350548.982950667,-353602.705938122,-358369.74670481,-359734.245212775,-359931.780632174,360400
-350660.261946017,-353711.409132925,-358473.241279607,-359835.635424965,-360032.820889672,360500
-350771.528783026,-353820.101705281,-358576.67315248,-359937.022785135,-360133.858871862,360600
-350882.783473465,-353928.783667169,-358680.099368394,-360038.407299,-360234.894583619,360700
-350994.026029096,-354037.455030555,-358783.519936319,-360139.788972264,-360335.92802981,360800
-351105.256461673,-354146.138463186,-358886.934865211,-360241.167810619,-360436.95921529,360900
-351216.47478294,-354254.963793474,-358990.344164016,-360342.551248463,-360537.988144903,361000
-351327.681004634,-354363.77810788,-359093.747841664,-360443.933596117,-360639.014823487,361100
-351438.875138482,-354472.581419164,-359197.145907071,-360545.313087462,-360740.039255866,361200
-351550.057196201,-354581.373740074,-359300.538369143,-360646.689728264,-360841.061446854,361300
-351661.227189501,-354690.155083343,-359403.925236769,-360748.06352428,-360942.081401259,361400
-351772.385130082,-354798.925461691,-359507.306518827,-360849.434481254,-361043.099123874,361500
-351883.531029635,-354907.684887827,-359610.682224181,-360950.802604918,-361144.114619485,361600
-351994.664899843,-355016.433374447,-359714.052361682,-361052.167900995,-361245.127892867,361700
-352105.78675238,-355125.170934233,-359817.416940168,-361153.530375194,-361346.138948785,361800
-352216.896598911,-355233.897579855,-359920.775968462,-361254.890033217,-361447.147791995,361900
-352327.99445109,-355342.613323971,-360024.129455377,-361356.24688075,-361548.154427242,362000
-352439.080320566,-355451.318179225,-360127.47740971,-361457.600923471,-361649.158859262,362100
-352550.154218977,-355560.012158249,-360230.819840246,-361558.952167046,-361750.161092779,362200
-352661.216157952,-355668.695273662,-360334.156755757,-361660.300617131,-361851.161132511,362300
-352772.26614911,-355777.36753807,-360437.488165001,-361761.646279368,-361952.158983162,362400
-352883.304204065,-355886.028964068,-360540.802026915,-361862.989159392,-362053.154649429,362500
-352994.330334418,-355994.679564237,-360644.101685922,-361964.329262823,-362154.148135998,362600
-353105.344551764,-356103.319351144,-360747.395935838,-362065.666595272,-362255.139447546,362700
-353216.346867687,-356211.948337346,-360850.684785193,-362167.001162341,-362356.128588739,362800
-353327.337293764,-356320.566535385,-360953.968242502,-362268.332969617,-362457.115564235,362900
-353438.315841562,-356429.173957793,-361057.255857963,-362369.662022678,-362558.10037868,363000
-353549.282522639,-356537.770617086,-361160.577659516,-362470.988327091,-362659.083036713,363100
-353660.237348544,-356646.356525771,-361263.893927865,-362572.311888413,-362760.063542961,363200
-353771.18033082,-356754.93169634,-361367.204671887,-362673.632712189,-362861.041902042,363300
-353882.111480996,-356863.496141272,-361470.50990045,-362774.950803954,-362962.018118564,363400
-353993.030810598,-356972.049873036,-361573.809622404,-362876.26616923,-363062.992197128,363500
-354103.938331137,-357080.592904085,-361677.103846589,-362977.578813531,-363163.964142322,363600
-354214.834054121,-357189.125246863,-361780.39258183,-363078.888742358,-363264.933958726,363700
-354325.717991046,-357297.646913798,-361883.675836938,-363180.195961203,-363365.90165091,363800
-354436.626600175,-357406.157917309,-361986.953620712,-363281.500475546,-363466.867223436,363900
-354547.801604613,-357514.658269798,-362090.225941938,-363382.802290857,-363567.830680853,364000
-354658.964124774,-357623.14798366,-362193.492809387,-363484.101412595,-363668.792027703,364100
-354770.114173327,-357731.627071271,-362296.754231818,-363585.397484403,-363769.751268519,364200
-354881.251762933,-357840.095545001,-362400.010217976,-363686.689548637,-363870.708407824,364300
-354992.376906238,-357948.553417202,-362503.260776593,-363787.978942685,-363971.66345013,364400
-355103.489615884,-358057.000700218,-362606.505916388,-363889.265671942,-364072.616399941,364500
-355214.589904496,-358165.437406376,-362709.745646066,-363990.54974179,-364173.567261752,364600
-355325.677784693,-358273.863547995,-362812.979974321,-364091.831157604,-364274.516040048,364700
-355436.753269083,-358382.279137378,-362916.20890983,-364193.109924746,-364375.462739304,364800
-355547.816370261,-358490.684186818,-363019.43246126,-364294.386048568,-364476.407363986,364900
-355658.867100816,-358599.078708593,-363122.650637264,-364395.659534413,-364577.349918551,365000
-355769.905473321,-358707.462714971,-363225.863446481,-364496.930387611,-364678.290407447,365100
-355880.931500344,-358815.836218206,-363329.070897538,-364598.198613484,-364779.228835113,365200
-355991.945194439,-358924.199230541,-363432.272999048,-364699.464217342,-364880.165205976,365300
-356102.946568151,-359032.551764204,-363535.469759613,-364800.727204486,-364981.099524457,365400
-356213.935634015,-359140.893831414,-363638.661187818,-364901.987580204,-365082.031794966,365500
-356324.912404554,-359249.225444374,-363741.847292239,-365003.245349776,-365182.962021904,365600
-356435.876892283,-359357.546615278,-363845.028081436,-365104.500518472,-365283.890209664,365700
-356546.829109704,-359465.857356305,-363948.203563958,-365205.753091549,-365384.816362628,365800
-356657.76906931,-359574.157679623,-364051.37374834,-365307.003074257,-365485.74048517,365900
-356768.696783584,-359682.447597386,-364154.538643104,-365408.250471833,-365586.662581655,366000
-356879.612264998,-359790.727121739,-364257.69825676,-365509.495289505,-365687.582656437,366100
-356990.515526014,-359898.996264811,-364360.852597804,-365610.737532491,-365788.500713864,366200
-357101.406579083,-360007.25503872,-364464.001674719,-365711.977205998,-365889.416758271,366300
-357212.285436646,-360115.503455573,-364567.145495975,-365813.214315223,-365990.330793988,366400
-357323.152111135,-360223.741527462,-364670.284070031,-365914.448865353,-366091.242825334,366500
-357434.006614968,-360331.969266468,-364773.417405332,-366015.680861565,-366192.152856617,366600
-357544.848960557,-360440.186684661,-364876.545510308,-366116.910309025,-366293.06089214,366700
-357655.679160301,-360548.393794097,-364979.66839338,-366218.13721289,-366393.966936194,366800
-357766.497226588,-360656.614661023,-365082.786062952,-366319.361578307,-366494.870993062,366900
-357877.303171799,-360764.825657921,-365185.89852742,-366420.583410411,-366595.773067019,367000
-357988.097008302,-360873.026318412,-365289.005795164,-366521.802714329,-366696.673162328,367100
-358098.878748455,-360981.216654623,-365392.107874551,-366623.019495176,-366797.571283247,367200
-358209.648404606,-361089.396678666,-365495.204773936,-366724.23375806,-366898.467434022,367300
-358320.405989093,-361197.566402643,-365598.296501663,-366825.445508076,-366999.361618893,367400
-358431.151514243,-361305.725838644,-365701.38306606,-366926.654750309,-367100.253842087,367500
-358541.884992372,-361413.874998745,-365804.464475445,-367027.861489837,-367201.144107826,367600
-358652.606435789,-361522.01389501,-365907.540738123,-367129.065731726,-367302.032420321,367700
-358763.315856789,-361630.142539491,-366010.611862384,-367230.26748103,-367402.918783776,367800
-358874.013267659,-361738.260944228,-366113.677856509,-367331.466742798,-367503.803202384,367900
-358984.698680673,-361846.369121246,-366216.738728762,-367432.663522064,-367604.685680331,368000
-359095.372108098,-361954.467082562,-366319.794487399,-367533.857823856,-367705.566221793,368100
-359206.03356219,-362062.554840176,-366422.845140661,-367635.04965319,-367806.444830937,368200
-359316.683055192,-362170.63240608,-366525.890696776,-367736.239015073,-367907.321511924,368300
-359427.320599339,-362278.69979225,-366628.93116396,-367837.425914502,-368008.196268903,368400
-359537.946206857,-362386.757010651,-366731.966550417,-367938.610356464,-368109.069106015,368500
-359648.559889958,-362494.804073237,-366834.996864338,-368039.792345935,-368209.940027394,368600
-359759.161660848,-362602.840991947,-366938.022113902,-368140.971887885,-368310.809037165,368700
-359869.75971421,-362710.867778711,-367041.042307274,-368242.148987269,-368411.675759871,368800
-359980.360768508,-362818.884445443,-367144.057452609,-368343.323649037,-368512.539745918,368900
-360090.949892901,-362926.891004048,-367247.067558047,-368444.495878127,-368613.401838039,369000
-360201.527099643,-363034.887466417,-367350.072631718,-368545.665679467,-368714.262040305,369100
-360312.092400975,-363142.873844428,-367453.072681737,-368646.833057976,-368815.12035678,369200
-360422.645809132,-363250.850149949,-367556.067716208,-368747.998018563,-368915.97679152,369300
-360533.187336334,-363358.816394833,-367659.057743224,-368849.160566128,-369016.83134857,369400
-360643.716994795,-363466.772590924,-367762.042770862,-368950.320705561,-369117.684031971,369500
-360754.234796716,-363574.71875005,-367865.022807191,-369051.478441742,-369218.534845749,369600
-360864.740754287,-363682.65488403,-367967.997860265,-369152.633779542,-369319.383793929,369700
-360975.23487969,-363790.581004669,-368070.967715306,-369253.786723822,-369420.230880522,369800
-361085.717185095,-363898.497123761,-368173.920394902,-369354.937279434,-369521.076109532,369900
-361196.187682663,-364006.403253085,-368276.888648249,-369456.085451219,-369621.919484956,370000
-361306.646384543,-364114.299404413,-368379.85422008,-369557.228331215,-369722.761010782,370100
-361417.093302875,-364222.185589499,-368482.814813235,-369658.362350289,-369823.600690988,370200
-361527.528449787,-364330.061820088,-368585.770435784,-369759.494039461,-369924.438529546,370300
-361637.9518374,-364437.928107913,-368688.721095783,-369860.623403411,-370025.274530419,370400
-361748.363477821,-364545.784464694,-368791.666801278,-369961.750446813,-370126.10869756,370500
-361858.763383149,-364653.630902139,-368894.607560301,-370062.875174331,-370226.941034917,370600
-361969.151565471,-364761.467431943,-368997.543380873,-370163.997590619,-370327.771546426,370700
-362079.528036865,-364869.294065791,-369100.474271002,-370265.117700323,-370428.600236017,370800
-362189.892809399,-364977.110815353,-369203.400238684,-370366.235508079,-370529.427107612,370900
-362300.24589513,-365084.91769229,-369306.321291902,-370467.351018515,-370630.252165124,371000
-362410.587306103,-365192.714708248,-369409.237438627,-370568.464236249,-370731.075412457,371100
-362520.917054357,-365300.501874863,-369512.148686819,-370669.57516589,-370831.896853508,371200
-362631.235151916,-365408.279203758,-369615.055044423,-370770.683812039,-370932.716492166,371300
-362741.541610798,-365516.046706544,-369717.956519374,-370871.790179288,-371033.534332311,371400
-362851.836443006,-365623.804394821,-369820.853119595,-370972.894272218,-371134.350377815,371500
-362962.119660538,-365731.552280174,-369923.744852995,-371073.996095404,-371235.164632542,371600
-363072.391275377,-365839.290374178,-370026.631727473,-371175.09565341,-371335.977100349,371700
-363182.6512995,-365947.018688398,-370129.513750913,-371276.192950791,-371436.787785082,371800
-363292.899744869,-366054.737234383,-370232.390931191,-371377.287992095,-371537.596690583,371900
-363403.13662344,-366162.446023672,-370335.263276166,-371478.380781859,-371638.403820682,372000
-363513.361947157,-366270.145067791,-370438.130793688,-371579.471324614,-371739.209179203,372100
-363623.575727953,-366377.834378257,-370540.993491595,-371680.559624878,-371840.012769962,372200
-363733.777977753,-366485.51396657,-370643.851377712,-371781.645687163,-371940.814596766,372300
-363843.968708469,-366593.183844223,-370746.704459851,-371882.729515973,-372041.614663416,372400
-363954.147932005,-366700.844022693,-370849.552745815,-371983.8111158,-372142.412973703,372500
-364064.315660253,-366808.494513448,-370952.396243391,-372084.89049113,-372243.20953141,372600
-364174.471905096,-366916.135327942,-371055.234960357,-372185.96764644,-372344.004340314,372700
-364284.616678407,-367023.766477617,-371158.068904478,-372287.042586196,-372444.797404181,372800
-364394.749992048,-367131.387973906,-371260.898083508,-372388.115314858,-372545.588726773,372900
-364504.871857871,-367238.999828227,-371363.722505186,-372489.185836876,-372646.378311841,373000
-364614.982287718,-367346.602051987,-371466.542177243,-372590.254156691,-372747.166163129,373100
-364725.081293421,-367454.194656581,-371569.357107396,-372691.320278737,-372847.952284373,373200
-364835.168886801,-367561.777653392,-371672.167303349,-372792.384207436,-372948.736679302,373300
-364945.245079669,-367669.351053792,-371774.972772798,-372893.445947205,-373049.519351637,373400
-365055.309883826,-367776.91486914,-371877.773523422,-372994.505502451,-373150.30030509,373500
-365165.363311064,-367884.469110783,-371980.569562892,-373095.562877572,-373251.079543366,373600
-365275.405373162,-367992.013790057,-372083.360898866,-373196.618076957,-373351.857070163,373700
-365385.436081893,-368099.548918286,-372186.14753899,-373297.671104987,-373452.632889169,373800
-365495.455449015,-368207.074506782,-372288.929490899,-373398.721966036,-373553.407004066,373900
-365605.46348628,-368314.590566845,-372391.706762214,-373499.770664466,-373654.179418529,374000
-365715.460205427,-368422.097109763,-372494.479360546,-373600.817204634,-373754.950136224,374100
-365825.445618187,-368529.594146813,-372597.247293495,-373701.861590886,-373855.719160808,374200
-365935.419736278,-368637.081689258,-372700.00120471,-373802.903827561,-373956.486495933,374300
-366045.382571412,-368744.559748353,-372802.743765721,-373903.943918989,-374057.252145241,374400
-366155.334135287,-368852.028335337,-372905.481739451,-374004.98186949,-374158.016112369,374500
-366265.274439592,-368959.373715337,-373008.215133312,-374106.017683379,-374258.778400944,374600
-366375.203496008,-369066.674040161,-373110.943954705,-374207.05136496,-374359.539014586,374700
-366485.121316202,-369173.96531666,-373213.668211021,-374308.082918529,-374460.297956908,374800
-366595.027911835,-369281.247555295,-373316.387909638,-374409.112348373,-374561.055231514,374900
-366704.923294555,-369388.520766518,-373419.103057922,-374510.139658772,-374661.810842003,375000
-366814.807476,-369495.784960769,-373521.81366323,-374611.164853997,-374762.564791963,375100
-366924.680467801,-369603.040148478,-373624.519732906,-374712.187938311,-374863.317084978,375200
-367034.542281574,-369710.286340063,-373727.221274283,-374813.208915968,-374964.067724621,375300
-367144.392928929,-369817.403988671,-373829.918294683,-374914.227791214,-375064.8048234,375400
-367254.232421464,-369924.480677095,-373932.610801418,-375015.244568287,-375165.537329993,375500
-367364.060770767,-370031.548787576,-374035.298801785,-375116.259251416,-375266.26825946,375600
-367473.877988417,-370138.608329781,-374137.982303075,-375217.271844821,-375366.997615131,375700
-367583.684085981,-370245.65931337,-374240.661312563,-375318.282352717,-375467.72540033,375800
-367693.479075019,-370352.701747992,-374343.335837516,-375419.290779307,-375568.451618374,375900
-367803.262967077,-370459.735643286,-374446.005885189,-375520.297128788,-375669.176272574,376000
-367913.035773694,-370566.761008883,-374548.671462824,-375621.301405348,-375769.899366231,376100
-368022.797506398,-370673.777854403,-374651.332577656,-375722.303613167,-375870.620902644,376200
-368132.531747028,-370780.786189459,-374753.989236904,-375823.303756417,-375971.340885102,376300
-368241.957050573,-370887.78602365,-374856.64144778,-375924.300711336,-376072.059316887,376400
-368351.372051239,-370994.777366571,-374959.289217482,-376025.29531278,-376172.776201276,376500
-368460.776759286,-371101.760227804,-375061.932553198,-376126.287868107,-376273.491541539,376600
-368570.171184966,-371208.734616923,-375164.571462107,-376227.278381437,-376374.205340937,376700
-368679.555338521,-371315.700543491,-375267.205951373,-376328.266856884,-376474.917602728,376800
-368788.929230186,-371422.658017064,-375369.836028152,-376429.253298551,-376575.628330161,376900
-368898.292870186,-371529.640571443,-375472.461699587,-376530.237710536,-376676.337526478,377000
-369007.646268741,-371636.871730636,-375575.082972812,-376631.220096926,-376777.045194914,377100
-369116.989436058,-371744.093712599,-375677.69985495,-376732.200461802,-376877.751338701,377200
-369226.322382341,-371851.306528252,-375780.31235311,-376833.178809237,-376978.455961059,377300
-369335.64511778,-371958.510188502,-375882.920474393,-376934.155143295,-377079.159065205,377400
-369444.957652561,-372065.704704246,-375985.524225888,-377035.129468032,-377179.860654349,377500
-369554.424279235,-372172.890086367,-376088.123614674,-377136.101787498,-377280.560731692,377600
-369664.115761015,-372280.06634574,-376190.718647818,-377237.079148304,-377381.259300433,377700
-369773.796130158,-372387.233493225,-376293.309332377,-377338.05528114,-377481.956363758,377800
-369883.465398398,-372494.391539674,-376395.895675395,-377439.029387931,-377582.651924853,377900
-369993.123577462,-372601.540495924,-376498.477683909,-377540.001472795,-377683.351061699,378000
-370102.770679065,-372708.680372803,-376601.055364942,-377640.971539842,-377784.056796446,378100
-370212.40671491,-372815.811181127,-376703.628725507,-377741.939593176,-377884.76098033,378200
-370322.031696691,-372922.9329317,-376806.197772606,-377842.905636891,-377985.463616697,378300
-370431.645636092,-373030.008384807,-376908.762513232,-377943.869675074,-378086.164708887,378400
-370541.248544786,-373136.937120054,-377011.322954365,-378044.831711803,-378186.864260232,378500
-370650.840434434,-373243.857288796,-377113.879102974,-378145.79175115,-378287.562274057,378600
-370760.421316688,-373350.768900925,-377216.43096602,-378246.749797175,-378388.258753682,378700
-370869.991203191,-373457.671966323,-377318.97855045,-378347.705853935,-378488.953702417,378800
-370979.550105573,-373564.566494861,-377421.521863203,-378448.659925474,-378589.647123567,378900
-371089.098035455,-373671.452496403,-377524.060911206,-378549.612015832,-378690.339020429,379000
-371198.635004446,-373778.329980799,-377626.595701375,-378650.562129038,-378791.029396295,379100
-371308.161024147,-373885.198957891,-377729.126240616,-378751.510269116,-378891.718254447,379200
-371417.177393358,-373992.059437513,-377831.652535825,-378852.456440079,-378992.405598164,379300
-371526.059374762,-374098.911429485,-377934.174593885,-378953.400645934,-379093.091430713,379400
-371634.931894485,-374205.754943619,-378036.692421671,-379054.342890679,-379193.775755359,379500
-371743.794961668,-374312.589989717,-378139.206026046,-379155.283178306,-379294.458575357,379600
-371852.648585446,-374419.416577572,-378241.715413862,-379256.221512797,-379395.139893957,379700
-371961.492774949,-374526.234716965,-378344.220591962,-379357.157898127,-379495.819714401,379800
-372070.327539298,-374633.044417668,-378446.721567178,-379458.092338263,-379596.498039925,379900
-372179.152887606,-374739.845689444,-378549.218346329,-379559.024837164,-379697.174873756,380000
-372287.96882898,-374846.638542043,-378651.707894451,-379659.955398781,-379797.850219118,380100
-372396.775372521,-374953.422985208,-378754.186241284,-379760.884027058,-379898.524079225,380200
-372505.572527321,-375060.199028672,-378856.660446926,-379861.810725931,-379999.196457285,380300
-372614.360302466,-375166.966682156,-378959.13051807,-379962.735499327,-380099.867356501,380400
-372723.138707034,-375273.725955373,-379061.596461396,-380063.658351167,-380200.536780066,380500
-372831.907750096,-375380.476858025,-379164.058283578,-380164.579285363,-380301.204731169,380600
-372940.667440718,-375487.219399805,-379266.515991277,-380265.49830582,-380401.871212991,380700
-373049.417787955,-375593.953590394,-379368.969591144,-380366.416706717,-380502.536228708,380800
-373158.158800858,-375700.679439466,-379471.419089821,-380467.34111463,-380603.199781486,380900
-373266.89048847,-375807.418100167,-379573.864493939,-380568.263581343,-380703.861874487,381000
-373375.612859827,-375914.155283583,-379676.305810117,-380669.184110855,-380804.522510865,381100
-373484.325923957,-376020.884082087,-379778.743044968,-380770.102707154,-380905.181693769,381200
-373593.029689883,-376127.604505447,-379881.176205091,-380871.018673418,-381005.83942634,381300
-373701.724166618,-376234.316563419,-379983.605297077,-380971.932645518,-381106.495711712,381400
-373810.40936317,-376341.020265752,-380086.030327505,-381072.833991406,-381207.150553014,381500
-373919.085288539,-376447.715622182,-380188.451302947,-381173.719393014,-381307.803953367,381600
-374027.751951719,-376554.402642437,-380290.86822996,-381274.602093842,-381408.455915885,381700
-374136.409361695,-376661.081336235,-380393.281115097,-381375.482995983,-381509.106443677,381800
-374245.057527448,-376767.751713282,-380495.689964895,-381476.378690388,-381609.755539845,381900
-374353.696457948,-376874.413783276,-380598.094785886,-381577.273184053,-381710.403207484,382000
-374462.326162161,-376981.067555904,-380700.495584587,-381678.165817838,-381811.049449682,382100
-374570.946649045,-377087.713040843,-380802.89236751,-381779.056344236,-381911.694269521,382200
-374679.557927549,-377194.35024776,-380905.285141153,-381879.936121354,-382012.337670078,382300
-374788.160006619,-377300.979186313,-381007.674054421,-381980.81408838,-382112.979654421,382400
-374896.764377898,-377407.599866148,-381110.074106384,-382081.690248964,-382213.620225613,382500
-375005.539627961,-377514.212296904,-381212.470116,-382182.564606747,-382314.259386709,382600
-375114.305268023,-377620.816488206,-381314.862089862,-382283.437165362,-382414.897140761,382700
-375223.061307711,-377727.412449673,-381417.25003455,-382384.307928436,-382515.53349081,382800
-375331.807756641,-377834.000190912,-381519.633956636,-382485.17689959,-382616.168439894,382900
-375440.544624422,-377940.579721519,-381622.013862682,-382586.044082437,-382716.801991043,383000
-375549.271920656,-378047.151051083,-381724.389759237,-382686.90948058,-382817.434147281,383100
-375657.989654937,-378153.714189182,-381826.761652843,-382787.773097621,-382918.064911625,383200
-375766.697836848,-378260.269145381,-381929.129550031,-382888.634937149,-383018.694287088,383300
-375875.396475969,-378366.81592924,-382031.49345732,-382989.49500275,-383119.322276673,383400
-375984.085581867,-378473.354550306,-382133.85338122,-383090.353298001,-383219.948883379,383500
-376092.765164105,-378579.885018117,-382236.201468542,-383191.209826472,-383320.574110199,383600
-376201.435232236,-378686.407342201,-382338.538901046,-383292.064591727,-383421.197960119,383700
-376310.095795805,-378792.921532075,-382440.872419673,-383392.917597322,-383521.820436117,383800
-376418.762680049,-378899.427597248,-382543.202030767,-383493.768846807,-383622.441541167,383900
-376527.433915886,-379005.925547219,-382645.527740662,-383594.618343724,-383723.061278236,384000
-376636.095606446,-379112.415391475,-382747.849555681,-383695.466091609,-383823.679650285,384100
-376744.747761358,-379218.897139495,-382850.167482139,-383796.312093991,-383924.296660268,384200
-376853.390390241,-379325.370800748,-382952.48152634,-383897.156354391,-384024.912311134,384300
-376962.02350271,-379431.836384693,-383054.79169458,-383997.998876324,-384125.526605823,384400
-377070.647108369,-379538.293900779,-383157.097993144,-384098.839663298,-384226.139547273,384500
-377179.313045024,-379644.743358445,-383259.400428307,-384199.678718813,-384326.751138412,384600
-377288.260220747,-379751.184767121,-383361.699006334,-384300.516046365,-384427.361382164,384700
-377397.197108077,-379857.618136226,-383464.007462012,-384401.35164944,-384527.970281446,384800
-377506.123717955,-379964.043475169,-383566.327844117,-384502.185531519,-384628.577839168,384900
-377615.040061314,-380070.460793351,-383668.644285613,-384603.017696075,-384729.185151068,385000
-377723.946149073,-380176.870100163,-383770.956792986,-384703.848146576,-384829.793196553,385100
-377832.841992144,-380283.271404983,-383873.265372713,-384804.67688648,-384930.399895007,385200
-377941.727601428,-380389.664717184,-383975.58768451,-384905.503919242,-385031.005249361,385300
-378050.602987816,-380496.050046126,-384077.926284312,-385006.329248308,-385131.609262544,385400
-378159.468162189,-380602.42740116,-384180.26084337,-385107.152877117,-385232.211937476,385500
-378268.32313542,-380708.796791627,-384282.59136846,-385207.974809102,-385332.813277072,385600
-378377.182258507,-380815.15822686,-384384.911514941,-385308.79504769,-385433.41328424,385700
-378486.036390494,-380921.511716179,-384487.203646342,-385409.613596299,-385534.011961884,385800
-378594.880307609,-381027.857268897,-384589.491870552,-385510.430458343,-385634.609312897,385900
-378703.714020763,-381134.194894317,-384691.776194029,-385611.245637227,-385735.205340172,386000
-378812.537540857,-381240.524601731,-384794.041121562,-385712.05913635,-385835.800046591,386100
-378921.350878779,-381346.846400423,-384896.29752086,-385812.870959106,-385936.393435032,386200
-379030.15404541,-381453.160299665,-384998.55010885,-385913.681108881,-386036.985508367,386300
-379138.947051619,-381559.466308722,-385100.798891772,-386014.489589052,-386137.576269461,386400
-379247.729908268,-381665.764436846,-385203.043875853,-386115.296402994,-386238.165721173,386500
-379356.502626205,-381772.054693283,-385305.285067314,-386216.101554072,-386338.753866356,386600
-379465.26521627,-381878.337087268,-385407.522472363,-386316.905045645,-386439.340707858,386700
-379574.017689295,-381984.611628024,-385509.7560972,-386417.706881067,-386539.92624852,386800
-379682.760056097,-382090.878324768,-385611.985948014,-386518.507063683,-386640.510491176,386900
-379791.492327489,-382197.140872614,-385714.212030987,-386619.305596833,-386741.093438656,387000
-379900.214514269,-382303.414282143,-385816.434352288,-386720.10248385,-386841.675093782,387100
-380008.926627229,-382409.679815004,-385918.652918079,-386820.897728061,-386942.255459372,387200
-380117.628677147,-382515.93748049,-386020.867734511,-386921.691332786,-387042.834538236,387300
-380226.320674795,-382622.321897688,-386123.078807725,-387022.483301337,-387143.412333179,387400
-380335.002630932,-382728.832217672,-386225.286143855,-387123.273637023,-387243.988847001,387500
-380443.67455631,-382835.333981538,-386327.489749021,-387224.062343142,-387344.564082493,387600
-380552.336461668,-382941.82719992,-386429.689629337,-387324.84942299,-387445.138042444,387700
-380660.988357738,-383048.311883444,-386531.906848239,-387425.634879853,-387545.710729633,387800
-380769.630255239,-383154.788042721,-386634.127101559,-387526.418717013,-387646.282146837,387900
-380878.262164882,-383261.255688353,-386736.343551101,-387627.200937744,-387746.852296825,388000
-380986.884097369,-383367.718101425,-386838.55620319,-387727.981545314,-387847.421182359,388100
-381095.49606339,-383474.17995638,-386940.76506414,-387828.760542984,-387947.988806198,388200
-381204.098073627,-383580.633300016,-387042.970140253,-387929.537934011,-388048.555171092,388300
-381312.69013875,-383687.078142941,-387145.174000477,-388030.313721642,-388149.120279788,388400
-381421.27226942,-383793.514495751,-387247.385535594,-388131.092501736,-388249.684135025,388500
-381529.84447629,-383899.942369031,-387349.551955852,-388231.872131056,-388350.246739538,388600
-381638.406770001,-384006.361773352,-387451.710528481,-388332.650137073,-388450.808096054,388700
-381746.959161184,-384112.772719275,-387553.865456282,-388433.426523104,-388551.368207296,388800
-381855.501660462,-384219.175217348,-387656.016745224,-388534.201292458,-388651.92707598,388900
-381964.034278446,-384325.569278107,-387758.166619926,-388634.974448435,-388752.484704817,389000
-382072.557025738,-384431.954912077,-387860.330053645,-388735.745994333,-388853.041096511,389100
-382181.069912931,-384538.33212977,-387962.463694837,-388836.51593344,-388953.596253763,389200
-382289.572950608,-384644.700941686,-388064.5937451,-388937.284269037,-389054.150179266,389300
-382398.066149341,-384751.061358314,-388166.720210293,-389038.051004402,-389154.702875706,389400
-382506.549519692,-384857.413390131,-388268.843096266,-389138.816142804,-389255.254345767,389500
-382615.023072216,-384963.757047601,-388370.962408858,-389239.579687505,-389355.804592124,389600
-382723.486817455,-385070.092341177,-388473.078153902,-389340.341641762,-389456.353617447,389700
-382831.940765942,-385176.4192813,-388575.190337218,-389441.102008824,-389556.901424402,389800
-382940.384928202,-385282.737878399,-388677.298964621,-389541.860791936,-389657.448015648,389900
-383048.819314748,-385389.048142892,-388779.404041914,-389642.617994334,-389757.993393837,390000
-383157.243936084,-385495.350085184,-388881.523778641,-389743.373619248,-389858.537561618,390100
-383265.658802706,-385601.643715669,-388983.640360175,-389844.127669903,-389959.080521633,390200
-383374.063925096,-385707.929044727,-389085.753344795,-389944.880149517,-390059.622276519,390300
-383482.45931373,-385814.20608273,-389187.862738432,-390045.6310613,-390160.162828905,390400
-383590.844979074,-385920.474840036,-389289.968547006,-390146.380408457,-390260.702181418,390500
-383699.220931582,-386026.73532699,-389392.070776429,-390247.128194188,-390361.240336676,390600
-383807.5871817,-386132.987553928,-389494.169432604,-390347.874421684,-390461.777297295,390700
-383915.943739863,-386239.231531172,-389596.264521423,-390448.61909413,-390562.313065882,390800
-384024.290616499,-386345.467269034,-389698.356048769,-390549.362214707,-390662.84764504,390900
-384132.627822022,-386451.694777812,-389800.444020518,-390650.103786587,-390763.381037366,391000
-384240.955366841,-386557.914067795,-389902.528442535,-390750.843812936,-390863.913245452,391100
-384349.273261352,-386664.125149258,-390004.609320674,-390851.582296917,-390964.444173016,391200
-384457.581515941,-386770.328032465,-390106.686660783,-390952.319241681,-391064.973584579,391300
-384565.880140987,-386876.52272767,-390208.7604687,-391053.054650378,-391165.501821583,391400
-384674.169146857,-386982.709245113,-390310.830750251,-391153.788526149,-391266.028886592,391500
-384782.44854391,-387088.887595022,-390412.897511257,-391254.520872129,-391366.554782164,391600
-384890.718342494,-387195.057787616,-390514.960757527,-391355.251691448,-391467.07951085,391700
-384998.978552948,-387301.219833101,-390617.020494861,-391455.980987227,-391567.603075198,391800
-385107.229185601,-387407.37374167,-390719.076729052,-391556.708762585,-391668.125477749,391900
-385215.470250772,-387513.519523506,-390821.119825927,-391657.43502063,-391768.646721039,392000
-385323.701758771,-387619.65718878,-390923.152301422,-391758.159764467,-391869.166807599,392100
-385431.923719899,-387725.786747651,-391025.181349037,-391858.882997194,-391969.685739954,392200
-385540.136144445,-387831.908210267,-391127.20697438,-391959.604721904,-392070.203520624,392300
-385648.339042691,-387938.021586765,-391229.22918305,-392060.324941681,-392170.720152122,392400
-385756.532424908,-388044.126887268,-391331.247980638,-392161.043659605,-392271.235636959,392500
-385864.716301357,-388150.22412189,-391433.263372724,-392261.760878749,-392371.749977638,392600
-385972.890682291,-388256.313300733,-391535.275364884,-392362.476602181,-392472.263176657,392700
-386081.055577952,-388362.394433885,-391637.303922824,-392463.190832961,-392572.775236508,392800
-386189.210998573,-388468.467531426,-391739.337713497,-392563.903574145,-392673.286159681,392900
-386297.356954376,-388574.532603422,-391841.368021517,-392664.614828782,-392773.795948657,393000
-386405.493455575,-388680.589659929,-391943.394852677,-392765.324599914,-392874.304605913,393100
-386513.620512375,-388786.63871099,-392045.418212759,-392866.032890578,-392974.812133921,393200
-386621.738134969,-388892.679766638,-392147.438107536,-392966.739703804,-393075.318535147,393300
-386729.846333543,-388998.695590711,-392249.454542772,-393067.445042617,-393175.823812053,393400
-386837.945118272,-389104.362426071,-392351.467524223,-393168.148910037,-393276.327967095,393500
-386946.034499321,-389210.022247928,-392453.477057635,-393268.851309074,-393376.831002722,393600
-387054.114486846,-389315.675064439,-392555.483148743,-393369.552242737,-393477.332921381,393700
-387162.185090995,-389421.320883755,-392657.485803276,-393470.251714025,-393577.833725512,393800
-387270.246321904,-389526.959714016,-392759.474590864,-393570.949725932,-393678.33341755,393900
-387378.2981897,-389632.591563356,-392861.458580768,-393671.644756897,-393778.831999924,394000
-387486.340704501,-389738.216439898,-392963.439192649,-393772.338183061,-393879.324643841,394100
-387594.373876417,-389843.834351759,-393065.416432091,-393873.030165827,-393979.812305288,394200
-387702.397715545,-389949.445307045,-393167.39030467,-393973.720708145,-394080.29890319,394300
-387810.412231976,-390055.049313856,-393269.360815952,-394074.409812957,-394180.784439828,394400
-387918.417435788,-390160.646380282,-393371.327971496,-394175.097483201,-394281.268917477,394500
-388026.413337053,-390266.236514405,-393473.29177685,-394275.783721807,-394381.752338409,394600
-388134.399945831,-390371.819724299,-393575.252237556,-394376.468531701,-394482.234704891,394700
-388242.377272173,-390477.396018029,-393677.209359143,-394477.151915803,-394582.716019183,394800
-388350.345326122,-390582.965403651,-393779.163147136,-394577.833877027,-394683.196283544,394900
-388458.30411771,-390688.527889215,-393881.113607048,-394678.51441828,-394783.675500224,395000
-388566.253656959,-390794.083482759,-393983.060744385,-394779.193542465,-394884.153671472,395100
-388674.193953884,-390899.632192315,-394085.004564643,-394879.871252478,-394984.63079953,395200
-388782.125018488,-391005.174025908,-394186.94507331,-394980.547551209,-395085.106886637,395300
-388890.046860766,-391110.70899155,-394288.882275865,-395081.222441545,-395185.581935025,395400
-388997.959490703,-391216.23709725,-394390.816177779,-395181.895926363,-395286.055946924,395500
-389105.862918274,-391321.758351005,-394492.746784514,-395282.568008536,-395386.528924556,395600
-389213.757153446,-391427.272760804,-394594.674101522,-395383.238690934,-395487.000870142,395700
-389321.642206175,-391532.780334629,-394696.598134248,-395483.907976417,-395587.471785897,395800
-389429.51808641,-391638.281080453,-394798.518888128,-395584.575867842,-395687.941674029,395900
-389537.384804087,-391743.77500624,-394900.436368589,-395685.24236806,-395788.410536746,396000
-389645.242369135,-391849.262119948,-395002.35058105,-395785.907479914,-395888.878376246,396100
-389753.090791475,-391954.742429524,-395104.261530922,-395886.571206245,-395989.345194727,396200
-389860.930081014,-392060.215942907,-395206.169223604,-395987.233549886,-396089.810994379,396300
-389968.760247654,-392165.68266803,-395308.073664491,-396087.894513664,-396190.275777391,396400
-390076.581301286,-392271.142612814,-395409.974858966,-396188.554100402,-396290.739545943,396500
-390184.393251791,-392376.595785176,-395511.872812406,-396289.212312917,-396391.202302214,396600
-390292.196109041,-392482.042193021,-395613.767530177,-396389.869154019,-396491.664048377,396700
-390399.989882899,-392587.481844248,-395715.659017639,-396490.524626514,-396592.124786601,396800
-390507.77458322,-392692.914746746,-395817.53836104,-396591.178733201,-396692.584519049,396900
-390615.550219845,-392798.340908397,-395919.399366747,-396691.831476874,-396793.043247881,397000
-390723.316802612,-392903.760337075,-396021.257240978,-396792.482860323,-396893.500975253,397100
-390830.924329138,-393009.173040645,-396123.111988847,-396893.13288633,-396993.957703313,397200
-390938.428385698,-393114.579026964,-396224.963615461,-396993.781557672,-397094.413434209,397300
-391045.924002964,-393219.978303879,-396326.812125921,-397094.428877122,-397194.868170082,397400
-391153.41118973,-393325.370879233,-396428.657525317,-397195.074847446,-397295.321913068,397500
-391260.889954782,-393430.756760856,-396530.499818733,-397295.719471405,-397395.776012858,397600
-391368.360306897,-393536.135956574,-396632.339011245,-397396.362751753,-397496.233905695,397700
-391475.822254845,-393641.5084742,-396734.17510792,-397497.004691242,-397596.690784738,397800
-391583.420512814,-393746.874321544,-396836.008113817,-397597.645292614,-397697.146652197,397900
-391691.107032781,-393852.233506405,-396937.838033989,-397698.28455861,-397797.601510275,398000
-391798.784596426,-393957.586036573,-397039.66487348,-397798.922491962,-397898.055361171,398100
-391906.453213483,-394062.931919831,-397141.488637324,-397899.559095399,-397998.508207082,398200
-392014.112893675,-394168.271163955,-397243.309330551,-398000.194371642,-398098.960050197,398300
-392121.763646715,-394273.603776711,-397345.126958181,-398100.825020102,-398199.410892701,398400
-392229.405482307,-394378.929765857,-397446.941525225,-398201.4468178,-398299.860736775,398500
-392337.038410147,-394484.249139143,-397548.753036688,-398302.067341876,-398400.309584596,398600
-392444.6177928,-394589.562930035,-397650.561497567,-398402.686594889,-398500.757438335,398700
-392552.042425713,-394694.876030719,-397752.366912851,-398503.304579394,-398601.204300158,398800
-392659.458638539,-394800.18252017,-397854.16928752,-398603.921297941,-398701.650172229,398900
-392766.866440144,-394905.482406142,-397955.968626548,-398704.536753075,-398802.095056704,399000
-392874.265839387,-395010.775696381,-398057.7649349,-398805.150947336,-398902.538955738,399100
-392981.656845117,-395116.062398624,-398159.547998855,-398905.763883259,-399002.981871477,399200
-393089.039466177,-395221.3425206,-398261.326477323,-399006.375563374,-399103.423806067,399300
-393196.413711398,-395326.616070031,-398363.101980743,-399106.985990206,-399203.864761645,399400
-393303.779589609,-395431.883054628,-398464.874513946,-399207.595166275,-399304.304740348,399500
-393411.137109625,-395537.143482097,-398566.644081754,-399308.203094095,-399404.743744305,399600
-393518.486280256,-395642.397360134,-398668.410688984,-399408.809776178,-399505.181775642,399700
-393625.827110305,-395747.685114209,-398770.174340443,-399509.415215028,-399605.61883648,399800
-393733.159608563,-395853.122839459,-398871.935040932,-399610.019413146,-399706.054928935,399900
-393840.483783817,-395958.553519298,-398973.692795245,-399710.622373027,-399806.489934911,4e+05
-393947.799644844,-396063.977162379,-399075.447608168,-399811.224097162,-399906.923809121,400100
